2026-10-01T17:48:56.6040390Z Current runner version: '2.337.0'
2026-10-01T17:48:56.6088130Z ##[group]Runner Image Provisioner
2026-10-01T17:48:56.6090080Z Hosted Compute Agent
2026-10-01T17:48:56.6090600Z Version: 20260901.588
2026-10-01T17:48:56.6091110Z Commit: f88ec8081b781fac6c440065ac7ff9e710ce3d0b
2026-10-01T17:48:56.6091620Z Build Date: 2026-09-01T19:56:44Z
2026-10-01T17:48:56.6092070Z Worker ID: {12a48d80-c732-47b0-ae26-2dc230901da2}
2026-10-01T17:48:56.6092540Z Azure Region: westus
2026-10-01T17:48:56.6092940Z ##[endgroup]
2026-10-01T17:48:56.6094310Z ##[group]Operating System
2026-10-01T17:48:56.6094730Z macOS
2026-10-01T17:48:56.6095160Z 27.0
2026-10-01T17:48:56.6095550Z 26A428
2026-10-01T17:48:56.6095890Z ##[endgroup]
2026-10-01T17:48:56.6096340Z ##[group]Runner Image
2026-10-01T17:48:56.6096810Z Image: xcode-27-arm64
2026-10-01T17:48:56.6097210Z Version: 20260928.0222.1
2026-10-01T17:48:56.6098190Z Included Software: https://github.com/actions/runner-images/blob/xcode-27-arm64/20260928.0222/images/macos/xcode-27-arm64-Readme.md
2026-10-01T17:48:56.6099380Z Image Release: https://github.com/actions/runner-images/releases/tag/xcode-27-arm64%2F20260928.0222
2026-10-01T17:48:56.6100050Z ##[endgroup]
2026-10-01T17:48:56.6101030Z ##[group]GITHUB_TOKEN Permissions
2026-10-01T17:48:56.6102810Z Contents: read
2026-10-01T17:48:56.6103180Z Metadata: read
2026-10-01T17:48:56.6103550Z Packages: read
2026-10-01T17:48:56.6103910Z ##[endgroup]
2026-10-01T17:48:56.6105480Z Secret source: Actions
2026-10-01T17:48:56.6106060Z Cache mode: write
2026-10-01T17:48:56.6106620Z Prepare workflow directory
2026-10-01T17:48:56.6467260Z Prepare all required actions
2026-10-01T17:48:56.6558500Z Getting action download info
2026-10-01T17:48:57.1099990Z Download action repository 'actions/checkout@11d5960a326750d5838078e36cf38b85af677262' (SHA:11d5960a326750d5838078e36cf38b85af677262)
2026-10-01T17:48:57.4267070Z Download action repository 'actions/upload-artifact@ea165f8d65b6e75b540449e92b4886f43607fa02' (SHA:ea165f8d65b6e75b540449e92b4886f43607fa02)
2026-10-01T17:48:57.7789170Z Complete job name: ios-foundation
2026-10-01T17:48:57.8330250Z ##[group]Run actions/checkout@11d5960a326750d5838078e36cf38b85af677262
2026-10-01T17:48:57.8331120Z with:
2026-10-01T17:48:57.8331500Z   repository: WangPantopus/creator-platform
2026-10-01T17:48:57.8337250Z   token: ***
2026-10-01T17:48:57.8339260Z   ssh-strict: true
2026-10-01T17:48:57.8339820Z   ssh-user: git
2026-10-01T17:48:57.8340160Z   persist-credentials: true
2026-10-01T17:48:57.8340540Z   clean: true
2026-10-01T17:48:57.8340950Z   sparse-checkout-cone-mode: true
2026-10-01T17:48:57.8342320Z   fetch-depth: 1
2026-10-01T17:48:57.8342690Z   fetch-tags: false
2026-10-01T17:48:57.8343080Z   show-progress: true
2026-10-01T17:48:57.8344740Z   lfs: false
2026-10-01T17:48:57.8345110Z   submodules: false
2026-10-01T17:48:57.8345490Z   set-safe-directory: true
2026-10-01T17:48:57.8345870Z   allow-unsafe-pr-checkout: false
2026-10-01T17:48:57.8347180Z ##[endgroup]
2026-10-01T17:48:58.0607810Z Syncing repository: WangPantopus/creator-platform
2026-10-01T17:48:58.0610030Z ##[group]Getting Git version info
2026-10-01T17:48:58.0610710Z Working directory is '/Users/runner/work/creator-platform/creator-platform'
2026-10-01T17:48:58.0611560Z [command]/opt/homebrew/bin/git version
2026-10-01T17:48:58.0648660Z git version 2.55.0
2026-10-01T17:48:58.0660760Z ##[endgroup]
2026-10-01T17:48:58.0667620Z Copying '/Users/runner/.gitconfig' to '/Users/runner/work/_temp/a9b401b5-c163-428f-974b-83c447e54ca6/.gitconfig'
2026-10-01T17:48:58.0674880Z Temporarily overriding HOME='/Users/runner/work/_temp/a9b401b5-c163-428f-974b-83c447e54ca6' before making global git config changes
2026-10-01T17:48:58.0675900Z Adding repository directory to the temporary git global config as a safe directory
2026-10-01T17:48:58.0678370Z [command]/opt/homebrew/bin/git config --global --add safe.directory /Users/runner/work/creator-platform/creator-platform
2026-10-01T17:48:58.0806310Z Deleting the contents of '/Users/runner/work/creator-platform/creator-platform'
2026-10-01T17:48:58.0809350Z ##[group]Initializing the repository
2026-10-01T17:48:58.0812860Z [command]/opt/homebrew/bin/git init /Users/runner/work/creator-platform/creator-platform
2026-10-01T17:48:58.1059740Z hint: Using 'master' as the name for the initial branch. This default branch name
2026-10-01T17:48:58.1060970Z hint: will change to "main" in Git 3.0. To configure the initial branch name
2026-10-01T17:48:58.1061730Z hint: to use in all of your new repositories, which will suppress this warning,
2026-10-01T17:48:58.1062370Z hint: call:
2026-10-01T17:48:58.1062750Z hint:
2026-10-01T17:48:58.1063180Z hint: 	git config --global init.defaultBranch <name>
2026-10-01T17:48:58.1063640Z hint:
2026-10-01T17:48:58.1064150Z hint: Names commonly chosen instead of 'master' are 'main', 'trunk' and
2026-10-01T17:48:58.1064820Z hint: 'development'. The just-created branch can be renamed via this command:
2026-10-01T17:48:58.1065350Z hint:
2026-10-01T17:48:58.1065750Z hint: 	git branch -m <name>
2026-10-01T17:48:58.1066110Z hint:
2026-10-01T17:48:58.1066620Z hint: Disable this message with "git config set advice.defaultBranchName false"
2026-10-01T17:48:58.1067390Z Initialized empty Git repository in /Users/runner/work/creator-platform/creator-platform/.git/
2026-10-01T17:48:58.1070370Z [command]/opt/homebrew/bin/git remote add origin https://github.com/WangPantopus/creator-platform
2026-10-01T17:48:58.1163210Z ##[endgroup]
2026-10-01T17:48:58.1163950Z ##[group]Disabling automatic garbage collection
2026-10-01T17:48:58.1166570Z [command]/opt/homebrew/bin/git config --local gc.auto 0
2026-10-01T17:48:58.1238210Z ##[endgroup]
2026-10-01T17:48:58.1238910Z ##[group]Setting up auth
2026-10-01T17:48:58.1242890Z [command]/opt/homebrew/bin/git config --local --name-only --get-regexp core\.sshCommand
2026-10-01T17:48:58.1413240Z [command]/opt/homebrew/bin/git submodule foreach --recursive sh -c "git config --local --name-only --get-regexp 'core\.sshCommand' && git config --local --unset-all 'core.sshCommand' || :"
2026-10-01T17:48:58.3617090Z [command]/opt/homebrew/bin/git config --local --name-only --get-regexp http\.https\:\/\/github\.com\/\.extraheader
2026-10-01T17:48:58.3837530Z [command]/opt/homebrew/bin/git submodule foreach --recursive sh -c "git config --local --name-only --get-regexp 'http\.https\:\/\/github\.com\/\.extraheader' && git config --local --unset-all 'http.https://github.com/.extraheader' || :"
2026-10-01T17:48:58.5442900Z [command]/opt/homebrew/bin/git config --local --name-only --get-regexp ^includeIf\.gitdir:
2026-10-01T17:48:58.5497630Z [command]/opt/homebrew/bin/git submodule foreach --recursive git config --local --show-origin --name-only --get-regexp remote.origin.url
2026-10-01T17:48:58.6803480Z [command]/opt/homebrew/bin/git config --local http.https://github.com/.extraheader AUTHORIZATION: basic ***
2026-10-01T17:48:58.6913160Z ##[endgroup]
2026-10-01T17:48:58.6914180Z ##[group]Fetching the repository
2026-10-01T17:48:58.6927100Z [command]/opt/homebrew/bin/git -c protocol.version=2 fetch --no-tags --prune --no-recurse-submodules --depth=1 origin +1d775446604ad3402f83477dc659893377c19c44:refs/remotes/pull/36/merge
2026-10-01T17:49:03.7508340Z From https://github.com/WangPantopus/creator-platform
2026-10-01T17:49:03.7510230Z  * [new ref]         1d775446604ad3402f83477dc659893377c19c44 -> pull/36/merge
2026-10-01T17:49:03.7517910Z ##[endgroup]
2026-10-01T17:49:03.7519350Z ##[group]Determining the checkout info
2026-10-01T17:49:03.7520910Z ##[endgroup]
2026-10-01T17:49:03.7529730Z [command]/opt/homebrew/bin/git sparse-checkout disable
2026-10-01T17:49:03.7638670Z [command]/opt/homebrew/bin/git config --local --unset-all extensions.worktreeConfig
2026-10-01T17:49:03.7728150Z ##[group]Checking out the ref
2026-10-01T17:49:03.7728950Z [command]/opt/homebrew/bin/git checkout --progress --force refs/remotes/pull/36/merge
2026-10-01T17:49:04.8955030Z HEAD is now at 1d77544 Merge 4a3e6f690a85a9a9318a1a8bb692d8a1db09f8eb into c1c615e6ece53bff4bc6a47d7f4d332757df1295
2026-10-01T17:49:04.9027310Z ##[endgroup]
2026-10-01T17:49:04.9171270Z [command]/opt/homebrew/bin/git log -1 --format=%H
2026-10-01T17:49:04.9300540Z 1d775446604ad3402f83477dc659893377c19c44
2026-10-01T17:49:04.9620720Z ##[group]Run xcodebuild -version
2026-10-01T17:49:04.9621120Z [36;1mxcodebuild -version[0m
2026-10-01T17:49:04.9677770Z shell: /bin/bash -e {0}
2026-10-01T17:49:04.9678070Z ##[endgroup]
2026-10-01T17:49:05.6536250Z Xcode 27.0
2026-10-01T17:49:05.6572140Z Build version 27A266a
2026-10-01T17:49:05.6664860Z ##[group]Run swift test --package-path apps/ios
2026-10-01T17:49:05.6665260Z [36;1mswift test --package-path apps/ios[0m
2026-10-01T17:49:05.6708760Z shell: /bin/bash -e {0}
2026-10-01T17:49:05.6709110Z env:
2026-10-01T17:49:05.6709560Z   SNAPSHOT_ARTIFACTS: /Users/runner/work/creator-platform/creator-platform/artifacts/ios/snapshots
2026-10-01T17:49:05.6710040Z ##[endgroup]
2026-10-01T17:49:16.4135540Z Fetching https://github.com/pointfreeco/swift-snapshot-testing.git
2026-10-01T17:49:16.4141440Z Fetching https://github.com/pointfreeco/swift-issue-reporting
2026-10-01T17:49:17.1526300Z [1/6170] Fetching swift-issue-reporting
2026-10-01T17:49:17.9058620Z [6171/22669] Fetching swift-issue-reporting, swift-snapshot-testing
2026-10-01T17:49:20.1566950Z Fetched https://github.com/pointfreeco/swift-snapshot-testing.git (3.74s)
2026-10-01T17:49:20.1568790Z Fetched https://github.com/pointfreeco/swift-issue-reporting (3.74s)
2026-10-01T17:49:20.1730530Z Fetching https://github.com/swiftlang/swift-syntax
2026-10-01T17:49:20.1732130Z Fetching https://github.com/pointfreeco/swift-custom-dump
2026-10-01T17:49:20.6573170Z [1/5669] Fetching swift-custom-dump
2026-10-01T17:49:21.6590070Z [5670/85772] Fetching swift-custom-dump, swift-syntax
2026-10-01T17:49:24.2608160Z Fetched https://github.com/swiftlang/swift-syntax (4.09s)
2026-10-01T17:49:24.2629260Z Fetched https://github.com/pointfreeco/swift-custom-dump (4.09s)
2026-10-01T17:49:24.2867490Z Creating working copy for https://github.com/swiftlang/swift-syntax
2026-10-01T17:49:24.2873270Z Creating working copy for https://github.com/pointfreeco/swift-snapshot-testing.git
2026-10-01T17:49:24.4067950Z Creating working copy for https://github.com/pointfreeco/swift-custom-dump
2026-10-01T17:49:24.5538440Z Working copy of https://github.com/pointfreeco/swift-custom-dump resolved at 1.7.3
2026-10-01T17:49:24.5544830Z Creating working copy for https://github.com/pointfreeco/swift-issue-reporting
2026-10-01T17:49:24.6686190Z Working copy of https://github.com/pointfreeco/swift-snapshot-testing.git resolved at 1.19.6
2026-10-01T17:49:24.7012340Z Working copy of https://github.com/pointfreeco/swift-issue-reporting resolved at 2.1.1
2026-10-01T17:49:24.7216860Z Working copy of https://github.com/swiftlang/swift-syntax resolved at 604.0.0
2026-10-01T17:49:31.5462040Z Downloading package prebuilt https://download.swift.org/prebuilts/swift-syntax/604.0.0/swiftlang-6.4.0.34.1-macosx27.0-MacroSupport.zip
2026-10-01T17:49:31.6478790Z Downloaded https://download.swift.org/prebuilts/swift-syntax/604.0.0/swiftlang-6.4.0.34.1-macosx27.0-MacroSupport.zip (0.10s)
2026-10-01T17:49:32.5921240Z warning: 'ios': found 110 file(s) which are unhandled; explicitly declare them as resources or exclude from the target
2026-10-01T17:49:32.6022970Z     /Users/runner/work/creator-platform/creator-platform/apps/ios/Tests/QelvoraUITests/__Snapshots__/NativeSnapshotTests/testAuthorIdentitySurfaces.light.png
2026-10-01T17:49:32.6026290Z     /Users/runner/work/creator-platform/creator-platform/apps/ios/Tests/QelvoraUITests/__Snapshots__/NativeSnapshotTests/testAuthorIdentitySurfaces.night.png
2026-10-01T17:49:32.6027690Z     /Users/runner/work/creator-platform/creator-platform/apps/ios/Tests/QelvoraUITests/__Snapshots__/NativeSnapshotTests/testComponentCatalogThemes.AccessLines-light.png
2026-10-01T17:49:32.6031080Z     /Users/runner/work/creator-platform/creator-platform/apps/ios/Tests/QelvoraUITests/__Snapshots__/NativeSnapshotTests/testComponentCatalogThemes.AccessLines-night.png
2026-10-01T17:49:32.6032400Z     /Users/runner/work/creator-platform/creator-platform/apps/ios/Tests/QelvoraUITests/__Snapshots__/NativeSnapshotTests/testComponentCatalogThemes.AuditBanner-light.png
2026-10-01T17:49:32.6034670Z     /Users/runner/work/creator-platform/creator-platform/apps/ios/Tests/QelvoraUITests/__Snapshots__/NativeSnapshotTests/testComponentCatalogThemes.AuditBanner-night.png
2026-10-01T17:49:32.6036590Z     /Users/runner/work/creator-platform/creator-platform/apps/ios/Tests/QelvoraUITests/__Snapshots__/NativeSnapshotTests/testComponentCatalogThemes.AuthorLabel-light.png
2026-10-01T17:49:32.6038080Z     /Users/runner/work/creator-platform/creator-platform/apps/ios/Tests/QelvoraUITests/__Snapshots__/NativeSnapshotTests/testComponentCatalogThemes.AuthorLabel-night.png
2026-10-01T17:49:32.6039350Z     /Users/runner/work/creator-platform/creator-platform/apps/ios/Tests/QelvoraUITests/__Snapshots__/NativeSnapshotTests/testComponentCatalogThemes.Avatar-light.png
2026-10-01T17:49:32.6040500Z     /Users/runner/work/creator-platform/creator-platform/apps/ios/Tests/QelvoraUITests/__Snapshots__/NativeSnapshotTests/testComponentCatalogThemes.Avatar-night.png
2026-10-01T17:49:32.6041710Z     /Users/runner/work/creator-platform/creator-platform/apps/ios/Tests/QelvoraUITests/__Snapshots__/NativeSnapshotTests/testComponentCatalogThemes.Button-light.png
2026-10-01T17:49:32.6042890Z     /Users/runner/work/creator-platform/creator-platform/apps/ios/Tests/QelvoraUITests/__Snapshots__/NativeSnapshotTests/testComponentCatalogThemes.Button-night.png
2026-10-01T17:49:32.6044110Z     /Users/runner/work/creator-platform/creator-platform/apps/ios/Tests/QelvoraUITests/__Snapshots__/NativeSnapshotTests/testComponentCatalogThemes.CallChip-light.png
2026-10-01T17:49:32.6045420Z     /Users/runner/work/creator-platform/creator-platform/apps/ios/Tests/QelvoraUITests/__Snapshots__/NativeSnapshotTests/testComponentCatalogThemes.CallChip-night.png
2026-10-01T17:49:32.6046610Z     /Users/runner/work/creator-platform/creator-platform/apps/ios/Tests/QelvoraUITests/__Snapshots__/NativeSnapshotTests/testComponentCatalogThemes.CapacityHeader-light.png
2026-10-01T17:49:32.6047840Z     /Users/runner/work/creator-platform/creator-platform/apps/ios/Tests/QelvoraUITests/__Snapshots__/NativeSnapshotTests/testComponentCatalogThemes.CapacityHeader-night.png
2026-10-01T17:49:32.6049100Z     /Users/runner/work/creator-platform/creator-platform/apps/ios/Tests/QelvoraUITests/__Snapshots__/NativeSnapshotTests/testComponentCatalogThemes.CitationChip-light.png
2026-10-01T17:49:32.6050390Z     /Users/runner/work/creator-platform/creator-platform/apps/ios/Tests/QelvoraUITests/__Snapshots__/NativeSnapshotTests/testComponentCatalogThemes.CitationChip-night.png
2026-10-01T17:49:32.6051650Z     /Users/runner/work/creator-platform/creator-platform/apps/ios/Tests/QelvoraUITests/__Snapshots__/NativeSnapshotTests/testComponentCatalogThemes.Composer-light.png
2026-10-01T17:49:32.6052800Z     /Users/runner/work/creator-platform/creator-platform/apps/ios/Tests/QelvoraUITests/__Snapshots__/NativeSnapshotTests/testComponentCatalogThemes.Composer-night.png
2026-10-01T17:49:32.6053980Z     /Users/runner/work/creator-platform/creator-platform/apps/ios/Tests/QelvoraUITests/__Snapshots__/NativeSnapshotTests/testComponentCatalogThemes.ContextCard-light.png
2026-10-01T17:49:32.6055220Z     /Users/runner/work/creator-platform/creator-platform/apps/ios/Tests/QelvoraUITests/__Snapshots__/NativeSnapshotTests/testComponentCatalogThemes.ContextCard-night.png
2026-10-01T17:49:32.6056420Z     /Users/runner/work/creator-platform/creator-platform/apps/ios/Tests/QelvoraUITests/__Snapshots__/NativeSnapshotTests/testComponentCatalogThemes.Correction-light.png
2026-10-01T17:49:32.6057660Z     /Users/runner/work/creator-platform/creator-platform/apps/ios/Tests/QelvoraUITests/__Snapshots__/NativeSnapshotTests/testComponentCatalogThemes.Correction-night.png
2026-10-01T17:49:32.6058920Z     /Users/runner/work/creator-platform/creator-platform/apps/ios/Tests/QelvoraUITests/__Snapshots__/NativeSnapshotTests/testComponentCatalogThemes.Countdown-light.png
2026-10-01T17:49:32.6060410Z     /Users/runner/work/creator-platform/creator-platform/apps/ios/Tests/QelvoraUITests/__Snapshots__/NativeSnapshotTests/testComponentCatalogThemes.Countdown-night.png
2026-10-01T17:49:32.6061570Z     /Users/runner/work/creator-platform/creator-platform/apps/ios/Tests/QelvoraUITests/__Snapshots__/NativeSnapshotTests/testComponentCatalogThemes.Dialog-light.png
2026-10-01T17:49:32.6064150Z     /Users/runner/work/creator-platform/creator-platform/apps/ios/Tests/QelvoraUITests/__Snapshots__/NativeSnapshotTests/testComponentCatalogThemes.Dialog-night.png
2026-10-01T17:49:32.6065630Z     /Users/runner/work/creator-platform/creator-platform/apps/ios/Tests/QelvoraUITests/__Snapshots__/NativeSnapshotTests/testComponentCatalogThemes.DigestItem-light.png
2026-10-01T17:49:32.6067180Z     /Users/runner/work/creator-platform/creator-platform/apps/ios/Tests/QelvoraUITests/__Snapshots__/NativeSnapshotTests/testComponentCatalogThemes.DigestItem-night.png
2026-10-01T17:49:32.6068630Z     /Users/runner/work/creator-platform/creator-platform/apps/ios/Tests/QelvoraUITests/__Snapshots__/NativeSnapshotTests/testComponentCatalogThemes.EmailFrame-light.png
2026-10-01T17:49:32.6070860Z     /Users/runner/work/creator-platform/creator-platform/apps/ios/Tests/QelvoraUITests/__Snapshots__/NativeSnapshotTests/testComponentCatalogThemes.EmailFrame-night.png
2026-10-01T17:49:32.6072070Z     /Users/runner/work/creator-platform/creator-platform/apps/ios/Tests/QelvoraUITests/__Snapshots__/NativeSnapshotTests/testComponentCatalogThemes.EmptyState-light.png
2026-10-01T17:49:32.6073630Z     /Users/runner/work/creator-platform/creator-platform/apps/ios/Tests/QelvoraUITests/__Snapshots__/NativeSnapshotTests/testComponentCatalogThemes.EmptyState-night.png
2026-10-01T17:49:32.6074880Z     /Users/runner/work/creator-platform/creator-platform/apps/ios/Tests/QelvoraUITests/__Snapshots__/NativeSnapshotTests/testComponentCatalogThemes.EtaLine-light.png
2026-10-01T17:49:32.6076010Z     /Users/runner/work/creator-platform/creator-platform/apps/ios/Tests/QelvoraUITests/__Snapshots__/NativeSnapshotTests/testComponentCatalogThemes.EtaLine-night.png
2026-10-01T17:49:32.6077170Z     /Users/runner/work/creator-platform/creator-platform/apps/ios/Tests/QelvoraUITests/__Snapshots__/NativeSnapshotTests/testComponentCatalogThemes.IdentityStrip-light.png
2026-10-01T17:49:32.6078430Z     /Users/runner/work/creator-platform/creator-platform/apps/ios/Tests/QelvoraUITests/__Snapshots__/NativeSnapshotTests/testComponentCatalogThemes.IdentityStrip-night.png
2026-10-01T17:49:32.6079680Z     /Users/runner/work/creator-platform/creator-platform/apps/ios/Tests/QelvoraUITests/__Snapshots__/NativeSnapshotTests/testComponentCatalogThemes.IncludeList-light.png
2026-10-01T17:49:32.6080990Z     /Users/runner/work/creator-platform/creator-platform/apps/ios/Tests/QelvoraUITests/__Snapshots__/NativeSnapshotTests/testComponentCatalogThemes.IncludeList-night.png
2026-10-01T17:49:32.6082240Z     /Users/runner/work/creator-platform/creator-platform/apps/ios/Tests/QelvoraUITests/__Snapshots__/NativeSnapshotTests/testComponentCatalogThemes.InsteadMenu-light.png
2026-10-01T17:49:32.6083710Z     /Users/runner/work/creator-platform/creator-platform/apps/ios/Tests/QelvoraUITests/__Snapshots__/NativeSnapshotTests/testComponentCatalogThemes.InsteadMenu-night.png
2026-10-01T17:49:32.6085090Z     /Users/runner/work/creator-platform/creator-platform/apps/ios/Tests/QelvoraUITests/__Snapshots__/NativeSnapshotTests/testComponentCatalogThemes.LabelPreview-light.png
2026-10-01T17:49:32.6086180Z     /Users/runner/work/creator-platform/creator-platform/apps/ios/Tests/QelvoraUITests/__Snapshots__/NativeSnapshotTests/testComponentCatalogThemes.LabelPreview-night.png
2026-10-01T17:49:32.6087190Z     /Users/runner/work/creator-platform/creator-platform/apps/ios/Tests/QelvoraUITests/__Snapshots__/NativeSnapshotTests/testComponentCatalogThemes.Mark-light.png
2026-10-01T17:49:32.6088240Z     /Users/runner/work/creator-platform/creator-platform/apps/ios/Tests/QelvoraUITests/__Snapshots__/NativeSnapshotTests/testComponentCatalogThemes.Mark-night.png
2026-10-01T17:49:32.6090010Z     /Users/runner/work/creator-platform/creator-platform/apps/ios/Tests/QelvoraUITests/__Snapshots__/NativeSnapshotTests/testComponentCatalogThemes.MemoryChip-light.png
2026-10-01T17:49:32.6091110Z     /Users/runner/work/creator-platform/creator-platform/apps/ios/Tests/QelvoraUITests/__Snapshots__/NativeSnapshotTests/testComponentCatalogThemes.MemoryChip-night.png
2026-10-01T17:49:32.6092930Z     /Users/runner/work/creator-platform/creator-platform/apps/ios/Tests/QelvoraUITests/__Snapshots__/NativeSnapshotTests/testComponentCatalogThemes.Message-light.png
2026-10-01T17:49:32.6094020Z     /Users/runner/work/creator-platform/creator-platform/apps/ios/Tests/QelvoraUITests/__Snapshots__/NativeSnapshotTests/testComponentCatalogThemes.Message-night.png
2026-10-01T17:49:32.6095080Z     /Users/runner/work/creator-platform/creator-platform/apps/ios/Tests/QelvoraUITests/__Snapshots__/NativeSnapshotTests/testComponentCatalogThemes.ModeList-light.png
2026-10-01T17:49:32.6096110Z     /Users/runner/work/creator-platform/creator-platform/apps/ios/Tests/QelvoraUITests/__Snapshots__/NativeSnapshotTests/testComponentCatalogThemes.ModeList-night.png
2026-10-01T17:49:32.6097210Z     /Users/runner/work/creator-platform/creator-platform/apps/ios/Tests/QelvoraUITests/__Snapshots__/NativeSnapshotTests/testComponentCatalogThemes.Note-light.png
2026-10-01T17:49:32.6098330Z     /Users/runner/work/creator-platform/creator-platform/apps/ios/Tests/QelvoraUITests/__Snapshots__/NativeSnapshotTests/testComponentCatalogThemes.Note-night.png
2026-10-01T17:49:32.6099570Z     /Users/runner/work/creator-platform/creator-platform/apps/ios/Tests/QelvoraUITests/__Snapshots__/NativeSnapshotTests/testComponentCatalogThemes.Notice-light.png
2026-10-01T17:49:32.6100780Z     /Users/runner/work/creator-platform/creator-platform/apps/ios/Tests/QelvoraUITests/__Snapshots__/NativeSnapshotTests/testComponentCatalogThemes.Notice-night.png
2026-10-01T17:49:32.6102060Z     /Users/runner/work/creator-platform/creator-platform/apps/ios/Tests/QelvoraUITests/__Snapshots__/NativeSnapshotTests/testComponentCatalogThemes.NotificationRow-light.png
2026-10-01T17:49:32.6103310Z     /Users/runner/work/creator-platform/creator-platform/apps/ios/Tests/QelvoraUITests/__Snapshots__/NativeSnapshotTests/testComponentCatalogThemes.NotificationRow-night.png
2026-10-01T17:49:32.6104490Z     /Users/runner/work/creator-platform/creator-platform/apps/ios/Tests/QelvoraUITests/__Snapshots__/NativeSnapshotTests/testComponentCatalogThemes.QueueCard-light.png
2026-10-01T17:49:32.6105760Z     /Users/runner/work/creator-platform/creator-platform/apps/ios/Tests/QelvoraUITests/__Snapshots__/NativeSnapshotTests/testComponentCatalogThemes.QueueCard-night.png
2026-10-01T17:49:32.6107000Z     /Users/runner/work/creator-platform/creator-platform/apps/ios/Tests/QelvoraUITests/__Snapshots__/NativeSnapshotTests/testComponentCatalogThemes.ReactionChip-light.png
2026-10-01T17:49:32.6108090Z     /Users/runner/work/creator-platform/creator-platform/apps/ios/Tests/QelvoraUITests/__Snapshots__/NativeSnapshotTests/testComponentCatalogThemes.ReactionChip-night.png
2026-10-01T17:49:32.6229590Z     /Users/runner/work/creator-platform/creator-platform/apps/ios/Tests/QelvoraUITests/__Snapshots__/NativeSnapshotTests/testComponentCatalogThemes.Receipt-light.png
2026-10-01T17:49:32.6230710Z     /Users/runner/work/creator-platform/creator-platform/apps/ios/Tests/QelvoraUITests/__Snapshots__/NativeSnapshotTests/testComponentCatalogThemes.Receipt-night.png
2026-10-01T17:49:32.6231910Z     /Users/runner/work/creator-platform/creator-platform/apps/ios/Tests/QelvoraUITests/__Snapshots__/NativeSnapshotTests/testComponentCatalogThemes.RequestStatus-light.png
2026-10-01T17:49:32.6233820Z     /Users/runner/work/creator-platform/creator-platform/apps/ios/Tests/QelvoraUITests/__Snapshots__/NativeSnapshotTests/testComponentCatalogThemes.RequestStatus-night.png
2026-10-01T17:49:32.6235050Z     /Users/runner/work/creator-platform/creator-platform/apps/ios/Tests/QelvoraUITests/__Snapshots__/NativeSnapshotTests/testComponentCatalogThemes.ReservedLabel-light.png
2026-10-01T17:49:32.6236840Z     /Users/runner/work/creator-platform/creator-platform/apps/ios/Tests/QelvoraUITests/__Snapshots__/NativeSnapshotTests/testComponentCatalogThemes.ReservedLabel-night.png
2026-10-01T17:49:32.6238240Z     /Users/runner/work/creator-platform/creator-platform/apps/ios/Tests/QelvoraUITests/__Snapshots__/NativeSnapshotTests/testComponentCatalogThemes.Seal-light.png
2026-10-01T17:49:32.6239310Z     /Users/runner/work/creator-platform/creator-platform/apps/ios/Tests/QelvoraUITests/__Snapshots__/NativeSnapshotTests/testComponentCatalogThemes.Seal-night.png
2026-10-01T17:49:32.6240410Z     /Users/runner/work/creator-platform/creator-platform/apps/ios/Tests/QelvoraUITests/__Snapshots__/NativeSnapshotTests/testComponentCatalogThemes.Segmented-light.png
2026-10-01T17:49:32.6241420Z     /Users/runner/work/creator-platform/creator-platform/apps/ios/Tests/QelvoraUITests/__Snapshots__/NativeSnapshotTests/testComponentCatalogThemes.Segmented-night.png
2026-10-01T17:49:32.6242480Z     /Users/runner/work/creator-platform/creator-platform/apps/ios/Tests/QelvoraUITests/__Snapshots__/NativeSnapshotTests/testComponentCatalogThemes.ShareCard-light.png
2026-10-01T17:49:32.6243500Z     /Users/runner/work/creator-platform/creator-platform/apps/ios/Tests/QelvoraUITests/__Snapshots__/NativeSnapshotTests/testComponentCatalogThemes.ShareCard-night.png
2026-10-01T17:49:32.6244600Z     /Users/runner/work/creator-platform/creator-platform/apps/ios/Tests/QelvoraUITests/__Snapshots__/NativeSnapshotTests/testComponentCatalogThemes.Sheet-light.png
2026-10-01T17:49:32.6245570Z     /Users/runner/work/creator-platform/creator-platform/apps/ios/Tests/QelvoraUITests/__Snapshots__/NativeSnapshotTests/testComponentCatalogThemes.Sheet-night.png
2026-10-01T17:49:32.6249200Z     /Users/runner/work/creator-platform/creator-platform/apps/ios/Tests/QelvoraUITests/__Snapshots__/NativeSnapshotTests/testComponentCatalogThemes.Sidebar-light.png
2026-10-01T17:49:32.6251980Z     /Users/runner/work/creator-platform/creator-platform/apps/ios/Tests/QelvoraUITests/__Snapshots__/NativeSnapshotTests/testComponentCatalogThemes.Sidebar-night.png
2026-10-01T17:49:32.6254820Z     /Users/runner/work/creator-platform/creator-platform/apps/ios/Tests/QelvoraUITests/__Snapshots__/NativeSnapshotTests/testComponentCatalogThemes.SignedMarker-light.png
2026-10-01T17:49:32.6257710Z     /Users/runner/work/creator-platform/creator-platform/apps/ios/Tests/QelvoraUITests/__Snapshots__/NativeSnapshotTests/testComponentCatalogThemes.SignedMarker-night.png
2026-10-01T17:49:32.6260790Z     /Users/runner/work/creator-platform/creator-platform/apps/ios/Tests/QelvoraUITests/__Snapshots__/NativeSnapshotTests/testComponentCatalogThemes.SigningSheet-light.png
2026-10-01T17:49:32.6263980Z     /Users/runner/work/creator-platform/creator-platform/apps/ios/Tests/QelvoraUITests/__Snapshots__/NativeSnapshotTests/testComponentCatalogThemes.SigningSheet-night.png
2026-10-01T17:49:32.6266790Z     /Users/runner/work/creator-platform/creator-platform/apps/ios/Tests/QelvoraUITests/__Snapshots__/NativeSnapshotTests/testComponentCatalogThemes.Skeleton-light.png
2026-10-01T17:49:32.6269690Z     /Users/runner/work/creator-platform/creator-platform/apps/ios/Tests/QelvoraUITests/__Snapshots__/NativeSnapshotTests/testComponentCatalogThemes.Skeleton-night.png
2026-10-01T17:49:32.6272470Z     /Users/runner/work/creator-platform/creator-platform/apps/ios/Tests/QelvoraUITests/__Snapshots__/NativeSnapshotTests/testComponentCatalogThemes.SourceRow-light.png
2026-10-01T17:49:32.6275190Z     /Users/runner/work/creator-platform/creator-platform/apps/ios/Tests/QelvoraUITests/__Snapshots__/NativeSnapshotTests/testComponentCatalogThemes.SourceRow-night.png
2026-10-01T17:49:32.6278400Z     /Users/runner/work/creator-platform/creator-platform/apps/ios/Tests/QelvoraUITests/__Snapshots__/NativeSnapshotTests/testComponentCatalogThemes.SpendLimit-light.png
2026-10-01T17:49:32.6279740Z     /Users/runner/work/creator-platform/creator-platform/apps/ios/Tests/QelvoraUITests/__Snapshots__/NativeSnapshotTests/testComponentCatalogThemes.SpendLimit-night.png
2026-10-01T17:49:32.6283180Z     /Users/runner/work/creator-platform/creator-platform/apps/ios/Tests/QelvoraUITests/__Snapshots__/NativeSnapshotTests/testComponentCatalogThemes.StepIn-light.png
2026-10-01T17:49:32.6284850Z     /Users/runner/work/creator-platform/creator-platform/apps/ios/Tests/QelvoraUITests/__Snapshots__/NativeSnapshotTests/testComponentCatalogThemes.StepIn-night.png
2026-10-01T17:49:32.6286150Z     /Users/runner/work/creator-platform/creator-platform/apps/ios/Tests/QelvoraUITests/__Snapshots__/NativeSnapshotTests/testComponentCatalogThemes.StudioTabBar-light.png
2026-10-01T17:49:32.6287220Z     /Users/runner/work/creator-platform/creator-platform/apps/ios/Tests/QelvoraUITests/__Snapshots__/NativeSnapshotTests/testComponentCatalogThemes.StudioTabBar-night.png
2026-10-01T17:49:32.6288260Z     /Users/runner/work/creator-platform/creator-platform/apps/ios/Tests/QelvoraUITests/__Snapshots__/NativeSnapshotTests/testComponentCatalogThemes.SystemLine-light.png
2026-10-01T17:49:32.6289930Z     /Users/runner/work/creator-platform/creator-platform/apps/ios/Tests/QelvoraUITests/__Snapshots__/NativeSnapshotTests/testComponentCatalogThemes.SystemLine-night.png
2026-10-01T17:49:32.6291110Z     /Users/runner/work/creator-platform/creator-platform/apps/ios/Tests/QelvoraUITests/__Snapshots__/NativeSnapshotTests/testComponentCatalogThemes.TabBar-light.png
2026-10-01T17:49:32.6292370Z     /Users/runner/work/creator-platform/creator-platform/apps/ios/Tests/QelvoraUITests/__Snapshots__/NativeSnapshotTests/testComponentCatalogThemes.TabBar-night.png
2026-10-01T17:49:32.6293480Z     /Users/runner/work/creator-platform/creator-platform/apps/ios/Tests/QelvoraUITests/__Snapshots__/NativeSnapshotTests/testComponentCatalogThemes.TermsBlock-light.png
2026-10-01T17:49:32.6295100Z     /Users/runner/work/creator-platform/creator-platform/apps/ios/Tests/QelvoraUITests/__Snapshots__/NativeSnapshotTests/testComponentCatalogThemes.TermsBlock-night.png
2026-10-01T17:49:32.6296250Z     /Users/runner/work/creator-platform/creator-platform/apps/ios/Tests/QelvoraUITests/__Snapshots__/NativeSnapshotTests/testComponentCatalogThemes.TestConsole-light.png
2026-10-01T17:49:32.6297310Z     /Users/runner/work/creator-platform/creator-platform/apps/ios/Tests/QelvoraUITests/__Snapshots__/NativeSnapshotTests/testComponentCatalogThemes.TestConsole-night.png
2026-10-01T17:49:32.6298620Z     /Users/runner/work/creator-platform/creator-platform/apps/ios/Tests/QelvoraUITests/__Snapshots__/NativeSnapshotTests/testComponentCatalogThemes.ThreadHeader-light.png
2026-10-01T17:49:32.6299590Z     /Users/runner/work/creator-platform/creator-platform/apps/ios/Tests/QelvoraUITests/__Snapshots__/NativeSnapshotTests/testComponentCatalogThemes.ThreadHeader-night.png
2026-10-01T17:49:32.6301270Z     /Users/runner/work/creator-platform/creator-platform/apps/ios/Tests/QelvoraUITests/__Snapshots__/NativeSnapshotTests/testComponentCatalogThemes.Toast-light.png
2026-10-01T17:49:32.6302240Z     /Users/runner/work/creator-platform/creator-platform/apps/ios/Tests/QelvoraUITests/__Snapshots__/NativeSnapshotTests/testComponentCatalogThemes.Toast-night.png
2026-10-01T17:49:32.6303360Z     /Users/runner/work/creator-platform/creator-platform/apps/ios/Tests/QelvoraUITests/__Snapshots__/NativeSnapshotTests/testComponentCatalogThemes.VersionList-light.png
2026-10-01T17:49:32.6304660Z     /Users/runner/work/creator-platform/creator-platform/apps/ios/Tests/QelvoraUITests/__Snapshots__/NativeSnapshotTests/testComponentCatalogThemes.VersionList-night.png
2026-10-01T17:49:32.6305830Z     /Users/runner/work/creator-platform/creator-platform/apps/ios/Tests/QelvoraUITests/__Snapshots__/NativeSnapshotTests/testComponentCatalogThemes.VoiceNote-light.png
2026-10-01T17:49:32.6306930Z     /Users/runner/work/creator-platform/creator-platform/apps/ios/Tests/QelvoraUITests/__Snapshots__/NativeSnapshotTests/testComponentCatalogThemes.VoiceNote-night.png
2026-10-01T17:49:32.6307990Z     /Users/runner/work/creator-platform/creator-platform/apps/ios/Tests/QelvoraUITests/__Snapshots__/NativeSnapshotTests/testWelcomeThemes.light.png
2026-10-01T17:49:32.6309890Z     /Users/runner/work/creator-platform/creator-platform/apps/ios/Tests/QelvoraUITests/__Snapshots__/NativeSnapshotTests/testWelcomeThemes.night.png
2026-10-01T17:49:39.3053000Z Building for debugging...
2026-10-01T17:49:39.3063640Z [Provisioning 4 / 8]
2026-10-01T17:49:39.4223180Z [Pre-planning 1 / 183]
2026-10-01T17:49:39.6190880Z [Planning deferred tasks]
2026-10-01T17:49:39.7242040Z [48 / 104] QelvoraNative_QelvoraUI
2026-10-01T17:49:39.8241970Z [61 / 104] QelvoraNative_QelvoraUI
2026-10-01T17:49:46.9481880Z [64 / 104]
2026-10-01T17:49:49.2020760Z [66 / 106] SnapshotTesting
2026-10-01T17:49:49.3101610Z [69 / 223]
2026-10-01T17:49:49.4695230Z [73 / 280]
2026-10-01T17:49:49.6194560Z [79 / 280]
2026-10-01T17:49:49.7611360Z [85 / 280]
2026-10-01T17:49:49.8672510Z [88 / 280]
2026-10-01T17:49:50.0069850Z [92 / 280]
2026-10-01T17:49:50.1525150Z [99 / 280]
2026-10-01T17:49:50.2982250Z [103 / 280]
2026-10-01T17:49:50.4423370Z [109 / 280]
2026-10-01T17:49:50.7271050Z [112 / 280]
2026-10-01T17:49:50.8621780Z [115 / 280]
2026-10-01T17:49:51.2241690Z [117 / 280]
2026-10-01T17:49:51.3851490Z [120 / 280]
2026-10-01T17:49:51.4959980Z [123 / 280]
2026-10-01T17:49:51.6522550Z [127 / 280]
2026-10-01T17:49:51.7529780Z [131 / 280]
2026-10-01T17:49:51.8816740Z [133 / 280]
2026-10-01T17:49:52.0351280Z [137 / 280]
2026-10-01T17:49:52.1555370Z [141 / 280]
2026-10-01T17:49:52.2762700Z [144 / 280]
2026-10-01T17:49:52.3774310Z [148 / 280]
2026-10-01T17:49:52.5093100Z [150 / 280]
2026-10-01T17:49:52.6140750Z [154 / 280]
2026-10-01T17:49:52.7966370Z [158 / 280]
2026-10-01T17:49:52.9229390Z [160 / 280]
2026-10-01T17:49:53.0336840Z [161 / 280]
2026-10-01T17:49:53.2150600Z [164 / 280]
2026-10-01T17:49:53.4908100Z [168 / 280]
2026-10-01T17:49:53.6448520Z [172 / 280]
2026-10-01T17:49:53.7406490Z [175 / 280]
2026-10-01T17:49:53.8458560Z [179 / 280]
2026-10-01T17:49:53.9809870Z [182 / 280]
2026-10-01T17:49:54.0859840Z [186 / 280]
2026-10-01T17:49:54.2366780Z [190 / 280]
2026-10-01T17:49:54.3874040Z [193 / 280]
2026-10-01T17:49:54.5218850Z [197 / 280]
2026-10-01T17:49:54.6573160Z [201 / 280]
2026-10-01T17:49:54.7632790Z [203 / 280]
2026-10-01T17:49:54.8765640Z [206 / 280]
2026-10-01T17:49:55.0534540Z [209 / 280]
2026-10-01T17:49:55.1837800Z [212 / 280]
2026-10-01T17:49:55.4332640Z [214 / 280]
2026-10-01T17:49:55.7333140Z [217 / 280]
2026-10-01T17:49:55.8872730Z [221 / 280] QelvoraUI
2026-10-01T17:49:56.6749670Z [223 / 280] QelvoraUI
2026-10-01T17:49:56.8306580Z [224 / 280]
2026-10-01T17:49:56.9513390Z [225 / 280]
2026-10-01T17:49:57.3045500Z [227 / 280]
2026-10-01T17:49:57.4735860Z [228 / 280]
2026-10-01T17:49:57.6252650Z [229 / 280]
2026-10-01T17:49:57.8400560Z [230 / 280]
2026-10-01T17:49:58.2958590Z [232 / 280]
2026-10-01T17:49:58.4759090Z [233 / 280]
2026-10-01T17:49:58.6873460Z [234 / 280]
2026-10-01T17:50:03.4344950Z [236 / 280] SnapshotTesting
2026-10-01T17:50:03.4448300Z /Users/runner/work/creator-platform/creator-platform/apps/ios/Sources/QelvoraUI/Trust.swift:23:93: [1;33mwarning: [1;39mno 'async' operations occur within 'await' expression[0;0m [#]8;;https://docs.swift.org/compiler/documentation/diagnostics/unnecessary-effect-marker\UnnecessaryEffectMarker]8;;\]
2026-10-01T17:50:03.4550430Z  [0;36m21 |[0;0m     public let baseURL: URL
2026-10-01T17:50:03.4651950Z  [0;36m22 |[0;0m     public let token: @Sendable () async throws -> String?
2026-10-01T17:50:03.4754810Z  [0;36m23 |[0;0m     public init(baseURL: URL, token: @escaping @Sendable () async throws -> String? = { try await SecureSessionStorage().read() }) { self.baseURL = baseURL; self.token = token }
2026-10-01T17:50:03.4861550Z     [0;36m|[0;0m                                                                                             `- [1;33mwarning: [1;39mno 'async' operations occur within 'await' expression[0;0m [#]8;;https://docs.swift.org/compiler/documentation/diagnostics/unnecessary-effect-marker\UnnecessaryEffectMarker]8;;\]
2026-10-01T17:50:03.4965590Z  [0;36m24 |[0;0m     fileprivate func request<T: Decodable>(_ path: String, body: Data? = nil) async throws -> T {
2026-10-01T17:50:03.5066710Z  [0;36m25 |[0;0m         try JSONDecoder().decode(T.self, from: await bytes(path, body: body))
2026-10-01T17:50:03.5189340Z 
2026-10-01T17:50:03.5306730Z /Users/runner/work/creator-platform/creator-platform/apps/ios/Sources/QelvoraUI/Trust.swift:76:128: [1;33mwarning: [1;39mno 'async' operations occur within 'await' expression[0;0m [#]8;;https://docs.swift.org/compiler/documentation/diagnostics/unnecessary-effect-marker\UnnecessaryEffectMarker]8;;\]
2026-10-01T17:50:03.5403510Z  [0;36m74 |[0;0m     @State private var feedbackConsent = false
2026-10-01T17:50:03.5505630Z  [0;36m75 |[0;0m     @Environment(\.colorScheme) private var scheme
2026-10-01T17:50:03.5606730Z  [0;36m76 |[0;0m     public init(baseURL: URL?, destination: String = "/support", token: @escaping @Sendable () async throws -> String? = { try await SecureSessionStorage().read() }) {
2026-10-01T17:50:03.5708830Z     [0;36m|[0;0m                                                                                                                                `- [1;33mwarning: [1;39mno 'async' operations occur within 'await' expression[0;0m [#]8;;https://docs.swift.org/compiler/documentation/diagnostics/unnecessary-effect-marker\UnnecessaryEffectMarker]8;;\]
2026-10-01T17:50:03.5809540Z  [0;36m77 |[0;0m         client = baseURL.map { TrustClient(baseURL: $0, token: token) }; _route = State(initialValue: destination)
2026-10-01T17:50:03.5911470Z  [0;36m78 |[0;0m         let query = URLComponents(string: destination)?.queryItems ?? []
2026-10-01T17:50:03.6011220Z 
2026-10-01T17:50:03.6112570Z [#UnnecessaryEffectMarker]: <https://docs.swift.org/compiler/documentation/diagnostics/unnecessary-effect-marker>
2026-10-01T17:50:11.3032970Z [239 / 280] SnapshotTesting
2026-10-01T17:50:12.6053140Z [250 / 280] SnapshotTesting-product
2026-10-01T17:50:15.4266920Z [251 / 280] SnapshotTesting-product
2026-10-01T17:50:16.7837450Z [252 / 280] qelvora-native-snapshots-product
2026-10-01T17:50:16.7942030Z /Users/runner/work/creator-platform/creator-platform/apps/ios/Sources/QelvoraUI/Trust.swift:23:93: [1;33mwarning: [1;39mno 'async' operations occur within 'await' expression[0;0m [#]8;;https://docs.swift.org/compiler/documentation/diagnostics/unnecessary-effect-marker\UnnecessaryEffectMarker]8;;\]
2026-10-01T17:50:16.8046360Z  [0;36m21 |[0;0m     public let baseURL: URL
2026-10-01T17:50:16.8149420Z  [0;36m22 |[0;0m     public let token: @Sendable () async throws -> String?
2026-10-01T17:50:16.8252080Z  [0;36m23 |[0;0m     public init(baseURL: URL, token: @escaping @Sendable () async throws -> String? = { try await SecureSessionStorage().read() }) { self.baseURL = baseURL; self.token = token }
2026-10-01T17:50:16.8356850Z     [0;36m|[0;0m                                                                                             `- [1;33mwarning: [1;39mno 'async' operations occur within 'await' expression[0;0m [#]8;;https://docs.swift.org/compiler/documentation/diagnostics/unnecessary-effect-marker\UnnecessaryEffectMarker]8;;\]
2026-10-01T17:50:16.8479320Z  [0;36m24 |[0;0m     fileprivate func request<T: Decodable>(_ path: String, body: Data? = nil) async throws -> T {
2026-10-01T17:50:16.8582250Z  [0;36m25 |[0;0m         try JSONDecoder().decode(T.self, from: await bytes(path, body: body))
2026-10-01T17:50:16.8684240Z 
2026-10-01T17:50:16.8788310Z /Users/runner/work/creator-platform/creator-platform/apps/ios/Sources/QelvoraUI/Trust.swift:76:128: [1;33mwarning: [1;39mno 'async' operations occur within 'await' expression[0;0m [#]8;;https://docs.swift.org/compiler/documentation/diagnostics/unnecessary-effect-marker\UnnecessaryEffectMarker]8;;\]
2026-10-01T17:50:16.8892520Z  [0;36m74 |[0;0m     @State private var feedbackConsent = false
2026-10-01T17:50:16.8995170Z  [0;36m75 |[0;0m     @Environment(\.colorScheme) private var scheme
2026-10-01T17:50:16.9120330Z  [0;36m76 |[0;0m     public init(baseURL: URL?, destination: String = "/support", token: @escaping @Sendable () async throws -> String? = { try await SecureSessionStorage().read() }) {
2026-10-01T17:50:16.9224130Z     [0;36m|[0;0m                                                                                                                                `- [1;33mwarning: [1;39mno 'async' operations occur within 'await' expression[0;0m [#]8;;https://docs.swift.org/compiler/documentation/diagnostics/unnecessary-effect-marker\UnnecessaryEffectMarker]8;;\]
2026-10-01T17:50:16.9329990Z  [0;36m77 |[0;0m         client = baseURL.map { TrustClient(baseURL: $0, token: token) }; _route = State(initialValue: destination)
2026-10-01T17:50:16.9435780Z  [0;36m78 |[0;0m         let query = URLComponents(string: destination)?.queryItems ?? []
2026-10-01T17:50:16.9538750Z 
2026-10-01T17:50:16.9640210Z [#UnnecessaryEffectMarker]: <https://docs.swift.org/compiler/documentation/diagnostics/unnecessary-effect-marker>
2026-10-01T17:50:16.9741850Z [254 / 280] qelvora-native-snapshots-product
2026-10-01T17:50:18.0666120Z [259 / 281] SnapshotTesting
2026-10-01T17:50:18.2176820Z [261 / 283] qelvora-native-snapshots-product
2026-10-01T17:50:27.3643830Z [263 / 283] QelvoraUI
2026-10-01T17:50:32.1831160Z [265 / 283] QelvoraUI
2026-10-01T17:50:32.3341450Z [270 / 284] QelvoraUI-product
2026-10-01T17:50:33.6442060Z [271 / 284] QelvoraUITests-product
2026-10-01T17:50:33.8107950Z [274 / 305]
2026-10-01T17:50:33.9288960Z [275 / 305]
2026-10-01T17:50:34.2394630Z [276 / 305]
2026-10-01T17:50:34.5481640Z [277 / 305]
2026-10-01T17:50:34.7224500Z [278 / 305]
2026-10-01T17:50:34.9457350Z [280 / 305]
2026-10-01T17:50:35.1352040Z [282 / 305]
2026-10-01T17:50:35.2508690Z [283 / 305]
2026-10-01T17:50:35.7063280Z [286 / 305]
2026-10-01T17:50:35.9989420Z [288 / 305]
2026-10-01T17:50:36.3541920Z [288 / 305] qelvora-native-snapshots-product
2026-10-01T17:50:36.4588600Z [289 / 305] qelvora-native-snapshots-product
2026-10-01T17:50:36.5894190Z [290 / 305]
2026-10-01T17:50:36.9002860Z [294 / 305] QelvoraUITests-product
2026-10-01T17:50:37.2784790Z [295 / 305] QelvoraUITests-product
2026-10-01T17:50:37.4902890Z [299 / 305] QelvoraUITests-product
2026-10-01T17:50:38.0411350Z /Users/runner/work/creator-platform/creator-platform/apps/ios/Tests/QelvoraUITests/NativeSnapshotTests.swift:177:7: [1;33mwarning: [1;39m'assertSnapshot(of:as:named:record:timeout:fileID:file:testName:line:column:)' is deprecated: Use overload with 'record: SnapshotTestingConfiguration.Record?'[0;0m [#]8;;https://docs.swift.org/compiler/documentation/diagnostics/deprecated-declaration\DeprecatedDeclaration]8;;\]
2026-10-01T17:50:38.0512170Z [0;36m175 |[0;0m         return ("\(different) pixels exceed the native sRGB rounding bound. " + failure.0, failure.1)
2026-10-01T17:50:38.0615440Z [0;36m176 |[0;0m       }
2026-10-01T17:50:38.0717320Z [0;36m177 |[0;0m       assertSnapshot(
2026-10-01T17:50:38.0823980Z     [0;36m|[0;0m       `- [1;33mwarning: [1;39m'assertSnapshot(of:as:named:record:timeout:fileID:file:testName:line:column:)' is deprecated: Use overload with 'record: SnapshotTestingConfiguration.Record?'[0;0m [#]8;;https://docs.swift.org/compiler/documentation/diagnostics/deprecated-declaration\DeprecatedDeclaration]8;;\]
2026-10-01T17:50:38.0929530Z [0;36m178 |[0;0m         of: image, as: imageStrategy, named: name, record: record, file: file,
2026-10-01T17:50:38.1032120Z [0;36m179 |[0;0m         testName: testName, line: line)
2026-10-01T17:50:38.1133500Z 
2026-10-01T17:50:38.1234750Z [#DeprecatedDeclaration]: <https://docs.swift.org/compiler/documentation/diagnostics/deprecated-declaration>
2026-10-01T17:50:39.1893250Z [301 / 305] QelvoraUITests-product
2026-10-01T17:50:39.3036450Z [302 / 305] QelvoraUITests-product
2026-10-01T17:50:39.4064220Z [305 / 305] QelvoraUITests-product
2026-10-01T17:50:39.4939270Z Build complete! (60.58 sec)
2026-10-01T17:50:47.0343290Z Test Suite 'All tests' started at 2026-10-01 17:50:40.906.
2026-10-01T17:50:47.0345470Z Test Suite 'QelvoraUITests.xctest' started at 2026-10-01 17:50:40.908.
2026-10-01T17:50:47.0346080Z Test Suite 'DeliveryProtocolTests' started at 2026-10-01 17:50:40.908.
2026-10-01T17:50:47.0346690Z Test Case '-[QelvoraUITests.DeliveryProtocolTests testDuplicateCursorAndGenerationSequenceDoNotRepeatText]' started.
2026-10-01T17:50:47.0389620Z Test Case '-[QelvoraUITests.DeliveryProtocolTests testDuplicateCursorAndGenerationSequenceDoNotRepeatText]' passed (0.004 seconds).
2026-10-01T17:50:47.0390870Z Test Case '-[QelvoraUITests.DeliveryProtocolTests testGenerationGapDoesNotAdvanceRenderedCursor]' started.
2026-10-01T17:50:47.0391680Z Test Case '-[QelvoraUITests.DeliveryProtocolTests testGenerationGapDoesNotAdvanceRenderedCursor]' passed (0.001 seconds).
2026-10-01T17:50:47.0392450Z Test Case '-[QelvoraUITests.DeliveryProtocolTests testOldAIFrameNeverAppearsAfterTakeover]' started.
2026-10-01T17:50:47.0393240Z Test Case '-[QelvoraUITests.DeliveryProtocolTests testOldAIFrameNeverAppearsAfterTakeover]' passed (0.000 seconds).
2026-10-01T17:50:47.0394190Z Test Case '-[QelvoraUITests.DeliveryProtocolTests testPersistedCheckpointResumesGenerationAfterProcessRecreation]' started.
2026-10-01T17:50:47.0395050Z Test Case '-[QelvoraUITests.DeliveryProtocolTests testPersistedCheckpointResumesGenerationAfterProcessRecreation]' passed (0.001 seconds).
2026-10-01T17:50:47.0395970Z Test Case '-[QelvoraUITests.DeliveryProtocolTests testReconnectWaitsForMissingCursorRatherThanSkippingABoundary]' started.
2026-10-01T17:50:47.0396810Z Test Case '-[QelvoraUITests.DeliveryProtocolTests testReconnectWaitsForMissingCursorRatherThanSkippingABoundary]' passed (0.000 seconds).
2026-10-01T17:50:47.0397690Z Test Case '-[QelvoraUITests.DeliveryProtocolTests testRejectedDrainDoesNotLoseEarlierValidSentence]' started.
2026-10-01T17:50:47.0398470Z Test Case '-[QelvoraUITests.DeliveryProtocolTests testRejectedDrainDoesNotLoseEarlierValidSentence]' passed (0.000 seconds).
2026-10-01T17:50:47.0399210Z Test Case '-[QelvoraUITests.DeliveryProtocolTests testReorderedTakeoverBoundaryPrecedesLaterContent]' started.
2026-10-01T17:50:47.0400010Z Test Case '-[QelvoraUITests.DeliveryProtocolTests testReorderedTakeoverBoundaryPrecedesLaterContent]' passed (0.000 seconds).
2026-10-01T17:50:47.0400700Z Test Case '-[QelvoraUITests.DeliveryProtocolTests testWrongThreadFailsClosed]' started.
2026-10-01T17:50:47.0401450Z Test Case '-[QelvoraUITests.DeliveryProtocolTests testWrongThreadFailsClosed]' passed (0.000 seconds).
2026-10-01T17:50:47.0402050Z Test Suite 'DeliveryProtocolTests' passed at 2026-10-01 17:50:40.917.
2026-10-01T17:50:47.0402540Z 	 Executed 8 tests, with 0 failures (0 unexpected) in 0.007 (0.009) seconds
2026-10-01T17:50:47.0403010Z Test Suite 'GeneratedContractTests' started at 2026-10-01 17:50:40.917.
2026-10-01T17:50:47.0403560Z Test Case '-[QelvoraUITests.GeneratedContractTests testIdentityCapabilityRejectsIndependentAccounts]' started.
2026-10-01T17:50:47.0404390Z Test Case '-[QelvoraUITests.GeneratedContractTests testIdentityCapabilityRejectsIndependentAccounts]' passed (0.001 seconds).
2026-10-01T17:50:47.0407420Z Test Case '-[QelvoraUITests.GeneratedContractTests testRealtimeControlFrameDecodesNullableGeneration]' started.
2026-10-01T17:50:47.0409880Z Test Case '-[QelvoraUITests.GeneratedContractTests testRealtimeControlFrameDecodesNullableGeneration]' passed (0.000 seconds).
2026-10-01T17:50:47.0410630Z Test Suite 'GeneratedContractTests' passed at 2026-10-01 17:50:40.918.
2026-10-01T17:50:47.0411150Z 	 Executed 2 tests, with 0 failures (0 unexpected) in 0.001 (0.001) seconds
2026-10-01T17:50:47.0411690Z Test Suite 'IdentityTests' started at 2026-10-01 17:50:40.918.
2026-10-01T17:50:47.0412140Z Test Case '-[QelvoraUITests.IdentityTests testEveryAuthorUsesItsFixedLabel]' started.
2026-10-01T17:50:47.0412780Z Test Case '-[QelvoraUITests.IdentityTests testEveryAuthorUsesItsFixedLabel]' passed (0.002 seconds).
2026-10-01T17:50:47.0413430Z Test Case '-[QelvoraUITests.IdentityTests testOnlyCreatorAuthorshipOwnsTheCreatorSurface]' started.
2026-10-01T17:50:47.0414800Z Test Case '-[QelvoraUITests.IdentityTests testOnlyCreatorAuthorshipOwnsTheCreatorSurface]' passed (0.000 seconds).
2026-10-01T17:50:47.0415450Z Test Case '-[QelvoraUITests.IdentityTests testRegistryHonestlyTracksAll53Components]' started.
2026-10-01T17:50:47.0416310Z Test Case '-[QelvoraUITests.IdentityTests testRegistryHonestlyTracksAll53Components]' passed (0.000 seconds).
2026-10-01T17:50:47.0417320Z Test Case '-[QelvoraUITests.IdentityTests testUnconnectedPantopusAdapterDoesNotReturnAnAccount]' started.
2026-10-01T17:50:47.0418140Z Test Case '-[QelvoraUITests.IdentityTests testUnconnectedPantopusAdapterDoesNotReturnAnAccount]' passed (0.000 seconds).
2026-10-01T17:50:47.0418930Z Test Case '-[QelvoraUITests.IdentityTests testUnknownOrReservedServerMessageKindCannotRenderAsAHuman]' started.
2026-10-01T17:50:47.0419730Z Test Case '-[QelvoraUITests.IdentityTests testUnknownOrReservedServerMessageKindCannotRenderAsAHuman]' passed (0.000 seconds).
2026-10-01T17:50:47.0420660Z Test Suite 'IdentityTests' passed at 2026-10-01 17:50:40.922.
2026-10-01T17:50:47.0421090Z 	 Executed 5 tests, with 0 failures (0 unexpected) in 0.003 (0.004) seconds
2026-10-01T17:50:47.0421490Z Test Suite 'NativeSnapshotTests' started at 2026-10-01 17:50:40.922.
2026-10-01T17:50:47.0422030Z Test Case '-[QelvoraUITests.NativeSnapshotTests testAuthorIdentitySurfaces]' started.
2026-10-01T17:50:47.0423320Z /Users/runner/work/creator-platform/creator-platform/apps/ios/Tests/QelvoraUITests/NativeSnapshotTests.swift:40: error: -[QelvoraUITests.NativeSnapshotTests testAuthorIdentitySurfaces] : failed - Snapshot "light" does not match reference.
2026-10-01T17:50:47.0424410Z 
2026-10-01T17:50:47.0425640Z @−
2026-10-01T17:50:47.0426370Z "file:///Users/runner/work/creator-platform/creator-platform/apps/ios/Tests/QelvoraUITests/__Snapshots__/NativeSnapshotTests/testAuthorIdentitySurfaces.light.png"
2026-10-01T17:50:47.0426970Z @+
2026-10-01T17:50:47.0427520Z "file:///Users/runner/work/creator-platform/creator-platform/artifacts/ios/snapshots/NativeSnapshotTests/testAuthorIdentitySurfaces.light.png"
2026-10-01T17:50:47.0428130Z 
2026-10-01T17:50:47.0428360Z To configure output for a custom diff tool, use 'withSnapshotTesting'. For example:
2026-10-01T17:50:47.0428690Z 
2026-10-01T17:50:47.0428820Z     withSnapshotTesting(diffTool: .ksdiff) {
2026-10-01T17:50:47.0429020Z       // ...
2026-10-01T17:50:47.0429270Z     }
2026-10-01T17:50:47.0429430Z 
2026-10-01T17:50:47.0429850Z 22108 pixels exceed the native sRGB rounding bound. Newly-taken snapshot does not match reference.
2026-10-01T17:50:47.0430950Z /Users/runner/work/creator-platform/creator-platform/apps/ios/Tests/QelvoraUITests/NativeSnapshotTests.swift:40: error: -[QelvoraUITests.NativeSnapshotTests testAuthorIdentitySurfaces] : failed - Snapshot "night" does not match reference.
2026-10-01T17:50:47.0431720Z 
2026-10-01T17:50:47.0431840Z @−
2026-10-01T17:50:47.0432370Z "file:///Users/runner/work/creator-platform/creator-platform/apps/ios/Tests/QelvoraUITests/__Snapshots__/NativeSnapshotTests/testAuthorIdentitySurfaces.night.png"
2026-10-01T17:50:47.0433020Z @+
2026-10-01T17:50:47.0433500Z "file:///Users/runner/work/creator-platform/creator-platform/artifacts/ios/snapshots/NativeSnapshotTests/testAuthorIdentitySurfaces.night.png"
2026-10-01T17:50:47.0433990Z 
2026-10-01T17:50:47.0434220Z To configure output for a custom diff tool, use 'withSnapshotTesting'. For example:
2026-10-01T17:50:47.0434540Z 
2026-10-01T17:50:47.0434670Z     withSnapshotTesting(diffTool: .ksdiff) {
2026-10-01T17:50:47.0434930Z       // ...
2026-10-01T17:50:47.0435140Z     }
2026-10-01T17:50:47.0435210Z 
2026-10-01T17:50:47.0435470Z 21546 pixels exceed the native sRGB rounding bound. Newly-taken snapshot does not match reference.
2026-10-01T17:50:47.0436110Z Test Case '-[QelvoraUITests.NativeSnapshotTests testAuthorIdentitySurfaces]' failed (1.966 seconds).
2026-10-01T17:50:47.0436670Z Test Case '-[QelvoraUITests.NativeSnapshotTests testComponentCatalogThemes]' started.
2026-10-01T17:50:47.0438300Z /Users/runner/work/creator-platform/creator-platform/apps/ios/Tests/QelvoraUITests/NativeSnapshotTests.swift:60: error: -[QelvoraUITests.NativeSnapshotTests testComponentCatalogThemes] : failed - Snapshot "Mark.light" does not match reference.
2026-10-01T17:50:47.0439080Z 
2026-10-01T17:50:47.0439210Z @−
2026-10-01T17:50:47.0439980Z "file:///Users/runner/work/creator-platform/creator-platform/apps/ios/Tests/QelvoraUITests/__Snapshots__/NativeSnapshotTests/testComponentCatalogThemes.Mark-light.png"
2026-10-01T17:50:47.0440640Z @+
2026-10-01T17:50:47.0441140Z "file:///Users/runner/work/creator-platform/creator-platform/artifacts/ios/snapshots/NativeSnapshotTests/testComponentCatalogThemes.Mark-light.png"
2026-10-01T17:50:47.0441640Z 
2026-10-01T17:50:47.0441860Z To configure output for a custom diff tool, use 'withSnapshotTesting'. For example:
2026-10-01T17:50:47.0442170Z 
2026-10-01T17:50:47.0442250Z     withSnapshotTesting(diffTool: .ksdiff) {
2026-10-01T17:50:47.0442600Z       // ...
2026-10-01T17:50:47.0442780Z     }
2026-10-01T17:50:47.0442890Z 
2026-10-01T17:50:47.0443150Z 2506 pixels exceed the native sRGB rounding bound. Newly-taken snapshot does not match reference.
2026-10-01T17:50:47.0444140Z /Users/runner/work/creator-platform/creator-platform/apps/ios/Tests/QelvoraUITests/NativeSnapshotTests.swift:60: error: -[QelvoraUITests.NativeSnapshotTests testComponentCatalogThemes] : failed - Snapshot "Seal.light" does not match reference.
2026-10-01T17:50:47.0444930Z 
2026-10-01T17:50:47.0445040Z @−
2026-10-01T17:50:47.0445620Z "file:///Users/runner/work/creator-platform/creator-platform/apps/ios/Tests/QelvoraUITests/__Snapshots__/NativeSnapshotTests/testComponentCatalogThemes.Seal-light.png"
2026-10-01T17:50:47.0446280Z @+
2026-10-01T17:50:47.0446840Z "file:///Users/runner/work/creator-platform/creator-platform/artifacts/ios/snapshots/NativeSnapshotTests/testComponentCatalogThemes.Seal-light.png"
2026-10-01T17:50:47.0447300Z 
2026-10-01T17:50:47.0447530Z To configure output for a custom diff tool, use 'withSnapshotTesting'. For example:
2026-10-01T17:50:47.0447840Z 
2026-10-01T17:50:47.0447950Z     withSnapshotTesting(diffTool: .ksdiff) {
2026-10-01T17:50:47.0448200Z       // ...
2026-10-01T17:50:47.0448420Z     }
2026-10-01T17:50:47.0448490Z 
2026-10-01T17:50:47.0448760Z 4162 pixels exceed the native sRGB rounding bound. Newly-taken snapshot does not match reference.
2026-10-01T17:50:47.0449980Z /Users/runner/work/creator-platform/creator-platform/apps/ios/Tests/QelvoraUITests/NativeSnapshotTests.swift:60: error: -[QelvoraUITests.NativeSnapshotTests testComponentCatalogThemes] : failed - Snapshot "Avatar.light" does not match reference.
2026-10-01T17:50:47.0451160Z 
2026-10-01T17:50:47.0451320Z @−
2026-10-01T17:50:47.0451920Z "file:///Users/runner/work/creator-platform/creator-platform/apps/ios/Tests/QelvoraUITests/__Snapshots__/NativeSnapshotTests/testComponentCatalogThemes.Avatar-light.png"
2026-10-01T17:50:47.0452690Z @+
2026-10-01T17:50:47.0453230Z "file:///Users/runner/work/creator-platform/creator-platform/artifacts/ios/snapshots/NativeSnapshotTests/testComponentCatalogThemes.Avatar-light.png"
2026-10-01T17:50:47.0453790Z 
2026-10-01T17:50:47.0453970Z To configure output for a custom diff tool, use 'withSnapshotTesting'. For example:
2026-10-01T17:50:47.0454330Z 
2026-10-01T17:50:47.0454520Z     withSnapshotTesting(diffTool: .ksdiff) {
2026-10-01T17:50:47.0454800Z       // ...
2026-10-01T17:50:47.0454980Z     }
2026-10-01T17:50:47.0455170Z 
2026-10-01T17:50:47.0455390Z 3652 pixels exceed the native sRGB rounding bound. Newly-taken snapshot does not match reference.
2026-10-01T17:50:47.0456690Z /Users/runner/work/creator-platform/creator-platform/apps/ios/Tests/QelvoraUITests/NativeSnapshotTests.swift:60: error: -[QelvoraUITests.NativeSnapshotTests testComponentCatalogThemes] : failed - Snapshot "AuthorLabel.light" does not match reference.
2026-10-01T17:50:47.0457560Z 
2026-10-01T17:50:47.0457780Z @−
2026-10-01T17:50:47.0458480Z "file:///Users/runner/work/creator-platform/creator-platform/apps/ios/Tests/QelvoraUITests/__Snapshots__/NativeSnapshotTests/testComponentCatalogThemes.AuthorLabel-light.png"
2026-10-01T17:50:47.0459650Z @+
2026-10-01T17:50:47.0460220Z "file:///Users/runner/work/creator-platform/creator-platform/artifacts/ios/snapshots/NativeSnapshotTests/testComponentCatalogThemes.AuthorLabel-light.png"
2026-10-01T17:50:47.0460800Z 
2026-10-01T17:50:47.0461330Z To configure output for a custom diff tool, use 'withSnapshotTesting'. For example:
2026-10-01T17:50:47.0461690Z 
2026-10-01T17:50:47.0461780Z     withSnapshotTesting(diffTool: .ksdiff) {
2026-10-01T17:50:47.0462120Z       // ...
2026-10-01T17:50:47.0462320Z     }
2026-10-01T17:50:47.0462400Z 
2026-10-01T17:50:47.0462680Z 32275 pixels exceed the native sRGB rounding bound. Newly-taken snapshot does not match reference.
2026-10-01T17:50:47.0463880Z /Users/runner/work/creator-platform/creator-platform/apps/ios/Tests/QelvoraUITests/NativeSnapshotTests.swift:60: error: -[QelvoraUITests.NativeSnapshotTests testComponentCatalogThemes] : failed - Snapshot "IdentityStrip.light" does not match reference.
2026-10-01T17:50:47.0464760Z 
2026-10-01T17:50:47.0464850Z @−
2026-10-01T17:50:47.0465540Z "file:///Users/runner/work/creator-platform/creator-platform/apps/ios/Tests/QelvoraUITests/__Snapshots__/NativeSnapshotTests/testComponentCatalogThemes.IdentityStrip-light.png"
2026-10-01T17:50:47.0466260Z @+
2026-10-01T17:50:47.0466880Z "file:///Users/runner/work/creator-platform/creator-platform/artifacts/ios/snapshots/NativeSnapshotTests/testComponentCatalogThemes.IdentityStrip-light.png"
2026-10-01T17:50:47.0467460Z 
2026-10-01T17:50:47.0467750Z To configure output for a custom diff tool, use 'withSnapshotTesting'. For example:
2026-10-01T17:50:47.0468040Z 
2026-10-01T17:50:47.0468180Z     withSnapshotTesting(diffTool: .ksdiff) {
2026-10-01T17:50:47.0468550Z       // ...
2026-10-01T17:50:47.0468770Z     }
2026-10-01T17:50:47.0468920Z 
2026-10-01T17:50:47.0469210Z 43194 pixels exceed the native sRGB rounding bound. Newly-taken snapshot does not match reference.
2026-10-01T17:50:47.0470490Z /Users/runner/work/creator-platform/creator-platform/apps/ios/Tests/QelvoraUITests/NativeSnapshotTests.swift:60: error: -[QelvoraUITests.NativeSnapshotTests testComponentCatalogThemes] : failed - Snapshot "ThreadHeader.light" does not match reference.
2026-10-01T17:50:47.0471310Z 
2026-10-01T17:50:47.0471440Z @−
2026-10-01T17:50:47.0472060Z "file:///Users/runner/work/creator-platform/creator-platform/apps/ios/Tests/QelvoraUITests/__Snapshots__/NativeSnapshotTests/testComponentCatalogThemes.ThreadHeader-light.png"
2026-10-01T17:50:47.0472720Z @+
2026-10-01T17:50:47.0473370Z "file:///Users/runner/work/creator-platform/creator-platform/artifacts/ios/snapshots/NativeSnapshotTests/testComponentCatalogThemes.ThreadHeader-light.png"
2026-10-01T17:50:47.0473950Z 
2026-10-01T17:50:47.0474180Z To configure output for a custom diff tool, use 'withSnapshotTesting'. For example:
2026-10-01T17:50:47.0474510Z 
2026-10-01T17:50:47.0474590Z     withSnapshotTesting(diffTool: .ksdiff) {
2026-10-01T17:50:47.0474910Z       // ...
2026-10-01T17:50:47.0475140Z     }
2026-10-01T17:50:47.0475210Z 
2026-10-01T17:50:47.0475480Z 15611 pixels exceed the native sRGB rounding bound. Newly-taken snapshot does not match reference.
2026-10-01T17:50:47.0476620Z /Users/runner/work/creator-platform/creator-platform/apps/ios/Tests/QelvoraUITests/NativeSnapshotTests.swift:60: error: -[QelvoraUITests.NativeSnapshotTests testComponentCatalogThemes] : failed - Snapshot "SignedMarker.light" does not match reference.
2026-10-01T17:50:47.0477450Z 
2026-10-01T17:50:47.0477520Z @−
2026-10-01T17:50:47.0478120Z "file:///Users/runner/work/creator-platform/creator-platform/apps/ios/Tests/QelvoraUITests/__Snapshots__/NativeSnapshotTests/testComponentCatalogThemes.SignedMarker-light.png"
2026-10-01T17:50:47.0478800Z @+
2026-10-01T17:50:47.0479460Z "file:///Users/runner/work/creator-platform/creator-platform/artifacts/ios/snapshots/NativeSnapshotTests/testComponentCatalogThemes.SignedMarker-light.png"
2026-10-01T17:50:47.0480040Z 
2026-10-01T17:50:47.0480810Z To configure output for a custom diff tool, use 'withSnapshotTesting'. For example:
2026-10-01T17:50:47.0481130Z 
2026-10-01T17:50:47.0481220Z     withSnapshotTesting(diffTool: .ksdiff) {
2026-10-01T17:50:47.0481580Z       // ...
2026-10-01T17:50:47.0481820Z     }
2026-10-01T17:50:47.0481890Z 
2026-10-01T17:50:47.0482750Z 14517 pixels exceed the native sRGB rounding bound. Newly-taken snapshot does not match reference.
2026-10-01T17:50:47.0484010Z /Users/runner/work/creator-platform/creator-platform/apps/ios/Tests/QelvoraUITests/NativeSnapshotTests.swift:60: error: -[QelvoraUITests.NativeSnapshotTests testComponentCatalogThemes] : failed - Snapshot "SystemLine.light" does not match reference.
2026-10-01T17:50:47.0484840Z 
2026-10-01T17:50:47.0484930Z @−
2026-10-01T17:50:47.0485610Z "file:///Users/runner/work/creator-platform/creator-platform/apps/ios/Tests/QelvoraUITests/__Snapshots__/NativeSnapshotTests/testComponentCatalogThemes.SystemLine-light.png"
2026-10-01T17:50:47.0486330Z @+
2026-10-01T17:50:47.0486970Z "file:///Users/runner/work/creator-platform/creator-platform/artifacts/ios/snapshots/NativeSnapshotTests/testComponentCatalogThemes.SystemLine-light.png"
2026-10-01T17:50:47.0487520Z 
2026-10-01T17:50:47.0487820Z To configure output for a custom diff tool, use 'withSnapshotTesting'. For example:
2026-10-01T17:50:47.0488090Z 
2026-10-01T17:50:47.0488180Z     withSnapshotTesting(diffTool: .ksdiff) {
2026-10-01T17:50:47.0488450Z       // ...
2026-10-01T17:50:47.0488640Z     }
2026-10-01T17:50:47.0488760Z 
2026-10-01T17:50:47.0489020Z 16759 pixels exceed the native sRGB rounding bound. Newly-taken snapshot does not match reference.
2026-10-01T17:50:47.0490080Z /Users/runner/work/creator-platform/creator-platform/apps/ios/Tests/QelvoraUITests/NativeSnapshotTests.swift:60: error: -[QelvoraUITests.NativeSnapshotTests testComponentCatalogThemes] : failed - Snapshot "Message.light" does not match reference.
2026-10-01T17:50:47.0490880Z 
2026-10-01T17:50:47.0491020Z @−
2026-10-01T17:50:47.0491850Z "file:///Users/runner/work/creator-platform/creator-platform/apps/ios/Tests/QelvoraUITests/__Snapshots__/NativeSnapshotTests/testComponentCatalogThemes.Message-light.png"
2026-10-01T17:50:47.0492490Z @+
2026-10-01T17:50:47.0493020Z "file:///Users/runner/work/creator-platform/creator-platform/artifacts/ios/snapshots/NativeSnapshotTests/testComponentCatalogThemes.Message-light.png"
2026-10-01T17:50:47.0493540Z 
2026-10-01T17:50:47.0493720Z To configure output for a custom diff tool, use 'withSnapshotTesting'. For example:
2026-10-01T17:50:47.0494180Z 
2026-10-01T17:50:47.0494320Z     withSnapshotTesting(diffTool: .ksdiff) {
2026-10-01T17:50:47.0494600Z       // ...
2026-10-01T17:50:47.0494850Z     }
2026-10-01T17:50:47.0494980Z 
2026-10-01T17:50:47.0495270Z 90788 pixels exceed the native sRGB rounding bound. Newly-taken snapshot does not match reference.
2026-10-01T17:50:47.0496330Z /Users/runner/work/creator-platform/creator-platform/apps/ios/Tests/QelvoraUITests/NativeSnapshotTests.swift:60: error: -[QelvoraUITests.NativeSnapshotTests testComponentCatalogThemes] : failed - Snapshot "Note.light" does not match reference.
2026-10-01T17:50:47.0497160Z 
2026-10-01T17:50:47.0497290Z @−
2026-10-01T17:50:47.0497870Z "file:///Users/runner/work/creator-platform/creator-platform/apps/ios/Tests/QelvoraUITests/__Snapshots__/NativeSnapshotTests/testComponentCatalogThemes.Note-light.png"
2026-10-01T17:50:47.0498530Z @+
2026-10-01T17:50:47.0499170Z "file:///Users/runner/work/creator-platform/creator-platform/artifacts/ios/snapshots/NativeSnapshotTests/testComponentCatalogThemes.Note-light.png"
2026-10-01T17:50:47.0499700Z 
2026-10-01T17:50:47.0499940Z To configure output for a custom diff tool, use 'withSnapshotTesting'. For example:
2026-10-01T17:50:47.0500290Z 
2026-10-01T17:50:47.0500470Z     withSnapshotTesting(diffTool: .ksdiff) {
2026-10-01T17:50:47.0500740Z       // ...
2026-10-01T17:50:47.0500860Z     }
2026-10-01T17:50:47.0500920Z 
2026-10-01T17:50:47.0501210Z 44328 pixels exceed the native sRGB rounding bound. Newly-taken snapshot does not match reference.
2026-10-01T17:50:47.0504060Z /Users/runner/work/creator-platform/creator-platform/apps/ios/Tests/QelvoraUITests/NativeSnapshotTests.swift:60: error: -[QelvoraUITests.NativeSnapshotTests testComponentCatalogThemes] : failed - Snapshot "ReactionChip.light" does not match reference.
2026-10-01T17:50:47.0504890Z 
2026-10-01T17:50:47.0505030Z @−
2026-10-01T17:50:47.0505960Z "file:///Users/runner/work/creator-platform/creator-platform/apps/ios/Tests/QelvoraUITests/__Snapshots__/NativeSnapshotTests/testComponentCatalogThemes.ReactionChip-light.png"
2026-10-01T17:50:47.0506720Z @+
2026-10-01T17:50:47.0507390Z "file:///Users/runner/work/creator-platform/creator-platform/artifacts/ios/snapshots/NativeSnapshotTests/testComponentCatalogThemes.ReactionChip-light.png"
2026-10-01T17:50:47.0507930Z 
2026-10-01T17:50:47.0508190Z To configure output for a custom diff tool, use 'withSnapshotTesting'. For example:
2026-10-01T17:50:47.0509560Z 
2026-10-01T17:50:47.0509690Z     withSnapshotTesting(diffTool: .ksdiff) {
2026-10-01T17:50:47.0510080Z       // ...
2026-10-01T17:50:47.0510280Z     }
2026-10-01T17:50:47.0510400Z 
2026-10-01T17:50:47.0510700Z 9313 pixels exceed the native sRGB rounding bound. Newly-taken snapshot does not match reference.
2026-10-01T17:50:47.0511840Z /Users/runner/work/creator-platform/creator-platform/apps/ios/Tests/QelvoraUITests/NativeSnapshotTests.swift:60: error: -[QelvoraUITests.NativeSnapshotTests testComponentCatalogThemes] : failed - Snapshot "CitationChip.light" does not match reference.
2026-10-01T17:50:47.0512620Z 
2026-10-01T17:50:47.0512770Z @−
2026-10-01T17:50:47.0513440Z "file:///Users/runner/work/creator-platform/creator-platform/apps/ios/Tests/QelvoraUITests/__Snapshots__/NativeSnapshotTests/testComponentCatalogThemes.CitationChip-light.png"
2026-10-01T17:50:47.0514090Z @+
2026-10-01T17:50:47.0514720Z "file:///Users/runner/work/creator-platform/creator-platform/artifacts/ios/snapshots/NativeSnapshotTests/testComponentCatalogThemes.CitationChip-light.png"
2026-10-01T17:50:47.0515300Z 
2026-10-01T17:50:47.0515610Z To configure output for a custom diff tool, use 'withSnapshotTesting'. For example:
2026-10-01T17:50:47.0515890Z 
2026-10-01T17:50:47.0516050Z     withSnapshotTesting(diffTool: .ksdiff) {
2026-10-01T17:50:47.0516400Z       // ...
2026-10-01T17:50:47.0516570Z     }
2026-10-01T17:50:47.0516700Z 
2026-10-01T17:50:47.0517020Z 18653 pixels exceed the native sRGB rounding bound. Newly-taken snapshot does not match reference.
2026-10-01T17:50:52.5278180Z /Users/runner/work/creator-platform/creator-platform/apps/ios/Tests/QelvoraUITests/NativeSnapshotTests.swift:60: error: -[QelvoraUITests.NativeSnapshotTests testComponentCatalogThemes] : failed - Snapshot "MemoryChip.light" does not match reference.
2026-10-01T17:50:52.5338680Z 
2026-10-01T17:50:52.5339490Z @−
2026-10-01T17:50:52.5341150Z "file:///Users/runner/work/creator-platform/creator-platform/apps/ios/Tests/QelvoraUITests/__Snapshots__/NativeSnapshotTests/testComponentCatalogThemes.MemoryChip-light.png"
2026-10-01T17:50:52.5342100Z @+
2026-10-01T17:50:52.5342720Z "file:///Users/runner/work/creator-platform/creator-platform/artifacts/ios/snapshots/NativeSnapshotTests/testComponentCatalogThemes.MemoryChip-light.png"
2026-10-01T17:50:52.5343270Z 
2026-10-01T17:50:52.5343450Z To configure output for a custom diff tool, use 'withSnapshotTesting'. For example:
2026-10-01T17:50:52.5343820Z 
2026-10-01T17:50:52.5343920Z     withSnapshotTesting(diffTool: .ksdiff) {
2026-10-01T17:50:52.5344290Z       // ...
2026-10-01T17:50:52.5344620Z     }
2026-10-01T17:50:52.5344700Z 
2026-10-01T17:50:52.5345030Z 31404 pixels exceed the native sRGB rounding bound. Newly-taken snapshot does not match reference.
2026-10-01T17:50:52.5346220Z /Users/runner/work/creator-platform/creator-platform/apps/ios/Tests/QelvoraUITests/NativeSnapshotTests.swift:60: error: -[QelvoraUITests.NativeSnapshotTests testComponentCatalogThemes] : failed - Snapshot "Correction.light" does not match reference.
2026-10-01T17:50:52.5347290Z 
2026-10-01T17:50:52.5348040Z @−
2026-10-01T17:50:52.5348680Z "file:///Users/runner/work/creator-platform/creator-platform/apps/ios/Tests/QelvoraUITests/__Snapshots__/NativeSnapshotTests/testComponentCatalogThemes.Correction-light.png"
2026-10-01T17:50:52.5349320Z @+
2026-10-01T17:50:52.5350090Z "file:///Users/runner/work/creator-platform/creator-platform/artifacts/ios/snapshots/NativeSnapshotTests/testComponentCatalogThemes.Correction-light.png"
2026-10-01T17:50:52.5351510Z 
2026-10-01T17:50:52.5351750Z To configure output for a custom diff tool, use 'withSnapshotTesting'. For example:
2026-10-01T17:50:52.5352020Z 
2026-10-01T17:50:52.5352150Z     withSnapshotTesting(diffTool: .ksdiff) {
2026-10-01T17:50:52.5352480Z       // ...
2026-10-01T17:50:52.5352680Z     }
2026-10-01T17:50:52.5352860Z 
2026-10-01T17:50:52.5353130Z 30925 pixels exceed the native sRGB rounding bound. Newly-taken snapshot does not match reference.
2026-10-01T17:50:52.5354170Z /Users/runner/work/creator-platform/creator-platform/apps/ios/Tests/QelvoraUITests/NativeSnapshotTests.swift:60: error: -[QelvoraUITests.NativeSnapshotTests testComponentCatalogThemes] : failed - Snapshot "ContextCard.light" does not match reference.
2026-10-01T17:50:52.5355020Z 
2026-10-01T17:50:52.5355160Z @−
2026-10-01T17:50:52.5355830Z "file:///Users/runner/work/creator-platform/creator-platform/apps/ios/Tests/QelvoraUITests/__Snapshots__/NativeSnapshotTests/testComponentCatalogThemes.ContextCard-light.png"
2026-10-01T17:50:52.5356490Z @+
2026-10-01T17:50:52.5357040Z "file:///Users/runner/work/creator-platform/creator-platform/artifacts/ios/snapshots/NativeSnapshotTests/testComponentCatalogThemes.ContextCard-light.png"
2026-10-01T17:50:52.5357580Z 
2026-10-01T17:50:52.5357760Z To configure output for a custom diff tool, use 'withSnapshotTesting'. For example:
2026-10-01T17:50:52.5358060Z 
2026-10-01T17:50:52.5358170Z     withSnapshotTesting(diffTool: .ksdiff) {
2026-10-01T17:50:52.5358420Z       // ...
2026-10-01T17:50:52.5358600Z     }
2026-10-01T17:50:52.5358710Z 
2026-10-01T17:50:52.5359000Z 12659 pixels exceed the native sRGB rounding bound. Newly-taken snapshot does not match reference.
2026-10-01T17:50:52.5360000Z /Users/runner/work/creator-platform/creator-platform/apps/ios/Tests/QelvoraUITests/NativeSnapshotTests.swift:60: error: -[QelvoraUITests.NativeSnapshotTests testComponentCatalogThemes] : failed - Snapshot "VoiceNote.light" does not match reference.
2026-10-01T17:50:52.5360780Z 
2026-10-01T17:50:52.5360890Z @−
2026-10-01T17:50:52.5361590Z "file:///Users/runner/work/creator-platform/creator-platform/apps/ios/Tests/QelvoraUITests/__Snapshots__/NativeSnapshotTests/testComponentCatalogThemes.VoiceNote-light.png"
2026-10-01T17:50:52.5362250Z @+
2026-10-01T17:50:52.5362760Z "file:///Users/runner/work/creator-platform/creator-platform/artifacts/ios/snapshots/NativeSnapshotTests/testComponentCatalogThemes.VoiceNote-light.png"
2026-10-01T17:50:52.5363280Z 
2026-10-01T17:50:52.5363520Z To configure output for a custom diff tool, use 'withSnapshotTesting'. For example:
2026-10-01T17:50:52.5363830Z 
2026-10-01T17:50:52.5363950Z     withSnapshotTesting(diffTool: .ksdiff) {
2026-10-01T17:50:52.5364180Z       // ...
2026-10-01T17:50:52.5364360Z     }
2026-10-01T17:50:52.5364450Z 
2026-10-01T17:50:52.5364680Z 32134 pixels exceed the native sRGB rounding bound. Newly-taken snapshot does not match reference.
2026-10-01T17:50:52.5365690Z /Users/runner/work/creator-platform/creator-platform/apps/ios/Tests/QelvoraUITests/NativeSnapshotTests.swift:60: error: -[QelvoraUITests.NativeSnapshotTests testComponentCatalogThemes] : failed - Snapshot "Composer.light" does not match reference.
2026-10-01T17:50:52.5366520Z 
2026-10-01T17:50:52.5366590Z @−
2026-10-01T17:50:52.5367430Z "file:///Users/runner/work/creator-platform/creator-platform/apps/ios/Tests/QelvoraUITests/__Snapshots__/NativeSnapshotTests/testComponentCatalogThemes.Composer-light.png"
2026-10-01T17:50:52.5368490Z @+
2026-10-01T17:50:52.5381970Z "file:///Users/runner/work/creator-platform/creator-platform/artifacts/ios/snapshots/NativeSnapshotTests/testComponentCatalogThemes.Composer-light.png"
2026-10-01T17:50:52.5382980Z 
2026-10-01T17:50:52.5383190Z To configure output for a custom diff tool, use 'withSnapshotTesting'. For example:
2026-10-01T17:50:52.5383490Z 
2026-10-01T17:50:52.5383610Z     withSnapshotTesting(diffTool: .ksdiff) {
2026-10-01T17:50:52.5383830Z       // ...
2026-10-01T17:50:52.5383950Z     }
2026-10-01T17:50:52.5384030Z 
2026-10-01T17:50:52.5384650Z 61745 pixels exceed the native sRGB rounding bound. Newly-taken snapshot does not match reference.
2026-10-01T17:50:52.5385700Z /Users/runner/work/creator-platform/creator-platform/apps/ios/Tests/QelvoraUITests/NativeSnapshotTests.swift:60: error: -[QelvoraUITests.NativeSnapshotTests testComponentCatalogThemes] : failed - Snapshot "StepIn.light" does not match reference.
2026-10-01T17:50:52.5386530Z 
2026-10-01T17:50:52.5386680Z @−
2026-10-01T17:50:52.5387290Z "file:///Users/runner/work/creator-platform/creator-platform/apps/ios/Tests/QelvoraUITests/__Snapshots__/NativeSnapshotTests/testComponentCatalogThemes.StepIn-light.png"
2026-10-01T17:50:52.5387920Z @+
2026-10-01T17:50:52.5388410Z "file:///Users/runner/work/creator-platform/creator-platform/artifacts/ios/snapshots/NativeSnapshotTests/testComponentCatalogThemes.StepIn-light.png"
2026-10-01T17:50:52.5388910Z 
2026-10-01T17:50:52.5389100Z To configure output for a custom diff tool, use 'withSnapshotTesting'. For example:
2026-10-01T17:50:52.5389400Z 
2026-10-01T17:50:52.5389500Z     withSnapshotTesting(diffTool: .ksdiff) {
2026-10-01T17:50:52.5389700Z       // ...
2026-10-01T17:50:52.5389840Z     }
2026-10-01T17:50:52.5389920Z 
2026-10-01T17:50:52.5390160Z 15212 pixels exceed the native sRGB rounding bound. Newly-taken snapshot does not match reference.
2026-10-01T17:50:52.5391200Z /Users/runner/work/creator-platform/creator-platform/apps/ios/Tests/QelvoraUITests/NativeSnapshotTests.swift:60: error: -[QelvoraUITests.NativeSnapshotTests testComponentCatalogThemes] : failed - Snapshot "AccessLines.light" does not match reference.
2026-10-01T17:50:52.5391950Z 
2026-10-01T17:50:52.5392020Z @−
2026-10-01T17:50:52.5392550Z "file:///Users/runner/work/creator-platform/creator-platform/apps/ios/Tests/QelvoraUITests/__Snapshots__/NativeSnapshotTests/testComponentCatalogThemes.AccessLines-light.png"
2026-10-01T17:50:52.5393130Z @+
2026-10-01T17:50:52.5393620Z "file:///Users/runner/work/creator-platform/creator-platform/artifacts/ios/snapshots/NativeSnapshotTests/testComponentCatalogThemes.AccessLines-light.png"
2026-10-01T17:50:52.5394110Z 
2026-10-01T17:50:52.5394280Z To configure output for a custom diff tool, use 'withSnapshotTesting'. For example:
2026-10-01T17:50:52.5394560Z 
2026-10-01T17:50:52.5394640Z     withSnapshotTesting(diffTool: .ksdiff) {
2026-10-01T17:50:52.5394870Z       // ...
2026-10-01T17:50:52.5394980Z     }
2026-10-01T17:50:52.5395050Z 
2026-10-01T17:50:52.5395290Z 39429 pixels exceed the native sRGB rounding bound. Newly-taken snapshot does not match reference.
2026-10-01T17:50:52.5396320Z /Users/runner/work/creator-platform/creator-platform/apps/ios/Tests/QelvoraUITests/NativeSnapshotTests.swift:60: error: -[QelvoraUITests.NativeSnapshotTests testComponentCatalogThemes] : failed - Snapshot "ModeList.light" does not match reference.
2026-10-01T17:50:52.5397100Z 
2026-10-01T17:50:52.5397190Z @−
2026-10-01T17:50:52.5397760Z "file:///Users/runner/work/creator-platform/creator-platform/apps/ios/Tests/QelvoraUITests/__Snapshots__/NativeSnapshotTests/testComponentCatalogThemes.ModeList-light.png"
2026-10-01T17:50:52.5398370Z @+
2026-10-01T17:50:52.5398870Z "file:///Users/runner/work/creator-platform/creator-platform/artifacts/ios/snapshots/NativeSnapshotTests/testComponentCatalogThemes.ModeList-light.png"
2026-10-01T17:50:52.5399360Z 
2026-10-01T17:50:52.5399560Z To configure output for a custom diff tool, use 'withSnapshotTesting'. For example:
2026-10-01T17:50:52.5399830Z 
2026-10-01T17:50:52.5399920Z     withSnapshotTesting(diffTool: .ksdiff) {
2026-10-01T17:50:52.5400130Z       // ...
2026-10-01T17:50:52.5400510Z     }
2026-10-01T17:50:52.5400590Z 
2026-10-01T17:50:52.5400820Z 19829 pixels exceed the native sRGB rounding bound. Newly-taken snapshot does not match reference.
2026-10-01T17:50:52.5402370Z /Users/runner/work/creator-platform/creator-platform/apps/ios/Tests/QelvoraUITests/NativeSnapshotTests.swift:60: error: -[QelvoraUITests.NativeSnapshotTests testComponentCatalogThemes] : failed - Snapshot "IncludeList.light" does not match reference.
2026-10-01T17:50:52.5403200Z 
2026-10-01T17:50:52.5403290Z @−
2026-10-01T17:50:52.5403860Z "file:///Users/runner/work/creator-platform/creator-platform/apps/ios/Tests/QelvoraUITests/__Snapshots__/NativeSnapshotTests/testComponentCatalogThemes.IncludeList-light.png"
2026-10-01T17:50:52.5404480Z @+
2026-10-01T17:50:52.5404980Z "file:///Users/runner/work/creator-platform/creator-platform/artifacts/ios/snapshots/NativeSnapshotTests/testComponentCatalogThemes.IncludeList-light.png"
2026-10-01T17:50:52.5405480Z 
2026-10-01T17:50:52.5405680Z To configure output for a custom diff tool, use 'withSnapshotTesting'. For example:
2026-10-01T17:50:52.5405970Z 
2026-10-01T17:50:52.5406080Z     withSnapshotTesting(diffTool: .ksdiff) {
2026-10-01T17:50:52.5406300Z       // ...
2026-10-01T17:50:52.5406440Z     }
2026-10-01T17:50:52.5406510Z 
2026-10-01T17:50:52.5406760Z 33956 pixels exceed the native sRGB rounding bound. Newly-taken snapshot does not match reference.
2026-10-01T17:50:52.5407940Z /Users/runner/work/creator-platform/creator-platform/apps/ios/Tests/QelvoraUITests/NativeSnapshotTests.swift:60: error: -[QelvoraUITests.NativeSnapshotTests testComponentCatalogThemes] : failed - Snapshot "TermsBlock.light" does not match reference.
2026-10-01T17:50:52.5408760Z 
2026-10-01T17:50:52.5408840Z @−
2026-10-01T17:50:52.5409390Z "file:///Users/runner/work/creator-platform/creator-platform/apps/ios/Tests/QelvoraUITests/__Snapshots__/NativeSnapshotTests/testComponentCatalogThemes.TermsBlock-light.png"
2026-10-01T17:50:52.5410000Z @+
2026-10-01T17:50:52.5410510Z "file:///Users/runner/work/creator-platform/creator-platform/artifacts/ios/snapshots/NativeSnapshotTests/testComponentCatalogThemes.TermsBlock-light.png"
2026-10-01T17:50:52.5411020Z 
2026-10-01T17:50:52.5411220Z To configure output for a custom diff tool, use 'withSnapshotTesting'. For example:
2026-10-01T17:50:52.5411480Z 
2026-10-01T17:50:52.5411570Z     withSnapshotTesting(diffTool: .ksdiff) {
2026-10-01T17:50:52.5411760Z       // ...
2026-10-01T17:50:52.5411900Z     }
2026-10-01T17:50:52.5411980Z 
2026-10-01T17:50:52.5412190Z 42017 pixels exceed the native sRGB rounding bound. Newly-taken snapshot does not match reference.
2026-10-01T17:50:52.5413200Z /Users/runner/work/creator-platform/creator-platform/apps/ios/Tests/QelvoraUITests/NativeSnapshotTests.swift:60: error: -[QelvoraUITests.NativeSnapshotTests testComponentCatalogThemes] : failed - Snapshot "EtaLine.light" does not match reference.
2026-10-01T17:50:52.5413970Z 
2026-10-01T17:50:52.5414040Z @−
2026-10-01T17:50:52.5414560Z "file:///Users/runner/work/creator-platform/creator-platform/apps/ios/Tests/QelvoraUITests/__Snapshots__/NativeSnapshotTests/testComponentCatalogThemes.EtaLine-light.png"
2026-10-01T17:50:52.5415160Z @+
2026-10-01T17:50:52.5415650Z "file:///Users/runner/work/creator-platform/creator-platform/artifacts/ios/snapshots/NativeSnapshotTests/testComponentCatalogThemes.EtaLine-light.png"
2026-10-01T17:50:52.5416150Z 
2026-10-01T17:50:52.5416330Z To configure output for a custom diff tool, use 'withSnapshotTesting'. For example:
2026-10-01T17:50:52.5416620Z 
2026-10-01T17:50:52.5416710Z     withSnapshotTesting(diffTool: .ksdiff) {
2026-10-01T17:50:52.5416930Z       // ...
2026-10-01T17:50:52.5417050Z     }
2026-10-01T17:50:52.5417120Z 
2026-10-01T17:50:52.5417360Z 11946 pixels exceed the native sRGB rounding bound. Newly-taken snapshot does not match reference.
2026-10-01T17:50:52.5418350Z /Users/runner/work/creator-platform/creator-platform/apps/ios/Tests/QelvoraUITests/NativeSnapshotTests.swift:60: error: -[QelvoraUITests.NativeSnapshotTests testComponentCatalogThemes] : failed - Snapshot "RequestStatus.light" does not match reference.
2026-10-01T17:50:52.5419430Z 
2026-10-01T17:50:52.5419520Z @−
2026-10-01T17:50:52.5420060Z "file:///Users/runner/work/creator-platform/creator-platform/apps/ios/Tests/QelvoraUITests/__Snapshots__/NativeSnapshotTests/testComponentCatalogThemes.RequestStatus-light.png"
2026-10-01T17:50:52.5420660Z @+
2026-10-01T17:50:52.5421360Z "file:///Users/runner/work/creator-platform/creator-platform/artifacts/ios/snapshots/NativeSnapshotTests/testComponentCatalogThemes.RequestStatus-light.png"
2026-10-01T17:50:52.5421900Z 
2026-10-01T17:50:52.5422080Z To configure output for a custom diff tool, use 'withSnapshotTesting'. For example:
2026-10-01T17:50:52.5422330Z 
2026-10-01T17:50:52.5422410Z     withSnapshotTesting(diffTool: .ksdiff) {
2026-10-01T17:50:52.5422610Z       // ...
2026-10-01T17:50:52.5422730Z     }
2026-10-01T17:50:52.5422800Z 
2026-10-01T17:50:52.5423020Z 28735 pixels exceed the native sRGB rounding bound. Newly-taken snapshot does not match reference.
2026-10-01T17:50:52.5423970Z /Users/runner/work/creator-platform/creator-platform/apps/ios/Tests/QelvoraUITests/NativeSnapshotTests.swift:60: error: -[QelvoraUITests.NativeSnapshotTests testComponentCatalogThemes] : failed - Snapshot "Receipt.light" does not match reference.
2026-10-01T17:50:52.5424740Z 
2026-10-01T17:50:52.5424830Z @−
2026-10-01T17:50:52.5425460Z "file:///Users/runner/work/creator-platform/creator-platform/apps/ios/Tests/QelvoraUITests/__Snapshots__/NativeSnapshotTests/testComponentCatalogThemes.Receipt-light.png"
2026-10-01T17:50:52.5426160Z @+
2026-10-01T17:50:52.5426630Z "file:///Users/runner/work/creator-platform/creator-platform/artifacts/ios/snapshots/NativeSnapshotTests/testComponentCatalogThemes.Receipt-light.png"
2026-10-01T17:50:52.5427100Z 
2026-10-01T17:50:52.5427270Z To configure output for a custom diff tool, use 'withSnapshotTesting'. For example:
2026-10-01T17:50:52.5427530Z 
2026-10-01T17:50:52.5427620Z     withSnapshotTesting(diffTool: .ksdiff) {
2026-10-01T17:50:52.5427830Z       // ...
2026-10-01T17:50:52.5427950Z     }
2026-10-01T17:50:52.5428020Z 
2026-10-01T17:50:52.5428300Z 29307 pixels exceed the native sRGB rounding bound. Newly-taken snapshot does not match reference.
2026-10-01T17:50:52.5429280Z /Users/runner/work/creator-platform/creator-platform/apps/ios/Tests/QelvoraUITests/NativeSnapshotTests.swift:60: error: -[QelvoraUITests.NativeSnapshotTests testComponentCatalogThemes] : failed - Snapshot "SpendLimit.light" does not match reference.
2026-10-01T17:50:52.5430080Z 
2026-10-01T17:50:52.5430190Z @−
2026-10-01T17:50:52.5430810Z "file:///Users/runner/work/creator-platform/creator-platform/apps/ios/Tests/QelvoraUITests/__Snapshots__/NativeSnapshotTests/testComponentCatalogThemes.SpendLimit-light.png"
2026-10-01T17:50:52.5431390Z @+
2026-10-01T17:50:52.5431950Z "file:///Users/runner/work/creator-platform/creator-platform/artifacts/ios/snapshots/NativeSnapshotTests/testComponentCatalogThemes.SpendLimit-light.png"
2026-10-01T17:50:52.5432440Z 
2026-10-01T17:50:52.5432630Z To configure output for a custom diff tool, use 'withSnapshotTesting'. For example:
2026-10-01T17:50:52.5432880Z 
2026-10-01T17:50:52.5432970Z     withSnapshotTesting(diffTool: .ksdiff) {
2026-10-01T17:50:52.5433160Z       // ...
2026-10-01T17:50:52.5433280Z     }
2026-10-01T17:50:52.5433340Z 
2026-10-01T17:50:52.5433560Z 33278 pixels exceed the native sRGB rounding bound. Newly-taken snapshot does not match reference.
2026-10-01T17:50:52.5434520Z /Users/runner/work/creator-platform/creator-platform/apps/ios/Tests/QelvoraUITests/NativeSnapshotTests.swift:60: error: -[QelvoraUITests.NativeSnapshotTests testComponentCatalogThemes] : failed - Snapshot "QueueCard.light" does not match reference.
2026-10-01T17:50:52.5435260Z 
2026-10-01T17:50:52.5435320Z @−
2026-10-01T17:50:52.5435840Z "file:///Users/runner/work/creator-platform/creator-platform/apps/ios/Tests/QelvoraUITests/__Snapshots__/NativeSnapshotTests/testComponentCatalogThemes.QueueCard-light.png"
2026-10-01T17:50:52.5436410Z @+
2026-10-01T17:50:52.5437170Z "file:///Users/runner/work/creator-platform/creator-platform/artifacts/ios/snapshots/NativeSnapshotTests/testComponentCatalogThemes.QueueCard-light.png"
2026-10-01T17:50:52.5437670Z 
2026-10-01T17:50:52.5437860Z To configure output for a custom diff tool, use 'withSnapshotTesting'. For example:
2026-10-01T17:50:52.5438120Z 
2026-10-01T17:50:52.5438210Z     withSnapshotTesting(diffTool: .ksdiff) {
2026-10-01T17:50:52.5438540Z       // ...
2026-10-01T17:50:52.5438680Z     }
2026-10-01T17:50:52.5438750Z 
2026-10-01T17:50:52.5438980Z 41863 pixels exceed the native sRGB rounding bound. Newly-taken snapshot does not match reference.
2026-10-01T17:50:52.5440010Z /Users/runner/work/creator-platform/creator-platform/apps/ios/Tests/QelvoraUITests/NativeSnapshotTests.swift:60: error: -[QelvoraUITests.NativeSnapshotTests testComponentCatalogThemes] : failed - Snapshot "CapacityHeader.light" does not match reference.
2026-10-01T17:50:52.5440770Z 
2026-10-01T17:50:52.5440840Z @−
2026-10-01T17:50:52.5441420Z "file:///Users/runner/work/creator-platform/creator-platform/apps/ios/Tests/QelvoraUITests/__Snapshots__/NativeSnapshotTests/testComponentCatalogThemes.CapacityHeader-light.png"
2026-10-01T17:50:52.5442040Z @+
2026-10-01T17:50:52.5442610Z "file:///Users/runner/work/creator-platform/creator-platform/artifacts/ios/snapshots/NativeSnapshotTests/testComponentCatalogThemes.CapacityHeader-light.png"
2026-10-01T17:50:52.5443140Z 
2026-10-01T17:50:52.5443340Z To configure output for a custom diff tool, use 'withSnapshotTesting'. For example:
2026-10-01T17:50:52.5443610Z 
2026-10-01T17:50:52.5443690Z     withSnapshotTesting(diffTool: .ksdiff) {
2026-10-01T17:50:52.5443890Z       // ...
2026-10-01T17:50:52.5444010Z     }
2026-10-01T17:50:52.5444080Z 
2026-10-01T17:50:52.5444290Z 21473 pixels exceed the native sRGB rounding bound. Newly-taken snapshot does not match reference.
2026-10-01T17:50:52.5445310Z /Users/runner/work/creator-platform/creator-platform/apps/ios/Tests/QelvoraUITests/NativeSnapshotTests.swift:60: error: -[QelvoraUITests.NativeSnapshotTests testComponentCatalogThemes] : failed - Snapshot "LabelPreview.light" does not match reference.
2026-10-01T17:50:52.5446110Z 
2026-10-01T17:50:52.5446180Z @−
2026-10-01T17:50:52.5446740Z "file:///Users/runner/work/creator-platform/creator-platform/apps/ios/Tests/QelvoraUITests/__Snapshots__/NativeSnapshotTests/testComponentCatalogThemes.LabelPreview-light.png"
2026-10-01T17:50:52.5447340Z @+
2026-10-01T17:50:52.5447950Z "file:///Users/runner/work/creator-platform/creator-platform/artifacts/ios/snapshots/NativeSnapshotTests/testComponentCatalogThemes.LabelPreview-light.png"
2026-10-01T17:50:52.5448470Z 
2026-10-01T17:50:52.5448650Z To configure output for a custom diff tool, use 'withSnapshotTesting'. For example:
2026-10-01T17:50:52.5448910Z 
2026-10-01T17:50:52.5448990Z     withSnapshotTesting(diffTool: .ksdiff) {
2026-10-01T17:50:52.5449180Z       // ...
2026-10-01T17:50:52.5449300Z     }
2026-10-01T17:50:52.5449360Z 
2026-10-01T17:50:52.5449580Z 22085 pixels exceed the native sRGB rounding bound. Newly-taken snapshot does not match reference.
2026-10-01T17:50:52.5450610Z /Users/runner/work/creator-platform/creator-platform/apps/ios/Tests/QelvoraUITests/NativeSnapshotTests.swift:60: error: -[QelvoraUITests.NativeSnapshotTests testComponentCatalogThemes] : failed - Snapshot "SigningSheet.light" does not match reference.
2026-10-01T17:50:52.5451360Z 
2026-10-01T17:50:52.5451420Z @−
2026-10-01T17:50:52.5451950Z "file:///Users/runner/work/creator-platform/creator-platform/apps/ios/Tests/QelvoraUITests/__Snapshots__/NativeSnapshotTests/testComponentCatalogThemes.SigningSheet-light.png"
2026-10-01T17:50:52.5452590Z @+
2026-10-01T17:50:52.5453070Z "file:///Users/runner/work/creator-platform/creator-platform/artifacts/ios/snapshots/NativeSnapshotTests/testComponentCatalogThemes.SigningSheet-light.png"
2026-10-01T17:50:52.5453570Z 
2026-10-01T17:50:52.5453750Z To configure output for a custom diff tool, use 'withSnapshotTesting'. For example:
2026-10-01T17:50:52.5454010Z 
2026-10-01T17:50:52.5454270Z     withSnapshotTesting(diffTool: .ksdiff) {
2026-10-01T17:50:52.5454470Z       // ...
2026-10-01T17:50:52.5454590Z     }
2026-10-01T17:50:52.5454650Z 
2026-10-01T17:50:52.5454870Z 37244 pixels exceed the native sRGB rounding bound. Newly-taken snapshot does not match reference.
2026-10-01T17:50:52.5455920Z /Users/runner/work/creator-platform/creator-platform/apps/ios/Tests/QelvoraUITests/NativeSnapshotTests.swift:60: error: -[QelvoraUITests.NativeSnapshotTests testComponentCatalogThemes] : failed - Snapshot "AuditBanner.light" does not match reference.
2026-10-01T17:50:52.5456690Z 
2026-10-01T17:50:52.5456770Z @−
2026-10-01T17:50:52.5457290Z "file:///Users/runner/work/creator-platform/creator-platform/apps/ios/Tests/QelvoraUITests/__Snapshots__/NativeSnapshotTests/testComponentCatalogThemes.AuditBanner-light.png"
2026-10-01T17:50:52.5457870Z @+
2026-10-01T17:50:52.5458340Z "file:///Users/runner/work/creator-platform/creator-platform/artifacts/ios/snapshots/NativeSnapshotTests/testComponentCatalogThemes.AuditBanner-light.png"
2026-10-01T17:50:52.5458840Z 
2026-10-01T17:50:52.5459020Z To configure output for a custom diff tool, use 'withSnapshotTesting'. For example:
2026-10-01T17:50:52.5459270Z 
2026-10-01T17:50:52.5459390Z     withSnapshotTesting(diffTool: .ksdiff) {
2026-10-01T17:50:52.5459630Z       // ...
2026-10-01T17:50:52.5459750Z     }
2026-10-01T17:50:52.5459820Z 
2026-10-01T17:50:52.5460040Z 14421 pixels exceed the native sRGB rounding bound. Newly-taken snapshot does not match reference.
2026-10-01T17:50:52.5461000Z /Users/runner/work/creator-platform/creator-platform/apps/ios/Tests/QelvoraUITests/NativeSnapshotTests.swift:60: error: -[QelvoraUITests.NativeSnapshotTests testComponentCatalogThemes] : failed - Snapshot "SourceRow.light" does not match reference.
2026-10-01T17:50:52.5461750Z 
2026-10-01T17:50:52.5461810Z @−
2026-10-01T17:50:52.5462370Z "file:///Users/runner/work/creator-platform/creator-platform/apps/ios/Tests/QelvoraUITests/__Snapshots__/NativeSnapshotTests/testComponentCatalogThemes.SourceRow-light.png"
2026-10-01T17:50:52.5462970Z @+
2026-10-01T17:50:52.5463480Z "file:///Users/runner/work/creator-platform/creator-platform/artifacts/ios/snapshots/NativeSnapshotTests/testComponentCatalogThemes.SourceRow-light.png"
2026-10-01T17:50:52.5463970Z 
2026-10-01T17:50:52.5464150Z To configure output for a custom diff tool, use 'withSnapshotTesting'. For example:
2026-10-01T17:50:52.5464420Z 
2026-10-01T17:50:52.5464510Z     withSnapshotTesting(diffTool: .ksdiff) {
2026-10-01T17:50:59.6893560Z       // ...
2026-10-01T17:50:59.6910390Z     }
2026-10-01T17:50:59.7011850Z 
2026-10-01T17:50:59.7113630Z 24351 pixels exceed the native sRGB rounding bound. Newly-taken snapshot does not match reference.
2026-10-01T17:50:59.7188520Z /Users/runner/work/creator-platform/creator-platform/apps/ios/Tests/QelvoraUITests/NativeSnapshotTests.swift:60: error: -[QelvoraUITests.NativeSnapshotTests testComponentCatalogThemes] : failed - Snapshot "Button.light" does not match reference.
2026-10-01T17:50:59.7191960Z 
2026-10-01T17:50:59.7251610Z @−
2026-10-01T17:50:59.7355830Z "file:///Users/runner/work/creator-platform/creator-platform/apps/ios/Tests/QelvoraUITests/__Snapshots__/NativeSnapshotTests/testComponentCatalogThemes.Button-light.png"
2026-10-01T17:50:59.7564930Z @+
2026-10-01T17:50:59.7699380Z "file:///Users/runner/work/creator-platform/creator-platform/artifacts/ios/snapshots/NativeSnapshotTests/testComponentCatalogThemes.Button-light.png"
2026-10-01T17:50:59.7805140Z 
2026-10-01T17:50:59.7906130Z To configure output for a custom diff tool, use 'withSnapshotTesting'. For example:
2026-10-01T17:50:59.8006970Z 
2026-10-01T17:50:59.8108000Z     withSnapshotTesting(diffTool: .ksdiff) {
2026-10-01T17:50:59.8209440Z       // ...
2026-10-01T17:50:59.8310640Z     }
2026-10-01T17:50:59.8419070Z 
2026-10-01T17:50:59.8520350Z 27700 pixels exceed the native sRGB rounding bound. Newly-taken snapshot does not match reference.
2026-10-01T17:50:59.8624250Z /Users/runner/work/creator-platform/creator-platform/apps/ios/Tests/QelvoraUITests/NativeSnapshotTests.swift:60: error: -[QelvoraUITests.NativeSnapshotTests testComponentCatalogThemes] : failed - Snapshot "TabBar.light" does not match reference.
2026-10-01T17:50:59.8728740Z 
2026-10-01T17:50:59.8842240Z @−
2026-10-01T17:50:59.8943300Z "file:///Users/runner/work/creator-platform/creator-platform/apps/ios/Tests/QelvoraUITests/__Snapshots__/NativeSnapshotTests/testComponentCatalogThemes.TabBar-light.png"
2026-10-01T17:50:59.9044710Z @+
2026-10-01T17:50:59.9155890Z "file:///Users/runner/work/creator-platform/creator-platform/artifacts/ios/snapshots/NativeSnapshotTests/testComponentCatalogThemes.TabBar-light.png"
2026-10-01T17:50:59.9257660Z 
2026-10-01T17:50:59.9362090Z To configure output for a custom diff tool, use 'withSnapshotTesting'. For example:
2026-10-01T17:50:59.9463820Z 
2026-10-01T17:50:59.9564580Z     withSnapshotTesting(diffTool: .ksdiff) {
2026-10-01T17:50:59.9678340Z       // ...
2026-10-01T17:50:59.9779630Z     }
2026-10-01T17:50:59.9881170Z 
2026-10-01T17:50:59.9982410Z 6469 pixels exceed the native sRGB rounding bound. Newly-taken snapshot does not match reference.
2026-10-01T17:51:00.0054270Z /Users/runner/work/creator-platform/creator-platform/apps/ios/Tests/QelvoraUITests/NativeSnapshotTests.swift:60: error: -[QelvoraUITests.NativeSnapshotTests testComponentCatalogThemes] : failed - Snapshot "Segmented.light" does not match reference.
2026-10-01T17:51:00.0104960Z 
2026-10-01T17:51:00.0126720Z @−
2026-10-01T17:51:00.0127910Z "file:///Users/runner/work/creator-platform/creator-platform/apps/ios/Tests/QelvoraUITests/__Snapshots__/NativeSnapshotTests/testComponentCatalogThemes.Segmented-light.png"
2026-10-01T17:51:00.0128680Z @+
2026-10-01T17:51:00.0129380Z "file:///Users/runner/work/creator-platform/creator-platform/artifacts/ios/snapshots/NativeSnapshotTests/testComponentCatalogThemes.Segmented-light.png"
2026-10-01T17:51:00.0130130Z 
2026-10-01T17:51:00.0130430Z To configure output for a custom diff tool, use 'withSnapshotTesting'. For example:
2026-10-01T17:51:00.0130870Z 
2026-10-01T17:51:00.0131050Z     withSnapshotTesting(diffTool: .ksdiff) {
2026-10-01T17:51:00.0131350Z       // ...
2026-10-01T17:51:00.0131580Z     }
2026-10-01T17:51:00.0131810Z 
2026-10-01T17:51:00.0132240Z 8521 pixels exceed the native sRGB rounding bound. Newly-taken snapshot does not match reference.
2026-10-01T17:51:00.0134040Z /Users/runner/work/creator-platform/creator-platform/apps/ios/Tests/QelvoraUITests/NativeSnapshotTests.swift:60: error: -[QelvoraUITests.NativeSnapshotTests testComponentCatalogThemes] : failed - Snapshot "Notice.light" does not match reference.
2026-10-01T17:51:00.0135610Z 
2026-10-01T17:51:00.0135840Z @−
2026-10-01T17:51:00.0136670Z "file:///Users/runner/work/creator-platform/creator-platform/apps/ios/Tests/QelvoraUITests/__Snapshots__/NativeSnapshotTests/testComponentCatalogThemes.Notice-light.png"
2026-10-01T17:51:00.0137590Z @+
2026-10-01T17:51:00.0138370Z "file:///Users/runner/work/creator-platform/creator-platform/artifacts/ios/snapshots/NativeSnapshotTests/testComponentCatalogThemes.Notice-light.png"
2026-10-01T17:51:00.0139030Z 
2026-10-01T17:51:00.0139320Z To configure output for a custom diff tool, use 'withSnapshotTesting'. For example:
2026-10-01T17:51:00.0140340Z 
2026-10-01T17:51:00.0140560Z     withSnapshotTesting(diffTool: .ksdiff) {
2026-10-01T17:51:00.0140960Z       // ...
2026-10-01T17:51:00.0141250Z     }
2026-10-01T17:51:00.0141590Z 
2026-10-01T17:51:00.0142210Z 26469 pixels exceed the native sRGB rounding bound. Newly-taken snapshot does not match reference.
2026-10-01T17:51:00.0143680Z /Users/runner/work/creator-platform/creator-platform/apps/ios/Tests/QelvoraUITests/NativeSnapshotTests.swift:60: error: -[QelvoraUITests.NativeSnapshotTests testComponentCatalogThemes] : failed - Snapshot "NotificationRow.light" does not match reference.
2026-10-01T17:51:00.0145040Z 
2026-10-01T17:51:00.0145330Z @−
2026-10-01T17:51:00.0146170Z "file:///Users/runner/work/creator-platform/creator-platform/apps/ios/Tests/QelvoraUITests/__Snapshots__/NativeSnapshotTests/testComponentCatalogThemes.NotificationRow-light.png"
2026-10-01T17:51:00.0149470Z @+
2026-10-01T17:51:00.0150170Z "file:///Users/runner/work/creator-platform/creator-platform/artifacts/ios/snapshots/NativeSnapshotTests/testComponentCatalogThemes.NotificationRow-light.png"
2026-10-01T17:51:00.0150820Z 
2026-10-01T17:51:00.0151250Z To configure output for a custom diff tool, use 'withSnapshotTesting'. For example:
2026-10-01T17:51:00.0152150Z 
2026-10-01T17:51:00.0152390Z     withSnapshotTesting(diffTool: .ksdiff) {
2026-10-01T17:51:00.0152780Z       // ...
2026-10-01T17:51:00.0153050Z     }
2026-10-01T17:51:00.0153220Z 
2026-10-01T17:51:00.0153540Z 68552 pixels exceed the native sRGB rounding bound. Newly-taken snapshot does not match reference.
2026-10-01T17:51:00.0154790Z /Users/runner/work/creator-platform/creator-platform/apps/ios/Tests/QelvoraUITests/NativeSnapshotTests.swift:60: error: -[QelvoraUITests.NativeSnapshotTests testComponentCatalogThemes] : failed - Snapshot "EmptyState.light" does not match reference.
2026-10-01T17:51:00.0156190Z 
2026-10-01T17:51:00.0156500Z @−
2026-10-01T17:51:00.0157200Z "file:///Users/runner/work/creator-platform/creator-platform/apps/ios/Tests/QelvoraUITests/__Snapshots__/NativeSnapshotTests/testComponentCatalogThemes.EmptyState-light.png"
2026-10-01T17:51:00.0157940Z @+
2026-10-01T17:51:00.0158600Z "file:///Users/runner/work/creator-platform/creator-platform/artifacts/ios/snapshots/NativeSnapshotTests/testComponentCatalogThemes.EmptyState-light.png"
2026-10-01T17:51:00.0159470Z 
2026-10-01T17:51:00.0159810Z To configure output for a custom diff tool, use 'withSnapshotTesting'. For example:
2026-10-01T17:51:00.0160170Z 
2026-10-01T17:51:00.0160350Z     withSnapshotTesting(diffTool: .ksdiff) {
2026-10-01T17:51:00.0160660Z       // ...
2026-10-01T17:51:00.0160880Z     }
2026-10-01T17:51:00.0161090Z 
2026-10-01T17:51:00.0161420Z 23599 pixels exceed the native sRGB rounding bound. Newly-taken snapshot does not match reference.
2026-10-01T17:51:00.0162510Z /Users/runner/work/creator-platform/creator-platform/apps/ios/Tests/QelvoraUITests/NativeSnapshotTests.swift:60: error: -[QelvoraUITests.NativeSnapshotTests testComponentCatalogThemes] : failed - Snapshot "ShareCard.light" does not match reference.
2026-10-01T17:51:00.0163600Z 
2026-10-01T17:51:00.0163840Z @−
2026-10-01T17:51:00.0164650Z "file:///Users/runner/work/creator-platform/creator-platform/apps/ios/Tests/QelvoraUITests/__Snapshots__/NativeSnapshotTests/testComponentCatalogThemes.ShareCard-light.png"
2026-10-01T17:51:00.0165400Z @+
2026-10-01T17:51:00.0166510Z "file:///Users/runner/work/creator-platform/creator-platform/artifacts/ios/snapshots/NativeSnapshotTests/testComponentCatalogThemes.ShareCard-light.png"
2026-10-01T17:51:00.0167260Z 
2026-10-01T17:51:00.0167640Z To configure output for a custom diff tool, use 'withSnapshotTesting'. For example:
2026-10-01T17:51:00.0169310Z 
2026-10-01T17:51:00.0169540Z     withSnapshotTesting(diffTool: .ksdiff) {
2026-10-01T17:51:00.0169910Z       // ...
2026-10-01T17:51:00.0170200Z     }
2026-10-01T17:51:00.0170400Z 
2026-10-01T17:51:00.0170800Z 39137 pixels exceed the native sRGB rounding bound. Newly-taken snapshot does not match reference.
2026-10-01T17:51:00.0172100Z /Users/runner/work/creator-platform/creator-platform/apps/ios/Tests/QelvoraUITests/NativeSnapshotTests.swift:60: error: -[QelvoraUITests.NativeSnapshotTests testComponentCatalogThemes] : failed - Snapshot "CallChip.light" does not match reference.
2026-10-01T17:51:00.0173220Z 
2026-10-01T17:51:00.0173420Z @−
2026-10-01T17:51:00.0174270Z "file:///Users/runner/work/creator-platform/creator-platform/apps/ios/Tests/QelvoraUITests/__Snapshots__/NativeSnapshotTests/testComponentCatalogThemes.CallChip-light.png"
2026-10-01T17:51:00.0175060Z @+
2026-10-01T17:51:00.0175710Z "file:///Users/runner/work/creator-platform/creator-platform/artifacts/ios/snapshots/NativeSnapshotTests/testComponentCatalogThemes.CallChip-light.png"
2026-10-01T17:51:00.0189090Z 
2026-10-01T17:51:00.0189510Z To configure output for a custom diff tool, use 'withSnapshotTesting'. For example:
2026-10-01T17:51:00.0190550Z 
2026-10-01T17:51:00.0190640Z     withSnapshotTesting(diffTool: .ksdiff) {
2026-10-01T17:51:00.0190850Z       // ...
2026-10-01T17:51:00.0190970Z     }
2026-10-01T17:51:00.0191040Z 
2026-10-01T17:51:00.0191260Z 22496 pixels exceed the native sRGB rounding bound. Newly-taken snapshot does not match reference.
2026-10-01T17:51:00.0192480Z /Users/runner/work/creator-platform/creator-platform/apps/ios/Tests/QelvoraUITests/NativeSnapshotTests.swift:60: error: -[QelvoraUITests.NativeSnapshotTests testComponentCatalogThemes] : failed - Snapshot "ReservedLabel.light" does not match reference.
2026-10-01T17:51:00.0193350Z 
2026-10-01T17:51:00.0193510Z @−
2026-10-01T17:51:00.0194070Z "file:///Users/runner/work/creator-platform/creator-platform/apps/ios/Tests/QelvoraUITests/__Snapshots__/NativeSnapshotTests/testComponentCatalogThemes.ReservedLabel-light.png"
2026-10-01T17:51:00.0194660Z @+
2026-10-01T17:51:00.0195150Z "file:///Users/runner/work/creator-platform/creator-platform/artifacts/ios/snapshots/NativeSnapshotTests/testComponentCatalogThemes.ReservedLabel-light.png"
2026-10-01T17:51:00.0196630Z 
2026-10-01T17:51:00.0197180Z To configure output for a custom diff tool, use 'withSnapshotTesting'. For example:
2026-10-01T17:51:00.0197890Z 
2026-10-01T17:51:00.0198110Z     withSnapshotTesting(diffTool: .ksdiff) {
2026-10-01T17:51:00.0198670Z       // ...
2026-10-01T17:51:00.0199070Z     }
2026-10-01T17:51:00.0199270Z 
2026-10-01T17:51:00.0199860Z 28306 pixels exceed the native sRGB rounding bound. Newly-taken snapshot does not match reference.
2026-10-01T17:51:00.0202770Z /Users/runner/work/creator-platform/creator-platform/apps/ios/Tests/QelvoraUITests/NativeSnapshotTests.swift:60: error: -[QelvoraUITests.NativeSnapshotTests testComponentCatalogThemes] : failed - Snapshot "Countdown.light" does not match reference.
2026-10-01T17:51:00.0205450Z 
2026-10-01T17:51:00.0205810Z @−
2026-10-01T17:51:00.0209340Z "file:///Users/runner/work/creator-platform/creator-platform/apps/ios/Tests/QelvoraUITests/__Snapshots__/NativeSnapshotTests/testComponentCatalogThemes.Countdown-light.png"
2026-10-01T17:51:00.0211370Z @+
2026-10-01T17:51:00.0212700Z "file:///Users/runner/work/creator-platform/creator-platform/artifacts/ios/snapshots/NativeSnapshotTests/testComponentCatalogThemes.Countdown-light.png"
2026-10-01T17:51:00.0214430Z 
2026-10-01T17:51:00.0215030Z To configure output for a custom diff tool, use 'withSnapshotTesting'. For example:
2026-10-01T17:51:00.0216330Z 
2026-10-01T17:51:00.0216730Z     withSnapshotTesting(diffTool: .ksdiff) {
2026-10-01T17:51:00.0217300Z       // ...
2026-10-01T17:51:00.0217810Z     }
2026-10-01T17:51:00.0217890Z 
2026-10-01T17:51:00.0218120Z 9260 pixels exceed the native sRGB rounding bound. Newly-taken snapshot does not match reference.
2026-10-01T17:51:00.0219200Z /Users/runner/work/creator-platform/creator-platform/apps/ios/Tests/QelvoraUITests/NativeSnapshotTests.swift:60: error: -[QelvoraUITests.NativeSnapshotTests testComponentCatalogThemes] : failed - Snapshot "InsteadMenu.light" does not match reference.
2026-10-01T17:51:00.0220030Z 
2026-10-01T17:51:00.0220250Z @−
2026-10-01T17:51:00.0221300Z "file:///Users/runner/work/creator-platform/creator-platform/apps/ios/Tests/QelvoraUITests/__Snapshots__/NativeSnapshotTests/testComponentCatalogThemes.InsteadMenu-light.png"
2026-10-01T17:51:00.0223260Z @+
2026-10-01T17:51:00.0223860Z "file:///Users/runner/work/creator-platform/creator-platform/artifacts/ios/snapshots/NativeSnapshotTests/testComponentCatalogThemes.InsteadMenu-light.png"
2026-10-01T17:51:00.0224380Z 
2026-10-01T17:51:00.0224570Z To configure output for a custom diff tool, use 'withSnapshotTesting'. For example:
2026-10-01T17:51:00.0225600Z 
2026-10-01T17:51:00.0225710Z     withSnapshotTesting(diffTool: .ksdiff) {
2026-10-01T17:51:00.0225920Z       // ...
2026-10-01T17:51:00.0226040Z     }
2026-10-01T17:51:00.0226110Z 
2026-10-01T17:51:00.0226330Z 63539 pixels exceed the native sRGB rounding bound. Newly-taken snapshot does not match reference.
2026-10-01T17:51:00.0228370Z /Users/runner/work/creator-platform/creator-platform/apps/ios/Tests/QelvoraUITests/NativeSnapshotTests.swift:60: error: -[QelvoraUITests.NativeSnapshotTests testComponentCatalogThemes] : failed - Snapshot "TestConsole.light" does not match reference.
2026-10-01T17:51:00.0229150Z 
2026-10-01T17:51:00.0229260Z @−
2026-10-01T17:51:00.0230080Z "file:///Users/runner/work/creator-platform/creator-platform/apps/ios/Tests/QelvoraUITests/__Snapshots__/NativeSnapshotTests/testComponentCatalogThemes.TestConsole-light.png"
2026-10-01T17:51:00.0230700Z @+
2026-10-01T17:51:00.0232170Z "file:///Users/runner/work/creator-platform/creator-platform/artifacts/ios/snapshots/NativeSnapshotTests/testComponentCatalogThemes.TestConsole-light.png"
2026-10-01T17:51:00.0232700Z 
2026-10-01T17:51:00.0232880Z To configure output for a custom diff tool, use 'withSnapshotTesting'. For example:
2026-10-01T17:51:00.0233150Z 
2026-10-01T17:51:00.0233230Z     withSnapshotTesting(diffTool: .ksdiff) {
2026-10-01T17:51:00.0233440Z       // ...
2026-10-01T17:51:00.0233560Z     }
2026-10-01T17:51:00.0233620Z 
2026-10-01T17:51:00.0233850Z 57288 pixels exceed the native sRGB rounding bound. Newly-taken snapshot does not match reference.
2026-10-01T17:51:00.0234930Z /Users/runner/work/creator-platform/creator-platform/apps/ios/Tests/QelvoraUITests/NativeSnapshotTests.swift:60: error: -[QelvoraUITests.NativeSnapshotTests testComponentCatalogThemes] : failed - Snapshot "VersionList.light" does not match reference.
2026-10-01T17:51:00.0235690Z 
2026-10-01T17:51:00.0235760Z @−
2026-10-01T17:51:00.0236290Z "file:///Users/runner/work/creator-platform/creator-platform/apps/ios/Tests/QelvoraUITests/__Snapshots__/NativeSnapshotTests/testComponentCatalogThemes.VersionList-light.png"
2026-10-01T17:51:00.0236880Z @+
2026-10-01T17:51:00.0237360Z "file:///Users/runner/work/creator-platform/creator-platform/artifacts/ios/snapshots/NativeSnapshotTests/testComponentCatalogThemes.VersionList-light.png"
2026-10-01T17:51:00.0237850Z 
2026-10-01T17:51:00.0238030Z To configure output for a custom diff tool, use 'withSnapshotTesting'. For example:
2026-10-01T17:51:00.0238300Z 
2026-10-01T17:51:00.0238380Z     withSnapshotTesting(diffTool: .ksdiff) {
2026-10-01T17:51:00.0238580Z       // ...
2026-10-01T17:51:00.0238700Z     }
2026-10-01T17:51:00.0238770Z 
2026-10-01T17:51:00.0238990Z 23771 pixels exceed the native sRGB rounding bound. Newly-taken snapshot does not match reference.
2026-10-01T17:51:00.0239970Z /Users/runner/work/creator-platform/creator-platform/apps/ios/Tests/QelvoraUITests/NativeSnapshotTests.swift:60: error: -[QelvoraUITests.NativeSnapshotTests testComponentCatalogThemes] : failed - Snapshot "DigestItem.light" does not match reference.
2026-10-01T17:51:00.0240710Z 
2026-10-01T17:51:00.0240770Z @−
2026-10-01T17:51:00.0241310Z "file:///Users/runner/work/creator-platform/creator-platform/apps/ios/Tests/QelvoraUITests/__Snapshots__/NativeSnapshotTests/testComponentCatalogThemes.DigestItem-light.png"
2026-10-01T17:51:00.0241890Z @+
2026-10-01T17:51:00.0242370Z "file:///Users/runner/work/creator-platform/creator-platform/artifacts/ios/snapshots/NativeSnapshotTests/testComponentCatalogThemes.DigestItem-light.png"
2026-10-01T17:51:00.0242870Z 
2026-10-01T17:51:00.0243040Z To configure output for a custom diff tool, use 'withSnapshotTesting'. For example:
2026-10-01T17:51:00.0243310Z 
2026-10-01T17:51:00.0243400Z     withSnapshotTesting(diffTool: .ksdiff) {
2026-10-01T17:51:00.0243600Z       // ...
2026-10-01T17:51:00.0243720Z     }
2026-10-01T17:51:00.0243780Z 
2026-10-01T17:51:00.0244010Z 34048 pixels exceed the native sRGB rounding bound. Newly-taken snapshot does not match reference.
2026-10-01T17:51:00.0245040Z /Users/runner/work/creator-platform/creator-platform/apps/ios/Tests/QelvoraUITests/NativeSnapshotTests.swift:60: error: -[QelvoraUITests.NativeSnapshotTests testComponentCatalogThemes] : failed - Snapshot "StudioTabBar.light" does not match reference.
2026-10-01T17:51:00.0245840Z 
2026-10-01T17:51:00.0245890Z @−
2026-10-01T17:51:00.0246660Z "file:///Users/runner/work/creator-platform/creator-platform/apps/ios/Tests/QelvoraUITests/__Snapshots__/NativeSnapshotTests/testComponentCatalogThemes.StudioTabBar-light.png"
2026-10-01T17:51:00.0247300Z @+
2026-10-01T17:51:00.0247840Z "file:///Users/runner/work/creator-platform/creator-platform/artifacts/ios/snapshots/NativeSnapshotTests/testComponentCatalogThemes.StudioTabBar-light.png"
2026-10-01T17:51:00.0248490Z 
2026-10-01T17:51:00.0248680Z To configure output for a custom diff tool, use 'withSnapshotTesting'. For example:
2026-10-01T17:51:00.0248940Z 
2026-10-01T17:51:00.0249020Z     withSnapshotTesting(diffTool: .ksdiff) {
2026-10-01T17:51:00.0249230Z       // ...
2026-10-01T17:51:00.0249340Z     }
2026-10-01T17:51:00.0249410Z 
2026-10-01T17:51:00.0249660Z 9924 pixels exceed the native sRGB rounding bound. Newly-taken snapshot does not match reference.
2026-10-01T17:51:00.0250870Z /Users/runner/work/creator-platform/creator-platform/apps/ios/Tests/QelvoraUITests/NativeSnapshotTests.swift:60: error: -[QelvoraUITests.NativeSnapshotTests testComponentCatalogThemes] : failed - Snapshot "Sidebar.light" does not match reference.
2026-10-01T17:51:00.0251620Z 
2026-10-01T17:51:00.0251690Z @−
2026-10-01T17:51:00.0252430Z "file:///Users/runner/work/creator-platform/creator-platform/apps/ios/Tests/QelvoraUITests/__Snapshots__/NativeSnapshotTests/testComponentCatalogThemes.Sidebar-light.png"
2026-10-01T17:51:00.0253070Z @+
2026-10-01T17:51:00.0253540Z "file:///Users/runner/work/creator-platform/creator-platform/artifacts/ios/snapshots/NativeSnapshotTests/testComponentCatalogThemes.Sidebar-light.png"
2026-10-01T17:51:00.0254010Z 
2026-10-01T17:51:00.0254200Z To configure output for a custom diff tool, use 'withSnapshotTesting'. For example:
2026-10-01T17:51:00.0254470Z 
2026-10-01T17:51:00.0254550Z     withSnapshotTesting(diffTool: .ksdiff) {
2026-10-01T17:51:00.0254750Z       // ...
2026-10-01T17:51:00.0254870Z     }
2026-10-01T17:51:00.0254940Z 
2026-10-01T17:51:00.0255170Z 21900 pixels exceed the native sRGB rounding bound. Newly-taken snapshot does not match reference.
2026-10-01T17:51:00.0256150Z /Users/runner/work/creator-platform/creator-platform/apps/ios/Tests/QelvoraUITests/NativeSnapshotTests.swift:60: error: -[QelvoraUITests.NativeSnapshotTests testComponentCatalogThemes] : failed - Snapshot "Sheet.light" does not match reference.
2026-10-01T17:51:00.0256890Z 
2026-10-01T17:51:00.0256950Z @−
2026-10-01T17:51:00.0257560Z "file:///Users/runner/work/creator-platform/creator-platform/apps/ios/Tests/QelvoraUITests/__Snapshots__/NativeSnapshotTests/testComponentCatalogThemes.Sheet-light.png"
2026-10-01T17:51:00.0258180Z @+
2026-10-01T17:51:00.0258630Z "file:///Users/runner/work/creator-platform/creator-platform/artifacts/ios/snapshots/NativeSnapshotTests/testComponentCatalogThemes.Sheet-light.png"
2026-10-01T17:51:00.0259100Z 
2026-10-01T17:51:00.0259280Z To configure output for a custom diff tool, use 'withSnapshotTesting'. For example:
2026-10-01T17:51:00.0259530Z 
2026-10-01T17:51:00.0259620Z     withSnapshotTesting(diffTool: .ksdiff) {
2026-10-01T17:51:00.0259830Z       // ...
2026-10-01T17:51:00.0259940Z     }
2026-10-01T17:51:00.0260010Z 
2026-10-01T17:51:00.0260230Z 54829 pixels exceed the native sRGB rounding bound. Newly-taken snapshot does not match reference.
2026-10-01T17:51:00.0261290Z /Users/runner/work/creator-platform/creator-platform/apps/ios/Tests/QelvoraUITests/NativeSnapshotTests.swift:60: error: -[QelvoraUITests.NativeSnapshotTests testComponentCatalogThemes] : failed - Snapshot "Toast.light" does not match reference.
2026-10-01T17:51:00.0262640Z 
2026-10-01T17:51:00.0262840Z @−
2026-10-01T17:51:00.0263420Z "file:///Users/runner/work/creator-platform/creator-platform/apps/ios/Tests/QelvoraUITests/__Snapshots__/NativeSnapshotTests/testComponentCatalogThemes.Toast-light.png"
2026-10-01T17:51:00.0264000Z @+
2026-10-01T17:51:00.0264470Z "file:///Users/runner/work/creator-platform/creator-platform/artifacts/ios/snapshots/NativeSnapshotTests/testComponentCatalogThemes.Toast-light.png"
2026-10-01T17:51:00.0265510Z 
2026-10-01T17:51:00.0265700Z To configure output for a custom diff tool, use 'withSnapshotTesting'. For example:
2026-10-01T17:51:00.0266170Z 
2026-10-01T17:51:00.0266270Z     withSnapshotTesting(diffTool: .ksdiff) {
2026-10-01T17:51:00.0266480Z       // ...
2026-10-01T17:51:00.0266610Z     }
2026-10-01T17:51:00.0266680Z 
2026-10-01T17:51:00.0267120Z 7604 pixels exceed the native sRGB rounding bound. Newly-taken snapshot does not match reference.
2026-10-01T17:51:00.0268100Z /Users/runner/work/creator-platform/creator-platform/apps/ios/Tests/QelvoraUITests/NativeSnapshotTests.swift:60: error: -[QelvoraUITests.NativeSnapshotTests testComponentCatalogThemes] : failed - Snapshot "EmailFrame.light" does not match reference.
2026-10-01T17:51:00.0268880Z 
2026-10-01T17:51:00.0268950Z @−
2026-10-01T17:51:00.0269480Z "file:///Users/runner/work/creator-platform/creator-platform/apps/ios/Tests/QelvoraUITests/__Snapshots__/NativeSnapshotTests/testComponentCatalogThemes.EmailFrame-light.png"
2026-10-01T17:51:00.0270110Z @+
2026-10-01T17:51:00.0270590Z "file:///Users/runner/work/creator-platform/creator-platform/artifacts/ios/snapshots/NativeSnapshotTests/testComponentCatalogThemes.EmailFrame-light.png"
2026-10-01T17:51:00.0271930Z 
2026-10-01T17:51:00.0272130Z To configure output for a custom diff tool, use 'withSnapshotTesting'. For example:
2026-10-01T17:51:00.0272410Z 
2026-10-01T17:51:00.0272500Z     withSnapshotTesting(diffTool: .ksdiff) {
2026-10-01T17:51:00.0272770Z       // ...
2026-10-01T17:51:00.0272920Z     }
2026-10-01T17:51:00.0273000Z 
2026-10-01T17:51:00.0273220Z 51630 pixels exceed the native sRGB rounding bound. Newly-taken snapshot does not match reference.
2026-10-01T17:51:00.0274190Z /Users/runner/work/creator-platform/creator-platform/apps/ios/Tests/QelvoraUITests/NativeSnapshotTests.swift:60: error: -[QelvoraUITests.NativeSnapshotTests testComponentCatalogThemes] : failed - Snapshot "Mark.night" does not match reference.
2026-10-01T17:51:00.0275010Z 
2026-10-01T17:51:00.0275130Z @−
2026-10-01T17:51:00.0275810Z "file:///Users/runner/work/creator-platform/creator-platform/apps/ios/Tests/QelvoraUITests/__Snapshots__/NativeSnapshotTests/testComponentCatalogThemes.Mark-night.png"
2026-10-01T17:51:00.0276390Z @+
2026-10-01T17:51:08.2281960Z "file:///Users/runner/work/creator-platform/creator-platform/artifacts/ios/snapshots/NativeSnapshotTests/testComponentCatalogThemes.Mark-night.png"
2026-10-01T17:51:08.2283150Z 
2026-10-01T17:51:08.2283430Z To configure output for a custom diff tool, use 'withSnapshotTesting'. For example:
2026-10-01T17:51:08.2283760Z 
2026-10-01T17:51:08.2283900Z     withSnapshotTesting(diffTool: .ksdiff) {
2026-10-01T17:51:08.2284250Z       // ...
2026-10-01T17:51:08.2284600Z     }
2026-10-01T17:51:08.2284770Z 
2026-10-01T17:51:08.2285060Z 2529 pixels exceed the native sRGB rounding bound. Newly-taken snapshot does not match reference.
2026-10-01T17:51:08.2286110Z /Users/runner/work/creator-platform/creator-platform/apps/ios/Tests/QelvoraUITests/NativeSnapshotTests.swift:60: error: -[QelvoraUITests.NativeSnapshotTests testComponentCatalogThemes] : failed - Snapshot "Seal.night" does not match reference.
2026-10-01T17:51:08.2286960Z 
2026-10-01T17:51:08.2288230Z @−
2026-10-01T17:51:08.2288820Z "file:///Users/runner/work/creator-platform/creator-platform/apps/ios/Tests/QelvoraUITests/__Snapshots__/NativeSnapshotTests/testComponentCatalogThemes.Seal-night.png"
2026-10-01T17:51:08.2289500Z @+
2026-10-01T17:51:08.2290090Z "file:///Users/runner/work/creator-platform/creator-platform/artifacts/ios/snapshots/NativeSnapshotTests/testComponentCatalogThemes.Seal-night.png"
2026-10-01T17:51:08.2290650Z 
2026-10-01T17:51:08.2290880Z To configure output for a custom diff tool, use 'withSnapshotTesting'. For example:
2026-10-01T17:51:08.2291180Z 
2026-10-01T17:51:08.2291310Z     withSnapshotTesting(diffTool: .ksdiff) {
2026-10-01T17:51:08.2291560Z       // ...
2026-10-01T17:51:08.2291770Z     }
2026-10-01T17:51:08.2291840Z 
2026-10-01T17:51:08.2292060Z 4259 pixels exceed the native sRGB rounding bound. Newly-taken snapshot does not match reference.
2026-10-01T17:51:08.2294170Z /Users/runner/work/creator-platform/creator-platform/apps/ios/Tests/QelvoraUITests/NativeSnapshotTests.swift:60: error: -[QelvoraUITests.NativeSnapshotTests testComponentCatalogThemes] : failed - Snapshot "Avatar.night" does not match reference.
2026-10-01T17:51:08.2294970Z 
2026-10-01T17:51:08.2295060Z @−
2026-10-01T17:51:08.2296160Z "file:///Users/runner/work/creator-platform/creator-platform/apps/ios/Tests/QelvoraUITests/__Snapshots__/NativeSnapshotTests/testComponentCatalogThemes.Avatar-night.png"
2026-10-01T17:51:08.2296800Z @+
2026-10-01T17:51:08.2297320Z "file:///Users/runner/work/creator-platform/creator-platform/artifacts/ios/snapshots/NativeSnapshotTests/testComponentCatalogThemes.Avatar-night.png"
2026-10-01T17:51:08.2297830Z 
2026-10-01T17:51:08.2298070Z To configure output for a custom diff tool, use 'withSnapshotTesting'. For example:
2026-10-01T17:51:08.2298350Z 
2026-10-01T17:51:08.2298480Z     withSnapshotTesting(diffTool: .ksdiff) {
2026-10-01T17:51:08.2298720Z       // ...
2026-10-01T17:51:08.2298880Z     }
2026-10-01T17:51:08.2298990Z 
2026-10-01T17:51:08.2299200Z 3584 pixels exceed the native sRGB rounding bound. Newly-taken snapshot does not match reference.
2026-10-01T17:51:08.2300260Z /Users/runner/work/creator-platform/creator-platform/apps/ios/Tests/QelvoraUITests/NativeSnapshotTests.swift:60: error: -[QelvoraUITests.NativeSnapshotTests testComponentCatalogThemes] : failed - Snapshot "AuthorLabel.night" does not match reference.
2026-10-01T17:51:08.2301150Z 
2026-10-01T17:51:08.2301270Z @−
2026-10-01T17:51:08.2301850Z "file:///Users/runner/work/creator-platform/creator-platform/apps/ios/Tests/QelvoraUITests/__Snapshots__/NativeSnapshotTests/testComponentCatalogThemes.AuthorLabel-night.png"
2026-10-01T17:51:08.2302630Z @+
2026-10-01T17:51:08.2303160Z "file:///Users/runner/work/creator-platform/creator-platform/artifacts/ios/snapshots/NativeSnapshotTests/testComponentCatalogThemes.AuthorLabel-night.png"
2026-10-01T17:51:08.2303960Z 
2026-10-01T17:51:08.2304260Z To configure output for a custom diff tool, use 'withSnapshotTesting'. For example:
2026-10-01T17:51:08.2304550Z 
2026-10-01T17:51:08.2304630Z     withSnapshotTesting(diffTool: .ksdiff) {
2026-10-01T17:51:08.2304930Z       // ...
2026-10-01T17:51:08.2305130Z     }
2026-10-01T17:51:08.2305210Z 
2026-10-01T17:51:08.2305500Z 32181 pixels exceed the native sRGB rounding bound. Newly-taken snapshot does not match reference.
2026-10-01T17:51:08.2306690Z /Users/runner/work/creator-platform/creator-platform/apps/ios/Tests/QelvoraUITests/NativeSnapshotTests.swift:60: error: -[QelvoraUITests.NativeSnapshotTests testComponentCatalogThemes] : failed - Snapshot "IdentityStrip.night" does not match reference.
2026-10-01T17:51:08.2307550Z 
2026-10-01T17:51:08.2307660Z @−
2026-10-01T17:51:08.2308270Z "file:///Users/runner/work/creator-platform/creator-platform/apps/ios/Tests/QelvoraUITests/__Snapshots__/NativeSnapshotTests/testComponentCatalogThemes.IdentityStrip-night.png"
2026-10-01T17:51:08.2309010Z @+
2026-10-01T17:51:08.2310480Z "file:///Users/runner/work/creator-platform/creator-platform/artifacts/ios/snapshots/NativeSnapshotTests/testComponentCatalogThemes.IdentityStrip-night.png"
2026-10-01T17:51:08.2312070Z 
2026-10-01T17:51:08.2312640Z To configure output for a custom diff tool, use 'withSnapshotTesting'. For example:
2026-10-01T17:51:08.2313360Z 
2026-10-01T17:51:08.2313690Z     withSnapshotTesting(diffTool: .ksdiff) {
2026-10-01T17:51:08.2314360Z       // ...
2026-10-01T17:51:08.2314780Z     }
2026-10-01T17:51:08.2314980Z 
2026-10-01T17:51:08.2315610Z 42010 pixels exceed the native sRGB rounding bound. Newly-taken snapshot does not match reference.
2026-10-01T17:51:08.2318080Z /Users/runner/work/creator-platform/creator-platform/apps/ios/Tests/QelvoraUITests/NativeSnapshotTests.swift:60: error: -[QelvoraUITests.NativeSnapshotTests testComponentCatalogThemes] : failed - Snapshot "ThreadHeader.night" does not match reference.
2026-10-01T17:51:08.2319590Z 
2026-10-01T17:51:08.2319780Z @−
2026-10-01T17:51:08.2320720Z "file:///Users/runner/work/creator-platform/creator-platform/apps/ios/Tests/QelvoraUITests/__Snapshots__/NativeSnapshotTests/testComponentCatalogThemes.ThreadHeader-night.png"
2026-10-01T17:51:08.2321370Z @+
2026-10-01T17:51:08.2322200Z "file:///Users/runner/work/creator-platform/creator-platform/artifacts/ios/snapshots/NativeSnapshotTests/testComponentCatalogThemes.ThreadHeader-night.png"
2026-10-01T17:51:08.2322860Z 
2026-10-01T17:51:08.2323090Z To configure output for a custom diff tool, use 'withSnapshotTesting'. For example:
2026-10-01T17:51:08.2323360Z 
2026-10-01T17:51:08.2323490Z     withSnapshotTesting(diffTool: .ksdiff) {
2026-10-01T17:51:08.2323770Z       // ...
2026-10-01T17:51:08.2323940Z     }
2026-10-01T17:51:08.2324060Z 
2026-10-01T17:51:08.2324320Z 15484 pixels exceed the native sRGB rounding bound. Newly-taken snapshot does not match reference.
2026-10-01T17:51:08.2325440Z /Users/runner/work/creator-platform/creator-platform/apps/ios/Tests/QelvoraUITests/NativeSnapshotTests.swift:60: error: -[QelvoraUITests.NativeSnapshotTests testComponentCatalogThemes] : failed - Snapshot "SignedMarker.night" does not match reference.
2026-10-01T17:51:08.2326260Z 
2026-10-01T17:51:08.2326390Z @−
2026-10-01T17:51:08.2327100Z "file:///Users/runner/work/creator-platform/creator-platform/apps/ios/Tests/QelvoraUITests/__Snapshots__/NativeSnapshotTests/testComponentCatalogThemes.SignedMarker-night.png"
2026-10-01T17:51:08.2327840Z @+
2026-10-01T17:51:08.2328430Z "file:///Users/runner/work/creator-platform/creator-platform/artifacts/ios/snapshots/NativeSnapshotTests/testComponentCatalogThemes.SignedMarker-night.png"
2026-10-01T17:51:08.2329010Z 
2026-10-01T17:51:08.2329220Z To configure output for a custom diff tool, use 'withSnapshotTesting'. For example:
2026-10-01T17:51:08.2329490Z 
2026-10-01T17:51:08.2329630Z     withSnapshotTesting(diffTool: .ksdiff) {
2026-10-01T17:51:08.2329920Z       // ...
2026-10-01T17:51:08.2330130Z     }
2026-10-01T17:51:08.2330240Z 
2026-10-01T17:51:08.2330470Z 13339 pixels exceed the native sRGB rounding bound. Newly-taken snapshot does not match reference.
2026-10-01T17:51:08.2331490Z /Users/runner/work/creator-platform/creator-platform/apps/ios/Tests/QelvoraUITests/NativeSnapshotTests.swift:60: error: -[QelvoraUITests.NativeSnapshotTests testComponentCatalogThemes] : failed - Snapshot "SystemLine.night" does not match reference.
2026-10-01T17:51:08.2333180Z 
2026-10-01T17:51:08.2333540Z @−
2026-10-01T17:51:08.2335090Z "file:///Users/runner/work/creator-platform/creator-platform/apps/ios/Tests/QelvoraUITests/__Snapshots__/NativeSnapshotTests/testComponentCatalogThemes.SystemLine-night.png"
2026-10-01T17:51:08.2336850Z @+
2026-10-01T17:51:08.2338590Z "file:///Users/runner/work/creator-platform/creator-platform/artifacts/ios/snapshots/NativeSnapshotTests/testComponentCatalogThemes.SystemLine-night.png"
2026-10-01T17:51:08.2340140Z 
2026-10-01T17:51:08.2340720Z To configure output for a custom diff tool, use 'withSnapshotTesting'. For example:
2026-10-01T17:51:08.2341890Z 
2026-10-01T17:51:08.2342190Z     withSnapshotTesting(diffTool: .ksdiff) {
2026-10-01T17:51:08.2342910Z       // ...
2026-10-01T17:51:08.2343300Z     }
2026-10-01T17:51:08.2343510Z 
2026-10-01T17:51:08.2344750Z 16630 pixels exceed the native sRGB rounding bound. Newly-taken snapshot does not match reference.
2026-10-01T17:51:08.2346120Z /Users/runner/work/creator-platform/creator-platform/apps/ios/Tests/QelvoraUITests/NativeSnapshotTests.swift:60: error: -[QelvoraUITests.NativeSnapshotTests testComponentCatalogThemes] : failed - Snapshot "Message.night" does not match reference.
2026-10-01T17:51:08.2347020Z 
2026-10-01T17:51:08.2347190Z @−
2026-10-01T17:51:08.2347810Z "file:///Users/runner/work/creator-platform/creator-platform/apps/ios/Tests/QelvoraUITests/__Snapshots__/NativeSnapshotTests/testComponentCatalogThemes.Message-night.png"
2026-10-01T17:51:08.2348510Z @+
2026-10-01T17:51:08.2349080Z "file:///Users/runner/work/creator-platform/creator-platform/artifacts/ios/snapshots/NativeSnapshotTests/testComponentCatalogThemes.Message-night.png"
2026-10-01T17:51:08.2350740Z 
2026-10-01T17:51:08.2350930Z To configure output for a custom diff tool, use 'withSnapshotTesting'. For example:
2026-10-01T17:51:08.2351280Z 
2026-10-01T17:51:08.2351400Z     withSnapshotTesting(diffTool: .ksdiff) {
2026-10-01T17:51:08.2351660Z       // ...
2026-10-01T17:51:08.2351810Z     }
2026-10-01T17:51:08.2352700Z 
2026-10-01T17:51:08.2352970Z 89536 pixels exceed the native sRGB rounding bound. Newly-taken snapshot does not match reference.
2026-10-01T17:51:08.2354050Z /Users/runner/work/creator-platform/creator-platform/apps/ios/Tests/QelvoraUITests/NativeSnapshotTests.swift:60: error: -[QelvoraUITests.NativeSnapshotTests testComponentCatalogThemes] : failed - Snapshot "Note.night" does not match reference.
2026-10-01T17:51:08.2354850Z 
2026-10-01T17:51:08.2354950Z @−
2026-10-01T17:51:08.2355480Z "file:///Users/runner/work/creator-platform/creator-platform/apps/ios/Tests/QelvoraUITests/__Snapshots__/NativeSnapshotTests/testComponentCatalogThemes.Note-night.png"
2026-10-01T17:51:08.2356190Z @+
2026-10-01T17:51:08.2356770Z "file:///Users/runner/work/creator-platform/creator-platform/artifacts/ios/snapshots/NativeSnapshotTests/testComponentCatalogThemes.Note-night.png"
2026-10-01T17:51:08.2357280Z 
2026-10-01T17:51:08.2357460Z To configure output for a custom diff tool, use 'withSnapshotTesting'. For example:
2026-10-01T17:51:08.2357750Z 
2026-10-01T17:51:08.2357840Z     withSnapshotTesting(diffTool: .ksdiff) {
2026-10-01T17:51:08.2358210Z       // ...
2026-10-01T17:51:08.2358370Z     }
2026-10-01T17:51:08.2358450Z 
2026-10-01T17:51:08.2358720Z 42817 pixels exceed the native sRGB rounding bound. Newly-taken snapshot does not match reference.
2026-10-01T17:51:08.2359770Z /Users/runner/work/creator-platform/creator-platform/apps/ios/Tests/QelvoraUITests/NativeSnapshotTests.swift:60: error: -[QelvoraUITests.NativeSnapshotTests testComponentCatalogThemes] : failed - Snapshot "ReactionChip.night" does not match reference.
2026-10-01T17:51:08.2360580Z 
2026-10-01T17:51:08.2360650Z @−
2026-10-01T17:51:08.2361220Z "file:///Users/runner/work/creator-platform/creator-platform/apps/ios/Tests/QelvoraUITests/__Snapshots__/NativeSnapshotTests/testComponentCatalogThemes.ReactionChip-night.png"
2026-10-01T17:51:08.2361880Z @+
2026-10-01T17:51:08.2362510Z "file:///Users/runner/work/creator-platform/creator-platform/artifacts/ios/snapshots/NativeSnapshotTests/testComponentCatalogThemes.ReactionChip-night.png"
2026-10-01T17:51:08.2363120Z 
2026-10-01T17:51:08.2363310Z To configure output for a custom diff tool, use 'withSnapshotTesting'. For example:
2026-10-01T17:51:08.2363580Z 
2026-10-01T17:51:08.2363670Z     withSnapshotTesting(diffTool: .ksdiff) {
2026-10-01T17:51:08.2363930Z       // ...
2026-10-01T17:51:08.2364060Z     }
2026-10-01T17:51:08.2364150Z 
2026-10-01T17:51:08.2364390Z 9393 pixels exceed the native sRGB rounding bound. Newly-taken snapshot does not match reference.
2026-10-01T17:51:08.2365440Z /Users/runner/work/creator-platform/creator-platform/apps/ios/Tests/QelvoraUITests/NativeSnapshotTests.swift:60: error: -[QelvoraUITests.NativeSnapshotTests testComponentCatalogThemes] : failed - Snapshot "CitationChip.night" does not match reference.
2026-10-01T17:51:08.2366250Z 
2026-10-01T17:51:08.2366390Z @−
2026-10-01T17:51:08.2367000Z "file:///Users/runner/work/creator-platform/creator-platform/apps/ios/Tests/QelvoraUITests/__Snapshots__/NativeSnapshotTests/testComponentCatalogThemes.CitationChip-night.png"
2026-10-01T17:51:08.2369570Z @+
2026-10-01T17:51:08.2370250Z "file:///Users/runner/work/creator-platform/creator-platform/artifacts/ios/snapshots/NativeSnapshotTests/testComponentCatalogThemes.CitationChip-night.png"
2026-10-01T17:51:08.2371380Z 
2026-10-01T17:51:08.2372430Z To configure output for a custom diff tool, use 'withSnapshotTesting'. For example:
2026-10-01T17:51:08.2372720Z 
2026-10-01T17:51:08.2372820Z     withSnapshotTesting(diffTool: .ksdiff) {
2026-10-01T17:51:08.2373550Z       // ...
2026-10-01T17:51:08.2410020Z     }
2026-10-01T17:51:08.2410250Z 
2026-10-01T17:51:08.2410530Z 18481 pixels exceed the native sRGB rounding bound. Newly-taken snapshot does not match reference.
2026-10-01T17:51:08.2412180Z /Users/runner/work/creator-platform/creator-platform/apps/ios/Tests/QelvoraUITests/NativeSnapshotTests.swift:60: error: -[QelvoraUITests.NativeSnapshotTests testComponentCatalogThemes] : failed - Snapshot "MemoryChip.night" does not match reference.
2026-10-01T17:51:08.2413210Z 
2026-10-01T17:51:08.2413460Z @−
2026-10-01T17:51:08.2414170Z "file:///Users/runner/work/creator-platform/creator-platform/apps/ios/Tests/QelvoraUITests/__Snapshots__/NativeSnapshotTests/testComponentCatalogThemes.MemoryChip-night.png"
2026-10-01T17:51:08.2415620Z @+
2026-10-01T17:51:08.2416210Z "file:///Users/runner/work/creator-platform/creator-platform/artifacts/ios/snapshots/NativeSnapshotTests/testComponentCatalogThemes.MemoryChip-night.png"
2026-10-01T17:51:08.2416790Z 
2026-10-01T17:51:08.2417000Z To configure output for a custom diff tool, use 'withSnapshotTesting'. For example:
2026-10-01T17:51:08.2417350Z 
2026-10-01T17:51:08.2417480Z     withSnapshotTesting(diffTool: .ksdiff) {
2026-10-01T17:51:08.2417760Z       // ...
2026-10-01T17:51:08.2417950Z     }
2026-10-01T17:51:08.2418070Z 
2026-10-01T17:51:08.2418350Z 30500 pixels exceed the native sRGB rounding bound. Newly-taken snapshot does not match reference.
2026-10-01T17:51:08.2419710Z /Users/runner/work/creator-platform/creator-platform/apps/ios/Tests/QelvoraUITests/NativeSnapshotTests.swift:60: error: -[QelvoraUITests.NativeSnapshotTests testComponentCatalogThemes] : failed - Snapshot "Correction.night" does not match reference.
2026-10-01T17:51:08.2420630Z 
2026-10-01T17:51:08.2420780Z @−
2026-10-01T17:51:08.2421450Z "file:///Users/runner/work/creator-platform/creator-platform/apps/ios/Tests/QelvoraUITests/__Snapshots__/NativeSnapshotTests/testComponentCatalogThemes.Correction-night.png"
2026-10-01T17:51:08.2422210Z @+
2026-10-01T17:51:08.2422790Z "file:///Users/runner/work/creator-platform/creator-platform/artifacts/ios/snapshots/NativeSnapshotTests/testComponentCatalogThemes.Correction-night.png"
2026-10-01T17:51:08.2423450Z 
2026-10-01T17:51:08.2423830Z To configure output for a custom diff tool, use 'withSnapshotTesting'. For example:
2026-10-01T17:51:08.2424230Z 
2026-10-01T17:51:08.2424390Z     withSnapshotTesting(diffTool: .ksdiff) {
2026-10-01T17:51:08.2424720Z       // ...
2026-10-01T17:51:08.2424980Z     }
2026-10-01T17:51:08.2425080Z 
2026-10-01T17:51:08.2425440Z 30196 pixels exceed the native sRGB rounding bound. Newly-taken snapshot does not match reference.
2026-10-01T17:51:08.2426720Z /Users/runner/work/creator-platform/creator-platform/apps/ios/Tests/QelvoraUITests/NativeSnapshotTests.swift:60: error: -[QelvoraUITests.NativeSnapshotTests testComponentCatalogThemes] : failed - Snapshot "ContextCard.night" does not match reference.
2026-10-01T17:51:08.2427660Z 
2026-10-01T17:51:08.2427770Z @−
2026-10-01T17:51:08.2428680Z "file:///Users/runner/work/creator-platform/creator-platform/apps/ios/Tests/QelvoraUITests/__Snapshots__/NativeSnapshotTests/testComponentCatalogThemes.ContextCard-night.png"
2026-10-01T17:51:08.2429590Z @+
2026-10-01T17:51:08.2430200Z "file:///Users/runner/work/creator-platform/creator-platform/artifacts/ios/snapshots/NativeSnapshotTests/testComponentCatalogThemes.ContextCard-night.png"
2026-10-01T17:51:08.2430710Z 
2026-10-01T17:51:08.2430940Z To configure output for a custom diff tool, use 'withSnapshotTesting'. For example:
2026-10-01T17:51:08.2431260Z 
2026-10-01T17:51:08.2431390Z     withSnapshotTesting(diffTool: .ksdiff) {
2026-10-01T17:51:08.2431690Z       // ...
2026-10-01T17:51:08.2431910Z     }
2026-10-01T17:51:08.2432020Z 
2026-10-01T17:51:08.2432290Z 12621 pixels exceed the native sRGB rounding bound. Newly-taken snapshot does not match reference.
2026-10-01T17:51:08.2433340Z /Users/runner/work/creator-platform/creator-platform/apps/ios/Tests/QelvoraUITests/NativeSnapshotTests.swift:60: error: -[QelvoraUITests.NativeSnapshotTests testComponentCatalogThemes] : failed - Snapshot "VoiceNote.night" does not match reference.
2026-10-01T17:51:08.2435430Z 
2026-10-01T17:51:08.2435580Z @−
2026-10-01T17:51:08.2436290Z "file:///Users/runner/work/creator-platform/creator-platform/apps/ios/Tests/QelvoraUITests/__Snapshots__/NativeSnapshotTests/testComponentCatalogThemes.VoiceNote-night.png"
2026-10-01T17:51:08.2437150Z @+
2026-10-01T17:51:08.2438130Z "file:///Users/runner/work/creator-platform/creator-platform/artifacts/ios/snapshots/NativeSnapshotTests/testComponentCatalogThemes.VoiceNote-night.png"
2026-10-01T17:51:08.2438840Z 
2026-10-01T17:51:08.2439140Z To configure output for a custom diff tool, use 'withSnapshotTesting'. For example:
2026-10-01T17:51:08.2439520Z 
2026-10-01T17:51:08.2439670Z     withSnapshotTesting(diffTool: .ksdiff) {
2026-10-01T17:51:08.2439920Z       // ...
2026-10-01T17:51:08.2440130Z     }
2026-10-01T17:51:08.2440220Z 
2026-10-01T17:51:08.2440560Z 31382 pixels exceed the native sRGB rounding bound. Newly-taken snapshot does not match reference.
2026-10-01T17:51:08.2442460Z /Users/runner/work/creator-platform/creator-platform/apps/ios/Tests/QelvoraUITests/NativeSnapshotTests.swift:60: error: -[QelvoraUITests.NativeSnapshotTests testComponentCatalogThemes] : failed - Snapshot "Composer.night" does not match reference.
2026-10-01T17:51:08.2443560Z 
2026-10-01T17:51:08.2443700Z @−
2026-10-01T17:51:08.2444470Z "file:///Users/runner/work/creator-platform/creator-platform/apps/ios/Tests/QelvoraUITests/__Snapshots__/NativeSnapshotTests/testComponentCatalogThemes.Composer-night.png"
2026-10-01T17:51:08.2445250Z @+
2026-10-01T17:51:08.2445800Z "file:///Users/runner/work/creator-platform/creator-platform/artifacts/ios/snapshots/NativeSnapshotTests/testComponentCatalogThemes.Composer-night.png"
2026-10-01T17:51:08.2446450Z 
2026-10-01T17:51:08.2446680Z To configure output for a custom diff tool, use 'withSnapshotTesting'. For example:
2026-10-01T17:51:08.2447020Z 
2026-10-01T17:51:08.2447130Z     withSnapshotTesting(diffTool: .ksdiff) {
2026-10-01T17:51:08.2447460Z       // ...
2026-10-01T17:51:08.2447670Z     }
2026-10-01T17:51:08.2447820Z 
2026-10-01T17:51:08.2448180Z 61397 pixels exceed the native sRGB rounding bound. Newly-taken snapshot does not match reference.
2026-10-01T17:51:08.2449500Z /Users/runner/work/creator-platform/creator-platform/apps/ios/Tests/QelvoraUITests/NativeSnapshotTests.swift:60: error: -[QelvoraUITests.NativeSnapshotTests testComponentCatalogThemes] : failed - Snapshot "StepIn.night" does not match reference.
2026-10-01T17:51:08.2450420Z 
2026-10-01T17:51:08.2450560Z @−
2026-10-01T17:51:08.2451290Z "file:///Users/runner/work/creator-platform/creator-platform/apps/ios/Tests/QelvoraUITests/__Snapshots__/NativeSnapshotTests/testComponentCatalogThemes.StepIn-night.png"
2026-10-01T17:51:08.2452070Z @+
2026-10-01T17:51:08.2452760Z "file:///Users/runner/work/creator-platform/creator-platform/artifacts/ios/snapshots/NativeSnapshotTests/testComponentCatalogThemes.StepIn-night.png"
2026-10-01T17:51:08.2453470Z 
2026-10-01T17:51:08.2453750Z To configure output for a custom diff tool, use 'withSnapshotTesting'. For example:
2026-10-01T17:51:08.2454090Z 
2026-10-01T17:51:08.2454250Z     withSnapshotTesting(diffTool: .ksdiff) {
2026-10-01T17:51:08.2454600Z       // ...
2026-10-01T17:51:08.2454780Z     }
2026-10-01T17:51:08.2454910Z 
2026-10-01T17:51:08.2455290Z 14989 pixels exceed the native sRGB rounding bound. Newly-taken snapshot does not match reference.
2026-10-01T17:51:08.2456930Z /Users/runner/work/creator-platform/creator-platform/apps/ios/Tests/QelvoraUITests/NativeSnapshotTests.swift:60: error: -[QelvoraUITests.NativeSnapshotTests testComponentCatalogThemes] : failed - Snapshot "AccessLines.night" does not match reference.
2026-10-01T17:51:08.2457930Z 
2026-10-01T17:51:08.2458130Z @−
2026-10-01T17:51:08.2458800Z "file:///Users/runner/work/creator-platform/creator-platform/apps/ios/Tests/QelvoraUITests/__Snapshots__/NativeSnapshotTests/testComponentCatalogThemes.AccessLines-night.png"
2026-10-01T17:51:08.2460350Z @+
2026-10-01T17:51:08.2460970Z "file:///Users/runner/work/creator-platform/creator-platform/artifacts/ios/snapshots/NativeSnapshotTests/testComponentCatalogThemes.AccessLines-night.png"
2026-10-01T17:51:08.2461600Z 
2026-10-01T17:51:08.2461870Z To configure output for a custom diff tool, use 'withSnapshotTesting'. For example:
2026-10-01T17:51:08.2462190Z 
2026-10-01T17:51:08.2462630Z     withSnapshotTesting(diffTool: .ksdiff) {
2026-10-01T17:51:08.2462930Z       // ...
2026-10-01T17:51:08.2463120Z     }
2026-10-01T17:51:08.2463250Z 
2026-10-01T17:51:08.2463560Z 40257 pixels exceed the native sRGB rounding bound. Newly-taken snapshot does not match reference.
2026-10-01T17:51:08.2464850Z /Users/runner/work/creator-platform/creator-platform/apps/ios/Tests/QelvoraUITests/NativeSnapshotTests.swift:60: error: -[QelvoraUITests.NativeSnapshotTests testComponentCatalogThemes] : failed - Snapshot "ModeList.night" does not match reference.
2026-10-01T17:51:08.2465800Z 
2026-10-01T17:51:08.2466260Z @−
2026-10-01T17:51:08.2466870Z "file:///Users/runner/work/creator-platform/creator-platform/apps/ios/Tests/QelvoraUITests/__Snapshots__/NativeSnapshotTests/testComponentCatalogThemes.ModeList-night.png"
2026-10-01T17:51:08.2467660Z @+
2026-10-01T17:51:08.2468290Z "file:///Users/runner/work/creator-platform/creator-platform/artifacts/ios/snapshots/NativeSnapshotTests/testComponentCatalogThemes.ModeList-night.png"
2026-10-01T17:51:08.2468920Z 
2026-10-01T17:51:08.2469170Z To configure output for a custom diff tool, use 'withSnapshotTesting'. For example:
2026-10-01T17:51:08.2469560Z 
2026-10-01T17:51:08.2469650Z     withSnapshotTesting(diffTool: .ksdiff) {
2026-10-01T17:51:08.2471180Z       // ...
2026-10-01T17:51:08.2471730Z     }
2026-10-01T17:51:08.2471940Z 
2026-10-01T17:51:08.2472620Z 19066 pixels exceed the native sRGB rounding bound. Newly-taken snapshot does not match reference.
2026-10-01T17:51:15.1908190Z /Users/runner/work/creator-platform/creator-platform/apps/ios/Tests/QelvoraUITests/NativeSnapshotTests.swift:60: error: -[QelvoraUITests.NativeSnapshotTests testComponentCatalogThemes] : failed - Snapshot "IncludeList.night" does not match reference.
2026-10-01T17:51:15.1911480Z 
2026-10-01T17:51:15.1914350Z @−
2026-10-01T17:51:15.1915400Z "file:///Users/runner/work/creator-platform/creator-platform/apps/ios/Tests/QelvoraUITests/__Snapshots__/NativeSnapshotTests/testComponentCatalogThemes.IncludeList-night.png"
2026-10-01T17:51:15.1916980Z @+
2026-10-01T17:51:15.1917790Z "file:///Users/runner/work/creator-platform/creator-platform/artifacts/ios/snapshots/NativeSnapshotTests/testComponentCatalogThemes.IncludeList-night.png"
2026-10-01T17:51:15.1920460Z 
2026-10-01T17:51:15.1920970Z To configure output for a custom diff tool, use 'withSnapshotTesting'. For example:
2026-10-01T17:51:15.1921430Z 
2026-10-01T17:51:15.1921690Z     withSnapshotTesting(diffTool: .ksdiff) {
2026-10-01T17:51:15.1922130Z       // ...
2026-10-01T17:51:15.1922600Z     }
2026-10-01T17:51:15.1923140Z 
2026-10-01T17:51:15.1923620Z 33391 pixels exceed the native sRGB rounding bound. Newly-taken snapshot does not match reference.
2026-10-01T17:51:15.1925530Z /Users/runner/work/creator-platform/creator-platform/apps/ios/Tests/QelvoraUITests/NativeSnapshotTests.swift:60: error: -[QelvoraUITests.NativeSnapshotTests testComponentCatalogThemes] : failed - Snapshot "TermsBlock.night" does not match reference.
2026-10-01T17:51:15.1927290Z 
2026-10-01T17:51:15.1928500Z @−
2026-10-01T17:51:15.1929500Z "file:///Users/runner/work/creator-platform/creator-platform/apps/ios/Tests/QelvoraUITests/__Snapshots__/NativeSnapshotTests/testComponentCatalogThemes.TermsBlock-night.png"
2026-10-01T17:51:15.1934400Z @+
2026-10-01T17:51:15.1935660Z "file:///Users/runner/work/creator-platform/creator-platform/artifacts/ios/snapshots/NativeSnapshotTests/testComponentCatalogThemes.TermsBlock-night.png"
2026-10-01T17:51:15.1936830Z 
2026-10-01T17:51:15.1938710Z To configure output for a custom diff tool, use 'withSnapshotTesting'. For example:
2026-10-01T17:51:15.1939360Z 
2026-10-01T17:51:15.1952620Z     withSnapshotTesting(diffTool: .ksdiff) {
2026-10-01T17:51:15.1955590Z       // ...
2026-10-01T17:51:15.1956730Z     }
2026-10-01T17:51:15.1957240Z 
2026-10-01T17:51:15.1957770Z 41315 pixels exceed the native sRGB rounding bound. Newly-taken snapshot does not match reference.
2026-10-01T17:51:15.1962940Z /Users/runner/work/creator-platform/creator-platform/apps/ios/Tests/QelvoraUITests/NativeSnapshotTests.swift:60: error: -[QelvoraUITests.NativeSnapshotTests testComponentCatalogThemes] : failed - Snapshot "EtaLine.night" does not match reference.
2026-10-01T17:51:15.1964420Z 
2026-10-01T17:51:15.1967440Z @−
2026-10-01T17:51:15.1972340Z "file:///Users/runner/work/creator-platform/creator-platform/apps/ios/Tests/QelvoraUITests/__Snapshots__/NativeSnapshotTests/testComponentCatalogThemes.EtaLine-night.png"
2026-10-01T17:51:15.1974990Z @+
2026-10-01T17:51:15.1976580Z "file:///Users/runner/work/creator-platform/creator-platform/artifacts/ios/snapshots/NativeSnapshotTests/testComponentCatalogThemes.EtaLine-night.png"
2026-10-01T17:51:15.1977400Z 
2026-10-01T17:51:15.1977690Z To configure output for a custom diff tool, use 'withSnapshotTesting'. For example:
2026-10-01T17:51:15.1978140Z 
2026-10-01T17:51:15.1978450Z     withSnapshotTesting(diffTool: .ksdiff) {
2026-10-01T17:51:15.1979020Z       // ...
2026-10-01T17:51:15.1979430Z     }
2026-10-01T17:51:15.1979710Z 
2026-10-01T17:51:15.1980030Z 11834 pixels exceed the native sRGB rounding bound. Newly-taken snapshot does not match reference.
2026-10-01T17:51:15.1981520Z /Users/runner/work/creator-platform/creator-platform/apps/ios/Tests/QelvoraUITests/NativeSnapshotTests.swift:60: error: -[QelvoraUITests.NativeSnapshotTests testComponentCatalogThemes] : failed - Snapshot "RequestStatus.night" does not match reference.
2026-10-01T17:51:15.1982580Z 
2026-10-01T17:51:15.1982980Z @−
2026-10-01T17:51:15.1983950Z "file:///Users/runner/work/creator-platform/creator-platform/apps/ios/Tests/QelvoraUITests/__Snapshots__/NativeSnapshotTests/testComponentCatalogThemes.RequestStatus-night.png"
2026-10-01T17:51:15.1985020Z @+
2026-10-01T17:51:15.1985760Z "file:///Users/runner/work/creator-platform/creator-platform/artifacts/ios/snapshots/NativeSnapshotTests/testComponentCatalogThemes.RequestStatus-night.png"
2026-10-01T17:51:15.1987990Z 
2026-10-01T17:51:15.1988910Z To configure output for a custom diff tool, use 'withSnapshotTesting'. For example:
2026-10-01T17:51:15.1991250Z 
2026-10-01T17:51:15.1991850Z     withSnapshotTesting(diffTool: .ksdiff) {
2026-10-01T17:51:15.1993030Z       // ...
2026-10-01T17:51:15.1993520Z     }
2026-10-01T17:51:15.1994930Z 
2026-10-01T17:51:15.1995380Z 28530 pixels exceed the native sRGB rounding bound. Newly-taken snapshot does not match reference.
2026-10-01T17:51:15.1996620Z /Users/runner/work/creator-platform/creator-platform/apps/ios/Tests/QelvoraUITests/NativeSnapshotTests.swift:60: error: -[QelvoraUITests.NativeSnapshotTests testComponentCatalogThemes] : failed - Snapshot "Receipt.night" does not match reference.
2026-10-01T17:51:15.1997580Z 
2026-10-01T17:51:15.1997870Z @−
2026-10-01T17:51:15.2000440Z "file:///Users/runner/work/creator-platform/creator-platform/apps/ios/Tests/QelvoraUITests/__Snapshots__/NativeSnapshotTests/testComponentCatalogThemes.Receipt-night.png"
2026-10-01T17:51:15.2002970Z @+
2026-10-01T17:51:15.2051340Z "file:///Users/runner/work/creator-platform/creator-platform/artifacts/ios/snapshots/NativeSnapshotTests/testComponentCatalogThemes.Receipt-night.png"
2026-10-01T17:51:15.2059390Z 
2026-10-01T17:51:15.2060290Z To configure output for a custom diff tool, use 'withSnapshotTesting'. For example:
2026-10-01T17:51:15.2060830Z 
2026-10-01T17:51:15.2061070Z     withSnapshotTesting(diffTool: .ksdiff) {
2026-10-01T17:51:15.2061580Z       // ...
2026-10-01T17:51:15.2061880Z     }
2026-10-01T17:51:15.2062120Z 
2026-10-01T17:51:15.2062490Z 28988 pixels exceed the native sRGB rounding bound. Newly-taken snapshot does not match reference.
2026-10-01T17:51:15.2063940Z /Users/runner/work/creator-platform/creator-platform/apps/ios/Tests/QelvoraUITests/NativeSnapshotTests.swift:60: error: -[QelvoraUITests.NativeSnapshotTests testComponentCatalogThemes] : failed - Snapshot "SpendLimit.night" does not match reference.
2026-10-01T17:51:15.2068830Z 
2026-10-01T17:51:15.2069840Z @−
2026-10-01T17:51:15.2072700Z "file:///Users/runner/work/creator-platform/creator-platform/apps/ios/Tests/QelvoraUITests/__Snapshots__/NativeSnapshotTests/testComponentCatalogThemes.SpendLimit-night.png"
2026-10-01T17:51:15.2074830Z @+
2026-10-01T17:51:15.2076510Z "file:///Users/runner/work/creator-platform/creator-platform/artifacts/ios/snapshots/NativeSnapshotTests/testComponentCatalogThemes.SpendLimit-night.png"
2026-10-01T17:51:15.2078540Z 
2026-10-01T17:51:15.2079250Z To configure output for a custom diff tool, use 'withSnapshotTesting'. For example:
2026-10-01T17:51:15.2080230Z 
2026-10-01T17:51:15.2080700Z     withSnapshotTesting(diffTool: .ksdiff) {
2026-10-01T17:51:15.2081560Z       // ...
2026-10-01T17:51:15.2082850Z     }
2026-10-01T17:51:15.2083510Z 
2026-10-01T17:51:15.2084260Z 32877 pixels exceed the native sRGB rounding bound. Newly-taken snapshot does not match reference.
2026-10-01T17:51:15.2087290Z /Users/runner/work/creator-platform/creator-platform/apps/ios/Tests/QelvoraUITests/NativeSnapshotTests.swift:60: error: -[QelvoraUITests.NativeSnapshotTests testComponentCatalogThemes] : failed - Snapshot "QueueCard.night" does not match reference.
2026-10-01T17:51:15.2089810Z 
2026-10-01T17:51:15.2090430Z @−
2026-10-01T17:51:15.2092310Z "file:///Users/runner/work/creator-platform/creator-platform/apps/ios/Tests/QelvoraUITests/__Snapshots__/NativeSnapshotTests/testComponentCatalogThemes.QueueCard-night.png"
2026-10-01T17:51:15.2094350Z @+
2026-10-01T17:51:15.2095950Z "file:///Users/runner/work/creator-platform/creator-platform/artifacts/ios/snapshots/NativeSnapshotTests/testComponentCatalogThemes.QueueCard-night.png"
2026-10-01T17:51:15.2099250Z 
2026-10-01T17:51:15.2101330Z To configure output for a custom diff tool, use 'withSnapshotTesting'. For example:
2026-10-01T17:51:15.2102390Z 
2026-10-01T17:51:15.2102980Z     withSnapshotTesting(diffTool: .ksdiff) {
2026-10-01T17:51:15.2104650Z       // ...
2026-10-01T17:51:15.2105410Z     }
2026-10-01T17:51:15.2106110Z 
2026-10-01T17:51:15.2106740Z 41291 pixels exceed the native sRGB rounding bound. Newly-taken snapshot does not match reference.
2026-10-01T17:51:15.2111280Z /Users/runner/work/creator-platform/creator-platform/apps/ios/Tests/QelvoraUITests/NativeSnapshotTests.swift:60: error: -[QelvoraUITests.NativeSnapshotTests testComponentCatalogThemes] : failed - Snapshot "CapacityHeader.night" does not match reference.
2026-10-01T17:51:15.2112210Z 
2026-10-01T17:51:15.2112640Z @−
2026-10-01T17:51:15.2113350Z "file:///Users/runner/work/creator-platform/creator-platform/apps/ios/Tests/QelvoraUITests/__Snapshots__/NativeSnapshotTests/testComponentCatalogThemes.CapacityHeader-night.png"
2026-10-01T17:51:15.2114270Z @+
2026-10-01T17:51:15.2115580Z "file:///Users/runner/work/creator-platform/creator-platform/artifacts/ios/snapshots/NativeSnapshotTests/testComponentCatalogThemes.CapacityHeader-night.png"
2026-10-01T17:51:15.2120970Z 
2026-10-01T17:51:15.2121350Z To configure output for a custom diff tool, use 'withSnapshotTesting'. For example:
2026-10-01T17:51:15.2123180Z 
2026-10-01T17:51:15.2123500Z     withSnapshotTesting(diffTool: .ksdiff) {
2026-10-01T17:51:15.2124430Z       // ...
2026-10-01T17:51:15.2124880Z     }
2026-10-01T17:51:15.2125590Z 
2026-10-01T17:51:15.2126010Z 20979 pixels exceed the native sRGB rounding bound. Newly-taken snapshot does not match reference.
2026-10-01T17:51:15.2127780Z /Users/runner/work/creator-platform/creator-platform/apps/ios/Tests/QelvoraUITests/NativeSnapshotTests.swift:60: error: -[QelvoraUITests.NativeSnapshotTests testComponentCatalogThemes] : failed - Snapshot "LabelPreview.night" does not match reference.
2026-10-01T17:51:15.2128860Z 
2026-10-01T17:51:15.2129210Z @−
2026-10-01T17:51:15.2132000Z "file:///Users/runner/work/creator-platform/creator-platform/apps/ios/Tests/QelvoraUITests/__Snapshots__/NativeSnapshotTests/testComponentCatalogThemes.LabelPreview-night.png"
2026-10-01T17:51:15.2135530Z @+
2026-10-01T17:51:15.2137980Z "file:///Users/runner/work/creator-platform/creator-platform/artifacts/ios/snapshots/NativeSnapshotTests/testComponentCatalogThemes.LabelPreview-night.png"
2026-10-01T17:51:15.2141970Z 
2026-10-01T17:51:15.2143790Z To configure output for a custom diff tool, use 'withSnapshotTesting'. For example:
2026-10-01T17:51:15.2155850Z 
2026-10-01T17:51:15.2156230Z     withSnapshotTesting(diffTool: .ksdiff) {
2026-10-01T17:51:15.2156740Z       // ...
2026-10-01T17:51:15.2157180Z     }
2026-10-01T17:51:15.2157430Z 
2026-10-01T17:51:15.2158140Z 22153 pixels exceed the native sRGB rounding bound. Newly-taken snapshot does not match reference.
2026-10-01T17:51:15.2159680Z /Users/runner/work/creator-platform/creator-platform/apps/ios/Tests/QelvoraUITests/NativeSnapshotTests.swift:60: error: -[QelvoraUITests.NativeSnapshotTests testComponentCatalogThemes] : failed - Snapshot "SigningSheet.night" does not match reference.
2026-10-01T17:51:15.2160960Z 
2026-10-01T17:51:15.2161440Z @−
2026-10-01T17:51:15.2162250Z "file:///Users/runner/work/creator-platform/creator-platform/apps/ios/Tests/QelvoraUITests/__Snapshots__/NativeSnapshotTests/testComponentCatalogThemes.SigningSheet-night.png"
2026-10-01T17:51:15.2164020Z @+
2026-10-01T17:51:15.2165000Z "file:///Users/runner/work/creator-platform/creator-platform/artifacts/ios/snapshots/NativeSnapshotTests/testComponentCatalogThemes.SigningSheet-night.png"
2026-10-01T17:51:15.2166240Z 
2026-10-01T17:51:15.2166560Z To configure output for a custom diff tool, use 'withSnapshotTesting'. For example:
2026-10-01T17:51:15.2167030Z 
2026-10-01T17:51:15.2167550Z     withSnapshotTesting(diffTool: .ksdiff) {
2026-10-01T17:51:15.2170540Z       // ...
2026-10-01T17:51:15.2171550Z     }
2026-10-01T17:51:15.2172080Z 
2026-10-01T17:51:15.2173210Z 36828 pixels exceed the native sRGB rounding bound. Newly-taken snapshot does not match reference.
2026-10-01T17:51:15.2175440Z /Users/runner/work/creator-platform/creator-platform/apps/ios/Tests/QelvoraUITests/NativeSnapshotTests.swift:60: error: -[QelvoraUITests.NativeSnapshotTests testComponentCatalogThemes] : failed - Snapshot "AuditBanner.night" does not match reference.
2026-10-01T17:51:15.2176510Z 
2026-10-01T17:51:15.2176910Z @−
2026-10-01T17:51:15.2179030Z "file:///Users/runner/work/creator-platform/creator-platform/apps/ios/Tests/QelvoraUITests/__Snapshots__/NativeSnapshotTests/testComponentCatalogThemes.AuditBanner-night.png"
2026-10-01T17:51:15.2185230Z @+
2026-10-01T17:51:15.2187170Z "file:///Users/runner/work/creator-platform/creator-platform/artifacts/ios/snapshots/NativeSnapshotTests/testComponentCatalogThemes.AuditBanner-night.png"
2026-10-01T17:51:15.2188970Z 
2026-10-01T17:51:15.2189580Z To configure output for a custom diff tool, use 'withSnapshotTesting'. For example:
2026-10-01T17:51:15.2190610Z 
2026-10-01T17:51:15.2191150Z     withSnapshotTesting(diffTool: .ksdiff) {
2026-10-01T17:51:15.2192220Z       // ...
2026-10-01T17:51:15.2192950Z     }
2026-10-01T17:51:15.2193510Z 
2026-10-01T17:51:15.2194650Z 14285 pixels exceed the native sRGB rounding bound. Newly-taken snapshot does not match reference.
2026-10-01T17:51:15.2197920Z /Users/runner/work/creator-platform/creator-platform/apps/ios/Tests/QelvoraUITests/NativeSnapshotTests.swift:60: error: -[QelvoraUITests.NativeSnapshotTests testComponentCatalogThemes] : failed - Snapshot "SourceRow.night" does not match reference.
2026-10-01T17:51:15.2199240Z 
2026-10-01T17:51:15.2199690Z @−
2026-10-01T17:51:15.2200540Z "file:///Users/runner/work/creator-platform/creator-platform/apps/ios/Tests/QelvoraUITests/__Snapshots__/NativeSnapshotTests/testComponentCatalogThemes.SourceRow-night.png"
2026-10-01T17:51:15.2201330Z @+
2026-10-01T17:51:15.2202150Z "file:///Users/runner/work/creator-platform/creator-platform/artifacts/ios/snapshots/NativeSnapshotTests/testComponentCatalogThemes.SourceRow-night.png"
2026-10-01T17:51:15.2202810Z 
2026-10-01T17:51:15.2203610Z To configure output for a custom diff tool, use 'withSnapshotTesting'. For example:
2026-10-01T17:51:15.2204190Z 
2026-10-01T17:51:15.2204420Z     withSnapshotTesting(diffTool: .ksdiff) {
2026-10-01T17:51:15.2204910Z       // ...
2026-10-01T17:51:15.2205230Z     }
2026-10-01T17:51:15.2205440Z 
2026-10-01T17:51:15.2205830Z 23640 pixels exceed the native sRGB rounding bound. Newly-taken snapshot does not match reference.
2026-10-01T17:51:15.2207210Z /Users/runner/work/creator-platform/creator-platform/apps/ios/Tests/QelvoraUITests/NativeSnapshotTests.swift:60: error: -[QelvoraUITests.NativeSnapshotTests testComponentCatalogThemes] : failed - Snapshot "Button.night" does not match reference.
2026-10-01T17:51:15.2208180Z 
2026-10-01T17:51:15.2208470Z @−
2026-10-01T17:51:15.2210140Z "file:///Users/runner/work/creator-platform/creator-platform/apps/ios/Tests/QelvoraUITests/__Snapshots__/NativeSnapshotTests/testComponentCatalogThemes.Button-night.png"
2026-10-01T17:51:15.2211960Z @+
2026-10-01T17:51:15.2212770Z "file:///Users/runner/work/creator-platform/creator-platform/artifacts/ios/snapshots/NativeSnapshotTests/testComponentCatalogThemes.Button-night.png"
2026-10-01T17:51:15.2213810Z 
2026-10-01T17:51:15.2214110Z To configure output for a custom diff tool, use 'withSnapshotTesting'. For example:
2026-10-01T17:51:15.2214610Z 
2026-10-01T17:51:15.2214840Z     withSnapshotTesting(diffTool: .ksdiff) {
2026-10-01T17:51:15.2215390Z       // ...
2026-10-01T17:51:15.2215650Z     }
2026-10-01T17:51:15.2215850Z 
2026-10-01T17:51:15.2216250Z 27559 pixels exceed the native sRGB rounding bound. Newly-taken snapshot does not match reference.
2026-10-01T17:51:15.2217870Z /Users/runner/work/creator-platform/creator-platform/apps/ios/Tests/QelvoraUITests/NativeSnapshotTests.swift:60: error: -[QelvoraUITests.NativeSnapshotTests testComponentCatalogThemes] : failed - Snapshot "TabBar.night" does not match reference.
2026-10-01T17:51:15.2219020Z 
2026-10-01T17:51:15.2219310Z @−
2026-10-01T17:51:15.2220100Z "file:///Users/runner/work/creator-platform/creator-platform/apps/ios/Tests/QelvoraUITests/__Snapshots__/NativeSnapshotTests/testComponentCatalogThemes.TabBar-night.png"
2026-10-01T17:51:15.2220980Z @+
2026-10-01T17:51:15.2221870Z "file:///Users/runner/work/creator-platform/creator-platform/artifacts/ios/snapshots/NativeSnapshotTests/testComponentCatalogThemes.TabBar-night.png"
2026-10-01T17:51:15.2223340Z 
2026-10-01T17:51:15.2223670Z To configure output for a custom diff tool, use 'withSnapshotTesting'. For example:
2026-10-01T17:51:15.2224060Z 
2026-10-01T17:51:15.2225910Z     withSnapshotTesting(diffTool: .ksdiff) {
2026-10-01T17:51:15.2226380Z       // ...
2026-10-01T17:51:15.2226640Z     }
2026-10-01T17:51:15.2226820Z 
2026-10-01T17:51:15.2227180Z 6346 pixels exceed the native sRGB rounding bound. Newly-taken snapshot does not match reference.
2026-10-01T17:51:15.2235970Z /Users/runner/work/creator-platform/creator-platform/apps/ios/Tests/QelvoraUITests/NativeSnapshotTests.swift:60: error: -[QelvoraUITests.NativeSnapshotTests testComponentCatalogThemes] : failed - Snapshot "Segmented.night" does not match reference.
2026-10-01T17:51:15.2237460Z 
2026-10-01T17:51:15.2238320Z @−
2026-10-01T17:51:15.2240130Z "file:///Users/runner/work/creator-platform/creator-platform/apps/ios/Tests/QelvoraUITests/__Snapshots__/NativeSnapshotTests/testComponentCatalogThemes.Segmented-night.png"
2026-10-01T17:51:15.2241830Z @+
2026-10-01T17:51:15.2243490Z "file:///Users/runner/work/creator-platform/creator-platform/artifacts/ios/snapshots/NativeSnapshotTests/testComponentCatalogThemes.Segmented-night.png"
2026-10-01T17:51:15.2244170Z 
2026-10-01T17:51:15.2244360Z To configure output for a custom diff tool, use 'withSnapshotTesting'. For example:
2026-10-01T17:51:15.2245040Z 
2026-10-01T17:51:15.2245840Z     withSnapshotTesting(diffTool: .ksdiff) {
2026-10-01T17:51:15.2247470Z       // ...
2026-10-01T17:51:15.2291080Z     }
2026-10-01T17:51:15.2291240Z 
2026-10-01T17:51:15.2291570Z 8235 pixels exceed the native sRGB rounding bound. Newly-taken snapshot does not match reference.
2026-10-01T17:51:15.2293400Z /Users/runner/work/creator-platform/creator-platform/apps/ios/Tests/QelvoraUITests/NativeSnapshotTests.swift:60: error: -[QelvoraUITests.NativeSnapshotTests testComponentCatalogThemes] : failed - Snapshot "Notice.night" does not match reference.
2026-10-01T17:51:15.2294520Z 
2026-10-01T17:51:15.2294770Z @−
2026-10-01T17:51:15.2296040Z "file:///Users/runner/work/creator-platform/creator-platform/apps/ios/Tests/QelvoraUITests/__Snapshots__/NativeSnapshotTests/testComponentCatalogThemes.Notice-night.png"
2026-10-01T17:51:15.2296750Z @+
2026-10-01T17:51:15.2297410Z "file:///Users/runner/work/creator-platform/creator-platform/artifacts/ios/snapshots/NativeSnapshotTests/testComponentCatalogThemes.Notice-night.png"
2026-10-01T17:51:15.2297900Z 
2026-10-01T17:51:15.2298130Z To configure output for a custom diff tool, use 'withSnapshotTesting'. For example:
2026-10-01T17:51:15.2298450Z 
2026-10-01T17:51:15.2298590Z     withSnapshotTesting(diffTool: .ksdiff) {
2026-10-01T17:51:15.2298880Z       // ...
2026-10-01T17:51:15.2299120Z     }
2026-10-01T17:51:15.2299290Z 
2026-10-01T17:51:15.2299620Z 26916 pixels exceed the native sRGB rounding bound. Newly-taken snapshot does not match reference.
2026-10-01T17:51:15.2300960Z /Users/runner/work/creator-platform/creator-platform/apps/ios/Tests/QelvoraUITests/NativeSnapshotTests.swift:60: error: -[QelvoraUITests.NativeSnapshotTests testComponentCatalogThemes] : failed - Snapshot "NotificationRow.night" does not match reference.
2026-10-01T17:51:15.2302540Z 
2026-10-01T17:51:15.2302730Z @−
2026-10-01T17:51:15.2303380Z "file:///Users/runner/work/creator-platform/creator-platform/apps/ios/Tests/QelvoraUITests/__Snapshots__/NativeSnapshotTests/testComponentCatalogThemes.NotificationRow-night.png"
2026-10-01T17:51:15.2304210Z @+
2026-10-01T17:51:15.2305020Z "file:///Users/runner/work/creator-platform/creator-platform/artifacts/ios/snapshots/NativeSnapshotTests/testComponentCatalogThemes.NotificationRow-night.png"
2026-10-01T17:51:15.2305850Z 
2026-10-01T17:51:15.2306140Z To configure output for a custom diff tool, use 'withSnapshotTesting'. For example:
2026-10-01T17:51:15.2306560Z 
2026-10-01T17:51:15.2306700Z     withSnapshotTesting(diffTool: .ksdiff) {
2026-10-01T17:51:15.2306980Z       // ...
2026-10-01T17:51:15.2307610Z     }
2026-10-01T17:51:15.2308320Z 
2026-10-01T17:51:15.2309140Z 68581 pixels exceed the native sRGB rounding bound. Newly-taken snapshot does not match reference.
2026-10-01T17:51:15.2310900Z /Users/runner/work/creator-platform/creator-platform/apps/ios/Tests/QelvoraUITests/NativeSnapshotTests.swift:60: error: -[QelvoraUITests.NativeSnapshotTests testComponentCatalogThemes] : failed - Snapshot "EmptyState.night" does not match reference.
2026-10-01T17:51:15.2312050Z 
2026-10-01T17:51:15.2312190Z @−
2026-10-01T17:51:15.2314100Z "file:///Users/runner/work/creator-platform/creator-platform/apps/ios/Tests/QelvoraUITests/__Snapshots__/NativeSnapshotTests/testComponentCatalogThemes.EmptyState-night.png"
2026-10-01T17:51:15.2314950Z @+
2026-10-01T17:51:15.2315740Z "file:///Users/runner/work/creator-platform/creator-platform/artifacts/ios/snapshots/NativeSnapshotTests/testComponentCatalogThemes.EmptyState-night.png"
2026-10-01T17:51:15.2316340Z 
2026-10-01T17:51:15.2316590Z To configure output for a custom diff tool, use 'withSnapshotTesting'. For example:
2026-10-01T17:51:15.2316930Z 
2026-10-01T17:51:15.2317030Z     withSnapshotTesting(diffTool: .ksdiff) {
2026-10-01T17:51:15.2317500Z       // ...
2026-10-01T17:51:15.2317870Z     }
2026-10-01T17:51:15.2318040Z 
2026-10-01T17:51:15.2318330Z 23389 pixels exceed the native sRGB rounding bound. Newly-taken snapshot does not match reference.
2026-10-01T17:51:15.2319560Z /Users/runner/work/creator-platform/creator-platform/apps/ios/Tests/QelvoraUITests/NativeSnapshotTests.swift:60: error: -[QelvoraUITests.NativeSnapshotTests testComponentCatalogThemes] : failed - Snapshot "ShareCard.night" does not match reference.
2026-10-01T17:51:15.2320430Z 
2026-10-01T17:51:15.2320570Z @−
2026-10-01T17:51:15.2321610Z "file:///Users/runner/work/creator-platform/creator-platform/apps/ios/Tests/QelvoraUITests/__Snapshots__/NativeSnapshotTests/testComponentCatalogThemes.ShareCard-night.png"
2026-10-01T17:51:15.2322310Z @+
2026-10-01T17:51:15.2322920Z "file:///Users/runner/work/creator-platform/creator-platform/artifacts/ios/snapshots/NativeSnapshotTests/testComponentCatalogThemes.ShareCard-night.png"
2026-10-01T17:51:15.2323870Z 
2026-10-01T17:51:15.2324090Z To configure output for a custom diff tool, use 'withSnapshotTesting'. For example:
2026-10-01T17:51:15.2324460Z 
2026-10-01T17:51:15.2324910Z     withSnapshotTesting(diffTool: .ksdiff) {
2026-10-01T17:51:15.2325800Z       // ...
2026-10-01T17:51:15.2326000Z     }
2026-10-01T17:51:15.2326130Z 
2026-10-01T17:51:15.2326470Z 37129 pixels exceed the native sRGB rounding bound. Newly-taken snapshot does not match reference.
2026-10-01T17:51:15.2327670Z /Users/runner/work/creator-platform/creator-platform/apps/ios/Tests/QelvoraUITests/NativeSnapshotTests.swift:60: error: -[QelvoraUITests.NativeSnapshotTests testComponentCatalogThemes] : failed - Snapshot "CallChip.night" does not match reference.
2026-10-01T17:51:15.2328640Z 
2026-10-01T17:51:15.2328730Z @−
2026-10-01T17:51:15.2329400Z "file:///Users/runner/work/creator-platform/creator-platform/apps/ios/Tests/QelvoraUITests/__Snapshots__/NativeSnapshotTests/testComponentCatalogThemes.CallChip-night.png"
2026-10-01T17:51:15.2330190Z @+
2026-10-01T17:51:15.2330780Z "file:///Users/runner/work/creator-platform/creator-platform/artifacts/ios/snapshots/NativeSnapshotTests/testComponentCatalogThemes.CallChip-night.png"
2026-10-01T17:51:15.2331340Z 
2026-10-01T17:51:20.8927580Z To configure output for a custom diff tool, use 'withSnapshotTesting'. For example:
2026-10-01T17:51:20.8982450Z 
2026-10-01T17:51:20.8985750Z     withSnapshotTesting(diffTool: .ksdiff) {
2026-10-01T17:51:20.8991440Z       // ...
2026-10-01T17:51:20.8992380Z     }
2026-10-01T17:51:20.8999090Z 
2026-10-01T17:51:20.8999690Z 22100 pixels exceed the native sRGB rounding bound. Newly-taken snapshot does not match reference.
2026-10-01T17:51:20.9001470Z /Users/runner/work/creator-platform/creator-platform/apps/ios/Tests/QelvoraUITests/NativeSnapshotTests.swift:60: error: -[QelvoraUITests.NativeSnapshotTests testComponentCatalogThemes] : failed - Snapshot "ReservedLabel.night" does not match reference.
2026-10-01T17:51:20.9002820Z 
2026-10-01T17:51:20.9004300Z @−
2026-10-01T17:51:20.9005360Z "file:///Users/runner/work/creator-platform/creator-platform/apps/ios/Tests/QelvoraUITests/__Snapshots__/NativeSnapshotTests/testComponentCatalogThemes.ReservedLabel-night.png"
2026-10-01T17:51:20.9006490Z @+
2026-10-01T17:51:20.9007430Z "file:///Users/runner/work/creator-platform/creator-platform/artifacts/ios/snapshots/NativeSnapshotTests/testComponentCatalogThemes.ReservedLabel-night.png"
2026-10-01T17:51:20.9008460Z 
2026-10-01T17:51:20.9009460Z To configure output for a custom diff tool, use 'withSnapshotTesting'. For example:
2026-10-01T17:51:20.9009860Z 
2026-10-01T17:51:20.9010230Z     withSnapshotTesting(diffTool: .ksdiff) {
2026-10-01T17:51:20.9011410Z       // ...
2026-10-01T17:51:20.9012820Z     }
2026-10-01T17:51:20.9013320Z 
2026-10-01T17:51:20.9013960Z 28238 pixels exceed the native sRGB rounding bound. Newly-taken snapshot does not match reference.
2026-10-01T17:51:20.9018390Z /Users/runner/work/creator-platform/creator-platform/apps/ios/Tests/QelvoraUITests/NativeSnapshotTests.swift:60: error: -[QelvoraUITests.NativeSnapshotTests testComponentCatalogThemes] : failed - Snapshot "Countdown.night" does not match reference.
2026-10-01T17:51:20.9019650Z 
2026-10-01T17:51:20.9019970Z @−
2026-10-01T17:51:20.9020630Z "file:///Users/runner/work/creator-platform/creator-platform/apps/ios/Tests/QelvoraUITests/__Snapshots__/NativeSnapshotTests/testComponentCatalogThemes.Countdown-night.png"
2026-10-01T17:51:20.9021770Z @+
2026-10-01T17:51:20.9022700Z "file:///Users/runner/work/creator-platform/creator-platform/artifacts/ios/snapshots/NativeSnapshotTests/testComponentCatalogThemes.Countdown-night.png"
2026-10-01T17:51:20.9024220Z 
2026-10-01T17:51:20.9024580Z To configure output for a custom diff tool, use 'withSnapshotTesting'. For example:
2026-10-01T17:51:20.9024970Z 
2026-10-01T17:51:20.9025050Z     withSnapshotTesting(diffTool: .ksdiff) {
2026-10-01T17:51:20.9026800Z       // ...
2026-10-01T17:51:20.9029010Z     }
2026-10-01T17:51:20.9029220Z 
2026-10-01T17:51:20.9031500Z 9308 pixels exceed the native sRGB rounding bound. Newly-taken snapshot does not match reference.
2026-10-01T17:51:20.9034670Z /Users/runner/work/creator-platform/creator-platform/apps/ios/Tests/QelvoraUITests/NativeSnapshotTests.swift:60: error: -[QelvoraUITests.NativeSnapshotTests testComponentCatalogThemes] : failed - Snapshot "InsteadMenu.night" does not match reference.
2026-10-01T17:51:20.9036870Z 
2026-10-01T17:51:20.9037180Z @−
2026-10-01T17:51:20.9039500Z "file:///Users/runner/work/creator-platform/creator-platform/apps/ios/Tests/QelvoraUITests/__Snapshots__/NativeSnapshotTests/testComponentCatalogThemes.InsteadMenu-night.png"
2026-10-01T17:51:20.9040750Z @+
2026-10-01T17:51:20.9041400Z "file:///Users/runner/work/creator-platform/creator-platform/artifacts/ios/snapshots/NativeSnapshotTests/testComponentCatalogThemes.InsteadMenu-night.png"
2026-10-01T17:51:20.9042070Z 
2026-10-01T17:51:20.9042430Z To configure output for a custom diff tool, use 'withSnapshotTesting'. For example:
2026-10-01T17:51:20.9042700Z 
2026-10-01T17:51:20.9043030Z     withSnapshotTesting(diffTool: .ksdiff) {
2026-10-01T17:51:20.9043640Z       // ...
2026-10-01T17:51:20.9043890Z     }
2026-10-01T17:51:20.9044030Z 
2026-10-01T17:51:20.9044390Z 61244 pixels exceed the native sRGB rounding bound. Newly-taken snapshot does not match reference.
2026-10-01T17:51:20.9045690Z /Users/runner/work/creator-platform/creator-platform/apps/ios/Tests/QelvoraUITests/NativeSnapshotTests.swift:60: error: -[QelvoraUITests.NativeSnapshotTests testComponentCatalogThemes] : failed - Snapshot "TestConsole.night" does not match reference.
2026-10-01T17:51:20.9046820Z 
2026-10-01T17:51:20.9047040Z @−
2026-10-01T17:51:20.9048190Z "file:///Users/runner/work/creator-platform/creator-platform/apps/ios/Tests/QelvoraUITests/__Snapshots__/NativeSnapshotTests/testComponentCatalogThemes.TestConsole-night.png"
2026-10-01T17:51:20.9048950Z @+
2026-10-01T17:51:20.9049630Z "file:///Users/runner/work/creator-platform/creator-platform/artifacts/ios/snapshots/NativeSnapshotTests/testComponentCatalogThemes.TestConsole-night.png"
2026-10-01T17:51:20.9050260Z 
2026-10-01T17:51:20.9050460Z To configure output for a custom diff tool, use 'withSnapshotTesting'. For example:
2026-10-01T17:51:20.9050800Z 
2026-10-01T17:51:20.9050940Z     withSnapshotTesting(diffTool: .ksdiff) {
2026-10-01T17:51:20.9051270Z       // ...
2026-10-01T17:51:20.9051490Z     }
2026-10-01T17:51:20.9051610Z 
2026-10-01T17:51:20.9051910Z 57068 pixels exceed the native sRGB rounding bound. Newly-taken snapshot does not match reference.
2026-10-01T17:51:20.9053100Z /Users/runner/work/creator-platform/creator-platform/apps/ios/Tests/QelvoraUITests/NativeSnapshotTests.swift:60: error: -[QelvoraUITests.NativeSnapshotTests testComponentCatalogThemes] : failed - Snapshot "VersionList.night" does not match reference.
2026-10-01T17:51:20.9054070Z 
2026-10-01T17:51:20.9054230Z @−
2026-10-01T17:51:20.9054930Z "file:///Users/runner/work/creator-platform/creator-platform/apps/ios/Tests/QelvoraUITests/__Snapshots__/NativeSnapshotTests/testComponentCatalogThemes.VersionList-night.png"
2026-10-01T17:51:20.9055700Z @+
2026-10-01T17:51:20.9056460Z "file:///Users/runner/work/creator-platform/creator-platform/artifacts/ios/snapshots/NativeSnapshotTests/testComponentCatalogThemes.VersionList-night.png"
2026-10-01T17:51:20.9057070Z 
2026-10-01T17:51:20.9057270Z To configure output for a custom diff tool, use 'withSnapshotTesting'. For example:
2026-10-01T17:51:20.9057610Z 
2026-10-01T17:51:20.9057760Z     withSnapshotTesting(diffTool: .ksdiff) {
2026-10-01T17:51:20.9058090Z       // ...
2026-10-01T17:51:20.9058340Z     }
2026-10-01T17:51:20.9059120Z 
2026-10-01T17:51:20.9059420Z 24017 pixels exceed the native sRGB rounding bound. Newly-taken snapshot does not match reference.
2026-10-01T17:51:20.9060810Z /Users/runner/work/creator-platform/creator-platform/apps/ios/Tests/QelvoraUITests/NativeSnapshotTests.swift:60: error: -[QelvoraUITests.NativeSnapshotTests testComponentCatalogThemes] : failed - Snapshot "DigestItem.night" does not match reference.
2026-10-01T17:51:20.9061810Z 
2026-10-01T17:51:20.9061960Z @−
2026-10-01T17:51:20.9062630Z "file:///Users/runner/work/creator-platform/creator-platform/apps/ios/Tests/QelvoraUITests/__Snapshots__/NativeSnapshotTests/testComponentCatalogThemes.DigestItem-night.png"
2026-10-01T17:51:20.9063460Z @+
2026-10-01T17:51:20.9064440Z "file:///Users/runner/work/creator-platform/creator-platform/artifacts/ios/snapshots/NativeSnapshotTests/testComponentCatalogThemes.DigestItem-night.png"
2026-10-01T17:51:20.9065010Z 
2026-10-01T17:51:20.9065260Z To configure output for a custom diff tool, use 'withSnapshotTesting'. For example:
2026-10-01T17:51:20.9065690Z 
2026-10-01T17:51:20.9065840Z     withSnapshotTesting(diffTool: .ksdiff) {
2026-10-01T17:51:20.9066130Z       // ...
2026-10-01T17:51:20.9066370Z     }
2026-10-01T17:51:20.9066520Z 
2026-10-01T17:51:20.9066820Z 33349 pixels exceed the native sRGB rounding bound. Newly-taken snapshot does not match reference.
2026-10-01T17:51:20.9068240Z /Users/runner/work/creator-platform/creator-platform/apps/ios/Tests/QelvoraUITests/NativeSnapshotTests.swift:60: error: -[QelvoraUITests.NativeSnapshotTests testComponentCatalogThemes] : failed - Snapshot "StudioTabBar.night" does not match reference.
2026-10-01T17:51:20.9069280Z 
2026-10-01T17:51:20.9069470Z @−
2026-10-01T17:51:20.9070230Z "file:///Users/runner/work/creator-platform/creator-platform/apps/ios/Tests/QelvoraUITests/__Snapshots__/NativeSnapshotTests/testComponentCatalogThemes.StudioTabBar-night.png"
2026-10-01T17:51:20.9070970Z @+
2026-10-01T17:51:20.9071690Z "file:///Users/runner/work/creator-platform/creator-platform/artifacts/ios/snapshots/NativeSnapshotTests/testComponentCatalogThemes.StudioTabBar-night.png"
2026-10-01T17:51:20.9072320Z 
2026-10-01T17:51:20.9072540Z To configure output for a custom diff tool, use 'withSnapshotTesting'. For example:
2026-10-01T17:51:20.9072950Z 
2026-10-01T17:51:20.9073080Z     withSnapshotTesting(diffTool: .ksdiff) {
2026-10-01T17:51:20.9073360Z       // ...
2026-10-01T17:51:20.9073600Z     }
2026-10-01T17:51:20.9073730Z 
2026-10-01T17:51:20.9074020Z 9809 pixels exceed the native sRGB rounding bound. Newly-taken snapshot does not match reference.
2026-10-01T17:51:20.9074510Z Context leak detected, CoreAnalytics returned false
2026-10-01T17:51:20.9075550Z /Users/runner/work/creator-platform/creator-platform/apps/ios/Tests/QelvoraUITests/NativeSnapshotTests.swift:60: error: -[QelvoraUITests.NativeSnapshotTests testComponentCatalogThemes] : failed - Snapshot "Sidebar.night" does not match reference.
2026-10-01T17:51:20.9076540Z 
2026-10-01T17:51:20.9076640Z @−
2026-10-01T17:51:20.9077430Z "file:///Users/runner/work/creator-platform/creator-platform/apps/ios/Tests/QelvoraUITests/__Snapshots__/NativeSnapshotTests/testComponentCatalogThemes.Sidebar-night.png"
2026-10-01T17:51:20.9078130Z @+
2026-10-01T17:51:20.9078760Z "file:///Users/runner/work/creator-platform/creator-platform/artifacts/ios/snapshots/NativeSnapshotTests/testComponentCatalogThemes.Sidebar-night.png"
2026-10-01T17:51:20.9079350Z 
2026-10-01T17:51:20.9079600Z To configure output for a custom diff tool, use 'withSnapshotTesting'. For example:
2026-10-01T17:51:20.9080020Z 
2026-10-01T17:51:20.9080190Z     withSnapshotTesting(diffTool: .ksdiff) {
2026-10-01T17:51:20.9080560Z       // ...
2026-10-01T17:51:20.9080760Z     }
2026-10-01T17:51:20.9080900Z 
2026-10-01T17:51:20.9081200Z 20494 pixels exceed the native sRGB rounding bound. Newly-taken snapshot does not match reference.
2026-10-01T17:51:20.9082400Z /Users/runner/work/creator-platform/creator-platform/apps/ios/Tests/QelvoraUITests/NativeSnapshotTests.swift:60: error: -[QelvoraUITests.NativeSnapshotTests testComponentCatalogThemes] : failed - Snapshot "Sheet.night" does not match reference.
2026-10-01T17:51:20.9083810Z 
2026-10-01T17:51:20.9084010Z @−
2026-10-01T17:51:20.9084690Z "file:///Users/runner/work/creator-platform/creator-platform/apps/ios/Tests/QelvoraUITests/__Snapshots__/NativeSnapshotTests/testComponentCatalogThemes.Sheet-night.png"
2026-10-01T17:51:20.9085410Z @+
2026-10-01T17:51:20.9086390Z "file:///Users/runner/work/creator-platform/creator-platform/artifacts/ios/snapshots/NativeSnapshotTests/testComponentCatalogThemes.Sheet-night.png"
2026-10-01T17:51:20.9087030Z 
2026-10-01T17:51:20.9087230Z To configure output for a custom diff tool, use 'withSnapshotTesting'. For example:
2026-10-01T17:51:20.9087580Z 
2026-10-01T17:51:20.9087730Z     withSnapshotTesting(diffTool: .ksdiff) {
2026-10-01T17:51:20.9088030Z       // ...
2026-10-01T17:51:20.9088280Z     }
2026-10-01T17:51:20.9088430Z 
2026-10-01T17:51:20.9088740Z 53579 pixels exceed the native sRGB rounding bound. Newly-taken snapshot does not match reference.
2026-10-01T17:51:20.9089950Z /Users/runner/work/creator-platform/creator-platform/apps/ios/Tests/QelvoraUITests/NativeSnapshotTests.swift:60: error: -[QelvoraUITests.NativeSnapshotTests testComponentCatalogThemes] : failed - Snapshot "Toast.night" does not match reference.
2026-10-01T17:51:20.9090860Z 
2026-10-01T17:51:20.9090990Z @−
2026-10-01T17:51:20.9091620Z "file:///Users/runner/work/creator-platform/creator-platform/apps/ios/Tests/QelvoraUITests/__Snapshots__/NativeSnapshotTests/testComponentCatalogThemes.Toast-night.png"
2026-10-01T17:51:20.9092370Z @+
2026-10-01T17:51:20.9092950Z "file:///Users/runner/work/creator-platform/creator-platform/artifacts/ios/snapshots/NativeSnapshotTests/testComponentCatalogThemes.Toast-night.png"
2026-10-01T17:51:20.9093530Z 
2026-10-01T17:51:20.9093780Z To configure output for a custom diff tool, use 'withSnapshotTesting'. For example:
2026-10-01T17:51:20.9094120Z 
2026-10-01T17:51:20.9094250Z     withSnapshotTesting(diffTool: .ksdiff) {
2026-10-01T17:51:20.9094540Z       // ...
2026-10-01T17:51:20.9094780Z     }
2026-10-01T17:51:20.9094910Z 
2026-10-01T17:51:20.9095170Z 7713 pixels exceed the native sRGB rounding bound. Newly-taken snapshot does not match reference.
2026-10-01T17:51:20.9096380Z /Users/runner/work/creator-platform/creator-platform/apps/ios/Tests/QelvoraUITests/NativeSnapshotTests.swift:60: error: -[QelvoraUITests.NativeSnapshotTests testComponentCatalogThemes] : failed - Snapshot "EmailFrame.night" does not match reference.
2026-10-01T17:51:20.9097350Z 
2026-10-01T17:51:20.9097470Z @−
2026-10-01T17:51:20.9098130Z "file:///Users/runner/work/creator-platform/creator-platform/apps/ios/Tests/QelvoraUITests/__Snapshots__/NativeSnapshotTests/testComponentCatalogThemes.EmailFrame-night.png"
2026-10-01T17:51:20.9098890Z @+
2026-10-01T17:51:20.9099510Z "file:///Users/runner/work/creator-platform/creator-platform/artifacts/ios/snapshots/NativeSnapshotTests/testComponentCatalogThemes.EmailFrame-night.png"
2026-10-01T17:51:20.9100150Z 
2026-10-01T17:51:20.9100420Z To configure output for a custom diff tool, use 'withSnapshotTesting'. For example:
2026-10-01T17:51:20.9100800Z 
2026-10-01T17:51:20.9100910Z     withSnapshotTesting(diffTool: .ksdiff) {
2026-10-01T17:51:20.9101260Z       // ...
2026-10-01T17:51:20.9101470Z     }
2026-10-01T17:51:20.9101620Z 
2026-10-01T17:51:20.9101940Z 49459 pixels exceed the native sRGB rounding bound. Newly-taken snapshot does not match reference.
2026-10-01T17:51:20.9102710Z Test Case '-[QelvoraUITests.NativeSnapshotTests testComponentCatalogThemes]' failed (37.201 seconds).
2026-10-01T17:51:20.9103390Z Test Case '-[QelvoraUITests.NativeSnapshotTests testWelcomeThemes]' started.
2026-10-01T17:51:20.9104870Z /Users/runner/work/creator-platform/creator-platform/apps/ios/Tests/QelvoraUITests/NativeSnapshotTests.swift:17: error: -[QelvoraUITests.NativeSnapshotTests testWelcomeThemes] : failed - Snapshot "light" does not match reference.
2026-10-01T17:51:20.9105970Z 
2026-10-01T17:51:20.9106530Z @−
2026-10-01T17:51:20.9107180Z "file:///Users/runner/work/creator-platform/creator-platform/apps/ios/Tests/QelvoraUITests/__Snapshots__/NativeSnapshotTests/testWelcomeThemes.light.png"
2026-10-01T17:51:20.9107820Z @+
2026-10-01T17:51:20.9108380Z "file:///Users/runner/work/creator-platform/creator-platform/artifacts/ios/snapshots/NativeSnapshotTests/testWelcomeThemes.light.png"
2026-10-01T17:51:20.9109110Z 
2026-10-01T17:51:20.9109980Z To configure output for a custom diff tool, use 'withSnapshotTesting'. For example:
2026-10-01T17:51:20.9110340Z 
2026-10-01T17:51:20.9110480Z     withSnapshotTesting(diffTool: .ksdiff) {
2026-10-01T17:51:20.9110810Z       // ...
2026-10-01T17:51:20.9111010Z     }
2026-10-01T17:51:20.9111140Z 
2026-10-01T17:51:20.9111430Z 81557 pixels exceed the native sRGB rounding bound. Newly-taken snapshot does not match reference.
2026-10-01T17:51:20.9112750Z /Users/runner/work/creator-platform/creator-platform/apps/ios/Tests/QelvoraUITests/NativeSnapshotTests.swift:17: error: -[QelvoraUITests.NativeSnapshotTests testWelcomeThemes] : failed - Snapshot "night" does not match reference.
2026-10-01T17:51:20.9113820Z 
2026-10-01T17:51:20.9114000Z @−
2026-10-01T17:51:20.9114690Z "file:///Users/runner/work/creator-platform/creator-platform/apps/ios/Tests/QelvoraUITests/__Snapshots__/NativeSnapshotTests/testWelcomeThemes.night.png"
2026-10-01T17:51:20.9119600Z @+
2026-10-01T17:51:20.9121060Z "file:///Users/runner/work/creator-platform/creator-platform/artifacts/ios/snapshots/NativeSnapshotTests/testWelcomeThemes.night.png"
2026-10-01T17:51:20.9123490Z 
2026-10-01T17:51:20.9123730Z To configure output for a custom diff tool, use 'withSnapshotTesting'. For example:
2026-10-01T17:51:20.9124180Z 
2026-10-01T17:51:20.9124350Z     withSnapshotTesting(diffTool: .ksdiff) {
2026-10-01T17:51:20.9124680Z       // ...
2026-10-01T17:51:20.9124970Z     }
2026-10-01T17:51:20.9125130Z 
2026-10-01T17:51:20.9125450Z 80372 pixels exceed the native sRGB rounding bound. Newly-taken snapshot does not match reference.
2026-10-01T17:51:20.9126230Z Test Case '-[QelvoraUITests.NativeSnapshotTests testWelcomeThemes]' failed (0.786 seconds).
2026-10-01T17:51:20.9126830Z Test Suite 'NativeSnapshotTests' failed at 2026-10-01 17:51:20.877.
2026-10-01T17:51:20.9127370Z 	 Executed 3 tests, with 106 failures (0 unexpected) in 39.953 (39.955) seconds
2026-10-01T17:51:20.9127980Z Test Suite 'QelvoraUITests.xctest' failed at 2026-10-01 17:51:20.877.
2026-10-01T17:51:20.9128460Z 	 Executed 18 tests, with 106 failures (0 unexpected) in 39.965 (39.969) seconds
2026-10-01T17:51:20.9128920Z Test Suite 'All tests' failed at 2026-10-01 17:51:20.877.
2026-10-01T17:51:20.9129450Z 	 Executed 18 tests, with 106 failures (0 unexpected) in 39.965 (39.971) seconds
2026-10-01T17:51:20.9130100Z Native capture testAuthorIdentitySurfaces()/light: backing=1.0, canvas=(780.0, 1688.0)
2026-10-01T17:51:20.9130710Z Native capture testAuthorIdentitySurfaces()/night: backing=1.0, canvas=(780.0, 1688.0)
2026-10-01T17:51:20.9131590Z Native capture testComponentCatalogThemes()/Mark.light: backing=1.0, canvas=(780.0, 1688.0)
2026-10-01T17:51:20.9133380Z Native capture testComponentCatalogThemes()/Seal.light: backing=1.0, canvas=(780.0, 1688.0)
2026-10-01T17:51:20.9134910Z Native capture testComponentCatalogThemes()/Avatar.light: backing=1.0, canvas=(780.0, 1688.0)
2026-10-01T17:51:20.9136640Z Native capture testComponentCatalogThemes()/AuthorLabel.light: backing=1.0, canvas=(780.0, 1688.0)
2026-10-01T17:51:20.9269350Z Native capture testComponentCatalogThemes()/IdentityStrip.light: backing=1.0, canvas=(780.0, 1688.0)
2026-10-01T17:51:20.9271340Z Native capture testComponentCatalogThemes()/ThreadHeader.light: backing=1.0, canvas=(780.0, 1688.0)
2026-10-01T17:51:20.9272900Z Native capture testComponentCatalogThemes()/SignedMarker.light: backing=1.0, canvas=(780.0, 1688.0)
2026-10-01T17:51:20.9274460Z Native capture testComponentCatalogThemes()/SystemLine.light: backing=1.0, canvas=(780.0, 1688.0)
2026-10-01T17:51:20.9275920Z Native capture testComponentCatalogThemes()/Message.light: backing=1.0, canvas=(780.0, 1688.0)
2026-10-01T17:51:20.9278280Z Native capture testComponentCatalogThemes()/Note.light: backing=1.0, canvas=(780.0, 1688.0)
2026-10-01T17:51:20.9279730Z Native capture testComponentCatalogThemes()/ReactionChip.light: backing=1.0, canvas=(780.0, 1688.0)
2026-10-01T17:51:20.9281790Z Native capture testComponentCatalogThemes()/CitationChip.light: backing=1.0, canvas=(780.0, 1688.0)
2026-10-01T17:51:20.9283400Z Native capture testComponentCatalogThemes()/MemoryChip.light: backing=1.0, canvas=(780.0, 1688.0)
2026-10-01T17:51:20.9284900Z Native capture testComponentCatalogThemes()/Correction.light: backing=1.0, canvas=(780.0, 1688.0)
2026-10-01T17:51:20.9286440Z Native capture testComponentCatalogThemes()/ContextCard.light: backing=1.0, canvas=(780.0, 1688.0)
2026-10-01T17:51:20.9287910Z Native capture testComponentCatalogThemes()/VoiceNote.light: backing=1.0, canvas=(780.0, 1688.0)
2026-10-01T17:51:20.9289440Z Native capture testComponentCatalogThemes()/Composer.light: backing=1.0, canvas=(780.0, 1688.0)
2026-10-01T17:51:20.9293400Z Native capture testComponentCatalogThemes()/StepIn.light: backing=1.0, canvas=(780.0, 1688.0)
2026-10-01T17:51:20.9294990Z Native capture testComponentCatalogThemes()/AccessLines.light: backing=1.0, canvas=(780.0, 1688.0)
2026-10-01T17:51:20.9296600Z Native capture testComponentCatalogThemes()/ModeList.light: backing=1.0, canvas=(780.0, 1688.0)
2026-10-01T17:51:20.9298190Z Native capture testComponentCatalogThemes()/IncludeList.light: backing=1.0, canvas=(780.0, 1688.0)
2026-10-01T17:51:20.9299790Z Native capture testComponentCatalogThemes()/TermsBlock.light: backing=1.0, canvas=(780.0, 1688.0)
2026-10-01T17:51:20.9301360Z Native capture testComponentCatalogThemes()/EtaLine.light: backing=1.0, canvas=(780.0, 1688.0)
2026-10-01T17:51:20.9304520Z Native capture testComponentCatalogThemes()/RequestStatus.light: backing=1.0, canvas=(780.0, 1688.0)
2026-10-01T17:51:20.9306100Z Native capture testComponentCatalogThemes()/Receipt.light: backing=1.0, canvas=(780.0, 1688.0)
2026-10-01T17:51:20.9307930Z Native capture testComponentCatalogThemes()/SpendLimit.light: backing=1.0, canvas=(780.0, 1688.0)
2026-10-01T17:51:20.9310410Z Native capture testComponentCatalogThemes()/QueueCard.light: backing=1.0, canvas=(780.0, 1688.0)
2026-10-01T17:51:20.9312480Z Native capture testComponentCatalogThemes()/CapacityHeader.light: backing=1.0, canvas=(780.0, 1688.0)
2026-10-01T17:51:20.9314500Z Native capture testComponentCatalogThemes()/LabelPreview.light: backing=1.0, canvas=(780.0, 1688.0)
2026-10-01T17:51:20.9316080Z Native capture testComponentCatalogThemes()/SigningSheet.light: backing=1.0, canvas=(780.0, 1688.0)
2026-10-01T17:51:20.9318580Z Native capture testComponentCatalogThemes()/AuditBanner.light: backing=1.0, canvas=(780.0, 1688.0)
2026-10-01T17:51:20.9320290Z Native capture testComponentCatalogThemes()/SourceRow.light: backing=1.0, canvas=(780.0, 1688.0)
2026-10-01T17:51:20.9321960Z Native capture testComponentCatalogThemes()/Button.light: backing=1.0, canvas=(780.0, 1688.0)
2026-10-01T17:51:20.9323670Z Native capture testComponentCatalogThemes()/TabBar.light: backing=1.0, canvas=(780.0, 1688.0)
2026-10-01T17:51:20.9325190Z Native capture testComponentCatalogThemes()/Segmented.light: backing=1.0, canvas=(780.0, 1688.0)
2026-10-01T17:51:20.9326800Z Native capture testComponentCatalogThemes()/Notice.light: backing=1.0, canvas=(780.0, 1688.0)
2026-10-01T17:51:20.9328390Z Native capture testComponentCatalogThemes()/NotificationRow.light: backing=1.0, canvas=(780.0, 1688.0)
2026-10-01T17:51:20.9330270Z Native capture testComponentCatalogThemes()/EmptyState.light: backing=1.0, canvas=(780.0, 1688.0)
2026-10-01T17:51:20.9360160Z Native capture testComponentCatalogThemes()/ShareCard.light: backing=1.0, canvas=(780.0, 1688.0)
2026-10-01T17:51:20.9360920Z Native capture testComponentCatalogThemes()/CallChip.light: backing=1.0, canvas=(780.0, 1688.0)
2026-10-01T17:51:20.9362610Z Native capture testComponentCatalogThemes()/ReservedLabel.light: backing=1.0, canvas=(780.0, 1688.0)
2026-10-01T17:51:20.9365410Z Native capture testComponentCatalogThemes()/Countdown.light: backing=1.0, canvas=(780.0, 1688.0)
2026-10-01T17:51:20.9366950Z Native capture testComponentCatalogThemes()/InsteadMenu.light: backing=1.0, canvas=(780.0, 1688.0)
2026-10-01T17:51:20.9368530Z Native capture testComponentCatalogThemes()/TestConsole.light: backing=1.0, canvas=(780.0, 1688.0)
2026-10-01T17:51:20.9370490Z Native capture testComponentCatalogThemes()/VersionList.light: backing=1.0, canvas=(780.0, 1688.0)
2026-10-01T17:51:20.9372030Z Native capture testComponentCatalogThemes()/DigestItem.light: backing=1.0, canvas=(780.0, 1688.0)
2026-10-01T17:51:21.2687630Z Native capture testComponentCatalogThemes()/StudioTabBar.light: backing=1.0, canvas=(780.0, 1688.0)
2026-10-01T17:51:21.2699570Z Native capture testComponentCatalogThemes()/Sidebar.light: backing=1.0, canvas=(780.0, 1688.0)
2026-10-01T17:51:21.2700380Z Native capture testComponentCatalogThemes()/Sheet.light: backing=1.0, canvas=(780.0, 1688.0)
2026-10-01T17:51:21.2704910Z Native capture testComponentCatalogThemes()/Dialog.light: backing=1.0, canvas=(780.0, 1688.0)
2026-10-01T17:51:21.2709900Z Native capture testComponentCatalogThemes()/Toast.light: backing=1.0, canvas=(780.0, 1688.0)
2026-10-01T17:51:21.2712030Z Native capture testComponentCatalogThemes()/Skeleton.light: backing=1.0, canvas=(780.0, 1688.0)
2026-10-01T17:51:21.2713800Z Native capture testComponentCatalogThemes()/EmailFrame.light: backing=1.0, canvas=(780.0, 1688.0)
2026-10-01T17:51:21.2715260Z Native capture testComponentCatalogThemes()/Mark.night: backing=1.0, canvas=(780.0, 1688.0)
2026-10-01T17:51:21.2716710Z Native capture testComponentCatalogThemes()/Seal.night: backing=1.0, canvas=(780.0, 1688.0)
2026-10-01T17:51:21.2718160Z Native capture testComponentCatalogThemes()/Avatar.night: backing=1.0, canvas=(780.0, 1688.0)
2026-10-01T17:51:21.2719640Z Native capture testComponentCatalogThemes()/AuthorLabel.night: backing=1.0, canvas=(780.0, 1688.0)
2026-10-01T17:51:21.2721260Z Native capture testComponentCatalogThemes()/IdentityStrip.night: backing=1.0, canvas=(780.0, 1688.0)
2026-10-01T17:51:21.2722820Z Native capture testComponentCatalogThemes()/ThreadHeader.night: backing=1.0, canvas=(780.0, 1688.0)
2026-10-01T17:51:21.2724420Z Native capture testComponentCatalogThemes()/SignedMarker.night: backing=1.0, canvas=(780.0, 1688.0)
2026-10-01T17:51:21.2725940Z Native capture testComponentCatalogThemes()/SystemLine.night: backing=1.0, canvas=(780.0, 1688.0)
2026-10-01T17:51:21.2727460Z Native capture testComponentCatalogThemes()/Message.night: backing=1.0, canvas=(780.0, 1688.0)
2026-10-01T17:51:21.2729160Z Native capture testComponentCatalogThemes()/Note.night: backing=1.0, canvas=(780.0, 1688.0)
2026-10-01T17:51:21.2730740Z Native capture testComponentCatalogThemes()/ReactionChip.night: backing=1.0, canvas=(780.0, 1688.0)
2026-10-01T17:51:21.2732370Z Native capture testComponentCatalogThemes()/CitationChip.night: backing=1.0, canvas=(780.0, 1688.0)
2026-10-01T17:51:21.2733980Z Native capture testComponentCatalogThemes()/MemoryChip.night: backing=1.0, canvas=(780.0, 1688.0)
2026-10-01T17:51:21.2735590Z Native capture testComponentCatalogThemes()/Correction.night: backing=1.0, canvas=(780.0, 1688.0)
2026-10-01T17:51:21.2737160Z Native capture testComponentCatalogThemes()/ContextCard.night: backing=1.0, canvas=(780.0, 1688.0)
2026-10-01T17:51:21.2738830Z Native capture testComponentCatalogThemes()/VoiceNote.night: backing=1.0, canvas=(780.0, 1688.0)
2026-10-01T17:51:21.2740580Z Native capture testComponentCatalogThemes()/Composer.night: backing=1.0, canvas=(780.0, 1688.0)
2026-10-01T17:51:21.2742160Z Native capture testComponentCatalogThemes()/StepIn.night: backing=1.0, canvas=(780.0, 1688.0)
2026-10-01T17:51:21.2743690Z Native capture testComponentCatalogThemes()/AccessLines.night: backing=1.0, canvas=(780.0, 1688.0)
2026-10-01T17:51:21.2745380Z Native capture testComponentCatalogThemes()/ModeList.night: backing=1.0, canvas=(780.0, 1688.0)
2026-10-01T17:51:21.2746930Z Native capture testComponentCatalogThemes()/IncludeList.night: backing=1.0, canvas=(780.0, 1688.0)
2026-10-01T17:51:21.2749790Z Native capture testComponentCatalogThemes()/TermsBlock.night: backing=1.0, canvas=(780.0, 1688.0)
2026-10-01T17:51:21.2753020Z Native capture testComponentCatalogThemes()/EtaLine.night: backing=1.0, canvas=(780.0, 1688.0)
2026-10-01T17:51:21.2755540Z Native capture testComponentCatalogThemes()/RequestStatus.night: backing=1.0, canvas=(780.0, 1688.0)
2026-10-01T17:51:21.2757260Z Native capture testComponentCatalogThemes()/Receipt.night: backing=1.0, canvas=(780.0, 1688.0)
2026-10-01T17:51:21.2758790Z Native capture testComponentCatalogThemes()/SpendLimit.night: backing=1.0, canvas=(780.0, 1688.0)
2026-10-01T17:51:21.2760490Z Native capture testComponentCatalogThemes()/QueueCard.night: backing=1.0, canvas=(780.0, 1688.0)
2026-10-01T17:51:21.2762070Z Native capture testComponentCatalogThemes()/CapacityHeader.night: backing=1.0, canvas=(780.0, 1688.0)
2026-10-01T17:51:21.2763760Z Native capture testComponentCatalogThemes()/LabelPreview.night: backing=1.0, canvas=(780.0, 1688.0)
2026-10-01T17:51:21.2765350Z Native capture testComponentCatalogThemes()/SigningSheet.night: backing=1.0, canvas=(780.0, 1688.0)
2026-10-01T17:51:21.2767080Z Native capture testComponentCatalogThemes()/AuditBanner.night: backing=1.0, canvas=(780.0, 1688.0)
2026-10-01T17:51:21.2768550Z Native capture testComponentCatalogThemes()/SourceRow.night: backing=1.0, canvas=(780.0, 1688.0)
2026-10-01T17:51:21.2769950Z Native capture testComponentCatalogThemes()/Button.night: backing=1.0, canvas=(780.0, 1688.0)
2026-10-01T17:51:21.2771380Z Native capture testComponentCatalogThemes()/TabBar.night: backing=1.0, canvas=(780.0, 1688.0)
2026-10-01T17:51:21.2772880Z Native capture testComponentCatalogThemes()/Segmented.night: backing=1.0, canvas=(780.0, 1688.0)
2026-10-01T17:51:21.2774490Z Native capture testComponentCatalogThemes()/Notice.night: backing=1.0, canvas=(780.0, 1688.0)
2026-10-01T17:51:21.2776060Z Native capture testComponentCatalogThemes()/NotificationRow.night: backing=1.0, canvas=(780.0, 1688.0)
2026-10-01T17:51:21.2777620Z Native capture testComponentCatalogThemes()/EmptyState.night: backing=1.0, canvas=(780.0, 1688.0)
2026-10-01T17:51:21.2779200Z Native capture testComponentCatalogThemes()/ShareCard.night: backing=1.0, canvas=(780.0, 1688.0)
2026-10-01T17:51:21.2780630Z Native capture testComponentCatalogThemes()/CallChip.night: backing=1.0, canvas=(780.0, 1688.0)
2026-10-01T17:51:21.2782160Z Native capture testComponentCatalogThemes()/ReservedLabel.night: backing=1.0, canvas=(780.0, 1688.0)
2026-10-01T17:51:21.2783720Z Native capture testComponentCatalogThemes()/Countdown.night: backing=1.0, canvas=(780.0, 1688.0)
2026-10-01T17:51:21.2785300Z Native capture testComponentCatalogThemes()/InsteadMenu.night: backing=1.0, canvas=(780.0, 1688.0)
2026-10-01T17:51:21.2786800Z Native capture testComponentCatalogThemes()/TestConsole.night: backing=1.0, canvas=(780.0, 1688.0)
2026-10-01T17:51:21.2788270Z Native capture testComponentCatalogThemes()/VersionList.night: backing=1.0, canvas=(780.0, 1688.0)
2026-10-01T17:51:21.2789790Z Native capture testComponentCatalogThemes()/DigestItem.night: backing=1.0, canvas=(780.0, 1688.0)
2026-10-01T17:51:21.2791260Z Native capture testComponentCatalogThemes()/StudioTabBar.night: backing=1.0, canvas=(780.0, 1688.0)
2026-10-01T17:51:21.2793120Z Native capture testComponentCatalogThemes()/Sidebar.night: backing=1.0, canvas=(780.0, 1688.0)
2026-10-01T17:51:21.2794530Z Native capture testComponentCatalogThemes()/Sheet.night: backing=1.0, canvas=(780.0, 1688.0)
2026-10-01T17:51:21.2795920Z Native capture testComponentCatalogThemes()/Dialog.night: backing=1.0, canvas=(780.0, 1688.0)
2026-10-01T17:51:21.2797370Z Native capture testComponentCatalogThemes()/Toast.night: backing=1.0, canvas=(780.0, 1688.0)
2026-10-01T17:51:21.2798830Z Native capture testComponentCatalogThemes()/Skeleton.night: backing=1.0, canvas=(780.0, 1688.0)
2026-10-01T17:51:21.2800390Z Native capture testComponentCatalogThemes()/EmailFrame.night: backing=1.0, canvas=(780.0, 1688.0)
2026-10-01T17:51:21.2802830Z Native capture testWelcomeThemes()/light: backing=1.0, canvas=(780.0, 1688.0)
2026-10-01T17:51:21.2804010Z Native capture testWelcomeThemes()/night: backing=1.0, canvas=(780.0, 1688.0)
2026-10-01T17:51:21.2933300Z ◇ Test run started.
2026-10-01T17:51:21.2934960Z ↳ Testing Library Version: 2084
2026-10-01T17:51:21.2936180Z ↳ Target Platform: arm64e-apple-macos14.0
2026-10-01T17:51:21.2938340Z ✔ Test run with 0 tests in 0 suites passed after 0.001 seconds.
2026-10-01T17:51:21.2939160Z Note: Some test targets reported failures:
2026-10-01T17:51:21.2939760Z   - QelvoraUITests (XCTest)
2026-10-01T17:51:21.3102250Z ##[error]Process completed with exit code 1.
2026-10-01T17:51:21.3498780Z ##[group]Run actions/upload-artifact@ea165f8d65b6e75b540449e92b4886f43607fa02
2026-10-01T17:51:21.3500000Z with:
2026-10-01T17:51:21.3500480Z   name: ios-review
2026-10-01T17:51:21.3501460Z   path: artifacts/ios
/Users/runner/work/_temp/creator-native-36887163222-ios-foundation/NativeSnapshotTests

2026-10-01T17:51:21.3502790Z   if-no-files-found: warn
2026-10-01T17:51:21.3503650Z   compression-level: 6
2026-10-01T17:51:21.3504160Z   overwrite: false
2026-10-01T17:51:21.3504610Z   include-hidden-files: false
2026-10-01T17:51:21.3505100Z ##[endgroup]
2026-10-01T17:51:22.1359980Z (node:32183) [DEP0040] DeprecationWarning: The `punycode` module is deprecated. Please use a userland alternative instead.
2026-10-01T17:51:22.1360670Z (Use `node --trace-deprecation ...` to show where the warning was created)
2026-10-01T17:51:22.1773600Z Multiple search paths detected. Calculating the least common ancestor of all paths
2026-10-01T17:51:22.1775930Z The least common ancestor is /Users/runner/work. This will be the root directory of the artifact
2026-10-01T17:51:22.1777100Z With the provided path, there will be 106 files uploaded
2026-10-01T17:51:22.1779420Z Artifact name is valid!
2026-10-01T17:51:22.1780100Z Root directory input is valid!
2026-10-01T17:51:22.6553940Z Beginning upload of artifact content to blob storage
2026-10-01T17:51:23.3133250Z (node:32183) [DEP0169] DeprecationWarning: `url.parse()` behavior is not standardized and prone to errors that have security implications. Use the WHATWG URL API instead. CVEs are not issued for `url.parse()` vulnerabilities.
2026-10-01T17:51:24.3383730Z Uploaded bytes 8388608
2026-10-01T17:51:24.4920890Z Uploaded bytes 10309940
2026-10-01T17:51:24.5725980Z Finished uploading artifact content to blob storage!
2026-10-01T17:51:24.5727700Z SHA256 digest of uploaded artifact zip is fb9945aec1dc885001f7084b1d92b6e4de92b8d4d6603b42e6c32443b7abf704
2026-10-01T17:51:24.5729280Z Finalizing artifact upload
2026-10-01T17:51:24.8755110Z Artifact ios-review.zip successfully finalized. Artifact ID 11182661229
2026-10-01T17:51:24.8756840Z Artifact ios-review has been successfully uploaded! Final size is 10309940 bytes. Artifact ID is 11182661229
2026-10-01T17:51:24.8771700Z Artifact download URL: https://github.com/WangPantopus/creator-platform/actions/runs/36887163222/artifacts/11182661229
2026-10-01T17:51:24.9174290Z Post job cleanup.
2026-10-01T17:51:25.1388960Z [command]/opt/homebrew/bin/git version
2026-10-01T17:51:25.1829380Z git version 2.55.0
2026-10-01T17:51:25.1892710Z Copying '/Users/runner/.gitconfig' to '/Users/runner/work/_temp/13af11b9-e963-4d40-9af5-cd5db05f379f/.gitconfig'
2026-10-01T17:51:25.1924480Z Temporarily overriding HOME='/Users/runner/work/_temp/13af11b9-e963-4d40-9af5-cd5db05f379f' before making global git config changes
2026-10-01T17:51:25.1926000Z Adding repository directory to the temporary git global config as a safe directory
2026-10-01T17:51:25.1933590Z [command]/opt/homebrew/bin/git config --global --add safe.directory /Users/runner/work/creator-platform/creator-platform
2026-10-01T17:51:25.2347780Z [command]/opt/homebrew/bin/git config --local --name-only --get-regexp core\.sshCommand
2026-10-01T17:51:25.2713160Z [command]/opt/homebrew/bin/git submodule foreach --recursive sh -c "git config --local --name-only --get-regexp 'core\.sshCommand' && git config --local --unset-all 'core.sshCommand' || :"
2026-10-01T17:51:25.5398000Z [command]/opt/homebrew/bin/git config --local --name-only --get-regexp http\.https\:\/\/github\.com\/\.extraheader
2026-10-01T17:51:25.5591890Z http.https://github.com/.extraheader
2026-10-01T17:51:25.5620540Z [command]/opt/homebrew/bin/git config --local --unset-all http.https://github.com/.extraheader
2026-10-01T17:51:25.5732370Z [command]/opt/homebrew/bin/git submodule foreach --recursive sh -c "git config --local --name-only --get-regexp 'http\.https\:\/\/github\.com\/\.extraheader' && git config --local --unset-all 'http.https://github.com/.extraheader' || :"
2026-10-01T17:51:25.8536420Z [command]/opt/homebrew/bin/git config --local --name-only --get-regexp ^includeIf\.gitdir:
2026-10-01T17:51:25.8658920Z [command]/opt/homebrew/bin/git submodule foreach --recursive git config --local --show-origin --name-only --get-regexp remote.origin.url
2026-10-01T17:51:26.2097610Z Cleaning up orphan processes
2026-10-01T17:51:27.8165500Z ##[warning]Node.js 20 is deprecated. The following actions target Node.js 20 but are being forced to run on Node.js 24: actions/checkout@11d5960a326750d5838078e36cf38b85af677262, actions/upload-artifact@ea165f8d65b6e75b540449e92b4886f43607fa02. For more information see: https://github.blog/changelog/2025-09-19-deprecation-of-node-20-on-github-actions-runners/
