2026-10-01T17:52:03.2291500Z Current runner version: '2.337.0'
2026-10-01T17:52:03.2308680Z ##[group]Runner Image Provisioner
2026-10-01T17:52:03.2309240Z Hosted Compute Agent
2026-10-01T17:52:03.2309750Z Version: 20260901.588
2026-10-01T17:52:03.2310170Z Commit: f88ec8081b781fac6c440065ac7ff9e710ce3d0b
2026-10-01T17:52:03.2310720Z Build Date: 2026-09-01T19:56:44Z
2026-10-01T17:52:03.2311170Z Worker ID: {4872d04e-f478-4918-b748-adf2333c443d}
2026-10-01T17:52:03.2311630Z Azure Region: westus
2026-10-01T17:52:03.2312050Z ##[endgroup]
2026-10-01T17:52:03.2313240Z ##[group]Operating System
2026-10-01T17:52:03.2313770Z macOS
2026-10-01T17:52:03.2314170Z 27.0
2026-10-01T17:52:03.2314680Z 26A428
2026-10-01T17:52:03.2315080Z ##[endgroup]
2026-10-01T17:52:03.2315430Z ##[group]Runner Image
2026-10-01T17:52:03.2315810Z Image: xcode-27-arm64
2026-10-01T17:52:03.2316410Z Version: 20260928.0222.1
2026-10-01T17:52:03.2317270Z Included Software: https://github.com/actions/runner-images/blob/xcode-27-arm64/20260928.0222/images/macos/xcode-27-arm64-Readme.md
2026-10-01T17:52:03.2318450Z Image Release: https://github.com/actions/runner-images/releases/tag/xcode-27-arm64%2F20260928.0222
2026-10-01T17:52:03.2319160Z ##[endgroup]
2026-10-01T17:52:03.2320160Z ##[group]GITHUB_TOKEN Permissions
2026-10-01T17:52:03.2321670Z Contents: read
2026-10-01T17:52:03.2322140Z Metadata: read
2026-10-01T17:52:03.2322570Z Packages: read
2026-10-01T17:52:03.2323930Z ##[endgroup]
2026-10-01T17:52:03.2325860Z Secret source: Actions
2026-10-01T17:52:03.2326580Z Cache mode: write
2026-10-01T17:52:03.2327050Z Prepare workflow directory
2026-10-01T17:52:03.2563920Z Prepare all required actions
2026-10-01T17:52:03.2600440Z Getting action download info
2026-10-01T17:52:03.7439750Z Download action repository 'actions/checkout@11d5960a326750d5838078e36cf38b85af677262' (SHA:11d5960a326750d5838078e36cf38b85af677262)
2026-10-01T17:52:03.9203830Z Download action repository 'actions/upload-artifact@ea165f8d65b6e75b540449e92b4886f43607fa02' (SHA:ea165f8d65b6e75b540449e92b4886f43607fa02)
2026-10-01T17:52:04.1552210Z Complete job name: ios-foundation
2026-10-01T17:52:04.2154920Z ##[group]Run actions/checkout@11d5960a326750d5838078e36cf38b85af677262
2026-10-01T17:52:04.2155770Z with:
2026-10-01T17:52:04.2156240Z   repository: WangPantopus/creator-platform
2026-10-01T17:52:04.2159510Z   token: ***
2026-10-01T17:52:04.2159850Z   ssh-strict: true
2026-10-01T17:52:04.2160200Z   ssh-user: git
2026-10-01T17:52:04.2160550Z   persist-credentials: true
2026-10-01T17:52:04.2160920Z   clean: true
2026-10-01T17:52:04.2161260Z   sparse-checkout-cone-mode: true
2026-10-01T17:52:04.2161650Z   fetch-depth: 1
2026-10-01T17:52:04.2162000Z   fetch-tags: false
2026-10-01T17:52:04.2162340Z   show-progress: true
2026-10-01T17:52:04.2162800Z   lfs: false
2026-10-01T17:52:04.2163160Z   submodules: false
2026-10-01T17:52:04.2163510Z   set-safe-directory: true
2026-10-01T17:52:04.2163900Z   allow-unsafe-pr-checkout: false
2026-10-01T17:52:04.2164410Z ##[endgroup]
2026-10-01T17:52:04.4625850Z Syncing repository: WangPantopus/creator-platform
2026-10-01T17:52:04.4627670Z ##[group]Getting Git version info
2026-10-01T17:52:04.4628320Z Working directory is '/Users/runner/work/creator-platform/creator-platform'
2026-10-01T17:52:04.4629210Z [command]/opt/homebrew/bin/git version
2026-10-01T17:52:04.4815440Z git version 2.55.0
2026-10-01T17:52:04.4828370Z ##[endgroup]
2026-10-01T17:52:04.4834800Z Copying '/Users/runner/.gitconfig' to '/Users/runner/work/_temp/ba9f25f1-ceaa-4c18-ab25-d811f1993de3/.gitconfig'
2026-10-01T17:52:04.4840000Z Temporarily overriding HOME='/Users/runner/work/_temp/ba9f25f1-ceaa-4c18-ab25-d811f1993de3' before making global git config changes
2026-10-01T17:52:04.4841450Z Adding repository directory to the temporary git global config as a safe directory
2026-10-01T17:52:04.4844100Z [command]/opt/homebrew/bin/git config --global --add safe.directory /Users/runner/work/creator-platform/creator-platform
2026-10-01T17:52:04.4961090Z Deleting the contents of '/Users/runner/work/creator-platform/creator-platform'
2026-10-01T17:52:04.4964000Z ##[group]Initializing the repository
2026-10-01T17:52:04.4968350Z [command]/opt/homebrew/bin/git init /Users/runner/work/creator-platform/creator-platform
2026-10-01T17:52:04.5219660Z hint: Using 'master' as the name for the initial branch. This default branch name
2026-10-01T17:52:04.5221190Z hint: will change to "main" in Git 3.0. To configure the initial branch name
2026-10-01T17:52:04.5222290Z hint: to use in all of your new repositories, which will suppress this warning,
2026-10-01T17:52:04.5223090Z hint: call:
2026-10-01T17:52:04.5223550Z hint:
2026-10-01T17:52:04.5224250Z hint: 	git config --global init.defaultBranch <name>
2026-10-01T17:52:04.5224890Z hint:
2026-10-01T17:52:04.5225670Z hint: Names commonly chosen instead of 'master' are 'main', 'trunk' and
2026-10-01T17:52:04.5226810Z hint: 'development'. The just-created branch can be renamed via this command:
2026-10-01T17:52:04.5228180Z hint:
2026-10-01T17:52:04.5228810Z hint: 	git branch -m <name>
2026-10-01T17:52:04.5229380Z hint:
2026-10-01T17:52:04.5230110Z hint: Disable this message with "git config set advice.defaultBranchName false"
2026-10-01T17:52:04.5231310Z Initialized empty Git repository in /Users/runner/work/creator-platform/creator-platform/.git/
2026-10-01T17:52:04.5233580Z [command]/opt/homebrew/bin/git remote add origin https://github.com/WangPantopus/creator-platform
2026-10-01T17:52:04.5335380Z ##[endgroup]
2026-10-01T17:52:04.5378660Z ##[group]Disabling automatic garbage collection
2026-10-01T17:52:04.5379660Z [command]/opt/homebrew/bin/git config --local gc.auto 0
2026-10-01T17:52:04.5820450Z ##[endgroup]
2026-10-01T17:52:04.5837090Z ##[group]Setting up auth
2026-10-01T17:52:04.5838040Z [command]/opt/homebrew/bin/git config --local --name-only --get-regexp core\.sshCommand
2026-10-01T17:52:04.5839960Z [command]/opt/homebrew/bin/git submodule foreach --recursive sh -c "git config --local --name-only --get-regexp 'core\.sshCommand' && git config --local --unset-all 'core.sshCommand' || :"
2026-10-01T17:52:04.6906390Z [command]/opt/homebrew/bin/git config --local --name-only --get-regexp http\.https\:\/\/github\.com\/\.extraheader
2026-10-01T17:52:04.6972830Z [command]/opt/homebrew/bin/git submodule foreach --recursive sh -c "git config --local --name-only --get-regexp 'http\.https\:\/\/github\.com\/\.extraheader' && git config --local --unset-all 'http.https://github.com/.extraheader' || :"
2026-10-01T17:52:04.7829660Z [command]/opt/homebrew/bin/git config --local --name-only --get-regexp ^includeIf\.gitdir:
2026-10-01T17:52:04.7901290Z [command]/opt/homebrew/bin/git submodule foreach --recursive git config --local --show-origin --name-only --get-regexp remote.origin.url
2026-10-01T17:52:04.9546680Z [command]/opt/homebrew/bin/git config --local http.https://github.com/.extraheader AUTHORIZATION: basic ***
2026-10-01T17:52:04.9548600Z ##[endgroup]
2026-10-01T17:52:04.9549220Z ##[group]Fetching the repository
2026-10-01T17:52:04.9550410Z [command]/opt/homebrew/bin/git -c protocol.version=2 fetch --no-tags --prune --no-recurse-submodules --depth=1 origin +e0eea53a2ea82d2510b11b0f03af14375d8cba75:refs/remotes/pull/45/merge
2026-10-01T17:52:08.7069240Z From https://github.com/WangPantopus/creator-platform
2026-10-01T17:52:08.7072490Z  * [new ref]         e0eea53a2ea82d2510b11b0f03af14375d8cba75 -> pull/45/merge
2026-10-01T17:52:08.7113320Z ##[endgroup]
2026-10-01T17:52:08.7114010Z ##[group]Determining the checkout info
2026-10-01T17:52:08.7114680Z ##[endgroup]
2026-10-01T17:52:08.7115190Z [command]/opt/homebrew/bin/git sparse-checkout disable
2026-10-01T17:52:08.7198110Z [command]/opt/homebrew/bin/git config --local --unset-all extensions.worktreeConfig
2026-10-01T17:52:08.7307100Z ##[group]Checking out the ref
2026-10-01T17:52:08.7308000Z [command]/opt/homebrew/bin/git checkout --progress --force refs/remotes/pull/45/merge
2026-10-01T17:52:09.5275090Z HEAD is now at e0eea53 Merge a4917db65767dd16534f38a7b257010d213257d9 into c1c615e6ece53bff4bc6a47d7f4d332757df1295
2026-10-01T17:52:09.5314520Z ##[endgroup]
2026-10-01T17:52:09.5403770Z [command]/opt/homebrew/bin/git log -1 --format=%H
2026-10-01T17:52:09.5472560Z e0eea53a2ea82d2510b11b0f03af14375d8cba75
2026-10-01T17:52:09.5662640Z ##[group]Run xcodebuild -version
2026-10-01T17:52:09.5662930Z [36;1mxcodebuild -version[0m
2026-10-01T17:52:09.5704090Z shell: /bin/bash -e {0}
2026-10-01T17:52:09.5704300Z ##[endgroup]
2026-10-01T17:52:09.7168810Z Xcode 27.0
2026-10-01T17:52:09.7169650Z Build version 27A266a
2026-10-01T17:52:09.7240740Z ##[group]Run swift test --package-path apps/ios
2026-10-01T17:52:09.7241100Z [36;1mswift test --package-path apps/ios[0m
2026-10-01T17:52:09.7276020Z shell: /bin/bash -e {0}
2026-10-01T17:52:09.7276250Z env:
2026-10-01T17:52:09.7276590Z   SNAPSHOT_ARTIFACTS: /Users/runner/work/creator-platform/creator-platform/artifacts/ios/snapshots
2026-10-01T17:52:09.7276970Z ##[endgroup]
2026-10-01T17:52:17.3208910Z Fetching https://github.com/pointfreeco/swift-issue-reporting
2026-10-01T17:52:17.3216290Z Fetching https://github.com/pointfreeco/swift-custom-dump
2026-10-01T17:52:17.9716810Z [1/5669] Fetching swift-custom-dump
2026-10-01T17:52:18.0323640Z [172/11839] Fetching swift-custom-dump, swift-issue-reporting
2026-10-01T17:52:18.7260830Z Fetched https://github.com/pointfreeco/swift-custom-dump (1.40s)
2026-10-01T17:52:18.7262120Z Fetched https://github.com/pointfreeco/swift-issue-reporting (1.40s)
2026-10-01T17:52:18.7466750Z Fetching https://github.com/pointfreeco/swift-snapshot-testing.git
2026-10-01T17:52:18.7467510Z Fetching https://github.com/swiftlang/swift-syntax
2026-10-01T17:52:20.1298350Z [1/16499] Fetching swift-snapshot-testing
2026-10-01T17:52:20.8632300Z [3136/96602] Fetching swift-snapshot-testing, swift-syntax
2026-10-01T17:52:22.9641200Z Fetched https://github.com/pointfreeco/swift-snapshot-testing.git (4.21s)
2026-10-01T17:52:24.1398750Z Fetched https://github.com/swiftlang/swift-syntax (5.39s)
2026-10-01T17:52:24.1549550Z Creating working copy for https://github.com/pointfreeco/swift-issue-reporting
2026-10-01T17:52:24.1551270Z Creating working copy for https://github.com/pointfreeco/swift-custom-dump
2026-10-01T17:52:24.2175280Z Creating working copy for https://github.com/pointfreeco/swift-snapshot-testing.git
2026-10-01T17:52:24.2496080Z Creating working copy for https://github.com/swiftlang/swift-syntax
2026-10-01T17:52:24.2497810Z Working copy of https://github.com/pointfreeco/swift-issue-reporting resolved at 2.1.1
2026-10-01T17:52:24.2500400Z Working copy of https://github.com/pointfreeco/swift-custom-dump resolved at 1.7.3
2026-10-01T17:52:24.3943220Z Working copy of https://github.com/pointfreeco/swift-snapshot-testing.git resolved at 1.19.6
2026-10-01T17:52:24.5303250Z Working copy of https://github.com/swiftlang/swift-syntax resolved at 604.0.0
2026-10-01T17:52:30.7879540Z Downloading package prebuilt https://download.swift.org/prebuilts/swift-syntax/604.0.0/swiftlang-6.4.0.34.1-macosx27.0-MacroSupport.zip
2026-10-01T17:52:30.9241760Z Downloaded https://download.swift.org/prebuilts/swift-syntax/604.0.0/swiftlang-6.4.0.34.1-macosx27.0-MacroSupport.zip (0.13s)
2026-10-01T17:52:31.7655420Z warning: 'ios': found 110 file(s) which are unhandled; explicitly declare them as resources or exclude from the target
2026-10-01T17:52:31.7757470Z     /Users/runner/work/creator-platform/creator-platform/apps/ios/Tests/QelvoraUITests/__Snapshots__/NativeSnapshotTests/testAuthorIdentitySurfaces.light.png
2026-10-01T17:52:31.7859320Z     /Users/runner/work/creator-platform/creator-platform/apps/ios/Tests/QelvoraUITests/__Snapshots__/NativeSnapshotTests/testAuthorIdentitySurfaces.night.png
2026-10-01T17:52:31.7888030Z     /Users/runner/work/creator-platform/creator-platform/apps/ios/Tests/QelvoraUITests/__Snapshots__/NativeSnapshotTests/testComponentCatalogThemes.AccessLines-light.png
2026-10-01T17:52:31.7889450Z     /Users/runner/work/creator-platform/creator-platform/apps/ios/Tests/QelvoraUITests/__Snapshots__/NativeSnapshotTests/testComponentCatalogThemes.AccessLines-night.png
2026-10-01T17:52:31.7891040Z     /Users/runner/work/creator-platform/creator-platform/apps/ios/Tests/QelvoraUITests/__Snapshots__/NativeSnapshotTests/testComponentCatalogThemes.AuditBanner-light.png
2026-10-01T17:52:31.7893310Z     /Users/runner/work/creator-platform/creator-platform/apps/ios/Tests/QelvoraUITests/__Snapshots__/NativeSnapshotTests/testComponentCatalogThemes.AuditBanner-night.png
2026-10-01T17:52:31.7894960Z     /Users/runner/work/creator-platform/creator-platform/apps/ios/Tests/QelvoraUITests/__Snapshots__/NativeSnapshotTests/testComponentCatalogThemes.AuthorLabel-light.png
2026-10-01T17:52:31.7896470Z     /Users/runner/work/creator-platform/creator-platform/apps/ios/Tests/QelvoraUITests/__Snapshots__/NativeSnapshotTests/testComponentCatalogThemes.AuthorLabel-night.png
2026-10-01T17:52:31.7897830Z     /Users/runner/work/creator-platform/creator-platform/apps/ios/Tests/QelvoraUITests/__Snapshots__/NativeSnapshotTests/testComponentCatalogThemes.Avatar-light.png
2026-10-01T17:52:31.7899070Z     /Users/runner/work/creator-platform/creator-platform/apps/ios/Tests/QelvoraUITests/__Snapshots__/NativeSnapshotTests/testComponentCatalogThemes.Avatar-night.png
2026-10-01T17:52:31.7900280Z     /Users/runner/work/creator-platform/creator-platform/apps/ios/Tests/QelvoraUITests/__Snapshots__/NativeSnapshotTests/testComponentCatalogThemes.Button-light.png
2026-10-01T17:52:31.7901390Z     /Users/runner/work/creator-platform/creator-platform/apps/ios/Tests/QelvoraUITests/__Snapshots__/NativeSnapshotTests/testComponentCatalogThemes.Button-night.png
2026-10-01T17:52:31.7902620Z     /Users/runner/work/creator-platform/creator-platform/apps/ios/Tests/QelvoraUITests/__Snapshots__/NativeSnapshotTests/testComponentCatalogThemes.CallChip-light.png
2026-10-01T17:52:31.7903690Z     /Users/runner/work/creator-platform/creator-platform/apps/ios/Tests/QelvoraUITests/__Snapshots__/NativeSnapshotTests/testComponentCatalogThemes.CallChip-night.png
2026-10-01T17:52:31.7905090Z     /Users/runner/work/creator-platform/creator-platform/apps/ios/Tests/QelvoraUITests/__Snapshots__/NativeSnapshotTests/testComponentCatalogThemes.CapacityHeader-light.png
2026-10-01T17:52:31.7906310Z     /Users/runner/work/creator-platform/creator-platform/apps/ios/Tests/QelvoraUITests/__Snapshots__/NativeSnapshotTests/testComponentCatalogThemes.CapacityHeader-night.png
2026-10-01T17:52:31.7907440Z     /Users/runner/work/creator-platform/creator-platform/apps/ios/Tests/QelvoraUITests/__Snapshots__/NativeSnapshotTests/testComponentCatalogThemes.CitationChip-light.png
2026-10-01T17:52:31.7908810Z     /Users/runner/work/creator-platform/creator-platform/apps/ios/Tests/QelvoraUITests/__Snapshots__/NativeSnapshotTests/testComponentCatalogThemes.CitationChip-night.png
2026-10-01T17:52:31.7909870Z     /Users/runner/work/creator-platform/creator-platform/apps/ios/Tests/QelvoraUITests/__Snapshots__/NativeSnapshotTests/testComponentCatalogThemes.Composer-light.png
2026-10-01T17:52:31.7911300Z     /Users/runner/work/creator-platform/creator-platform/apps/ios/Tests/QelvoraUITests/__Snapshots__/NativeSnapshotTests/testComponentCatalogThemes.Composer-night.png
2026-10-01T17:52:31.7912400Z     /Users/runner/work/creator-platform/creator-platform/apps/ios/Tests/QelvoraUITests/__Snapshots__/NativeSnapshotTests/testComponentCatalogThemes.ContextCard-light.png
2026-10-01T17:52:31.7913610Z     /Users/runner/work/creator-platform/creator-platform/apps/ios/Tests/QelvoraUITests/__Snapshots__/NativeSnapshotTests/testComponentCatalogThemes.ContextCard-night.png
2026-10-01T17:52:31.7914880Z     /Users/runner/work/creator-platform/creator-platform/apps/ios/Tests/QelvoraUITests/__Snapshots__/NativeSnapshotTests/testComponentCatalogThemes.Correction-light.png
2026-10-01T17:52:31.7916040Z     /Users/runner/work/creator-platform/creator-platform/apps/ios/Tests/QelvoraUITests/__Snapshots__/NativeSnapshotTests/testComponentCatalogThemes.Correction-night.png
2026-10-01T17:52:31.7917200Z     /Users/runner/work/creator-platform/creator-platform/apps/ios/Tests/QelvoraUITests/__Snapshots__/NativeSnapshotTests/testComponentCatalogThemes.Countdown-light.png
2026-10-01T17:52:31.7918920Z     /Users/runner/work/creator-platform/creator-platform/apps/ios/Tests/QelvoraUITests/__Snapshots__/NativeSnapshotTests/testComponentCatalogThemes.Countdown-night.png
2026-10-01T17:52:31.7920010Z     /Users/runner/work/creator-platform/creator-platform/apps/ios/Tests/QelvoraUITests/__Snapshots__/NativeSnapshotTests/testComponentCatalogThemes.Dialog-light.png
2026-10-01T17:52:31.7921750Z     /Users/runner/work/creator-platform/creator-platform/apps/ios/Tests/QelvoraUITests/__Snapshots__/NativeSnapshotTests/testComponentCatalogThemes.Dialog-night.png
2026-10-01T17:52:31.7923110Z     /Users/runner/work/creator-platform/creator-platform/apps/ios/Tests/QelvoraUITests/__Snapshots__/NativeSnapshotTests/testComponentCatalogThemes.DigestItem-light.png
2026-10-01T17:52:31.7924270Z     /Users/runner/work/creator-platform/creator-platform/apps/ios/Tests/QelvoraUITests/__Snapshots__/NativeSnapshotTests/testComponentCatalogThemes.DigestItem-night.png
2026-10-01T17:52:31.7925640Z     /Users/runner/work/creator-platform/creator-platform/apps/ios/Tests/QelvoraUITests/__Snapshots__/NativeSnapshotTests/testComponentCatalogThemes.EmailFrame-light.png
2026-10-01T17:52:31.7926900Z     /Users/runner/work/creator-platform/creator-platform/apps/ios/Tests/QelvoraUITests/__Snapshots__/NativeSnapshotTests/testComponentCatalogThemes.EmailFrame-night.png
2026-10-01T17:52:31.7928080Z     /Users/runner/work/creator-platform/creator-platform/apps/ios/Tests/QelvoraUITests/__Snapshots__/NativeSnapshotTests/testComponentCatalogThemes.EmptyState-light.png
2026-10-01T17:52:31.7929270Z     /Users/runner/work/creator-platform/creator-platform/apps/ios/Tests/QelvoraUITests/__Snapshots__/NativeSnapshotTests/testComponentCatalogThemes.EmptyState-night.png
2026-10-01T17:52:31.7930490Z     /Users/runner/work/creator-platform/creator-platform/apps/ios/Tests/QelvoraUITests/__Snapshots__/NativeSnapshotTests/testComponentCatalogThemes.EtaLine-light.png
2026-10-01T17:52:31.7931740Z     /Users/runner/work/creator-platform/creator-platform/apps/ios/Tests/QelvoraUITests/__Snapshots__/NativeSnapshotTests/testComponentCatalogThemes.EtaLine-night.png
2026-10-01T17:52:31.7933400Z     /Users/runner/work/creator-platform/creator-platform/apps/ios/Tests/QelvoraUITests/__Snapshots__/NativeSnapshotTests/testComponentCatalogThemes.IdentityStrip-light.png
2026-10-01T17:52:31.7934580Z     /Users/runner/work/creator-platform/creator-platform/apps/ios/Tests/QelvoraUITests/__Snapshots__/NativeSnapshotTests/testComponentCatalogThemes.IdentityStrip-night.png
2026-10-01T17:52:31.7935820Z     /Users/runner/work/creator-platform/creator-platform/apps/ios/Tests/QelvoraUITests/__Snapshots__/NativeSnapshotTests/testComponentCatalogThemes.IncludeList-light.png
2026-10-01T17:52:31.7937040Z     /Users/runner/work/creator-platform/creator-platform/apps/ios/Tests/QelvoraUITests/__Snapshots__/NativeSnapshotTests/testComponentCatalogThemes.IncludeList-night.png
2026-10-01T17:52:31.7938310Z     /Users/runner/work/creator-platform/creator-platform/apps/ios/Tests/QelvoraUITests/__Snapshots__/NativeSnapshotTests/testComponentCatalogThemes.InsteadMenu-light.png
2026-10-01T17:52:31.7939900Z     /Users/runner/work/creator-platform/creator-platform/apps/ios/Tests/QelvoraUITests/__Snapshots__/NativeSnapshotTests/testComponentCatalogThemes.InsteadMenu-night.png
2026-10-01T17:52:31.7941120Z     /Users/runner/work/creator-platform/creator-platform/apps/ios/Tests/QelvoraUITests/__Snapshots__/NativeSnapshotTests/testComponentCatalogThemes.LabelPreview-light.png
2026-10-01T17:52:31.7942350Z     /Users/runner/work/creator-platform/creator-platform/apps/ios/Tests/QelvoraUITests/__Snapshots__/NativeSnapshotTests/testComponentCatalogThemes.LabelPreview-night.png
2026-10-01T17:52:31.7943620Z     /Users/runner/work/creator-platform/creator-platform/apps/ios/Tests/QelvoraUITests/__Snapshots__/NativeSnapshotTests/testComponentCatalogThemes.Mark-light.png
2026-10-01T17:52:31.7945120Z     /Users/runner/work/creator-platform/creator-platform/apps/ios/Tests/QelvoraUITests/__Snapshots__/NativeSnapshotTests/testComponentCatalogThemes.Mark-night.png
2026-10-01T17:52:31.7946910Z     /Users/runner/work/creator-platform/creator-platform/apps/ios/Tests/QelvoraUITests/__Snapshots__/NativeSnapshotTests/testComponentCatalogThemes.MemoryChip-light.png
2026-10-01T17:52:31.7948000Z     /Users/runner/work/creator-platform/creator-platform/apps/ios/Tests/QelvoraUITests/__Snapshots__/NativeSnapshotTests/testComponentCatalogThemes.MemoryChip-night.png
2026-10-01T17:52:31.7974560Z     /Users/runner/work/creator-platform/creator-platform/apps/ios/Tests/QelvoraUITests/__Snapshots__/NativeSnapshotTests/testComponentCatalogThemes.Message-light.png
2026-10-01T17:52:31.7975740Z     /Users/runner/work/creator-platform/creator-platform/apps/ios/Tests/QelvoraUITests/__Snapshots__/NativeSnapshotTests/testComponentCatalogThemes.Message-night.png
2026-10-01T17:52:31.7976770Z     /Users/runner/work/creator-platform/creator-platform/apps/ios/Tests/QelvoraUITests/__Snapshots__/NativeSnapshotTests/testComponentCatalogThemes.ModeList-light.png
2026-10-01T17:52:31.7977810Z     /Users/runner/work/creator-platform/creator-platform/apps/ios/Tests/QelvoraUITests/__Snapshots__/NativeSnapshotTests/testComponentCatalogThemes.ModeList-night.png
2026-10-01T17:52:31.7978890Z     /Users/runner/work/creator-platform/creator-platform/apps/ios/Tests/QelvoraUITests/__Snapshots__/NativeSnapshotTests/testComponentCatalogThemes.Note-light.png
2026-10-01T17:52:31.7979900Z     /Users/runner/work/creator-platform/creator-platform/apps/ios/Tests/QelvoraUITests/__Snapshots__/NativeSnapshotTests/testComponentCatalogThemes.Note-night.png
2026-10-01T17:52:31.7980850Z     /Users/runner/work/creator-platform/creator-platform/apps/ios/Tests/QelvoraUITests/__Snapshots__/NativeSnapshotTests/testComponentCatalogThemes.Notice-light.png
2026-10-01T17:52:31.7981900Z     /Users/runner/work/creator-platform/creator-platform/apps/ios/Tests/QelvoraUITests/__Snapshots__/NativeSnapshotTests/testComponentCatalogThemes.Notice-night.png
2026-10-01T17:52:31.7982870Z     /Users/runner/work/creator-platform/creator-platform/apps/ios/Tests/QelvoraUITests/__Snapshots__/NativeSnapshotTests/testComponentCatalogThemes.NotificationRow-light.png
2026-10-01T17:52:31.7983890Z     /Users/runner/work/creator-platform/creator-platform/apps/ios/Tests/QelvoraUITests/__Snapshots__/NativeSnapshotTests/testComponentCatalogThemes.NotificationRow-night.png
2026-10-01T17:52:31.7985110Z     /Users/runner/work/creator-platform/creator-platform/apps/ios/Tests/QelvoraUITests/__Snapshots__/NativeSnapshotTests/testComponentCatalogThemes.QueueCard-light.png
2026-10-01T17:52:31.7986190Z     /Users/runner/work/creator-platform/creator-platform/apps/ios/Tests/QelvoraUITests/__Snapshots__/NativeSnapshotTests/testComponentCatalogThemes.QueueCard-night.png
2026-10-01T17:52:31.7987320Z     /Users/runner/work/creator-platform/creator-platform/apps/ios/Tests/QelvoraUITests/__Snapshots__/NativeSnapshotTests/testComponentCatalogThemes.ReactionChip-light.png
2026-10-01T17:52:31.7988500Z     /Users/runner/work/creator-platform/creator-platform/apps/ios/Tests/QelvoraUITests/__Snapshots__/NativeSnapshotTests/testComponentCatalogThemes.ReactionChip-night.png
2026-10-01T17:52:31.7989570Z     /Users/runner/work/creator-platform/creator-platform/apps/ios/Tests/QelvoraUITests/__Snapshots__/NativeSnapshotTests/testComponentCatalogThemes.Receipt-light.png
2026-10-01T17:52:31.7990520Z     /Users/runner/work/creator-platform/creator-platform/apps/ios/Tests/QelvoraUITests/__Snapshots__/NativeSnapshotTests/testComponentCatalogThemes.Receipt-night.png
2026-10-01T17:52:31.7991560Z     /Users/runner/work/creator-platform/creator-platform/apps/ios/Tests/QelvoraUITests/__Snapshots__/NativeSnapshotTests/testComponentCatalogThemes.RequestStatus-light.png
2026-10-01T17:52:31.7992610Z     /Users/runner/work/creator-platform/creator-platform/apps/ios/Tests/QelvoraUITests/__Snapshots__/NativeSnapshotTests/testComponentCatalogThemes.RequestStatus-night.png
2026-10-01T17:52:31.7993580Z     /Users/runner/work/creator-platform/creator-platform/apps/ios/Tests/QelvoraUITests/__Snapshots__/NativeSnapshotTests/testComponentCatalogThemes.ReservedLabel-light.png
2026-10-01T17:52:31.7995140Z     /Users/runner/work/creator-platform/creator-platform/apps/ios/Tests/QelvoraUITests/__Snapshots__/NativeSnapshotTests/testComponentCatalogThemes.ReservedLabel-night.png
2026-10-01T17:52:31.7996490Z     /Users/runner/work/creator-platform/creator-platform/apps/ios/Tests/QelvoraUITests/__Snapshots__/NativeSnapshotTests/testComponentCatalogThemes.Seal-light.png
2026-10-01T17:52:31.7997470Z     /Users/runner/work/creator-platform/creator-platform/apps/ios/Tests/QelvoraUITests/__Snapshots__/NativeSnapshotTests/testComponentCatalogThemes.Seal-night.png
2026-10-01T17:52:31.7998560Z     /Users/runner/work/creator-platform/creator-platform/apps/ios/Tests/QelvoraUITests/__Snapshots__/NativeSnapshotTests/testComponentCatalogThemes.Segmented-light.png
2026-10-01T17:52:31.7999600Z     /Users/runner/work/creator-platform/creator-platform/apps/ios/Tests/QelvoraUITests/__Snapshots__/NativeSnapshotTests/testComponentCatalogThemes.Segmented-night.png
2026-10-01T17:52:31.8000610Z     /Users/runner/work/creator-platform/creator-platform/apps/ios/Tests/QelvoraUITests/__Snapshots__/NativeSnapshotTests/testComponentCatalogThemes.ShareCard-light.png
2026-10-01T17:52:31.8001650Z     /Users/runner/work/creator-platform/creator-platform/apps/ios/Tests/QelvoraUITests/__Snapshots__/NativeSnapshotTests/testComponentCatalogThemes.ShareCard-night.png
2026-10-01T17:52:31.8002890Z     /Users/runner/work/creator-platform/creator-platform/apps/ios/Tests/QelvoraUITests/__Snapshots__/NativeSnapshotTests/testComponentCatalogThemes.Sheet-light.png
2026-10-01T17:52:31.8004170Z     /Users/runner/work/creator-platform/creator-platform/apps/ios/Tests/QelvoraUITests/__Snapshots__/NativeSnapshotTests/testComponentCatalogThemes.Sheet-night.png
2026-10-01T17:52:31.8005240Z     /Users/runner/work/creator-platform/creator-platform/apps/ios/Tests/QelvoraUITests/__Snapshots__/NativeSnapshotTests/testComponentCatalogThemes.Sidebar-light.png
2026-10-01T17:52:31.8006350Z     /Users/runner/work/creator-platform/creator-platform/apps/ios/Tests/QelvoraUITests/__Snapshots__/NativeSnapshotTests/testComponentCatalogThemes.Sidebar-night.png
2026-10-01T17:52:31.8007300Z     /Users/runner/work/creator-platform/creator-platform/apps/ios/Tests/QelvoraUITests/__Snapshots__/NativeSnapshotTests/testComponentCatalogThemes.SignedMarker-light.png
2026-10-01T17:52:31.8008430Z     /Users/runner/work/creator-platform/creator-platform/apps/ios/Tests/QelvoraUITests/__Snapshots__/NativeSnapshotTests/testComponentCatalogThemes.SignedMarker-night.png
2026-10-01T17:52:31.8009420Z     /Users/runner/work/creator-platform/creator-platform/apps/ios/Tests/QelvoraUITests/__Snapshots__/NativeSnapshotTests/testComponentCatalogThemes.SigningSheet-light.png
2026-10-01T17:52:31.8010530Z     /Users/runner/work/creator-platform/creator-platform/apps/ios/Tests/QelvoraUITests/__Snapshots__/NativeSnapshotTests/testComponentCatalogThemes.SigningSheet-night.png
2026-10-01T17:52:31.8011510Z     /Users/runner/work/creator-platform/creator-platform/apps/ios/Tests/QelvoraUITests/__Snapshots__/NativeSnapshotTests/testComponentCatalogThemes.Skeleton-light.png
2026-10-01T17:52:31.8012510Z     /Users/runner/work/creator-platform/creator-platform/apps/ios/Tests/QelvoraUITests/__Snapshots__/NativeSnapshotTests/testComponentCatalogThemes.Skeleton-night.png
2026-10-01T17:52:31.8014000Z     /Users/runner/work/creator-platform/creator-platform/apps/ios/Tests/QelvoraUITests/__Snapshots__/NativeSnapshotTests/testComponentCatalogThemes.SourceRow-light.png
2026-10-01T17:52:31.8015000Z     /Users/runner/work/creator-platform/creator-platform/apps/ios/Tests/QelvoraUITests/__Snapshots__/NativeSnapshotTests/testComponentCatalogThemes.SourceRow-night.png
2026-10-01T17:52:31.8015960Z     /Users/runner/work/creator-platform/creator-platform/apps/ios/Tests/QelvoraUITests/__Snapshots__/NativeSnapshotTests/testComponentCatalogThemes.SpendLimit-light.png
2026-10-01T17:52:31.8016930Z     /Users/runner/work/creator-platform/creator-platform/apps/ios/Tests/QelvoraUITests/__Snapshots__/NativeSnapshotTests/testComponentCatalogThemes.SpendLimit-night.png
2026-10-01T17:52:31.8018340Z     /Users/runner/work/creator-platform/creator-platform/apps/ios/Tests/QelvoraUITests/__Snapshots__/NativeSnapshotTests/testComponentCatalogThemes.StepIn-light.png
2026-10-01T17:52:31.8019660Z     /Users/runner/work/creator-platform/creator-platform/apps/ios/Tests/QelvoraUITests/__Snapshots__/NativeSnapshotTests/testComponentCatalogThemes.StepIn-night.png
2026-10-01T17:52:31.8020720Z     /Users/runner/work/creator-platform/creator-platform/apps/ios/Tests/QelvoraUITests/__Snapshots__/NativeSnapshotTests/testComponentCatalogThemes.StudioTabBar-light.png
2026-10-01T17:52:31.8021710Z     /Users/runner/work/creator-platform/creator-platform/apps/ios/Tests/QelvoraUITests/__Snapshots__/NativeSnapshotTests/testComponentCatalogThemes.StudioTabBar-night.png
2026-10-01T17:52:31.8022740Z     /Users/runner/work/creator-platform/creator-platform/apps/ios/Tests/QelvoraUITests/__Snapshots__/NativeSnapshotTests/testComponentCatalogThemes.SystemLine-light.png
2026-10-01T17:52:31.8023740Z     /Users/runner/work/creator-platform/creator-platform/apps/ios/Tests/QelvoraUITests/__Snapshots__/NativeSnapshotTests/testComponentCatalogThemes.SystemLine-night.png
2026-10-01T17:52:31.8024790Z     /Users/runner/work/creator-platform/creator-platform/apps/ios/Tests/QelvoraUITests/__Snapshots__/NativeSnapshotTests/testComponentCatalogThemes.TabBar-light.png
2026-10-01T17:52:31.8025830Z     /Users/runner/work/creator-platform/creator-platform/apps/ios/Tests/QelvoraUITests/__Snapshots__/NativeSnapshotTests/testComponentCatalogThemes.TabBar-night.png
2026-10-01T17:52:31.8026900Z     /Users/runner/work/creator-platform/creator-platform/apps/ios/Tests/QelvoraUITests/__Snapshots__/NativeSnapshotTests/testComponentCatalogThemes.TermsBlock-light.png
2026-10-01T17:52:31.8027870Z     /Users/runner/work/creator-platform/creator-platform/apps/ios/Tests/QelvoraUITests/__Snapshots__/NativeSnapshotTests/testComponentCatalogThemes.TermsBlock-night.png
2026-10-01T17:52:31.8028880Z     /Users/runner/work/creator-platform/creator-platform/apps/ios/Tests/QelvoraUITests/__Snapshots__/NativeSnapshotTests/testComponentCatalogThemes.TestConsole-light.png
2026-10-01T17:52:31.8029910Z     /Users/runner/work/creator-platform/creator-platform/apps/ios/Tests/QelvoraUITests/__Snapshots__/NativeSnapshotTests/testComponentCatalogThemes.TestConsole-night.png
2026-10-01T17:52:31.8030990Z     /Users/runner/work/creator-platform/creator-platform/apps/ios/Tests/QelvoraUITests/__Snapshots__/NativeSnapshotTests/testComponentCatalogThemes.ThreadHeader-light.png
2026-10-01T17:52:31.8031960Z     /Users/runner/work/creator-platform/creator-platform/apps/ios/Tests/QelvoraUITests/__Snapshots__/NativeSnapshotTests/testComponentCatalogThemes.ThreadHeader-night.png
2026-10-01T17:52:31.8032900Z     /Users/runner/work/creator-platform/creator-platform/apps/ios/Tests/QelvoraUITests/__Snapshots__/NativeSnapshotTests/testComponentCatalogThemes.Toast-light.png
2026-10-01T17:52:31.8034060Z     /Users/runner/work/creator-platform/creator-platform/apps/ios/Tests/QelvoraUITests/__Snapshots__/NativeSnapshotTests/testComponentCatalogThemes.Toast-night.png
2026-10-01T17:52:31.8035230Z     /Users/runner/work/creator-platform/creator-platform/apps/ios/Tests/QelvoraUITests/__Snapshots__/NativeSnapshotTests/testComponentCatalogThemes.VersionList-light.png
2026-10-01T17:52:31.8036530Z     /Users/runner/work/creator-platform/creator-platform/apps/ios/Tests/QelvoraUITests/__Snapshots__/NativeSnapshotTests/testComponentCatalogThemes.VersionList-night.png
2026-10-01T17:52:31.8037670Z     /Users/runner/work/creator-platform/creator-platform/apps/ios/Tests/QelvoraUITests/__Snapshots__/NativeSnapshotTests/testComponentCatalogThemes.VoiceNote-light.png
2026-10-01T17:52:31.8038920Z     /Users/runner/work/creator-platform/creator-platform/apps/ios/Tests/QelvoraUITests/__Snapshots__/NativeSnapshotTests/testComponentCatalogThemes.VoiceNote-night.png
2026-10-01T17:52:31.8039970Z     /Users/runner/work/creator-platform/creator-platform/apps/ios/Tests/QelvoraUITests/__Snapshots__/NativeSnapshotTests/testWelcomeThemes.light.png
2026-10-01T17:52:31.8041430Z     /Users/runner/work/creator-platform/creator-platform/apps/ios/Tests/QelvoraUITests/__Snapshots__/NativeSnapshotTests/testWelcomeThemes.night.png
2026-10-01T17:52:37.3693970Z Building for debugging...
2026-10-01T17:52:37.3694720Z [Constructing description]
2026-10-01T17:52:37.6190440Z [Planning deferred tasks]
2026-10-01T17:52:37.7206720Z [53 / 104] QelvoraNative_QelvoraUI
2026-10-01T17:52:37.8374590Z [62 / 104] QelvoraNative_QelvoraUI
2026-10-01T17:52:44.4022810Z [64 / 104]
2026-10-01T17:52:46.3879660Z [66 / 106] SnapshotTesting
2026-10-01T17:52:46.5104980Z [69 / 197] QelvoraUI
2026-10-01T17:52:46.6222370Z [75 / 249]
2026-10-01T17:52:46.7416630Z [82 / 280]
2026-10-01T17:52:46.8418970Z [88 / 280]
2026-10-01T17:52:46.9555890Z [94 / 280]
2026-10-01T17:52:47.0695800Z [100 / 280]
2026-10-01T17:52:47.1831040Z [103 / 280]
2026-10-01T17:52:47.2922370Z [108 / 280]
2026-10-01T17:52:47.3946090Z [112 / 280]
2026-10-01T17:52:47.5103520Z [114 / 280]
2026-10-01T17:52:47.7275230Z [115 / 280]
2026-10-01T17:52:47.8523040Z [117 / 280]
2026-10-01T17:52:47.9555550Z [119 / 280]
2026-10-01T17:52:48.0833120Z [122 / 280]
2026-10-01T17:52:48.2336340Z [126 / 280]
2026-10-01T17:52:48.3440280Z [129 / 280]
2026-10-01T17:52:48.4637170Z [134 / 280]
2026-10-01T17:52:48.6191360Z [135 / 280]
2026-10-01T17:52:48.7487590Z [140 / 280]
2026-10-01T17:52:48.8708050Z [142 / 280]
2026-10-01T17:52:48.9984190Z [145 / 280]
2026-10-01T17:52:49.6491960Z [147 / 280]
2026-10-01T17:52:50.1445420Z [148 / 280]
2026-10-01T17:52:50.2263810Z [150 / 280]
2026-10-01T17:52:50.3460010Z [151 / 280]
2026-10-01T17:52:50.4859660Z [153 / 280]
2026-10-01T17:52:50.5972010Z [155 / 280]
2026-10-01T17:52:51.5928960Z [156 / 280]
2026-10-01T17:52:52.0166050Z [157 / 280]
2026-10-01T17:52:52.2171720Z [158 / 280]
2026-10-01T17:52:52.4017290Z [159 / 280]
2026-10-01T17:52:52.9395950Z [160 / 280]
2026-10-01T17:52:53.2339910Z [161 / 280]
2026-10-01T17:52:54.3711930Z [162 / 280]
2026-10-01T17:52:54.8234400Z [164 / 280]
2026-10-01T17:52:55.6074440Z [165 / 280]
2026-10-01T17:52:55.7743220Z [168 / 280]
2026-10-01T17:52:55.8842810Z [170 / 280]
2026-10-01T17:52:56.0856110Z [172 / 280]
2026-10-01T17:52:56.2295160Z [175 / 280]
2026-10-01T17:52:56.6507790Z [178 / 280]
2026-10-01T17:52:56.8060590Z [180 / 280]
2026-10-01T17:52:56.9398920Z [182 / 280]
2026-10-01T17:52:57.0538410Z [184 / 280]
2026-10-01T17:52:57.1802310Z [185 / 280]
2026-10-01T17:52:57.3003510Z [187 / 280]
2026-10-01T17:52:57.4768100Z [190 / 280]
2026-10-01T17:52:57.6370030Z [192 / 280]
2026-10-01T17:52:57.8183080Z [195 / 280]
2026-10-01T17:52:57.9533080Z [197 / 280]
2026-10-01T17:52:58.0879330Z [199 / 280]
2026-10-01T17:52:58.2403460Z [201 / 280]
2026-10-01T17:52:58.4156780Z [202 / 280]
2026-10-01T17:52:58.5815960Z [205 / 280]
2026-10-01T17:52:58.7998560Z [207 / 280]
2026-10-01T17:52:59.0512020Z [208 / 280]
2026-10-01T17:52:59.2462350Z [210 / 280]
2026-10-01T17:52:59.4841160Z [212 / 280]
2026-10-01T17:52:59.7431330Z [214 / 280]
2026-10-01T17:53:00.1558520Z [216 / 280]
2026-10-01T17:53:00.4510880Z [217 / 280]
2026-10-01T17:53:00.6351710Z [218 / 280]
2026-10-01T17:53:01.1944700Z [219 / 280]
2026-10-01T17:53:01.6753430Z [221 / 280]
2026-10-01T17:53:02.5344360Z [224 / 280] QelvoraUI
2026-10-01T17:53:08.9290990Z [225 / 280]
2026-10-01T17:53:08.9402800Z /Users/runner/work/creator-platform/creator-platform/apps/ios/Sources/QelvoraUI/Trust.swift:23:93: [1;33mwarning: [1;39mno 'async' operations occur within 'await' expression[0;0m [#]8;;https://docs.swift.org/compiler/documentation/diagnostics/unnecessary-effect-marker\UnnecessaryEffectMarker]8;;\]
2026-10-01T17:53:08.9517110Z  [0;36m21 |[0;0m     public let baseURL: URL
2026-10-01T17:53:08.9642050Z  [0;36m22 |[0;0m     public let token: @Sendable () async throws -> String?
2026-10-01T17:53:08.9750220Z  [0;36m23 |[0;0m     public init(baseURL: URL, token: @escaping @Sendable () async throws -> String? = { try await SecureSessionStorage().read() }) { self.baseURL = baseURL; self.token = token }
2026-10-01T17:53:08.9860170Z     [0;36m|[0;0m                                                                                             `- [1;33mwarning: [1;39mno 'async' operations occur within 'await' expression[0;0m [#]8;;https://docs.swift.org/compiler/documentation/diagnostics/unnecessary-effect-marker\UnnecessaryEffectMarker]8;;\]
2026-10-01T17:53:08.9976920Z  [0;36m24 |[0;0m     fileprivate func request<T: Decodable>(_ path: String, body: Data? = nil) async throws -> T {
2026-10-01T17:53:09.0080660Z  [0;36m25 |[0;0m         try JSONDecoder().decode(T.self, from: await bytes(path, body: body))
2026-10-01T17:53:09.0182130Z 
2026-10-01T17:53:09.0286290Z /Users/runner/work/creator-platform/creator-platform/apps/ios/Sources/QelvoraUI/Trust.swift:76:128: [1;33mwarning: [1;39mno 'async' operations occur within 'await' expression[0;0m [#]8;;https://docs.swift.org/compiler/documentation/diagnostics/unnecessary-effect-marker\UnnecessaryEffectMarker]8;;\]
2026-10-01T17:53:09.0398470Z  [0;36m74 |[0;0m     @State private var feedbackConsent = false
2026-10-01T17:53:09.0499500Z  [0;36m75 |[0;0m     @Environment(\.colorScheme) private var scheme
2026-10-01T17:53:09.0601220Z  [0;36m76 |[0;0m     public init(baseURL: URL?, destination: String = "/support", token: @escaping @Sendable () async throws -> String? = { try await SecureSessionStorage().read() }) {
2026-10-01T17:53:09.0705150Z     [0;36m|[0;0m                                                                                                                                `- [1;33mwarning: [1;39mno 'async' operations occur within 'await' expression[0;0m [#]8;;https://docs.swift.org/compiler/documentation/diagnostics/unnecessary-effect-marker\UnnecessaryEffectMarker]8;;\]
2026-10-01T17:53:09.0807770Z  [0;36m77 |[0;0m         client = baseURL.map { TrustClient(baseURL: $0, token: token) }; _route = State(initialValue: destination)
2026-10-01T17:53:09.0909550Z  [0;36m78 |[0;0m         let query = URLComponents(string: destination)?.queryItems ?? []
2026-10-01T17:53:09.1010660Z 
2026-10-01T17:53:09.1112130Z [#UnnecessaryEffectMarker]: <https://docs.swift.org/compiler/documentation/diagnostics/unnecessary-effect-marker>
2026-10-01T17:53:09.1213880Z [226 / 280] QelvoraUI
2026-10-01T17:53:09.1738070Z [227 / 280]
2026-10-01T17:53:09.3563560Z [235 / 280]
2026-10-01T17:53:09.5097540Z [236 / 280]
2026-10-01T17:53:09.8578580Z [238 / 280]
2026-10-01T17:53:10.0034140Z [239 / 280]
2026-10-01T17:53:10.3404130Z [241 / 280]
2026-10-01T17:53:10.5827380Z [241 / 280] QelvoraUI
2026-10-01T17:53:11.4025420Z [242 / 280] qelvora-native-snapshots-product
2026-10-01T17:53:18.1501520Z [244 / 280] SnapshotTesting
2026-10-01T17:53:18.9967780Z /Users/runner/work/creator-platform/creator-platform/apps/ios/Sources/QelvoraUI/Trust.swift:23:93: [1;33mwarning: [1;39mno 'async' operations occur within 'await' expression[0;0m [#]8;;https://docs.swift.org/compiler/documentation/diagnostics/unnecessary-effect-marker\UnnecessaryEffectMarker]8;;\]
2026-10-01T17:53:19.0098580Z  [0;36m21 |[0;0m     public let baseURL: URL
2026-10-01T17:53:19.0210320Z  [0;36m22 |[0;0m     public let token: @Sendable () async throws -> String?
2026-10-01T17:53:19.0345800Z  [0;36m23 |[0;0m     public init(baseURL: URL, token: @escaping @Sendable () async throws -> String? = { try await SecureSessionStorage().read() }) { self.baseURL = baseURL; self.token = token }
2026-10-01T17:53:19.0481880Z     [0;36m|[0;0m                                                                                             `- [1;33mwarning: [1;39mno 'async' operations occur within 'await' expression[0;0m [#]8;;https://docs.swift.org/compiler/documentation/diagnostics/unnecessary-effect-marker\UnnecessaryEffectMarker]8;;\]
2026-10-01T17:53:19.0614270Z  [0;36m24 |[0;0m     fileprivate func request<T: Decodable>(_ path: String, body: Data? = nil) async throws -> T {
2026-10-01T17:53:19.0734770Z  [0;36m25 |[0;0m         try JSONDecoder().decode(T.self, from: await bytes(path, body: body))
2026-10-01T17:53:19.0859210Z 
2026-10-01T17:53:19.0963380Z /Users/runner/work/creator-platform/creator-platform/apps/ios/Sources/QelvoraUI/Trust.swift:76:128: [1;33mwarning: [1;39mno 'async' operations occur within 'await' expression[0;0m [#]8;;https://docs.swift.org/compiler/documentation/diagnostics/unnecessary-effect-marker\UnnecessaryEffectMarker]8;;\]
2026-10-01T17:53:19.1067260Z  [0;36m74 |[0;0m     @State private var feedbackConsent = false
2026-10-01T17:53:19.1168720Z  [0;36m75 |[0;0m     @Environment(\.colorScheme) private var scheme
2026-10-01T17:53:19.1274050Z  [0;36m76 |[0;0m     public init(baseURL: URL?, destination: String = "/support", token: @escaping @Sendable () async throws -> String? = { try await SecureSessionStorage().read() }) {
2026-10-01T17:53:19.1376580Z     [0;36m|[0;0m                                                                                                                                `- [1;33mwarning: [1;39mno 'async' operations occur within 'await' expression[0;0m [#]8;;https://docs.swift.org/compiler/documentation/diagnostics/unnecessary-effect-marker\UnnecessaryEffectMarker]8;;\]
2026-10-01T17:53:19.1481570Z  [0;36m77 |[0;0m         client = baseURL.map { TrustClient(baseURL: $0, token: token) }; _route = State(initialValue: destination)
2026-10-01T17:53:19.1583250Z  [0;36m78 |[0;0m         let query = URLComponents(string: destination)?.queryItems ?? []
2026-10-01T17:53:19.1684460Z 
2026-10-01T17:53:19.1801590Z [#UnnecessaryEffectMarker]: <https://docs.swift.org/compiler/documentation/diagnostics/unnecessary-effect-marker>
2026-10-01T17:53:19.1928270Z [246 / 280] SnapshotTesting
2026-10-01T17:53:19.2415030Z [252 / 280] SnapshotTesting-product
2026-10-01T17:53:20.0832740Z [256 / 281] qelvora-native-snapshots-product
2026-10-01T17:53:20.2193260Z [259 / 283] qelvora-native-snapshots-product
2026-10-01T17:53:20.5244050Z [260 / 283] qelvora-native-snapshots-product
2026-10-01T17:53:20.6425420Z [263 / 283] SnapshotTesting
2026-10-01T17:53:39.0884540Z [263 / 283] QelvoraUI
2026-10-01T17:53:39.3641350Z [265 / 283] QelvoraUI
2026-10-01T17:53:39.4724460Z [270 / 284] QelvoraUI-product
2026-10-01T17:53:40.3903110Z [271 / 284] QelvoraUITests-product
2026-10-01T17:53:40.6778270Z [274 / 305]
2026-10-01T17:53:40.7946290Z [275 / 305]
2026-10-01T17:53:41.0679570Z [277 / 305]
2026-10-01T17:53:41.2155910Z [279 / 305]
2026-10-01T17:53:41.3570530Z [280 / 305]
2026-10-01T17:53:41.5096020Z [281 / 305]
2026-10-01T17:53:41.6381990Z [282 / 305]
2026-10-01T17:53:41.7929960Z [284 / 305]
2026-10-01T17:53:42.0780750Z [286 / 305]
2026-10-01T17:53:42.1944300Z [287 / 305]
2026-10-01T17:53:42.3645460Z [288 / 305] qelvora-native-snapshots-product
2026-10-01T17:53:42.5295950Z [290 / 305]
2026-10-01T17:53:42.7038160Z [294 / 305] QelvoraUITests-product
2026-10-01T17:53:42.8031800Z [295 / 305] QelvoraUITests-product
2026-10-01T17:53:42.9811180Z [299 / 305] QelvoraUITests-product
2026-10-01T17:53:43.0972150Z /Users/runner/work/creator-platform/creator-platform/apps/ios/Tests/QelvoraUITests/NativeSnapshotTests.swift:177:7: [1;33mwarning: [1;39m'assertSnapshot(of:as:named:record:timeout:fileID:file:testName:line:column:)' is deprecated: Use overload with 'record: SnapshotTestingConfiguration.Record?'[0;0m [#]8;;https://docs.swift.org/compiler/documentation/diagnostics/deprecated-declaration\DeprecatedDeclaration]8;;\]
2026-10-01T17:53:43.0975030Z [0;36m175 |[0;0m         return ("\(different) pixels exceed the native sRGB rounding bound. " + failure.0, failure.1)
2026-10-01T17:53:43.0975610Z [0;36m176 |[0;0m       }
2026-10-01T17:53:43.0976010Z [0;36m177 |[0;0m       assertSnapshot(
2026-10-01T17:53:43.0977310Z     [0;36m|[0;0m       `- [1;33mwarning: [1;39m'assertSnapshot(of:as:named:record:timeout:fileID:file:testName:line:column:)' is deprecated: Use overload with 'record: SnapshotTestingConfiguration.Record?'[0;0m [#]8;;https://docs.swift.org/compiler/documentation/diagnostics/deprecated-declaration\DeprecatedDeclaration]8;;\]
2026-10-01T17:53:43.0984710Z [0;36m178 |[0;0m         of: image, as: imageStrategy, named: name, record: record, file: file,
2026-10-01T17:53:43.0985310Z [0;36m179 |[0;0m         testName: testName, line: line)
2026-10-01T17:53:43.0985670Z 
2026-10-01T17:53:43.0985950Z [#DeprecatedDeclaration]: <https://docs.swift.org/compiler/documentation/diagnostics/deprecated-declaration>
2026-10-01T17:53:43.6880000Z [301 / 305] QelvoraUITests-product
2026-10-01T17:53:43.8256290Z [303 / 305] QelvoraUITests-product
2026-10-01T17:53:43.8751310Z Build complete! (66.79 sec)
2026-10-01T17:53:50.9324210Z Test Suite 'All tests' started at 2026-10-01 17:53:44.819.
2026-10-01T17:53:50.9325320Z Test Suite 'QelvoraUITests.xctest' started at 2026-10-01 17:53:44.820.
2026-10-01T17:53:50.9327480Z Test Suite 'DeliveryProtocolTests' started at 2026-10-01 17:53:44.820.
2026-10-01T17:53:50.9328450Z Test Case '-[QelvoraUITests.DeliveryProtocolTests testDuplicateCursorAndGenerationSequenceDoNotRepeatText]' started.
2026-10-01T17:53:50.9329850Z Test Case '-[QelvoraUITests.DeliveryProtocolTests testDuplicateCursorAndGenerationSequenceDoNotRepeatText]' passed (0.002 seconds).
2026-10-01T17:53:50.9330740Z Test Case '-[QelvoraUITests.DeliveryProtocolTests testGenerationGapDoesNotAdvanceRenderedCursor]' started.
2026-10-01T17:53:50.9332040Z Test Case '-[QelvoraUITests.DeliveryProtocolTests testGenerationGapDoesNotAdvanceRenderedCursor]' passed (0.000 seconds).
2026-10-01T17:53:50.9332840Z Test Case '-[QelvoraUITests.DeliveryProtocolTests testOldAIFrameNeverAppearsAfterTakeover]' started.
2026-10-01T17:53:50.9333920Z Test Case '-[QelvoraUITests.DeliveryProtocolTests testOldAIFrameNeverAppearsAfterTakeover]' passed (0.000 seconds).
2026-10-01T17:53:50.9335000Z Test Case '-[QelvoraUITests.DeliveryProtocolTests testPersistedCheckpointResumesGenerationAfterProcessRecreation]' started.
2026-10-01T17:53:50.9336000Z Test Case '-[QelvoraUITests.DeliveryProtocolTests testPersistedCheckpointResumesGenerationAfterProcessRecreation]' passed (0.000 seconds).
2026-10-01T17:53:50.9337210Z Test Case '-[QelvoraUITests.DeliveryProtocolTests testReconnectWaitsForMissingCursorRatherThanSkippingABoundary]' started.
2026-10-01T17:53:50.9338230Z Test Case '-[QelvoraUITests.DeliveryProtocolTests testReconnectWaitsForMissingCursorRatherThanSkippingABoundary]' passed (0.000 seconds).
2026-10-01T17:53:50.9339530Z Test Case '-[QelvoraUITests.DeliveryProtocolTests testRejectedDrainDoesNotLoseEarlierValidSentence]' started.
2026-10-01T17:53:50.9341770Z Test Case '-[QelvoraUITests.DeliveryProtocolTests testRejectedDrainDoesNotLoseEarlierValidSentence]' passed (0.000 seconds).
2026-10-01T17:53:50.9342730Z Test Case '-[QelvoraUITests.DeliveryProtocolTests testReorderedTakeoverBoundaryPrecedesLaterContent]' started.
2026-10-01T17:53:50.9343660Z Test Case '-[QelvoraUITests.DeliveryProtocolTests testReorderedTakeoverBoundaryPrecedesLaterContent]' passed (0.000 seconds).
2026-10-01T17:53:50.9344480Z Test Case '-[QelvoraUITests.DeliveryProtocolTests testWrongThreadFailsClosed]' started.
2026-10-01T17:53:50.9345090Z Test Case '-[QelvoraUITests.DeliveryProtocolTests testWrongThreadFailsClosed]' passed (0.000 seconds).
2026-10-01T17:53:50.9345720Z Test Suite 'DeliveryProtocolTests' passed at 2026-10-01 17:53:44.825.
2026-10-01T17:53:50.9346350Z 	 Executed 8 tests, with 0 failures (0 unexpected) in 0.004 (0.005) seconds
2026-10-01T17:53:50.9346990Z Test Suite 'GeneratedContractTests' started at 2026-10-01 17:53:44.825.
2026-10-01T17:53:50.9348460Z Test Case '-[QelvoraUITests.GeneratedContractTests testIdentityCapabilityRejectsIndependentAccounts]' started.
2026-10-01T17:53:50.9349460Z Test Case '-[QelvoraUITests.GeneratedContractTests testIdentityCapabilityRejectsIndependentAccounts]' passed (0.000 seconds).
2026-10-01T17:53:50.9350430Z Test Case '-[QelvoraUITests.GeneratedContractTests testRealtimeControlFrameDecodesNullableGeneration]' started.
2026-10-01T17:53:50.9351470Z Test Case '-[QelvoraUITests.GeneratedContractTests testRealtimeControlFrameDecodesNullableGeneration]' passed (0.000 seconds).
2026-10-01T17:53:50.9358420Z Test Suite 'GeneratedContractTests' passed at 2026-10-01 17:53:44.826.
2026-10-01T17:53:50.9359020Z 	 Executed 2 tests, with 0 failures (0 unexpected) in 0.001 (0.001) seconds
2026-10-01T17:53:50.9359590Z Test Suite 'IdentityTests' started at 2026-10-01 17:53:44.826.
2026-10-01T17:53:50.9360320Z Test Case '-[QelvoraUITests.IdentityTests testEveryAuthorUsesItsFixedLabel]' started.
2026-10-01T17:53:50.9364860Z Test Case '-[QelvoraUITests.IdentityTests testEveryAuthorUsesItsFixedLabel]' passed (0.002 seconds).
2026-10-01T17:53:50.9365790Z Test Case '-[QelvoraUITests.IdentityTests testOnlyCreatorAuthorshipOwnsTheCreatorSurface]' started.
2026-10-01T17:53:50.9366530Z Test Case '-[QelvoraUITests.IdentityTests testOnlyCreatorAuthorshipOwnsTheCreatorSurface]' passed (0.000 seconds).
2026-10-01T17:53:50.9367370Z Test Case '-[QelvoraUITests.IdentityTests testRegistryHonestlyTracksAll53Components]' started.
2026-10-01T17:53:50.9368100Z Test Case '-[QelvoraUITests.IdentityTests testRegistryHonestlyTracksAll53Components]' passed (0.000 seconds).
2026-10-01T17:53:50.9368930Z Test Case '-[QelvoraUITests.IdentityTests testUnconnectedPantopusAdapterDoesNotReturnAnAccount]' started.
2026-10-01T17:53:50.9369820Z Test Case '-[QelvoraUITests.IdentityTests testUnconnectedPantopusAdapterDoesNotReturnAnAccount]' passed (0.000 seconds).
2026-10-01T17:53:50.9370890Z Test Case '-[QelvoraUITests.IdentityTests testUnknownOrReservedServerMessageKindCannotRenderAsAHuman]' started.
2026-10-01T17:53:50.9372100Z Test Case '-[QelvoraUITests.IdentityTests testUnknownOrReservedServerMessageKindCannotRenderAsAHuman]' passed (0.000 seconds).
2026-10-01T17:53:50.9373630Z Test Suite 'IdentityTests' passed at 2026-10-01 17:53:44.829.
2026-10-01T17:53:50.9374100Z 	 Executed 5 tests, with 0 failures (0 unexpected) in 0.003 (0.003) seconds
2026-10-01T17:53:50.9374690Z Test Suite 'NativeSnapshotTests' started at 2026-10-01 17:53:44.829.
2026-10-01T17:53:50.9375390Z Test Case '-[QelvoraUITests.NativeSnapshotTests testAuthorIdentitySurfaces]' started.
2026-10-01T17:53:50.9376940Z /Users/runner/work/creator-platform/creator-platform/apps/ios/Tests/QelvoraUITests/NativeSnapshotTests.swift:40: error: -[QelvoraUITests.NativeSnapshotTests testAuthorIdentitySurfaces] : failed - Snapshot "light" does not match reference.
2026-10-01T17:53:50.9378000Z 
2026-10-01T17:53:50.9379480Z @−
2026-10-01T17:53:50.9380330Z "file:///Users/runner/work/creator-platform/creator-platform/apps/ios/Tests/QelvoraUITests/__Snapshots__/NativeSnapshotTests/testAuthorIdentitySurfaces.light.png"
2026-10-01T17:53:50.9381130Z @+
2026-10-01T17:53:50.9381750Z "file:///Users/runner/work/creator-platform/creator-platform/artifacts/ios/snapshots/NativeSnapshotTests/testAuthorIdentitySurfaces.light.png"
2026-10-01T17:53:50.9382270Z 
2026-10-01T17:53:50.9382600Z To configure output for a custom diff tool, use 'withSnapshotTesting'. For example:
2026-10-01T17:53:50.9382890Z 
2026-10-01T17:53:50.9383060Z     withSnapshotTesting(diffTool: .ksdiff) {
2026-10-01T17:53:50.9383600Z       // ...
2026-10-01T17:53:50.9383890Z     }
2026-10-01T17:53:50.9384080Z 
2026-10-01T17:53:50.9384690Z 22108 pixels exceed the native sRGB rounding bound. Newly-taken snapshot does not match reference.
2026-10-01T17:53:50.9386020Z /Users/runner/work/creator-platform/creator-platform/apps/ios/Tests/QelvoraUITests/NativeSnapshotTests.swift:40: error: -[QelvoraUITests.NativeSnapshotTests testAuthorIdentitySurfaces] : failed - Snapshot "night" does not match reference.
2026-10-01T17:53:50.9386770Z 
2026-10-01T17:53:50.9387010Z @−
2026-10-01T17:53:50.9387860Z "file:///Users/runner/work/creator-platform/creator-platform/apps/ios/Tests/QelvoraUITests/__Snapshots__/NativeSnapshotTests/testAuthorIdentitySurfaces.night.png"
2026-10-01T17:53:50.9388530Z @+
2026-10-01T17:53:50.9389950Z "file:///Users/runner/work/creator-platform/creator-platform/artifacts/ios/snapshots/NativeSnapshotTests/testAuthorIdentitySurfaces.night.png"
2026-10-01T17:53:50.9390900Z 
2026-10-01T17:53:50.9391130Z To configure output for a custom diff tool, use 'withSnapshotTesting'. For example:
2026-10-01T17:53:50.9392540Z 
2026-10-01T17:53:50.9392780Z     withSnapshotTesting(diffTool: .ksdiff) {
2026-10-01T17:53:50.9393090Z       // ...
2026-10-01T17:53:50.9393520Z     }
2026-10-01T17:53:50.9393600Z 
2026-10-01T17:53:50.9393890Z 21546 pixels exceed the native sRGB rounding bound. Newly-taken snapshot does not match reference.
2026-10-01T17:53:50.9395090Z Test Case '-[QelvoraUITests.NativeSnapshotTests testAuthorIdentitySurfaces]' failed (1.979 seconds).
2026-10-01T17:53:50.9395720Z Test Case '-[QelvoraUITests.NativeSnapshotTests testComponentCatalogThemes]' started.
2026-10-01T17:53:50.9396940Z /Users/runner/work/creator-platform/creator-platform/apps/ios/Tests/QelvoraUITests/NativeSnapshotTests.swift:60: error: -[QelvoraUITests.NativeSnapshotTests testComponentCatalogThemes] : failed - Snapshot "Mark.light" does not match reference.
2026-10-01T17:53:50.9397820Z 
2026-10-01T17:53:50.9398090Z @−
2026-10-01T17:53:50.9398680Z "file:///Users/runner/work/creator-platform/creator-platform/apps/ios/Tests/QelvoraUITests/__Snapshots__/NativeSnapshotTests/testComponentCatalogThemes.Mark-light.png"
2026-10-01T17:53:50.9399550Z @+
2026-10-01T17:53:50.9400090Z "file:///Users/runner/work/creator-platform/creator-platform/artifacts/ios/snapshots/NativeSnapshotTests/testComponentCatalogThemes.Mark-light.png"
2026-10-01T17:53:50.9400640Z 
2026-10-01T17:53:50.9400920Z To configure output for a custom diff tool, use 'withSnapshotTesting'. For example:
2026-10-01T17:53:50.9401240Z 
2026-10-01T17:53:50.9401330Z     withSnapshotTesting(diffTool: .ksdiff) {
2026-10-01T17:53:50.9401770Z       // ...
2026-10-01T17:53:50.9402030Z     }
2026-10-01T17:53:50.9402100Z 
2026-10-01T17:53:50.9402430Z 2506 pixels exceed the native sRGB rounding bound. Newly-taken snapshot does not match reference.
2026-10-01T17:53:50.9403700Z /Users/runner/work/creator-platform/creator-platform/apps/ios/Tests/QelvoraUITests/NativeSnapshotTests.swift:60: error: -[QelvoraUITests.NativeSnapshotTests testComponentCatalogThemes] : failed - Snapshot "Seal.light" does not match reference.
2026-10-01T17:53:50.9404520Z 
2026-10-01T17:53:50.9404620Z @−
2026-10-01T17:53:50.9405440Z "file:///Users/runner/work/creator-platform/creator-platform/apps/ios/Tests/QelvoraUITests/__Snapshots__/NativeSnapshotTests/testComponentCatalogThemes.Seal-light.png"
2026-10-01T17:53:50.9406260Z @+
2026-10-01T17:53:50.9407390Z "file:///Users/runner/work/creator-platform/creator-platform/artifacts/ios/snapshots/NativeSnapshotTests/testComponentCatalogThemes.Seal-light.png"
2026-10-01T17:53:50.9408070Z 
2026-10-01T17:53:50.9408510Z To configure output for a custom diff tool, use 'withSnapshotTesting'. For example:
2026-10-01T17:53:50.9408840Z 
2026-10-01T17:53:50.9409100Z     withSnapshotTesting(diffTool: .ksdiff) {
2026-10-01T17:53:50.9409590Z       // ...
2026-10-01T17:53:50.9409840Z     }
2026-10-01T17:53:50.9409990Z 
2026-10-01T17:53:50.9410330Z 4162 pixels exceed the native sRGB rounding bound. Newly-taken snapshot does not match reference.
2026-10-01T17:53:50.9411470Z /Users/runner/work/creator-platform/creator-platform/apps/ios/Tests/QelvoraUITests/NativeSnapshotTests.swift:60: error: -[QelvoraUITests.NativeSnapshotTests testComponentCatalogThemes] : failed - Snapshot "Avatar.light" does not match reference.
2026-10-01T17:53:50.9412360Z 
2026-10-01T17:53:50.9413270Z @−
2026-10-01T17:53:50.9415580Z "file:///Users/runner/work/creator-platform/creator-platform/apps/ios/Tests/QelvoraUITests/__Snapshots__/NativeSnapshotTests/testComponentCatalogThemes.Avatar-light.png"
2026-10-01T17:53:50.9416370Z @+
2026-10-01T17:53:50.9417180Z "file:///Users/runner/work/creator-platform/creator-platform/artifacts/ios/snapshots/NativeSnapshotTests/testComponentCatalogThemes.Avatar-light.png"
2026-10-01T17:53:50.9417800Z 
2026-10-01T17:53:50.9418000Z To configure output for a custom diff tool, use 'withSnapshotTesting'. For example:
2026-10-01T17:53:50.9418560Z 
2026-10-01T17:53:50.9418860Z     withSnapshotTesting(diffTool: .ksdiff) {
2026-10-01T17:53:50.9420530Z       // ...
2026-10-01T17:53:50.9420940Z     }
2026-10-01T17:53:50.9421600Z 
2026-10-01T17:53:50.9421990Z 3652 pixels exceed the native sRGB rounding bound. Newly-taken snapshot does not match reference.
2026-10-01T17:53:50.9423630Z /Users/runner/work/creator-platform/creator-platform/apps/ios/Tests/QelvoraUITests/NativeSnapshotTests.swift:60: error: -[QelvoraUITests.NativeSnapshotTests testComponentCatalogThemes] : failed - Snapshot "AuthorLabel.light" does not match reference.
2026-10-01T17:53:50.9424550Z 
2026-10-01T17:53:50.9424770Z @−
2026-10-01T17:53:50.9425560Z "file:///Users/runner/work/creator-platform/creator-platform/apps/ios/Tests/QelvoraUITests/__Snapshots__/NativeSnapshotTests/testComponentCatalogThemes.AuthorLabel-light.png"
2026-10-01T17:53:50.9426500Z @+
2026-10-01T17:53:50.9427070Z "file:///Users/runner/work/creator-platform/creator-platform/artifacts/ios/snapshots/NativeSnapshotTests/testComponentCatalogThemes.AuthorLabel-light.png"
2026-10-01T17:53:50.9427650Z 
2026-10-01T17:53:50.9427980Z To configure output for a custom diff tool, use 'withSnapshotTesting'. For example:
2026-10-01T17:53:50.9428310Z 
2026-10-01T17:53:50.9428900Z     withSnapshotTesting(diffTool: .ksdiff) {
2026-10-01T17:53:50.9429210Z       // ...
2026-10-01T17:53:50.9429540Z     }
2026-10-01T17:53:50.9429680Z 
2026-10-01T17:53:50.9429910Z 32275 pixels exceed the native sRGB rounding bound. Newly-taken snapshot does not match reference.
2026-10-01T17:53:50.9431080Z /Users/runner/work/creator-platform/creator-platform/apps/ios/Tests/QelvoraUITests/NativeSnapshotTests.swift:60: error: -[QelvoraUITests.NativeSnapshotTests testComponentCatalogThemes] : failed - Snapshot "IdentityStrip.light" does not match reference.
2026-10-01T17:53:50.9431970Z 
2026-10-01T17:53:50.9432150Z @−
2026-10-01T17:53:50.9432800Z "file:///Users/runner/work/creator-platform/creator-platform/apps/ios/Tests/QelvoraUITests/__Snapshots__/NativeSnapshotTests/testComponentCatalogThemes.IdentityStrip-light.png"
2026-10-01T17:53:50.9433550Z @+
2026-10-01T17:53:50.9434180Z "file:///Users/runner/work/creator-platform/creator-platform/artifacts/ios/snapshots/NativeSnapshotTests/testComponentCatalogThemes.IdentityStrip-light.png"
2026-10-01T17:53:50.9434740Z 
2026-10-01T17:53:50.9435000Z To configure output for a custom diff tool, use 'withSnapshotTesting'. For example:
2026-10-01T17:53:50.9435310Z 
2026-10-01T17:53:50.9435400Z     withSnapshotTesting(diffTool: .ksdiff) {
2026-10-01T17:53:50.9436170Z       // ...
2026-10-01T17:53:50.9436400Z     }
2026-10-01T17:53:50.9436540Z 
2026-10-01T17:53:50.9436820Z 43194 pixels exceed the native sRGB rounding bound. Newly-taken snapshot does not match reference.
2026-10-01T17:53:50.9437940Z /Users/runner/work/creator-platform/creator-platform/apps/ios/Tests/QelvoraUITests/NativeSnapshotTests.swift:60: error: -[QelvoraUITests.NativeSnapshotTests testComponentCatalogThemes] : failed - Snapshot "ThreadHeader.light" does not match reference.
2026-10-01T17:53:50.9438690Z 
2026-10-01T17:53:50.9438840Z @−
2026-10-01T17:53:50.9439590Z "file:///Users/runner/work/creator-platform/creator-platform/apps/ios/Tests/QelvoraUITests/__Snapshots__/NativeSnapshotTests/testComponentCatalogThemes.ThreadHeader-light.png"
2026-10-01T17:53:50.9440350Z @+
2026-10-01T17:53:50.9441060Z "file:///Users/runner/work/creator-platform/creator-platform/artifacts/ios/snapshots/NativeSnapshotTests/testComponentCatalogThemes.ThreadHeader-light.png"
2026-10-01T17:53:50.9441740Z 
2026-10-01T17:53:50.9441990Z To configure output for a custom diff tool, use 'withSnapshotTesting'. For example:
2026-10-01T17:53:50.9442300Z 
2026-10-01T17:53:50.9442430Z     withSnapshotTesting(diffTool: .ksdiff) {
2026-10-01T17:53:50.9442730Z       // ...
2026-10-01T17:53:50.9442990Z     }
2026-10-01T17:53:50.9443060Z 
2026-10-01T17:53:50.9443350Z 15611 pixels exceed the native sRGB rounding bound. Newly-taken snapshot does not match reference.
2026-10-01T17:53:50.9444540Z /Users/runner/work/creator-platform/creator-platform/apps/ios/Tests/QelvoraUITests/NativeSnapshotTests.swift:60: error: -[QelvoraUITests.NativeSnapshotTests testComponentCatalogThemes] : failed - Snapshot "SignedMarker.light" does not match reference.
2026-10-01T17:53:50.9445970Z 
2026-10-01T17:53:50.9446060Z @−
2026-10-01T17:53:50.9446780Z "file:///Users/runner/work/creator-platform/creator-platform/apps/ios/Tests/QelvoraUITests/__Snapshots__/NativeSnapshotTests/testComponentCatalogThemes.SignedMarker-light.png"
2026-10-01T17:53:50.9448340Z @+
2026-10-01T17:53:50.9449350Z "file:///Users/runner/work/creator-platform/creator-platform/artifacts/ios/snapshots/NativeSnapshotTests/testComponentCatalogThemes.SignedMarker-light.png"
2026-10-01T17:53:50.9450000Z 
2026-10-01T17:53:50.9450250Z To configure output for a custom diff tool, use 'withSnapshotTesting'. For example:
2026-10-01T17:53:50.9450640Z 
2026-10-01T17:53:50.9450810Z     withSnapshotTesting(diffTool: .ksdiff) {
2026-10-01T17:53:50.9451080Z       // ...
2026-10-01T17:53:50.9451340Z     }
2026-10-01T17:53:50.9451460Z 
2026-10-01T17:53:50.9451690Z 14517 pixels exceed the native sRGB rounding bound. Newly-taken snapshot does not match reference.
2026-10-01T17:53:50.9452830Z /Users/runner/work/creator-platform/creator-platform/apps/ios/Tests/QelvoraUITests/NativeSnapshotTests.swift:60: error: -[QelvoraUITests.NativeSnapshotTests testComponentCatalogThemes] : failed - Snapshot "SystemLine.light" does not match reference.
2026-10-01T17:53:50.9453630Z 
2026-10-01T17:53:50.9453720Z @−
2026-10-01T17:53:50.9454470Z "file:///Users/runner/work/creator-platform/creator-platform/apps/ios/Tests/QelvoraUITests/__Snapshots__/NativeSnapshotTests/testComponentCatalogThemes.SystemLine-light.png"
2026-10-01T17:53:50.9455280Z @+
2026-10-01T17:53:50.9456320Z "file:///Users/runner/work/creator-platform/creator-platform/artifacts/ios/snapshots/NativeSnapshotTests/testComponentCatalogThemes.SystemLine-light.png"
2026-10-01T17:53:50.9457050Z 
2026-10-01T17:53:50.9457350Z To configure output for a custom diff tool, use 'withSnapshotTesting'. For example:
2026-10-01T17:53:50.9457790Z 
2026-10-01T17:53:50.9457920Z     withSnapshotTesting(diffTool: .ksdiff) {
2026-10-01T17:53:50.9458350Z       // ...
2026-10-01T17:53:50.9458570Z     }
2026-10-01T17:53:50.9458760Z 
2026-10-01T17:53:50.9459090Z 16759 pixels exceed the native sRGB rounding bound. Newly-taken snapshot does not match reference.
2026-10-01T17:53:50.9465400Z /Users/runner/work/creator-platform/creator-platform/apps/ios/Tests/QelvoraUITests/NativeSnapshotTests.swift:60: error: -[QelvoraUITests.NativeSnapshotTests testComponentCatalogThemes] : failed - Snapshot "Message.light" does not match reference.
2026-10-01T17:53:50.9466340Z 
2026-10-01T17:53:50.9466600Z @−
2026-10-01T17:53:50.9467310Z "file:///Users/runner/work/creator-platform/creator-platform/apps/ios/Tests/QelvoraUITests/__Snapshots__/NativeSnapshotTests/testComponentCatalogThemes.Message-light.png"
2026-10-01T17:53:50.9468160Z @+
2026-10-01T17:53:50.9469040Z "file:///Users/runner/work/creator-platform/creator-platform/artifacts/ios/snapshots/NativeSnapshotTests/testComponentCatalogThemes.Message-light.png"
2026-10-01T17:53:50.9470220Z 
2026-10-01T17:53:50.9470480Z To configure output for a custom diff tool, use 'withSnapshotTesting'. For example:
2026-10-01T17:53:50.9470740Z 
2026-10-01T17:53:50.9470870Z     withSnapshotTesting(diffTool: .ksdiff) {
2026-10-01T17:53:50.9471200Z       // ...
2026-10-01T17:53:50.9471400Z     }
2026-10-01T17:53:50.9471570Z 
2026-10-01T17:53:50.9471870Z 90788 pixels exceed the native sRGB rounding bound. Newly-taken snapshot does not match reference.
2026-10-01T17:53:50.9472980Z /Users/runner/work/creator-platform/creator-platform/apps/ios/Tests/QelvoraUITests/NativeSnapshotTests.swift:60: error: -[QelvoraUITests.NativeSnapshotTests testComponentCatalogThemes] : failed - Snapshot "Note.light" does not match reference.
2026-10-01T17:53:50.9473880Z 
2026-10-01T17:53:50.9474110Z @−
2026-10-01T17:53:50.9474890Z "file:///Users/runner/work/creator-platform/creator-platform/apps/ios/Tests/QelvoraUITests/__Snapshots__/NativeSnapshotTests/testComponentCatalogThemes.Note-light.png"
2026-10-01T17:53:50.9477560Z @+
2026-10-01T17:53:50.9478280Z "file:///Users/runner/work/creator-platform/creator-platform/artifacts/ios/snapshots/NativeSnapshotTests/testComponentCatalogThemes.Note-light.png"
2026-10-01T17:53:50.9478940Z 
2026-10-01T17:53:50.9479130Z To configure output for a custom diff tool, use 'withSnapshotTesting'. For example:
2026-10-01T17:53:50.9479540Z 
2026-10-01T17:53:50.9480180Z     withSnapshotTesting(diffTool: .ksdiff) {
2026-10-01T17:53:50.9480580Z       // ...
2026-10-01T17:53:50.9480790Z     }
2026-10-01T17:53:50.9480970Z 
2026-10-01T17:53:50.9481240Z 44328 pixels exceed the native sRGB rounding bound. Newly-taken snapshot does not match reference.
2026-10-01T17:53:50.9482480Z /Users/runner/work/creator-platform/creator-platform/apps/ios/Tests/QelvoraUITests/NativeSnapshotTests.swift:60: error: -[QelvoraUITests.NativeSnapshotTests testComponentCatalogThemes] : failed - Snapshot "ReactionChip.light" does not match reference.
2026-10-01T17:53:50.9483520Z 
2026-10-01T17:53:50.9483710Z @−
2026-10-01T17:53:50.9484860Z "file:///Users/runner/work/creator-platform/creator-platform/apps/ios/Tests/QelvoraUITests/__Snapshots__/NativeSnapshotTests/testComponentCatalogThemes.ReactionChip-light.png"
2026-10-01T17:53:50.9485740Z @+
2026-10-01T17:53:50.9486410Z "file:///Users/runner/work/creator-platform/creator-platform/artifacts/ios/snapshots/NativeSnapshotTests/testComponentCatalogThemes.ReactionChip-light.png"
2026-10-01T17:53:50.9486960Z 
2026-10-01T17:53:50.9487260Z To configure output for a custom diff tool, use 'withSnapshotTesting'. For example:
2026-10-01T17:53:50.9487650Z 
2026-10-01T17:53:50.9487820Z     withSnapshotTesting(diffTool: .ksdiff) {
2026-10-01T17:53:50.9488100Z       // ...
2026-10-01T17:53:50.9488370Z     }
2026-10-01T17:53:50.9488510Z 
2026-10-01T17:53:50.9488760Z 9313 pixels exceed the native sRGB rounding bound. Newly-taken snapshot does not match reference.
2026-10-01T17:53:50.9490020Z /Users/runner/work/creator-platform/creator-platform/apps/ios/Tests/QelvoraUITests/NativeSnapshotTests.swift:60: error: -[QelvoraUITests.NativeSnapshotTests testComponentCatalogThemes] : failed - Snapshot "CitationChip.light" does not match reference.
2026-10-01T17:53:50.9491400Z 
2026-10-01T17:53:50.9491570Z @−
2026-10-01T17:53:50.9492290Z "file:///Users/runner/work/creator-platform/creator-platform/apps/ios/Tests/QelvoraUITests/__Snapshots__/NativeSnapshotTests/testComponentCatalogThemes.CitationChip-light.png"
2026-10-01T17:53:50.9493140Z @+
2026-10-01T17:53:50.9493790Z "file:///Users/runner/work/creator-platform/creator-platform/artifacts/ios/snapshots/NativeSnapshotTests/testComponentCatalogThemes.CitationChip-light.png"
2026-10-01T17:53:50.9494440Z 
2026-10-01T17:53:50.9494700Z To configure output for a custom diff tool, use 'withSnapshotTesting'. For example:
2026-10-01T17:53:50.9495120Z 
2026-10-01T17:53:50.9495230Z     withSnapshotTesting(diffTool: .ksdiff) {
2026-10-01T17:53:50.9495640Z       // ...
2026-10-01T17:53:50.9495970Z     }
2026-10-01T17:53:50.9496080Z 
2026-10-01T17:53:50.9496380Z 18653 pixels exceed the native sRGB rounding bound. Newly-taken snapshot does not match reference.
2026-10-01T17:53:55.7099310Z /Users/runner/work/creator-platform/creator-platform/apps/ios/Tests/QelvoraUITests/NativeSnapshotTests.swift:60: error: -[QelvoraUITests.NativeSnapshotTests testComponentCatalogThemes] : failed - Snapshot "MemoryChip.light" does not match reference.
2026-10-01T17:53:55.7100590Z 
2026-10-01T17:53:55.7101570Z @−
2026-10-01T17:53:55.7127820Z "file:///Users/runner/work/creator-platform/creator-platform/apps/ios/Tests/QelvoraUITests/__Snapshots__/NativeSnapshotTests/testComponentCatalogThemes.MemoryChip-light.png"
2026-10-01T17:53:55.7138630Z @+
2026-10-01T17:53:55.7139380Z "file:///Users/runner/work/creator-platform/creator-platform/artifacts/ios/snapshots/NativeSnapshotTests/testComponentCatalogThemes.MemoryChip-light.png"
2026-10-01T17:53:55.7140050Z 
2026-10-01T17:53:55.7140330Z To configure output for a custom diff tool, use 'withSnapshotTesting'. For example:
2026-10-01T17:53:55.7141880Z 
2026-10-01T17:53:55.7142150Z     withSnapshotTesting(diffTool: .ksdiff) {
2026-10-01T17:53:55.7142590Z       // ...
2026-10-01T17:53:55.7166360Z     }
2026-10-01T17:53:55.7166550Z 
2026-10-01T17:53:55.7166930Z 31404 pixels exceed the native sRGB rounding bound. Newly-taken snapshot does not match reference.
2026-10-01T17:53:55.7170630Z /Users/runner/work/creator-platform/creator-platform/apps/ios/Tests/QelvoraUITests/NativeSnapshotTests.swift:60: error: -[QelvoraUITests.NativeSnapshotTests testComponentCatalogThemes] : failed - Snapshot "Correction.light" does not match reference.
2026-10-01T17:53:55.7171820Z 
2026-10-01T17:53:55.7172000Z @−
2026-10-01T17:53:55.7172680Z "file:///Users/runner/work/creator-platform/creator-platform/apps/ios/Tests/QelvoraUITests/__Snapshots__/NativeSnapshotTests/testComponentCatalogThemes.Correction-light.png"
2026-10-01T17:53:55.7173410Z @+
2026-10-01T17:53:55.7174010Z "file:///Users/runner/work/creator-platform/creator-platform/artifacts/ios/snapshots/NativeSnapshotTests/testComponentCatalogThemes.Correction-light.png"
2026-10-01T17:53:55.7174600Z 
2026-10-01T17:53:55.7174840Z To configure output for a custom diff tool, use 'withSnapshotTesting'. For example:
2026-10-01T17:53:55.7175160Z 
2026-10-01T17:53:55.7175260Z     withSnapshotTesting(diffTool: .ksdiff) {
2026-10-01T17:53:55.7175570Z       // ...
2026-10-01T17:53:55.7175760Z     }
2026-10-01T17:53:55.7175900Z 
2026-10-01T17:53:55.7176190Z 30925 pixels exceed the native sRGB rounding bound. Newly-taken snapshot does not match reference.
2026-10-01T17:53:55.7177270Z /Users/runner/work/creator-platform/creator-platform/apps/ios/Tests/QelvoraUITests/NativeSnapshotTests.swift:60: error: -[QelvoraUITests.NativeSnapshotTests testComponentCatalogThemes] : failed - Snapshot "ContextCard.light" does not match reference.
2026-10-01T17:53:55.7178030Z 
2026-10-01T17:53:55.7178140Z @−
2026-10-01T17:53:55.7178730Z "file:///Users/runner/work/creator-platform/creator-platform/apps/ios/Tests/QelvoraUITests/__Snapshots__/NativeSnapshotTests/testComponentCatalogThemes.ContextCard-light.png"
2026-10-01T17:53:55.7179370Z @+
2026-10-01T17:53:55.7179950Z "file:///Users/runner/work/creator-platform/creator-platform/artifacts/ios/snapshots/NativeSnapshotTests/testComponentCatalogThemes.ContextCard-light.png"
2026-10-01T17:53:55.7180500Z 
2026-10-01T17:53:55.7180690Z To configure output for a custom diff tool, use 'withSnapshotTesting'. For example:
2026-10-01T17:53:55.7180950Z 
2026-10-01T17:53:55.7181110Z     withSnapshotTesting(diffTool: .ksdiff) {
2026-10-01T17:53:55.7181410Z       // ...
2026-10-01T17:53:55.7181590Z     }
2026-10-01T17:53:55.7181710Z 
2026-10-01T17:53:55.7181970Z 12659 pixels exceed the native sRGB rounding bound. Newly-taken snapshot does not match reference.
2026-10-01T17:53:55.7182970Z /Users/runner/work/creator-platform/creator-platform/apps/ios/Tests/QelvoraUITests/NativeSnapshotTests.swift:60: error: -[QelvoraUITests.NativeSnapshotTests testComponentCatalogThemes] : failed - Snapshot "VoiceNote.light" does not match reference.
2026-10-01T17:53:55.7183780Z 
2026-10-01T17:53:55.7183900Z @−
2026-10-01T17:53:55.7184470Z "file:///Users/runner/work/creator-platform/creator-platform/apps/ios/Tests/QelvoraUITests/__Snapshots__/NativeSnapshotTests/testComponentCatalogThemes.VoiceNote-light.png"
2026-10-01T17:53:55.7185180Z @+
2026-10-01T17:53:55.7185750Z "file:///Users/runner/work/creator-platform/creator-platform/artifacts/ios/snapshots/NativeSnapshotTests/testComponentCatalogThemes.VoiceNote-light.png"
2026-10-01T17:53:55.7186240Z 
2026-10-01T17:53:55.7186470Z To configure output for a custom diff tool, use 'withSnapshotTesting'. For example:
2026-10-01T17:53:55.7186770Z 
2026-10-01T17:53:55.7186910Z     withSnapshotTesting(diffTool: .ksdiff) {
2026-10-01T17:53:55.7187120Z       // ...
2026-10-01T17:53:55.7187330Z     }
2026-10-01T17:53:55.7187450Z 
2026-10-01T17:53:55.7187680Z 32134 pixels exceed the native sRGB rounding bound. Newly-taken snapshot does not match reference.
2026-10-01T17:53:55.7189050Z /Users/runner/work/creator-platform/creator-platform/apps/ios/Tests/QelvoraUITests/NativeSnapshotTests.swift:60: error: -[QelvoraUITests.NativeSnapshotTests testComponentCatalogThemes] : failed - Snapshot "Composer.light" does not match reference.
2026-10-01T17:53:55.7189780Z 
2026-10-01T17:53:55.7189870Z @−
2026-10-01T17:53:55.7190660Z "file:///Users/runner/work/creator-platform/creator-platform/apps/ios/Tests/QelvoraUITests/__Snapshots__/NativeSnapshotTests/testComponentCatalogThemes.Composer-light.png"
2026-10-01T17:53:55.7191260Z @+
2026-10-01T17:53:55.7191720Z "file:///Users/runner/work/creator-platform/creator-platform/artifacts/ios/snapshots/NativeSnapshotTests/testComponentCatalogThemes.Composer-light.png"
2026-10-01T17:53:55.7192240Z 
2026-10-01T17:53:55.7192420Z To configure output for a custom diff tool, use 'withSnapshotTesting'. For example:
2026-10-01T17:53:55.7192680Z 
2026-10-01T17:53:55.7192770Z     withSnapshotTesting(diffTool: .ksdiff) {
2026-10-01T17:53:55.7192970Z       // ...
2026-10-01T17:53:55.7193100Z     }
2026-10-01T17:53:55.7193170Z 
2026-10-01T17:53:55.7193390Z 61745 pixels exceed the native sRGB rounding bound. Newly-taken snapshot does not match reference.
2026-10-01T17:53:55.7194350Z /Users/runner/work/creator-platform/creator-platform/apps/ios/Tests/QelvoraUITests/NativeSnapshotTests.swift:60: error: -[QelvoraUITests.NativeSnapshotTests testComponentCatalogThemes] : failed - Snapshot "StepIn.light" does not match reference.
2026-10-01T17:53:55.7195080Z 
2026-10-01T17:53:55.7195150Z @−
2026-10-01T17:53:55.7195670Z "file:///Users/runner/work/creator-platform/creator-platform/apps/ios/Tests/QelvoraUITests/__Snapshots__/NativeSnapshotTests/testComponentCatalogThemes.StepIn-light.png"
2026-10-01T17:53:55.7196230Z @+
2026-10-01T17:53:55.7196690Z "file:///Users/runner/work/creator-platform/creator-platform/artifacts/ios/snapshots/NativeSnapshotTests/testComponentCatalogThemes.StepIn-light.png"
2026-10-01T17:53:55.7197160Z 
2026-10-01T17:53:55.7197340Z To configure output for a custom diff tool, use 'withSnapshotTesting'. For example:
2026-10-01T17:53:55.7197620Z 
2026-10-01T17:53:55.7197750Z     withSnapshotTesting(diffTool: .ksdiff) {
2026-10-01T17:53:55.7198150Z       // ...
2026-10-01T17:53:55.7198370Z     }
2026-10-01T17:53:55.7198460Z 
2026-10-01T17:53:55.7198700Z 15212 pixels exceed the native sRGB rounding bound. Newly-taken snapshot does not match reference.
2026-10-01T17:53:55.7200010Z /Users/runner/work/creator-platform/creator-platform/apps/ios/Tests/QelvoraUITests/NativeSnapshotTests.swift:60: error: -[QelvoraUITests.NativeSnapshotTests testComponentCatalogThemes] : failed - Snapshot "AccessLines.light" does not match reference.
2026-10-01T17:53:55.7200780Z 
2026-10-01T17:53:55.7200860Z @−
2026-10-01T17:53:55.7201410Z "file:///Users/runner/work/creator-platform/creator-platform/apps/ios/Tests/QelvoraUITests/__Snapshots__/NativeSnapshotTests/testComponentCatalogThemes.AccessLines-light.png"
2026-10-01T17:53:55.7201990Z @+
2026-10-01T17:53:55.7202470Z "file:///Users/runner/work/creator-platform/creator-platform/artifacts/ios/snapshots/NativeSnapshotTests/testComponentCatalogThemes.AccessLines-light.png"
2026-10-01T17:53:55.7202980Z 
2026-10-01T17:53:55.7203150Z To configure output for a custom diff tool, use 'withSnapshotTesting'. For example:
2026-10-01T17:53:55.7203410Z 
2026-10-01T17:53:55.7203490Z     withSnapshotTesting(diffTool: .ksdiff) {
2026-10-01T17:53:55.7203700Z       // ...
2026-10-01T17:53:55.7203830Z     }
2026-10-01T17:53:55.7203900Z 
2026-10-01T17:53:55.7204120Z 39429 pixels exceed the native sRGB rounding bound. Newly-taken snapshot does not match reference.
2026-10-01T17:53:55.7205120Z /Users/runner/work/creator-platform/creator-platform/apps/ios/Tests/QelvoraUITests/NativeSnapshotTests.swift:60: error: -[QelvoraUITests.NativeSnapshotTests testComponentCatalogThemes] : failed - Snapshot "ModeList.light" does not match reference.
2026-10-01T17:53:55.7205870Z 
2026-10-01T17:53:55.7205940Z @−
2026-10-01T17:53:55.7206510Z "file:///Users/runner/work/creator-platform/creator-platform/apps/ios/Tests/QelvoraUITests/__Snapshots__/NativeSnapshotTests/testComponentCatalogThemes.ModeList-light.png"
2026-10-01T17:53:55.7207350Z @+
2026-10-01T17:53:55.7207950Z "file:///Users/runner/work/creator-platform/creator-platform/artifacts/ios/snapshots/NativeSnapshotTests/testComponentCatalogThemes.ModeList-light.png"
2026-10-01T17:53:55.7208510Z 
2026-10-01T17:53:55.7209190Z To configure output for a custom diff tool, use 'withSnapshotTesting'. For example:
2026-10-01T17:53:55.7209490Z 
2026-10-01T17:53:55.7209620Z     withSnapshotTesting(diffTool: .ksdiff) {
2026-10-01T17:53:55.7209830Z       // ...
2026-10-01T17:53:55.7210010Z     }
2026-10-01T17:53:55.7210080Z 
2026-10-01T17:53:55.7210310Z 19829 pixels exceed the native sRGB rounding bound. Newly-taken snapshot does not match reference.
2026-10-01T17:53:55.7211500Z /Users/runner/work/creator-platform/creator-platform/apps/ios/Tests/QelvoraUITests/NativeSnapshotTests.swift:60: error: -[QelvoraUITests.NativeSnapshotTests testComponentCatalogThemes] : failed - Snapshot "IncludeList.light" does not match reference.
2026-10-01T17:53:55.7212260Z 
2026-10-01T17:53:55.7212350Z @−
2026-10-01T17:53:55.7212950Z "file:///Users/runner/work/creator-platform/creator-platform/apps/ios/Tests/QelvoraUITests/__Snapshots__/NativeSnapshotTests/testComponentCatalogThemes.IncludeList-light.png"
2026-10-01T17:53:55.7213540Z @+
2026-10-01T17:53:55.7214020Z "file:///Users/runner/work/creator-platform/creator-platform/artifacts/ios/snapshots/NativeSnapshotTests/testComponentCatalogThemes.IncludeList-light.png"
2026-10-01T17:53:55.7214550Z 
2026-10-01T17:53:55.7214730Z To configure output for a custom diff tool, use 'withSnapshotTesting'. For example:
2026-10-01T17:53:55.7214980Z 
2026-10-01T17:53:55.7215070Z     withSnapshotTesting(diffTool: .ksdiff) {
2026-10-01T17:53:55.7215270Z       // ...
2026-10-01T17:53:55.7215440Z     }
2026-10-01T17:53:55.7215500Z 
2026-10-01T17:53:55.7215740Z 33956 pixels exceed the native sRGB rounding bound. Newly-taken snapshot does not match reference.
2026-10-01T17:53:55.7216950Z /Users/runner/work/creator-platform/creator-platform/apps/ios/Tests/QelvoraUITests/NativeSnapshotTests.swift:60: error: -[QelvoraUITests.NativeSnapshotTests testComponentCatalogThemes] : failed - Snapshot "TermsBlock.light" does not match reference.
2026-10-01T17:53:55.7218000Z 
2026-10-01T17:53:55.7218070Z @−
2026-10-01T17:53:55.7218690Z "file:///Users/runner/work/creator-platform/creator-platform/apps/ios/Tests/QelvoraUITests/__Snapshots__/NativeSnapshotTests/testComponentCatalogThemes.TermsBlock-light.png"
2026-10-01T17:53:55.7219330Z @+
2026-10-01T17:53:55.7219810Z "file:///Users/runner/work/creator-platform/creator-platform/artifacts/ios/snapshots/NativeSnapshotTests/testComponentCatalogThemes.TermsBlock-light.png"
2026-10-01T17:53:55.7220300Z 
2026-10-01T17:53:55.7220480Z To configure output for a custom diff tool, use 'withSnapshotTesting'. For example:
2026-10-01T17:53:55.7220780Z 
2026-10-01T17:53:55.7220870Z     withSnapshotTesting(diffTool: .ksdiff) {
2026-10-01T17:53:55.7221110Z       // ...
2026-10-01T17:53:55.7221240Z     }
2026-10-01T17:53:55.7221330Z 
2026-10-01T17:53:55.7221550Z 42017 pixels exceed the native sRGB rounding bound. Newly-taken snapshot does not match reference.
2026-10-01T17:53:55.7222530Z /Users/runner/work/creator-platform/creator-platform/apps/ios/Tests/QelvoraUITests/NativeSnapshotTests.swift:60: error: -[QelvoraUITests.NativeSnapshotTests testComponentCatalogThemes] : failed - Snapshot "EtaLine.light" does not match reference.
2026-10-01T17:53:55.7223280Z 
2026-10-01T17:53:55.7223360Z @−
2026-10-01T17:53:55.7223890Z "file:///Users/runner/work/creator-platform/creator-platform/apps/ios/Tests/QelvoraUITests/__Snapshots__/NativeSnapshotTests/testComponentCatalogThemes.EtaLine-light.png"
2026-10-01T17:53:55.7224500Z @+
2026-10-01T17:53:55.7224990Z "file:///Users/runner/work/creator-platform/creator-platform/artifacts/ios/snapshots/NativeSnapshotTests/testComponentCatalogThemes.EtaLine-light.png"
2026-10-01T17:53:55.7225680Z 
2026-10-01T17:53:55.7225860Z To configure output for a custom diff tool, use 'withSnapshotTesting'. For example:
2026-10-01T17:53:55.7226120Z 
2026-10-01T17:53:55.7226210Z     withSnapshotTesting(diffTool: .ksdiff) {
2026-10-01T17:53:55.7226410Z       // ...
2026-10-01T17:53:55.7226540Z     }
2026-10-01T17:53:55.7226610Z 
2026-10-01T17:53:55.7226990Z 11946 pixels exceed the native sRGB rounding bound. Newly-taken snapshot does not match reference.
2026-10-01T17:53:55.7227990Z /Users/runner/work/creator-platform/creator-platform/apps/ios/Tests/QelvoraUITests/NativeSnapshotTests.swift:60: error: -[QelvoraUITests.NativeSnapshotTests testComponentCatalogThemes] : failed - Snapshot "RequestStatus.light" does not match reference.
2026-10-01T17:53:55.7228910Z 
2026-10-01T17:53:55.7229010Z @−
2026-10-01T17:53:55.7229640Z "file:///Users/runner/work/creator-platform/creator-platform/apps/ios/Tests/QelvoraUITests/__Snapshots__/NativeSnapshotTests/testComponentCatalogThemes.RequestStatus-light.png"
2026-10-01T17:53:55.7230330Z @+
2026-10-01T17:53:55.7230870Z "file:///Users/runner/work/creator-platform/creator-platform/artifacts/ios/snapshots/NativeSnapshotTests/testComponentCatalogThemes.RequestStatus-light.png"
2026-10-01T17:53:55.7231410Z 
2026-10-01T17:53:55.7231600Z To configure output for a custom diff tool, use 'withSnapshotTesting'. For example:
2026-10-01T17:53:55.7231900Z 
2026-10-01T17:53:55.7231990Z     withSnapshotTesting(diffTool: .ksdiff) {
2026-10-01T17:53:55.7232200Z       // ...
2026-10-01T17:53:55.7232330Z     }
2026-10-01T17:53:55.7232400Z 
2026-10-01T17:53:55.7232620Z 28735 pixels exceed the native sRGB rounding bound. Newly-taken snapshot does not match reference.
2026-10-01T17:53:55.7233590Z /Users/runner/work/creator-platform/creator-platform/apps/ios/Tests/QelvoraUITests/NativeSnapshotTests.swift:60: error: -[QelvoraUITests.NativeSnapshotTests testComponentCatalogThemes] : failed - Snapshot "Receipt.light" does not match reference.
2026-10-01T17:53:55.7234330Z 
2026-10-01T17:53:55.7234390Z @−
2026-10-01T17:53:55.7234950Z "file:///Users/runner/work/creator-platform/creator-platform/apps/ios/Tests/QelvoraUITests/__Snapshots__/NativeSnapshotTests/testComponentCatalogThemes.Receipt-light.png"
2026-10-01T17:53:55.7235540Z @+
2026-10-01T17:53:55.7236030Z "file:///Users/runner/work/creator-platform/creator-platform/artifacts/ios/snapshots/NativeSnapshotTests/testComponentCatalogThemes.Receipt-light.png"
2026-10-01T17:53:55.7236620Z 
2026-10-01T17:53:55.7236830Z To configure output for a custom diff tool, use 'withSnapshotTesting'. For example:
2026-10-01T17:53:55.7237130Z 
2026-10-01T17:53:55.7237230Z     withSnapshotTesting(diffTool: .ksdiff) {
2026-10-01T17:53:55.7237520Z       // ...
2026-10-01T17:53:55.7237680Z     }
2026-10-01T17:53:55.7237760Z 
2026-10-01T17:53:55.7238020Z 29307 pixels exceed the native sRGB rounding bound. Newly-taken snapshot does not match reference.
2026-10-01T17:53:55.7238980Z /Users/runner/work/creator-platform/creator-platform/apps/ios/Tests/QelvoraUITests/NativeSnapshotTests.swift:60: error: -[QelvoraUITests.NativeSnapshotTests testComponentCatalogThemes] : failed - Snapshot "SpendLimit.light" does not match reference.
2026-10-01T17:53:55.7239740Z 
2026-10-01T17:53:55.7239820Z @−
2026-10-01T17:53:55.7240400Z "file:///Users/runner/work/creator-platform/creator-platform/apps/ios/Tests/QelvoraUITests/__Snapshots__/NativeSnapshotTests/testComponentCatalogThemes.SpendLimit-light.png"
2026-10-01T17:53:55.7240980Z @+
2026-10-01T17:53:55.7241470Z "file:///Users/runner/work/creator-platform/creator-platform/artifacts/ios/snapshots/NativeSnapshotTests/testComponentCatalogThemes.SpendLimit-light.png"
2026-10-01T17:53:55.7241960Z 
2026-10-01T17:53:55.7242150Z To configure output for a custom diff tool, use 'withSnapshotTesting'. For example:
2026-10-01T17:53:55.7242410Z 
2026-10-01T17:53:55.7242490Z     withSnapshotTesting(diffTool: .ksdiff) {
2026-10-01T17:53:55.7242700Z       // ...
2026-10-01T17:53:55.7242820Z     }
2026-10-01T17:53:55.7242890Z 
2026-10-01T17:53:55.7243110Z 33278 pixels exceed the native sRGB rounding bound. Newly-taken snapshot does not match reference.
2026-10-01T17:53:55.7244290Z /Users/runner/work/creator-platform/creator-platform/apps/ios/Tests/QelvoraUITests/NativeSnapshotTests.swift:60: error: -[QelvoraUITests.NativeSnapshotTests testComponentCatalogThemes] : failed - Snapshot "QueueCard.light" does not match reference.
2026-10-01T17:53:55.7245050Z 
2026-10-01T17:53:55.7245140Z @−
2026-10-01T17:53:55.7245840Z "file:///Users/runner/work/creator-platform/creator-platform/apps/ios/Tests/QelvoraUITests/__Snapshots__/NativeSnapshotTests/testComponentCatalogThemes.QueueCard-light.png"
2026-10-01T17:53:55.7246470Z @+
2026-10-01T17:53:55.7246970Z "file:///Users/runner/work/creator-platform/creator-platform/artifacts/ios/snapshots/NativeSnapshotTests/testComponentCatalogThemes.QueueCard-light.png"
2026-10-01T17:53:55.7247610Z 
2026-10-01T17:53:55.7247800Z To configure output for a custom diff tool, use 'withSnapshotTesting'. For example:
2026-10-01T17:53:55.7248100Z 
2026-10-01T17:53:55.7248210Z     withSnapshotTesting(diffTool: .ksdiff) {
2026-10-01T17:53:55.7248420Z       // ...
2026-10-01T17:53:55.7248570Z     }
2026-10-01T17:53:55.7248640Z 
2026-10-01T17:53:55.7248880Z 41863 pixels exceed the native sRGB rounding bound. Newly-taken snapshot does not match reference.
2026-10-01T17:53:55.7249940Z /Users/runner/work/creator-platform/creator-platform/apps/ios/Tests/QelvoraUITests/NativeSnapshotTests.swift:60: error: -[QelvoraUITests.NativeSnapshotTests testComponentCatalogThemes] : failed - Snapshot "CapacityHeader.light" does not match reference.
2026-10-01T17:53:55.7257830Z 
2026-10-01T17:53:55.7258060Z @−
2026-10-01T17:53:55.7258690Z "file:///Users/runner/work/creator-platform/creator-platform/apps/ios/Tests/QelvoraUITests/__Snapshots__/NativeSnapshotTests/testComponentCatalogThemes.CapacityHeader-light.png"
2026-10-01T17:53:55.7259380Z @+
2026-10-01T17:53:55.7260000Z "file:///Users/runner/work/creator-platform/creator-platform/artifacts/ios/snapshots/NativeSnapshotTests/testComponentCatalogThemes.CapacityHeader-light.png"
2026-10-01T17:53:55.7260550Z 
2026-10-01T17:53:55.7260730Z To configure output for a custom diff tool, use 'withSnapshotTesting'. For example:
2026-10-01T17:53:55.7261040Z 
2026-10-01T17:53:55.7261140Z     withSnapshotTesting(diffTool: .ksdiff) {
2026-10-01T17:53:55.7261340Z       // ...
2026-10-01T17:53:55.7261480Z     }
2026-10-01T17:53:55.7261570Z 
2026-10-01T17:53:55.7261800Z 21473 pixels exceed the native sRGB rounding bound. Newly-taken snapshot does not match reference.
2026-10-01T17:53:55.7262870Z /Users/runner/work/creator-platform/creator-platform/apps/ios/Tests/QelvoraUITests/NativeSnapshotTests.swift:60: error: -[QelvoraUITests.NativeSnapshotTests testComponentCatalogThemes] : failed - Snapshot "LabelPreview.light" does not match reference.
2026-10-01T17:53:55.7263720Z 
2026-10-01T17:53:55.7263790Z @−
2026-10-01T17:53:55.7264370Z "file:///Users/runner/work/creator-platform/creator-platform/apps/ios/Tests/QelvoraUITests/__Snapshots__/NativeSnapshotTests/testComponentCatalogThemes.LabelPreview-light.png"
2026-10-01T17:53:55.7265010Z @+
2026-10-01T17:53:55.7265500Z "file:///Users/runner/work/creator-platform/creator-platform/artifacts/ios/snapshots/NativeSnapshotTests/testComponentCatalogThemes.LabelPreview-light.png"
2026-10-01T17:53:55.7265990Z 
2026-10-01T17:53:55.7266200Z To configure output for a custom diff tool, use 'withSnapshotTesting'. For example:
2026-10-01T17:53:55.7266490Z 
2026-10-01T17:53:55.7266580Z     withSnapshotTesting(diffTool: .ksdiff) {
2026-10-01T17:53:55.7266830Z       // ...
2026-10-01T17:53:55.7266990Z     }
2026-10-01T17:53:55.7267070Z 
2026-10-01T17:53:55.7267300Z 22085 pixels exceed the native sRGB rounding bound. Newly-taken snapshot does not match reference.
2026-10-01T17:53:55.7268330Z /Users/runner/work/creator-platform/creator-platform/apps/ios/Tests/QelvoraUITests/NativeSnapshotTests.swift:60: error: -[QelvoraUITests.NativeSnapshotTests testComponentCatalogThemes] : failed - Snapshot "SigningSheet.light" does not match reference.
2026-10-01T17:53:55.7270300Z 
2026-10-01T17:53:55.7270450Z @−
2026-10-01T17:53:55.7271120Z "file:///Users/runner/work/creator-platform/creator-platform/apps/ios/Tests/QelvoraUITests/__Snapshots__/NativeSnapshotTests/testComponentCatalogThemes.SigningSheet-light.png"
2026-10-01T17:53:55.7271740Z @+
2026-10-01T17:53:55.7272430Z "file:///Users/runner/work/creator-platform/creator-platform/artifacts/ios/snapshots/NativeSnapshotTests/testComponentCatalogThemes.SigningSheet-light.png"
2026-10-01T17:53:55.7272990Z 
2026-10-01T17:53:55.7273220Z To configure output for a custom diff tool, use 'withSnapshotTesting'. For example:
2026-10-01T17:53:55.7273500Z 
2026-10-01T17:53:55.7273590Z     withSnapshotTesting(diffTool: .ksdiff) {
2026-10-01T17:53:55.7273850Z       // ...
2026-10-01T17:53:55.7274010Z     }
2026-10-01T17:53:55.7274090Z 
2026-10-01T17:53:55.7274330Z 37244 pixels exceed the native sRGB rounding bound. Newly-taken snapshot does not match reference.
2026-10-01T17:53:55.7275320Z /Users/runner/work/creator-platform/creator-platform/apps/ios/Tests/QelvoraUITests/NativeSnapshotTests.swift:60: error: -[QelvoraUITests.NativeSnapshotTests testComponentCatalogThemes] : failed - Snapshot "AuditBanner.light" does not match reference.
2026-10-01T17:53:55.7276120Z 
2026-10-01T17:53:55.7276200Z @−
2026-10-01T17:53:55.7276780Z "file:///Users/runner/work/creator-platform/creator-platform/apps/ios/Tests/QelvoraUITests/__Snapshots__/NativeSnapshotTests/testComponentCatalogThemes.AuditBanner-light.png"
2026-10-01T17:53:55.7277390Z @+
2026-10-01T17:53:55.7277900Z "file:///Users/runner/work/creator-platform/creator-platform/artifacts/ios/snapshots/NativeSnapshotTests/testComponentCatalogThemes.AuditBanner-light.png"
2026-10-01T17:53:55.7278410Z 
2026-10-01T17:53:55.7278600Z To configure output for a custom diff tool, use 'withSnapshotTesting'. For example:
2026-10-01T17:53:55.7278880Z 
2026-10-01T17:53:55.7278980Z     withSnapshotTesting(diffTool: .ksdiff) {
2026-10-01T17:53:55.7279200Z       // ...
2026-10-01T17:53:55.7279330Z     }
2026-10-01T17:53:55.7279410Z 
2026-10-01T17:53:55.7279630Z 14421 pixels exceed the native sRGB rounding bound. Newly-taken snapshot does not match reference.
2026-10-01T17:53:55.7280650Z /Users/runner/work/creator-platform/creator-platform/apps/ios/Tests/QelvoraUITests/NativeSnapshotTests.swift:60: error: -[QelvoraUITests.NativeSnapshotTests testComponentCatalogThemes] : failed - Snapshot "SourceRow.light" does not match reference.
2026-10-01T17:53:55.7281420Z 
2026-10-01T17:53:55.7281510Z @−
2026-10-01T17:53:55.7282080Z "file:///Users/runner/work/creator-platform/creator-platform/apps/ios/Tests/QelvoraUITests/__Snapshots__/NativeSnapshotTests/testComponentCatalogThemes.SourceRow-light.png"
2026-10-01T17:53:55.7282690Z @+
2026-10-01T17:53:55.7283210Z "file:///Users/runner/work/creator-platform/creator-platform/artifacts/ios/snapshots/NativeSnapshotTests/testComponentCatalogThemes.SourceRow-light.png"
2026-10-01T17:53:55.7283710Z 
2026-10-01T17:53:55.7283890Z To configure output for a custom diff tool, use 'withSnapshotTesting'. For example:
2026-10-01T17:53:55.7284190Z 
2026-10-01T17:53:55.7284270Z     withSnapshotTesting(diffTool: .ksdiff) {
2026-10-01T17:54:01.0232980Z       // ...
2026-10-01T17:54:01.0335170Z     }
2026-10-01T17:54:01.0435640Z 
2026-10-01T17:54:01.0528770Z 24351 pixels exceed the native sRGB rounding bound. Newly-taken snapshot does not match reference.
2026-10-01T17:54:01.0530430Z /Users/runner/work/creator-platform/creator-platform/apps/ios/Tests/QelvoraUITests/NativeSnapshotTests.swift:60: error: -[QelvoraUITests.NativeSnapshotTests testComponentCatalogThemes] : failed - Snapshot "Button.light" does not match reference.
2026-10-01T17:54:01.0531420Z 
2026-10-01T17:54:01.0532400Z @−
2026-10-01T17:54:01.0533090Z "file:///Users/runner/work/creator-platform/creator-platform/apps/ios/Tests/QelvoraUITests/__Snapshots__/NativeSnapshotTests/testComponentCatalogThemes.Button-light.png"
2026-10-01T17:54:01.0533760Z @+
2026-10-01T17:54:01.0534800Z "file:///Users/runner/work/creator-platform/creator-platform/artifacts/ios/snapshots/NativeSnapshotTests/testComponentCatalogThemes.Button-light.png"
2026-10-01T17:54:01.0536100Z 
2026-10-01T17:54:01.0536720Z To configure output for a custom diff tool, use 'withSnapshotTesting'. For example:
2026-10-01T17:54:01.0548610Z 
2026-10-01T17:54:01.0548780Z     withSnapshotTesting(diffTool: .ksdiff) {
2026-10-01T17:54:01.0549020Z       // ...
2026-10-01T17:54:01.0549160Z     }
2026-10-01T17:54:01.0549590Z 
2026-10-01T17:54:01.0549830Z 27700 pixels exceed the native sRGB rounding bound. Newly-taken snapshot does not match reference.
2026-10-01T17:54:01.0551240Z /Users/runner/work/creator-platform/creator-platform/apps/ios/Tests/QelvoraUITests/NativeSnapshotTests.swift:60: error: -[QelvoraUITests.NativeSnapshotTests testComponentCatalogThemes] : failed - Snapshot "TabBar.light" does not match reference.
2026-10-01T17:54:01.0552030Z 
2026-10-01T17:54:01.0552180Z @−
2026-10-01T17:54:01.0552710Z "file:///Users/runner/work/creator-platform/creator-platform/apps/ios/Tests/QelvoraUITests/__Snapshots__/NativeSnapshotTests/testComponentCatalogThemes.TabBar-light.png"
2026-10-01T17:54:01.0553430Z @+
2026-10-01T17:54:01.0554030Z "file:///Users/runner/work/creator-platform/creator-platform/artifacts/ios/snapshots/NativeSnapshotTests/testComponentCatalogThemes.TabBar-light.png"
2026-10-01T17:54:01.0554510Z 
2026-10-01T17:54:01.0554700Z To configure output for a custom diff tool, use 'withSnapshotTesting'. For example:
2026-10-01T17:54:01.0554960Z 
2026-10-01T17:54:01.0555050Z     withSnapshotTesting(diffTool: .ksdiff) {
2026-10-01T17:54:01.0555260Z       // ...
2026-10-01T17:54:01.0555390Z     }
2026-10-01T17:54:01.0555460Z 
2026-10-01T17:54:01.0555690Z 6469 pixels exceed the native sRGB rounding bound. Newly-taken snapshot does not match reference.
2026-10-01T17:54:01.0556750Z /Users/runner/work/creator-platform/creator-platform/apps/ios/Tests/QelvoraUITests/NativeSnapshotTests.swift:60: error: -[QelvoraUITests.NativeSnapshotTests testComponentCatalogThemes] : failed - Snapshot "Segmented.light" does not match reference.
2026-10-01T17:54:01.0557500Z 
2026-10-01T17:54:01.0557570Z @−
2026-10-01T17:54:01.0558550Z "file:///Users/runner/work/creator-platform/creator-platform/apps/ios/Tests/QelvoraUITests/__Snapshots__/NativeSnapshotTests/testComponentCatalogThemes.Segmented-light.png"
2026-10-01T17:54:01.0559150Z @+
2026-10-01T17:54:01.0559650Z "file:///Users/runner/work/creator-platform/creator-platform/artifacts/ios/snapshots/NativeSnapshotTests/testComponentCatalogThemes.Segmented-light.png"
2026-10-01T17:54:01.0560130Z 
2026-10-01T17:54:01.0560310Z To configure output for a custom diff tool, use 'withSnapshotTesting'. For example:
2026-10-01T17:54:01.0560600Z 
2026-10-01T17:54:01.0560750Z     withSnapshotTesting(diffTool: .ksdiff) {
2026-10-01T17:54:01.0560960Z       // ...
2026-10-01T17:54:01.0561090Z     }
2026-10-01T17:54:01.0561160Z 
2026-10-01T17:54:01.0561380Z 8521 pixels exceed the native sRGB rounding bound. Newly-taken snapshot does not match reference.
2026-10-01T17:54:01.0562340Z /Users/runner/work/creator-platform/creator-platform/apps/ios/Tests/QelvoraUITests/NativeSnapshotTests.swift:60: error: -[QelvoraUITests.NativeSnapshotTests testComponentCatalogThemes] : failed - Snapshot "Notice.light" does not match reference.
2026-10-01T17:54:01.0563070Z 
2026-10-01T17:54:01.0563270Z @−
2026-10-01T17:54:01.0563820Z "file:///Users/runner/work/creator-platform/creator-platform/apps/ios/Tests/QelvoraUITests/__Snapshots__/NativeSnapshotTests/testComponentCatalogThemes.Notice-light.png"
2026-10-01T17:54:01.0574780Z @+
2026-10-01T17:54:01.0575260Z "file:///Users/runner/work/creator-platform/creator-platform/artifacts/ios/snapshots/NativeSnapshotTests/testComponentCatalogThemes.Notice-light.png"
2026-10-01T17:54:01.0575740Z 
2026-10-01T17:54:01.0575920Z To configure output for a custom diff tool, use 'withSnapshotTesting'. For example:
2026-10-01T17:54:01.0576190Z 
2026-10-01T17:54:01.0576280Z     withSnapshotTesting(diffTool: .ksdiff) {
2026-10-01T17:54:01.0576480Z       // ...
2026-10-01T17:54:01.0576980Z     }
2026-10-01T17:54:01.0577050Z 
2026-10-01T17:54:01.0577290Z 26469 pixels exceed the native sRGB rounding bound. Newly-taken snapshot does not match reference.
2026-10-01T17:54:01.0578530Z /Users/runner/work/creator-platform/creator-platform/apps/ios/Tests/QelvoraUITests/NativeSnapshotTests.swift:60: error: -[QelvoraUITests.NativeSnapshotTests testComponentCatalogThemes] : failed - Snapshot "NotificationRow.light" does not match reference.
2026-10-01T17:54:01.0579340Z 
2026-10-01T17:54:01.0579430Z @−
2026-10-01T17:54:01.0579970Z "file:///Users/runner/work/creator-platform/creator-platform/apps/ios/Tests/QelvoraUITests/__Snapshots__/NativeSnapshotTests/testComponentCatalogThemes.NotificationRow-light.png"
2026-10-01T17:54:01.0580590Z @+
2026-10-01T17:54:01.0581080Z "file:///Users/runner/work/creator-platform/creator-platform/artifacts/ios/snapshots/NativeSnapshotTests/testComponentCatalogThemes.NotificationRow-light.png"
2026-10-01T17:54:01.0581590Z 
2026-10-01T17:54:01.0581840Z To configure output for a custom diff tool, use 'withSnapshotTesting'. For example:
2026-10-01T17:54:01.0582100Z 
2026-10-01T17:54:01.0582180Z     withSnapshotTesting(diffTool: .ksdiff) {
2026-10-01T17:54:01.0582390Z       // ...
2026-10-01T17:54:01.0582590Z     }
2026-10-01T17:54:01.0582660Z 
2026-10-01T17:54:01.0582900Z 68552 pixels exceed the native sRGB rounding bound. Newly-taken snapshot does not match reference.
2026-10-01T17:54:01.0583970Z /Users/runner/work/creator-platform/creator-platform/apps/ios/Tests/QelvoraUITests/NativeSnapshotTests.swift:60: error: -[QelvoraUITests.NativeSnapshotTests testComponentCatalogThemes] : failed - Snapshot "EmptyState.light" does not match reference.
2026-10-01T17:54:01.0584990Z 
2026-10-01T17:54:01.0585080Z @−
2026-10-01T17:54:01.0585780Z "file:///Users/runner/work/creator-platform/creator-platform/apps/ios/Tests/QelvoraUITests/__Snapshots__/NativeSnapshotTests/testComponentCatalogThemes.EmptyState-light.png"
2026-10-01T17:54:01.0586380Z @+
2026-10-01T17:54:01.0586940Z "file:///Users/runner/work/creator-platform/creator-platform/artifacts/ios/snapshots/NativeSnapshotTests/testComponentCatalogThemes.EmptyState-light.png"
2026-10-01T17:54:01.0587510Z 
2026-10-01T17:54:01.0587700Z To configure output for a custom diff tool, use 'withSnapshotTesting'. For example:
2026-10-01T17:54:01.0587960Z 
2026-10-01T17:54:01.0588040Z     withSnapshotTesting(diffTool: .ksdiff) {
2026-10-01T17:54:01.0588260Z       // ...
2026-10-01T17:54:01.0588390Z     }
2026-10-01T17:54:01.0588460Z 
2026-10-01T17:54:01.0589150Z 23599 pixels exceed the native sRGB rounding bound. Newly-taken snapshot does not match reference.
2026-10-01T17:54:01.0590150Z /Users/runner/work/creator-platform/creator-platform/apps/ios/Tests/QelvoraUITests/NativeSnapshotTests.swift:60: error: -[QelvoraUITests.NativeSnapshotTests testComponentCatalogThemes] : failed - Snapshot "ShareCard.light" does not match reference.
2026-10-01T17:54:01.0590960Z 
2026-10-01T17:54:01.0591060Z @−
2026-10-01T17:54:01.0591630Z "file:///Users/runner/work/creator-platform/creator-platform/apps/ios/Tests/QelvoraUITests/__Snapshots__/NativeSnapshotTests/testComponentCatalogThemes.ShareCard-light.png"
2026-10-01T17:54:01.0592230Z @+
2026-10-01T17:54:01.0592710Z "file:///Users/runner/work/creator-platform/creator-platform/artifacts/ios/snapshots/NativeSnapshotTests/testComponentCatalogThemes.ShareCard-light.png"
2026-10-01T17:54:01.0593300Z 
2026-10-01T17:54:01.0593490Z To configure output for a custom diff tool, use 'withSnapshotTesting'. For example:
2026-10-01T17:54:01.0593770Z 
2026-10-01T17:54:01.0593850Z     withSnapshotTesting(diffTool: .ksdiff) {
2026-10-01T17:54:01.0594060Z       // ...
2026-10-01T17:54:01.0594180Z     }
2026-10-01T17:54:01.0594300Z 
2026-10-01T17:54:01.0594520Z 39137 pixels exceed the native sRGB rounding bound. Newly-taken snapshot does not match reference.
2026-10-01T17:54:01.0595950Z /Users/runner/work/creator-platform/creator-platform/apps/ios/Tests/QelvoraUITests/NativeSnapshotTests.swift:60: error: -[QelvoraUITests.NativeSnapshotTests testComponentCatalogThemes] : failed - Snapshot "CallChip.light" does not match reference.
2026-10-01T17:54:01.0597000Z 
2026-10-01T17:54:01.0597100Z @−
2026-10-01T17:54:01.0597750Z "file:///Users/runner/work/creator-platform/creator-platform/apps/ios/Tests/QelvoraUITests/__Snapshots__/NativeSnapshotTests/testComponentCatalogThemes.CallChip-light.png"
2026-10-01T17:54:01.0598400Z @+
2026-10-01T17:54:01.0599020Z "file:///Users/runner/work/creator-platform/creator-platform/artifacts/ios/snapshots/NativeSnapshotTests/testComponentCatalogThemes.CallChip-light.png"
2026-10-01T17:54:01.0599610Z 
2026-10-01T17:54:01.0599810Z To configure output for a custom diff tool, use 'withSnapshotTesting'. For example:
2026-10-01T17:54:01.0600080Z 
2026-10-01T17:54:01.0600170Z     withSnapshotTesting(diffTool: .ksdiff) {
2026-10-01T17:54:01.0600380Z       // ...
2026-10-01T17:54:01.0600560Z     }
2026-10-01T17:54:01.0600650Z 
2026-10-01T17:54:01.0600910Z 22496 pixels exceed the native sRGB rounding bound. Newly-taken snapshot does not match reference.
2026-10-01T17:54:01.0602370Z /Users/runner/work/creator-platform/creator-platform/apps/ios/Tests/QelvoraUITests/NativeSnapshotTests.swift:60: error: -[QelvoraUITests.NativeSnapshotTests testComponentCatalogThemes] : failed - Snapshot "ReservedLabel.light" does not match reference.
2026-10-01T17:54:01.0603190Z 
2026-10-01T17:54:01.0603290Z @−
2026-10-01T17:54:01.0603910Z "file:///Users/runner/work/creator-platform/creator-platform/apps/ios/Tests/QelvoraUITests/__Snapshots__/NativeSnapshotTests/testComponentCatalogThemes.ReservedLabel-light.png"
2026-10-01T17:54:01.0604570Z @+
2026-10-01T17:54:01.0605100Z "file:///Users/runner/work/creator-platform/creator-platform/artifacts/ios/snapshots/NativeSnapshotTests/testComponentCatalogThemes.ReservedLabel-light.png"
2026-10-01T17:54:01.0605670Z 
2026-10-01T17:54:01.0605900Z To configure output for a custom diff tool, use 'withSnapshotTesting'. For example:
2026-10-01T17:54:01.0606160Z 
2026-10-01T17:54:01.0606290Z     withSnapshotTesting(diffTool: .ksdiff) {
2026-10-01T17:54:01.0606510Z       // ...
2026-10-01T17:54:01.0606640Z     }
2026-10-01T17:54:01.0606710Z 
2026-10-01T17:54:01.0606930Z 28306 pixels exceed the native sRGB rounding bound. Newly-taken snapshot does not match reference.
2026-10-01T17:54:01.0608340Z /Users/runner/work/creator-platform/creator-platform/apps/ios/Tests/QelvoraUITests/NativeSnapshotTests.swift:60: error: -[QelvoraUITests.NativeSnapshotTests testComponentCatalogThemes] : failed - Snapshot "Countdown.light" does not match reference.
2026-10-01T17:54:01.0609290Z 
2026-10-01T17:54:01.0609460Z @−
2026-10-01T17:54:01.0610070Z "file:///Users/runner/work/creator-platform/creator-platform/apps/ios/Tests/QelvoraUITests/__Snapshots__/NativeSnapshotTests/testComponentCatalogThemes.Countdown-light.png"
2026-10-01T17:54:01.0610650Z @+
2026-10-01T17:54:01.0611130Z "file:///Users/runner/work/creator-platform/creator-platform/artifacts/ios/snapshots/NativeSnapshotTests/testComponentCatalogThemes.Countdown-light.png"
2026-10-01T17:54:01.0611650Z 
2026-10-01T17:54:01.0611920Z To configure output for a custom diff tool, use 'withSnapshotTesting'. For example:
2026-10-01T17:54:01.0612230Z 
2026-10-01T17:54:01.0612320Z     withSnapshotTesting(diffTool: .ksdiff) {
2026-10-01T17:54:01.0612530Z       // ...
2026-10-01T17:54:01.0612650Z     }
2026-10-01T17:54:01.0612720Z 
2026-10-01T17:54:01.0612940Z 9260 pixels exceed the native sRGB rounding bound. Newly-taken snapshot does not match reference.
2026-10-01T17:54:01.0614370Z /Users/runner/work/creator-platform/creator-platform/apps/ios/Tests/QelvoraUITests/NativeSnapshotTests.swift:60: error: -[QelvoraUITests.NativeSnapshotTests testComponentCatalogThemes] : failed - Snapshot "InsteadMenu.light" does not match reference.
2026-10-01T17:54:01.0615140Z 
2026-10-01T17:54:01.0615220Z @−
2026-10-01T17:54:01.0615840Z "file:///Users/runner/work/creator-platform/creator-platform/apps/ios/Tests/QelvoraUITests/__Snapshots__/NativeSnapshotTests/testComponentCatalogThemes.InsteadMenu-light.png"
2026-10-01T17:54:01.0616750Z @+
2026-10-01T17:54:01.0617380Z "file:///Users/runner/work/creator-platform/creator-platform/artifacts/ios/snapshots/NativeSnapshotTests/testComponentCatalogThemes.InsteadMenu-light.png"
2026-10-01T17:54:01.0617980Z 
2026-10-01T17:54:01.0618220Z To configure output for a custom diff tool, use 'withSnapshotTesting'. For example:
2026-10-01T17:54:01.0618490Z 
2026-10-01T17:54:01.0618700Z     withSnapshotTesting(diffTool: .ksdiff) {
2026-10-01T17:54:01.0618930Z       // ...
2026-10-01T17:54:01.0619060Z     }
2026-10-01T17:54:01.0619140Z 
2026-10-01T17:54:01.0619350Z 63539 pixels exceed the native sRGB rounding bound. Newly-taken snapshot does not match reference.
2026-10-01T17:54:01.0620820Z /Users/runner/work/creator-platform/creator-platform/apps/ios/Tests/QelvoraUITests/NativeSnapshotTests.swift:60: error: -[QelvoraUITests.NativeSnapshotTests testComponentCatalogThemes] : failed - Snapshot "TestConsole.light" does not match reference.
2026-10-01T17:54:01.0621600Z 
2026-10-01T17:54:01.0621780Z @−
2026-10-01T17:54:01.0622430Z "file:///Users/runner/work/creator-platform/creator-platform/apps/ios/Tests/QelvoraUITests/__Snapshots__/NativeSnapshotTests/testComponentCatalogThemes.TestConsole-light.png"
2026-10-01T17:54:01.0623020Z @+
2026-10-01T17:54:01.0623590Z "file:///Users/runner/work/creator-platform/creator-platform/artifacts/ios/snapshots/NativeSnapshotTests/testComponentCatalogThemes.TestConsole-light.png"
2026-10-01T17:54:01.0624140Z 
2026-10-01T17:54:01.0624320Z To configure output for a custom diff tool, use 'withSnapshotTesting'. For example:
2026-10-01T17:54:01.0624630Z 
2026-10-01T17:54:01.0624740Z     withSnapshotTesting(diffTool: .ksdiff) {
2026-10-01T17:54:01.0624990Z       // ...
2026-10-01T17:54:01.0625190Z     }
2026-10-01T17:54:01.0625260Z 
2026-10-01T17:54:01.0625490Z 57288 pixels exceed the native sRGB rounding bound. Newly-taken snapshot does not match reference.
2026-10-01T17:54:01.0626470Z /Users/runner/work/creator-platform/creator-platform/apps/ios/Tests/QelvoraUITests/NativeSnapshotTests.swift:60: error: -[QelvoraUITests.NativeSnapshotTests testComponentCatalogThemes] : failed - Snapshot "VersionList.light" does not match reference.
2026-10-01T17:54:01.0627220Z 
2026-10-01T17:54:01.0627290Z @−
2026-10-01T17:54:01.0627830Z "file:///Users/runner/work/creator-platform/creator-platform/apps/ios/Tests/QelvoraUITests/__Snapshots__/NativeSnapshotTests/testComponentCatalogThemes.VersionList-light.png"
2026-10-01T17:54:01.0628460Z @+
2026-10-01T17:54:01.0629010Z "file:///Users/runner/work/creator-platform/creator-platform/artifacts/ios/snapshots/NativeSnapshotTests/testComponentCatalogThemes.VersionList-light.png"
2026-10-01T17:54:01.0629500Z 
2026-10-01T17:54:01.0629680Z To configure output for a custom diff tool, use 'withSnapshotTesting'. For example:
2026-10-01T17:54:01.0630010Z 
2026-10-01T17:54:01.0630170Z     withSnapshotTesting(diffTool: .ksdiff) {
2026-10-01T17:54:01.0630440Z       // ...
2026-10-01T17:54:01.0630570Z     }
2026-10-01T17:54:01.0630640Z 
2026-10-01T17:54:01.0630860Z 23771 pixels exceed the native sRGB rounding bound. Newly-taken snapshot does not match reference.
2026-10-01T17:54:01.0632020Z /Users/runner/work/creator-platform/creator-platform/apps/ios/Tests/QelvoraUITests/NativeSnapshotTests.swift:60: error: -[QelvoraUITests.NativeSnapshotTests testComponentCatalogThemes] : failed - Snapshot "DigestItem.light" does not match reference.
2026-10-01T17:54:01.0632900Z 
2026-10-01T17:54:01.0632980Z @−
2026-10-01T17:54:01.0633510Z "file:///Users/runner/work/creator-platform/creator-platform/apps/ios/Tests/QelvoraUITests/__Snapshots__/NativeSnapshotTests/testComponentCatalogThemes.DigestItem-light.png"
2026-10-01T17:54:01.0634090Z @+
2026-10-01T17:54:01.0634560Z "file:///Users/runner/work/creator-platform/creator-platform/artifacts/ios/snapshots/NativeSnapshotTests/testComponentCatalogThemes.DigestItem-light.png"
2026-10-01T17:54:01.0635040Z 
2026-10-01T17:54:01.0635220Z To configure output for a custom diff tool, use 'withSnapshotTesting'. For example:
2026-10-01T17:54:01.0635720Z 
2026-10-01T17:54:01.0635810Z     withSnapshotTesting(diffTool: .ksdiff) {
2026-10-01T17:54:01.0636010Z       // ...
2026-10-01T17:54:01.0636140Z     }
2026-10-01T17:54:01.0636210Z 
2026-10-01T17:54:01.0636460Z 34048 pixels exceed the native sRGB rounding bound. Newly-taken snapshot does not match reference.
2026-10-01T17:54:01.0637730Z /Users/runner/work/creator-platform/creator-platform/apps/ios/Tests/QelvoraUITests/NativeSnapshotTests.swift:60: error: -[QelvoraUITests.NativeSnapshotTests testComponentCatalogThemes] : failed - Snapshot "StudioTabBar.light" does not match reference.
2026-10-01T17:54:01.0638540Z 
2026-10-01T17:54:01.0638670Z @−
2026-10-01T17:54:01.0639210Z "file:///Users/runner/work/creator-platform/creator-platform/apps/ios/Tests/QelvoraUITests/__Snapshots__/NativeSnapshotTests/testComponentCatalogThemes.StudioTabBar-light.png"
2026-10-01T17:54:01.0639790Z @+
2026-10-01T17:54:01.0640270Z "file:///Users/runner/work/creator-platform/creator-platform/artifacts/ios/snapshots/NativeSnapshotTests/testComponentCatalogThemes.StudioTabBar-light.png"
2026-10-01T17:54:01.0640790Z 
2026-10-01T17:54:01.0640970Z To configure output for a custom diff tool, use 'withSnapshotTesting'. For example:
2026-10-01T17:54:01.0641230Z 
2026-10-01T17:54:01.0641320Z     withSnapshotTesting(diffTool: .ksdiff) {
2026-10-01T17:54:01.0641530Z       // ...
2026-10-01T17:54:01.0641660Z     }
2026-10-01T17:54:01.0641750Z 
2026-10-01T17:54:01.0641970Z 9924 pixels exceed the native sRGB rounding bound. Newly-taken snapshot does not match reference.
2026-10-01T17:54:01.0642930Z /Users/runner/work/creator-platform/creator-platform/apps/ios/Tests/QelvoraUITests/NativeSnapshotTests.swift:60: error: -[QelvoraUITests.NativeSnapshotTests testComponentCatalogThemes] : failed - Snapshot "Sidebar.light" does not match reference.
2026-10-01T17:54:01.0643690Z 
2026-10-01T17:54:01.0643750Z @−
2026-10-01T17:54:01.0644270Z "file:///Users/runner/work/creator-platform/creator-platform/apps/ios/Tests/QelvoraUITests/__Snapshots__/NativeSnapshotTests/testComponentCatalogThemes.Sidebar-light.png"
2026-10-01T17:54:01.0644900Z @+
2026-10-01T17:54:01.0645370Z "file:///Users/runner/work/creator-platform/creator-platform/artifacts/ios/snapshots/NativeSnapshotTests/testComponentCatalogThemes.Sidebar-light.png"
2026-10-01T17:54:01.0645850Z 
2026-10-01T17:54:01.0646070Z To configure output for a custom diff tool, use 'withSnapshotTesting'. For example:
2026-10-01T17:54:01.0646340Z 
2026-10-01T17:54:01.0646430Z     withSnapshotTesting(diffTool: .ksdiff) {
2026-10-01T17:54:01.0646630Z       // ...
2026-10-01T17:54:01.0646760Z     }
2026-10-01T17:54:01.0646830Z 
2026-10-01T17:54:01.0647040Z 21900 pixels exceed the native sRGB rounding bound. Newly-taken snapshot does not match reference.
2026-10-01T17:54:01.0647990Z /Users/runner/work/creator-platform/creator-platform/apps/ios/Tests/QelvoraUITests/NativeSnapshotTests.swift:60: error: -[QelvoraUITests.NativeSnapshotTests testComponentCatalogThemes] : failed - Snapshot "Sheet.light" does not match reference.
2026-10-01T17:54:01.0648920Z 
2026-10-01T17:54:01.0649020Z @−
2026-10-01T17:54:01.0649620Z "file:///Users/runner/work/creator-platform/creator-platform/apps/ios/Tests/QelvoraUITests/__Snapshots__/NativeSnapshotTests/testComponentCatalogThemes.Sheet-light.png"
2026-10-01T17:54:01.0650200Z @+
2026-10-01T17:54:01.0650660Z "file:///Users/runner/work/creator-platform/creator-platform/artifacts/ios/snapshots/NativeSnapshotTests/testComponentCatalogThemes.Sheet-light.png"
2026-10-01T17:54:01.0651130Z 
2026-10-01T17:54:01.0651300Z To configure output for a custom diff tool, use 'withSnapshotTesting'. For example:
2026-10-01T17:54:01.0651610Z 
2026-10-01T17:54:01.0651700Z     withSnapshotTesting(diffTool: .ksdiff) {
2026-10-01T17:54:01.0651950Z       // ...
2026-10-01T17:54:01.0652070Z     }
2026-10-01T17:54:01.0652140Z 
2026-10-01T17:54:01.0652400Z 54829 pixels exceed the native sRGB rounding bound. Newly-taken snapshot does not match reference.
2026-10-01T17:54:01.0653400Z /Users/runner/work/creator-platform/creator-platform/apps/ios/Tests/QelvoraUITests/NativeSnapshotTests.swift:60: error: -[QelvoraUITests.NativeSnapshotTests testComponentCatalogThemes] : failed - Snapshot "Toast.light" does not match reference.
2026-10-01T17:54:01.0654320Z 
2026-10-01T17:54:01.0654400Z @−
2026-10-01T17:54:01.0655040Z "file:///Users/runner/work/creator-platform/creator-platform/apps/ios/Tests/QelvoraUITests/__Snapshots__/NativeSnapshotTests/testComponentCatalogThemes.Toast-light.png"
2026-10-01T17:54:01.0655610Z @+
2026-10-01T17:54:01.0656070Z "file:///Users/runner/work/creator-platform/creator-platform/artifacts/ios/snapshots/NativeSnapshotTests/testComponentCatalogThemes.Toast-light.png"
2026-10-01T17:54:01.0656540Z 
2026-10-01T17:54:01.0656720Z To configure output for a custom diff tool, use 'withSnapshotTesting'. For example:
2026-10-01T17:54:01.0656980Z 
2026-10-01T17:54:01.0657060Z     withSnapshotTesting(diffTool: .ksdiff) {
2026-10-01T17:54:01.0657270Z       // ...
2026-10-01T17:54:01.0657390Z     }
2026-10-01T17:54:01.0657470Z 
2026-10-01T17:54:01.0657690Z 7604 pixels exceed the native sRGB rounding bound. Newly-taken snapshot does not match reference.
2026-10-01T17:54:01.0658660Z /Users/runner/work/creator-platform/creator-platform/apps/ios/Tests/QelvoraUITests/NativeSnapshotTests.swift:60: error: -[QelvoraUITests.NativeSnapshotTests testComponentCatalogThemes] : failed - Snapshot "EmailFrame.light" does not match reference.
2026-10-01T17:54:01.0659400Z 
2026-10-01T17:54:01.0659470Z @−
2026-10-01T17:54:01.0660030Z "file:///Users/runner/work/creator-platform/creator-platform/apps/ios/Tests/QelvoraUITests/__Snapshots__/NativeSnapshotTests/testComponentCatalogThemes.EmailFrame-light.png"
2026-10-01T17:54:01.0660650Z @+
2026-10-01T17:54:01.0661120Z "file:///Users/runner/work/creator-platform/creator-platform/artifacts/ios/snapshots/NativeSnapshotTests/testComponentCatalogThemes.EmailFrame-light.png"
2026-10-01T17:54:01.0661610Z 
2026-10-01T17:54:01.0661780Z To configure output for a custom diff tool, use 'withSnapshotTesting'. For example:
2026-10-01T17:54:01.0662110Z 
2026-10-01T17:54:01.0662240Z     withSnapshotTesting(diffTool: .ksdiff) {
2026-10-01T17:54:01.0662480Z       // ...
2026-10-01T17:54:01.0662610Z     }
2026-10-01T17:54:01.0662680Z 
2026-10-01T17:54:01.0662900Z 51630 pixels exceed the native sRGB rounding bound. Newly-taken snapshot does not match reference.
2026-10-01T17:54:01.0663970Z /Users/runner/work/creator-platform/creator-platform/apps/ios/Tests/QelvoraUITests/NativeSnapshotTests.swift:60: error: -[QelvoraUITests.NativeSnapshotTests testComponentCatalogThemes] : failed - Snapshot "Mark.night" does not match reference.
2026-10-01T17:54:01.0664690Z 
2026-10-01T17:54:01.0664760Z @−
2026-10-01T17:54:01.0665260Z "file:///Users/runner/work/creator-platform/creator-platform/apps/ios/Tests/QelvoraUITests/__Snapshots__/NativeSnapshotTests/testComponentCatalogThemes.Mark-night.png"
2026-10-01T17:54:01.0665870Z @+
2026-10-01T17:54:06.4525000Z "file:///Users/runner/work/creator-platform/creator-platform/artifacts/ios/snapshots/NativeSnapshotTests/testComponentCatalogThemes.Mark-night.png"
2026-10-01T17:54:06.4525720Z 
2026-10-01T17:54:06.4525920Z To configure output for a custom diff tool, use 'withSnapshotTesting'. For example:
2026-10-01T17:54:06.4526200Z 
2026-10-01T17:54:06.4526300Z     withSnapshotTesting(diffTool: .ksdiff) {
2026-10-01T17:54:06.4526530Z       // ...
2026-10-01T17:54:06.4526650Z     }
2026-10-01T17:54:06.4526730Z 
2026-10-01T17:54:06.4527000Z 2529 pixels exceed the native sRGB rounding bound. Newly-taken snapshot does not match reference.
2026-10-01T17:54:06.4528020Z /Users/runner/work/creator-platform/creator-platform/apps/ios/Tests/QelvoraUITests/NativeSnapshotTests.swift:60: error: -[QelvoraUITests.NativeSnapshotTests testComponentCatalogThemes] : failed - Snapshot "Seal.night" does not match reference.
2026-10-01T17:54:06.4528770Z 
2026-10-01T17:54:06.4529030Z @−
2026-10-01T17:54:06.4529540Z "file:///Users/runner/work/creator-platform/creator-platform/apps/ios/Tests/QelvoraUITests/__Snapshots__/NativeSnapshotTests/testComponentCatalogThemes.Seal-night.png"
2026-10-01T17:54:06.4530520Z @+
2026-10-01T17:54:06.4531020Z "file:///Users/runner/work/creator-platform/creator-platform/artifacts/ios/snapshots/NativeSnapshotTests/testComponentCatalogThemes.Seal-night.png"
2026-10-01T17:54:06.4531580Z 
2026-10-01T17:54:06.4531770Z To configure output for a custom diff tool, use 'withSnapshotTesting'. For example:
2026-10-01T17:54:06.4534110Z 
2026-10-01T17:54:06.4534250Z     withSnapshotTesting(diffTool: .ksdiff) {
2026-10-01T17:54:06.4534490Z       // ...
2026-10-01T17:54:06.4534620Z     }
2026-10-01T17:54:06.4534690Z 
2026-10-01T17:54:06.4534910Z 4259 pixels exceed the native sRGB rounding bound. Newly-taken snapshot does not match reference.
2026-10-01T17:54:06.4535920Z /Users/runner/work/creator-platform/creator-platform/apps/ios/Tests/QelvoraUITests/NativeSnapshotTests.swift:60: error: -[QelvoraUITests.NativeSnapshotTests testComponentCatalogThemes] : failed - Snapshot "Avatar.night" does not match reference.
2026-10-01T17:54:06.4536790Z 
2026-10-01T17:54:06.4536870Z @−
2026-10-01T17:54:06.4537380Z "file:///Users/runner/work/creator-platform/creator-platform/apps/ios/Tests/QelvoraUITests/__Snapshots__/NativeSnapshotTests/testComponentCatalogThemes.Avatar-night.png"
2026-10-01T17:54:06.4537970Z @+
2026-10-01T17:54:06.4538520Z "file:///Users/runner/work/creator-platform/creator-platform/artifacts/ios/snapshots/NativeSnapshotTests/testComponentCatalogThemes.Avatar-night.png"
2026-10-01T17:54:06.4539090Z 
2026-10-01T17:54:06.4539310Z To configure output for a custom diff tool, use 'withSnapshotTesting'. For example:
2026-10-01T17:54:06.4539620Z 
2026-10-01T17:54:06.4539720Z     withSnapshotTesting(diffTool: .ksdiff) {
2026-10-01T17:54:06.4539980Z       // ...
2026-10-01T17:54:06.4540130Z     }
2026-10-01T17:54:06.4540210Z 
2026-10-01T17:54:06.4540430Z 3584 pixels exceed the native sRGB rounding bound. Newly-taken snapshot does not match reference.
2026-10-01T17:54:06.4541380Z /Users/runner/work/creator-platform/creator-platform/apps/ios/Tests/QelvoraUITests/NativeSnapshotTests.swift:60: error: -[QelvoraUITests.NativeSnapshotTests testComponentCatalogThemes] : failed - Snapshot "AuthorLabel.night" does not match reference.
2026-10-01T17:54:06.4542230Z 
2026-10-01T17:54:06.4542290Z @−
2026-10-01T17:54:06.4542820Z "file:///Users/runner/work/creator-platform/creator-platform/apps/ios/Tests/QelvoraUITests/__Snapshots__/NativeSnapshotTests/testComponentCatalogThemes.AuthorLabel-night.png"
2026-10-01T17:54:06.4543510Z @+
2026-10-01T17:54:06.4543990Z "file:///Users/runner/work/creator-platform/creator-platform/artifacts/ios/snapshots/NativeSnapshotTests/testComponentCatalogThemes.AuthorLabel-night.png"
2026-10-01T17:54:06.4544530Z 
2026-10-01T17:54:06.4544710Z To configure output for a custom diff tool, use 'withSnapshotTesting'. For example:
2026-10-01T17:54:06.4544960Z 
2026-10-01T17:54:06.4545050Z     withSnapshotTesting(diffTool: .ksdiff) {
2026-10-01T17:54:06.4545250Z       // ...
2026-10-01T17:54:06.4545380Z     }
2026-10-01T17:54:06.4545460Z 
2026-10-01T17:54:06.4545720Z 32181 pixels exceed the native sRGB rounding bound. Newly-taken snapshot does not match reference.
2026-10-01T17:54:06.4546740Z /Users/runner/work/creator-platform/creator-platform/apps/ios/Tests/QelvoraUITests/NativeSnapshotTests.swift:60: error: -[QelvoraUITests.NativeSnapshotTests testComponentCatalogThemes] : failed - Snapshot "IdentityStrip.night" does not match reference.
2026-10-01T17:54:06.4547490Z 
2026-10-01T17:54:06.4547560Z @−
2026-10-01T17:54:06.4548200Z "file:///Users/runner/work/creator-platform/creator-platform/apps/ios/Tests/QelvoraUITests/__Snapshots__/NativeSnapshotTests/testComponentCatalogThemes.IdentityStrip-night.png"
2026-10-01T17:54:06.4548790Z @+
2026-10-01T17:54:06.4549360Z "file:///Users/runner/work/creator-platform/creator-platform/artifacts/ios/snapshots/NativeSnapshotTests/testComponentCatalogThemes.IdentityStrip-night.png"
2026-10-01T17:54:06.4549860Z 
2026-10-01T17:54:06.4550050Z To configure output for a custom diff tool, use 'withSnapshotTesting'. For example:
2026-10-01T17:54:06.4550610Z 
2026-10-01T17:54:06.4550710Z     withSnapshotTesting(diffTool: .ksdiff) {
2026-10-01T17:54:06.4550970Z       // ...
2026-10-01T17:54:06.4551090Z     }
2026-10-01T17:54:06.4551160Z 
2026-10-01T17:54:06.4551380Z 42010 pixels exceed the native sRGB rounding bound. Newly-taken snapshot does not match reference.
2026-10-01T17:54:06.4552450Z /Users/runner/work/creator-platform/creator-platform/apps/ios/Tests/QelvoraUITests/NativeSnapshotTests.swift:60: error: -[QelvoraUITests.NativeSnapshotTests testComponentCatalogThemes] : failed - Snapshot "ThreadHeader.night" does not match reference.
2026-10-01T17:54:06.4553350Z 
2026-10-01T17:54:06.4553430Z @−
2026-10-01T17:54:06.4554030Z "file:///Users/runner/work/creator-platform/creator-platform/apps/ios/Tests/QelvoraUITests/__Snapshots__/NativeSnapshotTests/testComponentCatalogThemes.ThreadHeader-night.png"
2026-10-01T17:54:06.4554620Z @+
2026-10-01T17:54:06.4555090Z "file:///Users/runner/work/creator-platform/creator-platform/artifacts/ios/snapshots/NativeSnapshotTests/testComponentCatalogThemes.ThreadHeader-night.png"
2026-10-01T17:54:06.4555580Z 
2026-10-01T17:54:06.4555760Z To configure output for a custom diff tool, use 'withSnapshotTesting'. For example:
2026-10-01T17:54:06.4556020Z 
2026-10-01T17:54:06.4556100Z     withSnapshotTesting(diffTool: .ksdiff) {
2026-10-01T17:54:06.4556310Z       // ...
2026-10-01T17:54:06.4556430Z     }
2026-10-01T17:54:06.4556510Z 
2026-10-01T17:54:06.4556730Z 15484 pixels exceed the native sRGB rounding bound. Newly-taken snapshot does not match reference.
2026-10-01T17:54:06.4557690Z /Users/runner/work/creator-platform/creator-platform/apps/ios/Tests/QelvoraUITests/NativeSnapshotTests.swift:60: error: -[QelvoraUITests.NativeSnapshotTests testComponentCatalogThemes] : failed - Snapshot "SignedMarker.night" does not match reference.
2026-10-01T17:54:06.4558760Z 
2026-10-01T17:54:06.4558890Z @−
2026-10-01T17:54:06.4559580Z "file:///Users/runner/work/creator-platform/creator-platform/apps/ios/Tests/QelvoraUITests/__Snapshots__/NativeSnapshotTests/testComponentCatalogThemes.SignedMarker-night.png"
2026-10-01T17:54:06.4560370Z @+
2026-10-01T17:54:06.4560870Z "file:///Users/runner/work/creator-platform/creator-platform/artifacts/ios/snapshots/NativeSnapshotTests/testComponentCatalogThemes.SignedMarker-night.png"
2026-10-01T17:54:06.4561360Z 
2026-10-01T17:54:06.4561560Z To configure output for a custom diff tool, use 'withSnapshotTesting'. For example:
2026-10-01T17:54:06.4561810Z 
2026-10-01T17:54:06.4561950Z     withSnapshotTesting(diffTool: .ksdiff) {
2026-10-01T17:54:06.4562170Z       // ...
2026-10-01T17:54:06.4562320Z     }
2026-10-01T17:54:06.4562410Z 
2026-10-01T17:54:06.4562690Z 13339 pixels exceed the native sRGB rounding bound. Newly-taken snapshot does not match reference.
2026-10-01T17:54:06.4563790Z /Users/runner/work/creator-platform/creator-platform/apps/ios/Tests/QelvoraUITests/NativeSnapshotTests.swift:60: error: -[QelvoraUITests.NativeSnapshotTests testComponentCatalogThemes] : failed - Snapshot "SystemLine.night" does not match reference.
2026-10-01T17:54:06.4564700Z 
2026-10-01T17:54:06.4564780Z @−
2026-10-01T17:54:06.4565510Z "file:///Users/runner/work/creator-platform/creator-platform/apps/ios/Tests/QelvoraUITests/__Snapshots__/NativeSnapshotTests/testComponentCatalogThemes.SystemLine-night.png"
2026-10-01T17:54:06.4566120Z @+
2026-10-01T17:54:06.4566710Z "file:///Users/runner/work/creator-platform/creator-platform/artifacts/ios/snapshots/NativeSnapshotTests/testComponentCatalogThemes.SystemLine-night.png"
2026-10-01T17:54:06.4574010Z 
2026-10-01T17:54:06.4574200Z To configure output for a custom diff tool, use 'withSnapshotTesting'. For example:
2026-10-01T17:54:06.4574460Z 
2026-10-01T17:54:06.4574550Z     withSnapshotTesting(diffTool: .ksdiff) {
2026-10-01T17:54:06.4574760Z       // ...
2026-10-01T17:54:06.4574890Z     }
2026-10-01T17:54:06.4574960Z 
2026-10-01T17:54:06.4575180Z 16630 pixels exceed the native sRGB rounding bound. Newly-taken snapshot does not match reference.
2026-10-01T17:54:06.4576570Z /Users/runner/work/creator-platform/creator-platform/apps/ios/Tests/QelvoraUITests/NativeSnapshotTests.swift:60: error: -[QelvoraUITests.NativeSnapshotTests testComponentCatalogThemes] : failed - Snapshot "Message.night" does not match reference.
2026-10-01T17:54:06.4577310Z 
2026-10-01T17:54:06.4577400Z @−
2026-10-01T17:54:06.4578180Z "file:///Users/runner/work/creator-platform/creator-platform/apps/ios/Tests/QelvoraUITests/__Snapshots__/NativeSnapshotTests/testComponentCatalogThemes.Message-night.png"
2026-10-01T17:54:06.4578760Z @+
2026-10-01T17:54:06.4579220Z "file:///Users/runner/work/creator-platform/creator-platform/artifacts/ios/snapshots/NativeSnapshotTests/testComponentCatalogThemes.Message-night.png"
2026-10-01T17:54:06.4579700Z 
2026-10-01T17:54:06.4579880Z To configure output for a custom diff tool, use 'withSnapshotTesting'. For example:
2026-10-01T17:54:06.4580140Z 
2026-10-01T17:54:06.4580220Z     withSnapshotTesting(diffTool: .ksdiff) {
2026-10-01T17:54:06.4580450Z       // ...
2026-10-01T17:54:06.4580580Z     }
2026-10-01T17:54:06.4580650Z 
2026-10-01T17:54:06.4580860Z 89536 pixels exceed the native sRGB rounding bound. Newly-taken snapshot does not match reference.
2026-10-01T17:54:06.4581810Z /Users/runner/work/creator-platform/creator-platform/apps/ios/Tests/QelvoraUITests/NativeSnapshotTests.swift:60: error: -[QelvoraUITests.NativeSnapshotTests testComponentCatalogThemes] : failed - Snapshot "Note.night" does not match reference.
2026-10-01T17:54:06.4582530Z 
2026-10-01T17:54:06.4582600Z @−
2026-10-01T17:54:06.4583100Z "file:///Users/runner/work/creator-platform/creator-platform/apps/ios/Tests/QelvoraUITests/__Snapshots__/NativeSnapshotTests/testComponentCatalogThemes.Note-night.png"
2026-10-01T17:54:06.4583680Z @+
2026-10-01T17:54:06.4584150Z "file:///Users/runner/work/creator-platform/creator-platform/artifacts/ios/snapshots/NativeSnapshotTests/testComponentCatalogThemes.Note-night.png"
2026-10-01T17:54:06.4584620Z 
2026-10-01T17:54:06.4584810Z To configure output for a custom diff tool, use 'withSnapshotTesting'. For example:
2026-10-01T17:54:06.4585070Z 
2026-10-01T17:54:06.4585160Z     withSnapshotTesting(diffTool: .ksdiff) {
2026-10-01T17:54:06.4585360Z       // ...
2026-10-01T17:54:06.4585490Z     }
2026-10-01T17:54:06.4585560Z 
2026-10-01T17:54:06.4585770Z 42817 pixels exceed the native sRGB rounding bound. Newly-taken snapshot does not match reference.
2026-10-01T17:54:06.4586740Z /Users/runner/work/creator-platform/creator-platform/apps/ios/Tests/QelvoraUITests/NativeSnapshotTests.swift:60: error: -[QelvoraUITests.NativeSnapshotTests testComponentCatalogThemes] : failed - Snapshot "ReactionChip.night" does not match reference.
2026-10-01T17:54:06.4587490Z 
2026-10-01T17:54:06.4587560Z @−
2026-10-01T17:54:06.4588100Z "file:///Users/runner/work/creator-platform/creator-platform/apps/ios/Tests/QelvoraUITests/__Snapshots__/NativeSnapshotTests/testComponentCatalogThemes.ReactionChip-night.png"
2026-10-01T17:54:06.4588690Z @+
2026-10-01T17:54:06.4589170Z "file:///Users/runner/work/creator-platform/creator-platform/artifacts/ios/snapshots/NativeSnapshotTests/testComponentCatalogThemes.ReactionChip-night.png"
2026-10-01T17:54:06.4589660Z 
2026-10-01T17:54:06.4589840Z To configure output for a custom diff tool, use 'withSnapshotTesting'. For example:
2026-10-01T17:54:06.4590100Z 
2026-10-01T17:54:06.4590180Z     withSnapshotTesting(diffTool: .ksdiff) {
2026-10-01T17:54:06.4590390Z       // ...
2026-10-01T17:54:06.4590560Z     }
2026-10-01T17:54:06.4590650Z 
2026-10-01T17:54:06.4590920Z 9393 pixels exceed the native sRGB rounding bound. Newly-taken snapshot does not match reference.
2026-10-01T17:54:06.4591920Z /Users/runner/work/creator-platform/creator-platform/apps/ios/Tests/QelvoraUITests/NativeSnapshotTests.swift:60: error: -[QelvoraUITests.NativeSnapshotTests testComponentCatalogThemes] : failed - Snapshot "CitationChip.night" does not match reference.
2026-10-01T17:54:06.4592750Z 
2026-10-01T17:54:06.4592820Z @−
2026-10-01T17:54:06.4593440Z "file:///Users/runner/work/creator-platform/creator-platform/apps/ios/Tests/QelvoraUITests/__Snapshots__/NativeSnapshotTests/testComponentCatalogThemes.CitationChip-night.png"
2026-10-01T17:54:06.4594240Z @+
2026-10-01T17:54:06.4594740Z "file:///Users/runner/work/creator-platform/creator-platform/artifacts/ios/snapshots/NativeSnapshotTests/testComponentCatalogThemes.CitationChip-night.png"
2026-10-01T17:54:06.4595300Z 
2026-10-01T17:54:06.4595680Z To configure output for a custom diff tool, use 'withSnapshotTesting'. For example:
2026-10-01T17:54:06.4596080Z 
2026-10-01T17:54:06.4596250Z     withSnapshotTesting(diffTool: .ksdiff) {
2026-10-01T17:54:06.4596510Z       // ...
2026-10-01T17:54:06.4596660Z     }
2026-10-01T17:54:06.4596750Z 
2026-10-01T17:54:06.4597030Z 18481 pixels exceed the native sRGB rounding bound. Newly-taken snapshot does not match reference.
2026-10-01T17:54:06.4598150Z /Users/runner/work/creator-platform/creator-platform/apps/ios/Tests/QelvoraUITests/NativeSnapshotTests.swift:60: error: -[QelvoraUITests.NativeSnapshotTests testComponentCatalogThemes] : failed - Snapshot "MemoryChip.night" does not match reference.
2026-10-01T17:54:06.4599040Z 
2026-10-01T17:54:06.4599150Z @−
2026-10-01T17:54:06.4599810Z "file:///Users/runner/work/creator-platform/creator-platform/apps/ios/Tests/QelvoraUITests/__Snapshots__/NativeSnapshotTests/testComponentCatalogThemes.MemoryChip-night.png"
2026-10-01T17:54:06.4600570Z @+
2026-10-01T17:54:06.4601130Z "file:///Users/runner/work/creator-platform/creator-platform/artifacts/ios/snapshots/NativeSnapshotTests/testComponentCatalogThemes.MemoryChip-night.png"
2026-10-01T17:54:06.4601660Z 
2026-10-01T17:54:06.4601870Z To configure output for a custom diff tool, use 'withSnapshotTesting'. For example:
2026-10-01T17:54:06.4602170Z 
2026-10-01T17:54:06.4602280Z     withSnapshotTesting(diffTool: .ksdiff) {
2026-10-01T17:54:06.4602540Z       // ...
2026-10-01T17:54:06.4602690Z     }
2026-10-01T17:54:06.4602790Z 
2026-10-01T17:54:06.4603030Z 30500 pixels exceed the native sRGB rounding bound. Newly-taken snapshot does not match reference.
2026-10-01T17:54:06.4604100Z /Users/runner/work/creator-platform/creator-platform/apps/ios/Tests/QelvoraUITests/NativeSnapshotTests.swift:60: error: -[QelvoraUITests.NativeSnapshotTests testComponentCatalogThemes] : failed - Snapshot "Correction.night" does not match reference.
2026-10-01T17:54:06.4604930Z 
2026-10-01T17:54:06.4605000Z @−
2026-10-01T17:54:06.4605700Z "file:///Users/runner/work/creator-platform/creator-platform/apps/ios/Tests/QelvoraUITests/__Snapshots__/NativeSnapshotTests/testComponentCatalogThemes.Correction-night.png"
2026-10-01T17:54:06.4606330Z @+
2026-10-01T17:54:06.4606840Z "file:///Users/runner/work/creator-platform/creator-platform/artifacts/ios/snapshots/NativeSnapshotTests/testComponentCatalogThemes.Correction-night.png"
2026-10-01T17:54:06.4607360Z 
2026-10-01T17:54:06.4607560Z To configure output for a custom diff tool, use 'withSnapshotTesting'. For example:
2026-10-01T17:54:06.4607870Z 
2026-10-01T17:54:06.4607970Z     withSnapshotTesting(diffTool: .ksdiff) {
2026-10-01T17:54:06.4608210Z       // ...
2026-10-01T17:54:06.4608370Z     }
2026-10-01T17:54:06.4608480Z 
2026-10-01T17:54:06.4608730Z 30196 pixels exceed the native sRGB rounding bound. Newly-taken snapshot does not match reference.
2026-10-01T17:54:06.4609810Z /Users/runner/work/creator-platform/creator-platform/apps/ios/Tests/QelvoraUITests/NativeSnapshotTests.swift:60: error: -[QelvoraUITests.NativeSnapshotTests testComponentCatalogThemes] : failed - Snapshot "ContextCard.night" does not match reference.
2026-10-01T17:54:06.4610610Z 
2026-10-01T17:54:06.4610680Z @−
2026-10-01T17:54:06.4611220Z "file:///Users/runner/work/creator-platform/creator-platform/apps/ios/Tests/QelvoraUITests/__Snapshots__/NativeSnapshotTests/testComponentCatalogThemes.ContextCard-night.png"
2026-10-01T17:54:06.4611930Z @+
2026-10-01T17:54:06.4612420Z "file:///Users/runner/work/creator-platform/creator-platform/artifacts/ios/snapshots/NativeSnapshotTests/testComponentCatalogThemes.ContextCard-night.png"
2026-10-01T17:54:06.4613920Z 
2026-10-01T17:54:06.4614120Z To configure output for a custom diff tool, use 'withSnapshotTesting'. For example:
2026-10-01T17:54:06.4614410Z 
2026-10-01T17:54:06.4614520Z     withSnapshotTesting(diffTool: .ksdiff) {
2026-10-01T17:54:06.4614780Z       // ...
2026-10-01T17:54:06.4614940Z     }
2026-10-01T17:54:06.4615030Z 
2026-10-01T17:54:06.4615530Z 12621 pixels exceed the native sRGB rounding bound. Newly-taken snapshot does not match reference.
2026-10-01T17:54:06.4616570Z /Users/runner/work/creator-platform/creator-platform/apps/ios/Tests/QelvoraUITests/NativeSnapshotTests.swift:60: error: -[QelvoraUITests.NativeSnapshotTests testComponentCatalogThemes] : failed - Snapshot "VoiceNote.night" does not match reference.
2026-10-01T17:54:06.4617360Z 
2026-10-01T17:54:06.4617490Z @−
2026-10-01T17:54:06.4618040Z "file:///Users/runner/work/creator-platform/creator-platform/apps/ios/Tests/QelvoraUITests/__Snapshots__/NativeSnapshotTests/testComponentCatalogThemes.VoiceNote-night.png"
2026-10-01T17:54:06.4618680Z @+
2026-10-01T17:54:06.4619200Z "file:///Users/runner/work/creator-platform/creator-platform/artifacts/ios/snapshots/NativeSnapshotTests/testComponentCatalogThemes.VoiceNote-night.png"
2026-10-01T17:54:06.4619720Z 
2026-10-01T17:54:06.4619920Z To configure output for a custom diff tool, use 'withSnapshotTesting'. For example:
2026-10-01T17:54:06.4620300Z 
2026-10-01T17:54:06.4620420Z     withSnapshotTesting(diffTool: .ksdiff) {
2026-10-01T17:54:06.4620670Z       // ...
2026-10-01T17:54:06.4620820Z     }
2026-10-01T17:54:06.4620890Z 
2026-10-01T17:54:06.4621140Z 31382 pixels exceed the native sRGB rounding bound. Newly-taken snapshot does not match reference.
2026-10-01T17:54:06.4622160Z /Users/runner/work/creator-platform/creator-platform/apps/ios/Tests/QelvoraUITests/NativeSnapshotTests.swift:60: error: -[QelvoraUITests.NativeSnapshotTests testComponentCatalogThemes] : failed - Snapshot "Composer.night" does not match reference.
2026-10-01T17:54:06.4622980Z 
2026-10-01T17:54:06.4623060Z @−
2026-10-01T17:54:06.4623870Z "file:///Users/runner/work/creator-platform/creator-platform/apps/ios/Tests/QelvoraUITests/__Snapshots__/NativeSnapshotTests/testComponentCatalogThemes.Composer-night.png"
2026-10-01T17:54:06.4625710Z @+
2026-10-01T17:54:06.4626250Z "file:///Users/runner/work/creator-platform/creator-platform/artifacts/ios/snapshots/NativeSnapshotTests/testComponentCatalogThemes.Composer-night.png"
2026-10-01T17:54:06.4626800Z 
2026-10-01T17:54:06.4627020Z To configure output for a custom diff tool, use 'withSnapshotTesting'. For example:
2026-10-01T17:54:06.4627320Z 
2026-10-01T17:54:06.4627470Z     withSnapshotTesting(diffTool: .ksdiff) {
2026-10-01T17:54:06.4627700Z       // ...
2026-10-01T17:54:06.4627860Z     }
2026-10-01T17:54:06.4627940Z 
2026-10-01T17:54:06.4628190Z 61397 pixels exceed the native sRGB rounding bound. Newly-taken snapshot does not match reference.
2026-10-01T17:54:06.4629320Z /Users/runner/work/creator-platform/creator-platform/apps/ios/Tests/QelvoraUITests/NativeSnapshotTests.swift:60: error: -[QelvoraUITests.NativeSnapshotTests testComponentCatalogThemes] : failed - Snapshot "StepIn.night" does not match reference.
2026-10-01T17:54:06.4630130Z 
2026-10-01T17:54:06.4630270Z @−
2026-10-01T17:54:06.4630830Z "file:///Users/runner/work/creator-platform/creator-platform/apps/ios/Tests/QelvoraUITests/__Snapshots__/NativeSnapshotTests/testComponentCatalogThemes.StepIn-night.png"
2026-10-01T17:54:06.4631570Z @+
2026-10-01T17:54:06.4632150Z "file:///Users/runner/work/creator-platform/creator-platform/artifacts/ios/snapshots/NativeSnapshotTests/testComponentCatalogThemes.StepIn-night.png"
2026-10-01T17:54:06.4632770Z 
2026-10-01T17:54:06.4632960Z To configure output for a custom diff tool, use 'withSnapshotTesting'. For example:
2026-10-01T17:54:06.4633260Z 
2026-10-01T17:54:06.4633400Z     withSnapshotTesting(diffTool: .ksdiff) {
2026-10-01T17:54:06.4633640Z       // ...
2026-10-01T17:54:06.4633800Z     }
2026-10-01T17:54:06.4633900Z 
2026-10-01T17:54:06.4634550Z 14989 pixels exceed the native sRGB rounding bound. Newly-taken snapshot does not match reference.
2026-10-01T17:54:06.4635670Z /Users/runner/work/creator-platform/creator-platform/apps/ios/Tests/QelvoraUITests/NativeSnapshotTests.swift:60: error: -[QelvoraUITests.NativeSnapshotTests testComponentCatalogThemes] : failed - Snapshot "AccessLines.night" does not match reference.
2026-10-01T17:54:06.4636440Z 
2026-10-01T17:54:06.4636710Z @−
2026-10-01T17:54:06.4637270Z "file:///Users/runner/work/creator-platform/creator-platform/apps/ios/Tests/QelvoraUITests/__Snapshots__/NativeSnapshotTests/testComponentCatalogThemes.AccessLines-night.png"
2026-10-01T17:54:06.4637870Z @+
2026-10-01T17:54:06.4638350Z "file:///Users/runner/work/creator-platform/creator-platform/artifacts/ios/snapshots/NativeSnapshotTests/testComponentCatalogThemes.AccessLines-night.png"
2026-10-01T17:54:06.4638850Z 
2026-10-01T17:54:06.4639040Z To configure output for a custom diff tool, use 'withSnapshotTesting'. For example:
2026-10-01T17:54:06.4639310Z 
2026-10-01T17:54:06.4639400Z     withSnapshotTesting(diffTool: .ksdiff) {
2026-10-01T17:54:06.4639600Z       // ...
2026-10-01T17:54:06.4639730Z     }
2026-10-01T17:54:06.4639960Z 
2026-10-01T17:54:06.4640250Z 40257 pixels exceed the native sRGB rounding bound. Newly-taken snapshot does not match reference.
2026-10-01T17:54:06.4641340Z /Users/runner/work/creator-platform/creator-platform/apps/ios/Tests/QelvoraUITests/NativeSnapshotTests.swift:60: error: -[QelvoraUITests.NativeSnapshotTests testComponentCatalogThemes] : failed - Snapshot "ModeList.night" does not match reference.
2026-10-01T17:54:06.4642100Z 
2026-10-01T17:54:06.4642230Z @−
2026-10-01T17:54:06.4642770Z "file:///Users/runner/work/creator-platform/creator-platform/apps/ios/Tests/QelvoraUITests/__Snapshots__/NativeSnapshotTests/testComponentCatalogThemes.ModeList-night.png"
2026-10-01T17:54:06.4643470Z @+
2026-10-01T17:54:06.4644010Z "file:///Users/runner/work/creator-platform/creator-platform/artifacts/ios/snapshots/NativeSnapshotTests/testComponentCatalogThemes.ModeList-night.png"
2026-10-01T17:54:06.4644500Z 
2026-10-01T17:54:06.4644670Z To configure output for a custom diff tool, use 'withSnapshotTesting'. For example:
2026-10-01T17:54:06.4644990Z 
2026-10-01T17:54:06.4645100Z     withSnapshotTesting(diffTool: .ksdiff) {
2026-10-01T17:54:06.4645310Z       // ...
2026-10-01T17:54:06.4645440Z     }
2026-10-01T17:54:06.4645510Z 
2026-10-01T17:54:06.4645770Z 19066 pixels exceed the native sRGB rounding bound. Newly-taken snapshot does not match reference.
2026-10-01T17:54:11.5880540Z /Users/runner/work/creator-platform/creator-platform/apps/ios/Tests/QelvoraUITests/NativeSnapshotTests.swift:60: error: -[QelvoraUITests.NativeSnapshotTests testComponentCatalogThemes] : failed - Snapshot "IncludeList.night" does not match reference.
2026-10-01T17:54:11.5891400Z 
2026-10-01T17:54:11.5937610Z @−
2026-10-01T17:54:11.5944260Z "file:///Users/runner/work/creator-platform/creator-platform/apps/ios/Tests/QelvoraUITests/__Snapshots__/NativeSnapshotTests/testComponentCatalogThemes.IncludeList-night.png"
2026-10-01T17:54:11.5956030Z @+
2026-10-01T17:54:11.5984410Z "file:///Users/runner/work/creator-platform/creator-platform/artifacts/ios/snapshots/NativeSnapshotTests/testComponentCatalogThemes.IncludeList-night.png"
2026-10-01T17:54:11.6065500Z 
2026-10-01T17:54:11.6075080Z To configure output for a custom diff tool, use 'withSnapshotTesting'. For example:
2026-10-01T17:54:11.6104850Z 
2026-10-01T17:54:11.6107390Z     withSnapshotTesting(diffTool: .ksdiff) {
2026-10-01T17:54:11.6122980Z       // ...
2026-10-01T17:54:11.6125100Z     }
2026-10-01T17:54:11.6128610Z 
2026-10-01T17:54:11.6176030Z 33391 pixels exceed the native sRGB rounding bound. Newly-taken snapshot does not match reference.
2026-10-01T17:54:11.6186070Z /Users/runner/work/creator-platform/creator-platform/apps/ios/Tests/QelvoraUITests/NativeSnapshotTests.swift:60: error: -[QelvoraUITests.NativeSnapshotTests testComponentCatalogThemes] : failed - Snapshot "TermsBlock.night" does not match reference.
2026-10-01T17:54:11.6212880Z 
2026-10-01T17:54:11.6230450Z @−
2026-10-01T17:54:11.6238480Z "file:///Users/runner/work/creator-platform/creator-platform/apps/ios/Tests/QelvoraUITests/__Snapshots__/NativeSnapshotTests/testComponentCatalogThemes.TermsBlock-night.png"
2026-10-01T17:54:11.6275090Z @+
2026-10-01T17:54:11.6288980Z "file:///Users/runner/work/creator-platform/creator-platform/artifacts/ios/snapshots/NativeSnapshotTests/testComponentCatalogThemes.TermsBlock-night.png"
2026-10-01T17:54:11.6290480Z 
2026-10-01T17:54:11.6391540Z To configure output for a custom diff tool, use 'withSnapshotTesting'. For example:
2026-10-01T17:54:11.6501590Z 
2026-10-01T17:54:11.6505010Z     withSnapshotTesting(diffTool: .ksdiff) {
2026-10-01T17:54:11.6534720Z       // ...
2026-10-01T17:54:11.6539630Z     }
2026-10-01T17:54:11.6567710Z 
2026-10-01T17:54:11.6572290Z 41315 pixels exceed the native sRGB rounding bound. Newly-taken snapshot does not match reference.
2026-10-01T17:54:11.6608370Z /Users/runner/work/creator-platform/creator-platform/apps/ios/Tests/QelvoraUITests/NativeSnapshotTests.swift:60: error: -[QelvoraUITests.NativeSnapshotTests testComponentCatalogThemes] : failed - Snapshot "EtaLine.night" does not match reference.
2026-10-01T17:54:11.6614190Z 
2026-10-01T17:54:11.6644950Z @−
2026-10-01T17:54:11.6650230Z "file:///Users/runner/work/creator-platform/creator-platform/apps/ios/Tests/QelvoraUITests/__Snapshots__/NativeSnapshotTests/testComponentCatalogThemes.EtaLine-night.png"
2026-10-01T17:54:11.6666120Z @+
2026-10-01T17:54:11.6675590Z "file:///Users/runner/work/creator-platform/creator-platform/artifacts/ios/snapshots/NativeSnapshotTests/testComponentCatalogThemes.EtaLine-night.png"
2026-10-01T17:54:11.6676550Z 
2026-10-01T17:54:11.6677170Z To configure output for a custom diff tool, use 'withSnapshotTesting'. For example:
2026-10-01T17:54:11.6678010Z 
2026-10-01T17:54:11.6678320Z     withSnapshotTesting(diffTool: .ksdiff) {
2026-10-01T17:54:11.6678790Z       // ...
2026-10-01T17:54:11.6679460Z     }
2026-10-01T17:54:11.6679790Z 
2026-10-01T17:54:11.6680640Z 11834 pixels exceed the native sRGB rounding bound. Newly-taken snapshot does not match reference.
2026-10-01T17:54:11.6686690Z /Users/runner/work/creator-platform/creator-platform/apps/ios/Tests/QelvoraUITests/NativeSnapshotTests.swift:60: error: -[QelvoraUITests.NativeSnapshotTests testComponentCatalogThemes] : failed - Snapshot "RequestStatus.night" does not match reference.
2026-10-01T17:54:11.6692500Z 
2026-10-01T17:54:11.6718080Z @−
2026-10-01T17:54:11.6722750Z "file:///Users/runner/work/creator-platform/creator-platform/apps/ios/Tests/QelvoraUITests/__Snapshots__/NativeSnapshotTests/testComponentCatalogThemes.RequestStatus-night.png"
2026-10-01T17:54:11.6802950Z @+
2026-10-01T17:54:11.6808040Z "file:///Users/runner/work/creator-platform/creator-platform/artifacts/ios/snapshots/NativeSnapshotTests/testComponentCatalogThemes.RequestStatus-night.png"
2026-10-01T17:54:11.6821970Z 
2026-10-01T17:54:11.6834580Z To configure output for a custom diff tool, use 'withSnapshotTesting'. For example:
2026-10-01T17:54:11.6838710Z 
2026-10-01T17:54:11.6867370Z     withSnapshotTesting(diffTool: .ksdiff) {
2026-10-01T17:54:11.6871480Z       // ...
2026-10-01T17:54:11.6897270Z     }
2026-10-01T17:54:11.6901250Z 
2026-10-01T17:54:11.6934520Z 28530 pixels exceed the native sRGB rounding bound. Newly-taken snapshot does not match reference.
2026-10-01T17:54:11.6941260Z /Users/runner/work/creator-platform/creator-platform/apps/ios/Tests/QelvoraUITests/NativeSnapshotTests.swift:60: error: -[QelvoraUITests.NativeSnapshotTests testComponentCatalogThemes] : failed - Snapshot "Receipt.night" does not match reference.
2026-10-01T17:54:11.6954070Z 
2026-10-01T17:54:11.6969890Z @−
2026-10-01T17:54:11.6975410Z "file:///Users/runner/work/creator-platform/creator-platform/apps/ios/Tests/QelvoraUITests/__Snapshots__/NativeSnapshotTests/testComponentCatalogThemes.Receipt-night.png"
2026-10-01T17:54:11.7002410Z @+
2026-10-01T17:54:11.7007850Z "file:///Users/runner/work/creator-platform/creator-platform/artifacts/ios/snapshots/NativeSnapshotTests/testComponentCatalogThemes.Receipt-night.png"
2026-10-01T17:54:11.7039430Z 
2026-10-01T17:54:11.7045760Z To configure output for a custom diff tool, use 'withSnapshotTesting'. For example:
2026-10-01T17:54:11.7139350Z 
2026-10-01T17:54:11.7145050Z     withSnapshotTesting(diffTool: .ksdiff) {
2026-10-01T17:54:11.7174920Z       // ...
2026-10-01T17:54:11.7180150Z     }
2026-10-01T17:54:11.7210370Z 
2026-10-01T17:54:11.7224070Z 28988 pixels exceed the native sRGB rounding bound. Newly-taken snapshot does not match reference.
2026-10-01T17:54:11.7252720Z /Users/runner/work/creator-platform/creator-platform/apps/ios/Tests/QelvoraUITests/NativeSnapshotTests.swift:60: error: -[QelvoraUITests.NativeSnapshotTests testComponentCatalogThemes] : failed - Snapshot "SpendLimit.night" does not match reference.
2026-10-01T17:54:11.7257560Z 
2026-10-01T17:54:11.7287480Z @−
2026-10-01T17:54:11.7294340Z "file:///Users/runner/work/creator-platform/creator-platform/apps/ios/Tests/QelvoraUITests/__Snapshots__/NativeSnapshotTests/testComponentCatalogThemes.SpendLimit-night.png"
2026-10-01T17:54:11.7325320Z @+
2026-10-01T17:54:11.7330510Z "file:///Users/runner/work/creator-platform/creator-platform/artifacts/ios/snapshots/NativeSnapshotTests/testComponentCatalogThemes.SpendLimit-night.png"
2026-10-01T17:54:11.7338850Z 
2026-10-01T17:54:11.7360910Z To configure output for a custom diff tool, use 'withSnapshotTesting'. For example:
2026-10-01T17:54:11.7365680Z 
2026-10-01T17:54:11.7391120Z     withSnapshotTesting(diffTool: .ksdiff) {
2026-10-01T17:54:11.7395250Z       // ...
2026-10-01T17:54:11.7408390Z     }
2026-10-01T17:54:11.7408710Z 
2026-10-01T17:54:11.7409040Z 32877 pixels exceed the native sRGB rounding bound. Newly-taken snapshot does not match reference.
2026-10-01T17:54:11.7410420Z /Users/runner/work/creator-platform/creator-platform/apps/ios/Tests/QelvoraUITests/NativeSnapshotTests.swift:60: error: -[QelvoraUITests.NativeSnapshotTests testComponentCatalogThemes] : failed - Snapshot "QueueCard.night" does not match reference.
2026-10-01T17:54:11.7411520Z 
2026-10-01T17:54:11.7411910Z @−
2026-10-01T17:54:11.7412650Z "file:///Users/runner/work/creator-platform/creator-platform/apps/ios/Tests/QelvoraUITests/__Snapshots__/NativeSnapshotTests/testComponentCatalogThemes.QueueCard-night.png"
2026-10-01T17:54:11.7413510Z @+
2026-10-01T17:54:11.7414220Z "file:///Users/runner/work/creator-platform/creator-platform/artifacts/ios/snapshots/NativeSnapshotTests/testComponentCatalogThemes.QueueCard-night.png"
2026-10-01T17:54:11.7414950Z 
2026-10-01T17:54:11.7415310Z To configure output for a custom diff tool, use 'withSnapshotTesting'. For example:
2026-10-01T17:54:11.7429390Z 
2026-10-01T17:54:11.7434720Z     withSnapshotTesting(diffTool: .ksdiff) {
2026-10-01T17:54:11.7472340Z       // ...
2026-10-01T17:54:11.7528220Z     }
2026-10-01T17:54:11.7628850Z 
2026-10-01T17:54:11.7737180Z 41291 pixels exceed the native sRGB rounding bound. Newly-taken snapshot does not match reference.
2026-10-01T17:54:11.7848050Z /Users/runner/work/creator-platform/creator-platform/apps/ios/Tests/QelvoraUITests/NativeSnapshotTests.swift:60: error: -[QelvoraUITests.NativeSnapshotTests testComponentCatalogThemes] : failed - Snapshot "CapacityHeader.night" does not match reference.
2026-10-01T17:54:11.7970510Z 
2026-10-01T17:54:11.8081470Z @−
2026-10-01T17:54:11.8240930Z "file:///Users/runner/work/creator-platform/creator-platform/apps/ios/Tests/QelvoraUITests/__Snapshots__/NativeSnapshotTests/testComponentCatalogThemes.CapacityHeader-night.png"
2026-10-01T17:54:11.8545110Z @+
2026-10-01T17:54:11.8709630Z "file:///Users/runner/work/creator-platform/creator-platform/artifacts/ios/snapshots/NativeSnapshotTests/testComponentCatalogThemes.CapacityHeader-night.png"
2026-10-01T17:54:11.8833220Z 
2026-10-01T17:54:11.8974490Z To configure output for a custom diff tool, use 'withSnapshotTesting'. For example:
2026-10-01T17:54:11.9079670Z 
2026-10-01T17:54:11.9201440Z     withSnapshotTesting(diffTool: .ksdiff) {
2026-10-01T17:54:11.9323750Z       // ...
2026-10-01T17:54:11.9477760Z     }
2026-10-01T17:54:11.9578450Z 
2026-10-01T17:54:11.9679590Z 20979 pixels exceed the native sRGB rounding bound. Newly-taken snapshot does not match reference.
2026-10-01T17:54:11.9797660Z /Users/runner/work/creator-platform/creator-platform/apps/ios/Tests/QelvoraUITests/NativeSnapshotTests.swift:60: error: -[QelvoraUITests.NativeSnapshotTests testComponentCatalogThemes] : failed - Snapshot "LabelPreview.night" does not match reference.
2026-10-01T17:54:11.9904380Z 
2026-10-01T17:54:12.0087180Z @−
2026-10-01T17:54:12.0199120Z "file:///Users/runner/work/creator-platform/creator-platform/apps/ios/Tests/QelvoraUITests/__Snapshots__/NativeSnapshotTests/testComponentCatalogThemes.LabelPreview-night.png"
2026-10-01T17:54:12.0336020Z @+
2026-10-01T17:54:12.0445650Z "file:///Users/runner/work/creator-platform/creator-platform/artifacts/ios/snapshots/NativeSnapshotTests/testComponentCatalogThemes.LabelPreview-night.png"
2026-10-01T17:54:12.0566740Z 
2026-10-01T17:54:12.0735450Z To configure output for a custom diff tool, use 'withSnapshotTesting'. For example:
2026-10-01T17:54:12.0836620Z 
2026-10-01T17:54:12.0939190Z     withSnapshotTesting(diffTool: .ksdiff) {
2026-10-01T17:54:12.1040500Z       // ...
2026-10-01T17:54:12.1151080Z     }
2026-10-01T17:54:12.1291140Z 
2026-10-01T17:54:12.1450480Z 22153 pixels exceed the native sRGB rounding bound. Newly-taken snapshot does not match reference.
2026-10-01T17:54:12.1574160Z /Users/runner/work/creator-platform/creator-platform/apps/ios/Tests/QelvoraUITests/NativeSnapshotTests.swift:60: error: -[QelvoraUITests.NativeSnapshotTests testComponentCatalogThemes] : failed - Snapshot "SigningSheet.night" does not match reference.
2026-10-01T17:54:12.1695070Z 
2026-10-01T17:54:12.1820090Z @−
2026-10-01T17:54:12.1921570Z "file:///Users/runner/work/creator-platform/creator-platform/apps/ios/Tests/QelvoraUITests/__Snapshots__/NativeSnapshotTests/testComponentCatalogThemes.SigningSheet-night.png"
2026-10-01T17:54:12.2023090Z @+
2026-10-01T17:54:12.2126560Z "file:///Users/runner/work/creator-platform/creator-platform/artifacts/ios/snapshots/NativeSnapshotTests/testComponentCatalogThemes.SigningSheet-night.png"
2026-10-01T17:54:12.2228090Z 
2026-10-01T17:54:12.2233830Z To configure output for a custom diff tool, use 'withSnapshotTesting'. For example:
2026-10-01T17:54:12.2234330Z 
2026-10-01T17:54:12.2234580Z     withSnapshotTesting(diffTool: .ksdiff) {
2026-10-01T17:54:12.2234960Z       // ...
2026-10-01T17:54:12.2235800Z     }
2026-10-01T17:54:12.2236040Z 
2026-10-01T17:54:12.2236580Z 36828 pixels exceed the native sRGB rounding bound. Newly-taken snapshot does not match reference.
2026-10-01T17:54:12.2238250Z /Users/runner/work/creator-platform/creator-platform/apps/ios/Tests/QelvoraUITests/NativeSnapshotTests.swift:60: error: -[QelvoraUITests.NativeSnapshotTests testComponentCatalogThemes] : failed - Snapshot "AuditBanner.night" does not match reference.
2026-10-01T17:54:12.2239390Z 
2026-10-01T17:54:12.2239760Z @−
2026-10-01T17:54:12.2240450Z "file:///Users/runner/work/creator-platform/creator-platform/apps/ios/Tests/QelvoraUITests/__Snapshots__/NativeSnapshotTests/testComponentCatalogThemes.AuditBanner-night.png"
2026-10-01T17:54:12.2241200Z @+
2026-10-01T17:54:12.2241980Z "file:///Users/runner/work/creator-platform/creator-platform/artifacts/ios/snapshots/NativeSnapshotTests/testComponentCatalogThemes.AuditBanner-night.png"
2026-10-01T17:54:12.2242700Z 
2026-10-01T17:54:12.2243140Z To configure output for a custom diff tool, use 'withSnapshotTesting'. For example:
2026-10-01T17:54:12.2269860Z 
2026-10-01T17:54:12.2270210Z     withSnapshotTesting(diffTool: .ksdiff) {
2026-10-01T17:54:12.2270580Z       // ...
2026-10-01T17:54:12.2271020Z     }
2026-10-01T17:54:12.2271460Z 
2026-10-01T17:54:12.2271880Z 14285 pixels exceed the native sRGB rounding bound. Newly-taken snapshot does not match reference.
2026-10-01T17:54:12.2273890Z /Users/runner/work/creator-platform/creator-platform/apps/ios/Tests/QelvoraUITests/NativeSnapshotTests.swift:60: error: -[QelvoraUITests.NativeSnapshotTests testComponentCatalogThemes] : failed - Snapshot "SourceRow.night" does not match reference.
2026-10-01T17:54:12.2275400Z 
2026-10-01T17:54:12.2275790Z @−
2026-10-01T17:54:12.2276520Z "file:///Users/runner/work/creator-platform/creator-platform/apps/ios/Tests/QelvoraUITests/__Snapshots__/NativeSnapshotTests/testComponentCatalogThemes.SourceRow-night.png"
2026-10-01T17:54:12.2277290Z @+
2026-10-01T17:54:12.2278470Z "file:///Users/runner/work/creator-platform/creator-platform/artifacts/ios/snapshots/NativeSnapshotTests/testComponentCatalogThemes.SourceRow-night.png"
2026-10-01T17:54:12.2279870Z 
2026-10-01T17:54:12.2280390Z To configure output for a custom diff tool, use 'withSnapshotTesting'. For example:
2026-10-01T17:54:12.2280770Z 
2026-10-01T17:54:12.2280970Z     withSnapshotTesting(diffTool: .ksdiff) {
2026-10-01T17:54:12.2281300Z       // ...
2026-10-01T17:54:12.2281550Z     }
2026-10-01T17:54:12.2281740Z 
2026-10-01T17:54:12.2282070Z 23640 pixels exceed the native sRGB rounding bound. Newly-taken snapshot does not match reference.
2026-10-01T17:54:12.2283610Z /Users/runner/work/creator-platform/creator-platform/apps/ios/Tests/QelvoraUITests/NativeSnapshotTests.swift:60: error: -[QelvoraUITests.NativeSnapshotTests testComponentCatalogThemes] : failed - Snapshot "Button.night" does not match reference.
2026-10-01T17:54:12.2284470Z 
2026-10-01T17:54:12.2284680Z @−
2026-10-01T17:54:12.2285340Z "file:///Users/runner/work/creator-platform/creator-platform/apps/ios/Tests/QelvoraUITests/__Snapshots__/NativeSnapshotTests/testComponentCatalogThemes.Button-night.png"
2026-10-01T17:54:12.2286050Z @+
2026-10-01T17:54:12.2286750Z "file:///Users/runner/work/creator-platform/creator-platform/artifacts/ios/snapshots/NativeSnapshotTests/testComponentCatalogThemes.Button-night.png"
2026-10-01T17:54:12.2288580Z 
2026-10-01T17:54:12.2288930Z To configure output for a custom diff tool, use 'withSnapshotTesting'. For example:
2026-10-01T17:54:12.2289300Z 
2026-10-01T17:54:12.2289500Z     withSnapshotTesting(diffTool: .ksdiff) {
2026-10-01T17:54:12.2289820Z       // ...
2026-10-01T17:54:12.2290090Z     }
2026-10-01T17:54:12.2290300Z 
2026-10-01T17:54:12.2290640Z 27559 pixels exceed the native sRGB rounding bound. Newly-taken snapshot does not match reference.
2026-10-01T17:54:12.2291720Z /Users/runner/work/creator-platform/creator-platform/apps/ios/Tests/QelvoraUITests/NativeSnapshotTests.swift:60: error: -[QelvoraUITests.NativeSnapshotTests testComponentCatalogThemes] : failed - Snapshot "TabBar.night" does not match reference.
2026-10-01T17:54:12.2292580Z 
2026-10-01T17:54:12.2292770Z @−
2026-10-01T17:54:12.2293500Z "file:///Users/runner/work/creator-platform/creator-platform/apps/ios/Tests/QelvoraUITests/__Snapshots__/NativeSnapshotTests/testComponentCatalogThemes.TabBar-night.png"
2026-10-01T17:54:12.2294290Z @+
2026-10-01T17:54:12.2294890Z "file:///Users/runner/work/creator-platform/creator-platform/artifacts/ios/snapshots/NativeSnapshotTests/testComponentCatalogThemes.TabBar-night.png"
2026-10-01T17:54:12.2297570Z 
2026-10-01T17:54:12.2298080Z To configure output for a custom diff tool, use 'withSnapshotTesting'. For example:
2026-10-01T17:54:12.2298470Z 
2026-10-01T17:54:12.2298680Z     withSnapshotTesting(diffTool: .ksdiff) {
2026-10-01T17:54:12.2299010Z       // ...
2026-10-01T17:54:12.2299290Z     }
2026-10-01T17:54:12.2299470Z 
2026-10-01T17:54:12.2300260Z 6346 pixels exceed the native sRGB rounding bound. Newly-taken snapshot does not match reference.
2026-10-01T17:54:12.2301340Z /Users/runner/work/creator-platform/creator-platform/apps/ios/Tests/QelvoraUITests/NativeSnapshotTests.swift:60: error: -[QelvoraUITests.NativeSnapshotTests testComponentCatalogThemes] : failed - Snapshot "Segmented.night" does not match reference.
2026-10-01T17:54:12.2302210Z 
2026-10-01T17:54:12.2302420Z @−
2026-10-01T17:54:12.2303080Z "file:///Users/runner/work/creator-platform/creator-platform/apps/ios/Tests/QelvoraUITests/__Snapshots__/NativeSnapshotTests/testComponentCatalogThemes.Segmented-night.png"
2026-10-01T17:54:12.2304010Z @+
2026-10-01T17:54:12.2304710Z "file:///Users/runner/work/creator-platform/creator-platform/artifacts/ios/snapshots/NativeSnapshotTests/testComponentCatalogThemes.Segmented-night.png"
2026-10-01T17:54:12.2305300Z 
2026-10-01T17:54:12.2305940Z To configure output for a custom diff tool, use 'withSnapshotTesting'. For example:
2026-10-01T17:54:12.2306650Z 
2026-10-01T17:54:12.2307330Z     withSnapshotTesting(diffTool: .ksdiff) {
2026-10-01T17:54:12.2307670Z       // ...
2026-10-01T17:54:12.2307940Z     }
2026-10-01T17:54:12.2308210Z 
2026-10-01T17:54:12.2308540Z 8235 pixels exceed the native sRGB rounding bound. Newly-taken snapshot does not match reference.
2026-10-01T17:54:12.2309630Z /Users/runner/work/creator-platform/creator-platform/apps/ios/Tests/QelvoraUITests/NativeSnapshotTests.swift:60: error: -[QelvoraUITests.NativeSnapshotTests testComponentCatalogThemes] : failed - Snapshot "Notice.night" does not match reference.
2026-10-01T17:54:12.2310560Z 
2026-10-01T17:54:12.2310760Z @−
2026-10-01T17:54:12.2311390Z "file:///Users/runner/work/creator-platform/creator-platform/apps/ios/Tests/QelvoraUITests/__Snapshots__/NativeSnapshotTests/testComponentCatalogThemes.Notice-night.png"
2026-10-01T17:54:12.2312140Z @+
2026-10-01T17:54:12.2312840Z "file:///Users/runner/work/creator-platform/creator-platform/artifacts/ios/snapshots/NativeSnapshotTests/testComponentCatalogThemes.Notice-night.png"
2026-10-01T17:54:12.2313450Z 
2026-10-01T17:54:12.2313760Z To configure output for a custom diff tool, use 'withSnapshotTesting'. For example:
2026-10-01T17:54:12.2314190Z 
2026-10-01T17:54:12.2314450Z     withSnapshotTesting(diffTool: .ksdiff) {
2026-10-01T17:54:12.2314810Z       // ...
2026-10-01T17:54:12.2315120Z     }
2026-10-01T17:54:12.2316020Z 
2026-10-01T17:54:12.2316570Z 26916 pixels exceed the native sRGB rounding bound. Newly-taken snapshot does not match reference.
2026-10-01T17:54:12.2317770Z /Users/runner/work/creator-platform/creator-platform/apps/ios/Tests/QelvoraUITests/NativeSnapshotTests.swift:60: error: -[QelvoraUITests.NativeSnapshotTests testComponentCatalogThemes] : failed - Snapshot "NotificationRow.night" does not match reference.
2026-10-01T17:54:12.2318740Z 
2026-10-01T17:54:12.2318990Z @−
2026-10-01T17:54:12.2319780Z "file:///Users/runner/work/creator-platform/creator-platform/apps/ios/Tests/QelvoraUITests/__Snapshots__/NativeSnapshotTests/testComponentCatalogThemes.NotificationRow-night.png"
2026-10-01T17:54:12.2320530Z @+
2026-10-01T17:54:12.2321200Z "file:///Users/runner/work/creator-platform/creator-platform/artifacts/ios/snapshots/NativeSnapshotTests/testComponentCatalogThemes.NotificationRow-night.png"
2026-10-01T17:54:12.2321910Z 
2026-10-01T17:54:12.2322250Z To configure output for a custom diff tool, use 'withSnapshotTesting'. For example:
2026-10-01T17:54:12.2322670Z 
2026-10-01T17:54:12.2322850Z     withSnapshotTesting(diffTool: .ksdiff) {
2026-10-01T17:54:12.2323450Z       // ...
2026-10-01T17:54:12.2349720Z     }
2026-10-01T17:54:12.2350020Z 
2026-10-01T17:54:12.2350450Z 68581 pixels exceed the native sRGB rounding bound. Newly-taken snapshot does not match reference.
2026-10-01T17:54:12.2355190Z /Users/runner/work/creator-platform/creator-platform/apps/ios/Tests/QelvoraUITests/NativeSnapshotTests.swift:60: error: -[QelvoraUITests.NativeSnapshotTests testComponentCatalogThemes] : failed - Snapshot "EmptyState.night" does not match reference.
2026-10-01T17:54:12.2358060Z 
2026-10-01T17:54:12.2359040Z @−
2026-10-01T17:54:12.2361950Z "file:///Users/runner/work/creator-platform/creator-platform/apps/ios/Tests/QelvoraUITests/__Snapshots__/NativeSnapshotTests/testComponentCatalogThemes.EmptyState-night.png"
2026-10-01T17:54:12.2368000Z @+
2026-10-01T17:54:12.2370790Z "file:///Users/runner/work/creator-platform/creator-platform/artifacts/ios/snapshots/NativeSnapshotTests/testComponentCatalogThemes.EmptyState-night.png"
2026-10-01T17:54:12.2371440Z 
2026-10-01T17:54:12.2371720Z To configure output for a custom diff tool, use 'withSnapshotTesting'. For example:
2026-10-01T17:54:12.2372470Z 
2026-10-01T17:54:12.2372640Z     withSnapshotTesting(diffTool: .ksdiff) {
2026-10-01T17:54:12.2373390Z       // ...
2026-10-01T17:54:12.2374200Z     }
2026-10-01T17:54:12.2374380Z 
2026-10-01T17:54:12.2374720Z 23389 pixels exceed the native sRGB rounding bound. Newly-taken snapshot does not match reference.
2026-10-01T17:54:12.2376750Z /Users/runner/work/creator-platform/creator-platform/apps/ios/Tests/QelvoraUITests/NativeSnapshotTests.swift:60: error: -[QelvoraUITests.NativeSnapshotTests testComponentCatalogThemes] : failed - Snapshot "ShareCard.night" does not match reference.
2026-10-01T17:54:12.2378180Z 
2026-10-01T17:54:12.2378460Z @−
2026-10-01T17:54:12.2379180Z "file:///Users/runner/work/creator-platform/creator-platform/apps/ios/Tests/QelvoraUITests/__Snapshots__/NativeSnapshotTests/testComponentCatalogThemes.ShareCard-night.png"
2026-10-01T17:54:12.2380100Z @+
2026-10-01T17:54:12.2380740Z "file:///Users/runner/work/creator-platform/creator-platform/artifacts/ios/snapshots/NativeSnapshotTests/testComponentCatalogThemes.ShareCard-night.png"
2026-10-01T17:54:12.2381530Z 
2026-10-01T17:54:12.2383410Z To configure output for a custom diff tool, use 'withSnapshotTesting'. For example:
2026-10-01T17:54:12.2384930Z 
2026-10-01T17:54:12.2385170Z     withSnapshotTesting(diffTool: .ksdiff) {
2026-10-01T17:54:12.2386160Z       // ...
2026-10-01T17:54:12.2386440Z     }
2026-10-01T17:54:12.2386610Z 
2026-10-01T17:54:12.2423410Z 37129 pixels exceed the native sRGB rounding bound. Newly-taken snapshot does not match reference.
2026-10-01T17:54:12.2435460Z /Users/runner/work/creator-platform/creator-platform/apps/ios/Tests/QelvoraUITests/NativeSnapshotTests.swift:60: error: -[QelvoraUITests.NativeSnapshotTests testComponentCatalogThemes] : failed - Snapshot "CallChip.night" does not match reference.
2026-10-01T17:54:12.2437410Z 
2026-10-01T17:54:12.2437820Z @−
2026-10-01T17:54:12.2438550Z "file:///Users/runner/work/creator-platform/creator-platform/apps/ios/Tests/QelvoraUITests/__Snapshots__/NativeSnapshotTests/testComponentCatalogThemes.CallChip-night.png"
2026-10-01T17:54:12.2439320Z @+
2026-10-01T17:54:12.2439950Z "file:///Users/runner/work/creator-platform/creator-platform/artifacts/ios/snapshots/NativeSnapshotTests/testComponentCatalogThemes.CallChip-night.png"
2026-10-01T17:54:12.2440520Z 
2026-10-01T17:54:16.1068670Z To configure output for a custom diff tool, use 'withSnapshotTesting'. For example:
2026-10-01T17:54:16.1232390Z 
2026-10-01T17:54:16.1296300Z     withSnapshotTesting(diffTool: .ksdiff) {
2026-10-01T17:54:16.1299840Z       // ...
2026-10-01T17:54:16.1300300Z     }
2026-10-01T17:54:16.1300600Z 
2026-10-01T17:54:16.1301010Z 22100 pixels exceed the native sRGB rounding bound. Newly-taken snapshot does not match reference.
2026-10-01T17:54:16.1303230Z /Users/runner/work/creator-platform/creator-platform/apps/ios/Tests/QelvoraUITests/NativeSnapshotTests.swift:60: error: -[QelvoraUITests.NativeSnapshotTests testComponentCatalogThemes] : failed - Snapshot "ReservedLabel.night" does not match reference.
2026-10-01T17:54:16.1304640Z 
2026-10-01T17:54:16.1305330Z @−
2026-10-01T17:54:16.1307410Z "file:///Users/runner/work/creator-platform/creator-platform/apps/ios/Tests/QelvoraUITests/__Snapshots__/NativeSnapshotTests/testComponentCatalogThemes.ReservedLabel-night.png"
2026-10-01T17:54:16.1311580Z @+
2026-10-01T17:54:16.1312430Z "file:///Users/runner/work/creator-platform/creator-platform/artifacts/ios/snapshots/NativeSnapshotTests/testComponentCatalogThemes.ReservedLabel-night.png"
2026-10-01T17:54:16.1314560Z 
2026-10-01T17:54:16.1314940Z To configure output for a custom diff tool, use 'withSnapshotTesting'. For example:
2026-10-01T17:54:16.1315420Z 
2026-10-01T17:54:16.1315660Z     withSnapshotTesting(diffTool: .ksdiff) {
2026-10-01T17:54:16.1316350Z       // ...
2026-10-01T17:54:16.1320660Z     }
2026-10-01T17:54:16.1321000Z 
2026-10-01T17:54:16.1321420Z 28238 pixels exceed the native sRGB rounding bound. Newly-taken snapshot does not match reference.
2026-10-01T17:54:16.1322560Z /Users/runner/work/creator-platform/creator-platform/apps/ios/Tests/QelvoraUITests/NativeSnapshotTests.swift:60: error: -[QelvoraUITests.NativeSnapshotTests testComponentCatalogThemes] : failed - Snapshot "Countdown.night" does not match reference.
2026-10-01T17:54:16.1324470Z 
2026-10-01T17:54:16.1324780Z @−
2026-10-01T17:54:16.1326040Z "file:///Users/runner/work/creator-platform/creator-platform/apps/ios/Tests/QelvoraUITests/__Snapshots__/NativeSnapshotTests/testComponentCatalogThemes.Countdown-night.png"
2026-10-01T17:54:16.1326900Z @+
2026-10-01T17:54:16.1327640Z "file:///Users/runner/work/creator-platform/creator-platform/artifacts/ios/snapshots/NativeSnapshotTests/testComponentCatalogThemes.Countdown-night.png"
2026-10-01T17:54:16.1328460Z 
2026-10-01T17:54:16.1328760Z To configure output for a custom diff tool, use 'withSnapshotTesting'. For example:
2026-10-01T17:54:16.1329260Z 
2026-10-01T17:54:16.1329480Z     withSnapshotTesting(diffTool: .ksdiff) {
2026-10-01T17:54:16.1329940Z       // ...
2026-10-01T17:54:16.1330320Z     }
2026-10-01T17:54:16.1330570Z 
2026-10-01T17:54:16.1330890Z 9308 pixels exceed the native sRGB rounding bound. Newly-taken snapshot does not match reference.
2026-10-01T17:54:16.1332390Z /Users/runner/work/creator-platform/creator-platform/apps/ios/Tests/QelvoraUITests/NativeSnapshotTests.swift:60: error: -[QelvoraUITests.NativeSnapshotTests testComponentCatalogThemes] : failed - Snapshot "InsteadMenu.night" does not match reference.
2026-10-01T17:54:16.1334140Z 
2026-10-01T17:54:16.1334460Z @−
2026-10-01T17:54:16.1335170Z "file:///Users/runner/work/creator-platform/creator-platform/apps/ios/Tests/QelvoraUITests/__Snapshots__/NativeSnapshotTests/testComponentCatalogThemes.InsteadMenu-night.png"
2026-10-01T17:54:16.1335900Z @+
2026-10-01T17:54:16.1336590Z "file:///Users/runner/work/creator-platform/creator-platform/artifacts/ios/snapshots/NativeSnapshotTests/testComponentCatalogThemes.InsteadMenu-night.png"
2026-10-01T17:54:16.1337160Z 
2026-10-01T17:54:16.1337400Z To configure output for a custom diff tool, use 'withSnapshotTesting'. For example:
2026-10-01T17:54:16.1337690Z 
2026-10-01T17:54:16.1337780Z     withSnapshotTesting(diffTool: .ksdiff) {
2026-10-01T17:54:16.1338070Z       // ...
2026-10-01T17:54:16.1338210Z     }
2026-10-01T17:54:16.1338300Z 
2026-10-01T17:54:16.1338570Z 61244 pixels exceed the native sRGB rounding bound. Newly-taken snapshot does not match reference.
2026-10-01T17:54:16.1339590Z /Users/runner/work/creator-platform/creator-platform/apps/ios/Tests/QelvoraUITests/NativeSnapshotTests.swift:60: error: -[QelvoraUITests.NativeSnapshotTests testComponentCatalogThemes] : failed - Snapshot "TestConsole.night" does not match reference.
2026-10-01T17:54:16.1340440Z 
2026-10-01T17:54:16.1340530Z @−
2026-10-01T17:54:16.1341100Z "file:///Users/runner/work/creator-platform/creator-platform/apps/ios/Tests/QelvoraUITests/__Snapshots__/NativeSnapshotTests/testComponentCatalogThemes.TestConsole-night.png"
2026-10-01T17:54:16.1341730Z @+
2026-10-01T17:54:16.1342270Z "file:///Users/runner/work/creator-platform/creator-platform/artifacts/ios/snapshots/NativeSnapshotTests/testComponentCatalogThemes.TestConsole-night.png"
2026-10-01T17:54:16.1342830Z 
2026-10-01T17:54:16.1343020Z To configure output for a custom diff tool, use 'withSnapshotTesting'. For example:
2026-10-01T17:54:16.1343330Z 
2026-10-01T17:54:16.1343430Z     withSnapshotTesting(diffTool: .ksdiff) {
2026-10-01T17:54:16.1343660Z       // ...
2026-10-01T17:54:16.1343810Z     }
2026-10-01T17:54:16.1343930Z 
2026-10-01T17:54:16.1344220Z 57068 pixels exceed the native sRGB rounding bound. Newly-taken snapshot does not match reference.
2026-10-01T17:54:16.1345210Z /Users/runner/work/creator-platform/creator-platform/apps/ios/Tests/QelvoraUITests/NativeSnapshotTests.swift:60: error: -[QelvoraUITests.NativeSnapshotTests testComponentCatalogThemes] : failed - Snapshot "VersionList.night" does not match reference.
2026-10-01T17:54:16.1345970Z 
2026-10-01T17:54:16.1346030Z @−
2026-10-01T17:54:16.1346630Z "file:///Users/runner/work/creator-platform/creator-platform/apps/ios/Tests/QelvoraUITests/__Snapshots__/NativeSnapshotTests/testComponentCatalogThemes.VersionList-night.png"
2026-10-01T17:54:16.1347660Z @+
2026-10-01T17:54:16.1348250Z "file:///Users/runner/work/creator-platform/creator-platform/artifacts/ios/snapshots/NativeSnapshotTests/testComponentCatalogThemes.VersionList-night.png"
2026-10-01T17:54:16.1348740Z 
2026-10-01T17:54:16.1349250Z To configure output for a custom diff tool, use 'withSnapshotTesting'. For example:
2026-10-01T17:54:16.1349570Z 
2026-10-01T17:54:16.1349730Z     withSnapshotTesting(diffTool: .ksdiff) {
2026-10-01T17:54:16.1349980Z       // ...
2026-10-01T17:54:16.1350150Z     }
2026-10-01T17:54:16.1350240Z 
2026-10-01T17:54:16.1350470Z 24017 pixels exceed the native sRGB rounding bound. Newly-taken snapshot does not match reference.
2026-10-01T17:54:16.1351430Z /Users/runner/work/creator-platform/creator-platform/apps/ios/Tests/QelvoraUITests/NativeSnapshotTests.swift:60: error: -[QelvoraUITests.NativeSnapshotTests testComponentCatalogThemes] : failed - Snapshot "DigestItem.night" does not match reference.
2026-10-01T17:54:16.1352200Z 
2026-10-01T17:54:16.1352340Z @−
2026-10-01T17:54:16.1352880Z "file:///Users/runner/work/creator-platform/creator-platform/apps/ios/Tests/QelvoraUITests/__Snapshots__/NativeSnapshotTests/testComponentCatalogThemes.DigestItem-night.png"
2026-10-01T17:54:16.1353470Z @+
2026-10-01T17:54:16.1353940Z "file:///Users/runner/work/creator-platform/creator-platform/artifacts/ios/snapshots/NativeSnapshotTests/testComponentCatalogThemes.DigestItem-night.png"
2026-10-01T17:54:16.1354520Z 
2026-10-01T17:54:16.1354820Z To configure output for a custom diff tool, use 'withSnapshotTesting'. For example:
2026-10-01T17:54:16.1355150Z 
2026-10-01T17:54:16.1355240Z     withSnapshotTesting(diffTool: .ksdiff) {
2026-10-01T17:54:16.1355560Z       // ...
2026-10-01T17:54:16.1355720Z     }
2026-10-01T17:54:16.1355780Z 
2026-10-01T17:54:16.1356010Z 33349 pixels exceed the native sRGB rounding bound. Newly-taken snapshot does not match reference.
2026-10-01T17:54:16.1356980Z /Users/runner/work/creator-platform/creator-platform/apps/ios/Tests/QelvoraUITests/NativeSnapshotTests.swift:60: error: -[QelvoraUITests.NativeSnapshotTests testComponentCatalogThemes] : failed - Snapshot "StudioTabBar.night" does not match reference.
2026-10-01T17:54:16.1357730Z 
2026-10-01T17:54:16.1357800Z @−
2026-10-01T17:54:16.1358340Z "file:///Users/runner/work/creator-platform/creator-platform/apps/ios/Tests/QelvoraUITests/__Snapshots__/NativeSnapshotTests/testComponentCatalogThemes.StudioTabBar-night.png"
2026-10-01T17:54:16.1358930Z @+
2026-10-01T17:54:16.1359420Z "file:///Users/runner/work/creator-platform/creator-platform/artifacts/ios/snapshots/NativeSnapshotTests/testComponentCatalogThemes.StudioTabBar-night.png"
2026-10-01T17:54:16.1359900Z 
2026-10-01T17:54:16.1360080Z To configure output for a custom diff tool, use 'withSnapshotTesting'. For example:
2026-10-01T17:54:16.1360340Z 
2026-10-01T17:54:16.1360420Z     withSnapshotTesting(diffTool: .ksdiff) {
2026-10-01T17:54:16.1360630Z       // ...
2026-10-01T17:54:16.1360760Z     }
2026-10-01T17:54:16.1360830Z 
2026-10-01T17:54:16.1361050Z 9809 pixels exceed the native sRGB rounding bound. Newly-taken snapshot does not match reference.
2026-10-01T17:54:16.1361450Z Context leak detected, CoreAnalytics returned false
2026-10-01T17:54:16.1362280Z /Users/runner/work/creator-platform/creator-platform/apps/ios/Tests/QelvoraUITests/NativeSnapshotTests.swift:60: error: -[QelvoraUITests.NativeSnapshotTests testComponentCatalogThemes] : failed - Snapshot "Sidebar.night" does not match reference.
2026-10-01T17:54:16.1363010Z 
2026-10-01T17:54:16.1363110Z @−
2026-10-01T17:54:16.1363670Z "file:///Users/runner/work/creator-platform/creator-platform/apps/ios/Tests/QelvoraUITests/__Snapshots__/NativeSnapshotTests/testComponentCatalogThemes.Sidebar-night.png"
2026-10-01T17:54:16.1364280Z @+
2026-10-01T17:54:16.1364780Z "file:///Users/runner/work/creator-platform/creator-platform/artifacts/ios/snapshots/NativeSnapshotTests/testComponentCatalogThemes.Sidebar-night.png"
2026-10-01T17:54:16.1365520Z 
2026-10-01T17:54:16.1365690Z To configure output for a custom diff tool, use 'withSnapshotTesting'. For example:
2026-10-01T17:54:16.1365950Z 
2026-10-01T17:54:16.1366070Z     withSnapshotTesting(diffTool: .ksdiff) {
2026-10-01T17:54:16.1366280Z       // ...
2026-10-01T17:54:16.1366410Z     }
2026-10-01T17:54:16.1366480Z 
2026-10-01T17:54:16.1366870Z 20494 pixels exceed the native sRGB rounding bound. Newly-taken snapshot does not match reference.
2026-10-01T17:54:16.1367830Z /Users/runner/work/creator-platform/creator-platform/apps/ios/Tests/QelvoraUITests/NativeSnapshotTests.swift:60: error: -[QelvoraUITests.NativeSnapshotTests testComponentCatalogThemes] : failed - Snapshot "Sheet.night" does not match reference.
2026-10-01T17:54:16.1368600Z 
2026-10-01T17:54:16.1368680Z @−
2026-10-01T17:54:16.1369180Z "file:///Users/runner/work/creator-platform/creator-platform/apps/ios/Tests/QelvoraUITests/__Snapshots__/NativeSnapshotTests/testComponentCatalogThemes.Sheet-night.png"
2026-10-01T17:54:16.1369750Z @+
2026-10-01T17:54:16.1370230Z "file:///Users/runner/work/creator-platform/creator-platform/artifacts/ios/snapshots/NativeSnapshotTests/testComponentCatalogThemes.Sheet-night.png"
2026-10-01T17:54:16.1370710Z 
2026-10-01T17:54:16.1370920Z To configure output for a custom diff tool, use 'withSnapshotTesting'. For example:
2026-10-01T17:54:16.1371220Z 
2026-10-01T17:54:16.1371310Z     withSnapshotTesting(diffTool: .ksdiff) {
2026-10-01T17:54:16.1371510Z       // ...
2026-10-01T17:54:16.1371680Z     }
2026-10-01T17:54:16.1371750Z 
2026-10-01T17:54:16.1371990Z 53579 pixels exceed the native sRGB rounding bound. Newly-taken snapshot does not match reference.
2026-10-01T17:54:16.1373110Z /Users/runner/work/creator-platform/creator-platform/apps/ios/Tests/QelvoraUITests/NativeSnapshotTests.swift:60: error: -[QelvoraUITests.NativeSnapshotTests testComponentCatalogThemes] : failed - Snapshot "Toast.night" does not match reference.
2026-10-01T17:54:16.1373840Z 
2026-10-01T17:54:16.1373930Z @−
2026-10-01T17:54:16.1374510Z "file:///Users/runner/work/creator-platform/creator-platform/apps/ios/Tests/QelvoraUITests/__Snapshots__/NativeSnapshotTests/testComponentCatalogThemes.Toast-night.png"
2026-10-01T17:54:16.1375090Z @+
2026-10-01T17:54:16.1375550Z "file:///Users/runner/work/creator-platform/creator-platform/artifacts/ios/snapshots/NativeSnapshotTests/testComponentCatalogThemes.Toast-night.png"
2026-10-01T17:54:16.1376020Z 
2026-10-01T17:54:16.1376190Z To configure output for a custom diff tool, use 'withSnapshotTesting'. For example:
2026-10-01T17:54:16.1376450Z 
2026-10-01T17:54:16.1376570Z     withSnapshotTesting(diffTool: .ksdiff) {
2026-10-01T17:54:16.1376780Z       // ...
2026-10-01T17:54:16.1376950Z     }
2026-10-01T17:54:16.1377030Z 
2026-10-01T17:54:16.1377240Z 7713 pixels exceed the native sRGB rounding bound. Newly-taken snapshot does not match reference.
2026-10-01T17:54:16.1378200Z /Users/runner/work/creator-platform/creator-platform/apps/ios/Tests/QelvoraUITests/NativeSnapshotTests.swift:60: error: -[QelvoraUITests.NativeSnapshotTests testComponentCatalogThemes] : failed - Snapshot "EmailFrame.night" does not match reference.
2026-10-01T17:54:16.1378940Z 
2026-10-01T17:54:16.1379010Z @−
2026-10-01T17:54:16.1379530Z "file:///Users/runner/work/creator-platform/creator-platform/apps/ios/Tests/QelvoraUITests/__Snapshots__/NativeSnapshotTests/testComponentCatalogThemes.EmailFrame-night.png"
2026-10-01T17:54:16.1380110Z @+
2026-10-01T17:54:16.1380590Z "file:///Users/runner/work/creator-platform/creator-platform/artifacts/ios/snapshots/NativeSnapshotTests/testComponentCatalogThemes.EmailFrame-night.png"
2026-10-01T17:54:16.1381070Z 
2026-10-01T17:54:16.1381250Z To configure output for a custom diff tool, use 'withSnapshotTesting'. For example:
2026-10-01T17:54:16.1381510Z 
2026-10-01T17:54:16.1381590Z     withSnapshotTesting(diffTool: .ksdiff) {
2026-10-01T17:54:16.1381790Z       // ...
2026-10-01T17:54:16.1381920Z     }
2026-10-01T17:54:16.1382140Z 
2026-10-01T17:54:16.1382350Z 49459 pixels exceed the native sRGB rounding bound. Newly-taken snapshot does not match reference.
2026-10-01T17:54:16.1382900Z Test Case '-[QelvoraUITests.NativeSnapshotTests testComponentCatalogThemes]' failed (28.604 seconds).
2026-10-01T17:54:16.1383390Z Test Case '-[QelvoraUITests.NativeSnapshotTests testWelcomeThemes]' started.
2026-10-01T17:54:16.1384340Z /Users/runner/work/creator-platform/creator-platform/apps/ios/Tests/QelvoraUITests/NativeSnapshotTests.swift:17: error: -[QelvoraUITests.NativeSnapshotTests testWelcomeThemes] : failed - Snapshot "light" does not match reference.
2026-10-01T17:54:16.1385090Z 
2026-10-01T17:54:16.1385160Z @−
2026-10-01T17:54:16.1385620Z "file:///Users/runner/work/creator-platform/creator-platform/apps/ios/Tests/QelvoraUITests/__Snapshots__/NativeSnapshotTests/testWelcomeThemes.light.png"
2026-10-01T17:54:16.1386130Z @+
2026-10-01T17:54:16.1386550Z "file:///Users/runner/work/creator-platform/creator-platform/artifacts/ios/snapshots/NativeSnapshotTests/testWelcomeThemes.light.png"
2026-10-01T17:54:16.1386980Z 
2026-10-01T17:54:16.1387170Z To configure output for a custom diff tool, use 'withSnapshotTesting'. For example:
2026-10-01T17:54:16.1387430Z 
2026-10-01T17:54:16.1387530Z     withSnapshotTesting(diffTool: .ksdiff) {
2026-10-01T17:54:16.1387750Z       // ...
2026-10-01T17:54:16.1387890Z     }
2026-10-01T17:54:16.1387970Z 
2026-10-01T17:54:16.1388200Z 81557 pixels exceed the native sRGB rounding bound. Newly-taken snapshot does not match reference.
2026-10-01T17:54:16.1389110Z /Users/runner/work/creator-platform/creator-platform/apps/ios/Tests/QelvoraUITests/NativeSnapshotTests.swift:17: error: -[QelvoraUITests.NativeSnapshotTests testWelcomeThemes] : failed - Snapshot "night" does not match reference.
2026-10-01T17:54:16.1389800Z 
2026-10-01T17:54:16.1389860Z @−
2026-10-01T17:54:16.1390350Z "file:///Users/runner/work/creator-platform/creator-platform/apps/ios/Tests/QelvoraUITests/__Snapshots__/NativeSnapshotTests/testWelcomeThemes.night.png"
2026-10-01T17:54:16.1390900Z @+
2026-10-01T17:54:16.1391320Z "file:///Users/runner/work/creator-platform/creator-platform/artifacts/ios/snapshots/NativeSnapshotTests/testWelcomeThemes.night.png"
2026-10-01T17:54:16.1391730Z 
2026-10-01T17:54:16.1391920Z To configure output for a custom diff tool, use 'withSnapshotTesting'. For example:
2026-10-01T17:54:16.1392180Z 
2026-10-01T17:54:16.1392270Z     withSnapshotTesting(diffTool: .ksdiff) {
2026-10-01T17:54:16.1392500Z       // ...
2026-10-01T17:54:16.1392730Z     }
2026-10-01T17:54:16.1392920Z 
2026-10-01T17:54:16.1393190Z 80372 pixels exceed the native sRGB rounding bound. Newly-taken snapshot does not match reference.
2026-10-01T17:54:16.1393920Z Test Case '-[QelvoraUITests.NativeSnapshotTests testWelcomeThemes]' failed (0.685 seconds).
2026-10-01T17:54:16.1394440Z Test Suite 'NativeSnapshotTests' failed at 2026-10-01 17:54:16.097.
2026-10-01T17:54:16.1394910Z 	 Executed 3 tests, with 106 failures (0 unexpected) in 31.268 (31.268) seconds
2026-10-01T17:54:16.1395440Z Test Suite 'QelvoraUITests.xctest' failed at 2026-10-01 17:54:16.097.
2026-10-01T17:54:16.1407310Z 	 Executed 18 tests, with 106 failures (0 unexpected) in 31.275 (31.277) seconds
2026-10-01T17:54:16.1407770Z Test Suite 'All tests' failed at 2026-10-01 17:54:16.097.
2026-10-01T17:54:16.1408190Z 	 Executed 18 tests, with 106 failures (0 unexpected) in 31.275 (31.279) seconds
2026-10-01T17:54:16.1408660Z Native capture testAuthorIdentitySurfaces()/light: backing=1.0, canvas=(780.0, 1688.0)
2026-10-01T17:54:16.1409240Z Native capture testAuthorIdentitySurfaces()/night: backing=1.0, canvas=(780.0, 1688.0)
2026-10-01T17:54:16.1409800Z Native capture testComponentCatalogThemes()/Mark.light: backing=1.0, canvas=(780.0, 1688.0)
2026-10-01T17:54:16.1410390Z Native capture testComponentCatalogThemes()/Seal.light: backing=1.0, canvas=(780.0, 1688.0)
2026-10-01T17:54:16.1411000Z Native capture testComponentCatalogThemes()/Avatar.light: backing=1.0, canvas=(780.0, 1688.0)
2026-10-01T17:54:16.1411570Z Native capture testComponentCatalogThemes()/AuthorLabel.light: backing=1.0, canvas=(780.0, 1688.0)
2026-10-01T17:54:16.1412420Z Native capture testComponentCatalogThemes()/IdentityStrip.light: backing=1.0, canvas=(780.0, 1688.0)
2026-10-01T17:54:16.1413010Z Native capture testComponentCatalogThemes()/ThreadHeader.light: backing=1.0, canvas=(780.0, 1688.0)
2026-10-01T17:54:16.1413750Z Native capture testComponentCatalogThemes()/SignedMarker.light: backing=1.0, canvas=(780.0, 1688.0)
2026-10-01T17:54:16.1414340Z Native capture testComponentCatalogThemes()/SystemLine.light: backing=1.0, canvas=(780.0, 1688.0)
2026-10-01T17:54:16.1414930Z Native capture testComponentCatalogThemes()/Message.light: backing=1.0, canvas=(780.0, 1688.0)
2026-10-01T17:54:16.1415490Z Native capture testComponentCatalogThemes()/Note.light: backing=1.0, canvas=(780.0, 1688.0)
2026-10-01T17:54:16.1416040Z Native capture testComponentCatalogThemes()/ReactionChip.light: backing=1.0, canvas=(780.0, 1688.0)
2026-10-01T17:54:16.1416650Z Native capture testComponentCatalogThemes()/CitationChip.light: backing=1.0, canvas=(780.0, 1688.0)
2026-10-01T17:54:16.1417230Z Native capture testComponentCatalogThemes()/MemoryChip.light: backing=1.0, canvas=(780.0, 1688.0)
2026-10-01T17:54:16.1417850Z Native capture testComponentCatalogThemes()/Correction.light: backing=1.0, canvas=(780.0, 1688.0)
2026-10-01T17:54:16.1418410Z Native capture testComponentCatalogThemes()/ContextCard.light: backing=1.0, canvas=(780.0, 1688.0)
2026-10-01T17:54:16.1419000Z Native capture testComponentCatalogThemes()/VoiceNote.light: backing=1.0, canvas=(780.0, 1688.0)
2026-10-01T17:54:16.1419620Z Native capture testComponentCatalogThemes()/Composer.light: backing=1.0, canvas=(780.0, 1688.0)
2026-10-01T17:54:16.1420180Z Native capture testComponentCatalogThemes()/StepIn.light: backing=1.0, canvas=(780.0, 1688.0)
2026-10-01T17:54:16.1420740Z Native capture testComponentCatalogThemes()/AccessLines.light: backing=1.0, canvas=(780.0, 1688.0)
2026-10-01T17:54:16.1421350Z Native capture testComponentCatalogThemes()/ModeList.light: backing=1.0, canvas=(780.0, 1688.0)
2026-10-01T17:54:16.1422060Z Native capture testComponentCatalogThemes()/IncludeList.light: backing=1.0, canvas=(780.0, 1688.0)
2026-10-01T17:54:16.1422690Z Native capture testComponentCatalogThemes()/TermsBlock.light: backing=1.0, canvas=(780.0, 1688.0)
2026-10-01T17:54:16.1423310Z Native capture testComponentCatalogThemes()/EtaLine.light: backing=1.0, canvas=(780.0, 1688.0)
2026-10-01T17:54:16.1423940Z Native capture testComponentCatalogThemes()/RequestStatus.light: backing=1.0, canvas=(780.0, 1688.0)
2026-10-01T17:54:16.1424510Z Native capture testComponentCatalogThemes()/Receipt.light: backing=1.0, canvas=(780.0, 1688.0)
2026-10-01T17:54:16.1425090Z Native capture testComponentCatalogThemes()/SpendLimit.light: backing=1.0, canvas=(780.0, 1688.0)
2026-10-01T17:54:16.1425650Z Native capture testComponentCatalogThemes()/QueueCard.light: backing=1.0, canvas=(780.0, 1688.0)
2026-10-01T17:54:16.1426300Z Native capture testComponentCatalogThemes()/CapacityHeader.light: backing=1.0, canvas=(780.0, 1688.0)
2026-10-01T17:54:16.1426890Z Native capture testComponentCatalogThemes()/LabelPreview.light: backing=1.0, canvas=(780.0, 1688.0)
2026-10-01T17:54:16.1427490Z Native capture testComponentCatalogThemes()/SigningSheet.light: backing=1.0, canvas=(780.0, 1688.0)
2026-10-01T17:54:16.1428100Z Native capture testComponentCatalogThemes()/AuditBanner.light: backing=1.0, canvas=(780.0, 1688.0)
2026-10-01T17:54:16.1428680Z Native capture testComponentCatalogThemes()/SourceRow.light: backing=1.0, canvas=(780.0, 1688.0)
2026-10-01T17:54:16.1429230Z Native capture testComponentCatalogThemes()/Button.light: backing=1.0, canvas=(780.0, 1688.0)
2026-10-01T17:54:16.1429800Z Native capture testComponentCatalogThemes()/TabBar.light: backing=1.0, canvas=(780.0, 1688.0)
2026-10-01T17:54:16.1430330Z Native capture testComponentCatalogThemes()/Segmented.light: backing=1.0, canvas=(780.0, 1688.0)
2026-10-01T17:54:16.1430830Z Native capture testComponentCatalogThemes()/Notice.light: backing=1.0, canvas=(780.0, 1688.0)
2026-10-01T17:54:16.1431540Z Native capture testComponentCatalogThemes()/NotificationRow.light: backing=1.0, canvas=(780.0, 1688.0)
2026-10-01T17:54:16.1432080Z Native capture testComponentCatalogThemes()/EmptyState.light: backing=1.0, canvas=(780.0, 1688.0)
2026-10-01T17:54:16.1432660Z Native capture testComponentCatalogThemes()/ShareCard.light: backing=1.0, canvas=(780.0, 1688.0)
2026-10-01T17:54:16.1433460Z Native capture testComponentCatalogThemes()/CallChip.light: backing=1.0, canvas=(780.0, 1688.0)
2026-10-01T17:54:16.1434240Z Native capture testComponentCatalogThemes()/ReservedLabel.light: backing=1.0, canvas=(780.0, 1688.0)
2026-10-01T17:54:16.1435110Z Native capture testComponentCatalogThemes()/Countdown.light: backing=1.0, canvas=(780.0, 1688.0)
2026-10-01T17:54:16.1435720Z Native capture testComponentCatalogThemes()/InsteadMenu.light: backing=1.0, canvas=(780.0, 1688.0)
2026-10-01T17:54:16.1436280Z Native capture testComponentCatalogThemes()/TestConsole.light: backing=1.0, canvas=(780.0, 1688.0)
2026-10-01T17:54:16.1436820Z Native capture testComponentCatalogThemes()/VersionList.light: backing=1.0, canvas=(780.0, 1688.0)
2026-10-01T17:54:16.1437340Z Native capture testComponentCatalogThemes()/DigestItem.light: backing=1.0, canvas=(780.0, 1688.0)
2026-10-01T17:54:16.4642840Z Native capture testComponentCatalogThemes()/StudioTabBar.light: backing=1.0, canvas=(780.0, 1688.0)
2026-10-01T17:54:16.4647970Z Native capture testComponentCatalogThemes()/Sidebar.light: backing=1.0, canvas=(780.0, 1688.0)
2026-10-01T17:54:16.4648770Z Native capture testComponentCatalogThemes()/Sheet.light: backing=1.0, canvas=(780.0, 1688.0)
2026-10-01T17:54:16.4649660Z Native capture testComponentCatalogThemes()/Dialog.light: backing=1.0, canvas=(780.0, 1688.0)
2026-10-01T17:54:16.4650680Z Native capture testComponentCatalogThemes()/Toast.light: backing=1.0, canvas=(780.0, 1688.0)
2026-10-01T17:54:16.4651210Z Native capture testComponentCatalogThemes()/Skeleton.light: backing=1.0, canvas=(780.0, 1688.0)
2026-10-01T17:54:16.4653610Z Native capture testComponentCatalogThemes()/EmailFrame.light: backing=1.0, canvas=(780.0, 1688.0)
2026-10-01T17:54:16.4654270Z Native capture testComponentCatalogThemes()/Mark.night: backing=1.0, canvas=(780.0, 1688.0)
2026-10-01T17:54:16.4654900Z Native capture testComponentCatalogThemes()/Seal.night: backing=1.0, canvas=(780.0, 1688.0)
2026-10-01T17:54:16.4657800Z Native capture testComponentCatalogThemes()/Avatar.night: backing=1.0, canvas=(780.0, 1688.0)
2026-10-01T17:54:16.4658390Z Native capture testComponentCatalogThemes()/AuthorLabel.night: backing=1.0, canvas=(780.0, 1688.0)
2026-10-01T17:54:16.4659000Z Native capture testComponentCatalogThemes()/IdentityStrip.night: backing=1.0, canvas=(780.0, 1688.0)
2026-10-01T17:54:16.4660940Z Native capture testComponentCatalogThemes()/ThreadHeader.night: backing=1.0, canvas=(780.0, 1688.0)
2026-10-01T17:54:16.4661570Z Native capture testComponentCatalogThemes()/SignedMarker.night: backing=1.0, canvas=(780.0, 1688.0)
2026-10-01T17:54:16.4662210Z Native capture testComponentCatalogThemes()/SystemLine.night: backing=1.0, canvas=(780.0, 1688.0)
2026-10-01T17:54:16.4663210Z Native capture testComponentCatalogThemes()/Message.night: backing=1.0, canvas=(780.0, 1688.0)
2026-10-01T17:54:16.4663770Z Native capture testComponentCatalogThemes()/Note.night: backing=1.0, canvas=(780.0, 1688.0)
2026-10-01T17:54:16.4666060Z Native capture testComponentCatalogThemes()/ReactionChip.night: backing=1.0, canvas=(780.0, 1688.0)
2026-10-01T17:54:16.4666710Z Native capture testComponentCatalogThemes()/CitationChip.night: backing=1.0, canvas=(780.0, 1688.0)
2026-10-01T17:54:16.4667300Z Native capture testComponentCatalogThemes()/MemoryChip.night: backing=1.0, canvas=(780.0, 1688.0)
2026-10-01T17:54:16.4667910Z Native capture testComponentCatalogThemes()/Correction.night: backing=1.0, canvas=(780.0, 1688.0)
2026-10-01T17:54:16.4669860Z Native capture testComponentCatalogThemes()/ContextCard.night: backing=1.0, canvas=(780.0, 1688.0)
2026-10-01T17:54:16.4670780Z Native capture testComponentCatalogThemes()/VoiceNote.night: backing=1.0, canvas=(780.0, 1688.0)
2026-10-01T17:54:16.4671350Z Native capture testComponentCatalogThemes()/Composer.night: backing=1.0, canvas=(780.0, 1688.0)
2026-10-01T17:54:16.4672240Z Native capture testComponentCatalogThemes()/StepIn.night: backing=1.0, canvas=(780.0, 1688.0)
2026-10-01T17:54:16.4673180Z Native capture testComponentCatalogThemes()/AccessLines.night: backing=1.0, canvas=(780.0, 1688.0)
2026-10-01T17:54:16.4674360Z Native capture testComponentCatalogThemes()/ModeList.night: backing=1.0, canvas=(780.0, 1688.0)
2026-10-01T17:54:16.4675160Z Native capture testComponentCatalogThemes()/IncludeList.night: backing=1.0, canvas=(780.0, 1688.0)
2026-10-01T17:54:16.4675970Z Native capture testComponentCatalogThemes()/TermsBlock.night: backing=1.0, canvas=(780.0, 1688.0)
2026-10-01T17:54:16.4676630Z Native capture testComponentCatalogThemes()/EtaLine.night: backing=1.0, canvas=(780.0, 1688.0)
2026-10-01T17:54:16.4677250Z Native capture testComponentCatalogThemes()/RequestStatus.night: backing=1.0, canvas=(780.0, 1688.0)
2026-10-01T17:54:16.4677850Z Native capture testComponentCatalogThemes()/Receipt.night: backing=1.0, canvas=(780.0, 1688.0)
2026-10-01T17:54:16.4678540Z Native capture testComponentCatalogThemes()/SpendLimit.night: backing=1.0, canvas=(780.0, 1688.0)
2026-10-01T17:54:16.4679270Z Native capture testComponentCatalogThemes()/QueueCard.night: backing=1.0, canvas=(780.0, 1688.0)
2026-10-01T17:54:16.4679890Z Native capture testComponentCatalogThemes()/CapacityHeader.night: backing=1.0, canvas=(780.0, 1688.0)
2026-10-01T17:54:16.4681150Z Native capture testComponentCatalogThemes()/LabelPreview.night: backing=1.0, canvas=(780.0, 1688.0)
2026-10-01T17:54:16.4681760Z Native capture testComponentCatalogThemes()/SigningSheet.night: backing=1.0, canvas=(780.0, 1688.0)
2026-10-01T17:54:16.4682330Z Native capture testComponentCatalogThemes()/AuditBanner.night: backing=1.0, canvas=(780.0, 1688.0)
2026-10-01T17:54:16.4682920Z Native capture testComponentCatalogThemes()/SourceRow.night: backing=1.0, canvas=(780.0, 1688.0)
2026-10-01T17:54:16.4683490Z Native capture testComponentCatalogThemes()/Button.night: backing=1.0, canvas=(780.0, 1688.0)
2026-10-01T17:54:16.4684040Z Native capture testComponentCatalogThemes()/TabBar.night: backing=1.0, canvas=(780.0, 1688.0)
2026-10-01T17:54:16.4684600Z Native capture testComponentCatalogThemes()/Segmented.night: backing=1.0, canvas=(780.0, 1688.0)
2026-10-01T17:54:16.4685130Z Native capture testComponentCatalogThemes()/Notice.night: backing=1.0, canvas=(780.0, 1688.0)
2026-10-01T17:54:16.4685800Z Native capture testComponentCatalogThemes()/NotificationRow.night: backing=1.0, canvas=(780.0, 1688.0)
2026-10-01T17:54:16.4686440Z Native capture testComponentCatalogThemes()/EmptyState.night: backing=1.0, canvas=(780.0, 1688.0)
2026-10-01T17:54:16.4687010Z Native capture testComponentCatalogThemes()/ShareCard.night: backing=1.0, canvas=(780.0, 1688.0)
2026-10-01T17:54:16.4687600Z Native capture testComponentCatalogThemes()/CallChip.night: backing=1.0, canvas=(780.0, 1688.0)
2026-10-01T17:54:16.4688270Z Native capture testComponentCatalogThemes()/ReservedLabel.night: backing=1.0, canvas=(780.0, 1688.0)
2026-10-01T17:54:16.4688850Z Native capture testComponentCatalogThemes()/Countdown.night: backing=1.0, canvas=(780.0, 1688.0)
2026-10-01T17:54:16.4689410Z Native capture testComponentCatalogThemes()/InsteadMenu.night: backing=1.0, canvas=(780.0, 1688.0)
2026-10-01T17:54:16.4689990Z Native capture testComponentCatalogThemes()/TestConsole.night: backing=1.0, canvas=(780.0, 1688.0)
2026-10-01T17:54:16.4690570Z Native capture testComponentCatalogThemes()/VersionList.night: backing=1.0, canvas=(780.0, 1688.0)
2026-10-01T17:54:16.4691140Z Native capture testComponentCatalogThemes()/DigestItem.night: backing=1.0, canvas=(780.0, 1688.0)
2026-10-01T17:54:16.4691670Z Native capture testComponentCatalogThemes()/StudioTabBar.night: backing=1.0, canvas=(780.0, 1688.0)
2026-10-01T17:54:16.4692240Z Native capture testComponentCatalogThemes()/Sidebar.night: backing=1.0, canvas=(780.0, 1688.0)
2026-10-01T17:54:16.4693110Z Native capture testComponentCatalogThemes()/Sheet.night: backing=1.0, canvas=(780.0, 1688.0)
2026-10-01T17:54:16.4693750Z Native capture testComponentCatalogThemes()/Dialog.night: backing=1.0, canvas=(780.0, 1688.0)
2026-10-01T17:54:16.4694700Z Native capture testComponentCatalogThemes()/Toast.night: backing=1.0, canvas=(780.0, 1688.0)
2026-10-01T17:54:16.4695280Z Native capture testComponentCatalogThemes()/Skeleton.night: backing=1.0, canvas=(780.0, 1688.0)
2026-10-01T17:54:16.4695850Z Native capture testComponentCatalogThemes()/EmailFrame.night: backing=1.0, canvas=(780.0, 1688.0)
2026-10-01T17:54:16.4696350Z Native capture testWelcomeThemes()/light: backing=1.0, canvas=(780.0, 1688.0)
2026-10-01T17:54:16.4696770Z Native capture testWelcomeThemes()/night: backing=1.0, canvas=(780.0, 1688.0)
2026-10-01T17:54:16.4698660Z ◇ Test run started.
2026-10-01T17:54:16.4699180Z ↳ Testing Library Version: 2084
2026-10-01T17:54:16.4699520Z ↳ Target Platform: arm64e-apple-macos14.0
2026-10-01T17:54:16.4700060Z ✔ Test run with 0 tests in 0 suites passed after 0.001 seconds.
2026-10-01T17:54:16.4700380Z Note: Some test targets reported failures:
2026-10-01T17:54:16.4700630Z   - QelvoraUITests (XCTest)
2026-10-01T17:54:16.5220150Z ##[error]Process completed with exit code 1.
2026-10-01T17:54:16.5514950Z ##[group]Run actions/upload-artifact@ea165f8d65b6e75b540449e92b4886f43607fa02
2026-10-01T17:54:16.5515280Z with:
2026-10-01T17:54:16.5515420Z   name: ios-review
2026-10-01T17:54:16.5515780Z   path: artifacts/ios
/Users/runner/work/_temp/creator-native-36882556015-ios-foundation/NativeSnapshotTests

2026-10-01T17:54:16.5516190Z   if-no-files-found: warn
2026-10-01T17:54:16.5516360Z   compression-level: 6
2026-10-01T17:54:16.5516530Z   overwrite: false
2026-10-01T17:54:16.5516680Z   include-hidden-files: false
2026-10-01T17:54:16.5516860Z ##[endgroup]
2026-10-01T17:54:17.0333910Z (node:5058) [DEP0040] DeprecationWarning: The `punycode` module is deprecated. Please use a userland alternative instead.
2026-10-01T17:54:17.0334790Z (Use `node --trace-deprecation ...` to show where the warning was created)
2026-10-01T17:54:17.1135470Z Multiple search paths detected. Calculating the least common ancestor of all paths
2026-10-01T17:54:17.1473320Z The least common ancestor is /Users/runner/work. This will be the root directory of the artifact
2026-10-01T17:54:17.1569600Z With the provided path, there will be 106 files uploaded
2026-10-01T17:54:17.1571170Z Artifact name is valid!
2026-10-01T17:54:17.1571490Z Root directory input is valid!
2026-10-01T17:54:17.5562970Z Beginning upload of artifact content to blob storage
2026-10-01T17:54:17.8861790Z (node:5058) [DEP0169] DeprecationWarning: `url.parse()` behavior is not standardized and prone to errors that have security implications. Use the WHATWG URL API instead. CVEs are not issued for `url.parse()` vulnerabilities.
2026-10-01T17:54:18.8037370Z Uploaded bytes 8388608
2026-10-01T17:54:18.9778740Z Uploaded bytes 10309940
2026-10-01T17:54:19.0542070Z Finished uploading artifact content to blob storage!
2026-10-01T17:54:19.0543070Z SHA256 digest of uploaded artifact zip is 553db2a7ed12efa38717d5e6784dd8d474a28b5e2555571b294da76653a856d3
2026-10-01T17:54:19.0543640Z Finalizing artifact upload
2026-10-01T17:54:19.3166020Z Artifact ios-review.zip successfully finalized. Artifact ID 11181479112
2026-10-01T17:54:19.3166750Z Artifact ios-review has been successfully uploaded! Final size is 10309940 bytes. Artifact ID is 11181479112
2026-10-01T17:54:19.3167530Z Artifact download URL: https://github.com/WangPantopus/creator-platform/actions/runs/36882556015/artifacts/11181479112
2026-10-01T17:54:19.3332400Z Post job cleanup.
2026-10-01T17:54:19.4744600Z [command]/opt/homebrew/bin/git version
2026-10-01T17:54:19.4986740Z git version 2.55.0
2026-10-01T17:54:19.5016980Z Copying '/Users/runner/.gitconfig' to '/Users/runner/work/_temp/7a257128-e3f4-4142-8949-f7ca5c48894f/.gitconfig'
2026-10-01T17:54:19.5026600Z Temporarily overriding HOME='/Users/runner/work/_temp/7a257128-e3f4-4142-8949-f7ca5c48894f' before making global git config changes
2026-10-01T17:54:19.5029700Z Adding repository directory to the temporary git global config as a safe directory
2026-10-01T17:54:19.5033200Z [command]/opt/homebrew/bin/git config --global --add safe.directory /Users/runner/work/creator-platform/creator-platform
2026-10-01T17:54:19.5164760Z [command]/opt/homebrew/bin/git config --local --name-only --get-regexp core\.sshCommand
2026-10-01T17:54:19.5240730Z [command]/opt/homebrew/bin/git submodule foreach --recursive sh -c "git config --local --name-only --get-regexp 'core\.sshCommand' && git config --local --unset-all 'core.sshCommand' || :"
2026-10-01T17:54:19.6567770Z [command]/opt/homebrew/bin/git config --local --name-only --get-regexp http\.https\:\/\/github\.com\/\.extraheader
2026-10-01T17:54:19.6655140Z http.https://github.com/.extraheader
2026-10-01T17:54:19.6664360Z [command]/opt/homebrew/bin/git config --local --unset-all http.https://github.com/.extraheader
2026-10-01T17:54:19.6753750Z [command]/opt/homebrew/bin/git submodule foreach --recursive sh -c "git config --local --name-only --get-regexp 'http\.https\:\/\/github\.com\/\.extraheader' && git config --local --unset-all 'http.https://github.com/.extraheader' || :"
2026-10-01T17:54:19.8283760Z [command]/opt/homebrew/bin/git config --local --name-only --get-regexp ^includeIf\.gitdir:
2026-10-01T17:54:19.8552080Z [command]/opt/homebrew/bin/git submodule foreach --recursive git config --local --show-origin --name-only --get-regexp remote.origin.url
2026-10-01T17:54:19.9696630Z Cleaning up orphan processes
2026-10-01T17:54:21.0690310Z ##[warning]Node.js 20 is deprecated. The following actions target Node.js 20 but are being forced to run on Node.js 24: actions/checkout@11d5960a326750d5838078e36cf38b85af677262, actions/upload-artifact@ea165f8d65b6e75b540449e92b4886f43607fa02. For more information see: https://github.blog/changelog/2025-09-19-deprecation-of-node-20-on-github-actions-runners/
