Command line invocation:
    /Applications/Xcode.app/Contents/Developer/usr/bin/xcodebuild -project apps/ios/QelvoraApp.xcodeproj -scheme QelvoraApp -configuration Debug -destination "generic/platform=iOS Simulator" -derivedDataPath tmp/w2-native-20261001/DerivedData -clonedSourcePackagesDirPath tmp/w2-native-20261001/SourcePackages -jobs 2 build CODE_SIGNING_ALLOWED=YES CODE_SIGN_IDENTITY=-

Build settings from command line:
    CODE_SIGN_IDENTITY = -
    CODE_SIGNING_ALLOWED = YES

Resolve Package Graph

Fetching from https://github.com/pointfreeco/swift-custom-dump (cached)

Fetching from https://github.com/swiftlang/swift-syntax (cached)

Fetching from https://github.com/pointfreeco/swift-snapshot-testing.git (cached)

Fetching from https://github.com/pointfreeco/swift-issue-reporting (cached)

Fetching from https://github.com/pointfreeco/xctest-dynamic-overlay (cached)

Creating working copy of package ‘xctest-dynamic-overlay’

Checking out 1.13.1 of package ‘xctest-dynamic-overlay’

Creating working copy of package ‘swift-syntax’

Checking out 604.0.0 of package ‘swift-syntax’

Creating working copy of package ‘swift-custom-dump’

Checking out 1.7.3 of package ‘swift-custom-dump’

Creating working copy of package ‘swift-snapshot-testing’

Checking out 1.19.6 of package ‘swift-snapshot-testing’


Resolved source packages:
  xctest-dynamic-overlay: https://github.com/pointfreeco/xctest-dynamic-overlay @ 1.13.1
  QelvoraNative: /Users/yingpengwang/.codex/worktrees/w2-resume/creator-platform/apps/ios
  swift-custom-dump: https://github.com/pointfreeco/swift-custom-dump @ 1.7.3
  swift-syntax: https://github.com/swiftlang/swift-syntax @ 604.0.0
  swift-snapshot-testing: https://github.com/pointfreeco/swift-snapshot-testing.git @ 1.19.6

Build Preparation
Build task concurrency set to 2 via user default IDEBuildOperationMaxNumberOfConcurrentCompileTasks

note: Using codesigning identity override: -
ComputePackagePrebuildTargetDependencyGraph

Prepare packages

CreateBuildRequest

SendProjectDescription

CreateBuildOperation

ComputeTargetDependencyGraph
note: Building targets in dependency order
note: Target dependency graph (4 targets)
    Target 'QelvoraApp' in project 'QelvoraApp'
        ➜ Explicit dependency on target 'QelvoraUI' in project 'QelvoraNative'
    Target 'QelvoraUI' in project 'QelvoraNative'
        ➜ Explicit dependency on target 'QelvoraUI' in project 'QelvoraNative'
        ➜ Explicit dependency on target 'QelvoraNative_QelvoraUI' in project 'QelvoraNative'
    Target 'QelvoraUI' in project 'QelvoraNative'
        ➜ Explicit dependency on target 'QelvoraNative_QelvoraUI' in project 'QelvoraNative'
    Target 'QelvoraNative_QelvoraUI' in project 'QelvoraNative' (no dependencies)

GatherProvisioningInputs

CreateBuildDescription

ExecuteExternalTool /Applications/Xcode.app/Contents/Developer/Toolchains/XcodeDefault.xctoolchain/usr/bin/clang -v -E -dM -isysroot /Applications/Xcode.app/Contents/Developer/Platforms/iPhoneSimulator.platform/Developer/SDKs/iPhoneSimulator26.5.sdk -x c -c /dev/null

ExecuteExternalTool /Applications/Xcode.app/Contents/Developer/Toolchains/XcodeDefault.xctoolchain/usr/bin/swiftc --version

ExecuteExternalTool /Applications/Xcode.app/Contents/Developer/usr/bin/xcstringstool compile --dry-run --output-directory /Users/yingpengwang/.codex/worktrees/w2-resume/creator-platform/tmp/w2-native-20261001/DerivedData/Build/Intermediates.noindex/QelvoraNative.build/Debug-iphonesimulator/QelvoraNative_QelvoraUI.build /Users/yingpengwang/.codex/worktrees/w2-resume/creator-platform/apps/ios/Sources/Generated/Localizable.xcstrings

ExecuteExternalTool /Applications/Xcode.app/Contents/Developer/Toolchains/XcodeDefault.xctoolchain/usr/bin/ld -version_details

Build description signature: c16ffeee837999feb37f97e51168d122
Build description path: /Users/yingpengwang/.codex/worktrees/w2-resume/creator-platform/tmp/w2-native-20261001/DerivedData/Build/Intermediates.noindex/XCBuildData/c16ffeee837999feb37f97e51168d122.xcbuilddata
ClangStatCache /Applications/Xcode.app/Contents/Developer/Toolchains/XcodeDefault.xctoolchain/usr/bin/clang-stat-cache /Applications/Xcode.app/Contents/Developer/Platforms/iPhoneSimulator.platform/Developer/SDKs/iPhoneSimulator26.5.sdk /Users/yingpengwang/.codex/worktrees/w2-resume/creator-platform/tmp/w2-native-20261001/DerivedData/SDKStatCaches.noindex/iphonesimulator26.5-23F73-6cfe768891a92b912361537c460fe42b.sdkstatcache
    cd /Users/yingpengwang/.codex/worktrees/w2-resume/creator-platform/apps/ios/QelvoraApp.xcodeproj
    /Applications/Xcode.app/Contents/Developer/Toolchains/XcodeDefault.xctoolchain/usr/bin/clang-stat-cache /Applications/Xcode.app/Contents/Developer/Platforms/iPhoneSimulator.platform/Developer/SDKs/iPhoneSimulator26.5.sdk -o /Users/yingpengwang/.codex/worktrees/w2-resume/creator-platform/tmp/w2-native-20261001/DerivedData/SDKStatCaches.noindex/iphonesimulator26.5-23F73-6cfe768891a92b912361537c460fe42b.sdkstatcache

CreateBuildDirectory /Users/yingpengwang/.codex/worktrees/w2-resume/creator-platform/tmp/w2-native-20261001/DerivedData/Build/Products
    cd /Users/yingpengwang/.codex/worktrees/w2-resume/creator-platform/apps/ios/QelvoraApp.xcodeproj
    builtin-create-build-directory /Users/yingpengwang/.codex/worktrees/w2-resume/creator-platform/tmp/w2-native-20261001/DerivedData/Build/Products

CreateBuildDirectory /Users/yingpengwang/.codex/worktrees/w2-resume/creator-platform/tmp/w2-native-20261001/DerivedData/Build/Intermediates.noindex
    cd /Users/yingpengwang/.codex/worktrees/w2-resume/creator-platform/apps/ios/QelvoraApp.xcodeproj
    builtin-create-build-directory /Users/yingpengwang/.codex/worktrees/w2-resume/creator-platform/tmp/w2-native-20261001/DerivedData/Build/Intermediates.noindex

WriteAuxiliaryFile /Users/yingpengwang/.codex/worktrees/w2-resume/creator-platform/tmp/w2-native-20261001/DerivedData/Build/Intermediates.noindex/QelvoraApp.build/Debug-iphonesimulator/QelvoraApp-29b244ef777fcfbcbef7f347c6fce175-VFS-iphonesimulator/all-product-headers.yaml
    cd /Users/yingpengwang/.codex/worktrees/w2-resume/creator-platform/apps/ios/QelvoraApp.xcodeproj
    write-file /Users/yingpengwang/.codex/worktrees/w2-resume/creator-platform/tmp/w2-native-20261001/DerivedData/Build/Intermediates.noindex/QelvoraApp.build/Debug-iphonesimulator/QelvoraApp-29b244ef777fcfbcbef7f347c6fce175-VFS-iphonesimulator/all-product-headers.yaml

CreateBuildDirectory /Users/yingpengwang/.codex/worktrees/w2-resume/creator-platform/tmp/w2-native-20261001/DerivedData/Build/Products/Debug-iphonesimulator
    cd /Users/yingpengwang/.codex/worktrees/w2-resume/creator-platform/apps/ios/QelvoraApp.xcodeproj
    builtin-create-build-directory /Users/yingpengwang/.codex/worktrees/w2-resume/creator-platform/tmp/w2-native-20261001/DerivedData/Build/Products/Debug-iphonesimulator

CreateBuildDirectory /Users/yingpengwang/.codex/worktrees/w2-resume/creator-platform/tmp/w2-native-20261001/DerivedData/Build/Products/Debug-iphonesimulator/PackageFrameworks
    cd /Users/yingpengwang/.codex/worktrees/w2-resume/creator-platform/apps/ios/QelvoraApp.xcodeproj
    builtin-create-build-directory /Users/yingpengwang/.codex/worktrees/w2-resume/creator-platform/tmp/w2-native-20261001/DerivedData/Build/Products/Debug-iphonesimulator/PackageFrameworks

CreateBuildDirectory /Users/yingpengwang/.codex/worktrees/w2-resume/creator-platform/tmp/w2-native-20261001/DerivedData/Build/Intermediates.noindex/SwiftExplicitPrecompiledModules
    cd /Users/yingpengwang/.codex/worktrees/w2-resume/creator-platform/apps/ios/QelvoraApp.xcodeproj
    builtin-create-build-directory /Users/yingpengwang/.codex/worktrees/w2-resume/creator-platform/tmp/w2-native-20261001/DerivedData/Build/Intermediates.noindex/SwiftExplicitPrecompiledModules

CreateBuildDirectory /Users/yingpengwang/.codex/worktrees/w2-resume/creator-platform/tmp/w2-native-20261001/DerivedData/Build/Intermediates.noindex/ExplicitPrecompiledModules
    cd /Users/yingpengwang/.codex/worktrees/w2-resume/creator-platform/apps/ios/QelvoraApp.xcodeproj
    builtin-create-build-directory /Users/yingpengwang/.codex/worktrees/w2-resume/creator-platform/tmp/w2-native-20261001/DerivedData/Build/Intermediates.noindex/ExplicitPrecompiledModules

CreateBuildDirectory /Users/yingpengwang/.codex/worktrees/w2-resume/creator-platform/tmp/w2-native-20261001/DerivedData/Build/Intermediates.noindex/EagerLinkingTBDs/Debug-iphonesimulator
    cd /Users/yingpengwang/.codex/worktrees/w2-resume/creator-platform/apps/ios/QelvoraApp.xcodeproj
    builtin-create-build-directory /Users/yingpengwang/.codex/worktrees/w2-resume/creator-platform/tmp/w2-native-20261001/DerivedData/Build/Intermediates.noindex/EagerLinkingTBDs/Debug-iphonesimulator

WriteAuxiliaryFile /Users/yingpengwang/.codex/worktrees/w2-resume/creator-platform/tmp/w2-native-20261001/DerivedData/Build/Intermediates.noindex/QelvoraNative.build/Debug-iphonesimulator/QelvoraUI.build/QelvoraUI.modulemap (in target 'QelvoraUI' from project 'QelvoraNative')
    cd /Users/yingpengwang/.codex/worktrees/w2-resume/creator-platform/apps/ios
    write-file /Users/yingpengwang/.codex/worktrees/w2-resume/creator-platform/tmp/w2-native-20261001/DerivedData/Build/Intermediates.noindex/QelvoraNative.build/Debug-iphonesimulator/QelvoraUI.build/QelvoraUI.modulemap

WriteAuxiliaryFile /Users/yingpengwang/.codex/worktrees/w2-resume/creator-platform/tmp/w2-native-20261001/DerivedData/Build/Intermediates.noindex/QelvoraNative.build/Debug-iphonesimulator/QelvoraUI.build/QelvoraUI.DependencyStaticMetadataFileList (in target 'QelvoraUI' from project 'QelvoraNative')
    cd /Users/yingpengwang/.codex/worktrees/w2-resume/creator-platform/apps/ios
    write-file /Users/yingpengwang/.codex/worktrees/w2-resume/creator-platform/tmp/w2-native-20261001/DerivedData/Build/Intermediates.noindex/QelvoraNative.build/Debug-iphonesimulator/QelvoraUI.build/QelvoraUI.DependencyStaticMetadataFileList

WriteAuxiliaryFile /Users/yingpengwang/.codex/worktrees/w2-resume/creator-platform/tmp/w2-native-20261001/DerivedData/Build/Intermediates.noindex/QelvoraNative.build/Debug-iphonesimulator/QelvoraUI.build/QelvoraUI.DependencyMetadataFileList (in target 'QelvoraUI' from project 'QelvoraNative')
    cd /Users/yingpengwang/.codex/worktrees/w2-resume/creator-platform/apps/ios
    write-file /Users/yingpengwang/.codex/worktrees/w2-resume/creator-platform/tmp/w2-native-20261001/DerivedData/Build/Intermediates.noindex/QelvoraNative.build/Debug-iphonesimulator/QelvoraUI.build/QelvoraUI.DependencyMetadataFileList

WriteAuxiliaryFile /Users/yingpengwang/.codex/worktrees/w2-resume/creator-platform/tmp/w2-native-20261001/DerivedData/Build/Intermediates.noindex/QelvoraNative.build/Debug-iphonesimulator/QelvoraUI.build/Objects-normal/x86_64/QelvoraUI_const_extract_protocols.json (in target 'QelvoraUI' from project 'QelvoraNative')
    cd /Users/yingpengwang/.codex/worktrees/w2-resume/creator-platform/apps/ios
    write-file /Users/yingpengwang/.codex/worktrees/w2-resume/creator-platform/tmp/w2-native-20261001/DerivedData/Build/Intermediates.noindex/QelvoraNative.build/Debug-iphonesimulator/QelvoraUI.build/Objects-normal/x86_64/QelvoraUI_const_extract_protocols.json

WriteAuxiliaryFile /Users/yingpengwang/.codex/worktrees/w2-resume/creator-platform/tmp/w2-native-20261001/DerivedData/Build/Intermediates.noindex/QelvoraNative.build/Debug-iphonesimulator/QelvoraUI.build/Objects-normal/x86_64/QelvoraUI.SwiftFileList (in target 'QelvoraUI' from project 'QelvoraNative')
    cd /Users/yingpengwang/.codex/worktrees/w2-resume/creator-platform/apps/ios
    write-file /Users/yingpengwang/.codex/worktrees/w2-resume/creator-platform/tmp/w2-native-20261001/DerivedData/Build/Intermediates.noindex/QelvoraNative.build/Debug-iphonesimulator/QelvoraUI.build/Objects-normal/x86_64/QelvoraUI.SwiftFileList

WriteAuxiliaryFile /Users/yingpengwang/.codex/worktrees/w2-resume/creator-platform/tmp/w2-native-20261001/DerivedData/Build/Intermediates.noindex/QelvoraNative.build/Debug-iphonesimulator/QelvoraUI.build/Objects-normal/x86_64/QelvoraUI.SwiftConstValuesFileList (in target 'QelvoraUI' from project 'QelvoraNative')
    cd /Users/yingpengwang/.codex/worktrees/w2-resume/creator-platform/apps/ios
    write-file /Users/yingpengwang/.codex/worktrees/w2-resume/creator-platform/tmp/w2-native-20261001/DerivedData/Build/Intermediates.noindex/QelvoraNative.build/Debug-iphonesimulator/QelvoraUI.build/Objects-normal/x86_64/QelvoraUI.SwiftConstValuesFileList

WriteAuxiliaryFile /Users/yingpengwang/.codex/worktrees/w2-resume/creator-platform/tmp/w2-native-20261001/DerivedData/Build/Intermediates.noindex/QelvoraNative.build/Debug-iphonesimulator/QelvoraUI.build/Objects-normal/x86_64/QelvoraUI.LinkFileList (in target 'QelvoraUI' from project 'QelvoraNative')
    cd /Users/yingpengwang/.codex/worktrees/w2-resume/creator-platform/apps/ios
    write-file /Users/yingpengwang/.codex/worktrees/w2-resume/creator-platform/tmp/w2-native-20261001/DerivedData/Build/Intermediates.noindex/QelvoraNative.build/Debug-iphonesimulator/QelvoraUI.build/Objects-normal/x86_64/QelvoraUI.LinkFileList

WriteAuxiliaryFile /Users/yingpengwang/.codex/worktrees/w2-resume/creator-platform/tmp/w2-native-20261001/DerivedData/Build/Intermediates.noindex/QelvoraNative.build/Debug-iphonesimulator/QelvoraUI.build/Objects-normal/x86_64/QelvoraUI-OutputFileMap.json (in target 'QelvoraUI' from project 'QelvoraNative')
    cd /Users/yingpengwang/.codex/worktrees/w2-resume/creator-platform/apps/ios
    write-file /Users/yingpengwang/.codex/worktrees/w2-resume/creator-platform/tmp/w2-native-20261001/DerivedData/Build/Intermediates.noindex/QelvoraNative.build/Debug-iphonesimulator/QelvoraUI.build/Objects-normal/x86_64/QelvoraUI-OutputFileMap.json

WriteAuxiliaryFile /Users/yingpengwang/.codex/worktrees/w2-resume/creator-platform/tmp/w2-native-20261001/DerivedData/Build/Intermediates.noindex/QelvoraNative.build/Debug-iphonesimulator/QelvoraUI.build/Objects-normal/arm64/QelvoraUI_const_extract_protocols.json (in target 'QelvoraUI' from project 'QelvoraNative')
    cd /Users/yingpengwang/.codex/worktrees/w2-resume/creator-platform/apps/ios
    write-file /Users/yingpengwang/.codex/worktrees/w2-resume/creator-platform/tmp/w2-native-20261001/DerivedData/Build/Intermediates.noindex/QelvoraNative.build/Debug-iphonesimulator/QelvoraUI.build/Objects-normal/arm64/QelvoraUI_const_extract_protocols.json

WriteAuxiliaryFile /Users/yingpengwang/.codex/worktrees/w2-resume/creator-platform/tmp/w2-native-20261001/DerivedData/Build/Intermediates.noindex/QelvoraNative.build/Debug-iphonesimulator/QelvoraUI.build/Objects-normal/arm64/QelvoraUI.SwiftFileList (in target 'QelvoraUI' from project 'QelvoraNative')
    cd /Users/yingpengwang/.codex/worktrees/w2-resume/creator-platform/apps/ios
    write-file /Users/yingpengwang/.codex/worktrees/w2-resume/creator-platform/tmp/w2-native-20261001/DerivedData/Build/Intermediates.noindex/QelvoraNative.build/Debug-iphonesimulator/QelvoraUI.build/Objects-normal/arm64/QelvoraUI.SwiftFileList

WriteAuxiliaryFile /Users/yingpengwang/.codex/worktrees/w2-resume/creator-platform/tmp/w2-native-20261001/DerivedData/Build/Intermediates.noindex/QelvoraNative.build/Debug-iphonesimulator/QelvoraUI.build/Objects-normal/arm64/QelvoraUI.SwiftConstValuesFileList (in target 'QelvoraUI' from project 'QelvoraNative')
    cd /Users/yingpengwang/.codex/worktrees/w2-resume/creator-platform/apps/ios
    write-file /Users/yingpengwang/.codex/worktrees/w2-resume/creator-platform/tmp/w2-native-20261001/DerivedData/Build/Intermediates.noindex/QelvoraNative.build/Debug-iphonesimulator/QelvoraUI.build/Objects-normal/arm64/QelvoraUI.SwiftConstValuesFileList

WriteAuxiliaryFile /Users/yingpengwang/.codex/worktrees/w2-resume/creator-platform/tmp/w2-native-20261001/DerivedData/Build/Intermediates.noindex/QelvoraNative.build/Debug-iphonesimulator/QelvoraUI.build/Objects-normal/arm64/QelvoraUI.LinkFileList (in target 'QelvoraUI' from project 'QelvoraNative')
    cd /Users/yingpengwang/.codex/worktrees/w2-resume/creator-platform/apps/ios
    write-file /Users/yingpengwang/.codex/worktrees/w2-resume/creator-platform/tmp/w2-native-20261001/DerivedData/Build/Intermediates.noindex/QelvoraNative.build/Debug-iphonesimulator/QelvoraUI.build/Objects-normal/arm64/QelvoraUI.LinkFileList

WriteAuxiliaryFile /Users/yingpengwang/.codex/worktrees/w2-resume/creator-platform/tmp/w2-native-20261001/DerivedData/Build/Intermediates.noindex/QelvoraNative.build/Debug-iphonesimulator/QelvoraUI.build/Objects-normal/arm64/QelvoraUI-OutputFileMap.json (in target 'QelvoraUI' from project 'QelvoraNative')
    cd /Users/yingpengwang/.codex/worktrees/w2-resume/creator-platform/apps/ios
    write-file /Users/yingpengwang/.codex/worktrees/w2-resume/creator-platform/tmp/w2-native-20261001/DerivedData/Build/Intermediates.noindex/QelvoraNative.build/Debug-iphonesimulator/QelvoraUI.build/Objects-normal/arm64/QelvoraUI-OutputFileMap.json

WriteAuxiliaryFile /Users/yingpengwang/.codex/worktrees/w2-resume/creator-platform/tmp/w2-native-20261001/DerivedData/Build/Intermediates.noindex/QelvoraNative.build/Debug-iphonesimulator/QelvoraUI.build/DerivedSources/resource_bundle_accessor.swift (in target 'QelvoraUI' from project 'QelvoraNative')
    cd /Users/yingpengwang/.codex/worktrees/w2-resume/creator-platform/apps/ios
    write-file /Users/yingpengwang/.codex/worktrees/w2-resume/creator-platform/tmp/w2-native-20261001/DerivedData/Build/Intermediates.noindex/QelvoraNative.build/Debug-iphonesimulator/QelvoraUI.build/DerivedSources/resource_bundle_accessor.swift

Copy /Users/yingpengwang/.codex/worktrees/w2-resume/creator-platform/tmp/w2-native-20261001/DerivedData/Build/Intermediates.noindex/GeneratedModuleMaps-iphonesimulator/QelvoraUI.modulemap /Users/yingpengwang/.codex/worktrees/w2-resume/creator-platform/tmp/w2-native-20261001/DerivedData/Build/Intermediates.noindex/QelvoraNative.build/Debug-iphonesimulator/QelvoraUI.build/QelvoraUI.modulemap (in target 'QelvoraUI' from project 'QelvoraNative')
    cd /Users/yingpengwang/.codex/worktrees/w2-resume/creator-platform/apps/ios
    builtin-copy -exclude .DS_Store -exclude CVS -exclude .svn -exclude .git -exclude .hg -resolve-src-symlinks /Users/yingpengwang/.codex/worktrees/w2-resume/creator-platform/tmp/w2-native-20261001/DerivedData/Build/Intermediates.noindex/QelvoraNative.build/Debug-iphonesimulator/QelvoraUI.build/QelvoraUI.modulemap /Users/yingpengwang/.codex/worktrees/w2-resume/creator-platform/tmp/w2-native-20261001/DerivedData/Build/Intermediates.noindex/GeneratedModuleMaps-iphonesimulator

WriteAuxiliaryFile /Users/yingpengwang/.codex/worktrees/w2-resume/creator-platform/tmp/w2-native-20261001/DerivedData/Build/Intermediates.noindex/QelvoraNative.build/Debug-iphonesimulator/QelvoraNative_QelvoraUI.build/empty-QelvoraNative_QelvoraUI.plist (in target 'QelvoraNative_QelvoraUI' from project 'QelvoraNative')
    cd /Users/yingpengwang/.codex/worktrees/w2-resume/creator-platform/apps/ios
    write-file /Users/yingpengwang/.codex/worktrees/w2-resume/creator-platform/tmp/w2-native-20261001/DerivedData/Build/Intermediates.noindex/QelvoraNative.build/Debug-iphonesimulator/QelvoraNative_QelvoraUI.build/empty-QelvoraNative_QelvoraUI.plist

WriteAuxiliaryFile /Users/yingpengwang/.codex/worktrees/w2-resume/creator-platform/tmp/w2-native-20261001/DerivedData/Build/Intermediates.noindex/QelvoraNative.build/Debug-iphonesimulator/QelvoraNative_QelvoraUI.build/QelvoraNative_QelvoraUI.DependencyStaticMetadataFileList (in target 'QelvoraNative_QelvoraUI' from project 'QelvoraNative')
    cd /Users/yingpengwang/.codex/worktrees/w2-resume/creator-platform/apps/ios
    write-file /Users/yingpengwang/.codex/worktrees/w2-resume/creator-platform/tmp/w2-native-20261001/DerivedData/Build/Intermediates.noindex/QelvoraNative.build/Debug-iphonesimulator/QelvoraNative_QelvoraUI.build/QelvoraNative_QelvoraUI.DependencyStaticMetadataFileList

WriteAuxiliaryFile /Users/yingpengwang/.codex/worktrees/w2-resume/creator-platform/tmp/w2-native-20261001/DerivedData/Build/Intermediates.noindex/QelvoraNative.build/Debug-iphonesimulator/QelvoraNative_QelvoraUI.build/QelvoraNative_QelvoraUI.DependencyMetadataFileList (in target 'QelvoraNative_QelvoraUI' from project 'QelvoraNative')
    cd /Users/yingpengwang/.codex/worktrees/w2-resume/creator-platform/apps/ios
    write-file /Users/yingpengwang/.codex/worktrees/w2-resume/creator-platform/tmp/w2-native-20261001/DerivedData/Build/Intermediates.noindex/QelvoraNative.build/Debug-iphonesimulator/QelvoraNative_QelvoraUI.build/QelvoraNative_QelvoraUI.DependencyMetadataFileList

MkDir /Users/yingpengwang/.codex/worktrees/w2-resume/creator-platform/tmp/w2-native-20261001/DerivedData/Build/Products/Debug-iphonesimulator/QelvoraNative_QelvoraUI.bundle (in target 'QelvoraNative_QelvoraUI' from project 'QelvoraNative')
    cd /Users/yingpengwang/.codex/worktrees/w2-resume/creator-platform/apps/ios
    /bin/mkdir -p /Users/yingpengwang/.codex/worktrees/w2-resume/creator-platform/tmp/w2-native-20261001/DerivedData/Build/Products/Debug-iphonesimulator/QelvoraNative_QelvoraUI.bundle

WriteAuxiliaryFile /Users/yingpengwang/.codex/worktrees/w2-resume/creator-platform/tmp/w2-native-20261001/DerivedData/Build/Intermediates.noindex/QelvoraApp.build/Debug-iphonesimulator/QelvoraApp.build/QelvoraApp.hmap (in target 'QelvoraApp' from project 'QelvoraApp')
    cd /Users/yingpengwang/.codex/worktrees/w2-resume/creator-platform/apps/ios
    write-file /Users/yingpengwang/.codex/worktrees/w2-resume/creator-platform/tmp/w2-native-20261001/DerivedData/Build/Intermediates.noindex/QelvoraApp.build/Debug-iphonesimulator/QelvoraApp.build/QelvoraApp.hmap

WriteAuxiliaryFile /Users/yingpengwang/.codex/worktrees/w2-resume/creator-platform/tmp/w2-native-20261001/DerivedData/Build/Intermediates.noindex/QelvoraApp.build/Debug-iphonesimulator/QelvoraApp.build/QelvoraApp.DependencyStaticMetadataFileList (in target 'QelvoraApp' from project 'QelvoraApp')
    cd /Users/yingpengwang/.codex/worktrees/w2-resume/creator-platform/apps/ios
    write-file /Users/yingpengwang/.codex/worktrees/w2-resume/creator-platform/tmp/w2-native-20261001/DerivedData/Build/Intermediates.noindex/QelvoraApp.build/Debug-iphonesimulator/QelvoraApp.build/QelvoraApp.DependencyStaticMetadataFileList

WriteAuxiliaryFile /Users/yingpengwang/.codex/worktrees/w2-resume/creator-platform/tmp/w2-native-20261001/DerivedData/Build/Intermediates.noindex/QelvoraApp.build/Debug-iphonesimulator/QelvoraApp.build/QelvoraApp.DependencyMetadataFileList (in target 'QelvoraApp' from project 'QelvoraApp')
    cd /Users/yingpengwang/.codex/worktrees/w2-resume/creator-platform/apps/ios
    write-file /Users/yingpengwang/.codex/worktrees/w2-resume/creator-platform/tmp/w2-native-20261001/DerivedData/Build/Intermediates.noindex/QelvoraApp.build/Debug-iphonesimulator/QelvoraApp.build/QelvoraApp.DependencyMetadataFileList

WriteAuxiliaryFile /Users/yingpengwang/.codex/worktrees/w2-resume/creator-platform/tmp/w2-native-20261001/DerivedData/Build/Intermediates.noindex/QelvoraApp.build/Debug-iphonesimulator/QelvoraApp.build/QelvoraApp-project-headers.hmap (in target 'QelvoraApp' from project 'QelvoraApp')
    cd /Users/yingpengwang/.codex/worktrees/w2-resume/creator-platform/apps/ios
    write-file /Users/yingpengwang/.codex/worktrees/w2-resume/creator-platform/tmp/w2-native-20261001/DerivedData/Build/Intermediates.noindex/QelvoraApp.build/Debug-iphonesimulator/QelvoraApp.build/QelvoraApp-project-headers.hmap

WriteAuxiliaryFile /Users/yingpengwang/.codex/worktrees/w2-resume/creator-platform/tmp/w2-native-20261001/DerivedData/Build/Intermediates.noindex/QelvoraApp.build/Debug-iphonesimulator/QelvoraApp.build/QelvoraApp-own-target-headers.hmap (in target 'QelvoraApp' from project 'QelvoraApp')
    cd /Users/yingpengwang/.codex/worktrees/w2-resume/creator-platform/apps/ios
    write-file /Users/yingpengwang/.codex/worktrees/w2-resume/creator-platform/tmp/w2-native-20261001/DerivedData/Build/Intermediates.noindex/QelvoraApp.build/Debug-iphonesimulator/QelvoraApp.build/QelvoraApp-own-target-headers.hmap

WriteAuxiliaryFile /Users/yingpengwang/.codex/worktrees/w2-resume/creator-platform/tmp/w2-native-20261001/DerivedData/Build/Intermediates.noindex/QelvoraApp.build/Debug-iphonesimulator/QelvoraApp.build/QelvoraApp-generated-files.hmap (in target 'QelvoraApp' from project 'QelvoraApp')
    cd /Users/yingpengwang/.codex/worktrees/w2-resume/creator-platform/apps/ios
    write-file /Users/yingpengwang/.codex/worktrees/w2-resume/creator-platform/tmp/w2-native-20261001/DerivedData/Build/Intermediates.noindex/QelvoraApp.build/Debug-iphonesimulator/QelvoraApp.build/QelvoraApp-generated-files.hmap

WriteAuxiliaryFile /Users/yingpengwang/.codex/worktrees/w2-resume/creator-platform/tmp/w2-native-20261001/DerivedData/Build/Intermediates.noindex/QelvoraApp.build/Debug-iphonesimulator/QelvoraApp.build/QelvoraApp-all-target-headers.hmap (in target 'QelvoraApp' from project 'QelvoraApp')
    cd /Users/yingpengwang/.codex/worktrees/w2-resume/creator-platform/apps/ios
    write-file /Users/yingpengwang/.codex/worktrees/w2-resume/creator-platform/tmp/w2-native-20261001/DerivedData/Build/Intermediates.noindex/QelvoraApp.build/Debug-iphonesimulator/QelvoraApp.build/QelvoraApp-all-target-headers.hmap

WriteAuxiliaryFile /Users/yingpengwang/.codex/worktrees/w2-resume/creator-platform/tmp/w2-native-20261001/DerivedData/Build/Intermediates.noindex/QelvoraApp.build/Debug-iphonesimulator/QelvoraApp.build/QelvoraApp-all-non-framework-target-headers.hmap (in target 'QelvoraApp' from project 'QelvoraApp')
    cd /Users/yingpengwang/.codex/worktrees/w2-resume/creator-platform/apps/ios
    write-file /Users/yingpengwang/.codex/worktrees/w2-resume/creator-platform/tmp/w2-native-20261001/DerivedData/Build/Intermediates.noindex/QelvoraApp.build/Debug-iphonesimulator/QelvoraApp.build/QelvoraApp-all-non-framework-target-headers.hmap

WriteAuxiliaryFile /Users/yingpengwang/.codex/worktrees/w2-resume/creator-platform/tmp/w2-native-20261001/DerivedData/Build/Intermediates.noindex/QelvoraApp.build/Debug-iphonesimulator/QelvoraApp.build/QelvoraApp-DebugDylibPath-normal-x86_64.txt (in target 'QelvoraApp' from project 'QelvoraApp')
    cd /Users/yingpengwang/.codex/worktrees/w2-resume/creator-platform/apps/ios
    write-file /Users/yingpengwang/.codex/worktrees/w2-resume/creator-platform/tmp/w2-native-20261001/DerivedData/Build/Intermediates.noindex/QelvoraApp.build/Debug-iphonesimulator/QelvoraApp.build/QelvoraApp-DebugDylibPath-normal-x86_64.txt

WriteAuxiliaryFile /Users/yingpengwang/.codex/worktrees/w2-resume/creator-platform/tmp/w2-native-20261001/DerivedData/Build/Intermediates.noindex/QelvoraApp.build/Debug-iphonesimulator/QelvoraApp.build/QelvoraApp-DebugDylibPath-normal-arm64.txt (in target 'QelvoraApp' from project 'QelvoraApp')
    cd /Users/yingpengwang/.codex/worktrees/w2-resume/creator-platform/apps/ios
    write-file /Users/yingpengwang/.codex/worktrees/w2-resume/creator-platform/tmp/w2-native-20261001/DerivedData/Build/Intermediates.noindex/QelvoraApp.build/Debug-iphonesimulator/QelvoraApp.build/QelvoraApp-DebugDylibPath-normal-arm64.txt

WriteAuxiliaryFile /Users/yingpengwang/.codex/worktrees/w2-resume/creator-platform/tmp/w2-native-20261001/DerivedData/Build/Intermediates.noindex/QelvoraApp.build/Debug-iphonesimulator/QelvoraApp.build/QelvoraApp-DebugDylibInstallName-normal-x86_64.txt (in target 'QelvoraApp' from project 'QelvoraApp')
    cd /Users/yingpengwang/.codex/worktrees/w2-resume/creator-platform/apps/ios
    write-file /Users/yingpengwang/.codex/worktrees/w2-resume/creator-platform/tmp/w2-native-20261001/DerivedData/Build/Intermediates.noindex/QelvoraApp.build/Debug-iphonesimulator/QelvoraApp.build/QelvoraApp-DebugDylibInstallName-normal-x86_64.txt

WriteAuxiliaryFile /Users/yingpengwang/.codex/worktrees/w2-resume/creator-platform/tmp/w2-native-20261001/DerivedData/Build/Intermediates.noindex/QelvoraApp.build/Debug-iphonesimulator/QelvoraApp.build/QelvoraApp-DebugDylibInstallName-normal-arm64.txt (in target 'QelvoraApp' from project 'QelvoraApp')
    cd /Users/yingpengwang/.codex/worktrees/w2-resume/creator-platform/apps/ios
    write-file /Users/yingpengwang/.codex/worktrees/w2-resume/creator-platform/tmp/w2-native-20261001/DerivedData/Build/Intermediates.noindex/QelvoraApp.build/Debug-iphonesimulator/QelvoraApp.build/QelvoraApp-DebugDylibInstallName-normal-arm64.txt

WriteAuxiliaryFile /Users/yingpengwang/.codex/worktrees/w2-resume/creator-platform/tmp/w2-native-20261001/DerivedData/Build/Intermediates.noindex/QelvoraApp.build/Debug-iphonesimulator/QelvoraApp.build/Objects-normal/x86_64/QelvoraApp_const_extract_protocols.json (in target 'QelvoraApp' from project 'QelvoraApp')
    cd /Users/yingpengwang/.codex/worktrees/w2-resume/creator-platform/apps/ios
    write-file /Users/yingpengwang/.codex/worktrees/w2-resume/creator-platform/tmp/w2-native-20261001/DerivedData/Build/Intermediates.noindex/QelvoraApp.build/Debug-iphonesimulator/QelvoraApp.build/Objects-normal/x86_64/QelvoraApp_const_extract_protocols.json

WriteAuxiliaryFile /Users/yingpengwang/.codex/worktrees/w2-resume/creator-platform/tmp/w2-native-20261001/DerivedData/Build/Intermediates.noindex/QelvoraApp.build/Debug-iphonesimulator/QelvoraApp.build/Objects-normal/x86_64/QelvoraApp.SwiftFileList (in target 'QelvoraApp' from project 'QelvoraApp')
    cd /Users/yingpengwang/.codex/worktrees/w2-resume/creator-platform/apps/ios
    write-file /Users/yingpengwang/.codex/worktrees/w2-resume/creator-platform/tmp/w2-native-20261001/DerivedData/Build/Intermediates.noindex/QelvoraApp.build/Debug-iphonesimulator/QelvoraApp.build/Objects-normal/x86_64/QelvoraApp.SwiftFileList

WriteAuxiliaryFile /Users/yingpengwang/.codex/worktrees/w2-resume/creator-platform/tmp/w2-native-20261001/DerivedData/Build/Intermediates.noindex/QelvoraApp.build/Debug-iphonesimulator/QelvoraApp.build/Objects-normal/x86_64/QelvoraApp.SwiftConstValuesFileList (in target 'QelvoraApp' from project 'QelvoraApp')
    cd /Users/yingpengwang/.codex/worktrees/w2-resume/creator-platform/apps/ios
    write-file /Users/yingpengwang/.codex/worktrees/w2-resume/creator-platform/tmp/w2-native-20261001/DerivedData/Build/Intermediates.noindex/QelvoraApp.build/Debug-iphonesimulator/QelvoraApp.build/Objects-normal/x86_64/QelvoraApp.SwiftConstValuesFileList

WriteAuxiliaryFile /Users/yingpengwang/.codex/worktrees/w2-resume/creator-platform/tmp/w2-native-20261001/DerivedData/Build/Intermediates.noindex/QelvoraApp.build/Debug-iphonesimulator/QelvoraApp.build/Objects-normal/x86_64/QelvoraApp.LinkFileList (in target 'QelvoraApp' from project 'QelvoraApp')
    cd /Users/yingpengwang/.codex/worktrees/w2-resume/creator-platform/apps/ios
    write-file /Users/yingpengwang/.codex/worktrees/w2-resume/creator-platform/tmp/w2-native-20261001/DerivedData/Build/Intermediates.noindex/QelvoraApp.build/Debug-iphonesimulator/QelvoraApp.build/Objects-normal/x86_64/QelvoraApp.LinkFileList

WriteAuxiliaryFile /Users/yingpengwang/.codex/worktrees/w2-resume/creator-platform/tmp/w2-native-20261001/DerivedData/Build/Intermediates.noindex/QelvoraApp.build/Debug-iphonesimulator/QelvoraApp.build/Objects-normal/x86_64/QelvoraApp-OutputFileMap.json (in target 'QelvoraApp' from project 'QelvoraApp')
    cd /Users/yingpengwang/.codex/worktrees/w2-resume/creator-platform/apps/ios
    write-file /Users/yingpengwang/.codex/worktrees/w2-resume/creator-platform/tmp/w2-native-20261001/DerivedData/Build/Intermediates.noindex/QelvoraApp.build/Debug-iphonesimulator/QelvoraApp.build/Objects-normal/x86_64/QelvoraApp-OutputFileMap.json

WriteAuxiliaryFile /Users/yingpengwang/.codex/worktrees/w2-resume/creator-platform/tmp/w2-native-20261001/DerivedData/Build/Intermediates.noindex/QelvoraApp.build/Debug-iphonesimulator/QelvoraApp.build/Objects-normal/arm64/QelvoraApp_const_extract_protocols.json (in target 'QelvoraApp' from project 'QelvoraApp')
    cd /Users/yingpengwang/.codex/worktrees/w2-resume/creator-platform/apps/ios
    write-file /Users/yingpengwang/.codex/worktrees/w2-resume/creator-platform/tmp/w2-native-20261001/DerivedData/Build/Intermediates.noindex/QelvoraApp.build/Debug-iphonesimulator/QelvoraApp.build/Objects-normal/arm64/QelvoraApp_const_extract_protocols.json

WriteAuxiliaryFile /Users/yingpengwang/.codex/worktrees/w2-resume/creator-platform/tmp/w2-native-20261001/DerivedData/Build/Intermediates.noindex/QelvoraApp.build/Debug-iphonesimulator/QelvoraApp.build/Objects-normal/arm64/QelvoraApp.SwiftFileList (in target 'QelvoraApp' from project 'QelvoraApp')
    cd /Users/yingpengwang/.codex/worktrees/w2-resume/creator-platform/apps/ios
    write-file /Users/yingpengwang/.codex/worktrees/w2-resume/creator-platform/tmp/w2-native-20261001/DerivedData/Build/Intermediates.noindex/QelvoraApp.build/Debug-iphonesimulator/QelvoraApp.build/Objects-normal/arm64/QelvoraApp.SwiftFileList

WriteAuxiliaryFile /Users/yingpengwang/.codex/worktrees/w2-resume/creator-platform/tmp/w2-native-20261001/DerivedData/Build/Intermediates.noindex/QelvoraApp.build/Debug-iphonesimulator/QelvoraApp.build/Objects-normal/arm64/QelvoraApp.SwiftConstValuesFileList (in target 'QelvoraApp' from project 'QelvoraApp')
    cd /Users/yingpengwang/.codex/worktrees/w2-resume/creator-platform/apps/ios
    write-file /Users/yingpengwang/.codex/worktrees/w2-resume/creator-platform/tmp/w2-native-20261001/DerivedData/Build/Intermediates.noindex/QelvoraApp.build/Debug-iphonesimulator/QelvoraApp.build/Objects-normal/arm64/QelvoraApp.SwiftConstValuesFileList

WriteAuxiliaryFile /Users/yingpengwang/.codex/worktrees/w2-resume/creator-platform/tmp/w2-native-20261001/DerivedData/Build/Intermediates.noindex/QelvoraApp.build/Debug-iphonesimulator/QelvoraApp.build/Objects-normal/arm64/QelvoraApp.LinkFileList (in target 'QelvoraApp' from project 'QelvoraApp')
    cd /Users/yingpengwang/.codex/worktrees/w2-resume/creator-platform/apps/ios
    write-file /Users/yingpengwang/.codex/worktrees/w2-resume/creator-platform/tmp/w2-native-20261001/DerivedData/Build/Intermediates.noindex/QelvoraApp.build/Debug-iphonesimulator/QelvoraApp.build/Objects-normal/arm64/QelvoraApp.LinkFileList

WriteAuxiliaryFile /Users/yingpengwang/.codex/worktrees/w2-resume/creator-platform/tmp/w2-native-20261001/DerivedData/Build/Intermediates.noindex/QelvoraApp.build/Debug-iphonesimulator/QelvoraApp.build/Objects-normal/arm64/QelvoraApp-OutputFileMap.json (in target 'QelvoraApp' from project 'QelvoraApp')
    cd /Users/yingpengwang/.codex/worktrees/w2-resume/creator-platform/apps/ios
    write-file /Users/yingpengwang/.codex/worktrees/w2-resume/creator-platform/tmp/w2-native-20261001/DerivedData/Build/Intermediates.noindex/QelvoraApp.build/Debug-iphonesimulator/QelvoraApp.build/Objects-normal/arm64/QelvoraApp-OutputFileMap.json

WriteAuxiliaryFile /Users/yingpengwang/.codex/worktrees/w2-resume/creator-platform/tmp/w2-native-20261001/DerivedData/Build/Intermediates.noindex/QelvoraApp.build/Debug-iphonesimulator/QelvoraApp.build/DerivedSources/Entitlements-Simulated.plist (in target 'QelvoraApp' from project 'QelvoraApp')
    cd /Users/yingpengwang/.codex/worktrees/w2-resume/creator-platform/apps/ios
    write-file /Users/yingpengwang/.codex/worktrees/w2-resume/creator-platform/tmp/w2-native-20261001/DerivedData/Build/Intermediates.noindex/QelvoraApp.build/Debug-iphonesimulator/QelvoraApp.build/DerivedSources/Entitlements-Simulated.plist

MkDir /Users/yingpengwang/.codex/worktrees/w2-resume/creator-platform/tmp/w2-native-20261001/DerivedData/Build/Products/Debug-iphonesimulator/QelvoraApp.app (in target 'QelvoraApp' from project 'QelvoraApp')
    cd /Users/yingpengwang/.codex/worktrees/w2-resume/creator-platform/apps/ios
    /bin/mkdir -p /Users/yingpengwang/.codex/worktrees/w2-resume/creator-platform/tmp/w2-native-20261001/DerivedData/Build/Products/Debug-iphonesimulator/QelvoraApp.app

ProcessInfoPlistFile /Users/yingpengwang/.codex/worktrees/w2-resume/creator-platform/tmp/w2-native-20261001/DerivedData/Build/Products/Debug-iphonesimulator/QelvoraNative_QelvoraUI.bundle/Info.plist /Users/yingpengwang/.codex/worktrees/w2-resume/creator-platform/tmp/w2-native-20261001/DerivedData/Build/Intermediates.noindex/QelvoraNative.build/Debug-iphonesimulator/QelvoraNative_QelvoraUI.build/empty-QelvoraNative_QelvoraUI.plist (in target 'QelvoraNative_QelvoraUI' from project 'QelvoraNative')
    cd /Users/yingpengwang/.codex/worktrees/w2-resume/creator-platform/apps/ios
    builtin-infoPlistUtility /Users/yingpengwang/.codex/worktrees/w2-resume/creator-platform/tmp/w2-native-20261001/DerivedData/Build/Intermediates.noindex/QelvoraNative.build/Debug-iphonesimulator/QelvoraNative_QelvoraUI.build/empty-QelvoraNative_QelvoraUI.plist -producttype com.apple.product-type.bundle -expandbuildsettings -format binary -platform iphonesimulator -o /Users/yingpengwang/.codex/worktrees/w2-resume/creator-platform/tmp/w2-native-20261001/DerivedData/Build/Products/Debug-iphonesimulator/QelvoraNative_QelvoraUI.bundle/Info.plist

CpResource /Users/yingpengwang/.codex/worktrees/w2-resume/creator-platform/tmp/w2-native-20261001/DerivedData/Build/Products/Debug-iphonesimulator/QelvoraNative_QelvoraUI.bundle/Newsreader.ttf /Users/yingpengwang/.codex/worktrees/w2-resume/creator-platform/apps/ios/Sources/Resources/Fonts/Newsreader.ttf (in target 'QelvoraNative_QelvoraUI' from project 'QelvoraNative')
    cd /Users/yingpengwang/.codex/worktrees/w2-resume/creator-platform/apps/ios
    builtin-copy -exclude .DS_Store -exclude CVS -exclude .svn -exclude .git -exclude .hg -resolve-src-symlinks /Users/yingpengwang/.codex/worktrees/w2-resume/creator-platform/apps/ios/Sources/Resources/Fonts/Newsreader.ttf /Users/yingpengwang/.codex/worktrees/w2-resume/creator-platform/tmp/w2-native-20261001/DerivedData/Build/Products/Debug-iphonesimulator/QelvoraNative_QelvoraUI.bundle

CpResource /Users/yingpengwang/.codex/worktrees/w2-resume/creator-platform/tmp/w2-native-20261001/DerivedData/Build/Products/Debug-iphonesimulator/QelvoraNative_QelvoraUI.bundle/Newsreader-OFL.txt /Users/yingpengwang/.codex/worktrees/w2-resume/creator-platform/apps/ios/Sources/Resources/Fonts/Newsreader-OFL.txt (in target 'QelvoraNative_QelvoraUI' from project 'QelvoraNative')
    cd /Users/yingpengwang/.codex/worktrees/w2-resume/creator-platform/apps/ios
    builtin-copy -exclude .DS_Store -exclude CVS -exclude .svn -exclude .git -exclude .hg -resolve-src-symlinks /Users/yingpengwang/.codex/worktrees/w2-resume/creator-platform/apps/ios/Sources/Resources/Fonts/Newsreader-OFL.txt /Users/yingpengwang/.codex/worktrees/w2-resume/creator-platform/tmp/w2-native-20261001/DerivedData/Build/Products/Debug-iphonesimulator/QelvoraNative_QelvoraUI.bundle

CpResource /Users/yingpengwang/.codex/worktrees/w2-resume/creator-platform/tmp/w2-native-20261001/DerivedData/Build/Products/Debug-iphonesimulator/QelvoraNative_QelvoraUI.bundle/Newsreader-Italic.ttf /Users/yingpengwang/.codex/worktrees/w2-resume/creator-platform/apps/ios/Sources/Resources/Fonts/Newsreader-Italic.ttf (in target 'QelvoraNative_QelvoraUI' from project 'QelvoraNative')
    cd /Users/yingpengwang/.codex/worktrees/w2-resume/creator-platform/apps/ios
    builtin-copy -exclude .DS_Store -exclude CVS -exclude .svn -exclude .git -exclude .hg -resolve-src-symlinks /Users/yingpengwang/.codex/worktrees/w2-resume/creator-platform/apps/ios/Sources/Resources/Fonts/Newsreader-Italic.ttf /Users/yingpengwang/.codex/worktrees/w2-resume/creator-platform/tmp/w2-native-20261001/DerivedData/Build/Products/Debug-iphonesimulator/QelvoraNative_QelvoraUI.bundle

CpResource /Users/yingpengwang/.codex/worktrees/w2-resume/creator-platform/tmp/w2-native-20261001/DerivedData/Build/Products/Debug-iphonesimulator/QelvoraNative_QelvoraUI.bundle/Glyphs.json /Users/yingpengwang/.codex/worktrees/w2-resume/creator-platform/apps/ios/Sources/Resources/Glyphs.json (in target 'QelvoraNative_QelvoraUI' from project 'QelvoraNative')
    cd /Users/yingpengwang/.codex/worktrees/w2-resume/creator-platform/apps/ios
    builtin-copy -exclude .DS_Store -exclude CVS -exclude .svn -exclude .git -exclude .hg -resolve-src-symlinks /Users/yingpengwang/.codex/worktrees/w2-resume/creator-platform/apps/ios/Sources/Resources/Glyphs.json /Users/yingpengwang/.codex/worktrees/w2-resume/creator-platform/tmp/w2-native-20261001/DerivedData/Build/Products/Debug-iphonesimulator/QelvoraNative_QelvoraUI.bundle

CpResource /Users/yingpengwang/.codex/worktrees/w2-resume/creator-platform/tmp/w2-native-20261001/DerivedData/Build/Products/Debug-iphonesimulator/QelvoraNative_QelvoraUI.bundle/GeistMono.ttf /Users/yingpengwang/.codex/worktrees/w2-resume/creator-platform/apps/ios/Sources/Resources/Fonts/GeistMono.ttf (in target 'QelvoraNative_QelvoraUI' from project 'QelvoraNative')
    cd /Users/yingpengwang/.codex/worktrees/w2-resume/creator-platform/apps/ios
    builtin-copy -exclude .DS_Store -exclude CVS -exclude .svn -exclude .git -exclude .hg -resolve-src-symlinks /Users/yingpengwang/.codex/worktrees/w2-resume/creator-platform/apps/ios/Sources/Resources/Fonts/GeistMono.ttf /Users/yingpengwang/.codex/worktrees/w2-resume/creator-platform/tmp/w2-native-20261001/DerivedData/Build/Products/Debug-iphonesimulator/QelvoraNative_QelvoraUI.bundle

CpResource /Users/yingpengwang/.codex/worktrees/w2-resume/creator-platform/tmp/w2-native-20261001/DerivedData/Build/Products/Debug-iphonesimulator/QelvoraNative_QelvoraUI.bundle/GeistMono-OFL.txt /Users/yingpengwang/.codex/worktrees/w2-resume/creator-platform/apps/ios/Sources/Resources/Fonts/GeistMono-OFL.txt (in target 'QelvoraNative_QelvoraUI' from project 'QelvoraNative')
    cd /Users/yingpengwang/.codex/worktrees/w2-resume/creator-platform/apps/ios
    builtin-copy -exclude .DS_Store -exclude CVS -exclude .svn -exclude .git -exclude .hg -resolve-src-symlinks /Users/yingpengwang/.codex/worktrees/w2-resume/creator-platform/apps/ios/Sources/Resources/Fonts/GeistMono-OFL.txt /Users/yingpengwang/.codex/worktrees/w2-resume/creator-platform/tmp/w2-native-20261001/DerivedData/Build/Products/Debug-iphonesimulator/QelvoraNative_QelvoraUI.bundle

CpResource /Users/yingpengwang/.codex/worktrees/w2-resume/creator-platform/tmp/w2-native-20261001/DerivedData/Build/Products/Debug-iphonesimulator/QelvoraNative_QelvoraUI.bundle/GeistMono-Italic.ttf /Users/yingpengwang/.codex/worktrees/w2-resume/creator-platform/apps/ios/Sources/Resources/Fonts/GeistMono-Italic.ttf (in target 'QelvoraNative_QelvoraUI' from project 'QelvoraNative')
    cd /Users/yingpengwang/.codex/worktrees/w2-resume/creator-platform/apps/ios
    builtin-copy -exclude .DS_Store -exclude CVS -exclude .svn -exclude .git -exclude .hg -resolve-src-symlinks /Users/yingpengwang/.codex/worktrees/w2-resume/creator-platform/apps/ios/Sources/Resources/Fonts/GeistMono-Italic.ttf /Users/yingpengwang/.codex/worktrees/w2-resume/creator-platform/tmp/w2-native-20261001/DerivedData/Build/Products/Debug-iphonesimulator/QelvoraNative_QelvoraUI.bundle

CpResource /Users/yingpengwang/.codex/worktrees/w2-resume/creator-platform/tmp/w2-native-20261001/DerivedData/Build/Products/Debug-iphonesimulator/QelvoraNative_QelvoraUI.bundle/Geist.ttf /Users/yingpengwang/.codex/worktrees/w2-resume/creator-platform/apps/ios/Sources/Resources/Fonts/Geist.ttf (in target 'QelvoraNative_QelvoraUI' from project 'QelvoraNative')
    cd /Users/yingpengwang/.codex/worktrees/w2-resume/creator-platform/apps/ios
    builtin-copy -exclude .DS_Store -exclude CVS -exclude .svn -exclude .git -exclude .hg -resolve-src-symlinks /Users/yingpengwang/.codex/worktrees/w2-resume/creator-platform/apps/ios/Sources/Resources/Fonts/Geist.ttf /Users/yingpengwang/.codex/worktrees/w2-resume/creator-platform/tmp/w2-native-20261001/DerivedData/Build/Products/Debug-iphonesimulator/QelvoraNative_QelvoraUI.bundle

CpResource /Users/yingpengwang/.codex/worktrees/w2-resume/creator-platform/tmp/w2-native-20261001/DerivedData/Build/Products/Debug-iphonesimulator/QelvoraNative_QelvoraUI.bundle/Geist-OFL.txt /Users/yingpengwang/.codex/worktrees/w2-resume/creator-platform/apps/ios/Sources/Resources/Fonts/Geist-OFL.txt (in target 'QelvoraNative_QelvoraUI' from project 'QelvoraNative')
    cd /Users/yingpengwang/.codex/worktrees/w2-resume/creator-platform/apps/ios
    builtin-copy -exclude .DS_Store -exclude CVS -exclude .svn -exclude .git -exclude .hg -resolve-src-symlinks /Users/yingpengwang/.codex/worktrees/w2-resume/creator-platform/apps/ios/Sources/Resources/Fonts/Geist-OFL.txt /Users/yingpengwang/.codex/worktrees/w2-resume/creator-platform/tmp/w2-native-20261001/DerivedData/Build/Products/Debug-iphonesimulator/QelvoraNative_QelvoraUI.bundle

CpResource /Users/yingpengwang/.codex/worktrees/w2-resume/creator-platform/tmp/w2-native-20261001/DerivedData/Build/Products/Debug-iphonesimulator/QelvoraNative_QelvoraUI.bundle/Geist-Italic.ttf /Users/yingpengwang/.codex/worktrees/w2-resume/creator-platform/apps/ios/Sources/Resources/Fonts/Geist-Italic.ttf (in target 'QelvoraNative_QelvoraUI' from project 'QelvoraNative')
    cd /Users/yingpengwang/.codex/worktrees/w2-resume/creator-platform/apps/ios
    builtin-copy -exclude .DS_Store -exclude CVS -exclude .svn -exclude .git -exclude .hg -resolve-src-symlinks /Users/yingpengwang/.codex/worktrees/w2-resume/creator-platform/apps/ios/Sources/Resources/Fonts/Geist-Italic.ttf /Users/yingpengwang/.codex/worktrees/w2-resume/creator-platform/tmp/w2-native-20261001/DerivedData/Build/Products/Debug-iphonesimulator/QelvoraNative_QelvoraUI.bundle

CompileXCStrings /Users/yingpengwang/.codex/worktrees/w2-resume/creator-platform/tmp/w2-native-20261001/DerivedData/Build/Intermediates.noindex/QelvoraNative.build/Debug-iphonesimulator/QelvoraNative_QelvoraUI.build/ /Users/yingpengwang/.codex/worktrees/w2-resume/creator-platform/apps/ios/Sources/Generated/Localizable.xcstrings (in target 'QelvoraNative_QelvoraUI' from project 'QelvoraNative')
    cd /Users/yingpengwang/.codex/worktrees/w2-resume/creator-platform/apps/ios
    /Applications/Xcode.app/Contents/Developer/usr/bin/xcstringstool compile --output-directory /Users/yingpengwang/.codex/worktrees/w2-resume/creator-platform/tmp/w2-native-20261001/DerivedData/Build/Intermediates.noindex/QelvoraNative.build/Debug-iphonesimulator/QelvoraNative_QelvoraUI.build /Users/yingpengwang/.codex/worktrees/w2-resume/creator-platform/apps/ios/Sources/Generated/Localizable.xcstrings

CopyStringsFile /Users/yingpengwang/.codex/worktrees/w2-resume/creator-platform/tmp/w2-native-20261001/DerivedData/Build/Products/Debug-iphonesimulator/QelvoraNative_QelvoraUI.bundle/en.lproj/Localizable.strings /Users/yingpengwang/.codex/worktrees/w2-resume/creator-platform/tmp/w2-native-20261001/DerivedData/Build/Intermediates.noindex/QelvoraNative.build/Debug-iphonesimulator/QelvoraNative_QelvoraUI.build/en.lproj/Localizable.strings (in target 'QelvoraNative_QelvoraUI' from project 'QelvoraNative')
    cd /Users/yingpengwang/.codex/worktrees/w2-resume/creator-platform/apps/ios
    builtin-copyStrings --validate --outputencoding binary --outfilename Localizable.strings --outdir /Users/yingpengwang/.codex/worktrees/w2-resume/creator-platform/tmp/w2-native-20261001/DerivedData/Build/Products/Debug-iphonesimulator/QelvoraNative_QelvoraUI.bundle/en.lproj -- /Users/yingpengwang/.codex/worktrees/w2-resume/creator-platform/tmp/w2-native-20261001/DerivedData/Build/Intermediates.noindex/QelvoraNative.build/Debug-iphonesimulator/QelvoraNative_QelvoraUI.build/en.lproj/Localizable.strings
/Users/yingpengwang/.codex/worktrees/w2-resume/creator-platform/tmp/w2-native-20261001/DerivedData/Build/Intermediates.noindex/QelvoraNative.build/Debug-iphonesimulator/QelvoraNative_QelvoraUI.build/en.lproj/Localizable.strings:1:1: note: detected encoding of input file as Unicode (UTF-8) (in target 'QelvoraNative_QelvoraUI' from project 'QelvoraNative')

CodeSign /Users/yingpengwang/.codex/worktrees/w2-resume/creator-platform/tmp/w2-native-20261001/DerivedData/Build/Products/Debug-iphonesimulator/QelvoraNative_QelvoraUI.bundle (in target 'QelvoraNative_QelvoraUI' from project 'QelvoraNative')
    cd /Users/yingpengwang/.codex/worktrees/w2-resume/creator-platform/apps/ios
    
    Signing Identity:     "Sign to Run Locally"
    
    /usr/bin/codesign --force --sign - --timestamp\=none --generate-entitlement-der /Users/yingpengwang/.codex/worktrees/w2-resume/creator-platform/tmp/w2-native-20261001/DerivedData/Build/Products/Debug-iphonesimulator/QelvoraNative_QelvoraUI.bundle

RegisterExecutionPolicyException /Users/yingpengwang/.codex/worktrees/w2-resume/creator-platform/tmp/w2-native-20261001/DerivedData/Build/Products/Debug-iphonesimulator/QelvoraNative_QelvoraUI.bundle (in target 'QelvoraNative_QelvoraUI' from project 'QelvoraNative')
    cd /Users/yingpengwang/.codex/worktrees/w2-resume/creator-platform/apps/ios
    builtin-RegisterExecutionPolicyException /Users/yingpengwang/.codex/worktrees/w2-resume/creator-platform/tmp/w2-native-20261001/DerivedData/Build/Products/Debug-iphonesimulator/QelvoraNative_QelvoraUI.bundle

Touch /Users/yingpengwang/.codex/worktrees/w2-resume/creator-platform/tmp/w2-native-20261001/DerivedData/Build/Products/Debug-iphonesimulator/QelvoraNative_QelvoraUI.bundle (in target 'QelvoraNative_QelvoraUI' from project 'QelvoraNative')
    cd /Users/yingpengwang/.codex/worktrees/w2-resume/creator-platform/apps/ios
    /usr/bin/touch -c /Users/yingpengwang/.codex/worktrees/w2-resume/creator-platform/tmp/w2-native-20261001/DerivedData/Build/Products/Debug-iphonesimulator/QelvoraNative_QelvoraUI.bundle

SwiftDriver QelvoraUI normal arm64 com.apple.xcode.tools.swift.compiler (in target 'QelvoraUI' from project 'QelvoraNative')
    cd /Users/yingpengwang/.codex/worktrees/w2-resume/creator-platform/apps/ios/QelvoraApp.xcodeproj
    builtin-SwiftDriver -- /Applications/Xcode.app/Contents/Developer/Toolchains/XcodeDefault.xctoolchain/usr/bin/swiftc -module-name QelvoraUI -Onone @/Users/yingpengwang/.codex/worktrees/w2-resume/creator-platform/tmp/w2-native-20261001/DerivedData/Build/Intermediates.noindex/QelvoraNative.build/Debug-iphonesimulator/QelvoraUI.build/Objects-normal/arm64/QelvoraUI.SwiftFileList -DSWIFT_PACKAGE -DDEBUG -DSWIFT_MODULE_RESOURCE_BUNDLE_AVAILABLE -DXcode -plugin-path /Applications/Xcode.app/Contents/Developer/Toolchains/XcodeDefault.xctoolchain/usr/lib/swift/host/plugins/testing -enable-experimental-feature DebugDescriptionMacro -sdk /Applications/Xcode.app/Contents/Developer/Platforms/iPhoneSimulator.platform/Developer/SDKs/iPhoneSimulator26.5.sdk -target arm64-apple-ios17.0-simulator -g -module-cache-path /Users/yingpengwang/.codex/worktrees/w2-resume/creator-platform/tmp/w2-native-20261001/DerivedData/ModuleCache.noindex -Xfrontend -serialize-debugging-options -enable-testing -index-store-path /Users/yingpengwang/.codex/worktrees/w2-resume/creator-platform/tmp/w2-native-20261001/DerivedData/Index.noindex/DataStore -Xcc -D_LIBCPP_HARDENING_MODE\=_LIBCPP_HARDENING_MODE_DEBUG -swift-version 6 -I /Users/yingpengwang/.codex/worktrees/w2-resume/creator-platform/tmp/w2-native-20261001/DerivedData/Build/Products/Debug-iphonesimulator -Isystem /Applications/Xcode.app/Contents/Developer/Platforms/iPhoneSimulator.platform/Developer/usr/lib -F /Users/yingpengwang/.codex/worktrees/w2-resume/creator-platform/tmp/w2-native-20261001/DerivedData/Build/Products/Debug-iphonesimulator -F /Applications/Xcode.app/Contents/Developer/Platforms/iPhoneSimulator.platform/Developer/Library/Frameworks -F /Applications/Xcode.app/Contents/Developer/Platforms/iPhoneSimulator.platform/Developer/SDKs/iPhoneSimulator26.5.sdk/Developer/Library/Frameworks -c -j16 -enable-batch-mode -incremental -Xcc -ivfsstatcache -Xcc /Users/yingpengwang/.codex/worktrees/w2-resume/creator-platform/tmp/w2-native-20261001/DerivedData/SDKStatCaches.noindex/iphonesimulator26.5-23F73-6cfe768891a92b912361537c460fe42b.sdkstatcache -output-file-map /Users/yingpengwang/.codex/worktrees/w2-resume/creator-platform/tmp/w2-native-20261001/DerivedData/Build/Intermediates.noindex/QelvoraNative.build/Debug-iphonesimulator/QelvoraUI.build/Objects-normal/arm64/QelvoraUI-OutputFileMap.json -use-frontend-parseable-output -save-temps -no-color-diagnostics -explicit-module-build -module-cache-path /Users/yingpengwang/.codex/worktrees/w2-resume/creator-platform/tmp/w2-native-20261001/DerivedData/Build/Intermediates.noindex/SwiftExplicitPrecompiledModules -clang-scanner-module-cache-path /Users/yingpengwang/.codex/worktrees/w2-resume/creator-platform/tmp/w2-native-20261001/DerivedData/ModuleCache.noindex -sdk-module-cache-path /Users/yingpengwang/.codex/worktrees/w2-resume/creator-platform/tmp/w2-native-20261001/DerivedData/ModuleCache.noindex -serialize-diagnostics -emit-dependencies -emit-module -emit-module-path /Users/yingpengwang/.codex/worktrees/w2-resume/creator-platform/tmp/w2-native-20261001/DerivedData/Build/Intermediates.noindex/QelvoraNative.build/Debug-iphonesimulator/QelvoraUI.build/Objects-normal/arm64/QelvoraUI.swiftmodule -validate-clang-modules-once -clang-build-session-file /Users/yingpengwang/.codex/worktrees/w2-resume/creator-platform/tmp/w2-native-20261001/DerivedData/ModuleCache.noindex/Session.modulevalidation -package-name ios -Xcc -I/Users/yingpengwang/.codex/worktrees/w2-resume/creator-platform/tmp/w2-native-20261001/DerivedData/Build/Intermediates.noindex/QelvoraNative.build/Debug-iphonesimulator/QelvoraUI.build/swift-overrides.hmap -emit-const-values -Xfrontend -const-gather-protocols-file -Xfrontend /Users/yingpengwang/.codex/worktrees/w2-resume/creator-platform/tmp/w2-native-20261001/DerivedData/Build/Intermediates.noindex/QelvoraNative.build/Debug-iphonesimulator/QelvoraUI.build/Objects-normal/arm64/QelvoraUI_const_extract_protocols.json -Xcc -I/Users/yingpengwang/.codex/worktrees/w2-resume/creator-platform/tmp/w2-native-20261001/DerivedData/Build/Products/Debug-iphonesimulator/include -Xcc -I/Users/yingpengwang/.codex/worktrees/w2-resume/creator-platform/tmp/w2-native-20261001/DerivedData/Build/Intermediates.noindex/QelvoraNative.build/Debug-iphonesimulator/QelvoraUI.build/DerivedSources-normal/arm64 -Xcc -I/Users/yingpengwang/.codex/worktrees/w2-resume/creator-platform/tmp/w2-native-20261001/DerivedData/Build/Intermediates.noindex/QelvoraNative.build/Debug-iphonesimulator/QelvoraUI.build/DerivedSources/arm64 -Xcc -I/Users/yingpengwang/.codex/worktrees/w2-resume/creator-platform/tmp/w2-native-20261001/DerivedData/Build/Intermediates.noindex/QelvoraNative.build/Debug-iphonesimulator/QelvoraUI.build/DerivedSources -Xcc -DSWIFT_PACKAGE -Xcc -DDEBUG\=1 -emit-objc-header -emit-objc-header-path /Users/yingpengwang/.codex/worktrees/w2-resume/creator-platform/tmp/w2-native-20261001/DerivedData/Build/Intermediates.noindex/QelvoraNative.build/Debug-iphonesimulator/QelvoraUI.build/Objects-normal/arm64/QelvoraUI-Swift.h -working-directory /Users/yingpengwang/.codex/worktrees/w2-resume/creator-platform/apps/ios/QelvoraApp.xcodeproj -experimental-emit-module-separately -disable-cmo

SwiftDriver QelvoraUI normal x86_64 com.apple.xcode.tools.swift.compiler (in target 'QelvoraUI' from project 'QelvoraNative')
    cd /Users/yingpengwang/.codex/worktrees/w2-resume/creator-platform/apps/ios/QelvoraApp.xcodeproj
    builtin-SwiftDriver -- /Applications/Xcode.app/Contents/Developer/Toolchains/XcodeDefault.xctoolchain/usr/bin/swiftc -module-name QelvoraUI -Onone @/Users/yingpengwang/.codex/worktrees/w2-resume/creator-platform/tmp/w2-native-20261001/DerivedData/Build/Intermediates.noindex/QelvoraNative.build/Debug-iphonesimulator/QelvoraUI.build/Objects-normal/x86_64/QelvoraUI.SwiftFileList -DSWIFT_PACKAGE -DDEBUG -DSWIFT_MODULE_RESOURCE_BUNDLE_AVAILABLE -DXcode -plugin-path /Applications/Xcode.app/Contents/Developer/Toolchains/XcodeDefault.xctoolchain/usr/lib/swift/host/plugins/testing -enable-experimental-feature DebugDescriptionMacro -sdk /Applications/Xcode.app/Contents/Developer/Platforms/iPhoneSimulator.platform/Developer/SDKs/iPhoneSimulator26.5.sdk -target x86_64-apple-ios17.0-simulator -g -module-cache-path /Users/yingpengwang/.codex/worktrees/w2-resume/creator-platform/tmp/w2-native-20261001/DerivedData/ModuleCache.noindex -Xfrontend -serialize-debugging-options -enable-testing -index-store-path /Users/yingpengwang/.codex/worktrees/w2-resume/creator-platform/tmp/w2-native-20261001/DerivedData/Index.noindex/DataStore -Xcc -D_LIBCPP_HARDENING_MODE\=_LIBCPP_HARDENING_MODE_DEBUG -swift-version 6 -I /Users/yingpengwang/.codex/worktrees/w2-resume/creator-platform/tmp/w2-native-20261001/DerivedData/Build/Products/Debug-iphonesimulator -Isystem /Applications/Xcode.app/Contents/Developer/Platforms/iPhoneSimulator.platform/Developer/usr/lib -F /Users/yingpengwang/.codex/worktrees/w2-resume/creator-platform/tmp/w2-native-20261001/DerivedData/Build/Products/Debug-iphonesimulator -F /Applications/Xcode.app/Contents/Developer/Platforms/iPhoneSimulator.platform/Developer/Library/Frameworks -F /Applications/Xcode.app/Contents/Developer/Platforms/iPhoneSimulator.platform/Developer/SDKs/iPhoneSimulator26.5.sdk/Developer/Library/Frameworks -c -j16 -enable-batch-mode -incremental -Xcc -ivfsstatcache -Xcc /Users/yingpengwang/.codex/worktrees/w2-resume/creator-platform/tmp/w2-native-20261001/DerivedData/SDKStatCaches.noindex/iphonesimulator26.5-23F73-6cfe768891a92b912361537c460fe42b.sdkstatcache -output-file-map /Users/yingpengwang/.codex/worktrees/w2-resume/creator-platform/tmp/w2-native-20261001/DerivedData/Build/Intermediates.noindex/QelvoraNative.build/Debug-iphonesimulator/QelvoraUI.build/Objects-normal/x86_64/QelvoraUI-OutputFileMap.json -use-frontend-parseable-output -save-temps -no-color-diagnostics -explicit-module-build -module-cache-path /Users/yingpengwang/.codex/worktrees/w2-resume/creator-platform/tmp/w2-native-20261001/DerivedData/Build/Intermediates.noindex/SwiftExplicitPrecompiledModules -clang-scanner-module-cache-path /Users/yingpengwang/.codex/worktrees/w2-resume/creator-platform/tmp/w2-native-20261001/DerivedData/ModuleCache.noindex -sdk-module-cache-path /Users/yingpengwang/.codex/worktrees/w2-resume/creator-platform/tmp/w2-native-20261001/DerivedData/ModuleCache.noindex -serialize-diagnostics -emit-dependencies -emit-module -emit-module-path /Users/yingpengwang/.codex/worktrees/w2-resume/creator-platform/tmp/w2-native-20261001/DerivedData/Build/Intermediates.noindex/QelvoraNative.build/Debug-iphonesimulator/QelvoraUI.build/Objects-normal/x86_64/QelvoraUI.swiftmodule -validate-clang-modules-once -clang-build-session-file /Users/yingpengwang/.codex/worktrees/w2-resume/creator-platform/tmp/w2-native-20261001/DerivedData/ModuleCache.noindex/Session.modulevalidation -package-name ios -Xcc -I/Users/yingpengwang/.codex/worktrees/w2-resume/creator-platform/tmp/w2-native-20261001/DerivedData/Build/Intermediates.noindex/QelvoraNative.build/Debug-iphonesimulator/QelvoraUI.build/swift-overrides.hmap -emit-const-values -Xfrontend -const-gather-protocols-file -Xfrontend /Users/yingpengwang/.codex/worktrees/w2-resume/creator-platform/tmp/w2-native-20261001/DerivedData/Build/Intermediates.noindex/QelvoraNative.build/Debug-iphonesimulator/QelvoraUI.build/Objects-normal/x86_64/QelvoraUI_const_extract_protocols.json -Xcc -I/Users/yingpengwang/.codex/worktrees/w2-resume/creator-platform/tmp/w2-native-20261001/DerivedData/Build/Products/Debug-iphonesimulator/include -Xcc -I/Users/yingpengwang/.codex/worktrees/w2-resume/creator-platform/tmp/w2-native-20261001/DerivedData/Build/Intermediates.noindex/QelvoraNative.build/Debug-iphonesimulator/QelvoraUI.build/DerivedSources-normal/x86_64 -Xcc -I/Users/yingpengwang/.codex/worktrees/w2-resume/creator-platform/tmp/w2-native-20261001/DerivedData/Build/Intermediates.noindex/QelvoraNative.build/Debug-iphonesimulator/QelvoraUI.build/DerivedSources/x86_64 -Xcc -I/Users/yingpengwang/.codex/worktrees/w2-resume/creator-platform/tmp/w2-native-20261001/DerivedData/Build/Intermediates.noindex/QelvoraNative.build/Debug-iphonesimulator/QelvoraUI.build/DerivedSources -Xcc -DSWIFT_PACKAGE -Xcc -DDEBUG\=1 -emit-objc-header -emit-objc-header-path /Users/yingpengwang/.codex/worktrees/w2-resume/creator-platform/tmp/w2-native-20261001/DerivedData/Build/Intermediates.noindex/QelvoraNative.build/Debug-iphonesimulator/QelvoraUI.build/Objects-normal/x86_64/QelvoraUI-Swift.h -working-directory /Users/yingpengwang/.codex/worktrees/w2-resume/creator-platform/apps/ios/QelvoraApp.xcodeproj -experimental-emit-module-separately -disable-cmo

SwiftExplicitDependencyGeneratePcm x86_64 /Users/yingpengwang/.codex/worktrees/w2-resume/creator-platform/tmp/w2-native-20261001/DerivedData/ModuleCache.noindex/_Builtin_stdarg-A08GMZNF05VD7PZTZD60SF2ZZ.pcm

SwiftExplicitDependencyGeneratePcm x86_64 /Users/yingpengwang/.codex/worktrees/w2-resume/creator-platform/tmp/w2-native-20261001/DerivedData/ModuleCache.noindex/ptrauth-DPGZ8QN1PW7EKKCQBU8YCATSX.pcm

SwiftExplicitDependencyGeneratePcm x86_64 /Users/yingpengwang/.codex/worktrees/w2-resume/creator-platform/tmp/w2-native-20261001/DerivedData/ModuleCache.noindex/_SwiftConcurrencyShims-3KP40X3ZT3RPF2K945NS6Z5PQ.pcm

SwiftExplicitDependencyGeneratePcm x86_64 /Users/yingpengwang/.codex/worktrees/w2-resume/creator-platform/tmp/w2-native-20261001/DerivedData/ModuleCache.noindex/_Builtin_stdbool-5MSY9ZO3C2M2POOVRZNX2LV3.pcm

SwiftExplicitDependencyGeneratePcm x86_64 /Users/yingpengwang/.codex/worktrees/w2-resume/creator-platform/tmp/w2-native-20261001/DerivedData/ModuleCache.noindex/DeveloperToolsSupport-6EKXYEO48NNIOV53KSE8TBLDD.pcm

SwiftExplicitDependencyGeneratePcm x86_64 /Users/yingpengwang/.codex/worktrees/w2-resume/creator-platform/tmp/w2-native-20261001/DerivedData/ModuleCache.noindex/_AvailabilityInternal-13RAEICTXDRWVNH2AX56RTY25.pcm

SwiftExplicitDependencyGeneratePcm x86_64 /Users/yingpengwang/.codex/worktrees/w2-resume/creator-platform/tmp/w2-native-20261001/DerivedData/ModuleCache.noindex/_Builtin_stddef-CH0NIS76YNAO50ZD3XJDU4RH4.pcm

SwiftExplicitDependencyGeneratePcm x86_64 /Users/yingpengwang/.codex/worktrees/w2-resume/creator-platform/tmp/w2-native-20261001/DerivedData/ModuleCache.noindex/_Builtin_float-9XSASOMAQQ5IDEKQRZNYTE8YF.pcm

SwiftExplicitDependencyGeneratePcm x86_64 /Users/yingpengwang/.codex/worktrees/w2-resume/creator-platform/tmp/w2-native-20261001/DerivedData/ModuleCache.noindex/ptrcheck-2P9VKLLHEYXF5U0CDT97SNSDM.pcm

SwiftExplicitDependencyGeneratePcm arm64 /Users/yingpengwang/.codex/worktrees/w2-resume/creator-platform/tmp/w2-native-20261001/DerivedData/ModuleCache.noindex/_AvailabilityInternal-7PY356LI9ES0QJOD6CG8YS358.pcm

SwiftExplicitDependencyGeneratePcm arm64 /Users/yingpengwang/.codex/worktrees/w2-resume/creator-platform/tmp/w2-native-20261001/DerivedData/ModuleCache.noindex/ptrcheck-5X8H93RJ30DCE1W47A2N1S0DQ.pcm

SwiftExplicitDependencyGeneratePcm x86_64 /Users/yingpengwang/.codex/worktrees/w2-resume/creator-platform/tmp/w2-native-20261001/DerivedData/ModuleCache.noindex/_DarwinFoundation1-20AEV63YPR7IB7CJXO2FWANN6.pcm

SwiftExplicitDependencyGeneratePcm arm64 /Users/yingpengwang/.codex/worktrees/w2-resume/creator-platform/tmp/w2-native-20261001/DerivedData/ModuleCache.noindex/_StoreKit_SwiftUI-17A335V4LEHD2CYJ7FW7KMZ1D.pcm

SwiftExplicitDependencyGeneratePcm arm64 /Users/yingpengwang/.codex/worktrees/w2-resume/creator-platform/tmp/w2-native-20261001/DerivedData/ModuleCache.noindex/DeveloperToolsSupport-DB5RHE0MH6S92K1FM31UU6ES8.pcm

SwiftExplicitDependencyGeneratePcm arm64 /Users/yingpengwang/.codex/worktrees/w2-resume/creator-platform/tmp/w2-native-20261001/DerivedData/ModuleCache.noindex/_DarwinFoundation1-8KB861QOUGOBD5AXZ8OZVVZBC.pcm

SwiftExplicitDependencyGeneratePcm x86_64 /Users/yingpengwang/.codex/worktrees/w2-resume/creator-platform/tmp/w2-native-20261001/DerivedData/ModuleCache.noindex/_Builtin_limits-Q4VGIYVHB4SDSQA465JOJGS9.pcm

SwiftExplicitDependencyGeneratePcm arm64 /Users/yingpengwang/.codex/worktrees/w2-resume/creator-platform/tmp/w2-native-20261001/DerivedData/ModuleCache.noindex/ptrauth-Q85GBWKN692B97OXQC6BSA0A.pcm

SwiftExplicitDependencyGeneratePcm arm64 /Users/yingpengwang/.codex/worktrees/w2-resume/creator-platform/tmp/w2-native-20261001/DerivedData/ModuleCache.noindex/SwiftShims-7A5Y3H1ZWJT805WAYP3654ZBI.pcm

SwiftExplicitDependencyGeneratePcm arm64 /Users/yingpengwang/.codex/worktrees/w2-resume/creator-platform/tmp/w2-native-20261001/DerivedData/ModuleCache.noindex/ExtensionFoundation-EEQRK6BO2QU6QSVHPY1YI887N.pcm

SwiftExplicitDependencyGeneratePcm arm64 /Users/yingpengwang/.codex/worktrees/w2-resume/creator-platform/tmp/w2-native-20261001/DerivedData/ModuleCache.noindex/_Builtin_stdarg-3423LBA4YOOTCJBYUGM3VGW4L.pcm

SwiftExplicitDependencyGeneratePcm arm64 /Users/yingpengwang/.codex/worktrees/w2-resume/creator-platform/tmp/w2-native-20261001/DerivedData/ModuleCache.noindex/_Builtin_stdbool-AUCOHQXRMIO2T8MWSUHH8Y15I.pcm

SwiftExplicitDependencyGeneratePcm arm64 /Users/yingpengwang/.codex/worktrees/w2-resume/creator-platform/tmp/w2-native-20261001/DerivedData/ModuleCache.noindex/_Builtin_limits-62ZQGQQYK3ETR41GBCZNBYV4O.pcm

SwiftExplicitDependencyGeneratePcm arm64 /Users/yingpengwang/.codex/worktrees/w2-resume/creator-platform/tmp/w2-native-20261001/DerivedData/ModuleCache.noindex/_Builtin_stddef-9JP4VLC1WDPQKYV55ZBKAYG9P.pcm

SwiftExplicitDependencyGeneratePcm x86_64 /Users/yingpengwang/.codex/worktrees/w2-resume/creator-platform/tmp/w2-native-20261001/DerivedData/ModuleCache.noindex/_StoreKit_SwiftUI-4N7Y6VDQ7J1CVXWY9TKVYWCGT.pcm

SwiftExplicitDependencyGeneratePcm x86_64 /Users/yingpengwang/.codex/worktrees/w2-resume/creator-platform/tmp/w2-native-20261001/DerivedData/ModuleCache.noindex/SwiftShims-5377VATQP2T8FKG48GYGQ54N.pcm

SwiftExplicitDependencyGeneratePcm arm64 /Users/yingpengwang/.codex/worktrees/w2-resume/creator-platform/tmp/w2-native-20261001/DerivedData/ModuleCache.noindex/_DarwinFoundation2-1AN1OD6XUDXGBJSTLUEZNKH9Y.pcm

SwiftExplicitDependencyGeneratePcm x86_64 /Users/yingpengwang/.codex/worktrees/w2-resume/creator-platform/tmp/w2-native-20261001/DerivedData/ModuleCache.noindex/_DarwinFoundation2-4FGQES86ENFQ2XYBAAJJMHNOT.pcm

SwiftExplicitDependencyGeneratePcm x86_64 /Users/yingpengwang/.codex/worktrees/w2-resume/creator-platform/tmp/w2-native-20261001/DerivedData/ModuleCache.noindex/ExtensionFoundation-9C0KAZWAB1HU4WFBVZV597GLG.pcm

SwiftExplicitDependencyGeneratePcm arm64 /Users/yingpengwang/.codex/worktrees/w2-resume/creator-platform/tmp/w2-native-20261001/DerivedData/ModuleCache.noindex/sys_types-4B41HTAE2ZWHEUB8GBA8DJD4O.pcm

SwiftExplicitDependencyGeneratePcm x86_64 /Users/yingpengwang/.codex/worktrees/w2-resume/creator-platform/tmp/w2-native-20261001/DerivedData/ModuleCache.noindex/sys_types-AVNE55EA1TK5H1BNE5PU8MMP4.pcm

SwiftExplicitDependencyGeneratePcm x86_64 /Users/yingpengwang/.codex/worktrees/w2-resume/creator-platform/tmp/w2-native-20261001/DerivedData/ModuleCache.noindex/_Builtin_tgmath-MQNO40Z3GGFC4UATH0PRRZOU.pcm

SwiftExplicitDependencyGeneratePcm arm64 /Users/yingpengwang/.codex/worktrees/w2-resume/creator-platform/tmp/w2-native-20261001/DerivedData/ModuleCache.noindex/_Builtin_stdint-EM2DSBLUW1PCFZC9TR6F0PA62.pcm

SwiftExplicitDependencyGeneratePcm x86_64 /Users/yingpengwang/.codex/worktrees/w2-resume/creator-platform/tmp/w2-native-20261001/DerivedData/ModuleCache.noindex/_Builtin_stdint-F1TF687C27TQTXC30NKV3OGF4.pcm

SwiftExplicitDependencyGeneratePcm arm64 /Users/yingpengwang/.codex/worktrees/w2-resume/creator-platform/tmp/w2-native-20261001/DerivedData/ModuleCache.noindex/_Builtin_tgmath-5AUVC22ZDAEBHU2J2DMQ0ZG6V.pcm

SwiftExplicitDependencyGeneratePcm arm64 /Users/yingpengwang/.codex/worktrees/w2-resume/creator-platform/tmp/w2-native-20261001/DerivedData/ModuleCache.noindex/_Builtin_intrinsics-TMA9UC9R66GYJQ38KCY7DDDT.pcm

SwiftExplicitDependencyGeneratePcm x86_64 /Users/yingpengwang/.codex/worktrees/w2-resume/creator-platform/tmp/w2-native-20261001/DerivedData/ModuleCache.noindex/_DarwinFoundation3-9DQ5MMRUI015MRG2CFO32W0CQ.pcm

SwiftExplicitDependencyGeneratePcm arm64 /Users/yingpengwang/.codex/worktrees/w2-resume/creator-platform/tmp/w2-native-20261001/DerivedData/ModuleCache.noindex/_Builtin_stdatomic-DSDN3PEP4UOJE65XXBXDP7GHG.pcm

SwiftExplicitDependencyGeneratePcm x86_64 /Users/yingpengwang/.codex/worktrees/w2-resume/creator-platform/tmp/w2-native-20261001/DerivedData/ModuleCache.noindex/_Builtin_inttypes-DO6VIPZUTAZM2MJ80CEOWDO0W.pcm

SwiftExplicitDependencyGeneratePcm x86_64 /Users/yingpengwang/.codex/worktrees/w2-resume/creator-platform/tmp/w2-native-20261001/DerivedData/ModuleCache.noindex/_Builtin_intrinsics-6QPL8LJ1O77I16HJ4F0LX1SVO.pcm

SwiftExplicitDependencyGeneratePcm x86_64 /Users/yingpengwang/.codex/worktrees/w2-resume/creator-platform/tmp/w2-native-20261001/DerivedData/ModuleCache.noindex/Darwin-L6CHPD1OCF155VC4WZSOZ3XR.pcm

SwiftExplicitDependencyGeneratePcm x86_64 /Users/yingpengwang/.codex/worktrees/w2-resume/creator-platform/tmp/w2-native-20261001/DerivedData/ModuleCache.noindex/_Builtin_stdatomic-2N6NV59Z8HDKYUHN73PFBVZLA.pcm

SwiftExplicitDependencyGeneratePcm x86_64 /Users/yingpengwang/.codex/worktrees/w2-resume/creator-platform/tmp/w2-native-20261001/DerivedData/ModuleCache.noindex/ObjectiveC-7VXVR4ITIGRQ8M2XBT7WJFCBP.pcm

SwiftExplicitDependencyGeneratePcm x86_64 /Users/yingpengwang/.codex/worktrees/w2-resume/creator-platform/tmp/w2-native-20261001/DerivedData/ModuleCache.noindex/simd-2D0LUVHQ4896QTRKLOZHCF2DC.pcm

SwiftExplicitDependencyGeneratePcm arm64 /Users/yingpengwang/.codex/worktrees/w2-resume/creator-platform/tmp/w2-native-20261001/DerivedData/ModuleCache.noindex/_DarwinFoundation3-12P8SMJ2YE9EIZ10CQPM5HIDA.pcm

SwiftExplicitDependencyGeneratePcm x86_64 /Users/yingpengwang/.codex/worktrees/w2-resume/creator-platform/tmp/w2-native-20261001/DerivedData/ModuleCache.noindex/os_object-ZVT24ILCUXSGCPMRVT2JP691.pcm

SwiftExplicitDependencyGeneratePcm arm64 /Users/yingpengwang/.codex/worktrees/w2-resume/creator-platform/tmp/w2-native-20261001/DerivedData/ModuleCache.noindex/_Builtin_inttypes-BVSADB0R93UMIBV8ZTGPK8OAG.pcm

SwiftExplicitDependencyGeneratePcm x86_64 /Users/yingpengwang/.codex/worktrees/w2-resume/creator-platform/tmp/w2-native-20261001/DerivedData/ModuleCache.noindex/os_workgroup-4PRCR4JLJ8ODJGQB14ZH77J7T.pcm

SwiftExplicitDependencyGeneratePcm arm64 /Users/yingpengwang/.codex/worktrees/w2-resume/creator-platform/tmp/w2-native-20261001/DerivedData/ModuleCache.noindex/Darwin-CSD5JJ90K5V2GN0L46DZXFVDO.pcm

SwiftExplicitDependencyGeneratePcm x86_64 /Users/yingpengwang/.codex/worktrees/w2-resume/creator-platform/tmp/w2-native-20261001/DerivedData/ModuleCache.noindex/Dispatch-9C2NAF3EC50Y0E67P6ZN30MJQ.pcm

SwiftExplicitDependencyGeneratePcm arm64 /Users/yingpengwang/.codex/worktrees/w2-resume/creator-platform/tmp/w2-native-20261001/DerivedData/ModuleCache.noindex/ObjectiveC-A1IO31FDV414XK27TQFU8UELU.pcm

SwiftExplicitDependencyGeneratePcm x86_64 /Users/yingpengwang/.codex/worktrees/w2-resume/creator-platform/tmp/w2-native-20261001/DerivedData/ModuleCache.noindex/Spatial-20IKJD9M9437KJWP9MQE5LJ76.pcm

SwiftExplicitDependencyGeneratePcm x86_64 /Users/yingpengwang/.codex/worktrees/w2-resume/creator-platform/tmp/w2-native-20261001/DerivedData/ModuleCache.noindex/XPC-6BQS5X41O3WBKL438BH5IBQ84.pcm

SwiftExplicitDependencyGeneratePcm arm64 /Users/yingpengwang/.codex/worktrees/w2-resume/creator-platform/tmp/w2-native-20261001/DerivedData/ModuleCache.noindex/os_object-92NMX1BOR3P6HCEGJKA65TYLP.pcm

SwiftExplicitDependencyGeneratePcm x86_64 /Users/yingpengwang/.codex/worktrees/w2-resume/creator-platform/tmp/w2-native-20261001/DerivedData/ModuleCache.noindex/CoreFoundation-1Q6PUKSP532LIXU88R8BW9KZ4.pcm

SwiftExplicitDependencyGeneratePcm arm64 /Users/yingpengwang/.codex/worktrees/w2-resume/creator-platform/tmp/w2-native-20261001/DerivedData/ModuleCache.noindex/os_workgroup-2VYHUT1OUAG6FK1EZOR79YBKZ.pcm

SwiftExplicitDependencyGeneratePcm x86_64 /Users/yingpengwang/.codex/worktrees/w2-resume/creator-platform/tmp/w2-native-20261001/DerivedData/ModuleCache.noindex/dnssd-43MB8WQFGOGCJMX0GL8RLA3SX.pcm

SwiftExplicitDependencyGeneratePcm x86_64 /Users/yingpengwang/.codex/worktrees/w2-resume/creator-platform/tmp/w2-native-20261001/DerivedData/ModuleCache.noindex/Security-AQXURG0T1F4GOPSBT5L4WBAGG.pcm

SwiftExplicitDependencyGeneratePcm arm64 /Users/yingpengwang/.codex/worktrees/w2-resume/creator-platform/tmp/w2-native-20261001/DerivedData/ModuleCache.noindex/Dispatch-42HPYYK5Z5A2R5LT5T4WA55PY.pcm

SwiftExplicitDependencyGeneratePcm x86_64 /Users/yingpengwang/.codex/worktrees/w2-resume/creator-platform/tmp/w2-native-20261001/DerivedData/ModuleCache.noindex/CoreGraphics-B3A2OJEKF11XUADE7816BTAR0.pcm

SwiftExplicitDependencyGeneratePcm x86_64 /Users/yingpengwang/.codex/worktrees/w2-resume/creator-platform/tmp/w2-native-20261001/DerivedData/ModuleCache.noindex/CFNetwork-ELUDE9QOU53ZH6U2OK9SHF13A.pcm

SwiftExplicitDependencyGeneratePcm arm64 /Users/yingpengwang/.codex/worktrees/w2-resume/creator-platform/tmp/w2-native-20261001/DerivedData/ModuleCache.noindex/XPC-6R6YV5I3AHXOYER5TLJSB5HWZ.pcm

SwiftExplicitDependencyGeneratePcm arm64 /Users/yingpengwang/.codex/worktrees/w2-resume/creator-platform/tmp/w2-native-20261001/DerivedData/ModuleCache.noindex/dnssd-4S7UYEWCCN105A1ZWJ0P6ZHLW.pcm

SwiftExplicitDependencyGeneratePcm x86_64 /Users/yingpengwang/.codex/worktrees/w2-resume/creator-platform/tmp/w2-native-20261001/DerivedData/ModuleCache.noindex/CoreText-5OA8VYUDVI88P8VC9SMVDMQTU.pcm

SwiftExplicitDependencyGeneratePcm x86_64 /Users/yingpengwang/.codex/worktrees/w2-resume/creator-platform/tmp/w2-native-20261001/DerivedData/ModuleCache.noindex/CoreAudioTypes-1HXVA5IBN7Q5AMTM3Y75QSGUK.pcm

SwiftExplicitDependencyGeneratePcm x86_64 /Users/yingpengwang/.codex/worktrees/w2-resume/creator-platform/tmp/w2-native-20261001/DerivedData/ModuleCache.noindex/MachO-A0QJ8I50WKUDUKA70VBKMD0JR.pcm

SwiftExplicitDependencyGeneratePcm x86_64 /Users/yingpengwang/.codex/worktrees/w2-resume/creator-platform/tmp/w2-native-20261001/DerivedData/ModuleCache.noindex/CoreAudio-3I49PBK09ZFH6TSDMEVY4FZY.pcm

SwiftExplicitDependencyGeneratePcm arm64 /Users/yingpengwang/.codex/worktrees/w2-resume/creator-platform/tmp/w2-native-20261001/DerivedData/ModuleCache.noindex/MachO-B3MIGDMCETKKZLNK67PDEN0EP.pcm

SwiftExplicitDependencyGeneratePcm x86_64 /Users/yingpengwang/.codex/worktrees/w2-resume/creator-platform/tmp/w2-native-20261001/DerivedData/ModuleCache.noindex/os-DV5LCIW778476ZG1BFPOBPPPH.pcm

SwiftExplicitDependencyGeneratePcm x86_64 /Users/yingpengwang/.codex/worktrees/w2-resume/creator-platform/tmp/w2-native-20261001/DerivedData/ModuleCache.noindex/Foundation-40ML6RILIYSXEQALOTKRPUQR1.pcm

SwiftExplicitDependencyGeneratePcm arm64 /Users/yingpengwang/.codex/worktrees/w2-resume/creator-platform/tmp/w2-native-20261001/DerivedData/ModuleCache.noindex/_SwiftConcurrencyShims-3TB78I9QQXAJ959OMX37F4OM.pcm

SwiftExplicitDependencyGeneratePcm arm64 /Users/yingpengwang/.codex/worktrees/w2-resume/creator-platform/tmp/w2-native-20261001/DerivedData/ModuleCache.noindex/os-BLWSC3WS3USB49EIESFKI4U9I.pcm

SwiftExplicitDependencyGeneratePcm arm64 /Users/yingpengwang/.codex/worktrees/w2-resume/creator-platform/tmp/w2-native-20261001/DerivedData/ModuleCache.noindex/simd-CQB8KP4ZCQQMZGYYXV11ZVNXR.pcm

SwiftExplicitDependencyGeneratePcm arm64 /Users/yingpengwang/.codex/worktrees/w2-resume/creator-platform/tmp/w2-native-20261001/DerivedData/ModuleCache.noindex/_Builtin_float-31XWTKVNOU8QCVULNZ4L1ATKJ.pcm

SwiftExplicitDependencyGeneratePcm x86_64 /Users/yingpengwang/.codex/worktrees/w2-resume/creator-platform/tmp/w2-native-20261001/DerivedData/ModuleCache.noindex/UniformTypeIdentifiers-1S06VY92W2EN3BPYGSMEIYREB.pcm

SwiftExplicitDependencyGeneratePcm x86_64 /Users/yingpengwang/.codex/worktrees/w2-resume/creator-platform/tmp/w2-native-20261001/DerivedData/ModuleCache.noindex/OSLog-CE0IJJSYSGOVD2EA16SH2CAIU.pcm

SwiftExplicitDependencyGeneratePcm x86_64 /Users/yingpengwang/.codex/worktrees/w2-resume/creator-platform/tmp/w2-native-20261001/DerivedData/ModuleCache.noindex/UIUtilities-6KLJV6BC7HLXF1IA9P79QY76F.pcm

SwiftExplicitDependencyGeneratePcm x86_64 /Users/yingpengwang/.codex/worktrees/w2-resume/creator-platform/tmp/w2-native-20261001/DerivedData/ModuleCache.noindex/CallKit-3RUCFWU9JQ6GKQ3071M59UQ8D.pcm

SwiftExplicitDependencyGeneratePcm x86_64 /Users/yingpengwang/.codex/worktrees/w2-resume/creator-platform/tmp/w2-native-20261001/DerivedData/ModuleCache.noindex/CoreData-18FUHJOH7E2I88YINCSXYL7B6.pcm

SwiftExplicitDependencyGeneratePcm x86_64 /Users/yingpengwang/.codex/worktrees/w2-resume/creator-platform/tmp/w2-native-20261001/DerivedData/ModuleCache.noindex/Accessibility-1S6DUZS8C3W3TOIK3P58A9BVP.pcm

SwiftExplicitDependencyGeneratePcm x86_64 /Users/yingpengwang/.codex/worktrees/w2-resume/creator-platform/tmp/w2-native-20261001/DerivedData/ModuleCache.noindex/FileProvider-EGXUWHWR419WVPPN2AAOPZK6P.pcm

SwiftExplicitDependencyGeneratePcm x86_64 /Users/yingpengwang/.codex/worktrees/w2-resume/creator-platform/tmp/w2-native-20261001/DerivedData/ModuleCache.noindex/OpenGLES-ANFEULZO6QRQEHQ42DW23M4WN.pcm

SwiftExplicitDependencyGeneratePcm x86_64 /Users/yingpengwang/.codex/worktrees/w2-resume/creator-platform/tmp/w2-native-20261001/DerivedData/ModuleCache.noindex/IOSurface-1H4OEFMOCAYPHH53X5MFXQVHX.pcm

SwiftExplicitDependencyGeneratePcm x86_64 /Users/yingpengwang/.codex/worktrees/w2-resume/creator-platform/tmp/w2-native-20261001/DerivedData/ModuleCache.noindex/BackgroundAssets-9GA1XKL4LTS5GHK3TRWT72MUW.pcm

SwiftExplicitDependencyGeneratePcm x86_64 /Users/yingpengwang/.codex/worktrees/w2-resume/creator-platform/tmp/w2-native-20261001/DerivedData/ModuleCache.noindex/Metal-4JUF75RJ0HCPAPURXIZHYAGJQ.pcm

SwiftExplicitDependencyGeneratePcm x86_64 /Users/yingpengwang/.codex/worktrees/w2-resume/creator-platform/tmp/w2-native-20261001/DerivedData/ModuleCache.noindex/DataDetection-E7HRBFI3162KGBY05C7G6G803.pcm

SwiftExplicitDependencyGeneratePcm arm64 /Users/yingpengwang/.codex/worktrees/w2-resume/creator-platform/tmp/w2-native-20261001/DerivedData/ModuleCache.noindex/CoreFoundation-9L9TUXEPY4WCQLJZ9EAMK4CF5.pcm

SwiftExplicitDependencyGeneratePcm arm64 /Users/yingpengwang/.codex/worktrees/w2-resume/creator-platform/tmp/w2-native-20261001/DerivedData/ModuleCache.noindex/Spatial-AQLTYYRJTGZLALYW8A1TXHKYY.pcm

SwiftExplicitDependencyGeneratePcm x86_64 /Users/yingpengwang/.codex/worktrees/w2-resume/creator-platform/tmp/w2-native-20261001/DerivedData/ModuleCache.noindex/CoreTransferable-EW5TDVRKXQP72TIKT4WO3VG3Y.pcm

SwiftExplicitDependencyGeneratePcm arm64 /Users/yingpengwang/.codex/worktrees/w2-resume/creator-platform/tmp/w2-native-20261001/DerivedData/ModuleCache.noindex/CFNetwork-7QPQK578J35O12TSPVDJP7EIA.pcm

SwiftExplicitDependencyGeneratePcm arm64 /Users/yingpengwang/.codex/worktrees/w2-resume/creator-platform/tmp/w2-native-20261001/DerivedData/ModuleCache.noindex/Security-EL4ORNAB0V01Q647HV0P25WTD.pcm

SwiftExplicitDependencyGeneratePcm arm64 /Users/yingpengwang/.codex/worktrees/w2-resume/creator-platform/tmp/w2-native-20261001/DerivedData/ModuleCache.noindex/CoreGraphics-8BM43NI2IAUO1DAO0T8G4AE54.pcm

SwiftExplicitDependencyGeneratePcm arm64 /Users/yingpengwang/.codex/worktrees/w2-resume/creator-platform/tmp/w2-native-20261001/DerivedData/ModuleCache.noindex/Foundation-81US5PB3A0PEGWWDKYK9QAK5X.pcm

SwiftExplicitDependencyGeneratePcm arm64 /Users/yingpengwang/.codex/worktrees/w2-resume/creator-platform/tmp/w2-native-20261001/DerivedData/ModuleCache.noindex/CoreAudioTypes-5GMEG4NTA2X96WGFTBYY7P25S.pcm

SwiftExplicitDependencyGeneratePcm arm64 /Users/yingpengwang/.codex/worktrees/w2-resume/creator-platform/tmp/w2-native-20261001/DerivedData/ModuleCache.noindex/ImageIO-5DTLBU1NTDJ3QMGJ7TQM32CUL.pcm

SwiftExplicitDependencyGeneratePcm x86_64 /Users/yingpengwang/.codex/worktrees/w2-resume/creator-platform/tmp/w2-native-20261001/DerivedData/ModuleCache.noindex/CoreMIDI-3IKOEQ19I4WYFJ1DLIT67P1EW.pcm

SwiftExplicitDependencyGeneratePcm x86_64 /Users/yingpengwang/.codex/worktrees/w2-resume/creator-platform/tmp/w2-native-20261001/DerivedData/ModuleCache.noindex/UserNotifications-A0XIF9QZSVY5XRBILDJ4XHGG3.pcm

SwiftExplicitDependencyGeneratePcm x86_64 /Users/yingpengwang/.codex/worktrees/w2-resume/creator-platform/tmp/w2-native-20261001/DerivedData/ModuleCache.noindex/AudioToolbox-XH23A3L9ONF4WTV9KUMWKU8L.pcm

SwiftExplicitDependencyGeneratePcm x86_64 /Users/yingpengwang/.codex/worktrees/w2-resume/creator-platform/tmp/w2-native-20261001/DerivedData/ModuleCache.noindex/Symbols-ETXSSXPV00HJ3KK0DEBKIKMYL.pcm

SwiftExplicitDependencyGeneratePcm arm64 /Users/yingpengwang/.codex/worktrees/w2-resume/creator-platform/tmp/w2-native-20261001/DerivedData/ModuleCache.noindex/CoreTransferable-7XRZ00B000F83OCIJU3PFKXIU.pcm

SwiftExplicitDependencyGeneratePcm arm64 /Users/yingpengwang/.codex/worktrees/w2-resume/creator-platform/tmp/w2-native-20261001/DerivedData/ModuleCache.noindex/CoreMIDI-3TAQXP9P4KW9QYL39V7YGLWAF.pcm

SwiftExplicitDependencyGeneratePcm arm64 /Users/yingpengwang/.codex/worktrees/w2-resume/creator-platform/tmp/w2-native-20261001/DerivedData/ModuleCache.noindex/CallKit-6Z296E3BVKSAVSLPPAI41EAN5.pcm

SwiftExplicitDependencyGeneratePcm arm64 /Users/yingpengwang/.codex/worktrees/w2-resume/creator-platform/tmp/w2-native-20261001/DerivedData/ModuleCache.noindex/LocalAuthentication-CQM8JV0Z69B29DM9732O6HGL1.pcm

SwiftExplicitDependencyGeneratePcm arm64 /Users/yingpengwang/.codex/worktrees/w2-resume/creator-platform/tmp/w2-native-20261001/DerivedData/ModuleCache.noindex/UniformTypeIdentifiers-2M7XUW3HZZW3T2X7PELNL4QX4.pcm

SwiftExplicitDependencyGeneratePcm arm64 /Users/yingpengwang/.codex/worktrees/w2-resume/creator-platform/tmp/w2-native-20261001/DerivedData/ModuleCache.noindex/AudioToolbox-A61LRCVCMA823NAEJ8I93XH7O.pcm

SwiftExplicitDependencyGeneratePcm arm64 /Users/yingpengwang/.codex/worktrees/w2-resume/creator-platform/tmp/w2-native-20261001/DerivedData/ModuleCache.noindex/Symbols-DXI41ESS9T7QWWBUB92R86FN8.pcm

SwiftExplicitDependencyGeneratePcm arm64 /Users/yingpengwang/.codex/worktrees/w2-resume/creator-platform/tmp/w2-native-20261001/DerivedData/ModuleCache.noindex/CoreData-7YV8GA5QFWU63TAXTCAFILMNV.pcm

SwiftExplicitDependencyGeneratePcm arm64 /Users/yingpengwang/.codex/worktrees/w2-resume/creator-platform/tmp/w2-native-20261001/DerivedData/ModuleCache.noindex/Network-7JHICDLBTMYTN4HF3CWYK7I3.pcm

SwiftExplicitDependencyGeneratePcm arm64 /Users/yingpengwang/.codex/worktrees/w2-resume/creator-platform/tmp/w2-native-20261001/DerivedData/ModuleCache.noindex/FileProvider-E1BGTAGIWN99M0L5ZIQR8MSZF.pcm

SwiftExplicitDependencyGeneratePcm arm64 /Users/yingpengwang/.codex/worktrees/w2-resume/creator-platform/tmp/w2-native-20261001/DerivedData/ModuleCache.noindex/IOSurface-C5T7WKOW7YRHGLOPL407BI8SQ.pcm

SwiftExplicitDependencyGeneratePcm arm64 /Users/yingpengwang/.codex/worktrees/w2-resume/creator-platform/tmp/w2-native-20261001/DerivedData/ModuleCache.noindex/DataDetection-8DXUAQWH6SHDNKXACX1RRULE1.pcm

SwiftExplicitDependencyGeneratePcm arm64 /Users/yingpengwang/.codex/worktrees/w2-resume/creator-platform/tmp/w2-native-20261001/DerivedData/ModuleCache.noindex/OSLog-DYOZXPWT1UUKVROSDQ21APJ45.pcm

SwiftExplicitDependencyGeneratePcm arm64 /Users/yingpengwang/.codex/worktrees/w2-resume/creator-platform/tmp/w2-native-20261001/DerivedData/ModuleCache.noindex/Metal-82UJGBBPOWYDSZGFFIBY1JLZI.pcm

SwiftExplicitDependencyGeneratePcm arm64 /Users/yingpengwang/.codex/worktrees/w2-resume/creator-platform/tmp/w2-native-20261001/DerivedData/ModuleCache.noindex/AVRouting-CA56YZ8ZW4R1ODJXPX1KLYQJT.pcm

SwiftExplicitDependencyGeneratePcm x86_64 /Users/yingpengwang/.codex/worktrees/w2-resume/creator-platform/tmp/w2-native-20261001/DerivedData/ModuleCache.noindex/CoreVideo-CGXYBN56V8S704VYPZTADHLDJ.pcm

SwiftExplicitDependencyGeneratePcm arm64 /Users/yingpengwang/.codex/worktrees/w2-resume/creator-platform/tmp/w2-native-20261001/DerivedData/ModuleCache.noindex/CoreText-BJ5G1UKRDP5FSX7KOSKF0D07.pcm

SwiftExplicitDependencyGeneratePcm x86_64 /Users/yingpengwang/.codex/worktrees/w2-resume/creator-platform/tmp/w2-native-20261001/DerivedData/ModuleCache.noindex/QuartzCore-1CM02N9GGERPV5EWUPW3FBKY4.pcm

SwiftExplicitDependencyGeneratePcm x86_64 /Users/yingpengwang/.codex/worktrees/w2-resume/creator-platform/tmp/w2-native-20261001/DerivedData/ModuleCache.noindex/CoreMedia-5TWI752QS7XXR273NG8COM7BO.pcm

SwiftExplicitDependencyGeneratePcm arm64 /Users/yingpengwang/.codex/worktrees/w2-resume/creator-platform/tmp/w2-native-20261001/DerivedData/ModuleCache.noindex/Accessibility-I88MYP00OJFKBQ4BHPX8HEGO.pcm

SwiftExplicitDependencyGeneratePcm x86_64 /Users/yingpengwang/.codex/worktrees/w2-resume/creator-platform/tmp/w2-native-20261001/DerivedData/ModuleCache.noindex/SwiftUICore-3S0A40GGDR6CM5LE1OB8ZKK7S.pcm

SwiftExplicitDependencyGeneratePcm arm64 /Users/yingpengwang/.codex/worktrees/w2-resume/creator-platform/tmp/w2-native-20261001/DerivedData/ModuleCache.noindex/OpenGLES-44Q4KZGGJQSJBPKZKUNKFKVCK.pcm

SwiftExplicitDependencyGeneratePcm arm64 /Users/yingpengwang/.codex/worktrees/w2-resume/creator-platform/tmp/w2-native-20261001/DerivedData/ModuleCache.noindex/BackgroundAssets-2JC96APAX54SDMP14KB0D90OY.pcm

SwiftExplicitDependencyGeneratePcm x86_64 /Users/yingpengwang/.codex/worktrees/w2-resume/creator-platform/tmp/w2-native-20261001/DerivedData/ModuleCache.noindex/AVFAudio-ABDWFEJKSZ9ZJUYADRLKBG94K.pcm

SwiftExplicitDependencyGeneratePcm x86_64 /Users/yingpengwang/.codex/worktrees/w2-resume/creator-platform/tmp/w2-native-20261001/DerivedData/ModuleCache.noindex/LocalAuthentication-4PWX7BL2HH75DJSXDPDBWC4I5.pcm

SwiftExplicitDependencyGeneratePcm arm64 /Users/yingpengwang/.codex/worktrees/w2-resume/creator-platform/tmp/w2-native-20261001/DerivedData/ModuleCache.noindex/CoreVideo-DNS1XAXF33U46DXWBG6GYF2RB.pcm

SwiftExplicitDependencyGeneratePcm x86_64 /Users/yingpengwang/.codex/worktrees/w2-resume/creator-platform/tmp/w2-native-20261001/DerivedData/ModuleCache.noindex/Network-NIJNPTNAG6CZ10XZI04EZEMB.pcm

SwiftExplicitDependencyGeneratePcm arm64 /Users/yingpengwang/.codex/worktrees/w2-resume/creator-platform/tmp/w2-native-20261001/DerivedData/ModuleCache.noindex/UserNotifications-5N8NJ7XPZEWGFOC35737N2CBU.pcm

SwiftExplicitDependencyGeneratePcm arm64 /Users/yingpengwang/.codex/worktrees/w2-resume/creator-platform/tmp/w2-native-20261001/DerivedData/ModuleCache.noindex/CoreImage-1F00S1E31K5GQR9JXNX4Q6ZZS.pcm

SwiftExplicitDependencyGeneratePcm x86_64 /Users/yingpengwang/.codex/worktrees/w2-resume/creator-platform/tmp/w2-native-20261001/DerivedData/ModuleCache.noindex/AVRouting-1182J24LY10R77STCAN38RO87.pcm

SwiftExplicitDependencyGeneratePcm arm64 /Users/yingpengwang/.codex/worktrees/w2-resume/creator-platform/tmp/w2-native-20261001/DerivedData/ModuleCache.noindex/QuartzCore-B53AYU3PQOVR5XDK4OW1ZQC4L.pcm

SwiftExplicitDependencyGeneratePcm arm64 /Users/yingpengwang/.codex/worktrees/w2-resume/creator-platform/tmp/w2-native-20261001/DerivedData/ModuleCache.noindex/CoreAudio-BZD7RN5CS2W1MNS6P1J4MFQBL.pcm

SwiftExplicitDependencyGeneratePcm arm64 /Users/yingpengwang/.codex/worktrees/w2-resume/creator-platform/tmp/w2-native-20261001/DerivedData/ModuleCache.noindex/SwiftUICore-7VUP6KNHXFRDFVK4S5S7ZFZ8V.pcm

SwiftExplicitDependencyGeneratePcm arm64 /Users/yingpengwang/.codex/worktrees/w2-resume/creator-platform/tmp/w2-native-20261001/DerivedData/ModuleCache.noindex/UIUtilities-A5NBWZJQQH9RBA9OCXKYFMW39.pcm

SwiftExplicitDependencyGeneratePcm arm64 /Users/yingpengwang/.codex/worktrees/w2-resume/creator-platform/tmp/w2-native-20261001/DerivedData/ModuleCache.noindex/CoreMedia-3RH8IPA1KLC8K2W80CBA4TKT4.pcm

SwiftExplicitDependencyGeneratePcm x86_64 /Users/yingpengwang/.codex/worktrees/w2-resume/creator-platform/tmp/w2-native-20261001/DerivedData/ModuleCache.noindex/ImageIO-M33N9PWYIQOA7F0H6M97PGGK.pcm

SwiftExplicitDependencyGeneratePcm arm64 /Users/yingpengwang/.codex/worktrees/w2-resume/creator-platform/tmp/w2-native-20261001/DerivedData/ModuleCache.noindex/UIKit-1SD9ECJFLZQQ45KIZIF4NQ9GM.pcm

SwiftExplicitDependencyGeneratePcm x86_64 /Users/yingpengwang/.codex/worktrees/w2-resume/creator-platform/tmp/w2-native-20261001/DerivedData/ModuleCache.noindex/CoreImage-9VJ7V8SPKJDDF2H4SGB0WO9WP.pcm

SwiftExplicitDependencyGeneratePcm arm64 /Users/yingpengwang/.codex/worktrees/w2-resume/creator-platform/tmp/w2-native-20261001/DerivedData/ModuleCache.noindex/MediaToolbox-5MBJ8GNZ1JVBSFM32QF26N11A.pcm

SwiftExplicitDependencyGeneratePcm x86_64 /Users/yingpengwang/.codex/worktrees/w2-resume/creator-platform/tmp/w2-native-20261001/DerivedData/ModuleCache.noindex/UIKit-1G73CP4G4E1G4SWXVNCKBAVFT.pcm

SwiftExplicitDependencyGeneratePcm arm64 /Users/yingpengwang/.codex/worktrees/w2-resume/creator-platform/tmp/w2-native-20261001/DerivedData/ModuleCache.noindex/AVFAudio-EYWS1F74C6EOPZLYPYKX22YSU.pcm

SwiftExplicitDependencyGeneratePcm arm64 /Users/yingpengwang/.codex/worktrees/w2-resume/creator-platform/tmp/w2-native-20261001/DerivedData/ModuleCache.noindex/SwiftUI-5ZZWQ8WMABMQBR5TLWR20SD7D.pcm

SwiftExplicitDependencyGeneratePcm arm64 /Users/yingpengwang/.codex/worktrees/w2-resume/creator-platform/tmp/w2-native-20261001/DerivedData/ModuleCache.noindex/AVFoundation-8F0F9DDAE9ZHQKI9XTEXUPPJF.pcm

SwiftExplicitDependencyGeneratePcm arm64 /Users/yingpengwang/.codex/worktrees/w2-resume/creator-platform/tmp/w2-native-20261001/DerivedData/ModuleCache.noindex/StoreKit-2EMGQDRI4ROQ606Z95BF6EI1G.pcm

SwiftExplicitDependencyGeneratePcm x86_64 /Users/yingpengwang/.codex/worktrees/w2-resume/creator-platform/tmp/w2-native-20261001/DerivedData/ModuleCache.noindex/SwiftUI-4T7BVM5MA4H7GQQN7D7D1BRJL.pcm

SwiftExplicitDependencyGeneratePcm x86_64 /Users/yingpengwang/.codex/worktrees/w2-resume/creator-platform/tmp/w2-native-20261001/DerivedData/ModuleCache.noindex/AuthenticationServices-EA5LGNTRM61D16E30G7NJ0KMG.pcm

SwiftExplicitDependencyGeneratePcm x86_64 /Users/yingpengwang/.codex/worktrees/w2-resume/creator-platform/tmp/w2-native-20261001/DerivedData/ModuleCache.noindex/StoreKit-83Z9WB6O53DDEQON7CUBZ5T4Q.pcm

SwiftExplicitDependencyGeneratePcm arm64 /Users/yingpengwang/.codex/worktrees/w2-resume/creator-platform/tmp/w2-native-20261001/DerivedData/ModuleCache.noindex/AuthenticationServices-ABMKNJOD1EWTG7S215C8THMJA.pcm

SwiftExplicitDependencyGeneratePcm x86_64 /Users/yingpengwang/.codex/worktrees/w2-resume/creator-platform/tmp/w2-native-20261001/DerivedData/ModuleCache.noindex/MediaToolbox-BE1SAJYMFSJNUY79C0BA6QYWN.pcm

SwiftExplicitDependencyGeneratePcm x86_64 /Users/yingpengwang/.codex/worktrees/w2-resume/creator-platform/tmp/w2-native-20261001/DerivedData/ModuleCache.noindex/AVFoundation-6DN5YF7V8FHLM3CTUMX9OWYBW.pcm

SwiftEmitModule normal arm64 Emitting\ module\ for\ QelvoraUI (in target 'QelvoraUI' from project 'QelvoraNative')
EmitSwiftModule normal arm64 (in target 'QelvoraUI' from project 'QelvoraNative')
    cd /Users/yingpengwang/.codex/worktrees/w2-resume/creator-platform/apps/ios/QelvoraApp.xcodeproj
    
/Users/yingpengwang/.codex/worktrees/w2-resume/creator-platform/apps/ios/Sources/QelvoraUI/Trust.swift:23:93: warning: no 'async' operations occur within 'await' expression
    public init(baseURL: URL, token: @escaping @Sendable () async throws -> String? = { try await SecureSessionStorage().read() }) { self.baseURL = baseURL; self.token = token }
                                                                                            ^
/Users/yingpengwang/.codex/worktrees/w2-resume/creator-platform/apps/ios/Sources/QelvoraUI/Trust.swift:76:128: warning: no 'async' operations occur within 'await' expression
    public init(baseURL: URL?, destination: String = "/support", token: @escaping @Sendable () async throws -> String? = { try await SecureSessionStorage().read() }) {
                                                                                                                               ^

SwiftCompile normal arm64 Compiling\ Theme.swift,\ ThreadComponents.swift /Users/yingpengwang/.codex/worktrees/w2-resume/creator-platform/apps/ios/Sources/QelvoraUI/Theme.swift /Users/yingpengwang/.codex/worktrees/w2-resume/creator-platform/apps/ios/Sources/QelvoraUI/ThreadComponents.swift (in target 'QelvoraUI' from project 'QelvoraNative')
SwiftCompile normal arm64 /Users/yingpengwang/.codex/worktrees/w2-resume/creator-platform/apps/ios/Sources/QelvoraUI/Theme.swift (in target 'QelvoraUI' from project 'QelvoraNative')
    cd /Users/yingpengwang/.codex/worktrees/w2-resume/creator-platform/apps/ios/QelvoraApp.xcodeproj
    

SwiftCompile normal arm64 /Users/yingpengwang/.codex/worktrees/w2-resume/creator-platform/apps/ios/Sources/QelvoraUI/ThreadComponents.swift (in target 'QelvoraUI' from project 'QelvoraNative')
    cd /Users/yingpengwang/.codex/worktrees/w2-resume/creator-platform/apps/ios/QelvoraApp.xcodeproj
    

SwiftEmitModule normal x86_64 Emitting\ module\ for\ QelvoraUI (in target 'QelvoraUI' from project 'QelvoraNative')
EmitSwiftModule normal x86_64 (in target 'QelvoraUI' from project 'QelvoraNative')
    cd /Users/yingpengwang/.codex/worktrees/w2-resume/creator-platform/apps/ios/QelvoraApp.xcodeproj
    
/Users/yingpengwang/.codex/worktrees/w2-resume/creator-platform/apps/ios/Sources/QelvoraUI/Trust.swift:23:93: warning: no 'async' operations occur within 'await' expression
    public init(baseURL: URL, token: @escaping @Sendable () async throws -> String? = { try await SecureSessionStorage().read() }) { self.baseURL = baseURL; self.token = token }
                                                                                            ^
/Users/yingpengwang/.codex/worktrees/w2-resume/creator-platform/apps/ios/Sources/QelvoraUI/Trust.swift:76:128: warning: no 'async' operations occur within 'await' expression
    public init(baseURL: URL?, destination: String = "/support", token: @escaping @Sendable () async throws -> String? = { try await SecureSessionStorage().read() }) {
                                                                                                                               ^

SwiftDriverJobDiscovery normal arm64 Emitting module for QelvoraUI (in target 'QelvoraUI' from project 'QelvoraNative')

SwiftDriver\ Compilation\ Requirements QelvoraUI normal arm64 com.apple.xcode.tools.swift.compiler (in target 'QelvoraUI' from project 'QelvoraNative')
    cd /Users/yingpengwang/.codex/worktrees/w2-resume/creator-platform/apps/ios/QelvoraApp.xcodeproj
    builtin-Swift-Compilation-Requirements -- /Applications/Xcode.app/Contents/Developer/Toolchains/XcodeDefault.xctoolchain/usr/bin/swiftc -module-name QelvoraUI -Onone @/Users/yingpengwang/.codex/worktrees/w2-resume/creator-platform/tmp/w2-native-20261001/DerivedData/Build/Intermediates.noindex/QelvoraNative.build/Debug-iphonesimulator/QelvoraUI.build/Objects-normal/arm64/QelvoraUI.SwiftFileList -DSWIFT_PACKAGE -DDEBUG -DSWIFT_MODULE_RESOURCE_BUNDLE_AVAILABLE -DXcode -plugin-path /Applications/Xcode.app/Contents/Developer/Toolchains/XcodeDefault.xctoolchain/usr/lib/swift/host/plugins/testing -enable-experimental-feature DebugDescriptionMacro -sdk /Applications/Xcode.app/Contents/Developer/Platforms/iPhoneSimulator.platform/Developer/SDKs/iPhoneSimulator26.5.sdk -target arm64-apple-ios17.0-simulator -g -module-cache-path /Users/yingpengwang/.codex/worktrees/w2-resume/creator-platform/tmp/w2-native-20261001/DerivedData/ModuleCache.noindex -Xfrontend -serialize-debugging-options -enable-testing -index-store-path /Users/yingpengwang/.codex/worktrees/w2-resume/creator-platform/tmp/w2-native-20261001/DerivedData/Index.noindex/DataStore -Xcc -D_LIBCPP_HARDENING_MODE\=_LIBCPP_HARDENING_MODE_DEBUG -swift-version 6 -I /Users/yingpengwang/.codex/worktrees/w2-resume/creator-platform/tmp/w2-native-20261001/DerivedData/Build/Products/Debug-iphonesimulator -Isystem /Applications/Xcode.app/Contents/Developer/Platforms/iPhoneSimulator.platform/Developer/usr/lib -F /Users/yingpengwang/.codex/worktrees/w2-resume/creator-platform/tmp/w2-native-20261001/DerivedData/Build/Products/Debug-iphonesimulator -F /Applications/Xcode.app/Contents/Developer/Platforms/iPhoneSimulator.platform/Developer/Library/Frameworks -F /Applications/Xcode.app/Contents/Developer/Platforms/iPhoneSimulator.platform/Developer/SDKs/iPhoneSimulator26.5.sdk/Developer/Library/Frameworks -c -j16 -enable-batch-mode -incremental -Xcc -ivfsstatcache -Xcc /Users/yingpengwang/.codex/worktrees/w2-resume/creator-platform/tmp/w2-native-20261001/DerivedData/SDKStatCaches.noindex/iphonesimulator26.5-23F73-6cfe768891a92b912361537c460fe42b.sdkstatcache -output-file-map /Users/yingpengwang/.codex/worktrees/w2-resume/creator-platform/tmp/w2-native-20261001/DerivedData/Build/Intermediates.noindex/QelvoraNative.build/Debug-iphonesimulator/QelvoraUI.build/Objects-normal/arm64/QelvoraUI-OutputFileMap.json -use-frontend-parseable-output -save-temps -no-color-diagnostics -explicit-module-build -module-cache-path /Users/yingpengwang/.codex/worktrees/w2-resume/creator-platform/tmp/w2-native-20261001/DerivedData/Build/Intermediates.noindex/SwiftExplicitPrecompiledModules -clang-scanner-module-cache-path /Users/yingpengwang/.codex/worktrees/w2-resume/creator-platform/tmp/w2-native-20261001/DerivedData/ModuleCache.noindex -sdk-module-cache-path /Users/yingpengwang/.codex/worktrees/w2-resume/creator-platform/tmp/w2-native-20261001/DerivedData/ModuleCache.noindex -serialize-diagnostics -emit-dependencies -emit-module -emit-module-path /Users/yingpengwang/.codex/worktrees/w2-resume/creator-platform/tmp/w2-native-20261001/DerivedData/Build/Intermediates.noindex/QelvoraNative.build/Debug-iphonesimulator/QelvoraUI.build/Objects-normal/arm64/QelvoraUI.swiftmodule -validate-clang-modules-once -clang-build-session-file /Users/yingpengwang/.codex/worktrees/w2-resume/creator-platform/tmp/w2-native-20261001/DerivedData/ModuleCache.noindex/Session.modulevalidation -package-name ios -Xcc -I/Users/yingpengwang/.codex/worktrees/w2-resume/creator-platform/tmp/w2-native-20261001/DerivedData/Build/Intermediates.noindex/QelvoraNative.build/Debug-iphonesimulator/QelvoraUI.build/swift-overrides.hmap -emit-const-values -Xfrontend -const-gather-protocols-file -Xfrontend /Users/yingpengwang/.codex/worktrees/w2-resume/creator-platform/tmp/w2-native-20261001/DerivedData/Build/Intermediates.noindex/QelvoraNative.build/Debug-iphonesimulator/QelvoraUI.build/Objects-normal/arm64/QelvoraUI_const_extract_protocols.json -Xcc -I/Users/yingpengwang/.codex/worktrees/w2-resume/creator-platform/tmp/w2-native-20261001/DerivedData/Build/Products/Debug-iphonesimulator/include -Xcc -I/Users/yingpengwang/.codex/worktrees/w2-resume/creator-platform/tmp/w2-native-20261001/DerivedData/Build/Intermediates.noindex/QelvoraNative.build/Debug-iphonesimulator/QelvoraUI.build/DerivedSources-normal/arm64 -Xcc -I/Users/yingpengwang/.codex/worktrees/w2-resume/creator-platform/tmp/w2-native-20261001/DerivedData/Build/Intermediates.noindex/QelvoraNative.build/Debug-iphonesimulator/QelvoraUI.build/DerivedSources/arm64 -Xcc -I/Users/yingpengwang/.codex/worktrees/w2-resume/creator-platform/tmp/w2-native-20261001/DerivedData/Build/Intermediates.noindex/QelvoraNative.build/Debug-iphonesimulator/QelvoraUI.build/DerivedSources -Xcc -DSWIFT_PACKAGE -Xcc -DDEBUG\=1 -emit-objc-header -emit-objc-header-path /Users/yingpengwang/.codex/worktrees/w2-resume/creator-platform/tmp/w2-native-20261001/DerivedData/Build/Intermediates.noindex/QelvoraNative.build/Debug-iphonesimulator/QelvoraUI.build/Objects-normal/arm64/QelvoraUI-Swift.h -working-directory /Users/yingpengwang/.codex/worktrees/w2-resume/creator-platform/apps/ios/QelvoraApp.xcodeproj -experimental-emit-module-separately -disable-cmo

SwiftDriverJobDiscovery normal arm64 Compiling Theme.swift, ThreadComponents.swift (in target 'QelvoraUI' from project 'QelvoraNative')

SwiftCompile normal arm64 Compiling\ StoreMembershipPane.swift,\ ComponentPreview.swift,\ ContentAttachments.swift /Users/yingpengwang/.codex/worktrees/w2-resume/creator-platform/apps/ios/Sources/QelvoraUI/Commerce/StoreMembershipPane.swift /Users/yingpengwang/.codex/worktrees/w2-resume/creator-platform/apps/ios/Sources/QelvoraUI/ComponentPreview.swift /Users/yingpengwang/.codex/worktrees/w2-resume/creator-platform/apps/ios/Sources/QelvoraUI/Content/ContentAttachments.swift (in target 'QelvoraUI' from project 'QelvoraNative')

SwiftCompile normal arm64 /Users/yingpengwang/.codex/worktrees/w2-resume/creator-platform/apps/ios/Sources/QelvoraUI/Commerce/StoreMembershipPane.swift (in target 'QelvoraUI' from project 'QelvoraNative')
    cd /Users/yingpengwang/.codex/worktrees/w2-resume/creator-platform/apps/ios/QelvoraApp.xcodeproj
    

SwiftCompile normal arm64 /Users/yingpengwang/.codex/worktrees/w2-resume/creator-platform/apps/ios/Sources/QelvoraUI/ComponentPreview.swift (in target 'QelvoraUI' from project 'QelvoraNative')
    cd /Users/yingpengwang/.codex/worktrees/w2-resume/creator-platform/apps/ios/QelvoraApp.xcodeproj
    

SwiftCompile normal arm64 /Users/yingpengwang/.codex/worktrees/w2-resume/creator-platform/apps/ios/Sources/QelvoraUI/Content/ContentAttachments.swift (in target 'QelvoraUI' from project 'QelvoraNative')
    cd /Users/yingpengwang/.codex/worktrees/w2-resume/creator-platform/apps/ios/QelvoraApp.xcodeproj
    

SwiftDriverJobDiscovery normal arm64 Compiling StoreMembershipPane.swift, ComponentPreview.swift, ContentAttachments.swift (in target 'QelvoraUI' from project 'QelvoraNative')

Copy /Users/yingpengwang/.codex/worktrees/w2-resume/creator-platform/tmp/w2-native-20261001/DerivedData/Build/Products/Debug-iphonesimulator/QelvoraUI.swiftmodule/arm64-apple-ios-simulator.swiftmodule /Users/yingpengwang/.codex/worktrees/w2-resume/creator-platform/tmp/w2-native-20261001/DerivedData/Build/Intermediates.noindex/QelvoraNative.build/Debug-iphonesimulator/QelvoraUI.build/Objects-normal/arm64/QelvoraUI.swiftmodule (in target 'QelvoraUI' from project 'QelvoraNative')
    cd /Users/yingpengwang/.codex/worktrees/w2-resume/creator-platform/apps/ios
    builtin-copy -exclude .DS_Store -exclude CVS -exclude .svn -exclude .git -exclude .hg -resolve-src-symlinks -rename /Users/yingpengwang/.codex/worktrees/w2-resume/creator-platform/tmp/w2-native-20261001/DerivedData/Build/Intermediates.noindex/QelvoraNative.build/Debug-iphonesimulator/QelvoraUI.build/Objects-normal/arm64/QelvoraUI.swiftmodule /Users/yingpengwang/.codex/worktrees/w2-resume/creator-platform/tmp/w2-native-20261001/DerivedData/Build/Products/Debug-iphonesimulator/QelvoraUI.swiftmodule/arm64-apple-ios-simulator.swiftmodule

Copy /Users/yingpengwang/.codex/worktrees/w2-resume/creator-platform/tmp/w2-native-20261001/DerivedData/Build/Products/Debug-iphonesimulator/QelvoraUI.swiftmodule/arm64-apple-ios-simulator.swiftdoc /Users/yingpengwang/.codex/worktrees/w2-resume/creator-platform/tmp/w2-native-20261001/DerivedData/Build/Intermediates.noindex/QelvoraNative.build/Debug-iphonesimulator/QelvoraUI.build/Objects-normal/arm64/QelvoraUI.swiftdoc (in target 'QelvoraUI' from project 'QelvoraNative')
    cd /Users/yingpengwang/.codex/worktrees/w2-resume/creator-platform/apps/ios
    builtin-copy -exclude .DS_Store -exclude CVS -exclude .svn -exclude .git -exclude .hg -resolve-src-symlinks -rename /Users/yingpengwang/.codex/worktrees/w2-resume/creator-platform/tmp/w2-native-20261001/DerivedData/Build/Intermediates.noindex/QelvoraNative.build/Debug-iphonesimulator/QelvoraUI.build/Objects-normal/arm64/QelvoraUI.swiftdoc /Users/yingpengwang/.codex/worktrees/w2-resume/creator-platform/tmp/w2-native-20261001/DerivedData/Build/Products/Debug-iphonesimulator/QelvoraUI.swiftmodule/arm64-apple-ios-simulator.swiftdoc

Copy /Users/yingpengwang/.codex/worktrees/w2-resume/creator-platform/tmp/w2-native-20261001/DerivedData/Build/Products/Debug-iphonesimulator/QelvoraUI.swiftmodule/arm64-apple-ios-simulator.abi.json /Users/yingpengwang/.codex/worktrees/w2-resume/creator-platform/tmp/w2-native-20261001/DerivedData/Build/Intermediates.noindex/QelvoraNative.build/Debug-iphonesimulator/QelvoraUI.build/Objects-normal/arm64/QelvoraUI.abi.json (in target 'QelvoraUI' from project 'QelvoraNative')
    cd /Users/yingpengwang/.codex/worktrees/w2-resume/creator-platform/apps/ios
    builtin-copy -exclude .DS_Store -exclude CVS -exclude .svn -exclude .git -exclude .hg -resolve-src-symlinks -rename /Users/yingpengwang/.codex/worktrees/w2-resume/creator-platform/tmp/w2-native-20261001/DerivedData/Build/Intermediates.noindex/QelvoraNative.build/Debug-iphonesimulator/QelvoraUI.build/Objects-normal/arm64/QelvoraUI.abi.json /Users/yingpengwang/.codex/worktrees/w2-resume/creator-platform/tmp/w2-native-20261001/DerivedData/Build/Products/Debug-iphonesimulator/QelvoraUI.swiftmodule/arm64-apple-ios-simulator.abi.json

Copy /Users/yingpengwang/.codex/worktrees/w2-resume/creator-platform/tmp/w2-native-20261001/DerivedData/Build/Products/Debug-iphonesimulator/QelvoraUI.swiftmodule/Project/arm64-apple-ios-simulator.swiftsourceinfo /Users/yingpengwang/.codex/worktrees/w2-resume/creator-platform/tmp/w2-native-20261001/DerivedData/Build/Intermediates.noindex/QelvoraNative.build/Debug-iphonesimulator/QelvoraUI.build/Objects-normal/arm64/QelvoraUI.swiftsourceinfo (in target 'QelvoraUI' from project 'QelvoraNative')
    cd /Users/yingpengwang/.codex/worktrees/w2-resume/creator-platform/apps/ios
    builtin-copy -exclude .DS_Store -exclude CVS -exclude .svn -exclude .git -exclude .hg -resolve-src-symlinks -rename /Users/yingpengwang/.codex/worktrees/w2-resume/creator-platform/tmp/w2-native-20261001/DerivedData/Build/Intermediates.noindex/QelvoraNative.build/Debug-iphonesimulator/QelvoraUI.build/Objects-normal/arm64/QelvoraUI.swiftsourceinfo /Users/yingpengwang/.codex/worktrees/w2-resume/creator-platform/tmp/w2-native-20261001/DerivedData/Build/Products/Debug-iphonesimulator/QelvoraUI.swiftmodule/Project/arm64-apple-ios-simulator.swiftsourceinfo

SwiftCompile normal arm64 Compiling\ CommerceClient.swift,\ CommerceFeature.swift,\ StoreMembership.swift /Users/yingpengwang/.codex/worktrees/w2-resume/creator-platform/apps/ios/Sources/QelvoraUI/Commerce/CommerceClient.swift /Users/yingpengwang/.codex/worktrees/w2-resume/creator-platform/apps/ios/Sources/QelvoraUI/Commerce/CommerceFeature.swift /Users/yingpengwang/.codex/worktrees/w2-resume/creator-platform/apps/ios/Sources/QelvoraUI/Commerce/StoreMembership.swift (in target 'QelvoraUI' from project 'QelvoraNative')
SwiftCompile normal arm64 /Users/yingpengwang/.codex/worktrees/w2-resume/creator-platform/apps/ios/Sources/QelvoraUI/Commerce/CommerceClient.swift (in target 'QelvoraUI' from project 'QelvoraNative')
    cd /Users/yingpengwang/.codex/worktrees/w2-resume/creator-platform/apps/ios/QelvoraApp.xcodeproj
    

SwiftCompile normal arm64 /Users/yingpengwang/.codex/worktrees/w2-resume/creator-platform/apps/ios/Sources/QelvoraUI/Commerce/CommerceFeature.swift (in target 'QelvoraUI' from project 'QelvoraNative')
    cd /Users/yingpengwang/.codex/worktrees/w2-resume/creator-platform/apps/ios/QelvoraApp.xcodeproj
    

SwiftCompile normal arm64 /Users/yingpengwang/.codex/worktrees/w2-resume/creator-platform/apps/ios/Sources/QelvoraUI/Commerce/StoreMembership.swift (in target 'QelvoraUI' from project 'QelvoraNative')
    cd /Users/yingpengwang/.codex/worktrees/w2-resume/creator-platform/apps/ios/QelvoraApp.xcodeproj
    

SwiftCompile normal x86_64 Compiling\ Overlays.swift,\ PasskeyCeremony.swift /Users/yingpengwang/.codex/worktrees/w2-resume/creator-platform/apps/ios/Sources/QelvoraUI/Overlays.swift /Users/yingpengwang/.codex/worktrees/w2-resume/creator-platform/apps/ios/Sources/QelvoraUI/PasskeyCeremony.swift (in target 'QelvoraUI' from project 'QelvoraNative')

SwiftCompile normal x86_64 /Users/yingpengwang/.codex/worktrees/w2-resume/creator-platform/apps/ios/Sources/QelvoraUI/Overlays.swift (in target 'QelvoraUI' from project 'QelvoraNative')
    cd /Users/yingpengwang/.codex/worktrees/w2-resume/creator-platform/apps/ios/QelvoraApp.xcodeproj
    
/Users/yingpengwang/.codex/worktrees/w2-resume/creator-platform/apps/ios/Sources/QelvoraUI/Overlays.swift:331:21: warning: call to main actor-isolated static method 'post(notification:argument:)' in a synchronous nonisolated context
    UIAccessibility.post(notification: .announcement, argument: text)
                    ^
/Applications/Xcode.app/Contents/Developer/Platforms/iPhoneSimulator.platform/Developer/SDKs/iPhoneSimulator26.5.sdk/System/Library/Frameworks/UIKit.framework/Headers/UIAccessibility.h:521:19: note: calls to static method 'post(notification:argument:)' from outside of its actor context are implicitly asynchronous
UIKIT_EXTERN void UIAccessibilityPostNotification(UIAccessibilityNotifications notification, __nullable id argument) API_UNAVAILABLE(watchos) NS_SWIFT_UI_ACTOR;
                  ^
/Users/yingpengwang/.codex/worktrees/w2-resume/creator-platform/apps/ios/Sources/QelvoraUI/Overlays.swift:329:14: note: add '@MainActor' to make global function 'announce' part of global actor 'MainActor'
private func announce(_ text: String) {
             ^
@MainActor 

SwiftCompile normal x86_64 /Users/yingpengwang/.codex/worktrees/w2-resume/creator-platform/apps/ios/Sources/QelvoraUI/PasskeyCeremony.swift (in target 'QelvoraUI' from project 'QelvoraNative')
    cd /Users/yingpengwang/.codex/worktrees/w2-resume/creator-platform/apps/ios/QelvoraApp.xcodeproj
    

SwiftDriverJobDiscovery normal x86_64 Emitting module for QelvoraUI (in target 'QelvoraUI' from project 'QelvoraNative')

SwiftDriver\ Compilation\ Requirements QelvoraUI normal x86_64 com.apple.xcode.tools.swift.compiler (in target 'QelvoraUI' from project 'QelvoraNative')
    cd /Users/yingpengwang/.codex/worktrees/w2-resume/creator-platform/apps/ios/QelvoraApp.xcodeproj
    builtin-Swift-Compilation-Requirements -- /Applications/Xcode.app/Contents/Developer/Toolchains/XcodeDefault.xctoolchain/usr/bin/swiftc -module-name QelvoraUI -Onone @/Users/yingpengwang/.codex/worktrees/w2-resume/creator-platform/tmp/w2-native-20261001/DerivedData/Build/Intermediates.noindex/QelvoraNative.build/Debug-iphonesimulator/QelvoraUI.build/Objects-normal/x86_64/QelvoraUI.SwiftFileList -DSWIFT_PACKAGE -DDEBUG -DSWIFT_MODULE_RESOURCE_BUNDLE_AVAILABLE -DXcode -plugin-path /Applications/Xcode.app/Contents/Developer/Toolchains/XcodeDefault.xctoolchain/usr/lib/swift/host/plugins/testing -enable-experimental-feature DebugDescriptionMacro -sdk /Applications/Xcode.app/Contents/Developer/Platforms/iPhoneSimulator.platform/Developer/SDKs/iPhoneSimulator26.5.sdk -target x86_64-apple-ios17.0-simulator -g -module-cache-path /Users/yingpengwang/.codex/worktrees/w2-resume/creator-platform/tmp/w2-native-20261001/DerivedData/ModuleCache.noindex -Xfrontend -serialize-debugging-options -enable-testing -index-store-path /Users/yingpengwang/.codex/worktrees/w2-resume/creator-platform/tmp/w2-native-20261001/DerivedData/Index.noindex/DataStore -Xcc -D_LIBCPP_HARDENING_MODE\=_LIBCPP_HARDENING_MODE_DEBUG -swift-version 6 -I /Users/yingpengwang/.codex/worktrees/w2-resume/creator-platform/tmp/w2-native-20261001/DerivedData/Build/Products/Debug-iphonesimulator -Isystem /Applications/Xcode.app/Contents/Developer/Platforms/iPhoneSimulator.platform/Developer/usr/lib -F /Users/yingpengwang/.codex/worktrees/w2-resume/creator-platform/tmp/w2-native-20261001/DerivedData/Build/Products/Debug-iphonesimulator -F /Applications/Xcode.app/Contents/Developer/Platforms/iPhoneSimulator.platform/Developer/Library/Frameworks -F /Applications/Xcode.app/Contents/Developer/Platforms/iPhoneSimulator.platform/Developer/SDKs/iPhoneSimulator26.5.sdk/Developer/Library/Frameworks -c -j16 -enable-batch-mode -incremental -Xcc -ivfsstatcache -Xcc /Users/yingpengwang/.codex/worktrees/w2-resume/creator-platform/tmp/w2-native-20261001/DerivedData/SDKStatCaches.noindex/iphonesimulator26.5-23F73-6cfe768891a92b912361537c460fe42b.sdkstatcache -output-file-map /Users/yingpengwang/.codex/worktrees/w2-resume/creator-platform/tmp/w2-native-20261001/DerivedData/Build/Intermediates.noindex/QelvoraNative.build/Debug-iphonesimulator/QelvoraUI.build/Objects-normal/x86_64/QelvoraUI-OutputFileMap.json -use-frontend-parseable-output -save-temps -no-color-diagnostics -explicit-module-build -module-cache-path /Users/yingpengwang/.codex/worktrees/w2-resume/creator-platform/tmp/w2-native-20261001/DerivedData/Build/Intermediates.noindex/SwiftExplicitPrecompiledModules -clang-scanner-module-cache-path /Users/yingpengwang/.codex/worktrees/w2-resume/creator-platform/tmp/w2-native-20261001/DerivedData/ModuleCache.noindex -sdk-module-cache-path /Users/yingpengwang/.codex/worktrees/w2-resume/creator-platform/tmp/w2-native-20261001/DerivedData/ModuleCache.noindex -serialize-diagnostics -emit-dependencies -emit-module -emit-module-path /Users/yingpengwang/.codex/worktrees/w2-resume/creator-platform/tmp/w2-native-20261001/DerivedData/Build/Intermediates.noindex/QelvoraNative.build/Debug-iphonesimulator/QelvoraUI.build/Objects-normal/x86_64/QelvoraUI.swiftmodule -validate-clang-modules-once -clang-build-session-file /Users/yingpengwang/.codex/worktrees/w2-resume/creator-platform/tmp/w2-native-20261001/DerivedData/ModuleCache.noindex/Session.modulevalidation -package-name ios -Xcc -I/Users/yingpengwang/.codex/worktrees/w2-resume/creator-platform/tmp/w2-native-20261001/DerivedData/Build/Intermediates.noindex/QelvoraNative.build/Debug-iphonesimulator/QelvoraUI.build/swift-overrides.hmap -emit-const-values -Xfrontend -const-gather-protocols-file -Xfrontend /Users/yingpengwang/.codex/worktrees/w2-resume/creator-platform/tmp/w2-native-20261001/DerivedData/Build/Intermediates.noindex/QelvoraNative.build/Debug-iphonesimulator/QelvoraUI.build/Objects-normal/x86_64/QelvoraUI_const_extract_protocols.json -Xcc -I/Users/yingpengwang/.codex/worktrees/w2-resume/creator-platform/tmp/w2-native-20261001/DerivedData/Build/Products/Debug-iphonesimulator/include -Xcc -I/Users/yingpengwang/.codex/worktrees/w2-resume/creator-platform/tmp/w2-native-20261001/DerivedData/Build/Intermediates.noindex/QelvoraNative.build/Debug-iphonesimulator/QelvoraUI.build/DerivedSources-normal/x86_64 -Xcc -I/Users/yingpengwang/.codex/worktrees/w2-resume/creator-platform/tmp/w2-native-20261001/DerivedData/Build/Intermediates.noindex/QelvoraNative.build/Debug-iphonesimulator/QelvoraUI.build/DerivedSources/x86_64 -Xcc -I/Users/yingpengwang/.codex/worktrees/w2-resume/creator-platform/tmp/w2-native-20261001/DerivedData/Build/Intermediates.noindex/QelvoraNative.build/Debug-iphonesimulator/QelvoraUI.build/DerivedSources -Xcc -DSWIFT_PACKAGE -Xcc -DDEBUG\=1 -emit-objc-header -emit-objc-header-path /Users/yingpengwang/.codex/worktrees/w2-resume/creator-platform/tmp/w2-native-20261001/DerivedData/Build/Intermediates.noindex/QelvoraNative.build/Debug-iphonesimulator/QelvoraUI.build/Objects-normal/x86_64/QelvoraUI-Swift.h -working-directory /Users/yingpengwang/.codex/worktrees/w2-resume/creator-platform/apps/ios/QelvoraApp.xcodeproj -experimental-emit-module-separately -disable-cmo

SwiftDriverJobDiscovery normal x86_64 Compiling Overlays.swift, PasskeyCeremony.swift (in target 'QelvoraUI' from project 'QelvoraNative')

SwiftCompile normal x86_64 Compiling\ W3ConversationClient.swift,\ W3FanFeatures.swift,\ W3Realtime.swift /Users/yingpengwang/.codex/worktrees/w2-resume/creator-platform/apps/ios/Sources/QelvoraUI/Conversation/W3ConversationClient.swift /Users/yingpengwang/.codex/worktrees/w2-resume/creator-platform/apps/ios/Sources/QelvoraUI/Conversation/W3FanFeatures.swift /Users/yingpengwang/.codex/worktrees/w2-resume/creator-platform/apps/ios/Sources/QelvoraUI/Conversation/W3Realtime.swift (in target 'QelvoraUI' from project 'QelvoraNative')
SwiftCompile normal x86_64 /Users/yingpengwang/.codex/worktrees/w2-resume/creator-platform/apps/ios/Sources/QelvoraUI/Conversation/W3ConversationClient.swift (in target 'QelvoraUI' from project 'QelvoraNative')
    cd /Users/yingpengwang/.codex/worktrees/w2-resume/creator-platform/apps/ios/QelvoraApp.xcodeproj
    

SwiftCompile normal x86_64 /Users/yingpengwang/.codex/worktrees/w2-resume/creator-platform/apps/ios/Sources/QelvoraUI/Conversation/W3FanFeatures.swift (in target 'QelvoraUI' from project 'QelvoraNative')
    cd /Users/yingpengwang/.codex/worktrees/w2-resume/creator-platform/apps/ios/QelvoraApp.xcodeproj
    

SwiftCompile normal x86_64 /Users/yingpengwang/.codex/worktrees/w2-resume/creator-platform/apps/ios/Sources/QelvoraUI/Conversation/W3Realtime.swift (in target 'QelvoraUI' from project 'QelvoraNative')
    cd /Users/yingpengwang/.codex/worktrees/w2-resume/creator-platform/apps/ios/QelvoraApp.xcodeproj
    

SwiftMergeGeneratedHeaders /Users/yingpengwang/.codex/worktrees/w2-resume/creator-platform/tmp/w2-native-20261001/DerivedData/Build/Intermediates.noindex/GeneratedModuleMaps-iphonesimulator/QelvoraUI-Swift.h /Users/yingpengwang/.codex/worktrees/w2-resume/creator-platform/tmp/w2-native-20261001/DerivedData/Build/Intermediates.noindex/QelvoraNative.build/Debug-iphonesimulator/QelvoraUI.build/Objects-normal/arm64/QelvoraUI-Swift.h /Users/yingpengwang/.codex/worktrees/w2-resume/creator-platform/tmp/w2-native-20261001/DerivedData/Build/Intermediates.noindex/QelvoraNative.build/Debug-iphonesimulator/QelvoraUI.build/Objects-normal/x86_64/QelvoraUI-Swift.h (in target 'QelvoraUI' from project 'QelvoraNative')
    cd /Users/yingpengwang/.codex/worktrees/w2-resume/creator-platform/apps/ios
    builtin-swiftHeaderTool -arch arm64 /Users/yingpengwang/.codex/worktrees/w2-resume/creator-platform/tmp/w2-native-20261001/DerivedData/Build/Intermediates.noindex/QelvoraNative.build/Debug-iphonesimulator/QelvoraUI.build/Objects-normal/arm64/QelvoraUI-Swift.h -arch x86_64 /Users/yingpengwang/.codex/worktrees/w2-resume/creator-platform/tmp/w2-native-20261001/DerivedData/Build/Intermediates.noindex/QelvoraNative.build/Debug-iphonesimulator/QelvoraUI.build/Objects-normal/x86_64/QelvoraUI-Swift.h -o /Users/yingpengwang/.codex/worktrees/w2-resume/creator-platform/tmp/w2-native-20261001/DerivedData/Build/Intermediates.noindex/GeneratedModuleMaps-iphonesimulator/QelvoraUI-Swift.h

SwiftDriverJobDiscovery normal arm64 Compiling CommerceClient.swift, CommerceFeature.swift, StoreMembership.swift (in target 'QelvoraUI' from project 'QelvoraNative')

Copy /Users/yingpengwang/.codex/worktrees/w2-resume/creator-platform/tmp/w2-native-20261001/DerivedData/Build/Products/Debug-iphonesimulator/QelvoraUI.swiftmodule/x86_64-apple-ios-simulator.swiftmodule /Users/yingpengwang/.codex/worktrees/w2-resume/creator-platform/tmp/w2-native-20261001/DerivedData/Build/Intermediates.noindex/QelvoraNative.build/Debug-iphonesimulator/QelvoraUI.build/Objects-normal/x86_64/QelvoraUI.swiftmodule (in target 'QelvoraUI' from project 'QelvoraNative')
    cd /Users/yingpengwang/.codex/worktrees/w2-resume/creator-platform/apps/ios
    builtin-copy -exclude .DS_Store -exclude CVS -exclude .svn -exclude .git -exclude .hg -resolve-src-symlinks -rename /Users/yingpengwang/.codex/worktrees/w2-resume/creator-platform/tmp/w2-native-20261001/DerivedData/Build/Intermediates.noindex/QelvoraNative.build/Debug-iphonesimulator/QelvoraUI.build/Objects-normal/x86_64/QelvoraUI.swiftmodule /Users/yingpengwang/.codex/worktrees/w2-resume/creator-platform/tmp/w2-native-20261001/DerivedData/Build/Products/Debug-iphonesimulator/QelvoraUI.swiftmodule/x86_64-apple-ios-simulator.swiftmodule

Copy /Users/yingpengwang/.codex/worktrees/w2-resume/creator-platform/tmp/w2-native-20261001/DerivedData/Build/Products/Debug-iphonesimulator/QelvoraUI.swiftmodule/x86_64-apple-ios-simulator.swiftdoc /Users/yingpengwang/.codex/worktrees/w2-resume/creator-platform/tmp/w2-native-20261001/DerivedData/Build/Intermediates.noindex/QelvoraNative.build/Debug-iphonesimulator/QelvoraUI.build/Objects-normal/x86_64/QelvoraUI.swiftdoc (in target 'QelvoraUI' from project 'QelvoraNative')
    cd /Users/yingpengwang/.codex/worktrees/w2-resume/creator-platform/apps/ios
    builtin-copy -exclude .DS_Store -exclude CVS -exclude .svn -exclude .git -exclude .hg -resolve-src-symlinks -rename /Users/yingpengwang/.codex/worktrees/w2-resume/creator-platform/tmp/w2-native-20261001/DerivedData/Build/Intermediates.noindex/QelvoraNative.build/Debug-iphonesimulator/QelvoraUI.build/Objects-normal/x86_64/QelvoraUI.swiftdoc /Users/yingpengwang/.codex/worktrees/w2-resume/creator-platform/tmp/w2-native-20261001/DerivedData/Build/Products/Debug-iphonesimulator/QelvoraUI.swiftmodule/x86_64-apple-ios-simulator.swiftdoc

Copy /Users/yingpengwang/.codex/worktrees/w2-resume/creator-platform/tmp/w2-native-20261001/DerivedData/Build/Products/Debug-iphonesimulator/QelvoraUI.swiftmodule/x86_64-apple-ios-simulator.abi.json /Users/yingpengwang/.codex/worktrees/w2-resume/creator-platform/tmp/w2-native-20261001/DerivedData/Build/Intermediates.noindex/QelvoraNative.build/Debug-iphonesimulator/QelvoraUI.build/Objects-normal/x86_64/QelvoraUI.abi.json (in target 'QelvoraUI' from project 'QelvoraNative')
    cd /Users/yingpengwang/.codex/worktrees/w2-resume/creator-platform/apps/ios
    builtin-copy -exclude .DS_Store -exclude CVS -exclude .svn -exclude .git -exclude .hg -resolve-src-symlinks -rename /Users/yingpengwang/.codex/worktrees/w2-resume/creator-platform/tmp/w2-native-20261001/DerivedData/Build/Intermediates.noindex/QelvoraNative.build/Debug-iphonesimulator/QelvoraUI.build/Objects-normal/x86_64/QelvoraUI.abi.json /Users/yingpengwang/.codex/worktrees/w2-resume/creator-platform/tmp/w2-native-20261001/DerivedData/Build/Products/Debug-iphonesimulator/QelvoraUI.swiftmodule/x86_64-apple-ios-simulator.abi.json

Copy /Users/yingpengwang/.codex/worktrees/w2-resume/creator-platform/tmp/w2-native-20261001/DerivedData/Build/Products/Debug-iphonesimulator/QelvoraUI.swiftmodule/Project/x86_64-apple-ios-simulator.swiftsourceinfo /Users/yingpengwang/.codex/worktrees/w2-resume/creator-platform/tmp/w2-native-20261001/DerivedData/Build/Intermediates.noindex/QelvoraNative.build/Debug-iphonesimulator/QelvoraUI.build/Objects-normal/x86_64/QelvoraUI.swiftsourceinfo (in target 'QelvoraUI' from project 'QelvoraNative')
    cd /Users/yingpengwang/.codex/worktrees/w2-resume/creator-platform/apps/ios
    builtin-copy -exclude .DS_Store -exclude CVS -exclude .svn -exclude .git -exclude .hg -resolve-src-symlinks -rename /Users/yingpengwang/.codex/worktrees/w2-resume/creator-platform/tmp/w2-native-20261001/DerivedData/Build/Intermediates.noindex/QelvoraNative.build/Debug-iphonesimulator/QelvoraUI.build/Objects-normal/x86_64/QelvoraUI.swiftsourceinfo /Users/yingpengwang/.codex/worktrees/w2-resume/creator-platform/tmp/w2-native-20261001/DerivedData/Build/Products/Debug-iphonesimulator/QelvoraUI.swiftmodule/Project/x86_64-apple-ios-simulator.swiftsourceinfo

SwiftCompile normal x86_64 Compiling\ ContentFeature.swift,\ Controls.swift,\ Conversation.swift /Users/yingpengwang/.codex/worktrees/w2-resume/creator-platform/apps/ios/Sources/QelvoraUI/Content/ContentFeature.swift /Users/yingpengwang/.codex/worktrees/w2-resume/creator-platform/apps/ios/Sources/QelvoraUI/Controls.swift /Users/yingpengwang/.codex/worktrees/w2-resume/creator-platform/apps/ios/Sources/QelvoraUI/Conversation.swift (in target 'QelvoraUI' from project 'QelvoraNative')

SwiftCompile normal x86_64 /Users/yingpengwang/.codex/worktrees/w2-resume/creator-platform/apps/ios/Sources/QelvoraUI/Content/ContentFeature.swift (in target 'QelvoraUI' from project 'QelvoraNative')
    cd /Users/yingpengwang/.codex/worktrees/w2-resume/creator-platform/apps/ios/QelvoraApp.xcodeproj
    

SwiftCompile normal x86_64 /Users/yingpengwang/.codex/worktrees/w2-resume/creator-platform/apps/ios/Sources/QelvoraUI/Controls.swift (in target 'QelvoraUI' from project 'QelvoraNative')
    cd /Users/yingpengwang/.codex/worktrees/w2-resume/creator-platform/apps/ios/QelvoraApp.xcodeproj
    

SwiftCompile normal x86_64 /Users/yingpengwang/.codex/worktrees/w2-resume/creator-platform/apps/ios/Sources/QelvoraUI/Conversation.swift (in target 'QelvoraUI' from project 'QelvoraNative')
    cd /Users/yingpengwang/.codex/worktrees/w2-resume/creator-platform/apps/ios/QelvoraApp.xcodeproj
    

SwiftCompile normal x86_64 Compiling\ W6FanFeatures.swift,\ Navigation.swift /Users/yingpengwang/.codex/worktrees/w2-resume/creator-platform/apps/ios/Sources/QelvoraUI/Media/W6FanFeatures.swift /Users/yingpengwang/.codex/worktrees/w2-resume/creator-platform/apps/ios/Sources/QelvoraUI/Navigation.swift (in target 'QelvoraUI' from project 'QelvoraNative')

SwiftCompile normal x86_64 /Users/yingpengwang/.codex/worktrees/w2-resume/creator-platform/apps/ios/Sources/QelvoraUI/Media/W6FanFeatures.swift (in target 'QelvoraUI' from project 'QelvoraNative')
    cd /Users/yingpengwang/.codex/worktrees/w2-resume/creator-platform/apps/ios/QelvoraApp.xcodeproj
    

SwiftCompile normal x86_64 /Users/yingpengwang/.codex/worktrees/w2-resume/creator-platform/apps/ios/Sources/QelvoraUI/Navigation.swift (in target 'QelvoraUI' from project 'QelvoraNative')
    cd /Users/yingpengwang/.codex/worktrees/w2-resume/creator-platform/apps/ios/QelvoraApp.xcodeproj
    

SwiftDriverJobDiscovery normal x86_64 Compiling ContentFeature.swift, Controls.swift, Conversation.swift (in target 'QelvoraUI' from project 'QelvoraNative')

SwiftCompile normal arm64 Compiling\ QelvoraTokens.swift,\ AccessComponents.swift,\ Catalog.swift /Users/yingpengwang/.codex/worktrees/w2-resume/creator-platform/apps/ios/Sources/Generated/QelvoraTokens.swift /Users/yingpengwang/.codex/worktrees/w2-resume/creator-platform/apps/ios/Sources/QelvoraUI/AccessComponents.swift /Users/yingpengwang/.codex/worktrees/w2-resume/creator-platform/apps/ios/Sources/QelvoraUI/Catalog.swift (in target 'QelvoraUI' from project 'QelvoraNative')
SwiftCompile normal arm64 /Users/yingpengwang/.codex/worktrees/w2-resume/creator-platform/apps/ios/Sources/Generated/QelvoraTokens.swift (in target 'QelvoraUI' from project 'QelvoraNative')
    cd /Users/yingpengwang/.codex/worktrees/w2-resume/creator-platform/apps/ios/QelvoraApp.xcodeproj
    

SwiftCompile normal arm64 /Users/yingpengwang/.codex/worktrees/w2-resume/creator-platform/apps/ios/Sources/QelvoraUI/AccessComponents.swift (in target 'QelvoraUI' from project 'QelvoraNative')
    cd /Users/yingpengwang/.codex/worktrees/w2-resume/creator-platform/apps/ios/QelvoraApp.xcodeproj
    

SwiftCompile normal arm64 /Users/yingpengwang/.codex/worktrees/w2-resume/creator-platform/apps/ios/Sources/QelvoraUI/Catalog.swift (in target 'QelvoraUI' from project 'QelvoraNative')
    cd /Users/yingpengwang/.codex/worktrees/w2-resume/creator-platform/apps/ios/QelvoraApp.xcodeproj
    

SwiftDriverJobDiscovery normal x86_64 Compiling W6FanFeatures.swift, Navigation.swift (in target 'QelvoraUI' from project 'QelvoraNative')

SwiftCompile normal arm64 Compiling\ ContentFeature.swift,\ Controls.swift,\ Conversation.swift /Users/yingpengwang/.codex/worktrees/w2-resume/creator-platform/apps/ios/Sources/QelvoraUI/Content/ContentFeature.swift /Users/yingpengwang/.codex/worktrees/w2-resume/creator-platform/apps/ios/Sources/QelvoraUI/Controls.swift /Users/yingpengwang/.codex/worktrees/w2-resume/creator-platform/apps/ios/Sources/QelvoraUI/Conversation.swift (in target 'QelvoraUI' from project 'QelvoraNative')
SwiftCompile normal arm64 /Users/yingpengwang/.codex/worktrees/w2-resume/creator-platform/apps/ios/Sources/QelvoraUI/Content/ContentFeature.swift (in target 'QelvoraUI' from project 'QelvoraNative')
    cd /Users/yingpengwang/.codex/worktrees/w2-resume/creator-platform/apps/ios/QelvoraApp.xcodeproj
    

SwiftCompile normal arm64 /Users/yingpengwang/.codex/worktrees/w2-resume/creator-platform/apps/ios/Sources/QelvoraUI/Controls.swift (in target 'QelvoraUI' from project 'QelvoraNative')
    cd /Users/yingpengwang/.codex/worktrees/w2-resume/creator-platform/apps/ios/QelvoraApp.xcodeproj
    

SwiftCompile normal arm64 /Users/yingpengwang/.codex/worktrees/w2-resume/creator-platform/apps/ios/Sources/QelvoraUI/Conversation.swift (in target 'QelvoraUI' from project 'QelvoraNative')
    cd /Users/yingpengwang/.codex/worktrees/w2-resume/creator-platform/apps/ios/QelvoraApp.xcodeproj
    

SwiftDriverJobDiscovery normal x86_64 Compiling W3ConversationClient.swift, W3FanFeatures.swift, W3Realtime.swift (in target 'QelvoraUI' from project 'QelvoraNative')

SwiftCompile normal x86_64 Compiling\ Trust.swift,\ Welcome.swift /Users/yingpengwang/.codex/worktrees/w2-resume/creator-platform/apps/ios/Sources/QelvoraUI/Trust.swift /Users/yingpengwang/.codex/worktrees/w2-resume/creator-platform/apps/ios/Sources/QelvoraUI/Welcome.swift (in target 'QelvoraUI' from project 'QelvoraNative')

SwiftCompile normal x86_64 /Users/yingpengwang/.codex/worktrees/w2-resume/creator-platform/apps/ios/Sources/QelvoraUI/Trust.swift (in target 'QelvoraUI' from project 'QelvoraNative')
    cd /Users/yingpengwang/.codex/worktrees/w2-resume/creator-platform/apps/ios/QelvoraApp.xcodeproj
    
/Users/yingpengwang/.codex/worktrees/w2-resume/creator-platform/apps/ios/Sources/QelvoraUI/Trust.swift:23:93: warning: no 'async' operations occur within 'await' expression
    public init(baseURL: URL, token: @escaping @Sendable () async throws -> String? = { try await SecureSessionStorage().read() }) { self.baseURL = baseURL; self.token = token }
                                                                                            ^
/Users/yingpengwang/.codex/worktrees/w2-resume/creator-platform/apps/ios/Sources/QelvoraUI/Trust.swift:76:128: warning: no 'async' operations occur within 'await' expression
    public init(baseURL: URL?, destination: String = "/support", token: @escaping @Sendable () async throws -> String? = { try await SecureSessionStorage().read() }) {
                                                                                                                               ^

SwiftCompile normal x86_64 /Users/yingpengwang/.codex/worktrees/w2-resume/creator-platform/apps/ios/Sources/QelvoraUI/Welcome.swift (in target 'QelvoraUI' from project 'QelvoraNative')
    cd /Users/yingpengwang/.codex/worktrees/w2-resume/creator-platform/apps/ios/QelvoraApp.xcodeproj
    

SwiftDriverJobDiscovery normal arm64 Compiling QelvoraTokens.swift, AccessComponents.swift, Catalog.swift (in target 'QelvoraUI' from project 'QelvoraNative')

SwiftCompile normal arm64 Compiling\ Overlays.swift,\ PasskeyCeremony.swift /Users/yingpengwang/.codex/worktrees/w2-resume/creator-platform/apps/ios/Sources/QelvoraUI/Overlays.swift /Users/yingpengwang/.codex/worktrees/w2-resume/creator-platform/apps/ios/Sources/QelvoraUI/PasskeyCeremony.swift (in target 'QelvoraUI' from project 'QelvoraNative')
SwiftCompile normal arm64 /Users/yingpengwang/.codex/worktrees/w2-resume/creator-platform/apps/ios/Sources/QelvoraUI/Overlays.swift (in target 'QelvoraUI' from project 'QelvoraNative')
    cd /Users/yingpengwang/.codex/worktrees/w2-resume/creator-platform/apps/ios/QelvoraApp.xcodeproj
    
/Users/yingpengwang/.codex/worktrees/w2-resume/creator-platform/apps/ios/Sources/QelvoraUI/Overlays.swift:331:21: warning: call to main actor-isolated static method 'post(notification:argument:)' in a synchronous nonisolated context
    UIAccessibility.post(notification: .announcement, argument: text)
                    ^
/Applications/Xcode.app/Contents/Developer/Platforms/iPhoneSimulator.platform/Developer/SDKs/iPhoneSimulator26.5.sdk/System/Library/Frameworks/UIKit.framework/Headers/UIAccessibility.h:521:19: note: calls to static method 'post(notification:argument:)' from outside of its actor context are implicitly asynchronous
UIKIT_EXTERN void UIAccessibilityPostNotification(UIAccessibilityNotifications notification, __nullable id argument) API_UNAVAILABLE(watchos) NS_SWIFT_UI_ACTOR;
                  ^
/Users/yingpengwang/.codex/worktrees/w2-resume/creator-platform/apps/ios/Sources/QelvoraUI/Overlays.swift:329:14: note: add '@MainActor' to make global function 'announce' part of global actor 'MainActor'
private func announce(_ text: String) {
             ^
@MainActor 

SwiftCompile normal arm64 /Users/yingpengwang/.codex/worktrees/w2-resume/creator-platform/apps/ios/Sources/QelvoraUI/PasskeyCeremony.swift (in target 'QelvoraUI' from project 'QelvoraNative')
    cd /Users/yingpengwang/.codex/worktrees/w2-resume/creator-platform/apps/ios/QelvoraApp.xcodeproj
    

SwiftDriverJobDiscovery normal x86_64 Compiling Trust.swift, Welcome.swift (in target 'QelvoraUI' from project 'QelvoraNative')

SwiftCompile normal x86_64 Compiling\ QelvoraTokens.swift,\ AccessComponents.swift,\ Catalog.swift /Users/yingpengwang/.codex/worktrees/w2-resume/creator-platform/apps/ios/Sources/Generated/QelvoraTokens.swift /Users/yingpengwang/.codex/worktrees/w2-resume/creator-platform/apps/ios/Sources/QelvoraUI/AccessComponents.swift /Users/yingpengwang/.codex/worktrees/w2-resume/creator-platform/apps/ios/Sources/QelvoraUI/Catalog.swift (in target 'QelvoraUI' from project 'QelvoraNative')
SwiftCompile normal x86_64 /Users/yingpengwang/.codex/worktrees/w2-resume/creator-platform/apps/ios/Sources/Generated/QelvoraTokens.swift (in target 'QelvoraUI' from project 'QelvoraNative')
    cd /Users/yingpengwang/.codex/worktrees/w2-resume/creator-platform/apps/ios/QelvoraApp.xcodeproj
    

SwiftCompile normal x86_64 /Users/yingpengwang/.codex/worktrees/w2-resume/creator-platform/apps/ios/Sources/QelvoraUI/AccessComponents.swift (in target 'QelvoraUI' from project 'QelvoraNative')
    cd /Users/yingpengwang/.codex/worktrees/w2-resume/creator-platform/apps/ios/QelvoraApp.xcodeproj
    

SwiftCompile normal x86_64 /Users/yingpengwang/.codex/worktrees/w2-resume/creator-platform/apps/ios/Sources/QelvoraUI/Catalog.swift (in target 'QelvoraUI' from project 'QelvoraNative')
    cd /Users/yingpengwang/.codex/worktrees/w2-resume/creator-platform/apps/ios/QelvoraApp.xcodeproj
    

SwiftDriverJobDiscovery normal arm64 Compiling ContentFeature.swift, Controls.swift, Conversation.swift (in target 'QelvoraUI' from project 'QelvoraNative')

SwiftCompile normal x86_64 Compiling\ DeliveryProtocol.swift,\ FanShell.swift,\ Glyph.swift /Users/yingpengwang/.codex/worktrees/w2-resume/creator-platform/apps/ios/Sources/QelvoraUI/DeliveryProtocol.swift /Users/yingpengwang/.codex/worktrees/w2-resume/creator-platform/apps/ios/Sources/QelvoraUI/FanShell.swift /Users/yingpengwang/.codex/worktrees/w2-resume/creator-platform/apps/ios/Sources/QelvoraUI/Glyph.swift (in target 'QelvoraUI' from project 'QelvoraNative')

SwiftCompile normal x86_64 /Users/yingpengwang/.codex/worktrees/w2-resume/creator-platform/apps/ios/Sources/QelvoraUI/DeliveryProtocol.swift (in target 'QelvoraUI' from project 'QelvoraNative')
    cd /Users/yingpengwang/.codex/worktrees/w2-resume/creator-platform/apps/ios/QelvoraApp.xcodeproj
    

SwiftCompile normal x86_64 /Users/yingpengwang/.codex/worktrees/w2-resume/creator-platform/apps/ios/Sources/QelvoraUI/FanShell.swift (in target 'QelvoraUI' from project 'QelvoraNative')
    cd /Users/yingpengwang/.codex/worktrees/w2-resume/creator-platform/apps/ios/QelvoraApp.xcodeproj
    

SwiftCompile normal x86_64 /Users/yingpengwang/.codex/worktrees/w2-resume/creator-platform/apps/ios/Sources/QelvoraUI/Glyph.swift (in target 'QelvoraUI' from project 'QelvoraNative')
    cd /Users/yingpengwang/.codex/worktrees/w2-resume/creator-platform/apps/ios/QelvoraApp.xcodeproj
    

SwiftDriverJobDiscovery normal arm64 Compiling Overlays.swift, PasskeyCeremony.swift (in target 'QelvoraUI' from project 'QelvoraNative')

SwiftCompile normal arm64 Compiling\ DeliveryProtocol.swift,\ FanShell.swift,\ Glyph.swift /Users/yingpengwang/.codex/worktrees/w2-resume/creator-platform/apps/ios/Sources/QelvoraUI/DeliveryProtocol.swift /Users/yingpengwang/.codex/worktrees/w2-resume/creator-platform/apps/ios/Sources/QelvoraUI/FanShell.swift /Users/yingpengwang/.codex/worktrees/w2-resume/creator-platform/apps/ios/Sources/QelvoraUI/Glyph.swift (in target 'QelvoraUI' from project 'QelvoraNative')

SwiftCompile normal arm64 /Users/yingpengwang/.codex/worktrees/w2-resume/creator-platform/apps/ios/Sources/QelvoraUI/DeliveryProtocol.swift (in target 'QelvoraUI' from project 'QelvoraNative')
    cd /Users/yingpengwang/.codex/worktrees/w2-resume/creator-platform/apps/ios/QelvoraApp.xcodeproj
    

SwiftCompile normal arm64 /Users/yingpengwang/.codex/worktrees/w2-resume/creator-platform/apps/ios/Sources/QelvoraUI/FanShell.swift (in target 'QelvoraUI' from project 'QelvoraNative')
    cd /Users/yingpengwang/.codex/worktrees/w2-resume/creator-platform/apps/ios/QelvoraApp.xcodeproj
    

SwiftCompile normal arm64 /Users/yingpengwang/.codex/worktrees/w2-resume/creator-platform/apps/ios/Sources/QelvoraUI/Glyph.swift (in target 'QelvoraUI' from project 'QelvoraNative')
    cd /Users/yingpengwang/.codex/worktrees/w2-resume/creator-platform/apps/ios/QelvoraApp.xcodeproj
    

SwiftDriverJobDiscovery normal x86_64 Compiling DeliveryProtocol.swift, FanShell.swift, Glyph.swift (in target 'QelvoraUI' from project 'QelvoraNative')

SwiftDriverJobDiscovery normal x86_64 Compiling QelvoraTokens.swift, AccessComponents.swift, Catalog.swift (in target 'QelvoraUI' from project 'QelvoraNative')

SwiftCompile normal arm64 Compiling\ W3ConversationClient.swift,\ W3FanFeatures.swift,\ W3Realtime.swift /Users/yingpengwang/.codex/worktrees/w2-resume/creator-platform/apps/ios/Sources/QelvoraUI/Conversation/W3ConversationClient.swift /Users/yingpengwang/.codex/worktrees/w2-resume/creator-platform/apps/ios/Sources/QelvoraUI/Conversation/W3FanFeatures.swift /Users/yingpengwang/.codex/worktrees/w2-resume/creator-platform/apps/ios/Sources/QelvoraUI/Conversation/W3Realtime.swift (in target 'QelvoraUI' from project 'QelvoraNative')
SwiftCompile normal arm64 /Users/yingpengwang/.codex/worktrees/w2-resume/creator-platform/apps/ios/Sources/QelvoraUI/Conversation/W3ConversationClient.swift (in target 'QelvoraUI' from project 'QelvoraNative')
    cd /Users/yingpengwang/.codex/worktrees/w2-resume/creator-platform/apps/ios/QelvoraApp.xcodeproj
    

SwiftCompile normal arm64 /Users/yingpengwang/.codex/worktrees/w2-resume/creator-platform/apps/ios/Sources/QelvoraUI/Conversation/W3FanFeatures.swift (in target 'QelvoraUI' from project 'QelvoraNative')
    cd /Users/yingpengwang/.codex/worktrees/w2-resume/creator-platform/apps/ios/QelvoraApp.xcodeproj
    

SwiftCompile normal arm64 /Users/yingpengwang/.codex/worktrees/w2-resume/creator-platform/apps/ios/Sources/QelvoraUI/Conversation/W3Realtime.swift (in target 'QelvoraUI' from project 'QelvoraNative')
    cd /Users/yingpengwang/.codex/worktrees/w2-resume/creator-platform/apps/ios/QelvoraApp.xcodeproj
    

SwiftCompile normal arm64 Compiling\ NativeMediaClient.swift,\ NativeVoiceRecorder.swift /Users/yingpengwang/.codex/worktrees/w2-resume/creator-platform/apps/ios/Sources/QelvoraUI/Media/NativeMediaClient.swift /Users/yingpengwang/.codex/worktrees/w2-resume/creator-platform/apps/ios/Sources/QelvoraUI/Media/NativeVoiceRecorder.swift (in target 'QelvoraUI' from project 'QelvoraNative')

SwiftCompile normal arm64 /Users/yingpengwang/.codex/worktrees/w2-resume/creator-platform/apps/ios/Sources/QelvoraUI/Media/NativeMediaClient.swift (in target 'QelvoraUI' from project 'QelvoraNative')
    cd /Users/yingpengwang/.codex/worktrees/w2-resume/creator-platform/apps/ios/QelvoraApp.xcodeproj
    

SwiftCompile normal arm64 /Users/yingpengwang/.codex/worktrees/w2-resume/creator-platform/apps/ios/Sources/QelvoraUI/Media/NativeVoiceRecorder.swift (in target 'QelvoraUI' from project 'QelvoraNative')
    cd /Users/yingpengwang/.codex/worktrees/w2-resume/creator-platform/apps/ios/QelvoraApp.xcodeproj
    

SwiftDriverJobDiscovery normal arm64 Compiling DeliveryProtocol.swift, FanShell.swift, Glyph.swift (in target 'QelvoraUI' from project 'QelvoraNative')

SwiftCompile normal x86_64 Compiling\ SessionStorage.swift,\ StudioComponents.swift /Users/yingpengwang/.codex/worktrees/w2-resume/creator-platform/apps/ios/Sources/QelvoraUI/SessionStorage.swift /Users/yingpengwang/.codex/worktrees/w2-resume/creator-platform/apps/ios/Sources/QelvoraUI/StudioComponents.swift (in target 'QelvoraUI' from project 'QelvoraNative')

SwiftCompile normal x86_64 /Users/yingpengwang/.codex/worktrees/w2-resume/creator-platform/apps/ios/Sources/QelvoraUI/SessionStorage.swift (in target 'QelvoraUI' from project 'QelvoraNative')
    cd /Users/yingpengwang/.codex/worktrees/w2-resume/creator-platform/apps/ios/QelvoraApp.xcodeproj
    

SwiftCompile normal x86_64 /Users/yingpengwang/.codex/worktrees/w2-resume/creator-platform/apps/ios/Sources/QelvoraUI/StudioComponents.swift (in target 'QelvoraUI' from project 'QelvoraNative')
    cd /Users/yingpengwang/.codex/worktrees/w2-resume/creator-platform/apps/ios/QelvoraApp.xcodeproj
    

SwiftDriverJobDiscovery normal arm64 Compiling NativeMediaClient.swift, NativeVoiceRecorder.swift (in target 'QelvoraUI' from project 'QelvoraNative')

SwiftCompile normal x86_64 Compiling\ resource_bundle_accessor.swift,\ QelvoraAPI.swift,\ QelvoraCopy.swift /Users/yingpengwang/.codex/worktrees/w2-resume/creator-platform/tmp/w2-native-20261001/DerivedData/Build/Intermediates.noindex/QelvoraNative.build/Debug-iphonesimulator/QelvoraUI.build/DerivedSources/resource_bundle_accessor.swift /Users/yingpengwang/.codex/worktrees/w2-resume/creator-platform/apps/ios/Sources/Generated/QelvoraAPI.swift /Users/yingpengwang/.codex/worktrees/w2-resume/creator-platform/apps/ios/Sources/Generated/QelvoraCopy.swift (in target 'QelvoraUI' from project 'QelvoraNative')
SwiftCompile normal x86_64 /Users/yingpengwang/.codex/worktrees/w2-resume/creator-platform/tmp/w2-native-20261001/DerivedData/Build/Intermediates.noindex/QelvoraNative.build/Debug-iphonesimulator/QelvoraUI.build/DerivedSources/resource_bundle_accessor.swift (in target 'QelvoraUI' from project 'QelvoraNative')
    cd /Users/yingpengwang/.codex/worktrees/w2-resume/creator-platform/apps/ios/QelvoraApp.xcodeproj
    

SwiftCompile normal x86_64 /Users/yingpengwang/.codex/worktrees/w2-resume/creator-platform/apps/ios/Sources/Generated/QelvoraAPI.swift (in target 'QelvoraUI' from project 'QelvoraNative')
    cd /Users/yingpengwang/.codex/worktrees/w2-resume/creator-platform/apps/ios/QelvoraApp.xcodeproj
    

SwiftCompile normal x86_64 /Users/yingpengwang/.codex/worktrees/w2-resume/creator-platform/apps/ios/Sources/Generated/QelvoraCopy.swift (in target 'QelvoraUI' from project 'QelvoraNative')
    cd /Users/yingpengwang/.codex/worktrees/w2-resume/creator-platform/apps/ios/QelvoraApp.xcodeproj
    

SwiftDriverJobDiscovery normal x86_64 Compiling SessionStorage.swift, StudioComponents.swift (in target 'QelvoraUI' from project 'QelvoraNative')

SwiftCompile normal arm64 Compiling\ Trust.swift,\ Welcome.swift /Users/yingpengwang/.codex/worktrees/w2-resume/creator-platform/apps/ios/Sources/QelvoraUI/Trust.swift /Users/yingpengwang/.codex/worktrees/w2-resume/creator-platform/apps/ios/Sources/QelvoraUI/Welcome.swift (in target 'QelvoraUI' from project 'QelvoraNative')

SwiftCompile normal arm64 /Users/yingpengwang/.codex/worktrees/w2-resume/creator-platform/apps/ios/Sources/QelvoraUI/Trust.swift (in target 'QelvoraUI' from project 'QelvoraNative')
    cd /Users/yingpengwang/.codex/worktrees/w2-resume/creator-platform/apps/ios/QelvoraApp.xcodeproj
    
/Users/yingpengwang/.codex/worktrees/w2-resume/creator-platform/apps/ios/Sources/QelvoraUI/Trust.swift:23:93: warning: no 'async' operations occur within 'await' expression
    public init(baseURL: URL, token: @escaping @Sendable () async throws -> String? = { try await SecureSessionStorage().read() }) { self.baseURL = baseURL; self.token = token }
                                                                                            ^
/Users/yingpengwang/.codex/worktrees/w2-resume/creator-platform/apps/ios/Sources/QelvoraUI/Trust.swift:76:128: warning: no 'async' operations occur within 'await' expression
    public init(baseURL: URL?, destination: String = "/support", token: @escaping @Sendable () async throws -> String? = { try await SecureSessionStorage().read() }) {
                                                                                                                               ^

SwiftCompile normal arm64 /Users/yingpengwang/.codex/worktrees/w2-resume/creator-platform/apps/ios/Sources/QelvoraUI/Welcome.swift (in target 'QelvoraUI' from project 'QelvoraNative')
    cd /Users/yingpengwang/.codex/worktrees/w2-resume/creator-platform/apps/ios/QelvoraApp.xcodeproj
    

SwiftDriverJobDiscovery normal arm64 Compiling W3ConversationClient.swift, W3FanFeatures.swift, W3Realtime.swift (in target 'QelvoraUI' from project 'QelvoraNative')

SwiftCompile normal arm64 Compiling\ W6FanFeatures.swift,\ Navigation.swift /Users/yingpengwang/.codex/worktrees/w2-resume/creator-platform/apps/ios/Sources/QelvoraUI/Media/W6FanFeatures.swift /Users/yingpengwang/.codex/worktrees/w2-resume/creator-platform/apps/ios/Sources/QelvoraUI/Navigation.swift (in target 'QelvoraUI' from project 'QelvoraNative')

SwiftCompile normal arm64 /Users/yingpengwang/.codex/worktrees/w2-resume/creator-platform/apps/ios/Sources/QelvoraUI/Media/W6FanFeatures.swift (in target 'QelvoraUI' from project 'QelvoraNative')
    cd /Users/yingpengwang/.codex/worktrees/w2-resume/creator-platform/apps/ios/QelvoraApp.xcodeproj
    

SwiftCompile normal arm64 /Users/yingpengwang/.codex/worktrees/w2-resume/creator-platform/apps/ios/Sources/QelvoraUI/Navigation.swift (in target 'QelvoraUI' from project 'QelvoraNative')
    cd /Users/yingpengwang/.codex/worktrees/w2-resume/creator-platform/apps/ios/QelvoraApp.xcodeproj
    

SwiftDriverJobDiscovery normal arm64 Compiling Trust.swift, Welcome.swift (in target 'QelvoraUI' from project 'QelvoraNative')

SwiftCompile normal x86_64 Compiling\ NativeMediaClient.swift,\ NativeVoiceRecorder.swift /Users/yingpengwang/.codex/worktrees/w2-resume/creator-platform/apps/ios/Sources/QelvoraUI/Media/NativeMediaClient.swift /Users/yingpengwang/.codex/worktrees/w2-resume/creator-platform/apps/ios/Sources/QelvoraUI/Media/NativeVoiceRecorder.swift (in target 'QelvoraUI' from project 'QelvoraNative')

SwiftCompile normal x86_64 /Users/yingpengwang/.codex/worktrees/w2-resume/creator-platform/apps/ios/Sources/QelvoraUI/Media/NativeMediaClient.swift (in target 'QelvoraUI' from project 'QelvoraNative')
    cd /Users/yingpengwang/.codex/worktrees/w2-resume/creator-platform/apps/ios/QelvoraApp.xcodeproj
    

SwiftCompile normal x86_64 /Users/yingpengwang/.codex/worktrees/w2-resume/creator-platform/apps/ios/Sources/QelvoraUI/Media/NativeVoiceRecorder.swift (in target 'QelvoraUI' from project 'QelvoraNative')
    cd /Users/yingpengwang/.codex/worktrees/w2-resume/creator-platform/apps/ios/QelvoraApp.xcodeproj
    

SwiftDriverJobDiscovery normal arm64 Compiling W6FanFeatures.swift, Navigation.swift (in target 'QelvoraUI' from project 'QelvoraNative')

SwiftCompile normal x86_64 Compiling\ W3Recording.swift,\ W3ResumeStorage.swift,\ CredentialSettings.swift /Users/yingpengwang/.codex/worktrees/w2-resume/creator-platform/apps/ios/Sources/QelvoraUI/Conversation/W3Recording.swift /Users/yingpengwang/.codex/worktrees/w2-resume/creator-platform/apps/ios/Sources/QelvoraUI/Conversation/W3ResumeStorage.swift /Users/yingpengwang/.codex/worktrees/w2-resume/creator-platform/apps/ios/Sources/QelvoraUI/CredentialSettings.swift (in target 'QelvoraUI' from project 'QelvoraNative')

SwiftCompile normal x86_64 /Users/yingpengwang/.codex/worktrees/w2-resume/creator-platform/apps/ios/Sources/QelvoraUI/Conversation/W3Recording.swift (in target 'QelvoraUI' from project 'QelvoraNative')
    cd /Users/yingpengwang/.codex/worktrees/w2-resume/creator-platform/apps/ios/QelvoraApp.xcodeproj
    

SwiftCompile normal x86_64 /Users/yingpengwang/.codex/worktrees/w2-resume/creator-platform/apps/ios/Sources/QelvoraUI/Conversation/W3ResumeStorage.swift (in target 'QelvoraUI' from project 'QelvoraNative')
    cd /Users/yingpengwang/.codex/worktrees/w2-resume/creator-platform/apps/ios/QelvoraApp.xcodeproj
    

SwiftCompile normal x86_64 /Users/yingpengwang/.codex/worktrees/w2-resume/creator-platform/apps/ios/Sources/QelvoraUI/CredentialSettings.swift (in target 'QelvoraUI' from project 'QelvoraNative')
    cd /Users/yingpengwang/.codex/worktrees/w2-resume/creator-platform/apps/ios/QelvoraApp.xcodeproj
    

SwiftDriverJobDiscovery normal x86_64 Compiling NativeMediaClient.swift, NativeVoiceRecorder.swift (in target 'QelvoraUI' from project 'QelvoraNative')

SwiftCompile normal arm64 Compiling\ W3Recording.swift,\ W3ResumeStorage.swift,\ CredentialSettings.swift /Users/yingpengwang/.codex/worktrees/w2-resume/creator-platform/apps/ios/Sources/QelvoraUI/Conversation/W3Recording.swift /Users/yingpengwang/.codex/worktrees/w2-resume/creator-platform/apps/ios/Sources/QelvoraUI/Conversation/W3ResumeStorage.swift /Users/yingpengwang/.codex/worktrees/w2-resume/creator-platform/apps/ios/Sources/QelvoraUI/CredentialSettings.swift (in target 'QelvoraUI' from project 'QelvoraNative')

SwiftCompile normal arm64 /Users/yingpengwang/.codex/worktrees/w2-resume/creator-platform/apps/ios/Sources/QelvoraUI/Conversation/W3Recording.swift (in target 'QelvoraUI' from project 'QelvoraNative')
    cd /Users/yingpengwang/.codex/worktrees/w2-resume/creator-platform/apps/ios/QelvoraApp.xcodeproj
    

SwiftCompile normal arm64 /Users/yingpengwang/.codex/worktrees/w2-resume/creator-platform/apps/ios/Sources/QelvoraUI/Conversation/W3ResumeStorage.swift (in target 'QelvoraUI' from project 'QelvoraNative')
    cd /Users/yingpengwang/.codex/worktrees/w2-resume/creator-platform/apps/ios/QelvoraApp.xcodeproj
    

SwiftCompile normal arm64 /Users/yingpengwang/.codex/worktrees/w2-resume/creator-platform/apps/ios/Sources/QelvoraUI/CredentialSettings.swift (in target 'QelvoraUI' from project 'QelvoraNative')
    cd /Users/yingpengwang/.codex/worktrees/w2-resume/creator-platform/apps/ios/QelvoraApp.xcodeproj
    

SwiftDriverJobDiscovery normal x86_64 Compiling W3Recording.swift, W3ResumeStorage.swift, CredentialSettings.swift (in target 'QelvoraUI' from project 'QelvoraNative')

SwiftCompile normal x86_64 Compiling\ StoreMembershipPane.swift,\ ComponentPreview.swift,\ ContentAttachments.swift /Users/yingpengwang/.codex/worktrees/w2-resume/creator-platform/apps/ios/Sources/QelvoraUI/Commerce/StoreMembershipPane.swift /Users/yingpengwang/.codex/worktrees/w2-resume/creator-platform/apps/ios/Sources/QelvoraUI/ComponentPreview.swift /Users/yingpengwang/.codex/worktrees/w2-resume/creator-platform/apps/ios/Sources/QelvoraUI/Content/ContentAttachments.swift (in target 'QelvoraUI' from project 'QelvoraNative')

SwiftCompile normal x86_64 /Users/yingpengwang/.codex/worktrees/w2-resume/creator-platform/apps/ios/Sources/QelvoraUI/Commerce/StoreMembershipPane.swift (in target 'QelvoraUI' from project 'QelvoraNative')
    cd /Users/yingpengwang/.codex/worktrees/w2-resume/creator-platform/apps/ios/QelvoraApp.xcodeproj
    

SwiftCompile normal x86_64 /Users/yingpengwang/.codex/worktrees/w2-resume/creator-platform/apps/ios/Sources/QelvoraUI/ComponentPreview.swift (in target 'QelvoraUI' from project 'QelvoraNative')
    cd /Users/yingpengwang/.codex/worktrees/w2-resume/creator-platform/apps/ios/QelvoraApp.xcodeproj
    

SwiftCompile normal x86_64 /Users/yingpengwang/.codex/worktrees/w2-resume/creator-platform/apps/ios/Sources/QelvoraUI/Content/ContentAttachments.swift (in target 'QelvoraUI' from project 'QelvoraNative')
    cd /Users/yingpengwang/.codex/worktrees/w2-resume/creator-platform/apps/ios/QelvoraApp.xcodeproj
    

SwiftDriverJobDiscovery normal arm64 Compiling W3Recording.swift, W3ResumeStorage.swift, CredentialSettings.swift (in target 'QelvoraUI' from project 'QelvoraNative')

SwiftCompile normal arm64 Compiling\ resource_bundle_accessor.swift,\ QelvoraAPI.swift,\ QelvoraCopy.swift /Users/yingpengwang/.codex/worktrees/w2-resume/creator-platform/tmp/w2-native-20261001/DerivedData/Build/Intermediates.noindex/QelvoraNative.build/Debug-iphonesimulator/QelvoraUI.build/DerivedSources/resource_bundle_accessor.swift /Users/yingpengwang/.codex/worktrees/w2-resume/creator-platform/apps/ios/Sources/Generated/QelvoraAPI.swift /Users/yingpengwang/.codex/worktrees/w2-resume/creator-platform/apps/ios/Sources/Generated/QelvoraCopy.swift (in target 'QelvoraUI' from project 'QelvoraNative')
SwiftCompile normal arm64 /Users/yingpengwang/.codex/worktrees/w2-resume/creator-platform/tmp/w2-native-20261001/DerivedData/Build/Intermediates.noindex/QelvoraNative.build/Debug-iphonesimulator/QelvoraUI.build/DerivedSources/resource_bundle_accessor.swift (in target 'QelvoraUI' from project 'QelvoraNative')
    cd /Users/yingpengwang/.codex/worktrees/w2-resume/creator-platform/apps/ios/QelvoraApp.xcodeproj
    

SwiftCompile normal arm64 /Users/yingpengwang/.codex/worktrees/w2-resume/creator-platform/apps/ios/Sources/Generated/QelvoraAPI.swift (in target 'QelvoraUI' from project 'QelvoraNative')
    cd /Users/yingpengwang/.codex/worktrees/w2-resume/creator-platform/apps/ios/QelvoraApp.xcodeproj
    

SwiftCompile normal arm64 /Users/yingpengwang/.codex/worktrees/w2-resume/creator-platform/apps/ios/Sources/Generated/QelvoraCopy.swift (in target 'QelvoraUI' from project 'QelvoraNative')
    cd /Users/yingpengwang/.codex/worktrees/w2-resume/creator-platform/apps/ios/QelvoraApp.xcodeproj
    

SwiftDriverJobDiscovery normal x86_64 Compiling StoreMembershipPane.swift, ComponentPreview.swift, ContentAttachments.swift (in target 'QelvoraUI' from project 'QelvoraNative')

SwiftCompile normal arm64 Compiling\ Growth.swift,\ GrowthPreferences.swift,\ Identity.swift /Users/yingpengwang/.codex/worktrees/w2-resume/creator-platform/apps/ios/Sources/QelvoraUI/Growth.swift /Users/yingpengwang/.codex/worktrees/w2-resume/creator-platform/apps/ios/Sources/QelvoraUI/GrowthPreferences.swift /Users/yingpengwang/.codex/worktrees/w2-resume/creator-platform/apps/ios/Sources/QelvoraUI/Identity.swift (in target 'QelvoraUI' from project 'QelvoraNative')

SwiftCompile normal arm64 /Users/yingpengwang/.codex/worktrees/w2-resume/creator-platform/apps/ios/Sources/QelvoraUI/Growth.swift (in target 'QelvoraUI' from project 'QelvoraNative')
    cd /Users/yingpengwang/.codex/worktrees/w2-resume/creator-platform/apps/ios/QelvoraApp.xcodeproj
    

SwiftCompile normal arm64 /Users/yingpengwang/.codex/worktrees/w2-resume/creator-platform/apps/ios/Sources/QelvoraUI/GrowthPreferences.swift (in target 'QelvoraUI' from project 'QelvoraNative')
    cd /Users/yingpengwang/.codex/worktrees/w2-resume/creator-platform/apps/ios/QelvoraApp.xcodeproj
    

SwiftCompile normal arm64 /Users/yingpengwang/.codex/worktrees/w2-resume/creator-platform/apps/ios/Sources/QelvoraUI/Identity.swift (in target 'QelvoraUI' from project 'QelvoraNative')
    cd /Users/yingpengwang/.codex/worktrees/w2-resume/creator-platform/apps/ios/QelvoraApp.xcodeproj
    

SwiftDriverJobDiscovery normal x86_64 Compiling resource_bundle_accessor.swift, QelvoraAPI.swift, QelvoraCopy.swift (in target 'QelvoraUI' from project 'QelvoraNative')

SwiftCompile normal x86_64 Compiling\ Theme.swift,\ ThreadComponents.swift /Users/yingpengwang/.codex/worktrees/w2-resume/creator-platform/apps/ios/Sources/QelvoraUI/Theme.swift /Users/yingpengwang/.codex/worktrees/w2-resume/creator-platform/apps/ios/Sources/QelvoraUI/ThreadComponents.swift (in target 'QelvoraUI' from project 'QelvoraNative')

SwiftCompile normal x86_64 /Users/yingpengwang/.codex/worktrees/w2-resume/creator-platform/apps/ios/Sources/QelvoraUI/Theme.swift (in target 'QelvoraUI' from project 'QelvoraNative')
    cd /Users/yingpengwang/.codex/worktrees/w2-resume/creator-platform/apps/ios/QelvoraApp.xcodeproj
    

SwiftCompile normal x86_64 /Users/yingpengwang/.codex/worktrees/w2-resume/creator-platform/apps/ios/Sources/QelvoraUI/ThreadComponents.swift (in target 'QelvoraUI' from project 'QelvoraNative')
    cd /Users/yingpengwang/.codex/worktrees/w2-resume/creator-platform/apps/ios/QelvoraApp.xcodeproj
    

SwiftDriverJobDiscovery normal arm64 Compiling Growth.swift, GrowthPreferences.swift, Identity.swift (in target 'QelvoraUI' from project 'QelvoraNative')

SwiftCompile normal x86_64 Compiling\ Growth.swift,\ GrowthPreferences.swift,\ Identity.swift /Users/yingpengwang/.codex/worktrees/w2-resume/creator-platform/apps/ios/Sources/QelvoraUI/Growth.swift /Users/yingpengwang/.codex/worktrees/w2-resume/creator-platform/apps/ios/Sources/QelvoraUI/GrowthPreferences.swift /Users/yingpengwang/.codex/worktrees/w2-resume/creator-platform/apps/ios/Sources/QelvoraUI/Identity.swift (in target 'QelvoraUI' from project 'QelvoraNative')

SwiftCompile normal x86_64 /Users/yingpengwang/.codex/worktrees/w2-resume/creator-platform/apps/ios/Sources/QelvoraUI/Growth.swift (in target 'QelvoraUI' from project 'QelvoraNative')
    cd /Users/yingpengwang/.codex/worktrees/w2-resume/creator-platform/apps/ios/QelvoraApp.xcodeproj
    

SwiftCompile normal x86_64 /Users/yingpengwang/.codex/worktrees/w2-resume/creator-platform/apps/ios/Sources/QelvoraUI/GrowthPreferences.swift (in target 'QelvoraUI' from project 'QelvoraNative')
    cd /Users/yingpengwang/.codex/worktrees/w2-resume/creator-platform/apps/ios/QelvoraApp.xcodeproj
    

SwiftCompile normal x86_64 /Users/yingpengwang/.codex/worktrees/w2-resume/creator-platform/apps/ios/Sources/QelvoraUI/Identity.swift (in target 'QelvoraUI' from project 'QelvoraNative')
    cd /Users/yingpengwang/.codex/worktrees/w2-resume/creator-platform/apps/ios/QelvoraApp.xcodeproj
    

SwiftDriverJobDiscovery normal x86_64 Compiling Theme.swift, ThreadComponents.swift (in target 'QelvoraUI' from project 'QelvoraNative')

SwiftCompile normal arm64 Compiling\ NativeCallCoordinator.swift,\ NativeCallOffers.swift,\ NativeCallView.swift /Users/yingpengwang/.codex/worktrees/w2-resume/creator-platform/apps/ios/Sources/QelvoraUI/Media/NativeCallCoordinator.swift /Users/yingpengwang/.codex/worktrees/w2-resume/creator-platform/apps/ios/Sources/QelvoraUI/Media/NativeCallOffers.swift /Users/yingpengwang/.codex/worktrees/w2-resume/creator-platform/apps/ios/Sources/QelvoraUI/Media/NativeCallView.swift (in target 'QelvoraUI' from project 'QelvoraNative')
SwiftCompile normal arm64 /Users/yingpengwang/.codex/worktrees/w2-resume/creator-platform/apps/ios/Sources/QelvoraUI/Media/NativeCallCoordinator.swift (in target 'QelvoraUI' from project 'QelvoraNative')
    cd /Users/yingpengwang/.codex/worktrees/w2-resume/creator-platform/apps/ios/QelvoraApp.xcodeproj
    
/Users/yingpengwang/.codex/worktrees/w2-resume/creator-platform/apps/ios/Sources/QelvoraUI/Media/NativeCallCoordinator.swift:21:29: warning: 'init(localizedName:)' was deprecated in iOS 14.0
        let configuration = CXProviderConfiguration(localizedName: brandName)
                            ^

SwiftCompile normal arm64 /Users/yingpengwang/.codex/worktrees/w2-resume/creator-platform/apps/ios/Sources/QelvoraUI/Media/NativeCallOffers.swift (in target 'QelvoraUI' from project 'QelvoraNative')
    cd /Users/yingpengwang/.codex/worktrees/w2-resume/creator-platform/apps/ios/QelvoraApp.xcodeproj
    

SwiftCompile normal arm64 /Users/yingpengwang/.codex/worktrees/w2-resume/creator-platform/apps/ios/Sources/QelvoraUI/Media/NativeCallView.swift (in target 'QelvoraUI' from project 'QelvoraNative')
    cd /Users/yingpengwang/.codex/worktrees/w2-resume/creator-platform/apps/ios/QelvoraApp.xcodeproj
    

SwiftDriverJobDiscovery normal x86_64 Compiling Growth.swift, GrowthPreferences.swift, Identity.swift (in target 'QelvoraUI' from project 'QelvoraNative')

SwiftCompile normal arm64 Compiling\ SessionStorage.swift,\ StudioComponents.swift /Users/yingpengwang/.codex/worktrees/w2-resume/creator-platform/apps/ios/Sources/QelvoraUI/SessionStorage.swift /Users/yingpengwang/.codex/worktrees/w2-resume/creator-platform/apps/ios/Sources/QelvoraUI/StudioComponents.swift (in target 'QelvoraUI' from project 'QelvoraNative')

SwiftCompile normal arm64 /Users/yingpengwang/.codex/worktrees/w2-resume/creator-platform/apps/ios/Sources/QelvoraUI/SessionStorage.swift (in target 'QelvoraUI' from project 'QelvoraNative')
    cd /Users/yingpengwang/.codex/worktrees/w2-resume/creator-platform/apps/ios/QelvoraApp.xcodeproj
    

SwiftCompile normal arm64 /Users/yingpengwang/.codex/worktrees/w2-resume/creator-platform/apps/ios/Sources/QelvoraUI/StudioComponents.swift (in target 'QelvoraUI' from project 'QelvoraNative')
    cd /Users/yingpengwang/.codex/worktrees/w2-resume/creator-platform/apps/ios/QelvoraApp.xcodeproj
    

SwiftDriverJobDiscovery normal arm64 Compiling resource_bundle_accessor.swift, QelvoraAPI.swift, QelvoraCopy.swift (in target 'QelvoraUI' from project 'QelvoraNative')

SwiftCompile normal x86_64 Compiling\ NativeCallCoordinator.swift,\ NativeCallOffers.swift,\ NativeCallView.swift /Users/yingpengwang/.codex/worktrees/w2-resume/creator-platform/apps/ios/Sources/QelvoraUI/Media/NativeCallCoordinator.swift /Users/yingpengwang/.codex/worktrees/w2-resume/creator-platform/apps/ios/Sources/QelvoraUI/Media/NativeCallOffers.swift /Users/yingpengwang/.codex/worktrees/w2-resume/creator-platform/apps/ios/Sources/QelvoraUI/Media/NativeCallView.swift (in target 'QelvoraUI' from project 'QelvoraNative')
SwiftCompile normal x86_64 /Users/yingpengwang/.codex/worktrees/w2-resume/creator-platform/apps/ios/Sources/QelvoraUI/Media/NativeCallCoordinator.swift (in target 'QelvoraUI' from project 'QelvoraNative')
    cd /Users/yingpengwang/.codex/worktrees/w2-resume/creator-platform/apps/ios/QelvoraApp.xcodeproj
    
/Users/yingpengwang/.codex/worktrees/w2-resume/creator-platform/apps/ios/Sources/QelvoraUI/Media/NativeCallCoordinator.swift:21:29: warning: 'init(localizedName:)' was deprecated in iOS 14.0
        let configuration = CXProviderConfiguration(localizedName: brandName)
                            ^

SwiftCompile normal x86_64 /Users/yingpengwang/.codex/worktrees/w2-resume/creator-platform/apps/ios/Sources/QelvoraUI/Media/NativeCallOffers.swift (in target 'QelvoraUI' from project 'QelvoraNative')
    cd /Users/yingpengwang/.codex/worktrees/w2-resume/creator-platform/apps/ios/QelvoraApp.xcodeproj
    

SwiftCompile normal x86_64 /Users/yingpengwang/.codex/worktrees/w2-resume/creator-platform/apps/ios/Sources/QelvoraUI/Media/NativeCallView.swift (in target 'QelvoraUI' from project 'QelvoraNative')
    cd /Users/yingpengwang/.codex/worktrees/w2-resume/creator-platform/apps/ios/QelvoraApp.xcodeproj
    

SwiftDriverJobDiscovery normal arm64 Compiling SessionStorage.swift, StudioComponents.swift (in target 'QelvoraUI' from project 'QelvoraNative')

SwiftCompile normal x86_64 Compiling\ CommerceClient.swift,\ CommerceFeature.swift,\ StoreMembership.swift /Users/yingpengwang/.codex/worktrees/w2-resume/creator-platform/apps/ios/Sources/QelvoraUI/Commerce/CommerceClient.swift /Users/yingpengwang/.codex/worktrees/w2-resume/creator-platform/apps/ios/Sources/QelvoraUI/Commerce/CommerceFeature.swift /Users/yingpengwang/.codex/worktrees/w2-resume/creator-platform/apps/ios/Sources/QelvoraUI/Commerce/StoreMembership.swift (in target 'QelvoraUI' from project 'QelvoraNative')
SwiftCompile normal x86_64 /Users/yingpengwang/.codex/worktrees/w2-resume/creator-platform/apps/ios/Sources/QelvoraUI/Commerce/CommerceClient.swift (in target 'QelvoraUI' from project 'QelvoraNative')
    cd /Users/yingpengwang/.codex/worktrees/w2-resume/creator-platform/apps/ios/QelvoraApp.xcodeproj
    

SwiftCompile normal x86_64 /Users/yingpengwang/.codex/worktrees/w2-resume/creator-platform/apps/ios/Sources/QelvoraUI/Commerce/CommerceFeature.swift (in target 'QelvoraUI' from project 'QelvoraNative')
    cd /Users/yingpengwang/.codex/worktrees/w2-resume/creator-platform/apps/ios/QelvoraApp.xcodeproj
    

SwiftCompile normal x86_64 /Users/yingpengwang/.codex/worktrees/w2-resume/creator-platform/apps/ios/Sources/QelvoraUI/Commerce/StoreMembership.swift (in target 'QelvoraUI' from project 'QelvoraNative')
    cd /Users/yingpengwang/.codex/worktrees/w2-resume/creator-platform/apps/ios/QelvoraApp.xcodeproj
    

SwiftDriverJobDiscovery normal arm64 Compiling NativeCallCoordinator.swift, NativeCallOffers.swift, NativeCallView.swift (in target 'QelvoraUI' from project 'QelvoraNative')

SwiftDriver\ Compilation QelvoraUI normal arm64 com.apple.xcode.tools.swift.compiler (in target 'QelvoraUI' from project 'QelvoraNative')
    cd /Users/yingpengwang/.codex/worktrees/w2-resume/creator-platform/apps/ios/QelvoraApp.xcodeproj
    builtin-Swift-Compilation -- /Applications/Xcode.app/Contents/Developer/Toolchains/XcodeDefault.xctoolchain/usr/bin/swiftc -module-name QelvoraUI -Onone @/Users/yingpengwang/.codex/worktrees/w2-resume/creator-platform/tmp/w2-native-20261001/DerivedData/Build/Intermediates.noindex/QelvoraNative.build/Debug-iphonesimulator/QelvoraUI.build/Objects-normal/arm64/QelvoraUI.SwiftFileList -DSWIFT_PACKAGE -DDEBUG -DSWIFT_MODULE_RESOURCE_BUNDLE_AVAILABLE -DXcode -plugin-path /Applications/Xcode.app/Contents/Developer/Toolchains/XcodeDefault.xctoolchain/usr/lib/swift/host/plugins/testing -enable-experimental-feature DebugDescriptionMacro -sdk /Applications/Xcode.app/Contents/Developer/Platforms/iPhoneSimulator.platform/Developer/SDKs/iPhoneSimulator26.5.sdk -target arm64-apple-ios17.0-simulator -g -module-cache-path /Users/yingpengwang/.codex/worktrees/w2-resume/creator-platform/tmp/w2-native-20261001/DerivedData/ModuleCache.noindex -Xfrontend -serialize-debugging-options -enable-testing -index-store-path /Users/yingpengwang/.codex/worktrees/w2-resume/creator-platform/tmp/w2-native-20261001/DerivedData/Index.noindex/DataStore -Xcc -D_LIBCPP_HARDENING_MODE\=_LIBCPP_HARDENING_MODE_DEBUG -swift-version 6 -I /Users/yingpengwang/.codex/worktrees/w2-resume/creator-platform/tmp/w2-native-20261001/DerivedData/Build/Products/Debug-iphonesimulator -Isystem /Applications/Xcode.app/Contents/Developer/Platforms/iPhoneSimulator.platform/Developer/usr/lib -F /Users/yingpengwang/.codex/worktrees/w2-resume/creator-platform/tmp/w2-native-20261001/DerivedData/Build/Products/Debug-iphonesimulator -F /Applications/Xcode.app/Contents/Developer/Platforms/iPhoneSimulator.platform/Developer/Library/Frameworks -F /Applications/Xcode.app/Contents/Developer/Platforms/iPhoneSimulator.platform/Developer/SDKs/iPhoneSimulator26.5.sdk/Developer/Library/Frameworks -c -j16 -enable-batch-mode -incremental -Xcc -ivfsstatcache -Xcc /Users/yingpengwang/.codex/worktrees/w2-resume/creator-platform/tmp/w2-native-20261001/DerivedData/SDKStatCaches.noindex/iphonesimulator26.5-23F73-6cfe768891a92b912361537c460fe42b.sdkstatcache -output-file-map /Users/yingpengwang/.codex/worktrees/w2-resume/creator-platform/tmp/w2-native-20261001/DerivedData/Build/Intermediates.noindex/QelvoraNative.build/Debug-iphonesimulator/QelvoraUI.build/Objects-normal/arm64/QelvoraUI-OutputFileMap.json -use-frontend-parseable-output -save-temps -no-color-diagnostics -explicit-module-build -module-cache-path /Users/yingpengwang/.codex/worktrees/w2-resume/creator-platform/tmp/w2-native-20261001/DerivedData/Build/Intermediates.noindex/SwiftExplicitPrecompiledModules -clang-scanner-module-cache-path /Users/yingpengwang/.codex/worktrees/w2-resume/creator-platform/tmp/w2-native-20261001/DerivedData/ModuleCache.noindex -sdk-module-cache-path /Users/yingpengwang/.codex/worktrees/w2-resume/creator-platform/tmp/w2-native-20261001/DerivedData/ModuleCache.noindex -serialize-diagnostics -emit-dependencies -emit-module -emit-module-path /Users/yingpengwang/.codex/worktrees/w2-resume/creator-platform/tmp/w2-native-20261001/DerivedData/Build/Intermediates.noindex/QelvoraNative.build/Debug-iphonesimulator/QelvoraUI.build/Objects-normal/arm64/QelvoraUI.swiftmodule -validate-clang-modules-once -clang-build-session-file /Users/yingpengwang/.codex/worktrees/w2-resume/creator-platform/tmp/w2-native-20261001/DerivedData/ModuleCache.noindex/Session.modulevalidation -package-name ios -Xcc -I/Users/yingpengwang/.codex/worktrees/w2-resume/creator-platform/tmp/w2-native-20261001/DerivedData/Build/Intermediates.noindex/QelvoraNative.build/Debug-iphonesimulator/QelvoraUI.build/swift-overrides.hmap -emit-const-values -Xfrontend -const-gather-protocols-file -Xfrontend /Users/yingpengwang/.codex/worktrees/w2-resume/creator-platform/tmp/w2-native-20261001/DerivedData/Build/Intermediates.noindex/QelvoraNative.build/Debug-iphonesimulator/QelvoraUI.build/Objects-normal/arm64/QelvoraUI_const_extract_protocols.json -Xcc -I/Users/yingpengwang/.codex/worktrees/w2-resume/creator-platform/tmp/w2-native-20261001/DerivedData/Build/Products/Debug-iphonesimulator/include -Xcc -I/Users/yingpengwang/.codex/worktrees/w2-resume/creator-platform/tmp/w2-native-20261001/DerivedData/Build/Intermediates.noindex/QelvoraNative.build/Debug-iphonesimulator/QelvoraUI.build/DerivedSources-normal/arm64 -Xcc -I/Users/yingpengwang/.codex/worktrees/w2-resume/creator-platform/tmp/w2-native-20261001/DerivedData/Build/Intermediates.noindex/QelvoraNative.build/Debug-iphonesimulator/QelvoraUI.build/DerivedSources/arm64 -Xcc -I/Users/yingpengwang/.codex/worktrees/w2-resume/creator-platform/tmp/w2-native-20261001/DerivedData/Build/Intermediates.noindex/QelvoraNative.build/Debug-iphonesimulator/QelvoraUI.build/DerivedSources -Xcc -DSWIFT_PACKAGE -Xcc -DDEBUG\=1 -emit-objc-header -emit-objc-header-path /Users/yingpengwang/.codex/worktrees/w2-resume/creator-platform/tmp/w2-native-20261001/DerivedData/Build/Intermediates.noindex/QelvoraNative.build/Debug-iphonesimulator/QelvoraUI.build/Objects-normal/arm64/QelvoraUI-Swift.h -working-directory /Users/yingpengwang/.codex/worktrees/w2-resume/creator-platform/apps/ios/QelvoraApp.xcodeproj -experimental-emit-module-separately -disable-cmo

SwiftDriverJobDiscovery normal x86_64 Compiling NativeCallCoordinator.swift, NativeCallOffers.swift, NativeCallView.swift (in target 'QelvoraUI' from project 'QelvoraNative')

Ld /Users/yingpengwang/.codex/worktrees/w2-resume/creator-platform/tmp/w2-native-20261001/DerivedData/Build/Intermediates.noindex/QelvoraNative.build/Debug-iphonesimulator/QelvoraUI.build/Objects-normal/arm64/Binary/QelvoraUI.o normal arm64 (in target 'QelvoraUI' from project 'QelvoraNative')
    cd /Users/yingpengwang/.codex/worktrees/w2-resume/creator-platform/apps/ios
    /Applications/Xcode.app/Contents/Developer/Toolchains/XcodeDefault.xctoolchain/usr/bin/clang -Xlinker -reproducible -target arm64-apple-ios17.0-simulator -r -isysroot /Applications/Xcode.app/Contents/Developer/Platforms/iPhoneSimulator.platform/Developer/SDKs/iPhoneSimulator26.5.sdk -O0 -F/Users/yingpengwang/.codex/worktrees/w2-resume/creator-platform/tmp/w2-native-20261001/DerivedData/Build/Intermediates.noindex/EagerLinkingTBDs/Debug-iphonesimulator -F/Users/yingpengwang/.codex/worktrees/w2-resume/creator-platform/tmp/w2-native-20261001/DerivedData/Build/Products/Debug-iphonesimulator -iframework /Applications/Xcode.app/Contents/Developer/Platforms/iPhoneSimulator.platform/Developer/Library/Frameworks -iframework /Applications/Xcode.app/Contents/Developer/Platforms/iPhoneSimulator.platform/Developer/SDKs/iPhoneSimulator26.5.sdk/Developer/Library/Frameworks -filelist /Users/yingpengwang/.codex/worktrees/w2-resume/creator-platform/tmp/w2-native-20261001/DerivedData/Build/Intermediates.noindex/QelvoraNative.build/Debug-iphonesimulator/QelvoraUI.build/Objects-normal/arm64/QelvoraUI.LinkFileList -nostdlib -Xlinker -object_path_lto -Xlinker /Users/yingpengwang/.codex/worktrees/w2-resume/creator-platform/tmp/w2-native-20261001/DerivedData/Build/Intermediates.noindex/QelvoraNative.build/Debug-iphonesimulator/QelvoraUI.build/Objects-normal/arm64/QelvoraUI_lto.o -Xlinker -no_deduplicate -Xlinker -objc_abi_version -Xlinker 2 -Xlinker -dependency_info -Xlinker /Users/yingpengwang/.codex/worktrees/w2-resume/creator-platform/tmp/w2-native-20261001/DerivedData/Build/Intermediates.noindex/QelvoraNative.build/Debug-iphonesimulator/QelvoraUI.build/Objects-normal/arm64/QelvoraUI_dependency_info.dat -fobjc-link-runtime -L/Applications/Xcode.app/Contents/Developer/Toolchains/XcodeDefault.xctoolchain/usr/lib/swift/iphonesimulator -L/usr/lib/swift -Xlinker -add_ast_path -Xlinker /Users/yingpengwang/.codex/worktrees/w2-resume/creator-platform/tmp/w2-native-20261001/DerivedData/Build/Intermediates.noindex/QelvoraNative.build/Debug-iphonesimulator/QelvoraUI.build/Objects-normal/arm64/QelvoraUI.swiftmodule @/Users/yingpengwang/.codex/worktrees/w2-resume/creator-platform/tmp/w2-native-20261001/DerivedData/Build/Intermediates.noindex/QelvoraNative.build/Debug-iphonesimulator/QelvoraUI.build/Objects-normal/arm64/QelvoraUI-linker-args.resp -o /Users/yingpengwang/.codex/worktrees/w2-resume/creator-platform/tmp/w2-native-20261001/DerivedData/Build/Intermediates.noindex/QelvoraNative.build/Debug-iphonesimulator/QelvoraUI.build/Objects-normal/arm64/Binary/QelvoraUI.o

ProcessProductPackaging "" /Users/yingpengwang/.codex/worktrees/w2-resume/creator-platform/tmp/w2-native-20261001/DerivedData/Build/Intermediates.noindex/QelvoraApp.build/Debug-iphonesimulator/QelvoraApp.build/QelvoraApp.app-Simulated.xcent (in target 'QelvoraApp' from project 'QelvoraApp')
    cd /Users/yingpengwang/.codex/worktrees/w2-resume/creator-platform/apps/ios
    
    Entitlements:
    
    {
    "application-identifier" = "FAKETEAMID.com.pantopus.qelvora";
}
    
    builtin-productPackagingUtility -entitlements -format xml -o /Users/yingpengwang/.codex/worktrees/w2-resume/creator-platform/tmp/w2-native-20261001/DerivedData/Build/Intermediates.noindex/QelvoraApp.build/Debug-iphonesimulator/QelvoraApp.build/QelvoraApp.app-Simulated.xcent

ProcessProductPackagingDER /Users/yingpengwang/.codex/worktrees/w2-resume/creator-platform/tmp/w2-native-20261001/DerivedData/Build/Intermediates.noindex/QelvoraApp.build/Debug-iphonesimulator/QelvoraApp.build/QelvoraApp.app-Simulated.xcent /Users/yingpengwang/.codex/worktrees/w2-resume/creator-platform/tmp/w2-native-20261001/DerivedData/Build/Intermediates.noindex/QelvoraApp.build/Debug-iphonesimulator/QelvoraApp.build/QelvoraApp.app-Simulated.xcent.der (in target 'QelvoraApp' from project 'QelvoraApp')
    cd /Users/yingpengwang/.codex/worktrees/w2-resume/creator-platform/apps/ios
    /usr/bin/derq query -f xml -i /Users/yingpengwang/.codex/worktrees/w2-resume/creator-platform/tmp/w2-native-20261001/DerivedData/Build/Intermediates.noindex/QelvoraApp.build/Debug-iphonesimulator/QelvoraApp.build/QelvoraApp.app-Simulated.xcent -o /Users/yingpengwang/.codex/worktrees/w2-resume/creator-platform/tmp/w2-native-20261001/DerivedData/Build/Intermediates.noindex/QelvoraApp.build/Debug-iphonesimulator/QelvoraApp.build/QelvoraApp.app-Simulated.xcent.der --raw

SwiftDriver QelvoraApp normal arm64 com.apple.xcode.tools.swift.compiler (in target 'QelvoraApp' from project 'QelvoraApp')
    cd /Users/yingpengwang/.codex/worktrees/w2-resume/creator-platform/apps/ios
    builtin-SwiftDriver -- /Applications/Xcode.app/Contents/Developer/Toolchains/XcodeDefault.xctoolchain/usr/bin/swiftc -module-name QelvoraApp -Onone @/Users/yingpengwang/.codex/worktrees/w2-resume/creator-platform/tmp/w2-native-20261001/DerivedData/Build/Intermediates.noindex/QelvoraApp.build/Debug-iphonesimulator/QelvoraApp.build/Objects-normal/arm64/QelvoraApp.SwiftFileList -DDEBUG -enable-experimental-feature DebugDescriptionMacro -sdk /Applications/Xcode.app/Contents/Developer/Platforms/iPhoneSimulator.platform/Developer/SDKs/iPhoneSimulator26.5.sdk -target arm64-apple-ios17.0-simulator -g -module-cache-path /Users/yingpengwang/.codex/worktrees/w2-resume/creator-platform/tmp/w2-native-20261001/DerivedData/ModuleCache.noindex -Xfrontend -serialize-debugging-options -enable-testing -index-store-path /Users/yingpengwang/.codex/worktrees/w2-resume/creator-platform/tmp/w2-native-20261001/DerivedData/Index.noindex/DataStore -Xcc -D_LIBCPP_HARDENING_MODE\=_LIBCPP_HARDENING_MODE_DEBUG -swift-version 6 -I /Users/yingpengwang/.codex/worktrees/w2-resume/creator-platform/tmp/w2-native-20261001/DerivedData/Build/Products/Debug-iphonesimulator -F /Users/yingpengwang/.codex/worktrees/w2-resume/creator-platform/tmp/w2-native-20261001/DerivedData/Build/Products/Debug-iphonesimulator/PackageFrameworks -F /Users/yingpengwang/.codex/worktrees/w2-resume/creator-platform/tmp/w2-native-20261001/DerivedData/Build/Products/Debug-iphonesimulator -parse-as-library -c -j16 -enable-batch-mode -incremental -Xcc -ivfsstatcache -Xcc /Users/yingpengwang/.codex/worktrees/w2-resume/creator-platform/tmp/w2-native-20261001/DerivedData/SDKStatCaches.noindex/iphonesimulator26.5-23F73-6cfe768891a92b912361537c460fe42b.sdkstatcache -output-file-map /Users/yingpengwang/.codex/worktrees/w2-resume/creator-platform/tmp/w2-native-20261001/DerivedData/Build/Intermediates.noindex/QelvoraApp.build/Debug-iphonesimulator/QelvoraApp.build/Objects-normal/arm64/QelvoraApp-OutputFileMap.json -use-frontend-parseable-output -save-temps -no-color-diagnostics -explicit-module-build -module-cache-path /Users/yingpengwang/.codex/worktrees/w2-resume/creator-platform/tmp/w2-native-20261001/DerivedData/Build/Intermediates.noindex/SwiftExplicitPrecompiledModules -clang-scanner-module-cache-path /Users/yingpengwang/.codex/worktrees/w2-resume/creator-platform/tmp/w2-native-20261001/DerivedData/ModuleCache.noindex -sdk-module-cache-path /Users/yingpengwang/.codex/worktrees/w2-resume/creator-platform/tmp/w2-native-20261001/DerivedData/ModuleCache.noindex -serialize-diagnostics -emit-dependencies -emit-module -emit-module-path /Users/yingpengwang/.codex/worktrees/w2-resume/creator-platform/tmp/w2-native-20261001/DerivedData/Build/Intermediates.noindex/QelvoraApp.build/Debug-iphonesimulator/QelvoraApp.build/Objects-normal/arm64/QelvoraApp.swiftmodule -validate-clang-modules-once -clang-build-session-file /Users/yingpengwang/.codex/worktrees/w2-resume/creator-platform/tmp/w2-native-20261001/DerivedData/ModuleCache.noindex/Session.modulevalidation -Xcc -I/Users/yingpengwang/.codex/worktrees/w2-resume/creator-platform/tmp/w2-native-20261001/DerivedData/Build/Intermediates.noindex/QelvoraApp.build/Debug-iphonesimulator/QelvoraApp.build/swift-overrides.hmap -emit-const-values -Xfrontend -const-gather-protocols-file -Xfrontend /Users/yingpengwang/.codex/worktrees/w2-resume/creator-platform/tmp/w2-native-20261001/DerivedData/Build/Intermediates.noindex/QelvoraApp.build/Debug-iphonesimulator/QelvoraApp.build/Objects-normal/arm64/QelvoraApp_const_extract_protocols.json -Xcc -iquote -Xcc /Users/yingpengwang/.codex/worktrees/w2-resume/creator-platform/tmp/w2-native-20261001/DerivedData/Build/Intermediates.noindex/QelvoraApp.build/Debug-iphonesimulator/QelvoraApp.build/QelvoraApp-generated-files.hmap -Xcc -I/Users/yingpengwang/.codex/worktrees/w2-resume/creator-platform/tmp/w2-native-20261001/DerivedData/Build/Intermediates.noindex/QelvoraApp.build/Debug-iphonesimulator/QelvoraApp.build/QelvoraApp-own-target-headers.hmap -Xcc -I/Users/yingpengwang/.codex/worktrees/w2-resume/creator-platform/tmp/w2-native-20261001/DerivedData/Build/Intermediates.noindex/QelvoraApp.build/Debug-iphonesimulator/QelvoraApp.build/QelvoraApp-all-non-framework-target-headers.hmap -Xcc -ivfsoverlay -Xcc /Users/yingpengwang/.codex/worktrees/w2-resume/creator-platform/tmp/w2-native-20261001/DerivedData/Build/Intermediates.noindex/QelvoraApp.build/Debug-iphonesimulator/QelvoraApp-29b244ef777fcfbcbef7f347c6fce175-VFS-iphonesimulator/all-product-headers.yaml -Xcc -iquote -Xcc /Users/yingpengwang/.codex/worktrees/w2-resume/creator-platform/tmp/w2-native-20261001/DerivedData/Build/Intermediates.noindex/QelvoraApp.build/Debug-iphonesimulator/QelvoraApp.build/QelvoraApp-project-headers.hmap -Xcc -I/Users/yingpengwang/.codex/worktrees/w2-resume/creator-platform/tmp/w2-native-20261001/DerivedData/Build/Products/Debug-iphonesimulator/include -Xcc -I/Users/yingpengwang/.codex/worktrees/w2-resume/creator-platform/tmp/w2-native-20261001/DerivedData/Build/Intermediates.noindex/QelvoraApp.build/Debug-iphonesimulator/QelvoraApp.build/DerivedSources-normal/arm64 -Xcc -I/Users/yingpengwang/.codex/worktrees/w2-resume/creator-platform/tmp/w2-native-20261001/DerivedData/Build/Intermediates.noindex/QelvoraApp.build/Debug-iphonesimulator/QelvoraApp.build/DerivedSources/arm64 -Xcc -I/Users/yingpengwang/.codex/worktrees/w2-resume/creator-platform/tmp/w2-native-20261001/DerivedData/Build/Intermediates.noindex/QelvoraApp.build/Debug-iphonesimulator/QelvoraApp.build/DerivedSources -Xcc -DDEBUG\=1 -emit-objc-header -emit-objc-header-path /Users/yingpengwang/.codex/worktrees/w2-resume/creator-platform/tmp/w2-native-20261001/DerivedData/Build/Intermediates.noindex/QelvoraApp.build/Debug-iphonesimulator/QelvoraApp.build/Objects-normal/arm64/QelvoraApp-Swift.h -working-directory /Users/yingpengwang/.codex/worktrees/w2-resume/creator-platform/apps/ios -experimental-emit-module-separately -disable-cmo

SwiftDriver QelvoraApp normal x86_64 com.apple.xcode.tools.swift.compiler (in target 'QelvoraApp' from project 'QelvoraApp')
    cd /Users/yingpengwang/.codex/worktrees/w2-resume/creator-platform/apps/ios
    builtin-SwiftDriver -- /Applications/Xcode.app/Contents/Developer/Toolchains/XcodeDefault.xctoolchain/usr/bin/swiftc -module-name QelvoraApp -Onone @/Users/yingpengwang/.codex/worktrees/w2-resume/creator-platform/tmp/w2-native-20261001/DerivedData/Build/Intermediates.noindex/QelvoraApp.build/Debug-iphonesimulator/QelvoraApp.build/Objects-normal/x86_64/QelvoraApp.SwiftFileList -DDEBUG -enable-experimental-feature DebugDescriptionMacro -sdk /Applications/Xcode.app/Contents/Developer/Platforms/iPhoneSimulator.platform/Developer/SDKs/iPhoneSimulator26.5.sdk -target x86_64-apple-ios17.0-simulator -g -module-cache-path /Users/yingpengwang/.codex/worktrees/w2-resume/creator-platform/tmp/w2-native-20261001/DerivedData/ModuleCache.noindex -Xfrontend -serialize-debugging-options -enable-testing -index-store-path /Users/yingpengwang/.codex/worktrees/w2-resume/creator-platform/tmp/w2-native-20261001/DerivedData/Index.noindex/DataStore -Xcc -D_LIBCPP_HARDENING_MODE\=_LIBCPP_HARDENING_MODE_DEBUG -swift-version 6 -I /Users/yingpengwang/.codex/worktrees/w2-resume/creator-platform/tmp/w2-native-20261001/DerivedData/Build/Products/Debug-iphonesimulator -F /Users/yingpengwang/.codex/worktrees/w2-resume/creator-platform/tmp/w2-native-20261001/DerivedData/Build/Products/Debug-iphonesimulator/PackageFrameworks -F /Users/yingpengwang/.codex/worktrees/w2-resume/creator-platform/tmp/w2-native-20261001/DerivedData/Build/Products/Debug-iphonesimulator -parse-as-library -c -j16 -enable-batch-mode -incremental -Xcc -ivfsstatcache -Xcc /Users/yingpengwang/.codex/worktrees/w2-resume/creator-platform/tmp/w2-native-20261001/DerivedData/SDKStatCaches.noindex/iphonesimulator26.5-23F73-6cfe768891a92b912361537c460fe42b.sdkstatcache -output-file-map /Users/yingpengwang/.codex/worktrees/w2-resume/creator-platform/tmp/w2-native-20261001/DerivedData/Build/Intermediates.noindex/QelvoraApp.build/Debug-iphonesimulator/QelvoraApp.build/Objects-normal/x86_64/QelvoraApp-OutputFileMap.json -use-frontend-parseable-output -save-temps -no-color-diagnostics -explicit-module-build -module-cache-path /Users/yingpengwang/.codex/worktrees/w2-resume/creator-platform/tmp/w2-native-20261001/DerivedData/Build/Intermediates.noindex/SwiftExplicitPrecompiledModules -clang-scanner-module-cache-path /Users/yingpengwang/.codex/worktrees/w2-resume/creator-platform/tmp/w2-native-20261001/DerivedData/ModuleCache.noindex -sdk-module-cache-path /Users/yingpengwang/.codex/worktrees/w2-resume/creator-platform/tmp/w2-native-20261001/DerivedData/ModuleCache.noindex -serialize-diagnostics -emit-dependencies -emit-module -emit-module-path /Users/yingpengwang/.codex/worktrees/w2-resume/creator-platform/tmp/w2-native-20261001/DerivedData/Build/Intermediates.noindex/QelvoraApp.build/Debug-iphonesimulator/QelvoraApp.build/Objects-normal/x86_64/QelvoraApp.swiftmodule -validate-clang-modules-once -clang-build-session-file /Users/yingpengwang/.codex/worktrees/w2-resume/creator-platform/tmp/w2-native-20261001/DerivedData/ModuleCache.noindex/Session.modulevalidation -Xcc -I/Users/yingpengwang/.codex/worktrees/w2-resume/creator-platform/tmp/w2-native-20261001/DerivedData/Build/Intermediates.noindex/QelvoraApp.build/Debug-iphonesimulator/QelvoraApp.build/swift-overrides.hmap -emit-const-values -Xfrontend -const-gather-protocols-file -Xfrontend /Users/yingpengwang/.codex/worktrees/w2-resume/creator-platform/tmp/w2-native-20261001/DerivedData/Build/Intermediates.noindex/QelvoraApp.build/Debug-iphonesimulator/QelvoraApp.build/Objects-normal/x86_64/QelvoraApp_const_extract_protocols.json -Xcc -iquote -Xcc /Users/yingpengwang/.codex/worktrees/w2-resume/creator-platform/tmp/w2-native-20261001/DerivedData/Build/Intermediates.noindex/QelvoraApp.build/Debug-iphonesimulator/QelvoraApp.build/QelvoraApp-generated-files.hmap -Xcc -I/Users/yingpengwang/.codex/worktrees/w2-resume/creator-platform/tmp/w2-native-20261001/DerivedData/Build/Intermediates.noindex/QelvoraApp.build/Debug-iphonesimulator/QelvoraApp.build/QelvoraApp-own-target-headers.hmap -Xcc -I/Users/yingpengwang/.codex/worktrees/w2-resume/creator-platform/tmp/w2-native-20261001/DerivedData/Build/Intermediates.noindex/QelvoraApp.build/Debug-iphonesimulator/QelvoraApp.build/QelvoraApp-all-non-framework-target-headers.hmap -Xcc -ivfsoverlay -Xcc /Users/yingpengwang/.codex/worktrees/w2-resume/creator-platform/tmp/w2-native-20261001/DerivedData/Build/Intermediates.noindex/QelvoraApp.build/Debug-iphonesimulator/QelvoraApp-29b244ef777fcfbcbef7f347c6fce175-VFS-iphonesimulator/all-product-headers.yaml -Xcc -iquote -Xcc /Users/yingpengwang/.codex/worktrees/w2-resume/creator-platform/tmp/w2-native-20261001/DerivedData/Build/Intermediates.noindex/QelvoraApp.build/Debug-iphonesimulator/QelvoraApp.build/QelvoraApp-project-headers.hmap -Xcc -I/Users/yingpengwang/.codex/worktrees/w2-resume/creator-platform/tmp/w2-native-20261001/DerivedData/Build/Products/Debug-iphonesimulator/include -Xcc -I/Users/yingpengwang/.codex/worktrees/w2-resume/creator-platform/tmp/w2-native-20261001/DerivedData/Build/Intermediates.noindex/QelvoraApp.build/Debug-iphonesimulator/QelvoraApp.build/DerivedSources-normal/x86_64 -Xcc -I/Users/yingpengwang/.codex/worktrees/w2-resume/creator-platform/tmp/w2-native-20261001/DerivedData/Build/Intermediates.noindex/QelvoraApp.build/Debug-iphonesimulator/QelvoraApp.build/DerivedSources/x86_64 -Xcc -I/Users/yingpengwang/.codex/worktrees/w2-resume/creator-platform/tmp/w2-native-20261001/DerivedData/Build/Intermediates.noindex/QelvoraApp.build/Debug-iphonesimulator/QelvoraApp.build/DerivedSources -Xcc -DDEBUG\=1 -emit-objc-header -emit-objc-header-path /Users/yingpengwang/.codex/worktrees/w2-resume/creator-platform/tmp/w2-native-20261001/DerivedData/Build/Intermediates.noindex/QelvoraApp.build/Debug-iphonesimulator/QelvoraApp.build/Objects-normal/x86_64/QelvoraApp-Swift.h -working-directory /Users/yingpengwang/.codex/worktrees/w2-resume/creator-platform/apps/ios -experimental-emit-module-separately -disable-cmo

SwiftExplicitDependencyGeneratePcm arm64 /Users/yingpengwang/.codex/worktrees/w2-resume/creator-platform/tmp/w2-native-20261001/DerivedData/ModuleCache.noindex/ptrcheck-27S9IVMMFH9CE73YGRZJL32IE.pcm

SwiftExplicitDependencyGeneratePcm x86_64 /Users/yingpengwang/.codex/worktrees/w2-resume/creator-platform/tmp/w2-native-20261001/DerivedData/ModuleCache.noindex/_AvailabilityInternal-B9S2OY7YQHIS2VD05GVOUC02F.pcm

SwiftExplicitDependencyGeneratePcm arm64 /Users/yingpengwang/.codex/worktrees/w2-resume/creator-platform/tmp/w2-native-20261001/DerivedData/ModuleCache.noindex/_SwiftConcurrencyShims-26X0GZKO6GZO1LM5ENECGXJVY.pcm

SwiftExplicitDependencyGeneratePcm x86_64 /Users/yingpengwang/.codex/worktrees/w2-resume/creator-platform/tmp/w2-native-20261001/DerivedData/ModuleCache.noindex/ptrauth-6F5WOC0OXOA9YFBJIJROLS0S4.pcm

SwiftExplicitDependencyGeneratePcm arm64 /Users/yingpengwang/.codex/worktrees/w2-resume/creator-platform/tmp/w2-native-20261001/DerivedData/ModuleCache.noindex/SwiftShims-CB2VFJKG2JX0WP4I79O5AJZAS.pcm

SwiftExplicitDependencyGeneratePcm arm64 /Users/yingpengwang/.codex/worktrees/w2-resume/creator-platform/tmp/w2-native-20261001/DerivedData/ModuleCache.noindex/_Builtin_stdarg-9PGN1SYK4ZPWVJKKDW81858A5.pcm

SwiftExplicitDependencyGeneratePcm x86_64 /Users/yingpengwang/.codex/worktrees/w2-resume/creator-platform/tmp/w2-native-20261001/DerivedData/ModuleCache.noindex/_Builtin_stdbool-3KEEAZFQJATT42O1J5CGFCMMX.pcm

SwiftExplicitDependencyGeneratePcm arm64 /Users/yingpengwang/.codex/worktrees/w2-resume/creator-platform/tmp/w2-native-20261001/DerivedData/ModuleCache.noindex/_Builtin_float-E3A30JTBJ17H09QVFJQ3FAZ2T.pcm

SwiftExplicitDependencyGeneratePcm x86_64 /Users/yingpengwang/.codex/worktrees/w2-resume/creator-platform/tmp/w2-native-20261001/DerivedData/ModuleCache.noindex/ptrcheck-VNKG98E62XIKIBLY9GGKZBM9.pcm

SwiftExplicitDependencyGeneratePcm x86_64 /Users/yingpengwang/.codex/worktrees/w2-resume/creator-platform/tmp/w2-native-20261001/DerivedData/ModuleCache.noindex/_Builtin_stdarg-11J2TQI2OBM8QY1NCDWO37N1W.pcm

SwiftExplicitDependencyGeneratePcm x86_64 /Users/yingpengwang/.codex/worktrees/w2-resume/creator-platform/tmp/w2-native-20261001/DerivedData/ModuleCache.noindex/_Builtin_float-9I01BLVQTIEZH32Y3G9K41YJD.pcm

SwiftExplicitDependencyGeneratePcm x86_64 /Users/yingpengwang/.codex/worktrees/w2-resume/creator-platform/tmp/w2-native-20261001/DerivedData/ModuleCache.noindex/_Builtin_stddef-HVAMKBDTOC07B3UEV04AUOMA.pcm

SwiftExplicitDependencyGeneratePcm x86_64 /Users/yingpengwang/.codex/worktrees/w2-resume/creator-platform/tmp/w2-native-20261001/DerivedData/ModuleCache.noindex/_SwiftConcurrencyShims-6REHQ0RDN7V8AV96F5QCGX3QG.pcm

SwiftExplicitDependencyGeneratePcm arm64 /Users/yingpengwang/.codex/worktrees/w2-resume/creator-platform/tmp/w2-native-20261001/DerivedData/ModuleCache.noindex/_StoreKit_SwiftUI-2D6NDE0AFEWSKQ0LHOPWMNB90.pcm

SwiftExplicitDependencyGeneratePcm x86_64 /Users/yingpengwang/.codex/worktrees/w2-resume/creator-platform/tmp/w2-native-20261001/DerivedData/ModuleCache.noindex/SwiftShims-3QDQDBN4PWV57YTKB22AGYBR8.pcm

SwiftExplicitDependencyGeneratePcm x86_64 /Users/yingpengwang/.codex/worktrees/w2-resume/creator-platform/tmp/w2-native-20261001/DerivedData/ModuleCache.noindex/_StoreKit_SwiftUI-4P7BFWDYQ7HPL9UPIYPGFFLF7.pcm

SwiftExplicitDependencyGeneratePcm arm64 /Users/yingpengwang/.codex/worktrees/w2-resume/creator-platform/tmp/w2-native-20261001/DerivedData/ModuleCache.noindex/ptrauth-16LH90ARNG5EMWJ8QZQM2ELU4.pcm

SwiftExplicitDependencyGeneratePcm arm64 /Users/yingpengwang/.codex/worktrees/w2-resume/creator-platform/tmp/w2-native-20261001/DerivedData/ModuleCache.noindex/_Builtin_stddef-AO1XTPPTRYXZ1W725VUJHHMG1.pcm

SwiftExplicitDependencyGeneratePcm arm64 /Users/yingpengwang/.codex/worktrees/w2-resume/creator-platform/tmp/w2-native-20261001/DerivedData/ModuleCache.noindex/DeveloperToolsSupport-5K16ZTB9E3Y61TPCTIFVXCYGW.pcm

SwiftExplicitDependencyGeneratePcm x86_64 /Users/yingpengwang/.codex/worktrees/w2-resume/creator-platform/tmp/w2-native-20261001/DerivedData/ModuleCache.noindex/_DarwinFoundation1-2SHYEVL34U62IIITALVOC5KOL.pcm

SwiftExplicitDependencyGeneratePcm arm64 /Users/yingpengwang/.codex/worktrees/w2-resume/creator-platform/tmp/w2-native-20261001/DerivedData/ModuleCache.noindex/_Builtin_stdbool-AUIMWJE8FBA0P6DSH0FTTA5LM.pcm

SwiftDriverJobDiscovery normal x86_64 Compiling CommerceClient.swift, CommerceFeature.swift, StoreMembership.swift (in target 'QelvoraUI' from project 'QelvoraNative')

SwiftExplicitDependencyGeneratePcm arm64 /Users/yingpengwang/.codex/worktrees/w2-resume/creator-platform/tmp/w2-native-20261001/DerivedData/ModuleCache.noindex/_AvailabilityInternal-5YMRHVDFKIK0PZUBNGM55I8M5.pcm

SwiftExplicitDependencyGeneratePcm x86_64 /Users/yingpengwang/.codex/worktrees/w2-resume/creator-platform/tmp/w2-native-20261001/DerivedData/ModuleCache.noindex/DeveloperToolsSupport-822E6MSBKAAQEYSYJ9WI8E7PP.pcm

SwiftExplicitDependencyGeneratePcm x86_64 /Users/yingpengwang/.codex/worktrees/w2-resume/creator-platform/tmp/w2-native-20261001/DerivedData/ModuleCache.noindex/_DarwinFoundation2-7F0APQAUFZ4Q2XHJGB3RE61GX.pcm

SwiftExplicitDependencyGeneratePcm x86_64 /Users/yingpengwang/.codex/worktrees/w2-resume/creator-platform/tmp/w2-native-20261001/DerivedData/ModuleCache.noindex/_Builtin_limits-9V1898Z5D3HHV5HONU0WH32N9.pcm

SwiftExplicitDependencyGeneratePcm x86_64 /Users/yingpengwang/.codex/worktrees/w2-resume/creator-platform/tmp/w2-native-20261001/DerivedData/ModuleCache.noindex/ExtensionFoundation-AFCGZM5CIWAY8TP6PBRORLNK1.pcm

SwiftExplicitDependencyGeneratePcm arm64 /Users/yingpengwang/.codex/worktrees/w2-resume/creator-platform/tmp/w2-native-20261001/DerivedData/ModuleCache.noindex/_DarwinFoundation1-AIEZJFIEYXRFEF72HG00B4UEL.pcm

SwiftDriver\ Compilation QelvoraUI normal x86_64 com.apple.xcode.tools.swift.compiler (in target 'QelvoraUI' from project 'QelvoraNative')
    cd /Users/yingpengwang/.codex/worktrees/w2-resume/creator-platform/apps/ios/QelvoraApp.xcodeproj
    builtin-Swift-Compilation -- /Applications/Xcode.app/Contents/Developer/Toolchains/XcodeDefault.xctoolchain/usr/bin/swiftc -module-name QelvoraUI -Onone @/Users/yingpengwang/.codex/worktrees/w2-resume/creator-platform/tmp/w2-native-20261001/DerivedData/Build/Intermediates.noindex/QelvoraNative.build/Debug-iphonesimulator/QelvoraUI.build/Objects-normal/x86_64/QelvoraUI.SwiftFileList -DSWIFT_PACKAGE -DDEBUG -DSWIFT_MODULE_RESOURCE_BUNDLE_AVAILABLE -DXcode -plugin-path /Applications/Xcode.app/Contents/Developer/Toolchains/XcodeDefault.xctoolchain/usr/lib/swift/host/plugins/testing -enable-experimental-feature DebugDescriptionMacro -sdk /Applications/Xcode.app/Contents/Developer/Platforms/iPhoneSimulator.platform/Developer/SDKs/iPhoneSimulator26.5.sdk -target x86_64-apple-ios17.0-simulator -g -module-cache-path /Users/yingpengwang/.codex/worktrees/w2-resume/creator-platform/tmp/w2-native-20261001/DerivedData/ModuleCache.noindex -Xfrontend -serialize-debugging-options -enable-testing -index-store-path /Users/yingpengwang/.codex/worktrees/w2-resume/creator-platform/tmp/w2-native-20261001/DerivedData/Index.noindex/DataStore -Xcc -D_LIBCPP_HARDENING_MODE\=_LIBCPP_HARDENING_MODE_DEBUG -swift-version 6 -I /Users/yingpengwang/.codex/worktrees/w2-resume/creator-platform/tmp/w2-native-20261001/DerivedData/Build/Products/Debug-iphonesimulator -Isystem /Applications/Xcode.app/Contents/Developer/Platforms/iPhoneSimulator.platform/Developer/usr/lib -F /Users/yingpengwang/.codex/worktrees/w2-resume/creator-platform/tmp/w2-native-20261001/DerivedData/Build/Products/Debug-iphonesimulator -F /Applications/Xcode.app/Contents/Developer/Platforms/iPhoneSimulator.platform/Developer/Library/Frameworks -F /Applications/Xcode.app/Contents/Developer/Platforms/iPhoneSimulator.platform/Developer/SDKs/iPhoneSimulator26.5.sdk/Developer/Library/Frameworks -c -j16 -enable-batch-mode -incremental -Xcc -ivfsstatcache -Xcc /Users/yingpengwang/.codex/worktrees/w2-resume/creator-platform/tmp/w2-native-20261001/DerivedData/SDKStatCaches.noindex/iphonesimulator26.5-23F73-6cfe768891a92b912361537c460fe42b.sdkstatcache -output-file-map /Users/yingpengwang/.codex/worktrees/w2-resume/creator-platform/tmp/w2-native-20261001/DerivedData/Build/Intermediates.noindex/QelvoraNative.build/Debug-iphonesimulator/QelvoraUI.build/Objects-normal/x86_64/QelvoraUI-OutputFileMap.json -use-frontend-parseable-output -save-temps -no-color-diagnostics -explicit-module-build -module-cache-path /Users/yingpengwang/.codex/worktrees/w2-resume/creator-platform/tmp/w2-native-20261001/DerivedData/Build/Intermediates.noindex/SwiftExplicitPrecompiledModules -clang-scanner-module-cache-path /Users/yingpengwang/.codex/worktrees/w2-resume/creator-platform/tmp/w2-native-20261001/DerivedData/ModuleCache.noindex -sdk-module-cache-path /Users/yingpengwang/.codex/worktrees/w2-resume/creator-platform/tmp/w2-native-20261001/DerivedData/ModuleCache.noindex -serialize-diagnostics -emit-dependencies -emit-module -emit-module-path /Users/yingpengwang/.codex/worktrees/w2-resume/creator-platform/tmp/w2-native-20261001/DerivedData/Build/Intermediates.noindex/QelvoraNative.build/Debug-iphonesimulator/QelvoraUI.build/Objects-normal/x86_64/QelvoraUI.swiftmodule -validate-clang-modules-once -clang-build-session-file /Users/yingpengwang/.codex/worktrees/w2-resume/creator-platform/tmp/w2-native-20261001/DerivedData/ModuleCache.noindex/Session.modulevalidation -package-name ios -Xcc -I/Users/yingpengwang/.codex/worktrees/w2-resume/creator-platform/tmp/w2-native-20261001/DerivedData/Build/Intermediates.noindex/QelvoraNative.build/Debug-iphonesimulator/QelvoraUI.build/swift-overrides.hmap -emit-const-values -Xfrontend -const-gather-protocols-file -Xfrontend /Users/yingpengwang/.codex/worktrees/w2-resume/creator-platform/tmp/w2-native-20261001/DerivedData/Build/Intermediates.noindex/QelvoraNative.build/Debug-iphonesimulator/QelvoraUI.build/Objects-normal/x86_64/QelvoraUI_const_extract_protocols.json -Xcc -I/Users/yingpengwang/.codex/worktrees/w2-resume/creator-platform/tmp/w2-native-20261001/DerivedData/Build/Products/Debug-iphonesimulator/include -Xcc -I/Users/yingpengwang/.codex/worktrees/w2-resume/creator-platform/tmp/w2-native-20261001/DerivedData/Build/Intermediates.noindex/QelvoraNative.build/Debug-iphonesimulator/QelvoraUI.build/DerivedSources-normal/x86_64 -Xcc -I/Users/yingpengwang/.codex/worktrees/w2-resume/creator-platform/tmp/w2-native-20261001/DerivedData/Build/Intermediates.noindex/QelvoraNative.build/Debug-iphonesimulator/QelvoraUI.build/DerivedSources/x86_64 -Xcc -I/Users/yingpengwang/.codex/worktrees/w2-resume/creator-platform/tmp/w2-native-20261001/DerivedData/Build/Intermediates.noindex/QelvoraNative.build/Debug-iphonesimulator/QelvoraUI.build/DerivedSources -Xcc -DSWIFT_PACKAGE -Xcc -DDEBUG\=1 -emit-objc-header -emit-objc-header-path /Users/yingpengwang/.codex/worktrees/w2-resume/creator-platform/tmp/w2-native-20261001/DerivedData/Build/Intermediates.noindex/QelvoraNative.build/Debug-iphonesimulator/QelvoraUI.build/Objects-normal/x86_64/QelvoraUI-Swift.h -working-directory /Users/yingpengwang/.codex/worktrees/w2-resume/creator-platform/apps/ios/QelvoraApp.xcodeproj -experimental-emit-module-separately -disable-cmo

SwiftExplicitDependencyGeneratePcm x86_64 /Users/yingpengwang/.codex/worktrees/w2-resume/creator-platform/tmp/w2-native-20261001/DerivedData/ModuleCache.noindex/_Builtin_stdint-A70IDJ6EWEBWEDXKAABR0LVFN.pcm

Ld /Users/yingpengwang/.codex/worktrees/w2-resume/creator-platform/tmp/w2-native-20261001/DerivedData/Build/Intermediates.noindex/QelvoraNative.build/Debug-iphonesimulator/QelvoraUI.build/Objects-normal/x86_64/Binary/QelvoraUI.o normal x86_64 (in target 'QelvoraUI' from project 'QelvoraNative')
    cd /Users/yingpengwang/.codex/worktrees/w2-resume/creator-platform/apps/ios
    /Applications/Xcode.app/Contents/Developer/Toolchains/XcodeDefault.xctoolchain/usr/bin/clang -Xlinker -reproducible -target x86_64-apple-ios17.0-simulator -r -isysroot /Applications/Xcode.app/Contents/Developer/Platforms/iPhoneSimulator.platform/Developer/SDKs/iPhoneSimulator26.5.sdk -O0 -F/Users/yingpengwang/.codex/worktrees/w2-resume/creator-platform/tmp/w2-native-20261001/DerivedData/Build/Intermediates.noindex/EagerLinkingTBDs/Debug-iphonesimulator -F/Users/yingpengwang/.codex/worktrees/w2-resume/creator-platform/tmp/w2-native-20261001/DerivedData/Build/Products/Debug-iphonesimulator -iframework /Applications/Xcode.app/Contents/Developer/Platforms/iPhoneSimulator.platform/Developer/Library/Frameworks -iframework /Applications/Xcode.app/Contents/Developer/Platforms/iPhoneSimulator.platform/Developer/SDKs/iPhoneSimulator26.5.sdk/Developer/Library/Frameworks -filelist /Users/yingpengwang/.codex/worktrees/w2-resume/creator-platform/tmp/w2-native-20261001/DerivedData/Build/Intermediates.noindex/QelvoraNative.build/Debug-iphonesimulator/QelvoraUI.build/Objects-normal/x86_64/QelvoraUI.LinkFileList -nostdlib -Xlinker -object_path_lto -Xlinker /Users/yingpengwang/.codex/worktrees/w2-resume/creator-platform/tmp/w2-native-20261001/DerivedData/Build/Intermediates.noindex/QelvoraNative.build/Debug-iphonesimulator/QelvoraUI.build/Objects-normal/x86_64/QelvoraUI_lto.o -Xlinker -no_deduplicate -Xlinker -objc_abi_version -Xlinker 2 -Xlinker -dependency_info -Xlinker /Users/yingpengwang/.codex/worktrees/w2-resume/creator-platform/tmp/w2-native-20261001/DerivedData/Build/Intermediates.noindex/QelvoraNative.build/Debug-iphonesimulator/QelvoraUI.build/Objects-normal/x86_64/QelvoraUI_dependency_info.dat -fobjc-link-runtime -L/Applications/Xcode.app/Contents/Developer/Toolchains/XcodeDefault.xctoolchain/usr/lib/swift/iphonesimulator -L/usr/lib/swift -Xlinker -add_ast_path -Xlinker /Users/yingpengwang/.codex/worktrees/w2-resume/creator-platform/tmp/w2-native-20261001/DerivedData/Build/Intermediates.noindex/QelvoraNative.build/Debug-iphonesimulator/QelvoraUI.build/Objects-normal/x86_64/QelvoraUI.swiftmodule @/Users/yingpengwang/.codex/worktrees/w2-resume/creator-platform/tmp/w2-native-20261001/DerivedData/Build/Intermediates.noindex/QelvoraNative.build/Debug-iphonesimulator/QelvoraUI.build/Objects-normal/x86_64/QelvoraUI-linker-args.resp -o /Users/yingpengwang/.codex/worktrees/w2-resume/creator-platform/tmp/w2-native-20261001/DerivedData/Build/Intermediates.noindex/QelvoraNative.build/Debug-iphonesimulator/QelvoraUI.build/Objects-normal/x86_64/Binary/QelvoraUI.o

SwiftExplicitDependencyGeneratePcm x86_64 /Users/yingpengwang/.codex/worktrees/w2-resume/creator-platform/tmp/w2-native-20261001/DerivedData/ModuleCache.noindex/_DarwinFoundation3-AZG2M9WL8N7EKUHN6EKUTLGF1.pcm

SwiftExplicitDependencyGeneratePcm arm64 /Users/yingpengwang/.codex/worktrees/w2-resume/creator-platform/tmp/w2-native-20261001/DerivedData/ModuleCache.noindex/_Builtin_limits-75GO6I85GLQCZD42SUK6WHYZQ.pcm

SwiftExplicitDependencyGeneratePcm arm64 /Users/yingpengwang/.codex/worktrees/w2-resume/creator-platform/tmp/w2-native-20261001/DerivedData/ModuleCache.noindex/ExtensionFoundation-93WX81T8EQ9MRTF1D37S0NZCM.pcm

SwiftExplicitDependencyGeneratePcm x86_64 /Users/yingpengwang/.codex/worktrees/w2-resume/creator-platform/tmp/w2-native-20261001/DerivedData/ModuleCache.noindex/_Builtin_stdatomic-5B3KLRGMVG24Z3A4NNPQKLBQM.pcm

SwiftExplicitDependencyGeneratePcm x86_64 /Users/yingpengwang/.codex/worktrees/w2-resume/creator-platform/tmp/w2-native-20261001/DerivedData/ModuleCache.noindex/sys_types-EKATV0CP810YR66NEPTVQ3OHD.pcm

CreateUniversalBinary /Users/yingpengwang/.codex/worktrees/w2-resume/creator-platform/tmp/w2-native-20261001/DerivedData/Build/Products/Debug-iphonesimulator/QelvoraUI.o normal arm64\ x86_64 (in target 'QelvoraUI' from project 'QelvoraNative')
    cd /Users/yingpengwang/.codex/worktrees/w2-resume/creator-platform/apps/ios
    /Applications/Xcode.app/Contents/Developer/Toolchains/XcodeDefault.xctoolchain/usr/bin/lipo -create /Users/yingpengwang/.codex/worktrees/w2-resume/creator-platform/tmp/w2-native-20261001/DerivedData/Build/Intermediates.noindex/QelvoraNative.build/Debug-iphonesimulator/QelvoraUI.build/Objects-normal/arm64/Binary/QelvoraUI.o /Users/yingpengwang/.codex/worktrees/w2-resume/creator-platform/tmp/w2-native-20261001/DerivedData/Build/Intermediates.noindex/QelvoraNative.build/Debug-iphonesimulator/QelvoraUI.build/Objects-normal/x86_64/Binary/QelvoraUI.o -output /Users/yingpengwang/.codex/worktrees/w2-resume/creator-platform/tmp/w2-native-20261001/DerivedData/Build/Products/Debug-iphonesimulator/QelvoraUI.o

SwiftExplicitDependencyGeneratePcm x86_64 /Users/yingpengwang/.codex/worktrees/w2-resume/creator-platform/tmp/w2-native-20261001/DerivedData/ModuleCache.noindex/_Builtin_intrinsics-511ZX70NBJU5EHYXFHT27OX5Z.pcm

SwiftExplicitDependencyGeneratePcm arm64 /Users/yingpengwang/.codex/worktrees/w2-resume/creator-platform/tmp/w2-native-20261001/DerivedData/ModuleCache.noindex/_DarwinFoundation2-2XW29E8EYQ7Z23KVX6QOYQXTK.pcm

SwiftExplicitDependencyGeneratePcm x86_64 /Users/yingpengwang/.codex/worktrees/w2-resume/creator-platform/tmp/w2-native-20261001/DerivedData/ModuleCache.noindex/_Builtin_tgmath-AS7CCUGKF47KSZK0D68OG8HVP.pcm

SwiftExplicitDependencyGeneratePcm arm64 /Users/yingpengwang/.codex/worktrees/w2-resume/creator-platform/tmp/w2-native-20261001/DerivedData/ModuleCache.noindex/_Builtin_stdint-9W99V2HRN9ZODNWX7SR1DGBW.pcm

SwiftExplicitDependencyGeneratePcm arm64 /Users/yingpengwang/.codex/worktrees/w2-resume/creator-platform/tmp/w2-native-20261001/DerivedData/ModuleCache.noindex/sys_types-9W35W0PUX6P8IS3DHSOKMM9XF.pcm

SwiftExplicitDependencyGeneratePcm arm64 /Users/yingpengwang/.codex/worktrees/w2-resume/creator-platform/tmp/w2-native-20261001/DerivedData/ModuleCache.noindex/_DarwinFoundation3-4OYG5X7WN9Y6V8TJ01PK98G5W.pcm

SwiftExplicitDependencyGeneratePcm arm64 /Users/yingpengwang/.codex/worktrees/w2-resume/creator-platform/tmp/w2-native-20261001/DerivedData/ModuleCache.noindex/_Builtin_tgmath-C33DZ48TNW0A8N1MI9M2GV2KW.pcm

SwiftExplicitDependencyGeneratePcm arm64 /Users/yingpengwang/.codex/worktrees/w2-resume/creator-platform/tmp/w2-native-20261001/DerivedData/ModuleCache.noindex/_Builtin_inttypes-O97UAQL8RJPXBD7QMALRSFHY.pcm

SwiftExplicitDependencyGeneratePcm arm64 /Users/yingpengwang/.codex/worktrees/w2-resume/creator-platform/tmp/w2-native-20261001/DerivedData/ModuleCache.noindex/_Builtin_intrinsics-6K9U6C813T4WU7L9MW1M0V0RP.pcm

SwiftExplicitDependencyGeneratePcm arm64 /Users/yingpengwang/.codex/worktrees/w2-resume/creator-platform/tmp/w2-native-20261001/DerivedData/ModuleCache.noindex/Darwin-8XREQO5BHMW4K2JQB1KDCOSD7.pcm

SwiftExplicitDependencyGeneratePcm x86_64 /Users/yingpengwang/.codex/worktrees/w2-resume/creator-platform/tmp/w2-native-20261001/DerivedData/ModuleCache.noindex/simd-4O1RHB6HKQWT8KVMPIPFVWGLG.pcm

SwiftExplicitDependencyGeneratePcm arm64 /Users/yingpengwang/.codex/worktrees/w2-resume/creator-platform/tmp/w2-native-20261001/DerivedData/ModuleCache.noindex/simd-9FGXVPSIRFBF8R82YY19VR4W2.pcm

SwiftExplicitDependencyGeneratePcm arm64 /Users/yingpengwang/.codex/worktrees/w2-resume/creator-platform/tmp/w2-native-20261001/DerivedData/ModuleCache.noindex/ObjectiveC-65N416EANWE3690RU4E09V9OA.pcm

SwiftExplicitDependencyGeneratePcm arm64 /Users/yingpengwang/.codex/worktrees/w2-resume/creator-platform/tmp/w2-native-20261001/DerivedData/ModuleCache.noindex/MachO-70O61DYLPOEZI9PSVCIZSNAYC.pcm

SwiftExplicitDependencyGeneratePcm x86_64 /Users/yingpengwang/.codex/worktrees/w2-resume/creator-platform/tmp/w2-native-20261001/DerivedData/ModuleCache.noindex/Spatial-8BD7DJVENOJG2POA10SLK6ZEU.pcm

SwiftExplicitDependencyGeneratePcm arm64 /Users/yingpengwang/.codex/worktrees/w2-resume/creator-platform/tmp/w2-native-20261001/DerivedData/ModuleCache.noindex/Spatial-92UPP07PU0T92IAX0SJ0TBPAU.pcm

SwiftExplicitDependencyGeneratePcm arm64 /Users/yingpengwang/.codex/worktrees/w2-resume/creator-platform/tmp/w2-native-20261001/DerivedData/ModuleCache.noindex/os_object-CY7L4ZG8DLJZBQLFZX8H67J37.pcm

SwiftExplicitDependencyGeneratePcm arm64 /Users/yingpengwang/.codex/worktrees/w2-resume/creator-platform/tmp/w2-native-20261001/DerivedData/ModuleCache.noindex/_Builtin_stdatomic-2RVVXJXA91J5YX0PBVSDS3OMB.pcm

SwiftExplicitDependencyGeneratePcm x86_64 /Users/yingpengwang/.codex/worktrees/w2-resume/creator-platform/tmp/w2-native-20261001/DerivedData/ModuleCache.noindex/_Builtin_inttypes-58YG21NDQIWJ5ZLKV3BYCW5WC.pcm

SwiftExplicitDependencyGeneratePcm arm64 /Users/yingpengwang/.codex/worktrees/w2-resume/creator-platform/tmp/w2-native-20261001/DerivedData/ModuleCache.noindex/os_workgroup-B5ZYWAYW823J5BWTISH0BMI56.pcm

SwiftExplicitDependencyGeneratePcm x86_64 /Users/yingpengwang/.codex/worktrees/w2-resume/creator-platform/tmp/w2-native-20261001/DerivedData/ModuleCache.noindex/Darwin-ATJNI598BUQZCSKV4KQFY7LFC.pcm

SwiftExplicitDependencyGeneratePcm arm64 /Users/yingpengwang/.codex/worktrees/w2-resume/creator-platform/tmp/w2-native-20261001/DerivedData/ModuleCache.noindex/Dispatch-F31VVOE8JKJ0T2MKL7X9K330G.pcm

ExtractAppIntentsMetadata (in target 'QelvoraUI' from project 'QelvoraNative')
    cd /Users/yingpengwang/.codex/worktrees/w2-resume/creator-platform/apps/ios
    /Applications/Xcode.app/Contents/Developer/Toolchains/XcodeDefault.xctoolchain/usr/bin/appintentsmetadataprocessor --toolchain-dir /Applications/Xcode.app/Contents/Developer/Toolchains/XcodeDefault.xctoolchain --module-name QelvoraUI --sdk-root /Applications/Xcode.app/Contents/Developer/Platforms/iPhoneSimulator.platform/Developer/SDKs/iPhoneSimulator26.5.sdk --xcode-version 17F42 --platform-family iOS --deployment-target 17.0 --bundle-identifier ios.QelvoraUI --output /Users/yingpengwang/.codex/worktrees/w2-resume/creator-platform/tmp/w2-native-20261001/DerivedData/Build/Products/Debug-iphonesimulator/QelvoraUI.appintents --target-triple arm64-apple-ios17.0-simulator --target-triple x86_64-apple-ios17.0-simulator --binary-file /Users/yingpengwang/.codex/worktrees/w2-resume/creator-platform/tmp/w2-native-20261001/DerivedData/Build/Products/Debug-iphonesimulator/QelvoraUI.o --dependency-file /Users/yingpengwang/.codex/worktrees/w2-resume/creator-platform/tmp/w2-native-20261001/DerivedData/Build/Intermediates.noindex/QelvoraNative.build/Debug-iphonesimulator/QelvoraUI.build/Objects-normal/arm64/QelvoraUI_dependency_info.dat --dependency-file /Users/yingpengwang/.codex/worktrees/w2-resume/creator-platform/tmp/w2-native-20261001/DerivedData/Build/Intermediates.noindex/QelvoraNative.build/Debug-iphonesimulator/QelvoraUI.build/Objects-normal/x86_64/QelvoraUI_dependency_info.dat --stringsdata-file /Users/yingpengwang/.codex/worktrees/w2-resume/creator-platform/tmp/w2-native-20261001/DerivedData/Build/Intermediates.noindex/QelvoraNative.build/Debug-iphonesimulator/QelvoraUI.build/Objects-normal/arm64/ExtractedAppShortcutsMetadata.stringsdata --stringsdata-file /Users/yingpengwang/.codex/worktrees/w2-resume/creator-platform/tmp/w2-native-20261001/DerivedData/Build/Intermediates.noindex/QelvoraNative.build/Debug-iphonesimulator/QelvoraUI.build/Objects-normal/x86_64/ExtractedAppShortcutsMetadata.stringsdata --source-file-list /Users/yingpengwang/.codex/worktrees/w2-resume/creator-platform/tmp/w2-native-20261001/DerivedData/Build/Intermediates.noindex/QelvoraNative.build/Debug-iphonesimulator/QelvoraUI.build/Objects-normal/arm64/QelvoraUI.SwiftFileList --source-file-list /Users/yingpengwang/.codex/worktrees/w2-resume/creator-platform/tmp/w2-native-20261001/DerivedData/Build/Intermediates.noindex/QelvoraNative.build/Debug-iphonesimulator/QelvoraUI.build/Objects-normal/x86_64/QelvoraUI.SwiftFileList --metadata-file-list /Users/yingpengwang/.codex/worktrees/w2-resume/creator-platform/tmp/w2-native-20261001/DerivedData/Build/Intermediates.noindex/QelvoraNative.build/Debug-iphonesimulator/QelvoraUI.build/QelvoraUI.DependencyMetadataFileList --static-metadata-file-list /Users/yingpengwang/.codex/worktrees/w2-resume/creator-platform/tmp/w2-native-20261001/DerivedData/Build/Intermediates.noindex/QelvoraNative.build/Debug-iphonesimulator/QelvoraUI.build/QelvoraUI.DependencyStaticMetadataFileList --swift-const-vals-list /Users/yingpengwang/.codex/worktrees/w2-resume/creator-platform/tmp/w2-native-20261001/DerivedData/Build/Intermediates.noindex/QelvoraNative.build/Debug-iphonesimulator/QelvoraUI.build/Objects-normal/arm64/QelvoraUI.SwiftConstValuesFileList --swift-const-vals-list /Users/yingpengwang/.codex/worktrees/w2-resume/creator-platform/tmp/w2-native-20261001/DerivedData/Build/Intermediates.noindex/QelvoraNative.build/Debug-iphonesimulator/QelvoraUI.build/Objects-normal/x86_64/QelvoraUI.SwiftConstValuesFileList --force --compile-time-extraction --deployment-aware-processing --validate-assistant-intents --no-app-shortcuts-localization
2026-10-01 02:52:17.671 appintentsmetadataprocessor[67555:2494826] Starting appintentsmetadataprocessor export
2026-10-01 02:52:17.699 appintentsmetadataprocessor[67555:2494826] Extracted no relevant App Intents symbols, skipping writing output

SwiftExplicitDependencyGeneratePcm arm64 /Users/yingpengwang/.codex/worktrees/w2-resume/creator-platform/tmp/w2-native-20261001/DerivedData/ModuleCache.noindex/dnssd-5KNX2MBGFO752QJ3ULQ29BRR0.pcm

SwiftExplicitDependencyGeneratePcm arm64 /Users/yingpengwang/.codex/worktrees/w2-resume/creator-platform/tmp/w2-native-20261001/DerivedData/ModuleCache.noindex/XPC-44V0FOZ3YDKY151JQ2YY9PF53.pcm

SwiftExplicitDependencyGeneratePcm arm64 /Users/yingpengwang/.codex/worktrees/w2-resume/creator-platform/tmp/w2-native-20261001/DerivedData/ModuleCache.noindex/CoreFoundation-2MG1V47IZ3C4EZ3P7J04V5LPP.pcm

SwiftExplicitDependencyGeneratePcm arm64 /Users/yingpengwang/.codex/worktrees/w2-resume/creator-platform/tmp/w2-native-20261001/DerivedData/ModuleCache.noindex/os-4TNJ14UBHM2M58A91XALCCCIM.pcm

SwiftExplicitDependencyGeneratePcm x86_64 /Users/yingpengwang/.codex/worktrees/w2-resume/creator-platform/tmp/w2-native-20261001/DerivedData/ModuleCache.noindex/MachO-5L7DER0ZX6TEC5BYRVF5NTOD7.pcm

SwiftExplicitDependencyGeneratePcm x86_64 /Users/yingpengwang/.codex/worktrees/w2-resume/creator-platform/tmp/w2-native-20261001/DerivedData/ModuleCache.noindex/ObjectiveC-DJQBM6H69VVJ50VPZPPO5L316.pcm

SwiftExplicitDependencyGeneratePcm arm64 /Users/yingpengwang/.codex/worktrees/w2-resume/creator-platform/tmp/w2-native-20261001/DerivedData/ModuleCache.noindex/CoreAudioTypes-BKMJGU5SO09AMZTENIIV5T5TE.pcm

SwiftExplicitDependencyGeneratePcm arm64 /Users/yingpengwang/.codex/worktrees/w2-resume/creator-platform/tmp/w2-native-20261001/DerivedData/ModuleCache.noindex/CFNetwork-8QT05L61M9B29K08JEJL9HIFL.pcm

SwiftExplicitDependencyGeneratePcm x86_64 /Users/yingpengwang/.codex/worktrees/w2-resume/creator-platform/tmp/w2-native-20261001/DerivedData/ModuleCache.noindex/os_object-2VMLQQCV6YBYF6RU20EPPFA7A.pcm

SwiftExplicitDependencyGeneratePcm arm64 /Users/yingpengwang/.codex/worktrees/w2-resume/creator-platform/tmp/w2-native-20261001/DerivedData/ModuleCache.noindex/CoreGraphics-660JFD6WKFP61OREA163LVY6V.pcm

SwiftExplicitDependencyGeneratePcm arm64 /Users/yingpengwang/.codex/worktrees/w2-resume/creator-platform/tmp/w2-native-20261001/DerivedData/ModuleCache.noindex/CoreAudio-EYCU7NZ0R73CFMXMRSA876KA4.pcm

SwiftExplicitDependencyGeneratePcm x86_64 /Users/yingpengwang/.codex/worktrees/w2-resume/creator-platform/tmp/w2-native-20261001/DerivedData/ModuleCache.noindex/os_workgroup-4RI664QOFHASHFCNYV5ZUP1VD.pcm

SwiftExplicitDependencyGeneratePcm arm64 /Users/yingpengwang/.codex/worktrees/w2-resume/creator-platform/tmp/w2-native-20261001/DerivedData/ModuleCache.noindex/Security-7ZDNLCV5LSCDHE2LD9PJM9839.pcm

SwiftExplicitDependencyGeneratePcm x86_64 /Users/yingpengwang/.codex/worktrees/w2-resume/creator-platform/tmp/w2-native-20261001/DerivedData/ModuleCache.noindex/Dispatch-C4HUYE6C6561VELUC1CGA71BM.pcm

SwiftExplicitDependencyGeneratePcm arm64 /Users/yingpengwang/.codex/worktrees/w2-resume/creator-platform/tmp/w2-native-20261001/DerivedData/ModuleCache.noindex/CoreText-NB563VESASVG9A32UTLV241U.pcm

SwiftExplicitDependencyGeneratePcm x86_64 /Users/yingpengwang/.codex/worktrees/w2-resume/creator-platform/tmp/w2-native-20261001/DerivedData/ModuleCache.noindex/dnssd-2Z8ZOVWQD910NT1BC65EU31E8.pcm

SwiftExplicitDependencyGeneratePcm arm64 /Users/yingpengwang/.codex/worktrees/w2-resume/creator-platform/tmp/w2-native-20261001/DerivedData/ModuleCache.noindex/Foundation-5ZVIDYQOLHARD5WGE5BIFV7ZX.pcm

SwiftExplicitDependencyGeneratePcm x86_64 /Users/yingpengwang/.codex/worktrees/w2-resume/creator-platform/tmp/w2-native-20261001/DerivedData/ModuleCache.noindex/XPC-EHIRD5BNAVF8PUES1WT7N54SH.pcm

SwiftExplicitDependencyGeneratePcm arm64 /Users/yingpengwang/.codex/worktrees/w2-resume/creator-platform/tmp/w2-native-20261001/DerivedData/ModuleCache.noindex/ImageIO-K696QUFCH61O988DDHNZUNOA.pcm

SwiftExplicitDependencyGeneratePcm x86_64 /Users/yingpengwang/.codex/worktrees/w2-resume/creator-platform/tmp/w2-native-20261001/DerivedData/ModuleCache.noindex/os-E1YHIO7SEG71CV2ME78JX1DT9.pcm

SwiftExplicitDependencyGeneratePcm x86_64 /Users/yingpengwang/.codex/worktrees/w2-resume/creator-platform/tmp/w2-native-20261001/DerivedData/ModuleCache.noindex/CoreFoundation-7Q4UPLZW1Y07AMN87HS7NRKGM.pcm

SwiftExplicitDependencyGeneratePcm x86_64 /Users/yingpengwang/.codex/worktrees/w2-resume/creator-platform/tmp/w2-native-20261001/DerivedData/ModuleCache.noindex/CoreGraphics-55QUN2IH6CYDGUENOB53D0WIB.pcm

SwiftExplicitDependencyGeneratePcm x86_64 /Users/yingpengwang/.codex/worktrees/w2-resume/creator-platform/tmp/w2-native-20261001/DerivedData/ModuleCache.noindex/CFNetwork-CEYIGZI4V93FAOXHQ7OA4EOC5.pcm

SwiftExplicitDependencyGeneratePcm arm64 /Users/yingpengwang/.codex/worktrees/w2-resume/creator-platform/tmp/w2-native-20261001/DerivedData/ModuleCache.noindex/LocalAuthentication-7HZ8KOKUOURK2SVHW338OQ4BB.pcm

SwiftExplicitDependencyGeneratePcm arm64 /Users/yingpengwang/.codex/worktrees/w2-resume/creator-platform/tmp/w2-native-20261001/DerivedData/ModuleCache.noindex/Accessibility-8YO75VMIX2LHTIA4E5R0I2SGX.pcm

SwiftExplicitDependencyGeneratePcm arm64 /Users/yingpengwang/.codex/worktrees/w2-resume/creator-platform/tmp/w2-native-20261001/DerivedData/ModuleCache.noindex/FileProvider-37C24U7AJTFQ4DWE5LA0Y75CA.pcm

SwiftExplicitDependencyGeneratePcm arm64 /Users/yingpengwang/.codex/worktrees/w2-resume/creator-platform/tmp/w2-native-20261001/DerivedData/ModuleCache.noindex/IOSurface-CDUJPFTQM5KA9HUYOFR2WFEDW.pcm

SwiftExplicitDependencyGeneratePcm arm64 /Users/yingpengwang/.codex/worktrees/w2-resume/creator-platform/tmp/w2-native-20261001/DerivedData/ModuleCache.noindex/CoreData-5C0EDUMXHY3ISJXTEQX2AZIA4.pcm

SwiftExplicitDependencyGeneratePcm arm64 /Users/yingpengwang/.codex/worktrees/w2-resume/creator-platform/tmp/w2-native-20261001/DerivedData/ModuleCache.noindex/CallKit-BD06KUHT3M7AGDZCTZ9539AB5.pcm

SwiftExplicitDependencyGeneratePcm arm64 /Users/yingpengwang/.codex/worktrees/w2-resume/creator-platform/tmp/w2-native-20261001/DerivedData/ModuleCache.noindex/Metal-BPEVJP17DWTR51I10IK2SO8XZ.pcm

SwiftExplicitDependencyGeneratePcm arm64 /Users/yingpengwang/.codex/worktrees/w2-resume/creator-platform/tmp/w2-native-20261001/DerivedData/ModuleCache.noindex/UniformTypeIdentifiers-54FZ7KTCW6S6754E28X7KKSYD.pcm

SwiftExplicitDependencyGeneratePcm arm64 /Users/yingpengwang/.codex/worktrees/w2-resume/creator-platform/tmp/w2-native-20261001/DerivedData/ModuleCache.noindex/Network-2DCIB7150VT2VCM7PMKOKM6UP.pcm

SwiftExplicitDependencyGeneratePcm arm64 /Users/yingpengwang/.codex/worktrees/w2-resume/creator-platform/tmp/w2-native-20261001/DerivedData/ModuleCache.noindex/BackgroundAssets-6AJ4V1H9027EDXSX714CAKGUB.pcm

SwiftExplicitDependencyGeneratePcm arm64 /Users/yingpengwang/.codex/worktrees/w2-resume/creator-platform/tmp/w2-native-20261001/DerivedData/ModuleCache.noindex/AVRouting-ESZUOQD21Q95MWZ6R3D4P189K.pcm

SwiftExplicitDependencyGeneratePcm x86_64 /Users/yingpengwang/.codex/worktrees/w2-resume/creator-platform/tmp/w2-native-20261001/DerivedData/ModuleCache.noindex/ImageIO-2BM033ZKK56JSSC680EYTOC08.pcm

SwiftExplicitDependencyGeneratePcm x86_64 /Users/yingpengwang/.codex/worktrees/w2-resume/creator-platform/tmp/w2-native-20261001/DerivedData/ModuleCache.noindex/CoreAudioTypes-94MS9IMYYCH2KKQW3QGR89WCK.pcm

SwiftExplicitDependencyGeneratePcm arm64 /Users/yingpengwang/.codex/worktrees/w2-resume/creator-platform/tmp/w2-native-20261001/DerivedData/ModuleCache.noindex/OSLog-7MTQIO0N45RT6Q3MBXNT3R5VD.pcm

SwiftExplicitDependencyGeneratePcm x86_64 /Users/yingpengwang/.codex/worktrees/w2-resume/creator-platform/tmp/w2-native-20261001/DerivedData/ModuleCache.noindex/CoreAudio-1CC7MYA240BUZX04C6289PU9G.pcm

SwiftExplicitDependencyGeneratePcm x86_64 /Users/yingpengwang/.codex/worktrees/w2-resume/creator-platform/tmp/w2-native-20261001/DerivedData/ModuleCache.noindex/CoreText-6VRBW0UTRGP443INFGSM255M3.pcm

SwiftExplicitDependencyGeneratePcm arm64 /Users/yingpengwang/.codex/worktrees/w2-resume/creator-platform/tmp/w2-native-20261001/DerivedData/ModuleCache.noindex/UserNotifications-99A8VP2UUELYGLU96NN3XU5WG.pcm

SwiftExplicitDependencyGeneratePcm arm64 /Users/yingpengwang/.codex/worktrees/w2-resume/creator-platform/tmp/w2-native-20261001/DerivedData/ModuleCache.noindex/Symbols-21GQ7FAQGHG6WKFN4VWWL62BC.pcm

SwiftExplicitDependencyGeneratePcm arm64 /Users/yingpengwang/.codex/worktrees/w2-resume/creator-platform/tmp/w2-native-20261001/DerivedData/ModuleCache.noindex/UIUtilities-AIVZT2O9UNJ8GPJ8VB7VRKMX3.pcm

SwiftExplicitDependencyGeneratePcm arm64 /Users/yingpengwang/.codex/worktrees/w2-resume/creator-platform/tmp/w2-native-20261001/DerivedData/ModuleCache.noindex/CoreMIDI-8D1TP6E5GOHAC39K5IOS7PKL8.pcm

SwiftExplicitDependencyGeneratePcm arm64 /Users/yingpengwang/.codex/worktrees/w2-resume/creator-platform/tmp/w2-native-20261001/DerivedData/ModuleCache.noindex/DataDetection-5SCYA5NWLRC6220RG7IZX97Q6.pcm

SwiftExplicitDependencyGeneratePcm arm64 /Users/yingpengwang/.codex/worktrees/w2-resume/creator-platform/tmp/w2-native-20261001/DerivedData/ModuleCache.noindex/OpenGLES-8E6G3462MD2YKMRQE9E4N0CX7.pcm

SwiftExplicitDependencyGeneratePcm arm64 /Users/yingpengwang/.codex/worktrees/w2-resume/creator-platform/tmp/w2-native-20261001/DerivedData/ModuleCache.noindex/CoreTransferable-ESTVME26T7E3UYBEC2LAXMKRE.pcm

SwiftExplicitDependencyGeneratePcm arm64 /Users/yingpengwang/.codex/worktrees/w2-resume/creator-platform/tmp/w2-native-20261001/DerivedData/ModuleCache.noindex/AudioToolbox-5ZKF6JBGZWOL1FWVWSJJYJEJM.pcm

SwiftExplicitDependencyGeneratePcm x86_64 /Users/yingpengwang/.codex/worktrees/w2-resume/creator-platform/tmp/w2-native-20261001/DerivedData/ModuleCache.noindex/Security-3OI2DQSMCBO6NZ82SWUE0JFDG.pcm

SwiftExplicitDependencyGeneratePcm arm64 /Users/yingpengwang/.codex/worktrees/w2-resume/creator-platform/tmp/w2-native-20261001/DerivedData/ModuleCache.noindex/CoreVideo-35IRU2P0PKPOCHIHAXWN6QF7S.pcm

SwiftExplicitDependencyGeneratePcm x86_64 /Users/yingpengwang/.codex/worktrees/w2-resume/creator-platform/tmp/w2-native-20261001/DerivedData/ModuleCache.noindex/Foundation-3EG7643MVS1Y2Z1P3OB11VI00.pcm

SwiftExplicitDependencyGeneratePcm arm64 /Users/yingpengwang/.codex/worktrees/w2-resume/creator-platform/tmp/w2-native-20261001/DerivedData/ModuleCache.noindex/QuartzCore-CFSBKVQ1LLZJL2T9RKNIH3A2H.pcm

SwiftExplicitDependencyGeneratePcm arm64 /Users/yingpengwang/.codex/worktrees/w2-resume/creator-platform/tmp/w2-native-20261001/DerivedData/ModuleCache.noindex/CoreImage-CBE0ZL23Z5R06A5I0YZILAEW8.pcm

SwiftExplicitDependencyGeneratePcm arm64 /Users/yingpengwang/.codex/worktrees/w2-resume/creator-platform/tmp/w2-native-20261001/DerivedData/ModuleCache.noindex/SwiftUICore-EVO5O2WV8PJRM62FEV5E8YU35.pcm

SwiftExplicitDependencyGeneratePcm arm64 /Users/yingpengwang/.codex/worktrees/w2-resume/creator-platform/tmp/w2-native-20261001/DerivedData/ModuleCache.noindex/CoreMedia-B12GLDOORPHE4QEOHU4DXX661.pcm

SwiftExplicitDependencyGeneratePcm arm64 /Users/yingpengwang/.codex/worktrees/w2-resume/creator-platform/tmp/w2-native-20261001/DerivedData/ModuleCache.noindex/UIKit-2XLA4P2WWJL7X8MQMDSC9D5Z8.pcm

SwiftExplicitDependencyGeneratePcm x86_64 /Users/yingpengwang/.codex/worktrees/w2-resume/creator-platform/tmp/w2-native-20261001/DerivedData/ModuleCache.noindex/CoreTransferable-6150FFVA5XLV7ZXXGJ05QJ0PJ.pcm

SwiftExplicitDependencyGeneratePcm arm64 /Users/yingpengwang/.codex/worktrees/w2-resume/creator-platform/tmp/w2-native-20261001/DerivedData/ModuleCache.noindex/AVFAudio-85MERMWJMBFMS4OXIDIZS9JK1.pcm

SwiftExplicitDependencyGeneratePcm x86_64 /Users/yingpengwang/.codex/worktrees/w2-resume/creator-platform/tmp/w2-native-20261001/DerivedData/ModuleCache.noindex/OpenGLES-BUQLAAYW8L82L33T7W4FDSIWI.pcm

SwiftExplicitDependencyGeneratePcm x86_64 /Users/yingpengwang/.codex/worktrees/w2-resume/creator-platform/tmp/w2-native-20261001/DerivedData/ModuleCache.noindex/UniformTypeIdentifiers-5CP23ZMIV8S1H835R2Q0N18CU.pcm

SwiftExplicitDependencyGeneratePcm x86_64 /Users/yingpengwang/.codex/worktrees/w2-resume/creator-platform/tmp/w2-native-20261001/DerivedData/ModuleCache.noindex/CallKit-EEWS168C62EA337Z71UDJSCCC.pcm

SwiftExplicitDependencyGeneratePcm x86_64 /Users/yingpengwang/.codex/worktrees/w2-resume/creator-platform/tmp/w2-native-20261001/DerivedData/ModuleCache.noindex/UserNotifications-7B7XUQOHGZZVX9WWW3ZBQMULA.pcm

SwiftExplicitDependencyGeneratePcm x86_64 /Users/yingpengwang/.codex/worktrees/w2-resume/creator-platform/tmp/w2-native-20261001/DerivedData/ModuleCache.noindex/BackgroundAssets-4ZQNV3QSHZDRBT3Y3BHUG45RG.pcm

SwiftExplicitDependencyGeneratePcm x86_64 /Users/yingpengwang/.codex/worktrees/w2-resume/creator-platform/tmp/w2-native-20261001/DerivedData/ModuleCache.noindex/UIUtilities-FBHBZUXU3HR1XO7KHFZKH3JW.pcm

SwiftExplicitDependencyGeneratePcm x86_64 /Users/yingpengwang/.codex/worktrees/w2-resume/creator-platform/tmp/w2-native-20261001/DerivedData/ModuleCache.noindex/Accessibility-25A7BSVO7LBE5ZU6KA9936UHD.pcm

SwiftExplicitDependencyGeneratePcm x86_64 /Users/yingpengwang/.codex/worktrees/w2-resume/creator-platform/tmp/w2-native-20261001/DerivedData/ModuleCache.noindex/Network-3QXQXENXJFJQJ7V64OCM2DWPP.pcm

SwiftExplicitDependencyGeneratePcm x86_64 /Users/yingpengwang/.codex/worktrees/w2-resume/creator-platform/tmp/w2-native-20261001/DerivedData/ModuleCache.noindex/CoreMIDI-9M2XPB471LFI13H7Q62ZNTHP.pcm

SwiftExplicitDependencyGeneratePcm x86_64 /Users/yingpengwang/.codex/worktrees/w2-resume/creator-platform/tmp/w2-native-20261001/DerivedData/ModuleCache.noindex/CoreData-782AD5SPAN4GREVU1RBMR1DHP.pcm

SwiftExplicitDependencyGeneratePcm arm64 /Users/yingpengwang/.codex/worktrees/w2-resume/creator-platform/tmp/w2-native-20261001/DerivedData/ModuleCache.noindex/AuthenticationServices-4M6KZPUL5P7474EG0HAWJM0U4.pcm

SwiftExplicitDependencyGeneratePcm x86_64 /Users/yingpengwang/.codex/worktrees/w2-resume/creator-platform/tmp/w2-native-20261001/DerivedData/ModuleCache.noindex/AudioToolbox-F56EGNKQDP39SINVFIUFKT40H.pcm

SwiftExplicitDependencyGeneratePcm arm64 /Users/yingpengwang/.codex/worktrees/w2-resume/creator-platform/tmp/w2-native-20261001/DerivedData/ModuleCache.noindex/SwiftUI-BMZ12BYIZP7E3YZA3B1UWEMJ0.pcm

SwiftExplicitDependencyGeneratePcm x86_64 /Users/yingpengwang/.codex/worktrees/w2-resume/creator-platform/tmp/w2-native-20261001/DerivedData/ModuleCache.noindex/Symbols-F1J3SEGMLEJAXWX21WRT18NUX.pcm

SwiftExplicitDependencyGeneratePcm arm64 /Users/yingpengwang/.codex/worktrees/w2-resume/creator-platform/tmp/w2-native-20261001/DerivedData/ModuleCache.noindex/StoreKit-20AVMQD39HLL1I2824VCLOXR8.pcm

SwiftExplicitDependencyGeneratePcm x86_64 /Users/yingpengwang/.codex/worktrees/w2-resume/creator-platform/tmp/w2-native-20261001/DerivedData/ModuleCache.noindex/AVRouting-3GBHMQ1V7TQFGFV3MLWXGZW9U.pcm

SwiftExplicitDependencyGeneratePcm x86_64 /Users/yingpengwang/.codex/worktrees/w2-resume/creator-platform/tmp/w2-native-20261001/DerivedData/ModuleCache.noindex/OSLog-BQWL9CWL1242URKWHRD1J7SYN.pcm

SwiftExplicitDependencyGeneratePcm x86_64 /Users/yingpengwang/.codex/worktrees/w2-resume/creator-platform/tmp/w2-native-20261001/DerivedData/ModuleCache.noindex/DataDetection-C73SLYWJVL1HVMNEX4OV8RZU8.pcm

SwiftExplicitDependencyGeneratePcm x86_64 /Users/yingpengwang/.codex/worktrees/w2-resume/creator-platform/tmp/w2-native-20261001/DerivedData/ModuleCache.noindex/FileProvider-CQI1BGEXNLVNBDG2USI6LU4XI.pcm

SwiftExplicitDependencyGeneratePcm x86_64 /Users/yingpengwang/.codex/worktrees/w2-resume/creator-platform/tmp/w2-native-20261001/DerivedData/ModuleCache.noindex/IOSurface-12529V6IRZUK2JGIQJHBOZMSN.pcm

SwiftExplicitDependencyGeneratePcm arm64 /Users/yingpengwang/.codex/worktrees/w2-resume/creator-platform/tmp/w2-native-20261001/DerivedData/ModuleCache.noindex/MediaToolbox-CUUE3AA6OL2OGOKPTQQIHXIC2.pcm

SwiftExplicitDependencyGeneratePcm x86_64 /Users/yingpengwang/.codex/worktrees/w2-resume/creator-platform/tmp/w2-native-20261001/DerivedData/ModuleCache.noindex/Metal-VMY1J1Y7M92NK23LS1LPYBA4.pcm

SwiftExplicitDependencyGeneratePcm x86_64 /Users/yingpengwang/.codex/worktrees/w2-resume/creator-platform/tmp/w2-native-20261001/DerivedData/ModuleCache.noindex/LocalAuthentication-17CH067371WZBP706NJBO5YW2.pcm

SwiftExplicitDependencyGeneratePcm arm64 /Users/yingpengwang/.codex/worktrees/w2-resume/creator-platform/tmp/w2-native-20261001/DerivedData/ModuleCache.noindex/AVFoundation-18DZRS93XCDVFCM4TC31I2PHH.pcm

SwiftExplicitDependencyGeneratePcm x86_64 /Users/yingpengwang/.codex/worktrees/w2-resume/creator-platform/tmp/w2-native-20261001/DerivedData/ModuleCache.noindex/CoreVideo-18DJZU3M612DHACP4CDWC6F4E.pcm

SwiftExplicitDependencyGeneratePcm x86_64 /Users/yingpengwang/.codex/worktrees/w2-resume/creator-platform/tmp/w2-native-20261001/DerivedData/ModuleCache.noindex/QuartzCore-1SEEOEC2K2Y4THEJLQPZUVEA6.pcm

SwiftExplicitDependencyGeneratePcm x86_64 /Users/yingpengwang/.codex/worktrees/w2-resume/creator-platform/tmp/w2-native-20261001/DerivedData/ModuleCache.noindex/CoreMedia-4IV4XQHSU5JA1OL442UZZOACO.pcm

SwiftExplicitDependencyGeneratePcm x86_64 /Users/yingpengwang/.codex/worktrees/w2-resume/creator-platform/tmp/w2-native-20261001/DerivedData/ModuleCache.noindex/CoreImage-8HF5FI5CL43WYR1TJ2ZPYJ26P.pcm

SwiftExplicitDependencyGeneratePcm x86_64 /Users/yingpengwang/.codex/worktrees/w2-resume/creator-platform/tmp/w2-native-20261001/DerivedData/ModuleCache.noindex/AVFAudio-A2XZOXN5AU5XPAJ7RSBOZPYMS.pcm

SwiftEmitModule normal arm64 Emitting\ module\ for\ QelvoraApp (in target 'QelvoraApp' from project 'QelvoraApp')

SwiftCompile normal arm64 /Users/yingpengwang/.codex/worktrees/w2-resume/creator-platform/apps/ios/App/QelvoraApp.swift (in target 'QelvoraApp' from project 'QelvoraApp')
    cd /Users/yingpengwang/.codex/worktrees/w2-resume/creator-platform/apps/ios
    

SwiftExplicitDependencyGeneratePcm x86_64 /Users/yingpengwang/.codex/worktrees/w2-resume/creator-platform/tmp/w2-native-20261001/DerivedData/ModuleCache.noindex/UIKit-1MHWL0AI3P7Q0R7L4ANNLZFW5.pcm

SwiftDriverJobDiscovery normal arm64 Emitting module for QelvoraApp (in target 'QelvoraApp' from project 'QelvoraApp')

SwiftDriver\ Compilation\ Requirements QelvoraApp normal arm64 com.apple.xcode.tools.swift.compiler (in target 'QelvoraApp' from project 'QelvoraApp')
    cd /Users/yingpengwang/.codex/worktrees/w2-resume/creator-platform/apps/ios
    builtin-Swift-Compilation-Requirements -- /Applications/Xcode.app/Contents/Developer/Toolchains/XcodeDefault.xctoolchain/usr/bin/swiftc -module-name QelvoraApp -Onone @/Users/yingpengwang/.codex/worktrees/w2-resume/creator-platform/tmp/w2-native-20261001/DerivedData/Build/Intermediates.noindex/QelvoraApp.build/Debug-iphonesimulator/QelvoraApp.build/Objects-normal/arm64/QelvoraApp.SwiftFileList -DDEBUG -enable-experimental-feature DebugDescriptionMacro -sdk /Applications/Xcode.app/Contents/Developer/Platforms/iPhoneSimulator.platform/Developer/SDKs/iPhoneSimulator26.5.sdk -target arm64-apple-ios17.0-simulator -g -module-cache-path /Users/yingpengwang/.codex/worktrees/w2-resume/creator-platform/tmp/w2-native-20261001/DerivedData/ModuleCache.noindex -Xfrontend -serialize-debugging-options -enable-testing -index-store-path /Users/yingpengwang/.codex/worktrees/w2-resume/creator-platform/tmp/w2-native-20261001/DerivedData/Index.noindex/DataStore -Xcc -D_LIBCPP_HARDENING_MODE\=_LIBCPP_HARDENING_MODE_DEBUG -swift-version 6 -I /Users/yingpengwang/.codex/worktrees/w2-resume/creator-platform/tmp/w2-native-20261001/DerivedData/Build/Products/Debug-iphonesimulator -F /Users/yingpengwang/.codex/worktrees/w2-resume/creator-platform/tmp/w2-native-20261001/DerivedData/Build/Products/Debug-iphonesimulator/PackageFrameworks -F /Users/yingpengwang/.codex/worktrees/w2-resume/creator-platform/tmp/w2-native-20261001/DerivedData/Build/Products/Debug-iphonesimulator -parse-as-library -c -j16 -enable-batch-mode -incremental -Xcc -ivfsstatcache -Xcc /Users/yingpengwang/.codex/worktrees/w2-resume/creator-platform/tmp/w2-native-20261001/DerivedData/SDKStatCaches.noindex/iphonesimulator26.5-23F73-6cfe768891a92b912361537c460fe42b.sdkstatcache -output-file-map /Users/yingpengwang/.codex/worktrees/w2-resume/creator-platform/tmp/w2-native-20261001/DerivedData/Build/Intermediates.noindex/QelvoraApp.build/Debug-iphonesimulator/QelvoraApp.build/Objects-normal/arm64/QelvoraApp-OutputFileMap.json -use-frontend-parseable-output -save-temps -no-color-diagnostics -explicit-module-build -module-cache-path /Users/yingpengwang/.codex/worktrees/w2-resume/creator-platform/tmp/w2-native-20261001/DerivedData/Build/Intermediates.noindex/SwiftExplicitPrecompiledModules -clang-scanner-module-cache-path /Users/yingpengwang/.codex/worktrees/w2-resume/creator-platform/tmp/w2-native-20261001/DerivedData/ModuleCache.noindex -sdk-module-cache-path /Users/yingpengwang/.codex/worktrees/w2-resume/creator-platform/tmp/w2-native-20261001/DerivedData/ModuleCache.noindex -serialize-diagnostics -emit-dependencies -emit-module -emit-module-path /Users/yingpengwang/.codex/worktrees/w2-resume/creator-platform/tmp/w2-native-20261001/DerivedData/Build/Intermediates.noindex/QelvoraApp.build/Debug-iphonesimulator/QelvoraApp.build/Objects-normal/arm64/QelvoraApp.swiftmodule -validate-clang-modules-once -clang-build-session-file /Users/yingpengwang/.codex/worktrees/w2-resume/creator-platform/tmp/w2-native-20261001/DerivedData/ModuleCache.noindex/Session.modulevalidation -Xcc -I/Users/yingpengwang/.codex/worktrees/w2-resume/creator-platform/tmp/w2-native-20261001/DerivedData/Build/Intermediates.noindex/QelvoraApp.build/Debug-iphonesimulator/QelvoraApp.build/swift-overrides.hmap -emit-const-values -Xfrontend -const-gather-protocols-file -Xfrontend /Users/yingpengwang/.codex/worktrees/w2-resume/creator-platform/tmp/w2-native-20261001/DerivedData/Build/Intermediates.noindex/QelvoraApp.build/Debug-iphonesimulator/QelvoraApp.build/Objects-normal/arm64/QelvoraApp_const_extract_protocols.json -Xcc -iquote -Xcc /Users/yingpengwang/.codex/worktrees/w2-resume/creator-platform/tmp/w2-native-20261001/DerivedData/Build/Intermediates.noindex/QelvoraApp.build/Debug-iphonesimulator/QelvoraApp.build/QelvoraApp-generated-files.hmap -Xcc -I/Users/yingpengwang/.codex/worktrees/w2-resume/creator-platform/tmp/w2-native-20261001/DerivedData/Build/Intermediates.noindex/QelvoraApp.build/Debug-iphonesimulator/QelvoraApp.build/QelvoraApp-own-target-headers.hmap -Xcc -I/Users/yingpengwang/.codex/worktrees/w2-resume/creator-platform/tmp/w2-native-20261001/DerivedData/Build/Intermediates.noindex/QelvoraApp.build/Debug-iphonesimulator/QelvoraApp.build/QelvoraApp-all-non-framework-target-headers.hmap -Xcc -ivfsoverlay -Xcc /Users/yingpengwang/.codex/worktrees/w2-resume/creator-platform/tmp/w2-native-20261001/DerivedData/Build/Intermediates.noindex/QelvoraApp.build/Debug-iphonesimulator/QelvoraApp-29b244ef777fcfbcbef7f347c6fce175-VFS-iphonesimulator/all-product-headers.yaml -Xcc -iquote -Xcc /Users/yingpengwang/.codex/worktrees/w2-resume/creator-platform/tmp/w2-native-20261001/DerivedData/Build/Intermediates.noindex/QelvoraApp.build/Debug-iphonesimulator/QelvoraApp.build/QelvoraApp-project-headers.hmap -Xcc -I/Users/yingpengwang/.codex/worktrees/w2-resume/creator-platform/tmp/w2-native-20261001/DerivedData/Build/Products/Debug-iphonesimulator/include -Xcc -I/Users/yingpengwang/.codex/worktrees/w2-resume/creator-platform/tmp/w2-native-20261001/DerivedData/Build/Intermediates.noindex/QelvoraApp.build/Debug-iphonesimulator/QelvoraApp.build/DerivedSources-normal/arm64 -Xcc -I/Users/yingpengwang/.codex/worktrees/w2-resume/creator-platform/tmp/w2-native-20261001/DerivedData/Build/Intermediates.noindex/QelvoraApp.build/Debug-iphonesimulator/QelvoraApp.build/DerivedSources/arm64 -Xcc -I/Users/yingpengwang/.codex/worktrees/w2-resume/creator-platform/tmp/w2-native-20261001/DerivedData/Build/Intermediates.noindex/QelvoraApp.build/Debug-iphonesimulator/QelvoraApp.build/DerivedSources -Xcc -DDEBUG\=1 -emit-objc-header -emit-objc-header-path /Users/yingpengwang/.codex/worktrees/w2-resume/creator-platform/tmp/w2-native-20261001/DerivedData/Build/Intermediates.noindex/QelvoraApp.build/Debug-iphonesimulator/QelvoraApp.build/Objects-normal/arm64/QelvoraApp-Swift.h -working-directory /Users/yingpengwang/.codex/worktrees/w2-resume/creator-platform/apps/ios -experimental-emit-module-separately -disable-cmo

SwiftExplicitDependencyGeneratePcm x86_64 /Users/yingpengwang/.codex/worktrees/w2-resume/creator-platform/tmp/w2-native-20261001/DerivedData/ModuleCache.noindex/MediaToolbox-EHPHIDOC2G48A5CDVPCCR1CBF.pcm

Copy /Users/yingpengwang/.codex/worktrees/w2-resume/creator-platform/tmp/w2-native-20261001/DerivedData/Build/Products/Debug-iphonesimulator/QelvoraApp.swiftmodule/arm64-apple-ios-simulator.swiftmodule /Users/yingpengwang/.codex/worktrees/w2-resume/creator-platform/tmp/w2-native-20261001/DerivedData/Build/Intermediates.noindex/QelvoraApp.build/Debug-iphonesimulator/QelvoraApp.build/Objects-normal/arm64/QelvoraApp.swiftmodule (in target 'QelvoraApp' from project 'QelvoraApp')
    cd /Users/yingpengwang/.codex/worktrees/w2-resume/creator-platform/apps/ios
    builtin-copy -exclude .DS_Store -exclude CVS -exclude .svn -exclude .git -exclude .hg -resolve-src-symlinks -rename /Users/yingpengwang/.codex/worktrees/w2-resume/creator-platform/tmp/w2-native-20261001/DerivedData/Build/Intermediates.noindex/QelvoraApp.build/Debug-iphonesimulator/QelvoraApp.build/Objects-normal/arm64/QelvoraApp.swiftmodule /Users/yingpengwang/.codex/worktrees/w2-resume/creator-platform/tmp/w2-native-20261001/DerivedData/Build/Products/Debug-iphonesimulator/QelvoraApp.swiftmodule/arm64-apple-ios-simulator.swiftmodule

Copy /Users/yingpengwang/.codex/worktrees/w2-resume/creator-platform/tmp/w2-native-20261001/DerivedData/Build/Products/Debug-iphonesimulator/QelvoraApp.swiftmodule/arm64-apple-ios-simulator.swiftdoc /Users/yingpengwang/.codex/worktrees/w2-resume/creator-platform/tmp/w2-native-20261001/DerivedData/Build/Intermediates.noindex/QelvoraApp.build/Debug-iphonesimulator/QelvoraApp.build/Objects-normal/arm64/QelvoraApp.swiftdoc (in target 'QelvoraApp' from project 'QelvoraApp')
    cd /Users/yingpengwang/.codex/worktrees/w2-resume/creator-platform/apps/ios
    builtin-copy -exclude .DS_Store -exclude CVS -exclude .svn -exclude .git -exclude .hg -resolve-src-symlinks -rename /Users/yingpengwang/.codex/worktrees/w2-resume/creator-platform/tmp/w2-native-20261001/DerivedData/Build/Intermediates.noindex/QelvoraApp.build/Debug-iphonesimulator/QelvoraApp.build/Objects-normal/arm64/QelvoraApp.swiftdoc /Users/yingpengwang/.codex/worktrees/w2-resume/creator-platform/tmp/w2-native-20261001/DerivedData/Build/Products/Debug-iphonesimulator/QelvoraApp.swiftmodule/arm64-apple-ios-simulator.swiftdoc

Copy /Users/yingpengwang/.codex/worktrees/w2-resume/creator-platform/tmp/w2-native-20261001/DerivedData/Build/Products/Debug-iphonesimulator/QelvoraApp.swiftmodule/arm64-apple-ios-simulator.abi.json /Users/yingpengwang/.codex/worktrees/w2-resume/creator-platform/tmp/w2-native-20261001/DerivedData/Build/Intermediates.noindex/QelvoraApp.build/Debug-iphonesimulator/QelvoraApp.build/Objects-normal/arm64/QelvoraApp.abi.json (in target 'QelvoraApp' from project 'QelvoraApp')
    cd /Users/yingpengwang/.codex/worktrees/w2-resume/creator-platform/apps/ios
    builtin-copy -exclude .DS_Store -exclude CVS -exclude .svn -exclude .git -exclude .hg -resolve-src-symlinks -rename /Users/yingpengwang/.codex/worktrees/w2-resume/creator-platform/tmp/w2-native-20261001/DerivedData/Build/Intermediates.noindex/QelvoraApp.build/Debug-iphonesimulator/QelvoraApp.build/Objects-normal/arm64/QelvoraApp.abi.json /Users/yingpengwang/.codex/worktrees/w2-resume/creator-platform/tmp/w2-native-20261001/DerivedData/Build/Products/Debug-iphonesimulator/QelvoraApp.swiftmodule/arm64-apple-ios-simulator.abi.json

Copy /Users/yingpengwang/.codex/worktrees/w2-resume/creator-platform/tmp/w2-native-20261001/DerivedData/Build/Products/Debug-iphonesimulator/QelvoraApp.swiftmodule/Project/arm64-apple-ios-simulator.swiftsourceinfo /Users/yingpengwang/.codex/worktrees/w2-resume/creator-platform/tmp/w2-native-20261001/DerivedData/Build/Intermediates.noindex/QelvoraApp.build/Debug-iphonesimulator/QelvoraApp.build/Objects-normal/arm64/QelvoraApp.swiftsourceinfo (in target 'QelvoraApp' from project 'QelvoraApp')
    cd /Users/yingpengwang/.codex/worktrees/w2-resume/creator-platform/apps/ios
    builtin-copy -exclude .DS_Store -exclude CVS -exclude .svn -exclude .git -exclude .hg -resolve-src-symlinks -rename /Users/yingpengwang/.codex/worktrees/w2-resume/creator-platform/tmp/w2-native-20261001/DerivedData/Build/Intermediates.noindex/QelvoraApp.build/Debug-iphonesimulator/QelvoraApp.build/Objects-normal/arm64/QelvoraApp.swiftsourceinfo /Users/yingpengwang/.codex/worktrees/w2-resume/creator-platform/tmp/w2-native-20261001/DerivedData/Build/Products/Debug-iphonesimulator/QelvoraApp.swiftmodule/Project/arm64-apple-ios-simulator.swiftsourceinfo

SwiftExplicitDependencyGeneratePcm x86_64 /Users/yingpengwang/.codex/worktrees/w2-resume/creator-platform/tmp/w2-native-20261001/DerivedData/ModuleCache.noindex/AVFoundation-3U6SQ7P1QNXKRMQF7SU0AB90A.pcm

SwiftExplicitDependencyGeneratePcm x86_64 /Users/yingpengwang/.codex/worktrees/w2-resume/creator-platform/tmp/w2-native-20261001/DerivedData/ModuleCache.noindex/SwiftUICore-APHWGH5LKC4GHPV50L6K38LRA.pcm

SwiftCompile normal arm64 Compiling\ QelvoraApp.swift /Users/yingpengwang/.codex/worktrees/w2-resume/creator-platform/apps/ios/App/QelvoraApp.swift (in target 'QelvoraApp' from project 'QelvoraApp')
SwiftCompile normal arm64 /Users/yingpengwang/.codex/worktrees/w2-resume/creator-platform/apps/ios/App/QelvoraApp.swift (in target 'QelvoraApp' from project 'QelvoraApp')
    cd /Users/yingpengwang/.codex/worktrees/w2-resume/creator-platform/apps/ios
    

SwiftExplicitDependencyGeneratePcm x86_64 /Users/yingpengwang/.codex/worktrees/w2-resume/creator-platform/tmp/w2-native-20261001/DerivedData/ModuleCache.noindex/AuthenticationServices-9FMJNG8LPGHQ1EYIPR3ZG83NN.pcm

SwiftExplicitDependencyGeneratePcm x86_64 /Users/yingpengwang/.codex/worktrees/w2-resume/creator-platform/tmp/w2-native-20261001/DerivedData/ModuleCache.noindex/StoreKit-BSAVQMYTWZOVSAH5BN7M97IM6.pcm

SwiftExplicitDependencyGeneratePcm x86_64 /Users/yingpengwang/.codex/worktrees/w2-resume/creator-platform/tmp/w2-native-20261001/DerivedData/ModuleCache.noindex/SwiftUI-4UX6ZE0MURZ0IOJWVB3JAKRLC.pcm

SwiftEmitModule normal x86_64 Emitting\ module\ for\ QelvoraApp (in target 'QelvoraApp' from project 'QelvoraApp')
SwiftCompile normal x86_64 /Users/yingpengwang/.codex/worktrees/w2-resume/creator-platform/apps/ios/App/QelvoraApp.swift (in target 'QelvoraApp' from project 'QelvoraApp')
    cd /Users/yingpengwang/.codex/worktrees/w2-resume/creator-platform/apps/ios
    

SwiftDriverJobDiscovery normal arm64 Compiling QelvoraApp.swift (in target 'QelvoraApp' from project 'QelvoraApp')

SwiftCompile normal x86_64 Compiling\ QelvoraApp.swift /Users/yingpengwang/.codex/worktrees/w2-resume/creator-platform/apps/ios/App/QelvoraApp.swift (in target 'QelvoraApp' from project 'QelvoraApp')
SwiftCompile normal x86_64 /Users/yingpengwang/.codex/worktrees/w2-resume/creator-platform/apps/ios/App/QelvoraApp.swift (in target 'QelvoraApp' from project 'QelvoraApp')
    cd /Users/yingpengwang/.codex/worktrees/w2-resume/creator-platform/apps/ios
    

SwiftDriverJobDiscovery normal x86_64 Emitting module for QelvoraApp (in target 'QelvoraApp' from project 'QelvoraApp')

SwiftDriver\ Compilation QelvoraApp normal arm64 com.apple.xcode.tools.swift.compiler (in target 'QelvoraApp' from project 'QelvoraApp')
    cd /Users/yingpengwang/.codex/worktrees/w2-resume/creator-platform/apps/ios
    builtin-Swift-Compilation -- /Applications/Xcode.app/Contents/Developer/Toolchains/XcodeDefault.xctoolchain/usr/bin/swiftc -module-name QelvoraApp -Onone @/Users/yingpengwang/.codex/worktrees/w2-resume/creator-platform/tmp/w2-native-20261001/DerivedData/Build/Intermediates.noindex/QelvoraApp.build/Debug-iphonesimulator/QelvoraApp.build/Objects-normal/arm64/QelvoraApp.SwiftFileList -DDEBUG -enable-experimental-feature DebugDescriptionMacro -sdk /Applications/Xcode.app/Contents/Developer/Platforms/iPhoneSimulator.platform/Developer/SDKs/iPhoneSimulator26.5.sdk -target arm64-apple-ios17.0-simulator -g -module-cache-path /Users/yingpengwang/.codex/worktrees/w2-resume/creator-platform/tmp/w2-native-20261001/DerivedData/ModuleCache.noindex -Xfrontend -serialize-debugging-options -enable-testing -index-store-path /Users/yingpengwang/.codex/worktrees/w2-resume/creator-platform/tmp/w2-native-20261001/DerivedData/Index.noindex/DataStore -Xcc -D_LIBCPP_HARDENING_MODE\=_LIBCPP_HARDENING_MODE_DEBUG -swift-version 6 -I /Users/yingpengwang/.codex/worktrees/w2-resume/creator-platform/tmp/w2-native-20261001/DerivedData/Build/Products/Debug-iphonesimulator -F /Users/yingpengwang/.codex/worktrees/w2-resume/creator-platform/tmp/w2-native-20261001/DerivedData/Build/Products/Debug-iphonesimulator/PackageFrameworks -F /Users/yingpengwang/.codex/worktrees/w2-resume/creator-platform/tmp/w2-native-20261001/DerivedData/Build/Products/Debug-iphonesimulator -parse-as-library -c -j16 -enable-batch-mode -incremental -Xcc -ivfsstatcache -Xcc /Users/yingpengwang/.codex/worktrees/w2-resume/creator-platform/tmp/w2-native-20261001/DerivedData/SDKStatCaches.noindex/iphonesimulator26.5-23F73-6cfe768891a92b912361537c460fe42b.sdkstatcache -output-file-map /Users/yingpengwang/.codex/worktrees/w2-resume/creator-platform/tmp/w2-native-20261001/DerivedData/Build/Intermediates.noindex/QelvoraApp.build/Debug-iphonesimulator/QelvoraApp.build/Objects-normal/arm64/QelvoraApp-OutputFileMap.json -use-frontend-parseable-output -save-temps -no-color-diagnostics -explicit-module-build -module-cache-path /Users/yingpengwang/.codex/worktrees/w2-resume/creator-platform/tmp/w2-native-20261001/DerivedData/Build/Intermediates.noindex/SwiftExplicitPrecompiledModules -clang-scanner-module-cache-path /Users/yingpengwang/.codex/worktrees/w2-resume/creator-platform/tmp/w2-native-20261001/DerivedData/ModuleCache.noindex -sdk-module-cache-path /Users/yingpengwang/.codex/worktrees/w2-resume/creator-platform/tmp/w2-native-20261001/DerivedData/ModuleCache.noindex -serialize-diagnostics -emit-dependencies -emit-module -emit-module-path /Users/yingpengwang/.codex/worktrees/w2-resume/creator-platform/tmp/w2-native-20261001/DerivedData/Build/Intermediates.noindex/QelvoraApp.build/Debug-iphonesimulator/QelvoraApp.build/Objects-normal/arm64/QelvoraApp.swiftmodule -validate-clang-modules-once -clang-build-session-file /Users/yingpengwang/.codex/worktrees/w2-resume/creator-platform/tmp/w2-native-20261001/DerivedData/ModuleCache.noindex/Session.modulevalidation -Xcc -I/Users/yingpengwang/.codex/worktrees/w2-resume/creator-platform/tmp/w2-native-20261001/DerivedData/Build/Intermediates.noindex/QelvoraApp.build/Debug-iphonesimulator/QelvoraApp.build/swift-overrides.hmap -emit-const-values -Xfrontend -const-gather-protocols-file -Xfrontend /Users/yingpengwang/.codex/worktrees/w2-resume/creator-platform/tmp/w2-native-20261001/DerivedData/Build/Intermediates.noindex/QelvoraApp.build/Debug-iphonesimulator/QelvoraApp.build/Objects-normal/arm64/QelvoraApp_const_extract_protocols.json -Xcc -iquote -Xcc /Users/yingpengwang/.codex/worktrees/w2-resume/creator-platform/tmp/w2-native-20261001/DerivedData/Build/Intermediates.noindex/QelvoraApp.build/Debug-iphonesimulator/QelvoraApp.build/QelvoraApp-generated-files.hmap -Xcc -I/Users/yingpengwang/.codex/worktrees/w2-resume/creator-platform/tmp/w2-native-20261001/DerivedData/Build/Intermediates.noindex/QelvoraApp.build/Debug-iphonesimulator/QelvoraApp.build/QelvoraApp-own-target-headers.hmap -Xcc -I/Users/yingpengwang/.codex/worktrees/w2-resume/creator-platform/tmp/w2-native-20261001/DerivedData/Build/Intermediates.noindex/QelvoraApp.build/Debug-iphonesimulator/QelvoraApp.build/QelvoraApp-all-non-framework-target-headers.hmap -Xcc -ivfsoverlay -Xcc /Users/yingpengwang/.codex/worktrees/w2-resume/creator-platform/tmp/w2-native-20261001/DerivedData/Build/Intermediates.noindex/QelvoraApp.build/Debug-iphonesimulator/QelvoraApp-29b244ef777fcfbcbef7f347c6fce175-VFS-iphonesimulator/all-product-headers.yaml -Xcc -iquote -Xcc /Users/yingpengwang/.codex/worktrees/w2-resume/creator-platform/tmp/w2-native-20261001/DerivedData/Build/Intermediates.noindex/QelvoraApp.build/Debug-iphonesimulator/QelvoraApp.build/QelvoraApp-project-headers.hmap -Xcc -I/Users/yingpengwang/.codex/worktrees/w2-resume/creator-platform/tmp/w2-native-20261001/DerivedData/Build/Products/Debug-iphonesimulator/include -Xcc -I/Users/yingpengwang/.codex/worktrees/w2-resume/creator-platform/tmp/w2-native-20261001/DerivedData/Build/Intermediates.noindex/QelvoraApp.build/Debug-iphonesimulator/QelvoraApp.build/DerivedSources-normal/arm64 -Xcc -I/Users/yingpengwang/.codex/worktrees/w2-resume/creator-platform/tmp/w2-native-20261001/DerivedData/Build/Intermediates.noindex/QelvoraApp.build/Debug-iphonesimulator/QelvoraApp.build/DerivedSources/arm64 -Xcc -I/Users/yingpengwang/.codex/worktrees/w2-resume/creator-platform/tmp/w2-native-20261001/DerivedData/Build/Intermediates.noindex/QelvoraApp.build/Debug-iphonesimulator/QelvoraApp.build/DerivedSources -Xcc -DDEBUG\=1 -emit-objc-header -emit-objc-header-path /Users/yingpengwang/.codex/worktrees/w2-resume/creator-platform/tmp/w2-native-20261001/DerivedData/Build/Intermediates.noindex/QelvoraApp.build/Debug-iphonesimulator/QelvoraApp.build/Objects-normal/arm64/QelvoraApp-Swift.h -working-directory /Users/yingpengwang/.codex/worktrees/w2-resume/creator-platform/apps/ios -experimental-emit-module-separately -disable-cmo

SwiftDriver\ Compilation\ Requirements QelvoraApp normal x86_64 com.apple.xcode.tools.swift.compiler (in target 'QelvoraApp' from project 'QelvoraApp')
    cd /Users/yingpengwang/.codex/worktrees/w2-resume/creator-platform/apps/ios
    builtin-Swift-Compilation-Requirements -- /Applications/Xcode.app/Contents/Developer/Toolchains/XcodeDefault.xctoolchain/usr/bin/swiftc -module-name QelvoraApp -Onone @/Users/yingpengwang/.codex/worktrees/w2-resume/creator-platform/tmp/w2-native-20261001/DerivedData/Build/Intermediates.noindex/QelvoraApp.build/Debug-iphonesimulator/QelvoraApp.build/Objects-normal/x86_64/QelvoraApp.SwiftFileList -DDEBUG -enable-experimental-feature DebugDescriptionMacro -sdk /Applications/Xcode.app/Contents/Developer/Platforms/iPhoneSimulator.platform/Developer/SDKs/iPhoneSimulator26.5.sdk -target x86_64-apple-ios17.0-simulator -g -module-cache-path /Users/yingpengwang/.codex/worktrees/w2-resume/creator-platform/tmp/w2-native-20261001/DerivedData/ModuleCache.noindex -Xfrontend -serialize-debugging-options -enable-testing -index-store-path /Users/yingpengwang/.codex/worktrees/w2-resume/creator-platform/tmp/w2-native-20261001/DerivedData/Index.noindex/DataStore -Xcc -D_LIBCPP_HARDENING_MODE\=_LIBCPP_HARDENING_MODE_DEBUG -swift-version 6 -I /Users/yingpengwang/.codex/worktrees/w2-resume/creator-platform/tmp/w2-native-20261001/DerivedData/Build/Products/Debug-iphonesimulator -F /Users/yingpengwang/.codex/worktrees/w2-resume/creator-platform/tmp/w2-native-20261001/DerivedData/Build/Products/Debug-iphonesimulator/PackageFrameworks -F /Users/yingpengwang/.codex/worktrees/w2-resume/creator-platform/tmp/w2-native-20261001/DerivedData/Build/Products/Debug-iphonesimulator -parse-as-library -c -j16 -enable-batch-mode -incremental -Xcc -ivfsstatcache -Xcc /Users/yingpengwang/.codex/worktrees/w2-resume/creator-platform/tmp/w2-native-20261001/DerivedData/SDKStatCaches.noindex/iphonesimulator26.5-23F73-6cfe768891a92b912361537c460fe42b.sdkstatcache -output-file-map /Users/yingpengwang/.codex/worktrees/w2-resume/creator-platform/tmp/w2-native-20261001/DerivedData/Build/Intermediates.noindex/QelvoraApp.build/Debug-iphonesimulator/QelvoraApp.build/Objects-normal/x86_64/QelvoraApp-OutputFileMap.json -use-frontend-parseable-output -save-temps -no-color-diagnostics -explicit-module-build -module-cache-path /Users/yingpengwang/.codex/worktrees/w2-resume/creator-platform/tmp/w2-native-20261001/DerivedData/Build/Intermediates.noindex/SwiftExplicitPrecompiledModules -clang-scanner-module-cache-path /Users/yingpengwang/.codex/worktrees/w2-resume/creator-platform/tmp/w2-native-20261001/DerivedData/ModuleCache.noindex -sdk-module-cache-path /Users/yingpengwang/.codex/worktrees/w2-resume/creator-platform/tmp/w2-native-20261001/DerivedData/ModuleCache.noindex -serialize-diagnostics -emit-dependencies -emit-module -emit-module-path /Users/yingpengwang/.codex/worktrees/w2-resume/creator-platform/tmp/w2-native-20261001/DerivedData/Build/Intermediates.noindex/QelvoraApp.build/Debug-iphonesimulator/QelvoraApp.build/Objects-normal/x86_64/QelvoraApp.swiftmodule -validate-clang-modules-once -clang-build-session-file /Users/yingpengwang/.codex/worktrees/w2-resume/creator-platform/tmp/w2-native-20261001/DerivedData/ModuleCache.noindex/Session.modulevalidation -Xcc -I/Users/yingpengwang/.codex/worktrees/w2-resume/creator-platform/tmp/w2-native-20261001/DerivedData/Build/Intermediates.noindex/QelvoraApp.build/Debug-iphonesimulator/QelvoraApp.build/swift-overrides.hmap -emit-const-values -Xfrontend -const-gather-protocols-file -Xfrontend /Users/yingpengwang/.codex/worktrees/w2-resume/creator-platform/tmp/w2-native-20261001/DerivedData/Build/Intermediates.noindex/QelvoraApp.build/Debug-iphonesimulator/QelvoraApp.build/Objects-normal/x86_64/QelvoraApp_const_extract_protocols.json -Xcc -iquote -Xcc /Users/yingpengwang/.codex/worktrees/w2-resume/creator-platform/tmp/w2-native-20261001/DerivedData/Build/Intermediates.noindex/QelvoraApp.build/Debug-iphonesimulator/QelvoraApp.build/QelvoraApp-generated-files.hmap -Xcc -I/Users/yingpengwang/.codex/worktrees/w2-resume/creator-platform/tmp/w2-native-20261001/DerivedData/Build/Intermediates.noindex/QelvoraApp.build/Debug-iphonesimulator/QelvoraApp.build/QelvoraApp-own-target-headers.hmap -Xcc -I/Users/yingpengwang/.codex/worktrees/w2-resume/creator-platform/tmp/w2-native-20261001/DerivedData/Build/Intermediates.noindex/QelvoraApp.build/Debug-iphonesimulator/QelvoraApp.build/QelvoraApp-all-non-framework-target-headers.hmap -Xcc -ivfsoverlay -Xcc /Users/yingpengwang/.codex/worktrees/w2-resume/creator-platform/tmp/w2-native-20261001/DerivedData/Build/Intermediates.noindex/QelvoraApp.build/Debug-iphonesimulator/QelvoraApp-29b244ef777fcfbcbef7f347c6fce175-VFS-iphonesimulator/all-product-headers.yaml -Xcc -iquote -Xcc /Users/yingpengwang/.codex/worktrees/w2-resume/creator-platform/tmp/w2-native-20261001/DerivedData/Build/Intermediates.noindex/QelvoraApp.build/Debug-iphonesimulator/QelvoraApp.build/QelvoraApp-project-headers.hmap -Xcc -I/Users/yingpengwang/.codex/worktrees/w2-resume/creator-platform/tmp/w2-native-20261001/DerivedData/Build/Products/Debug-iphonesimulator/include -Xcc -I/Users/yingpengwang/.codex/worktrees/w2-resume/creator-platform/tmp/w2-native-20261001/DerivedData/Build/Intermediates.noindex/QelvoraApp.build/Debug-iphonesimulator/QelvoraApp.build/DerivedSources-normal/x86_64 -Xcc -I/Users/yingpengwang/.codex/worktrees/w2-resume/creator-platform/tmp/w2-native-20261001/DerivedData/Build/Intermediates.noindex/QelvoraApp.build/Debug-iphonesimulator/QelvoraApp.build/DerivedSources/x86_64 -Xcc -I/Users/yingpengwang/.codex/worktrees/w2-resume/creator-platform/tmp/w2-native-20261001/DerivedData/Build/Intermediates.noindex/QelvoraApp.build/Debug-iphonesimulator/QelvoraApp.build/DerivedSources -Xcc -DDEBUG\=1 -emit-objc-header -emit-objc-header-path /Users/yingpengwang/.codex/worktrees/w2-resume/creator-platform/tmp/w2-native-20261001/DerivedData/Build/Intermediates.noindex/QelvoraApp.build/Debug-iphonesimulator/QelvoraApp.build/Objects-normal/x86_64/QelvoraApp-Swift.h -working-directory /Users/yingpengwang/.codex/worktrees/w2-resume/creator-platform/apps/ios -experimental-emit-module-separately -disable-cmo

SwiftMergeGeneratedHeaders /Users/yingpengwang/.codex/worktrees/w2-resume/creator-platform/tmp/w2-native-20261001/DerivedData/Build/Intermediates.noindex/QelvoraApp.build/Debug-iphonesimulator/QelvoraApp.build/DerivedSources/QelvoraApp-Swift.h /Users/yingpengwang/.codex/worktrees/w2-resume/creator-platform/tmp/w2-native-20261001/DerivedData/Build/Intermediates.noindex/QelvoraApp.build/Debug-iphonesimulator/QelvoraApp.build/Objects-normal/arm64/QelvoraApp-Swift.h /Users/yingpengwang/.codex/worktrees/w2-resume/creator-platform/tmp/w2-native-20261001/DerivedData/Build/Intermediates.noindex/QelvoraApp.build/Debug-iphonesimulator/QelvoraApp.build/Objects-normal/x86_64/QelvoraApp-Swift.h (in target 'QelvoraApp' from project 'QelvoraApp')
    cd /Users/yingpengwang/.codex/worktrees/w2-resume/creator-platform/apps/ios
    builtin-swiftHeaderTool -arch arm64 /Users/yingpengwang/.codex/worktrees/w2-resume/creator-platform/tmp/w2-native-20261001/DerivedData/Build/Intermediates.noindex/QelvoraApp.build/Debug-iphonesimulator/QelvoraApp.build/Objects-normal/arm64/QelvoraApp-Swift.h -arch x86_64 /Users/yingpengwang/.codex/worktrees/w2-resume/creator-platform/tmp/w2-native-20261001/DerivedData/Build/Intermediates.noindex/QelvoraApp.build/Debug-iphonesimulator/QelvoraApp.build/Objects-normal/x86_64/QelvoraApp-Swift.h -o /Users/yingpengwang/.codex/worktrees/w2-resume/creator-platform/tmp/w2-native-20261001/DerivedData/Build/Intermediates.noindex/QelvoraApp.build/Debug-iphonesimulator/QelvoraApp.build/DerivedSources/QelvoraApp-Swift.h

Copy /Users/yingpengwang/.codex/worktrees/w2-resume/creator-platform/tmp/w2-native-20261001/DerivedData/Build/Products/Debug-iphonesimulator/QelvoraApp.swiftmodule/x86_64-apple-ios-simulator.swiftmodule /Users/yingpengwang/.codex/worktrees/w2-resume/creator-platform/tmp/w2-native-20261001/DerivedData/Build/Intermediates.noindex/QelvoraApp.build/Debug-iphonesimulator/QelvoraApp.build/Objects-normal/x86_64/QelvoraApp.swiftmodule (in target 'QelvoraApp' from project 'QelvoraApp')
    cd /Users/yingpengwang/.codex/worktrees/w2-resume/creator-platform/apps/ios
    builtin-copy -exclude .DS_Store -exclude CVS -exclude .svn -exclude .git -exclude .hg -resolve-src-symlinks -rename /Users/yingpengwang/.codex/worktrees/w2-resume/creator-platform/tmp/w2-native-20261001/DerivedData/Build/Intermediates.noindex/QelvoraApp.build/Debug-iphonesimulator/QelvoraApp.build/Objects-normal/x86_64/QelvoraApp.swiftmodule /Users/yingpengwang/.codex/worktrees/w2-resume/creator-platform/tmp/w2-native-20261001/DerivedData/Build/Products/Debug-iphonesimulator/QelvoraApp.swiftmodule/x86_64-apple-ios-simulator.swiftmodule

Copy /Users/yingpengwang/.codex/worktrees/w2-resume/creator-platform/tmp/w2-native-20261001/DerivedData/Build/Products/Debug-iphonesimulator/QelvoraApp.swiftmodule/x86_64-apple-ios-simulator.swiftdoc /Users/yingpengwang/.codex/worktrees/w2-resume/creator-platform/tmp/w2-native-20261001/DerivedData/Build/Intermediates.noindex/QelvoraApp.build/Debug-iphonesimulator/QelvoraApp.build/Objects-normal/x86_64/QelvoraApp.swiftdoc (in target 'QelvoraApp' from project 'QelvoraApp')
    cd /Users/yingpengwang/.codex/worktrees/w2-resume/creator-platform/apps/ios
    builtin-copy -exclude .DS_Store -exclude CVS -exclude .svn -exclude .git -exclude .hg -resolve-src-symlinks -rename /Users/yingpengwang/.codex/worktrees/w2-resume/creator-platform/tmp/w2-native-20261001/DerivedData/Build/Intermediates.noindex/QelvoraApp.build/Debug-iphonesimulator/QelvoraApp.build/Objects-normal/x86_64/QelvoraApp.swiftdoc /Users/yingpengwang/.codex/worktrees/w2-resume/creator-platform/tmp/w2-native-20261001/DerivedData/Build/Products/Debug-iphonesimulator/QelvoraApp.swiftmodule/x86_64-apple-ios-simulator.swiftdoc

Copy /Users/yingpengwang/.codex/worktrees/w2-resume/creator-platform/tmp/w2-native-20261001/DerivedData/Build/Products/Debug-iphonesimulator/QelvoraApp.swiftmodule/x86_64-apple-ios-simulator.abi.json /Users/yingpengwang/.codex/worktrees/w2-resume/creator-platform/tmp/w2-native-20261001/DerivedData/Build/Intermediates.noindex/QelvoraApp.build/Debug-iphonesimulator/QelvoraApp.build/Objects-normal/x86_64/QelvoraApp.abi.json (in target 'QelvoraApp' from project 'QelvoraApp')
    cd /Users/yingpengwang/.codex/worktrees/w2-resume/creator-platform/apps/ios
    builtin-copy -exclude .DS_Store -exclude CVS -exclude .svn -exclude .git -exclude .hg -resolve-src-symlinks -rename /Users/yingpengwang/.codex/worktrees/w2-resume/creator-platform/tmp/w2-native-20261001/DerivedData/Build/Intermediates.noindex/QelvoraApp.build/Debug-iphonesimulator/QelvoraApp.build/Objects-normal/x86_64/QelvoraApp.abi.json /Users/yingpengwang/.codex/worktrees/w2-resume/creator-platform/tmp/w2-native-20261001/DerivedData/Build/Products/Debug-iphonesimulator/QelvoraApp.swiftmodule/x86_64-apple-ios-simulator.abi.json

Copy /Users/yingpengwang/.codex/worktrees/w2-resume/creator-platform/tmp/w2-native-20261001/DerivedData/Build/Products/Debug-iphonesimulator/QelvoraApp.swiftmodule/Project/x86_64-apple-ios-simulator.swiftsourceinfo /Users/yingpengwang/.codex/worktrees/w2-resume/creator-platform/tmp/w2-native-20261001/DerivedData/Build/Intermediates.noindex/QelvoraApp.build/Debug-iphonesimulator/QelvoraApp.build/Objects-normal/x86_64/QelvoraApp.swiftsourceinfo (in target 'QelvoraApp' from project 'QelvoraApp')
    cd /Users/yingpengwang/.codex/worktrees/w2-resume/creator-platform/apps/ios
    builtin-copy -exclude .DS_Store -exclude CVS -exclude .svn -exclude .git -exclude .hg -resolve-src-symlinks -rename /Users/yingpengwang/.codex/worktrees/w2-resume/creator-platform/tmp/w2-native-20261001/DerivedData/Build/Intermediates.noindex/QelvoraApp.build/Debug-iphonesimulator/QelvoraApp.build/Objects-normal/x86_64/QelvoraApp.swiftsourceinfo /Users/yingpengwang/.codex/worktrees/w2-resume/creator-platform/tmp/w2-native-20261001/DerivedData/Build/Products/Debug-iphonesimulator/QelvoraApp.swiftmodule/Project/x86_64-apple-ios-simulator.swiftsourceinfo

CodeSign /Users/yingpengwang/.codex/worktrees/w2-resume/creator-platform/tmp/w2-native-20261001/DerivedData/Build/Products/Debug-iphonesimulator/QelvoraUI.o (in target 'QelvoraUI' from project 'QelvoraNative')
    cd /Users/yingpengwang/.codex/worktrees/w2-resume/creator-platform/apps/ios
    
    Signing Identity:     "Sign to Run Locally"
    
    /usr/bin/codesign --force --sign - --timestamp\=none --generate-entitlement-der /Users/yingpengwang/.codex/worktrees/w2-resume/creator-platform/tmp/w2-native-20261001/DerivedData/Build/Products/Debug-iphonesimulator/QelvoraUI.o

RegisterExecutionPolicyException /Users/yingpengwang/.codex/worktrees/w2-resume/creator-platform/tmp/w2-native-20261001/DerivedData/Build/Products/Debug-iphonesimulator/QelvoraUI.o (in target 'QelvoraUI' from project 'QelvoraNative')
    cd /Users/yingpengwang/.codex/worktrees/w2-resume/creator-platform/apps/ios
    builtin-RegisterExecutionPolicyException /Users/yingpengwang/.codex/worktrees/w2-resume/creator-platform/tmp/w2-native-20261001/DerivedData/Build/Products/Debug-iphonesimulator/QelvoraUI.o

Copy /Users/yingpengwang/.codex/worktrees/w2-resume/creator-platform/tmp/w2-native-20261001/DerivedData/Build/Products/Debug-iphonesimulator/QelvoraApp.app/QelvoraNative_QelvoraUI.bundle /Users/yingpengwang/.codex/worktrees/w2-resume/creator-platform/tmp/w2-native-20261001/DerivedData/Build/Products/Debug-iphonesimulator/QelvoraNative_QelvoraUI.bundle (in target 'QelvoraApp' from project 'QelvoraApp')
    cd /Users/yingpengwang/.codex/worktrees/w2-resume/creator-platform/apps/ios
    builtin-copy -exclude .DS_Store -exclude CVS -exclude .svn -exclude .git -exclude .hg -resolve-src-symlinks /Users/yingpengwang/.codex/worktrees/w2-resume/creator-platform/tmp/w2-native-20261001/DerivedData/Build/Products/Debug-iphonesimulator/QelvoraNative_QelvoraUI.bundle /Users/yingpengwang/.codex/worktrees/w2-resume/creator-platform/tmp/w2-native-20261001/DerivedData/Build/Products/Debug-iphonesimulator/QelvoraApp.app

Ld /Users/yingpengwang/.codex/worktrees/w2-resume/creator-platform/tmp/w2-native-20261001/DerivedData/Build/Intermediates.noindex/QelvoraApp.build/Debug-iphonesimulator/QelvoraApp.build/Objects-normal/x86_64/Binary/__preview.dylib normal x86_64 (in target 'QelvoraApp' from project 'QelvoraApp')
    cd /Users/yingpengwang/.codex/worktrees/w2-resume/creator-platform/apps/ios
    /Applications/Xcode.app/Contents/Developer/Toolchains/XcodeDefault.xctoolchain/usr/bin/clang -Xlinker -reproducible -target x86_64-apple-ios17.0-simulator -dynamiclib -isysroot /Applications/Xcode.app/Contents/Developer/Platforms/iPhoneSimulator.platform/Developer/SDKs/iPhoneSimulator26.5.sdk -O0 -L/Users/yingpengwang/.codex/worktrees/w2-resume/creator-platform/tmp/w2-native-20261001/DerivedData/Build/Products/Debug-iphonesimulator -F/Users/yingpengwang/.codex/worktrees/w2-resume/creator-platform/tmp/w2-native-20261001/DerivedData/Build/Products/Debug-iphonesimulator/PackageFrameworks -F/Users/yingpengwang/.codex/worktrees/w2-resume/creator-platform/tmp/w2-native-20261001/DerivedData/Build/Products/Debug-iphonesimulator -install_name @rpath/QelvoraApp.debug.dylib -Xlinker -dead_strip -rdynamic -Xlinker -no_deduplicate -Xlinker -objc_abi_version -Xlinker 2 -Xlinker -dependency_info -Xlinker /Users/yingpengwang/.codex/worktrees/w2-resume/creator-platform/tmp/w2-native-20261001/DerivedData/Build/Intermediates.noindex/QelvoraApp.build/Debug-iphonesimulator/QelvoraApp.build/Objects-normal/x86_64/QelvoraApp_dependency_info.dat -Xlinker -sectcreate -Xlinker __TEXT -Xlinker __entitlements -Xlinker /Users/yingpengwang/.codex/worktrees/w2-resume/creator-platform/tmp/w2-native-20261001/DerivedData/Build/Intermediates.noindex/QelvoraApp.build/Debug-iphonesimulator/QelvoraApp.build/QelvoraApp.app-Simulated.xcent -Xlinker -sectcreate -Xlinker __TEXT -Xlinker __ents_der -Xlinker /Users/yingpengwang/.codex/worktrees/w2-resume/creator-platform/tmp/w2-native-20261001/DerivedData/Build/Intermediates.noindex/QelvoraApp.build/Debug-iphonesimulator/QelvoraApp.build/QelvoraApp.app-Simulated.xcent.der -Xlinker -no_adhoc_codesign -o /Users/yingpengwang/.codex/worktrees/w2-resume/creator-platform/tmp/w2-native-20261001/DerivedData/Build/Intermediates.noindex/QelvoraApp.build/Debug-iphonesimulator/QelvoraApp.build/Objects-normal/x86_64/Binary/__preview.dylib

Ld /Users/yingpengwang/.codex/worktrees/w2-resume/creator-platform/tmp/w2-native-20261001/DerivedData/Build/Intermediates.noindex/QelvoraApp.build/Debug-iphonesimulator/QelvoraApp.build/Objects-normal/arm64/Binary/__preview.dylib normal arm64 (in target 'QelvoraApp' from project 'QelvoraApp')
    cd /Users/yingpengwang/.codex/worktrees/w2-resume/creator-platform/apps/ios
    /Applications/Xcode.app/Contents/Developer/Toolchains/XcodeDefault.xctoolchain/usr/bin/clang -Xlinker -reproducible -target arm64-apple-ios17.0-simulator -dynamiclib -isysroot /Applications/Xcode.app/Contents/Developer/Platforms/iPhoneSimulator.platform/Developer/SDKs/iPhoneSimulator26.5.sdk -O0 -L/Users/yingpengwang/.codex/worktrees/w2-resume/creator-platform/tmp/w2-native-20261001/DerivedData/Build/Products/Debug-iphonesimulator -F/Users/yingpengwang/.codex/worktrees/w2-resume/creator-platform/tmp/w2-native-20261001/DerivedData/Build/Products/Debug-iphonesimulator/PackageFrameworks -F/Users/yingpengwang/.codex/worktrees/w2-resume/creator-platform/tmp/w2-native-20261001/DerivedData/Build/Products/Debug-iphonesimulator -install_name @rpath/QelvoraApp.debug.dylib -Xlinker -dead_strip -rdynamic -Xlinker -no_deduplicate -Xlinker -objc_abi_version -Xlinker 2 -Xlinker -dependency_info -Xlinker /Users/yingpengwang/.codex/worktrees/w2-resume/creator-platform/tmp/w2-native-20261001/DerivedData/Build/Intermediates.noindex/QelvoraApp.build/Debug-iphonesimulator/QelvoraApp.build/Objects-normal/arm64/QelvoraApp_dependency_info.dat -Xlinker -sectcreate -Xlinker __TEXT -Xlinker __entitlements -Xlinker /Users/yingpengwang/.codex/worktrees/w2-resume/creator-platform/tmp/w2-native-20261001/DerivedData/Build/Intermediates.noindex/QelvoraApp.build/Debug-iphonesimulator/QelvoraApp.build/QelvoraApp.app-Simulated.xcent -Xlinker -sectcreate -Xlinker __TEXT -Xlinker __ents_der -Xlinker /Users/yingpengwang/.codex/worktrees/w2-resume/creator-platform/tmp/w2-native-20261001/DerivedData/Build/Intermediates.noindex/QelvoraApp.build/Debug-iphonesimulator/QelvoraApp.build/QelvoraApp.app-Simulated.xcent.der -Xlinker -no_adhoc_codesign -o /Users/yingpengwang/.codex/worktrees/w2-resume/creator-platform/tmp/w2-native-20261001/DerivedData/Build/Intermediates.noindex/QelvoraApp.build/Debug-iphonesimulator/QelvoraApp.build/Objects-normal/arm64/Binary/__preview.dylib

Ld /Users/yingpengwang/.codex/worktrees/w2-resume/creator-platform/tmp/w2-native-20261001/DerivedData/Build/Intermediates.noindex/QelvoraApp.build/Debug-iphonesimulator/QelvoraApp.build/Objects-normal/arm64/Binary/QelvoraApp.debug.dylib normal arm64 (in target 'QelvoraApp' from project 'QelvoraApp')
    cd /Users/yingpengwang/.codex/worktrees/w2-resume/creator-platform/apps/ios
    /Applications/Xcode.app/Contents/Developer/Toolchains/XcodeDefault.xctoolchain/usr/bin/clang -Xlinker -reproducible -target arm64-apple-ios17.0-simulator -dynamiclib -isysroot /Applications/Xcode.app/Contents/Developer/Platforms/iPhoneSimulator.platform/Developer/SDKs/iPhoneSimulator26.5.sdk -O0 -L/Users/yingpengwang/.codex/worktrees/w2-resume/creator-platform/tmp/w2-native-20261001/DerivedData/Build/Intermediates.noindex/EagerLinkingTBDs/Debug-iphonesimulator -L/Users/yingpengwang/.codex/worktrees/w2-resume/creator-platform/tmp/w2-native-20261001/DerivedData/Build/Products/Debug-iphonesimulator -F/Users/yingpengwang/.codex/worktrees/w2-resume/creator-platform/tmp/w2-native-20261001/DerivedData/Build/Intermediates.noindex/EagerLinkingTBDs/Debug-iphonesimulator -F/Users/yingpengwang/.codex/worktrees/w2-resume/creator-platform/tmp/w2-native-20261001/DerivedData/Build/Products/Debug-iphonesimulator/PackageFrameworks -F/Users/yingpengwang/.codex/worktrees/w2-resume/creator-platform/tmp/w2-native-20261001/DerivedData/Build/Products/Debug-iphonesimulator -filelist /Users/yingpengwang/.codex/worktrees/w2-resume/creator-platform/tmp/w2-native-20261001/DerivedData/Build/Intermediates.noindex/QelvoraApp.build/Debug-iphonesimulator/QelvoraApp.build/Objects-normal/arm64/QelvoraApp.LinkFileList -install_name @rpath/QelvoraApp.debug.dylib -Xlinker -rpath -Xlinker /usr/lib/swift -Xlinker -rpath -Xlinker /Users/yingpengwang/.codex/worktrees/w2-resume/creator-platform/tmp/w2-native-20261001/DerivedData/Build/Products/Debug-iphonesimulator/PackageFrameworks -Xlinker -rpath -Xlinker @executable_path/Frameworks -Xlinker -dead_strip -Xlinker -object_path_lto -Xlinker /Users/yingpengwang/.codex/worktrees/w2-resume/creator-platform/tmp/w2-native-20261001/DerivedData/Build/Intermediates.noindex/QelvoraApp.build/Debug-iphonesimulator/QelvoraApp.build/Objects-normal/arm64/QelvoraApp_lto.o -rdynamic -Xlinker -no_deduplicate -Xlinker -objc_abi_version -Xlinker 2 -Xlinker -dependency_info -Xlinker /Users/yingpengwang/.codex/worktrees/w2-resume/creator-platform/tmp/w2-native-20261001/DerivedData/Build/Intermediates.noindex/QelvoraApp.build/Debug-iphonesimulator/QelvoraApp.build/Objects-normal/arm64/QelvoraApp_dependency_info.dat -fobjc-link-runtime -L/Applications/Xcode.app/Contents/Developer/Toolchains/XcodeDefault.xctoolchain/usr/lib/swift/iphonesimulator -L/usr/lib/swift -Xlinker -add_ast_path -Xlinker /Users/yingpengwang/.codex/worktrees/w2-resume/creator-platform/tmp/w2-native-20261001/DerivedData/Build/Intermediates.noindex/QelvoraApp.build/Debug-iphonesimulator/QelvoraApp.build/Objects-normal/arm64/QelvoraApp.swiftmodule @/Users/yingpengwang/.codex/worktrees/w2-resume/creator-platform/tmp/w2-native-20261001/DerivedData/Build/Intermediates.noindex/QelvoraApp.build/Debug-iphonesimulator/QelvoraApp.build/Objects-normal/arm64/QelvoraApp-linker-args.resp -Wl,-no_warn_duplicate_libraries -Xlinker -alias -Xlinker _main -Xlinker ___debug_main_executable_dylib_entry_point -Xlinker -no_adhoc_codesign -o /Users/yingpengwang/.codex/worktrees/w2-resume/creator-platform/tmp/w2-native-20261001/DerivedData/Build/Intermediates.noindex/QelvoraApp.build/Debug-iphonesimulator/QelvoraApp.build/Objects-normal/arm64/Binary/QelvoraApp.debug.dylib -Xlinker -add_ast_path -Xlinker /Users/yingpengwang/.codex/worktrees/w2-resume/creator-platform/tmp/w2-native-20261001/DerivedData/Build/Intermediates.noindex/QelvoraNative.build/Debug-iphonesimulator/QelvoraUI.build/Objects-normal/arm64/QelvoraUI.swiftmodule @/Users/yingpengwang/.codex/worktrees/w2-resume/creator-platform/tmp/w2-native-20261001/DerivedData/Build/Intermediates.noindex/QelvoraNative.build/Debug-iphonesimulator/QelvoraUI.build/Objects-normal/arm64/QelvoraUI-linker-args.resp

ProcessInfoPlistFile /Users/yingpengwang/.codex/worktrees/w2-resume/creator-platform/tmp/w2-native-20261001/DerivedData/Build/Products/Debug-iphonesimulator/QelvoraApp.app/Info.plist /Users/yingpengwang/.codex/worktrees/w2-resume/creator-platform/apps/ios/App/Info.plist (in target 'QelvoraApp' from project 'QelvoraApp')
    cd /Users/yingpengwang/.codex/worktrees/w2-resume/creator-platform/apps/ios
    builtin-infoPlistUtility /Users/yingpengwang/.codex/worktrees/w2-resume/creator-platform/apps/ios/App/Info.plist -producttype com.apple.product-type.application -genpkginfo /Users/yingpengwang/.codex/worktrees/w2-resume/creator-platform/tmp/w2-native-20261001/DerivedData/Build/Products/Debug-iphonesimulator/QelvoraApp.app/PkgInfo -expandbuildsettings -format binary -platform iphonesimulator -scanforprivacyfile /Users/yingpengwang/.codex/worktrees/w2-resume/creator-platform/tmp/w2-native-20261001/DerivedData/Build/Products/Debug-iphonesimulator/QelvoraApp.app/QelvoraNative_QelvoraUI.bundle -o /Users/yingpengwang/.codex/worktrees/w2-resume/creator-platform/tmp/w2-native-20261001/DerivedData/Build/Products/Debug-iphonesimulator/QelvoraApp.app/Info.plist

SwiftDriverJobDiscovery normal x86_64 Compiling QelvoraApp.swift (in target 'QelvoraApp' from project 'QelvoraApp')

CreateUniversalBinary /Users/yingpengwang/.codex/worktrees/w2-resume/creator-platform/tmp/w2-native-20261001/DerivedData/Build/Products/Debug-iphonesimulator/QelvoraApp.app/__preview.dylib normal arm64\ x86_64 (in target 'QelvoraApp' from project 'QelvoraApp')
    cd /Users/yingpengwang/.codex/worktrees/w2-resume/creator-platform/apps/ios
    /Applications/Xcode.app/Contents/Developer/Toolchains/XcodeDefault.xctoolchain/usr/bin/lipo -create /Users/yingpengwang/.codex/worktrees/w2-resume/creator-platform/tmp/w2-native-20261001/DerivedData/Build/Intermediates.noindex/QelvoraApp.build/Debug-iphonesimulator/QelvoraApp.build/Objects-normal/arm64/Binary/__preview.dylib /Users/yingpengwang/.codex/worktrees/w2-resume/creator-platform/tmp/w2-native-20261001/DerivedData/Build/Intermediates.noindex/QelvoraApp.build/Debug-iphonesimulator/QelvoraApp.build/Objects-normal/x86_64/Binary/__preview.dylib -output /Users/yingpengwang/.codex/worktrees/w2-resume/creator-platform/tmp/w2-native-20261001/DerivedData/Build/Products/Debug-iphonesimulator/QelvoraApp.app/__preview.dylib

SwiftDriver\ Compilation QelvoraApp normal x86_64 com.apple.xcode.tools.swift.compiler (in target 'QelvoraApp' from project 'QelvoraApp')
    cd /Users/yingpengwang/.codex/worktrees/w2-resume/creator-platform/apps/ios
    builtin-Swift-Compilation -- /Applications/Xcode.app/Contents/Developer/Toolchains/XcodeDefault.xctoolchain/usr/bin/swiftc -module-name QelvoraApp -Onone @/Users/yingpengwang/.codex/worktrees/w2-resume/creator-platform/tmp/w2-native-20261001/DerivedData/Build/Intermediates.noindex/QelvoraApp.build/Debug-iphonesimulator/QelvoraApp.build/Objects-normal/x86_64/QelvoraApp.SwiftFileList -DDEBUG -enable-experimental-feature DebugDescriptionMacro -sdk /Applications/Xcode.app/Contents/Developer/Platforms/iPhoneSimulator.platform/Developer/SDKs/iPhoneSimulator26.5.sdk -target x86_64-apple-ios17.0-simulator -g -module-cache-path /Users/yingpengwang/.codex/worktrees/w2-resume/creator-platform/tmp/w2-native-20261001/DerivedData/ModuleCache.noindex -Xfrontend -serialize-debugging-options -enable-testing -index-store-path /Users/yingpengwang/.codex/worktrees/w2-resume/creator-platform/tmp/w2-native-20261001/DerivedData/Index.noindex/DataStore -Xcc -D_LIBCPP_HARDENING_MODE\=_LIBCPP_HARDENING_MODE_DEBUG -swift-version 6 -I /Users/yingpengwang/.codex/worktrees/w2-resume/creator-platform/tmp/w2-native-20261001/DerivedData/Build/Products/Debug-iphonesimulator -F /Users/yingpengwang/.codex/worktrees/w2-resume/creator-platform/tmp/w2-native-20261001/DerivedData/Build/Products/Debug-iphonesimulator/PackageFrameworks -F /Users/yingpengwang/.codex/worktrees/w2-resume/creator-platform/tmp/w2-native-20261001/DerivedData/Build/Products/Debug-iphonesimulator -parse-as-library -c -j16 -enable-batch-mode -incremental -Xcc -ivfsstatcache -Xcc /Users/yingpengwang/.codex/worktrees/w2-resume/creator-platform/tmp/w2-native-20261001/DerivedData/SDKStatCaches.noindex/iphonesimulator26.5-23F73-6cfe768891a92b912361537c460fe42b.sdkstatcache -output-file-map /Users/yingpengwang/.codex/worktrees/w2-resume/creator-platform/tmp/w2-native-20261001/DerivedData/Build/Intermediates.noindex/QelvoraApp.build/Debug-iphonesimulator/QelvoraApp.build/Objects-normal/x86_64/QelvoraApp-OutputFileMap.json -use-frontend-parseable-output -save-temps -no-color-diagnostics -explicit-module-build -module-cache-path /Users/yingpengwang/.codex/worktrees/w2-resume/creator-platform/tmp/w2-native-20261001/DerivedData/Build/Intermediates.noindex/SwiftExplicitPrecompiledModules -clang-scanner-module-cache-path /Users/yingpengwang/.codex/worktrees/w2-resume/creator-platform/tmp/w2-native-20261001/DerivedData/ModuleCache.noindex -sdk-module-cache-path /Users/yingpengwang/.codex/worktrees/w2-resume/creator-platform/tmp/w2-native-20261001/DerivedData/ModuleCache.noindex -serialize-diagnostics -emit-dependencies -emit-module -emit-module-path /Users/yingpengwang/.codex/worktrees/w2-resume/creator-platform/tmp/w2-native-20261001/DerivedData/Build/Intermediates.noindex/QelvoraApp.build/Debug-iphonesimulator/QelvoraApp.build/Objects-normal/x86_64/QelvoraApp.swiftmodule -validate-clang-modules-once -clang-build-session-file /Users/yingpengwang/.codex/worktrees/w2-resume/creator-platform/tmp/w2-native-20261001/DerivedData/ModuleCache.noindex/Session.modulevalidation -Xcc -I/Users/yingpengwang/.codex/worktrees/w2-resume/creator-platform/tmp/w2-native-20261001/DerivedData/Build/Intermediates.noindex/QelvoraApp.build/Debug-iphonesimulator/QelvoraApp.build/swift-overrides.hmap -emit-const-values -Xfrontend -const-gather-protocols-file -Xfrontend /Users/yingpengwang/.codex/worktrees/w2-resume/creator-platform/tmp/w2-native-20261001/DerivedData/Build/Intermediates.noindex/QelvoraApp.build/Debug-iphonesimulator/QelvoraApp.build/Objects-normal/x86_64/QelvoraApp_const_extract_protocols.json -Xcc -iquote -Xcc /Users/yingpengwang/.codex/worktrees/w2-resume/creator-platform/tmp/w2-native-20261001/DerivedData/Build/Intermediates.noindex/QelvoraApp.build/Debug-iphonesimulator/QelvoraApp.build/QelvoraApp-generated-files.hmap -Xcc -I/Users/yingpengwang/.codex/worktrees/w2-resume/creator-platform/tmp/w2-native-20261001/DerivedData/Build/Intermediates.noindex/QelvoraApp.build/Debug-iphonesimulator/QelvoraApp.build/QelvoraApp-own-target-headers.hmap -Xcc -I/Users/yingpengwang/.codex/worktrees/w2-resume/creator-platform/tmp/w2-native-20261001/DerivedData/Build/Intermediates.noindex/QelvoraApp.build/Debug-iphonesimulator/QelvoraApp.build/QelvoraApp-all-non-framework-target-headers.hmap -Xcc -ivfsoverlay -Xcc /Users/yingpengwang/.codex/worktrees/w2-resume/creator-platform/tmp/w2-native-20261001/DerivedData/Build/Intermediates.noindex/QelvoraApp.build/Debug-iphonesimulator/QelvoraApp-29b244ef777fcfbcbef7f347c6fce175-VFS-iphonesimulator/all-product-headers.yaml -Xcc -iquote -Xcc /Users/yingpengwang/.codex/worktrees/w2-resume/creator-platform/tmp/w2-native-20261001/DerivedData/Build/Intermediates.noindex/QelvoraApp.build/Debug-iphonesimulator/QelvoraApp.build/QelvoraApp-project-headers.hmap -Xcc -I/Users/yingpengwang/.codex/worktrees/w2-resume/creator-platform/tmp/w2-native-20261001/DerivedData/Build/Products/Debug-iphonesimulator/include -Xcc -I/Users/yingpengwang/.codex/worktrees/w2-resume/creator-platform/tmp/w2-native-20261001/DerivedData/Build/Intermediates.noindex/QelvoraApp.build/Debug-iphonesimulator/QelvoraApp.build/DerivedSources-normal/x86_64 -Xcc -I/Users/yingpengwang/.codex/worktrees/w2-resume/creator-platform/tmp/w2-native-20261001/DerivedData/Build/Intermediates.noindex/QelvoraApp.build/Debug-iphonesimulator/QelvoraApp.build/DerivedSources/x86_64 -Xcc -I/Users/yingpengwang/.codex/worktrees/w2-resume/creator-platform/tmp/w2-native-20261001/DerivedData/Build/Intermediates.noindex/QelvoraApp.build/Debug-iphonesimulator/QelvoraApp.build/DerivedSources -Xcc -DDEBUG\=1 -emit-objc-header -emit-objc-header-path /Users/yingpengwang/.codex/worktrees/w2-resume/creator-platform/tmp/w2-native-20261001/DerivedData/Build/Intermediates.noindex/QelvoraApp.build/Debug-iphonesimulator/QelvoraApp.build/Objects-normal/x86_64/QelvoraApp-Swift.h -working-directory /Users/yingpengwang/.codex/worktrees/w2-resume/creator-platform/apps/ios -experimental-emit-module-separately -disable-cmo

Ld /Users/yingpengwang/.codex/worktrees/w2-resume/creator-platform/tmp/w2-native-20261001/DerivedData/Build/Intermediates.noindex/QelvoraApp.build/Debug-iphonesimulator/QelvoraApp.build/Objects-normal/x86_64/Binary/QelvoraApp.debug.dylib normal x86_64 (in target 'QelvoraApp' from project 'QelvoraApp')
    cd /Users/yingpengwang/.codex/worktrees/w2-resume/creator-platform/apps/ios
    /Applications/Xcode.app/Contents/Developer/Toolchains/XcodeDefault.xctoolchain/usr/bin/clang -Xlinker -reproducible -target x86_64-apple-ios17.0-simulator -dynamiclib -isysroot /Applications/Xcode.app/Contents/Developer/Platforms/iPhoneSimulator.platform/Developer/SDKs/iPhoneSimulator26.5.sdk -O0 -L/Users/yingpengwang/.codex/worktrees/w2-resume/creator-platform/tmp/w2-native-20261001/DerivedData/Build/Intermediates.noindex/EagerLinkingTBDs/Debug-iphonesimulator -L/Users/yingpengwang/.codex/worktrees/w2-resume/creator-platform/tmp/w2-native-20261001/DerivedData/Build/Products/Debug-iphonesimulator -F/Users/yingpengwang/.codex/worktrees/w2-resume/creator-platform/tmp/w2-native-20261001/DerivedData/Build/Intermediates.noindex/EagerLinkingTBDs/Debug-iphonesimulator -F/Users/yingpengwang/.codex/worktrees/w2-resume/creator-platform/tmp/w2-native-20261001/DerivedData/Build/Products/Debug-iphonesimulator/PackageFrameworks -F/Users/yingpengwang/.codex/worktrees/w2-resume/creator-platform/tmp/w2-native-20261001/DerivedData/Build/Products/Debug-iphonesimulator -filelist /Users/yingpengwang/.codex/worktrees/w2-resume/creator-platform/tmp/w2-native-20261001/DerivedData/Build/Intermediates.noindex/QelvoraApp.build/Debug-iphonesimulator/QelvoraApp.build/Objects-normal/x86_64/QelvoraApp.LinkFileList -install_name @rpath/QelvoraApp.debug.dylib -Xlinker -rpath -Xlinker /usr/lib/swift -Xlinker -rpath -Xlinker /Users/yingpengwang/.codex/worktrees/w2-resume/creator-platform/tmp/w2-native-20261001/DerivedData/Build/Products/Debug-iphonesimulator/PackageFrameworks -Xlinker -rpath -Xlinker @executable_path/Frameworks -Xlinker -dead_strip -Xlinker -object_path_lto -Xlinker /Users/yingpengwang/.codex/worktrees/w2-resume/creator-platform/tmp/w2-native-20261001/DerivedData/Build/Intermediates.noindex/QelvoraApp.build/Debug-iphonesimulator/QelvoraApp.build/Objects-normal/x86_64/QelvoraApp_lto.o -rdynamic -Xlinker -no_deduplicate -Xlinker -objc_abi_version -Xlinker 2 -Xlinker -dependency_info -Xlinker /Users/yingpengwang/.codex/worktrees/w2-resume/creator-platform/tmp/w2-native-20261001/DerivedData/Build/Intermediates.noindex/QelvoraApp.build/Debug-iphonesimulator/QelvoraApp.build/Objects-normal/x86_64/QelvoraApp_dependency_info.dat -fobjc-link-runtime -L/Applications/Xcode.app/Contents/Developer/Toolchains/XcodeDefault.xctoolchain/usr/lib/swift/iphonesimulator -L/usr/lib/swift -Xlinker -add_ast_path -Xlinker /Users/yingpengwang/.codex/worktrees/w2-resume/creator-platform/tmp/w2-native-20261001/DerivedData/Build/Intermediates.noindex/QelvoraApp.build/Debug-iphonesimulator/QelvoraApp.build/Objects-normal/x86_64/QelvoraApp.swiftmodule @/Users/yingpengwang/.codex/worktrees/w2-resume/creator-platform/tmp/w2-native-20261001/DerivedData/Build/Intermediates.noindex/QelvoraApp.build/Debug-iphonesimulator/QelvoraApp.build/Objects-normal/x86_64/QelvoraApp-linker-args.resp -Wl,-no_warn_duplicate_libraries -Xlinker -alias -Xlinker _main -Xlinker ___debug_main_executable_dylib_entry_point -Xlinker -no_adhoc_codesign -o /Users/yingpengwang/.codex/worktrees/w2-resume/creator-platform/tmp/w2-native-20261001/DerivedData/Build/Intermediates.noindex/QelvoraApp.build/Debug-iphonesimulator/QelvoraApp.build/Objects-normal/x86_64/Binary/QelvoraApp.debug.dylib -Xlinker -add_ast_path -Xlinker /Users/yingpengwang/.codex/worktrees/w2-resume/creator-platform/tmp/w2-native-20261001/DerivedData/Build/Intermediates.noindex/QelvoraNative.build/Debug-iphonesimulator/QelvoraUI.build/Objects-normal/x86_64/QelvoraUI.swiftmodule @/Users/yingpengwang/.codex/worktrees/w2-resume/creator-platform/tmp/w2-native-20261001/DerivedData/Build/Intermediates.noindex/QelvoraNative.build/Debug-iphonesimulator/QelvoraUI.build/Objects-normal/x86_64/QelvoraUI-linker-args.resp

ConstructStubExecutorLinkFileList /Users/yingpengwang/.codex/worktrees/w2-resume/creator-platform/tmp/w2-native-20261001/DerivedData/Build/Intermediates.noindex/QelvoraApp.build/Debug-iphonesimulator/QelvoraApp.build/QelvoraApp-ExecutorLinkFileList-normal-arm64.txt (in target 'QelvoraApp' from project 'QelvoraApp')
    cd /Users/yingpengwang/.codex/worktrees/w2-resume/creator-platform/apps/ios
    construct-stub-executor-link-file-list /Users/yingpengwang/.codex/worktrees/w2-resume/creator-platform/tmp/w2-native-20261001/DerivedData/Build/Intermediates.noindex/QelvoraApp.build/Debug-iphonesimulator/QelvoraApp.build/Objects-normal/arm64/Binary/QelvoraApp.debug.dylib /Applications/Xcode.app/Contents/Developer/Platforms/iPhoneSimulator.platform/Developer/usr/lib/libPreviewsJITStubExecutor_no_swift_entry_point.a /Applications/Xcode.app/Contents/Developer/Platforms/iPhoneSimulator.platform/Developer/usr/lib/libPreviewsJITStubExecutor.a --output /Users/yingpengwang/.codex/worktrees/w2-resume/creator-platform/tmp/w2-native-20261001/DerivedData/Build/Intermediates.noindex/QelvoraApp.build/Debug-iphonesimulator/QelvoraApp.build/QelvoraApp-ExecutorLinkFileList-normal-arm64.txt
note: Using stub executor library with Swift entry point. (in target 'QelvoraApp' from project 'QelvoraApp')

Ld /Users/yingpengwang/.codex/worktrees/w2-resume/creator-platform/tmp/w2-native-20261001/DerivedData/Build/Intermediates.noindex/QelvoraApp.build/Debug-iphonesimulator/QelvoraApp.build/Objects-normal/arm64/Binary/QelvoraApp normal arm64 (in target 'QelvoraApp' from project 'QelvoraApp')
    cd /Users/yingpengwang/.codex/worktrees/w2-resume/creator-platform/apps/ios
    /Applications/Xcode.app/Contents/Developer/Toolchains/XcodeDefault.xctoolchain/usr/bin/clang -Xlinker -reproducible -target arm64-apple-ios17.0-simulator -isysroot /Applications/Xcode.app/Contents/Developer/Platforms/iPhoneSimulator.platform/Developer/SDKs/iPhoneSimulator26.5.sdk -O0 -L/Users/yingpengwang/.codex/worktrees/w2-resume/creator-platform/tmp/w2-native-20261001/DerivedData/Build/Products/Debug-iphonesimulator -F/Users/yingpengwang/.codex/worktrees/w2-resume/creator-platform/tmp/w2-native-20261001/DerivedData/Build/Products/Debug-iphonesimulator/PackageFrameworks -F/Users/yingpengwang/.codex/worktrees/w2-resume/creator-platform/tmp/w2-native-20261001/DerivedData/Build/Products/Debug-iphonesimulator -Xlinker -rpath -Xlinker @executable_path -Xlinker -rpath -Xlinker /Users/yingpengwang/.codex/worktrees/w2-resume/creator-platform/tmp/w2-native-20261001/DerivedData/Build/Products/Debug-iphonesimulator/PackageFrameworks -Xlinker -rpath -Xlinker @executable_path/Frameworks -rdynamic -Xlinker -no_deduplicate -Xlinker -objc_abi_version -Xlinker 2 -e ___debug_blank_executor_main -Xlinker -sectcreate -Xlinker __TEXT -Xlinker __debug_dylib -Xlinker /Users/yingpengwang/.codex/worktrees/w2-resume/creator-platform/tmp/w2-native-20261001/DerivedData/Build/Intermediates.noindex/QelvoraApp.build/Debug-iphonesimulator/QelvoraApp.build/QelvoraApp-DebugDylibPath-normal-arm64.txt -Xlinker -sectcreate -Xlinker __TEXT -Xlinker __debug_instlnm -Xlinker /Users/yingpengwang/.codex/worktrees/w2-resume/creator-platform/tmp/w2-native-20261001/DerivedData/Build/Intermediates.noindex/QelvoraApp.build/Debug-iphonesimulator/QelvoraApp.build/QelvoraApp-DebugDylibInstallName-normal-arm64.txt -Xlinker -filelist -Xlinker /Users/yingpengwang/.codex/worktrees/w2-resume/creator-platform/tmp/w2-native-20261001/DerivedData/Build/Intermediates.noindex/QelvoraApp.build/Debug-iphonesimulator/QelvoraApp.build/QelvoraApp-ExecutorLinkFileList-normal-arm64.txt -Xlinker -sectcreate -Xlinker __TEXT -Xlinker __entitlements -Xlinker /Users/yingpengwang/.codex/worktrees/w2-resume/creator-platform/tmp/w2-native-20261001/DerivedData/Build/Intermediates.noindex/QelvoraApp.build/Debug-iphonesimulator/QelvoraApp.build/QelvoraApp.app-Simulated.xcent -Xlinker -sectcreate -Xlinker __TEXT -Xlinker __ents_der -Xlinker /Users/yingpengwang/.codex/worktrees/w2-resume/creator-platform/tmp/w2-native-20261001/DerivedData/Build/Intermediates.noindex/QelvoraApp.build/Debug-iphonesimulator/QelvoraApp.build/QelvoraApp.app-Simulated.xcent.der /Users/yingpengwang/.codex/worktrees/w2-resume/creator-platform/tmp/w2-native-20261001/DerivedData/Build/Intermediates.noindex/QelvoraApp.build/Debug-iphonesimulator/QelvoraApp.build/Objects-normal/arm64/Binary/QelvoraApp.debug.dylib -Xlinker -no_adhoc_codesign -o /Users/yingpengwang/.codex/worktrees/w2-resume/creator-platform/tmp/w2-native-20261001/DerivedData/Build/Intermediates.noindex/QelvoraApp.build/Debug-iphonesimulator/QelvoraApp.build/Objects-normal/arm64/Binary/QelvoraApp

ConstructStubExecutorLinkFileList /Users/yingpengwang/.codex/worktrees/w2-resume/creator-platform/tmp/w2-native-20261001/DerivedData/Build/Intermediates.noindex/QelvoraApp.build/Debug-iphonesimulator/QelvoraApp.build/QelvoraApp-ExecutorLinkFileList-normal-x86_64.txt (in target 'QelvoraApp' from project 'QelvoraApp')
    cd /Users/yingpengwang/.codex/worktrees/w2-resume/creator-platform/apps/ios
    construct-stub-executor-link-file-list /Users/yingpengwang/.codex/worktrees/w2-resume/creator-platform/tmp/w2-native-20261001/DerivedData/Build/Intermediates.noindex/QelvoraApp.build/Debug-iphonesimulator/QelvoraApp.build/Objects-normal/x86_64/Binary/QelvoraApp.debug.dylib /Applications/Xcode.app/Contents/Developer/Platforms/iPhoneSimulator.platform/Developer/usr/lib/libPreviewsJITStubExecutor_no_swift_entry_point.a /Applications/Xcode.app/Contents/Developer/Platforms/iPhoneSimulator.platform/Developer/usr/lib/libPreviewsJITStubExecutor.a --output /Users/yingpengwang/.codex/worktrees/w2-resume/creator-platform/tmp/w2-native-20261001/DerivedData/Build/Intermediates.noindex/QelvoraApp.build/Debug-iphonesimulator/QelvoraApp.build/QelvoraApp-ExecutorLinkFileList-normal-x86_64.txt
note: Using stub executor library with Swift entry point. (in target 'QelvoraApp' from project 'QelvoraApp')

CreateUniversalBinary /Users/yingpengwang/.codex/worktrees/w2-resume/creator-platform/tmp/w2-native-20261001/DerivedData/Build/Products/Debug-iphonesimulator/QelvoraApp.app/QelvoraApp.debug.dylib normal arm64\ x86_64 (in target 'QelvoraApp' from project 'QelvoraApp')
    cd /Users/yingpengwang/.codex/worktrees/w2-resume/creator-platform/apps/ios
    /Applications/Xcode.app/Contents/Developer/Toolchains/XcodeDefault.xctoolchain/usr/bin/lipo -create /Users/yingpengwang/.codex/worktrees/w2-resume/creator-platform/tmp/w2-native-20261001/DerivedData/Build/Intermediates.noindex/QelvoraApp.build/Debug-iphonesimulator/QelvoraApp.build/Objects-normal/arm64/Binary/QelvoraApp.debug.dylib /Users/yingpengwang/.codex/worktrees/w2-resume/creator-platform/tmp/w2-native-20261001/DerivedData/Build/Intermediates.noindex/QelvoraApp.build/Debug-iphonesimulator/QelvoraApp.build/Objects-normal/x86_64/Binary/QelvoraApp.debug.dylib -output /Users/yingpengwang/.codex/worktrees/w2-resume/creator-platform/tmp/w2-native-20261001/DerivedData/Build/Products/Debug-iphonesimulator/QelvoraApp.app/QelvoraApp.debug.dylib

Ld /Users/yingpengwang/.codex/worktrees/w2-resume/creator-platform/tmp/w2-native-20261001/DerivedData/Build/Intermediates.noindex/QelvoraApp.build/Debug-iphonesimulator/QelvoraApp.build/Objects-normal/x86_64/Binary/QelvoraApp normal x86_64 (in target 'QelvoraApp' from project 'QelvoraApp')
    cd /Users/yingpengwang/.codex/worktrees/w2-resume/creator-platform/apps/ios
    /Applications/Xcode.app/Contents/Developer/Toolchains/XcodeDefault.xctoolchain/usr/bin/clang -Xlinker -reproducible -target x86_64-apple-ios17.0-simulator -isysroot /Applications/Xcode.app/Contents/Developer/Platforms/iPhoneSimulator.platform/Developer/SDKs/iPhoneSimulator26.5.sdk -O0 -L/Users/yingpengwang/.codex/worktrees/w2-resume/creator-platform/tmp/w2-native-20261001/DerivedData/Build/Products/Debug-iphonesimulator -F/Users/yingpengwang/.codex/worktrees/w2-resume/creator-platform/tmp/w2-native-20261001/DerivedData/Build/Products/Debug-iphonesimulator/PackageFrameworks -F/Users/yingpengwang/.codex/worktrees/w2-resume/creator-platform/tmp/w2-native-20261001/DerivedData/Build/Products/Debug-iphonesimulator -Xlinker -rpath -Xlinker @executable_path -Xlinker -rpath -Xlinker /Users/yingpengwang/.codex/worktrees/w2-resume/creator-platform/tmp/w2-native-20261001/DerivedData/Build/Products/Debug-iphonesimulator/PackageFrameworks -Xlinker -rpath -Xlinker @executable_path/Frameworks -rdynamic -Xlinker -no_deduplicate -Xlinker -objc_abi_version -Xlinker 2 -e ___debug_blank_executor_main -Xlinker -sectcreate -Xlinker __TEXT -Xlinker __debug_dylib -Xlinker /Users/yingpengwang/.codex/worktrees/w2-resume/creator-platform/tmp/w2-native-20261001/DerivedData/Build/Intermediates.noindex/QelvoraApp.build/Debug-iphonesimulator/QelvoraApp.build/QelvoraApp-DebugDylibPath-normal-x86_64.txt -Xlinker -sectcreate -Xlinker __TEXT -Xlinker __debug_instlnm -Xlinker /Users/yingpengwang/.codex/worktrees/w2-resume/creator-platform/tmp/w2-native-20261001/DerivedData/Build/Intermediates.noindex/QelvoraApp.build/Debug-iphonesimulator/QelvoraApp.build/QelvoraApp-DebugDylibInstallName-normal-x86_64.txt -Xlinker -filelist -Xlinker /Users/yingpengwang/.codex/worktrees/w2-resume/creator-platform/tmp/w2-native-20261001/DerivedData/Build/Intermediates.noindex/QelvoraApp.build/Debug-iphonesimulator/QelvoraApp.build/QelvoraApp-ExecutorLinkFileList-normal-x86_64.txt -Xlinker -sectcreate -Xlinker __TEXT -Xlinker __entitlements -Xlinker /Users/yingpengwang/.codex/worktrees/w2-resume/creator-platform/tmp/w2-native-20261001/DerivedData/Build/Intermediates.noindex/QelvoraApp.build/Debug-iphonesimulator/QelvoraApp.build/QelvoraApp.app-Simulated.xcent -Xlinker -sectcreate -Xlinker __TEXT -Xlinker __ents_der -Xlinker /Users/yingpengwang/.codex/worktrees/w2-resume/creator-platform/tmp/w2-native-20261001/DerivedData/Build/Intermediates.noindex/QelvoraApp.build/Debug-iphonesimulator/QelvoraApp.build/QelvoraApp.app-Simulated.xcent.der /Users/yingpengwang/.codex/worktrees/w2-resume/creator-platform/tmp/w2-native-20261001/DerivedData/Build/Intermediates.noindex/QelvoraApp.build/Debug-iphonesimulator/QelvoraApp.build/Objects-normal/x86_64/Binary/QelvoraApp.debug.dylib -Xlinker -no_adhoc_codesign -o /Users/yingpengwang/.codex/worktrees/w2-resume/creator-platform/tmp/w2-native-20261001/DerivedData/Build/Intermediates.noindex/QelvoraApp.build/Debug-iphonesimulator/QelvoraApp.build/Objects-normal/x86_64/Binary/QelvoraApp

CreateUniversalBinary /Users/yingpengwang/.codex/worktrees/w2-resume/creator-platform/tmp/w2-native-20261001/DerivedData/Build/Products/Debug-iphonesimulator/QelvoraApp.app/QelvoraApp normal arm64\ x86_64 (in target 'QelvoraApp' from project 'QelvoraApp')
    cd /Users/yingpengwang/.codex/worktrees/w2-resume/creator-platform/apps/ios
    /Applications/Xcode.app/Contents/Developer/Toolchains/XcodeDefault.xctoolchain/usr/bin/lipo -create /Users/yingpengwang/.codex/worktrees/w2-resume/creator-platform/tmp/w2-native-20261001/DerivedData/Build/Intermediates.noindex/QelvoraApp.build/Debug-iphonesimulator/QelvoraApp.build/Objects-normal/arm64/Binary/QelvoraApp /Users/yingpengwang/.codex/worktrees/w2-resume/creator-platform/tmp/w2-native-20261001/DerivedData/Build/Intermediates.noindex/QelvoraApp.build/Debug-iphonesimulator/QelvoraApp.build/Objects-normal/x86_64/Binary/QelvoraApp -output /Users/yingpengwang/.codex/worktrees/w2-resume/creator-platform/tmp/w2-native-20261001/DerivedData/Build/Products/Debug-iphonesimulator/QelvoraApp.app/QelvoraApp

CopySwiftLibs /Users/yingpengwang/.codex/worktrees/w2-resume/creator-platform/tmp/w2-native-20261001/DerivedData/Build/Products/Debug-iphonesimulator/QelvoraApp.app (in target 'QelvoraApp' from project 'QelvoraApp')
    cd /Users/yingpengwang/.codex/worktrees/w2-resume/creator-platform/apps/ios
    builtin-swiftStdLibTool --copy --verbose --sign - --scan-executable /Users/yingpengwang/.codex/worktrees/w2-resume/creator-platform/tmp/w2-native-20261001/DerivedData/Build/Products/Debug-iphonesimulator/QelvoraApp.app/QelvoraApp.debug.dylib --scan-folder /Users/yingpengwang/.codex/worktrees/w2-resume/creator-platform/tmp/w2-native-20261001/DerivedData/Build/Products/Debug-iphonesimulator/QelvoraApp.app/Frameworks --scan-folder /Users/yingpengwang/.codex/worktrees/w2-resume/creator-platform/tmp/w2-native-20261001/DerivedData/Build/Products/Debug-iphonesimulator/QelvoraApp.app/PlugIns --scan-folder /Users/yingpengwang/.codex/worktrees/w2-resume/creator-platform/tmp/w2-native-20261001/DerivedData/Build/Products/Debug-iphonesimulator/QelvoraApp.app/SystemExtensions --scan-folder /Users/yingpengwang/.codex/worktrees/w2-resume/creator-platform/tmp/w2-native-20261001/DerivedData/Build/Products/Debug-iphonesimulator/QelvoraApp.app/Extensions --platform iphonesimulator --toolchain /Applications/Xcode.app/Contents/Developer/Toolchains/XcodeDefault.xctoolchain --destination /Users/yingpengwang/.codex/worktrees/w2-resume/creator-platform/tmp/w2-native-20261001/DerivedData/Build/Products/Debug-iphonesimulator/QelvoraApp.app/Frameworks --strip-bitcode --strip-bitcode-tool /Applications/Xcode.app/Contents/Developer/Toolchains/XcodeDefault.xctoolchain/usr/bin/bitcode_strip --emit-dependency-info /Users/yingpengwang/.codex/worktrees/w2-resume/creator-platform/tmp/w2-native-20261001/DerivedData/Build/Intermediates.noindex/QelvoraApp.build/Debug-iphonesimulator/QelvoraApp.build/SwiftStdLibToolInputDependencies.dep --filter-for-swift-os --back-deploy-swift-span

ExtractAppIntentsMetadata (in target 'QelvoraApp' from project 'QelvoraApp')
    cd /Users/yingpengwang/.codex/worktrees/w2-resume/creator-platform/apps/ios
    /Applications/Xcode.app/Contents/Developer/Toolchains/XcodeDefault.xctoolchain/usr/bin/appintentsmetadataprocessor --toolchain-dir /Applications/Xcode.app/Contents/Developer/Toolchains/XcodeDefault.xctoolchain --module-name QelvoraApp --sdk-root /Applications/Xcode.app/Contents/Developer/Platforms/iPhoneSimulator.platform/Developer/SDKs/iPhoneSimulator26.5.sdk --xcode-version 17F42 --platform-family iOS --deployment-target 17.0 --bundle-identifier com.pantopus.qelvora --output /Users/yingpengwang/.codex/worktrees/w2-resume/creator-platform/tmp/w2-native-20261001/DerivedData/Build/Products/Debug-iphonesimulator/QelvoraApp.app --target-triple arm64-apple-ios17.0-simulator --target-triple x86_64-apple-ios17.0-simulator --binary-file /Users/yingpengwang/.codex/worktrees/w2-resume/creator-platform/tmp/w2-native-20261001/DerivedData/Build/Products/Debug-iphonesimulator/QelvoraApp.app/QelvoraApp --dependency-file /Users/yingpengwang/.codex/worktrees/w2-resume/creator-platform/tmp/w2-native-20261001/DerivedData/Build/Intermediates.noindex/QelvoraApp.build/Debug-iphonesimulator/QelvoraApp.build/Objects-normal/arm64/QelvoraApp_dependency_info.dat --dependency-file /Users/yingpengwang/.codex/worktrees/w2-resume/creator-platform/tmp/w2-native-20261001/DerivedData/Build/Intermediates.noindex/QelvoraApp.build/Debug-iphonesimulator/QelvoraApp.build/Objects-normal/x86_64/QelvoraApp_dependency_info.dat --stringsdata-file /Users/yingpengwang/.codex/worktrees/w2-resume/creator-platform/tmp/w2-native-20261001/DerivedData/Build/Intermediates.noindex/QelvoraApp.build/Debug-iphonesimulator/QelvoraApp.build/Objects-normal/arm64/ExtractedAppShortcutsMetadata.stringsdata --stringsdata-file /Users/yingpengwang/.codex/worktrees/w2-resume/creator-platform/tmp/w2-native-20261001/DerivedData/Build/Intermediates.noindex/QelvoraApp.build/Debug-iphonesimulator/QelvoraApp.build/Objects-normal/x86_64/ExtractedAppShortcutsMetadata.stringsdata --source-file-list /Users/yingpengwang/.codex/worktrees/w2-resume/creator-platform/tmp/w2-native-20261001/DerivedData/Build/Intermediates.noindex/QelvoraApp.build/Debug-iphonesimulator/QelvoraApp.build/Objects-normal/arm64/QelvoraApp.SwiftFileList --source-file-list /Users/yingpengwang/.codex/worktrees/w2-resume/creator-platform/tmp/w2-native-20261001/DerivedData/Build/Intermediates.noindex/QelvoraApp.build/Debug-iphonesimulator/QelvoraApp.build/Objects-normal/x86_64/QelvoraApp.SwiftFileList --metadata-file-list /Users/yingpengwang/.codex/worktrees/w2-resume/creator-platform/tmp/w2-native-20261001/DerivedData/Build/Intermediates.noindex/QelvoraApp.build/Debug-iphonesimulator/QelvoraApp.build/QelvoraApp.DependencyMetadataFileList --static-metadata-file-list /Users/yingpengwang/.codex/worktrees/w2-resume/creator-platform/tmp/w2-native-20261001/DerivedData/Build/Intermediates.noindex/QelvoraApp.build/Debug-iphonesimulator/QelvoraApp.build/QelvoraApp.DependencyStaticMetadataFileList --swift-const-vals-list /Users/yingpengwang/.codex/worktrees/w2-resume/creator-platform/tmp/w2-native-20261001/DerivedData/Build/Intermediates.noindex/QelvoraApp.build/Debug-iphonesimulator/QelvoraApp.build/Objects-normal/arm64/QelvoraApp.SwiftConstValuesFileList --swift-const-vals-list /Users/yingpengwang/.codex/worktrees/w2-resume/creator-platform/tmp/w2-native-20261001/DerivedData/Build/Intermediates.noindex/QelvoraApp.build/Debug-iphonesimulator/QelvoraApp.build/Objects-normal/x86_64/QelvoraApp.SwiftConstValuesFileList --compile-time-extraction --deployment-aware-processing --validate-assistant-intents --no-app-shortcuts-localization
2026-10-01 02:52:45.655 appintentsmetadataprocessor[67749:2496770] Starting appintentsmetadataprocessor export
2026-10-01 02:52:45.662 appintentsmetadataprocessor[67749:2496770] warning: Metadata extraction skipped. No AppIntents.framework dependency found.

AppIntentsSSUTraining (in target 'QelvoraApp' from project 'QelvoraApp')
    cd /Users/yingpengwang/.codex/worktrees/w2-resume/creator-platform/apps/ios
    /Applications/Xcode.app/Contents/Developer/Toolchains/XcodeDefault.xctoolchain/usr/bin/appintentsnltrainingprocessor --infoplist-path /Users/yingpengwang/.codex/worktrees/w2-resume/creator-platform/tmp/w2-native-20261001/DerivedData/Build/Products/Debug-iphonesimulator/QelvoraApp.app/Info.plist --temp-dir-path /Users/yingpengwang/.codex/worktrees/w2-resume/creator-platform/tmp/w2-native-20261001/DerivedData/Build/Intermediates.noindex/QelvoraApp.build/Debug-iphonesimulator/QelvoraApp.build/ssu --bundle-id com.pantopus.qelvora --product-path /Users/yingpengwang/.codex/worktrees/w2-resume/creator-platform/tmp/w2-native-20261001/DerivedData/Build/Products/Debug-iphonesimulator/QelvoraApp.app --extracted-metadata-path /Users/yingpengwang/.codex/worktrees/w2-resume/creator-platform/tmp/w2-native-20261001/DerivedData/Build/Products/Debug-iphonesimulator/QelvoraApp.app/Metadata.appintents --metadata-file-list /Users/yingpengwang/.codex/worktrees/w2-resume/creator-platform/tmp/w2-native-20261001/DerivedData/Build/Intermediates.noindex/QelvoraApp.build/Debug-iphonesimulator/QelvoraApp.build/QelvoraApp.DependencyMetadataFileList --source-file /Users/yingpengwang/.codex/worktrees/w2-resume/creator-platform/tmp/w2-native-20261001/DerivedData/Build/Products/Debug-iphonesimulator/QelvoraApp.app/Info.plist --archive-ssu-assets
2026-10-01 02:52:45.767 appintentsnltrainingprocessor[67750:2496776] Parsing options for appintentsnltrainingprocessor
2026-10-01 02:52:45.769 appintentsnltrainingprocessor[67750:2496776] Starting AppIntents SSU YAML Generation
2026-10-01 02:52:45.769 appintentsnltrainingprocessor[67750:2496776] No AppShortcuts found - Skipping.

CodeSign /Users/yingpengwang/.codex/worktrees/w2-resume/creator-platform/tmp/w2-native-20261001/DerivedData/Build/Products/Debug-iphonesimulator/QelvoraApp.app/QelvoraApp.debug.dylib (in target 'QelvoraApp' from project 'QelvoraApp')
    cd /Users/yingpengwang/.codex/worktrees/w2-resume/creator-platform/apps/ios
    
    Signing Identity:     "Sign to Run Locally"
    
    /usr/bin/codesign --force --sign - --timestamp\=none --generate-entitlement-der /Users/yingpengwang/.codex/worktrees/w2-resume/creator-platform/tmp/w2-native-20261001/DerivedData/Build/Products/Debug-iphonesimulator/QelvoraApp.app/QelvoraApp.debug.dylib

CodeSign /Users/yingpengwang/.codex/worktrees/w2-resume/creator-platform/tmp/w2-native-20261001/DerivedData/Build/Products/Debug-iphonesimulator/QelvoraApp.app/__preview.dylib (in target 'QelvoraApp' from project 'QelvoraApp')
    cd /Users/yingpengwang/.codex/worktrees/w2-resume/creator-platform/apps/ios
    
    Signing Identity:     "Sign to Run Locally"
    
    /usr/bin/codesign --force --sign - --timestamp\=none --generate-entitlement-der /Users/yingpengwang/.codex/worktrees/w2-resume/creator-platform/tmp/w2-native-20261001/DerivedData/Build/Products/Debug-iphonesimulator/QelvoraApp.app/__preview.dylib

CodeSign /Users/yingpengwang/.codex/worktrees/w2-resume/creator-platform/tmp/w2-native-20261001/DerivedData/Build/Products/Debug-iphonesimulator/QelvoraApp.app (in target 'QelvoraApp' from project 'QelvoraApp')
    cd /Users/yingpengwang/.codex/worktrees/w2-resume/creator-platform/apps/ios
    
    Signing Identity:     "Sign to Run Locally"
    
    /usr/bin/codesign --force --sign - --timestamp\=none --generate-entitlement-der /Users/yingpengwang/.codex/worktrees/w2-resume/creator-platform/tmp/w2-native-20261001/DerivedData/Build/Products/Debug-iphonesimulator/QelvoraApp.app

RegisterExecutionPolicyException /Users/yingpengwang/.codex/worktrees/w2-resume/creator-platform/tmp/w2-native-20261001/DerivedData/Build/Products/Debug-iphonesimulator/QelvoraApp.app (in target 'QelvoraApp' from project 'QelvoraApp')
    cd /Users/yingpengwang/.codex/worktrees/w2-resume/creator-platform/apps/ios
    builtin-RegisterExecutionPolicyException /Users/yingpengwang/.codex/worktrees/w2-resume/creator-platform/tmp/w2-native-20261001/DerivedData/Build/Products/Debug-iphonesimulator/QelvoraApp.app

Validate /Users/yingpengwang/.codex/worktrees/w2-resume/creator-platform/tmp/w2-native-20261001/DerivedData/Build/Products/Debug-iphonesimulator/QelvoraApp.app (in target 'QelvoraApp' from project 'QelvoraApp')
    cd /Users/yingpengwang/.codex/worktrees/w2-resume/creator-platform/apps/ios
    builtin-validationUtility /Users/yingpengwang/.codex/worktrees/w2-resume/creator-platform/tmp/w2-native-20261001/DerivedData/Build/Products/Debug-iphonesimulator/QelvoraApp.app -shallow-bundle -infoplist-subpath Info.plist

Touch /Users/yingpengwang/.codex/worktrees/w2-resume/creator-platform/tmp/w2-native-20261001/DerivedData/Build/Products/Debug-iphonesimulator/QelvoraApp.app (in target 'QelvoraApp' from project 'QelvoraApp')
    cd /Users/yingpengwang/.codex/worktrees/w2-resume/creator-platform/apps/ios
    /usr/bin/touch -c /Users/yingpengwang/.codex/worktrees/w2-resume/creator-platform/tmp/w2-native-20261001/DerivedData/Build/Products/Debug-iphonesimulator/QelvoraApp.app

** BUILD SUCCEEDED **

