--------- beginning of events
09-30 20:17:04.942   136   136 I snet_event_log: [121035042,-1,]
09-30 20:17:04.950   136   136 I auditd  : SELinux: Loaded service context from:
09-30 20:17:04.952   136   136 I auditd  : 		/system/etc/selinux/plat_service_contexts
09-30 20:17:04.955   136   136 I auditd  : 		/system_ext/etc/selinux/system_ext_service_contexts
09-30 20:17:04.956   136   136 I auditd  : 		/vendor/etc/selinux/vendor_service_contexts
09-30 20:16:59.296   134   134 I auditd  : type=2000 audit(0.0:1): state=initialized audit_enabled=0 res=1
09-30 20:17:03.000   134   134 I auditd  : type=1403 audit(0.0:2): auid=4294967295 ses=4294967295 lsm=selinux res=1
09-30 20:17:03.008   134   134 I auditd  : type=1404 audit(0.0:3): enforcing=1 old_enforcing=0 auid=4294967295 ses=4294967295 enabled=1 old-enabled=1 lsm=selinux res=1
09-30 20:17:06.061   160   170 I auditd  : SELinux: Loaded keystore2 context from:
09-30 20:17:06.061   160   170 I auditd  : 		/system/etc/selinux/plat_keystore2_key_contexts
09-30 20:17:07.020   189   189 I auditd  : type=1400 audit(0.0:4): avc:  denied  { execute_no_trans } for  comm="init" path="/vendor/bin/toybox_vendor" dev="dm-4" ino=224 scontext=u:r:init:s0 tcontext=u:object_r:vendor_toolbox_exec:s0 tclass=file permissive=0 bug=b/183668221
09-30 20:17:13.113   331   331 I boot_progress_start: 14113
09-30 20:17:16.110   331   331 I snet_event_log: [200284993,-1,]
09-30 20:17:17.519   331   331 I boot_progress_preload_start: 18519
09-30 20:17:19.528   331   331 I boot_progress_preload_end: 20528
09-30 20:17:20.585   517   517 I system_server_start: [1,21582,21582]
09-30 20:17:20.586   517   517 I boot_progress_system_run: 21586
09-30 20:17:21.893   517   547 I commit_sys_config_file: [batterystats,3]
09-30 20:17:21.895   517   547 I commit_sys_config_file: [batterystats,2]
09-30 20:17:21.997   517   517 I rescue_note: [0,1,22996]
09-30 20:17:22.055   517   517 I boot_progress_pms_start: 23055
09-30 20:17:22.201   517   517 I service_manager_stats: [100,34,23201]
09-30 20:17:22.311   517   517 I boot_progress_pms_system_scan_start: 23311
09-30 20:17:23.112   517   517 I boot_progress_pms_data_scan_start: 24112
09-30 20:17:23.132   517   517 I boot_progress_pms_scan_end: 24132
09-30 20:17:23.296   517   517 I commit_sys_config_file: [package,48]
09-30 20:17:23.297   517   517 I boot_progress_pms_ready: 24297
09-30 20:17:23.414   517   517 I am_uid_running: 1000
09-30 20:17:23.440   517   517 I am_uid_active: 1000
09-30 20:17:23.454   517   568 I commit_sys_config_file: [package-user-0,158]
09-30 20:17:24.143   517   517 I commit_sys_config_file: [overlays,9]
09-30 20:17:24.187   517   531 I battery_status: [2,2,1,1,Li-ion]
09-30 20:17:24.191   517   531 I battery_level: [100,5000,250]
09-30 20:17:24.748   517   517 I wm_task_created: 1
09-30 20:17:24.976   517   541 I sysui_multi_action: [757,1594,758,4,759,1,806,NULL]
09-30 20:17:25.134   517   517 I configuration_changed: 536894968
09-30 20:17:25.137   517   517 I sysui_multi_action: [757,1659,758,4,759,1,1660,0]
09-30 20:17:25.147   517   517 I configuration_changed: 8
09-30 20:17:25.260   517   517 I device_idle: [0,boot]
09-30 20:17:25.261   517   517 I device_idle_light: [0,boot]
09-30 20:17:25.819   517   517 I am_uid_running: 10120
09-30 20:17:25.833   517   656 I storage_state: [41217664-9172-527a-b3d5-edabb50a7d69,0,0,9460219904,10411143168]
09-30 20:17:26.006   517   594 I commit_sys_config_file: [settings-2-0,10]
09-30 20:17:26.074   517   540 I commit_sys_config_file: [notification-policy,10]
09-30 20:17:26.124   517   658 I stream_devices_changed: [4,0,2]
09-30 20:17:26.127   517   658 I stream_devices_changed: [6,0,2]
09-30 20:17:26.129   517   658 I stream_devices_changed: [3,0,2]
09-30 20:17:26.133   517   658 I stream_devices_changed: [5,0,2]
09-30 20:17:26.135   517   658 I stream_devices_changed: [2,0,2]
09-30 20:17:26.136   517   658 I stream_devices_changed: [0,0,2]
09-30 20:17:26.699   517   517 I configuration_changed: 512
09-30 20:17:26.857   517   517 I commit_sys_config_file: [package-session,16]
09-30 20:17:26.892   517   547 I service_manager_slow: [15,android.security.metrics]
09-30 20:17:27.205   517   517 I service_manager_stats: [393,178,5004]
09-30 20:17:27.277   517   517 I boot_progress_ams_ready: 28277
09-30 20:17:27.308   517   517 I configuration_changed: 268435456
09-30 20:17:27.400   517   517 I thermal_changed: [test temperature sensor,3,30.799999,0,0]
09-30 20:17:27.548   517   591 I commit_sys_config_file: [log-files,10]
09-30 20:17:27.562   517   591 I commit_sys_config_file: [log-files,24]
09-30 20:17:27.574   517   591 I commit_sys_config_file: [log-files,36]
09-30 20:17:27.580   517   591 I commit_sys_config_file: [log-files,42]
09-30 20:17:27.595   517   591 I commit_sys_config_file: [log-files,57]
09-30 20:17:27.624   517   591 I commit_sys_config_file: [log-files,86]
09-30 20:17:27.635   517   591 I commit_sys_config_file: [log-files,97]
09-30 20:17:27.646   517   591 I commit_sys_config_file: [log-files,108]
09-30 20:17:27.685   517   517 I am_uid_running: 10168
09-30 20:17:27.750   517   549 I am_proc_start: [0,717,10168,com.android.systemui,service,{com.android.systemui/com.android.systemui.wallpapers.ImageWallpaper}]
09-30 20:17:27.764   517   657 I service_manager_slow: [21,audio]
09-30 20:17:27.880   517   707 I am_proc_bound: [0,717,com.android.systemui]
09-30 20:17:27.964   517   707 I am_uid_active: 10168
09-30 20:17:28.370   517   576 I am_uid_running: 1037
09-30 20:17:28.384   517   638 I commit_sys_config_file: [net-policy,4]
09-30 20:17:28.402   517   549 I am_proc_start: [0,740,1037,WebViewLoader-x86_64,,]
09-30 20:17:28.473   517   634 I netstats_mobile_sample: [0,0,0,0,0,0,0,0,1790824648473]
09-30 20:17:28.473   517   634 I netstats_wifi_sample: [0,0,0,0,0,0,0,0,1790824648473]
09-30 20:17:28.500   517   634 I netstats_mobile_sample: [0,0,0,0,0,0,0,0,1790824648500]
09-30 20:17:28.501   517   634 I netstats_wifi_sample: [0,0,0,0,0,0,0,0,1790824648500]
09-30 20:17:28.609   517   707 I am_proc_bound: [0,740,WebViewLoader-x86_64]
09-30 20:17:28.610   517   707 I am_uid_active: 1037
09-30 20:17:28.786   517   594 I commit_sys_config_file: [settings-0-0,5]
09-30 20:17:29.019   517   691 I wm_task_created: 2
09-30 20:17:29.030   517   532 I wm_task_created: 3
09-30 20:17:29.036   517   691 I wm_task_created: 4
09-30 20:17:29.218   517   532 I wm_task_removed: [3,3,0,reParentTask:sanitizeAndApplyHierarchyOp]
09-30 20:17:29.219   517   532 I wm_task_moved: [3,2,0,1,2147483647]
09-30 20:17:29.219   517   532 I wm_task_removed: [4,4,0,reParentTask:sanitizeAndApplyHierarchyOp]
09-30 20:17:29.219   517   532 I wm_task_moved: [4,2,0,1,2147483647]
09-30 20:17:29.339   517   547 I netstats_mobile_sample: [0,0,0,0,0,0,0,0,1790824649282]
09-30 20:17:29.340   517   547 I netstats_wifi_sample: [0,0,0,0,0,0,0,0,1790824649282]
09-30 20:17:29.345   517   517 I am_uid_running: 1073
09-30 20:17:29.366   517   691 I am_proc_died: [0,740,WebViewLoader-x86_64,-700,0]
09-30 20:17:29.367   517   691 I am_uid_stopped: 1037
09-30 20:17:29.374   517   691 I am_low_memory: 2
09-30 20:17:29.377   517   549 I am_proc_start: [0,812,1073,com.android.networkstack.process,service,{com.google.android.networkstack/com.android.server.NetworkStackService}]
09-30 20:17:29.428   517   517 I ssm_user_starting: 0
09-30 20:17:29.453   517   547 I service_manager_slow: [33,time_detector]
09-30 20:17:29.563   517   547 I service_manager_slow: [61,time_detector]
09-30 20:17:29.566   517   541 I commit_sys_config_file: [input-state,3]
09-30 20:17:29.600   517   691 I am_proc_bound: [0,812,com.android.networkstack.process]
09-30 20:17:29.603   517   691 I am_uid_active: 1073
09-30 20:17:29.650   517   547 I netstats_mobile_sample: [0,0,0,0,0,0,0,0,1790824649650]
09-30 20:17:29.654   517   547 I netstats_wifi_sample: [0,0,0,0,0,0,0,0,1790824649650]
09-30 20:17:29.665   517   639 I dvm_lock_sample: [system_server,1,NetworkPolicy.uid,238,NetworkStatsService.java,1805,void android.net.connectivity.com.android.server.net.NetworkStatsService.noteUidForeground(int, boolean),-,2333,void android.net.connectivity.com.android.server.net.NetworkStatsService.performPoll(int),47]
09-30 20:17:29.815   517   547 I netstats_mobile_sample: [0,0,0,0,0,0,0,0,1790824649815]
09-30 20:17:29.815   517   547 I netstats_wifi_sample: [0,0,0,0,0,0,0,0,1790824649815]
09-30 20:17:29.843   517   517 I commit_sys_config_file: [overlays,5709]
09-30 20:17:29.921   517   609 I am_uid_running: 1002
09-30 20:17:29.950   517   549 I am_proc_start: [0,848,1002,com.google.android.bluetooth,service,{com.google.android.bluetooth/com.android.bluetooth.btservice.AdapterService}]
09-30 20:17:30.016   517   783 I am_proc_bound: [0,848,com.google.android.bluetooth]
09-30 20:17:30.018   517   783 I am_uid_active: 1002
09-30 20:17:30.099   517   547 I netstats_mobile_sample: [0,0,0,0,0,0,0,0,1790824650092]
09-30 20:17:30.105   517   547 I netstats_wifi_sample: [0,0,0,0,0,0,0,0,1790824650092]
09-30 20:17:30.228   517   811 I am_wtf  : [0,812,com.android.networkstack.process,680050253,SystemServiceRegistry,No service published for: ethernet]
09-30 20:17:30.240   812   812 I auditd  : type=1400 audit(0.0:5): avc:  granted  { read } for  comm="rkstack.process" name="psched" dev="proc" ino=4026532021 scontext=u:r:network_stack:s0 tcontext=u:object_r:proc_net:s0 tclass=file
09-30 20:17:30.244   812   812 I auditd  : type=1400 audit(0.0:6): avc:  granted  { read open } for  comm="rkstack.process" path="/proc/812/net/psched" dev="proc" ino=4026532021 scontext=u:r:network_stack:s0 tcontext=u:object_r:proc_net:s0 tclass=file
09-30 20:17:30.248   812   812 I auditd  : type=1400 audit(0.0:7): avc:  granted  { getattr } for  comm="rkstack.process" path="/proc/812/net/psched" dev="proc" ino=4026532021 scontext=u:r:network_stack:s0 tcontext=u:object_r:proc_net:s0 tclass=file
09-30 20:17:30.330   517   547 I netstats_mobile_sample: [0,0,0,0,0,0,0,0,1790824650330]
09-30 20:17:30.352   517   547 I netstats_wifi_sample: [0,0,0,0,0,0,0,0,1790824650330]
09-30 20:17:30.415   517   517 I um_user_visibility_changed: [0,1]
09-30 20:17:30.416   517   517 I am_uid_running: 1068
09-30 20:17:30.419   517   517 I am_uid_running: 1001
09-30 20:17:30.459   517   714 I dvm_lock_sample: [system_server,0,NetworkStatsObservers,32,MessageQueue.java,337,android.os.Message android.os.MessageQueue.next(),-,600,boolean android.os.MessageQueue.enqueueMessage(android.os.Message, long),6]
09-30 20:17:30.514   517   547 I netstats_mobile_sample: [0,0,0,0,0,0,0,0,1790824650489]
09-30 20:17:30.514   517   547 I netstats_wifi_sample: [0,0,0,0,0,0,0,0,1790824650489]
09-30 20:17:30.647   517   517 I wm_task_created: 5
09-30 20:17:30.651   517   517 I wm_task_moved: [5,1,0,1,2147483647]
09-30 20:17:30.655   517   517 I wm_task_moved: [1,1,0,1,1]
09-30 20:17:30.655   517   517 I wm_create_task: [0,5,1,0]
09-30 20:17:30.656   517   517 I wm_create_activity: [0,224881160,5,com.android.settings/.FallbackHome,android.intent.action.MAIN,NULL,NULL,276824320]
09-30 20:17:30.657   517   517 I wm_task_moved: [1,1,0,1,1]
09-30 20:17:30.658   517   517 I wm_task_moved: [5,1,0,1,2147483647]
09-30 20:17:30.658   517   517 I wm_task_to_front: [0,5,0]
09-30 20:17:30.725   517   517 I uc_send_user_broadcast: [0,android.intent.action.USER_STARTED]
09-30 20:17:30.726   517   517 I uc_send_user_broadcast: [0,android.intent.action.USER_STARTING]
09-30 20:17:30.727   517   517 I uc_send_user_broadcast: [0,android.intent.action.USER_FOREGROUND]
09-30 20:17:30.727   517   517 I uc_send_user_broadcast: [0,android.intent.action.USER_SWITCHED]
09-30 20:17:30.731   517   549 I am_proc_start: [0,880,1068,com.android.se,added application,com.android.se]
09-30 20:17:30.733   517   783 I dvm_lock_sample: [system_server,1,binder:517_6,295,ActivityManagerService.java,13787,android.content.Intent com.android.server.am.ActivityManagerService.registerReceiverWithFeature(android.app.IApplicationThread, java.lang.String, java.lang.String, java.lang.String, android.content.IIntentReceiver, android.content.IntentFilter, java.lang.String, int, int),UserController.java,3436,int com.android.server.am.UserController$Injector.broadcastIntent(android.content.Intent, java.lang.String, android.content.IIntentReceiver, int, java.lang.String, android.os.Bundle, java.lang.String[], int, android.os.Bundle, boolean, boolean, int, int, int, int, int),59]
09-30 20:17:30.735   517   578 I am_proc_bound: [0,880,com.android.se]
09-30 20:17:30.745   517   578 I am_uid_active: 1068
09-30 20:17:30.754   517   549 I am_proc_start: [0,894,1001,com.android.phone,added application,com.android.phone]
09-30 20:17:30.801   517   549 I am_proc_start: [0,902,1000,com.android.settings,top-activity,{com.android.settings/com.android.settings.FallbackHome}]
09-30 20:17:30.905   517   783 I am_proc_bound: [0,902,com.android.settings]
09-30 20:17:30.910   517   783 I wm_restart_activity: [0,224881160,5,com.android.settings/.FallbackHome]
09-30 20:17:30.912   517   783 I wm_set_resumed_activity: [0,com.android.settings/.FallbackHome,minimalResumeActivityLocked - onActivityStateChanged]
09-30 20:17:30.930   894   894 I service_manager_slow: [44,activity]
09-30 20:17:30.930   517   811 I am_proc_bound: [0,894,com.android.phone]
09-30 20:17:30.932   517   811 I am_uid_active: 1001
09-30 20:17:31.006   517   517 I notification_cancel_all: [1000,517,android,0,0,0,20,NULL]
09-30 20:17:31.007   517   517 I notification_cancel_all: [1000,517,android,0,0,0,20,NULL]
09-30 20:17:31.007   517   517 I notification_cancel_all: [1000,517,android,0,0,0,20,NULL]
09-30 20:17:31.019   517   517 I am_uid_running: 10184
09-30 20:17:31.128   517   549 I am_proc_start: [0,953,10184,com.google.android.ext.services,service,{com.google.android.ext.services/android.ext.services.autofill.InlineSuggestionRenderServiceImpl}]
09-30 20:17:31.336   517   707 I am_uid_running: 10169
09-30 20:17:31.364   517   549 I am_proc_start: [0,983,10169,com.google.android.apps.nexuslauncher,service,{com.google.android.apps.nexuslauncher/com.android.quickstep.TouchInteractionService}]
09-30 20:17:31.392   517   977 I am_proc_bound: [0,953,com.google.android.ext.services]
09-30 20:17:31.404   517   977 I am_uid_active: 10184
09-30 20:17:31.438   902   902 I wm_on_create_called: [224881160,com.android.settings.FallbackHome,performCreate,84]
09-30 20:17:31.456   902   902 I wm_on_start_called: [224881160,com.android.settings.FallbackHome,handleStartActivity,0]
09-30 20:17:31.467   902   902 I wm_on_resume_called: [224881160,com.android.settings.FallbackHome,RESUME_ACTIVITY,0]
09-30 20:17:31.520   517   517 I notification_enqueue: [1000,517,android,19,NULL,-1,Notification(channel=PHYSICAL_KEYBOARD shortcut=null contentView=null vibrate=null sound=null defaults=0x0 flags=0x810 color=0x00000000 vis=PRIVATE),0]
09-30 20:17:31.562   517   691 I am_proc_bound: [0,983,com.google.android.apps.nexuslauncher]
09-30 20:17:31.565   517   691 I am_uid_active: 10169
09-30 20:17:31.583   902   902 I wm_on_top_resumed_gained_called: [224881160,com.android.settings.FallbackHome,topStateChangedWhenResumed]
09-30 20:17:31.663   517   542 I input_focus: [Focus request b9dc47d com.android.settings/com.android.settings.FallbackHome,reason=UpdateInputWindows]
09-30 20:17:31.707   517   977 I dvm_lock_sample: [system_server,1,binder:517_9,86,WindowManagerService.java,3937,boolean com.android.server.wm.WindowManagerService.isInTouchMode(int),,0,null,17]
09-30 20:17:31.780   517   634 I netstats_mobile_sample: [0,0,0,0,0,0,0,0,1790824651780]
09-30 20:17:31.781   517   634 I netstats_wifi_sample: [0,0,0,0,0,0,0,0,1790824651780]
09-30 20:17:31.815   517   538 I sysui_multi_action: [319,1380,322,1376,325,31,757,761,758,7,759,2,806,com.android.settings,871,com.android.settings.FallbackHome,905,0,945,485,1320,4,1321,23]
09-30 20:17:31.819   517   538 I wm_activity_launch_time: [0,224881160,com.android.settings/.FallbackHome,1376]
09-30 20:17:31.898   517   541 I boot_progress_enable_screen: 32898
09-30 20:17:31.899   517   541 I screen_toggled: 1
09-30 20:17:31.921   517   542 I wm_wallpaper_surface: [0,1,Window{b9dc47d u0 com.android.settings/com.android.settings.FallbackHome}]
09-30 20:17:31.942   717   717 I service_manager_slow: [60,isub]
09-30 20:17:32.074   953   953 I service_manager_slow: [61,virtualdevice]
09-30 20:17:32.241   517   571 I commit_sys_config_file: [package,59]
09-30 20:17:32.249   517   811 I dvm_lock_sample: [system_server,1,binder:517_8,65,PackageManagerService.java,1182,com.android.server.pm.Computer com.android.server.pm.PackageManagerService.snapshotComputer(boolean),-,1491,void com.android.server.pm.PackageManagerService.writeSettings(boolean),13]
09-30 20:17:32.252   517   517 I dvm_lock_sample: [system_server,0,main,53,PackageManagerService.java,1169,com.android.server.pm.Computer com.android.server.pm.PackageManagerService.snapshotComputer(boolean),-,1195,com.android.server.pm.Computer com.android.server.pm.PackageManagerService.snapshotComputer(boolean),10]
09-30 20:17:32.266   517   517 I service_manager_stats: [203,490,5061]
09-30 20:17:32.393   517   517 I sysui_multi_action: [757,1501,758,1,793,2826,794,0,795,2826,796,19,806,android,857,PHYSICAL_KEYBOARD,858,2,947,0,1500,0]
09-30 20:17:32.406   517   517 I sysui_multi_action: [757,804,799,note_interruptive,801,0,802,1]
09-30 20:17:32.423   517   568 I commit_sys_config_file: [package-user-0,182]
09-30 20:17:32.883   517   548 I am_uid_running: 10185
09-30 20:17:32.948   517   549 I am_proc_start: [0,1061,10185,com.google.android.cellbroadcastreceiver,broadcast,{com.google.android.cellbroadcastreceiver/com.android.cellbroadcastreceiver.CellBroadcastReceiver}]
09-30 20:17:33.092   517   811 I am_proc_bound: [0,1061,com.google.android.cellbroadcastreceiver]
09-30 20:17:33.125   517   811 I dvm_lock_sample: [system_server,1,binder:517_8,30,PackageManagerService.java,6686,void com.android.server.pm.PackageManagerService$PackageManagerInternalImpl.notifyPackageUse(java.lang.String, int),-,7131,void com.android.server.pm.PackageManagerService.forEachPackageSetting(java.util.function.Consumer),6]
09-30 20:17:33.199   717  1059 I sysui_multi_action: [757,213,758,4,759,-1]
09-30 20:17:33.322   848   848 I service_manager_slow: [19,companiondevice]
09-30 20:17:33.362   517   594 I commit_sys_config_file: [settings-2-0,52]
09-30 20:17:33.556   517   594 I commit_sys_config_file: [settings-0-0,79]
09-30 20:17:33.743   517   594 I commit_sys_config_file: [settings-2-0,93]
09-30 20:17:33.998   517   568 I commit_sys_config_file: [package-user-0,23]
09-30 20:17:34.023   894  1049 I dvm_lock_sample: [com.android.phone,0,DeviceStateHelperThread,1570,PhoneFactory.java,365,com.android.internal.telephony.Phone[] com.android.internal.telephony.PhoneFactory.getPhones(),-,469,com.android.internal.telephony.CommandsInterface[] com.android.internal.telephony.PhoneFactory.getCommandsInterfaces(),100]
09-30 20:17:34.071   517   568 I commit_sys_config_file: [package-user-0,8]
09-30 20:17:34.128   517   568 I commit_sys_config_file: [package-user-0,51]
09-30 20:17:34.335   517   783 I sysui_multi_action: [757,856,758,1,806,com.google.android.bluetooth,857,opp_notification_channel,858,4]
09-30 20:17:34.368   517   517 I notification_cancel_all: [1002,848,com.google.android.bluetooth,0,0,32832,9,NULL]
09-30 20:17:34.385   517   568 I commit_sys_config_file: [package-user-0,210]
09-30 20:17:34.614   517   540 I commit_sys_config_file: [notification-policy,8550]
09-30 20:17:34.633   517   517 I dvm_lock_sample: [system_server,0,main,154,UserManagerService.java,6748,void com.android.server.pm.UserManagerService$MainHandler.handleMessage(android.os.Message),Settings.java,2294,void com.android.server.pm.Settings.writePackageRestrictions(int, long, boolean),30]
09-30 20:17:34.686   517   568 I commit_sys_config_file: [package-user-0,502]
09-30 20:17:34.746   517   568 I commit_sys_config_file: [package-user-0,560]
09-30 20:17:34.917   517   568 I commit_sys_config_file: [package-user-0,728]
09-30 20:17:35.067   517   568 I commit_sys_config_file: [package-user-0,866]
09-30 20:17:35.103   517   568 I commit_sys_config_file: [package-user-0,815]
09-30 20:17:35.133   517   568 I commit_sys_config_file: [package-user-0,468]
09-30 20:17:36.920   391   696 I sf_stop_bootanim: 37920
09-30 20:17:36.921   517   541 I wm_boot_animation_done: 37921
09-30 20:17:36.934   517   606 I input_focus: [Focus entering b9dc47d com.android.settings/com.android.settings.FallbackHome (server),reason=Window became focusable. Previous reason: NO_WINDOW]
09-30 20:17:37.081   517   548 I dvm_lock_sample: [system_server,1,ActivityManager,112,AppsFilterSnapshotImpl.java,39,void com.android.server.pm.AppsFilterSnapshotImpl.<init>(com.android.server.pm.AppsFilterImpl),AppsFilterImpl.java,1014,void com.android.server.pm.AppsFilterImpl.recomputeComponentVisibility(android.util.ArrayMap),22]
09-30 20:17:37.081   517   548 I pm_snapshot_rebuild: [116,2152]
09-30 20:17:37.082   517  1079 I am_uid_running: 10145
09-30 20:17:37.082   517   783 I dvm_lock_sample: [system_server,1,binder:517_6,77,PackageManagerService.java,1169,com.android.server.pm.Computer com.android.server.pm.PackageManagerService.snapshotComputer(boolean),-,1195,com.android.server.pm.Computer com.android.server.pm.PackageManagerService.snapshotComputer(boolean),15]
09-30 20:17:37.284   517   549 I am_proc_start: [0,1214,10145,com.google.android.inputmethod.latin,service,{com.google.android.inputmethod.latin/com.android.inputmethod.latin.LatinIME}]
09-30 20:17:37.539   717   784 I service_manager_slow: [87,voiceinteraction]
09-30 20:17:37.596   517   741 I commit_sys_config_file: [appops_accesses,349]
09-30 20:17:37.617   517   541 I uc_finish_user_boot: 0
09-30 20:17:37.619   517   541 I am_user_state_changed: [0,1]
09-30 20:17:37.632   517   541 I uc_send_user_broadcast: [0,android.intent.action.LOCKED_BOOT_COMPLETED]
09-30 20:17:37.703   517   541 I service_manager_slow: [60,android.system.keystore2.IKeystoreService/default]
09-30 20:17:37.719   517   541 I uc_finish_user_unlocking: 0
09-30 20:17:37.723   517   640 I dvm_lock_sample: [system_server,0,WifiHandlerThread,119,ActivityManagerService.java,13787,android.content.Intent com.android.server.am.ActivityManagerService.registerReceiverWithFeature(android.app.IApplicationThread, java.lang.String, java.lang.String, java.lang.String, android.content.IIntentReceiver, android.content.IntentFilter, java.lang.String, int, int),-,5094,void com.android.server.am.ActivityManagerService.finishBooting(),23]
09-30 20:17:37.728   517   549 I dvm_lock_sample: [system_server,1,ActivityManager:procStart,61,ProcessList.java,2074,void com.android.server.am.ProcessList.lambda$handleProcessStart$1(com.android.server.am.ProcessRecord, java.lang.String, int[], int, int, int, java.lang.String, java.lang.String, java.lang.String, long),ActivityManagerService.java,5094,void com.android.server.am.ActivityManagerService.finishBooting(),12]
09-30 20:17:37.729   517   549 I am_proc_start: [0,1238,10120,com.google.android.apps.wellbeing,on-hold,]
09-30 20:17:37.730   517   977 I am_proc_bound: [0,1214,com.google.android.inputmethod.latin]
09-30 20:17:37.731   517   517 I notification_enqueue: [1000,517,android,55,NULL,-1,Notification(channel=DEVELOPER shortcut=null contentView=null vibrate=null sound=null tick defaults=0x0 flags=0x802 color=0x00000000 vis=PUBLIC),0]
09-30 20:17:37.732   517   517 I sysui_multi_action: [757,1501,758,1,793,4,794,0,795,4,796,55,806,android,857,DEVELOPER,858,2,947,0,1500,0]
09-30 20:17:37.733   517   517 I sysui_multi_action: [757,804,799,note_interruptive,801,0,802,1]
09-30 20:17:37.752   517   977 I am_uid_active: 10145
09-30 20:17:37.838   517   517 I notification_autogrouped: -1|android|55|null|1000
09-30 20:17:37.848   517   541 I dvm_lock_sample: [system_server,1,android.display,74,ActivityManagerService.java,18182,void com.android.server.am.ActivityManagerService$LocalService.updateOomLevelsForDisplay(int),-,4940,void com.android.server.am.ActivityManagerService.finishAttachApplicationInner(long, int, int),14]
09-30 20:17:37.881   517   517 I notification_autogrouped: -1|android|19|null|1000
09-30 20:17:37.882   517   517 I notification_enqueue: [1000,517,android,2147483647,ranker_group,-1,Notification(channel=DEVELOPER shortcut=null contentView=null vibrate=null sound=null defaults=0x0 flags=0x702 color=0x00000000 groupKey=ranker_group vis=PRIVATE),0]
09-30 20:17:38.047   517   654 I notification_adjusted: [-1|android|55|null|1000,key_group_key,ranker_group]
09-30 20:17:38.166   517   654 I notification_adjusted: [-1|android|19|null|1000,key_group_key,ranker_group]
09-30 20:17:38.365  1238  1238 I service_manager_slow: [75,activity]
09-30 20:17:38.369   517   977 I am_proc_bound: [0,1238,com.google.android.apps.wellbeing]
09-30 20:17:38.383   517   977 I am_uid_active: 10120
09-30 20:17:38.575   894   894 I service_manager_slow: [16,carrier_config]
09-30 20:17:38.632   517   540 I commit_sys_config_file: [notification-policy,12567]
09-30 20:17:39.209   517   691 I configuration_changed: 536871936
09-30 20:17:39.294   517   538 I am_user_state_changed: [0,2]
09-30 20:17:39.340   517   548 I ssm_user_unlocking: 0
09-30 20:17:39.528   517   977 I pm_snapshot_rebuild: [260,1671]
09-30 20:17:39.544   517   588 I dvm_lock_sample: [system_server,0,appscheduling.default,267,PackageManagerService.java,1169,com.android.server.pm.Computer com.android.server.pm.PackageManagerService.snapshotComputer(boolean),-,1195,com.android.server.pm.Computer com.android.server.pm.PackageManagerService.snapshotComputer(boolean),53]
09-30 20:17:39.545   517  1051 I dvm_lock_sample: [system_server,1,binder:517_B,233,PackageManagerService.java,1169,com.android.server.pm.Computer com.android.server.pm.PackageManagerService.snapshotComputer(boolean),-,1195,com.android.server.pm.Computer com.android.server.pm.PackageManagerService.snapshotComputer(boolean),46]
09-30 20:17:39.554   517  1007 I dvm_lock_sample: [system_server,0,binder:517_A,193,PackageManagerService.java,1169,com.android.server.pm.Computer com.android.server.pm.PackageManagerService.snapshotComputer(boolean),-,1195,com.android.server.pm.Computer com.android.server.pm.PackageManagerService.snapshotComputer(boolean),38]
09-30 20:17:40.350   517   517 I dvm_lock_sample: [system_server,0,main,133,MessageQueue.java,337,android.os.Message android.os.MessageQueue.next(),-,600,boolean android.os.MessageQueue.enqueueMessage(android.os.Message, long),26]
09-30 20:17:40.351   517   691 I dvm_lock_sample: [system_server,1,binder:517_4,32,MessageQueue.java,554,boolean android.os.MessageQueue.enqueueMessage(android.os.Message, long),-,600,boolean android.os.MessageQueue.enqueueMessage(android.os.Message, long),6]
09-30 20:17:40.384   517   542 I dvm_lock_sample: [system_server,1,android.anim,1189,WindowAnimator.java,97,void com.android.server.wm.WindowAnimator.lambda$new$1(long),ActivityTaskManagerService.java,1133,android.content.res.Configuration com.android.server.wm.ActivityTaskManagerService.getGlobalConfigurationForPid(int),100]
09-30 20:17:40.385   517   541 I dvm_lock_sample: [system_server,1,android.display,1177,WindowManagerService.java,7661,void com.android.server.wm.WindowManagerService$LocalService.requestTraversalFromDisplayManager(),ActivityTaskManagerService.java,1133,android.content.res.Configuration com.android.server.wm.ActivityTaskManagerService.getGlobalConfigurationForPid(int),100]
09-30 20:17:40.386   517   539 I dvm_lock_sample: [system_server,1,android.ui,1178,RootWindowContainer.java,2602,void com.android.server.wm.RootWindowContainer.onDisplayChanged(int),ActivityTaskManagerService.java,1133,android.content.res.Configuration com.android.server.wm.ActivityTaskManagerService.getGlobalConfigurationForPid(int),100]
09-30 20:17:40.406   517   539 I configuration_changed: 536871936
09-30 20:17:40.796   517  1051 I dvm_lock_sample: [system_server,1,binder:517_B,1248,WindowOrganizerController.java,279,android.os.IBinder com.android.server.wm.WindowOrganizerController.startTransition(int, android.os.IBinder, android.window.WindowContainerTransaction),,0,null,100]
09-30 20:17:40.799   517   532 I dvm_lock_sample: [system_server,1,binder:517_2,632,WindowManagerService.java,3494,float com.android.server.wm.WindowManagerService.getCurrentAnimatorScale(),,0,null,100]
09-30 20:17:40.800   517   615 I dvm_lock_sample: [system_server,1,StorageManagerService,589,ActivityTaskManagerService.java,5964,void com.android.server.wm.ActivityTaskManagerService$LocalService.onProcessRemoved(java.lang.String, int),,0,null,100]
09-30 20:17:40.802   517   977 I dvm_lock_sample: [system_server,1,binder:517_9,400,WindowManagerService.java,2189,int com.android.server.wm.WindowManagerService.relayoutWindow(com.android.server.wm.Session, android.view.IWindow, android.view.WindowManager$LayoutParams, int, int, int, int, int, int, android.window.ClientWindowFrames, android.util.MergedConfiguration, android.view.SurfaceControl, android.view.InsetsState, android.view.InsetsSourceControl$Array, android.os.Bundle),,0,null,80]
09-30 20:17:40.802   517   615 I am_uid_running: 10179
09-30 20:17:40.809   517  1079 I dvm_lock_sample: [system_server,1,binder:517_C,387,WindowManagerService.java,9033,boolean com.android.server.wm.WindowManagerService.getWindowInsets(int, android.os.IBinder, android.view.InsetsState),,0,null,77]
09-30 20:17:40.895   517   517 I am_uid_running: 10124
09-30 20:17:40.901   517   548 I dvm_lock_sample: [system_server,1,ActivityManager,249,ActivityManagerService.java,13403,int com.android.server.am.ActivityManagerService.bindServiceInstance(android.app.IApplicationThread, android.os.IBinder, android.content.Intent, java.lang.String, android.app.IServiceConnection, long, java.lang.String, boolean, int, java.lang.String, android.app.IApplicationThread, java.lang.String, int),,0,null,49]
09-30 20:17:40.932   517   549 I am_proc_start: [0,1286,10179,com.google.android.providers.media.module,service,{com.google.android.providers.media.module/com.android.providers.media.fuse.ExternalStorageServiceImpl}]
09-30 20:17:41.168   517   517 I dvm_lock_sample: [system_server,0,main,51,MessageQueue.java,337,android.os.Message android.os.MessageQueue.next(),-,600,boolean android.os.MessageQueue.enqueueMessage(android.os.Message, long),10]
09-30 20:17:41.267   517   549 I am_proc_start: [0,1291,10124,com.google.android.as,service,{com.google.android.as/com.google.android.apps.miphone.aiai.app.AiAiContentCaptureService}]
09-30 20:17:41.714   517   548 I am_uid_running: 10132
09-30 20:17:41.835   517   707 I am_proc_bound: [0,1286,com.google.android.providers.media.module]
09-30 20:17:41.837   517   707 I am_uid_active: 10179
09-30 20:17:41.994   517   549 I am_proc_start: [0,1319,10132,com.google.android.googlequicksearchbox:interactor,service,{com.google.android.googlequicksearchbox/com.google.android.voiceinteraction.GsaVoiceInteractionService}]
09-30 20:17:42.232   517  1079 I am_proc_bound: [0,1319,com.google.android.googlequicksearchbox:interactor]
09-30 20:17:42.397   517  1079 I am_uid_active: 10132
09-30 20:17:42.431   517   540 I commit_sys_config_file: [jobs,6]
09-30 20:17:42.563   517   707 I dvm_lock_sample: [system_server,1,binder:517_5,124,DefaultDialerCache.java,252,java.lang.String com.android.server.telecom.DefaultDialerCache.refreshCacheForUser(int),TelecomServiceImpl.java,798,void com.android.server.telecom.TelecomServiceImpl$1.registerPhoneAccount(android.telecom.PhoneAccount, java.lang.String),24]
09-30 20:17:42.668   517   548 I uc_finish_user_unlocked: 0
09-30 20:17:42.668   517   548 I am_user_state_changed: [0,3]
09-30 20:17:42.674   517   538 I wm_task_created: 9
09-30 20:17:42.682   517   538 I wm_task_created: 10
09-30 20:17:42.712   517   588 I dvm_lock_sample: [system_server,0,appscheduling.default,25,QuotaController.java,2656,void com.android.server.job.controllers.QuotaController$QcHandler.handleMessage(android.os.Message),JobServiceContext.java,753,void com.android.server.job.JobServiceContext.doJobFinished(com.android.server.job.JobServiceContext$JobCallback, int, boolean),5]
09-30 20:17:42.775   517   531 I am_uid_running: 10084
09-30 20:17:42.785   517   517 I dvm_lock_sample: [system_server,0,main,32,ActivityManagerService.java,13459,void com.android.server.am.ActivityManagerService.serviceDoneExecuting(android.os.IBinder, int, int, int),-,6696,void com.android.server.am.ActivityManagerService.startPersistentApps(int),6]
09-30 20:17:42.798   517  1352 I service_manager_slow: [26,permissionmgr]
09-30 20:17:42.812  1291  1291 I service_manager_slow: [59,activity]
09-30 20:17:42.818   517   707 I am_proc_bound: [0,1291,com.google.android.as]
09-30 20:17:42.852   517   707 I am_uid_active: 10124
09-30 20:17:42.852   517   548 I uc_send_user_broadcast: [0,android.intent.action.USER_UNLOCKED]
09-30 20:17:42.912   517   548 I uc_finish_user_unlocked_completed: 0
09-30 20:17:42.929   517   549 I am_proc_start: [0,1358,1000,com.android.emulator.multidisplay,added application,com.android.emulator.multidisplay]
09-30 20:17:42.983   517   538 I uc_send_user_broadcast: [0,android.intent.action.BOOT_COMPLETED]
09-30 20:17:43.020   983  1360 I jank_cuj_events_cancel_request: [-1,1790824662968667000,43968669758,43968669884]
09-30 20:17:43.036   517   548 I ssm_user_unlocked: 0
09-30 20:17:43.083   517   549 I am_proc_start: [0,1361,10084,android.process.acore,content provider,{com.android.providers.contacts/com.android.providers.contacts.ContactsProvider2}]
09-30 20:17:43.367   517   977 I am_proc_bound: [0,1358,com.android.emulator.multidisplay]
09-30 20:17:43.611   717   828 I dvm_lock_sample: [com.android.systemui,0,LogBuffer-BroadcastDispatcherLog,479,go/retraceme 19693c2b0a8439b7183751b64d60893829dbf56dc1e08e0669fc0cfc55754948,1,boolean com.android.systemui.log.LogcatEchoTrackerDebug.isBufferLoggable(java.lang.String, com.android.systemui.log.LogLevel),-,20,boolean com.android.systemui.log.LogcatEchoTrackerDebug.isTagLoggable(java.lang.String, com.android.systemui.log.LogLevel),95]
09-30 20:17:43.715  1361  1361 I service_manager_slow: [239,activity]
09-30 20:17:43.966   517  1051 I dvm_lock_sample: [system_server,1,binder:517_B,580,ContentProviderHelper.java,174,android.app.ContentProviderHolder com.android.server.am.ContentProviderHelper.getContentProviderImpl(android.app.IApplicationThread, java.lang.String, android.os.IBinder, int, java.lang.String, java.lang.String, boolean, int),ActivityManagerService.java,4940,void com.android.server.am.ActivityManagerService.finishAttachApplicationInner(long, int, int),100]
09-30 20:17:43.969   517  1007 I dvm_lock_sample: [system_server,0,binder:517_A,383,SupplicantStaIfaceHalAidlImpl.java,2441,void com.android.server.wifi.SupplicantStaIfaceHalAidlImpl.logCallback(java.lang.String),-,556,com.android.wifi.x.android.hardware.wifi.supplicant.ISupplicantStaIface com.android.server.wifi.SupplicantStaIfaceHalAidlImpl.getStaIface(java.lang.String),76]
09-30 20:17:44.116   517   595 I am_freeze: [1061,com.google.android.cellbroadcastreceiver]
09-30 20:17:44.131   517   811 I dvm_lock_sample: [system_server,1,binder:517_8,203,ActivityManagerService.java,15321,int com.android.server.am.ActivityManagerService.broadcastIntentWithFeature(android.app.IApplicationThread, java.lang.String, android.content.Intent, java.lang.String, android.content.IIntentReceiver, int, java.lang.String, android.os.Bundle, java.lang.String[], java.lang.String[], java.lang.String[], int, android.os.Bundle, boolean, boolean, int),,0,null,40]
09-30 20:17:44.168   517   787 I am_proc_bound: [0,1361,android.process.acore]
09-30 20:17:44.219   517   787 I am_uid_active: 10084
09-30 20:17:44.234   517   640 I dvm_lock_sample: [system_server,0,WifiHandlerThread,257,ActivityManagerService.java,15321,int com.android.server.am.ActivityManagerService.broadcastIntentWithFeature(android.app.IApplicationThread, java.lang.String, android.content.Intent, java.lang.String, android.content.IIntentReceiver, int, java.lang.String, android.os.Bundle, java.lang.String[], java.lang.String[], java.lang.String[], int, android.os.Bundle, boolean, boolean, int),,0,null,51]
09-30 20:17:44.291   517   517 I notification_cancel_all: [1000,517,com.android.systemui,0,0,0,20,NULL]
09-30 20:17:44.447  1238  1238 I dvm_lock_sample: [com.google.android.apps.wellbein,1,main,1979,PG,1,java.lang.Object mkq.b(),-,2,java.lang.Object mkq.b(),100]
09-30 20:17:44.639   517   532 I dvm_lock_sample: [system_server,0,binder:517_2,368,OverlayManagerService.java,713,boolean com.android.server.om.OverlayManagerService$1.setEnabledExclusiveInCategory(java.lang.String, int),,0,null,73]
09-30 20:17:44.823   517  1282 I am_uid_running: 10128
09-30 20:17:44.951   517   549 I am_proc_start: [0,1416,10128,com.google.android.gms.persistent,service,{com.google.android.gms/com.google.android.gms.chimera.PersistentApiService}]
09-30 20:17:45.261   517   595 I am_compact: [1061,com.google.android.cellbroadcastreceiver,ANON,106060,55784,49544,0,-3112,0,-3112,3112,1112,SOME,0,905,19,4,-1440]
09-30 20:17:45.364   517   640 I service_manager_slow: [50,device_policy]
09-30 20:17:45.630  1358  1358 I service_manager_slow: [13,game]
09-30 20:17:45.853   894   894 I gsm_service_state_change: [1,1,0,0]
09-30 20:17:45.853   894   894 I gsm_rat_switched_new: [47108,0,11]
09-30 20:17:45.919   517  1282 I wm_finish_activity: [0,224881160,5,com.android.settings/.FallbackHome,app-request]
09-30 20:17:46.027   517   556 I dvm_lock_sample: [system_server,0,bgres-controller,365,ActivityManagerService.java,18534,boolean com.android.server.am.ActivityManagerService$LocalService.isProfileOwner(int),BroadcastQueueModernImpl.java,551,void com.android.server.am.BroadcastQueueModernImpl.checkPendingColdStartValidity(),73]
09-30 20:17:46.043   517   531 I dvm_lock_sample: [system_server,1,binder:517_1,309,ContentProviderHelper.java,702,void com.android.server.am.ContentProviderHelper.publishContentProviders(android.app.IApplicationThread, java.util.List),BroadcastQueueModernImpl.java,551,void com.android.server.am.BroadcastQueueModernImpl.checkPendingColdStartValidity(),61]
09-30 20:17:46.046   517   538 I dvm_lock_sample: [system_server,0,android.fg,227,ActivityManagerService.java,13403,int com.android.server.am.ActivityManagerService.bindServiceInstance(android.app.IApplicationThread, android.os.IBinder, android.content.Intent, java.lang.String, android.app.IServiceConnection, long, java.lang.String, boolean, int, java.lang.String, android.app.IApplicationThread, java.lang.String, int),BroadcastQueueModernImpl.java,551,void com.android.server.am.BroadcastQueueModernImpl.checkPendingColdStartValidity(),45]
09-30 20:17:46.052   517   532 I am_proc_bound: [0,1416,com.google.android.gms.persistent]
09-30 20:17:46.169   517  1282 I wm_pause_activity: [0,224881160,com.android.settings/.FallbackHome,userLeaving=false,finish]
09-30 20:17:46.183   517   542 I dvm_lock_sample: [system_server,1,android.anim,262,InputMonitor.java,121,void com.android.server.wm.InputMonitor$UpdateInputWindows.run(),ActivityTaskManagerService.java,1133,android.content.res.Configuration com.android.server.wm.ActivityTaskManagerService.getGlobalConfigurationForPid(int),52]
09-30 20:17:46.184   902   902 I wm_on_top_resumed_lost_called: [224881160,com.android.settings.FallbackHome,topStateChangedWhenResumed]
09-30 20:17:46.186   902   902 I wm_on_paused_called: [224881160,com.android.settings.FallbackHome,performPause,0]
09-30 20:17:46.230   517   578 I wm_task_created: 11
09-30 20:17:46.231   517   578 I wm_task_moved: [11,1,0,1,2147483647]
09-30 20:17:46.233   517   578 I wm_task_moved: [1,1,0,1,1]
09-30 20:17:46.233   517   578 I wm_create_task: [0,11,1,0]
09-30 20:17:46.233   517   578 I wm_create_activity: [0,193747057,11,com.google.android.apps.nexuslauncher/.NexusLauncherActivity,android.intent.action.MAIN,NULL,NULL,268435712]
09-30 20:17:46.234   517   578 I wm_task_moved: [1,1,0,1,1]
09-30 20:17:46.234   517   578 I wm_task_moved: [11,1,0,1,2147483647]
09-30 20:17:46.234   517   578 I wm_task_to_front: [0,11,0]
09-30 20:17:46.236   517   578 I wm_restart_activity: [0,193747057,11,com.google.android.apps.nexuslauncher/.NexusLauncherActivity]
09-30 20:17:46.239   517   578 I wm_set_resumed_activity: [0,com.google.android.apps.nexuslauncher/.NexusLauncherActivity,minimalResumeActivityLocked - onActivityStateChanged]
09-30 20:17:46.253   517   532 I am_uid_active: 10128
09-30 20:17:46.265   517   517 I dvm_lock_sample: [system_server,0,main,349,ActivityManagerService.java,13787,android.content.Intent com.android.server.am.ActivityManagerService.registerReceiverWithFeature(android.app.IApplicationThread, java.lang.String, java.lang.String, java.lang.String, android.content.IIntentReceiver, android.content.IntentFilter, java.lang.String, int, int),,0,null,69]
09-30 20:17:46.265   517   977 I dvm_lock_sample: [system_server,1,binder:517_9,246,ActivityManagerService.java,13403,int com.android.server.am.ActivityManagerService.bindServiceInstance(android.app.IApplicationThread, android.os.IBinder, android.content.Intent, java.lang.String, android.app.IServiceConnection, long, java.lang.String, boolean, int, java.lang.String, android.app.IApplicationThread, java.lang.String, int),,0,null,49]
09-30 20:17:46.267   517   606 I input_focus: [Focus leaving b9dc47d com.android.settings/com.android.settings.FallbackHome (server),reason=NO_WINDOW]
09-30 20:17:46.273   517   977 I am_uid_running: 10156
09-30 20:17:46.278   717  1018 I dvm_lock_sample: [com.android.systemui,0,binder:717_5,45,InputManagerGlobal.java,712,void android.hardware.input.InputManagerGlobal$LocalInputDeviceBatteryListener.onBatteryStateChanged(android.hardware.input.IInputDeviceBatteryState),-,661,void android.hardware.input.InputManagerGlobal.addInputDeviceBatteryListener(int, java.util.concurrent.Executor, android.hardware.input.InputManager$InputDeviceBatteryListener),9]
09-30 20:17:46.285   517  1427 I dvm_lock_sample: [system_server,0,pool-21-thread-1,627,ActivityManagerService.java,13986,android.content.Intent com.android.server.am.ActivityManagerService.registerReceiverWithFeature(android.app.IApplicationThread, java.lang.String, java.lang.String, java.lang.String, android.content.IIntentReceiver, android.content.IntentFilter, java.lang.String, int, int),,0,null,100]
09-30 20:17:46.287   517  1007 I dvm_lock_sample: [system_server,1,binder:517_A,219,ContentProviderHelper.java,174,android.app.ContentProviderHolder com.android.server.am.ContentProviderHelper.getContentProviderImpl(android.app.IApplicationThread, java.lang.String, android.os.IBinder, int, java.lang.String, java.lang.String, boolean, int),,0,null,43]
09-30 20:17:46.298   517   538 I dvm_lock_sample: [system_server,0,android.fg,218,ActivityManagerService.java,13425,boolean com.android.server.am.ActivityManagerService.unbindService(android.app.IServiceConnection),,0,null,43]
09-30 20:17:46.317   517   531 I dvm_lock_sample: [system_server,1,binder:517_1,169,ActivityManagerService.java,13787,android.content.Intent com.android.server.am.ActivityManagerService.registerReceiverWithFeature(android.app.IApplicationThread, java.lang.String, java.lang.String, java.lang.String, android.content.IIntentReceiver, android.content.IntentFilter, java.lang.String, int, int),,0,null,33]
09-30 20:17:46.317   517  1403 I dvm_lock_sample: [system_server,0,binder:517_E,360,ActivityManagerService.java,15321,int com.android.server.am.ActivityManagerService.broadcastIntentWithFeature(android.app.IApplicationThread, java.lang.String, android.content.Intent, java.lang.String, android.content.IIntentReceiver, int, java.lang.String, android.os.Bundle, java.lang.String[], java.lang.String[], java.lang.String[], int, android.os.Bundle, boolean, boolean, int),,0,null,72]
09-30 20:17:46.318   517   707 I dvm_lock_sample: [system_server,1,binder:517_5,299,ActivityManagerService.java,13787,android.content.Intent com.android.server.am.ActivityManagerService.registerReceiverWithFeature(android.app.IApplicationThread, java.lang.String, java.lang.String, java.lang.String, android.content.IIntentReceiver, android.content.IntentFilter, java.lang.String, int, int),,0,null,59]
09-30 20:17:46.319   517   578 I dvm_lock_sample: [system_server,1,binder:517_3,37,ActivityManagerService.java,15321,int com.android.server.am.ActivityManagerService.broadcastIntentWithFeature(android.app.IApplicationThread, java.lang.String, android.content.Intent, java.lang.String, android.content.IIntentReceiver, int, java.lang.String, android.os.Bundle, java.lang.String[], java.lang.String[], java.lang.String[], int, android.os.Bundle, boolean, boolean, int),,0,null,7]
09-30 20:17:46.319   517   691 I dvm_lock_sample: [system_server,1,binder:517_4,287,ActivityManagerService.java,14086,void com.android.server.am.ActivityManagerService.unregisterReceiver(android.content.IIntentReceiver),,0,null,57]
09-30 20:17:46.321   517   640 I dvm_lock_sample: [system_server,0,WifiHandlerThread,478,ActivityManagerService.java,15321,int com.android.server.am.ActivityManagerService.broadcastIntentWithFeature(android.app.IApplicationThread, java.lang.String, android.content.Intent, java.lang.String, android.content.IIntentReceiver, int, java.lang.String, android.os.Bundle, java.lang.String[], java.lang.String[], java.lang.String[], int, android.os.Bundle, boolean, boolean, int),,0,null,95]
09-30 20:17:46.321   517   783 I dvm_lock_sample: [system_server,1,binder:517_6,254,ActivityManagerService.java,13787,android.content.Intent com.android.server.am.ActivityManagerService.registerReceiverWithFeature(android.app.IApplicationThread, java.lang.String, java.lang.String, java.lang.String, android.content.IIntentReceiver, android.content.IntentFilter, java.lang.String, int, int),,0,null,50]
09-30 20:17:46.334   517   549 I am_proc_start: [0,1460,10156,com.google.android.apps.youtube.music,service,{com.google.android.apps.youtube.music/com.google.android.apps.youtube.music.mediabrowser.MusicBrowserService}]
09-30 20:17:46.378   517   595 I am_unfreeze: [1061,com.google.android.cellbroadcastreceiver,3]
09-30 20:17:46.403   517   691 I dvm_lock_sample: [system_server,1,binder:517_4,76,SettingsProvider.java,1334,java.util.HashMap com.android.providers.settings.SettingsProvider.getAllConfigFlags(java.lang.String),GenerationRegistry.java,181,void com.android.providers.settings.GenerationRegistry.addGenerationData(android.os.Bundle, int, java.lang.String),15]
09-30 20:17:46.424   517   787 I dvm_lock_sample: [system_server,1,binder:517_7,23,ActivityManagerService.java,13403,int com.android.server.am.ActivityManagerService.bindServiceInstance(android.app.IApplicationThread, android.os.IBinder, android.content.Intent, java.lang.String, android.app.IServiceConnection, long, java.lang.String, boolean, int, java.lang.String, android.app.IApplicationThread, java.lang.String, int),-,13404,int com.android.server.am.ActivityManagerService.bindServiceInstance(android.app.IApplicationThread, android.os.IBinder, android.content.Intent, java.lang.String, android.app.IServiceConnection, long, java.lang.String, boolean, int, java.lang.String, android.app.IApplicationThread, java.lang.String, int),4]
09-30 20:17:46.453   517   691 I am_uid_running: 10139
09-30 20:17:46.463   517   549 I am_proc_start: [0,1473,10128,com.google.android.gms,broadcast,{com.google.android.gms/com.google.android.gms.checkin.CheckinServiceTriggerReceiver}]
09-30 20:17:46.492   517   640 I service_manager_slow: [155,device_policy]
09-30 20:17:46.504   517   538 I dvm_lock_sample: [system_server,0,android.fg,12,ActivityManagerService.java,13425,boolean com.android.server.am.ActivityManagerService.unbindService(android.app.IServiceConnection),-,13404,int com.android.server.am.ActivityManagerService.bindServiceInstance(android.app.IApplicationThread, android.os.IBinder, android.content.Intent, java.lang.String, android.app.IServiceConnection, long, java.lang.String, boolean, int, java.lang.String, android.app.IApplicationThread, java.lang.String, int),2]
09-30 20:17:46.559   517   548 I dvm_lock_sample: [system_server,1,ActivityManager,27,BroadcastQueueModernImpl.java,293,boolean com.android.server.am.BroadcastQueueModernImpl.lambda$new$0(android.os.Message),ActivityManagerService.java,13404,int com.android.server.am.ActivityManagerService.bindServiceInstance(android.app.IApplicationThread, android.os.IBinder, android.content.Intent, java.lang.String, android.app.IServiceConnection, long, java.lang.String, boolean, int, java.lang.String, android.app.IApplicationThread, java.lang.String, int),5]
09-30 20:17:46.760   517   549 I am_proc_start: [0,1490,10132,com.google.android.googlequicksearchbox:search,service,{com.google.android.googlequicksearchbox/com.google.android.apps.gsa.staticplugins.mediabrowser.PodcastsMediaBrowserService}]
09-30 20:17:46.881   517   549 I am_proc_start: [0,1522,10139,com.google.android.youtube,service,{com.google.android.youtube/com.google.android.apps.youtube.app.extensions.mediabrowser.impl.MainAppMediaBrowserService}]
09-30 20:17:46.935  1460  1460 I service_manager_slow: [249,activity]
09-30 20:17:46.968   517   578 I dvm_lock_sample: [system_server,1,binder:517_3,172,JobSchedulerService.java,1992,android.app.job.JobInfo com.android.server.job.JobSchedulerService.getPendingJob(int, java.lang.String, int),-,3113,void com.android.server.job.JobSchedulerService.onControllerStateChanged(android.util.ArraySet),34]
09-30 20:17:47.006   517  1457 I am_wtf  : [0,812,com.android.networkstack.process,680050253,SystemServiceRegistry,No service published for: ethernet]
09-30 20:17:47.129   517   548 I dvm_lock_sample: [system_server,1,ActivityManager,159,BroadcastQueueModernImpl.java,293,boolean com.android.server.am.BroadcastQueueModernImpl.lambda$new$0(android.os.Message),ActivityManagerService.java,13404,int com.android.server.am.ActivityManagerService.bindServiceInstance(android.app.IApplicationThread, android.os.IBinder, android.content.Intent, java.lang.String, android.app.IServiceConnection, long, java.lang.String, boolean, int, java.lang.String, android.app.IApplicationThread, java.lang.String, int),31]
09-30 20:17:47.130   517  1282 I dvm_lock_sample: [system_server,1,binder:517_D,193,ActivityManagerService.java,13787,android.content.Intent com.android.server.am.ActivityManagerService.registerReceiverWithFeature(android.app.IApplicationThread, java.lang.String, java.lang.String, java.lang.String, android.content.IIntentReceiver, android.content.IntentFilter, java.lang.String, int, int),-,13404,int com.android.server.am.ActivityManagerService.bindServiceInstance(android.app.IApplicationThread, android.os.IBinder, android.content.Intent, java.lang.String, android.app.IServiceConnection, long, java.lang.String, boolean, int, java.lang.String, android.app.IApplicationThread, java.lang.String, int),38]
09-30 20:17:47.137   517   707 I dvm_lock_sample: [system_server,1,binder:517_5,169,ActivityManagerService.java,13403,int com.android.server.am.ActivityManagerService.bindServiceInstance(android.app.IApplicationThread, android.os.IBinder, android.content.Intent, java.lang.String, android.app.IServiceConnection, long, java.lang.String, boolean, int, java.lang.String, android.app.IApplicationThread, java.lang.String, int),-,13404,int com.android.server.am.ActivityManagerService.bindServiceInstance(android.app.IApplicationThread, android.os.IBinder, android.content.Intent, java.lang.String, android.app.IServiceConnection, long, java.lang.String, boolean, int, java.lang.String, android.app.IApplicationThread, java.lang.String, int),33]
09-30 20:17:47.213  1473  1473 I service_manager_slow: [103,activity]
09-30 20:17:47.293   517   787 I am_proc_bound: [0,1460,com.google.android.apps.youtube.music]
09-30 20:17:47.300   517   787 I am_uid_active: 10156
09-30 20:17:47.331   517   578 I dvm_lock_sample: [system_server,0,binder:517_3,326,ActivityManagerService.java,13459,void com.android.server.am.ActivityManagerService.serviceDoneExecuting(android.os.IBinder, int, int, int),,0,null,65]
09-30 20:17:47.366   517   640 I dvm_lock_sample: [system_server,0,WifiHandlerThread,202,ActivityManagerService.java,15321,int com.android.server.am.ActivityManagerService.broadcastIntentWithFeature(android.app.IApplicationThread, java.lang.String, android.content.Intent, java.lang.String, android.content.IIntentReceiver, int, java.lang.String, android.os.Bundle, java.lang.String[], java.lang.String[], java.lang.String[], int, android.os.Bundle, boolean, boolean, int),,0,null,40]
09-30 20:17:47.366  1490  1490 I service_manager_slow: [150,activity]
09-30 20:17:47.367   517  1403 I dvm_lock_sample: [system_server,1,binder:517_E,153,ActivityManagerService.java,4809,void com.android.server.am.ActivityManagerService.attachApplication(android.app.IApplicationThread, long),,0,null,30]
09-30 20:17:47.367   517  1403 I am_proc_bound: [0,1473,com.google.android.gms]
09-30 20:17:47.371   517  1051 I dvm_lock_sample: [system_server,1,binder:517_B,139,ContentProviderHelper.java,702,void com.android.server.am.ContentProviderHelper.publishContentProviders(android.app.IApplicationThread, java.util.List),,0,null,27]
09-30 20:17:47.371   517   532 I dvm_lock_sample: [system_server,1,binder:517_2,86,ActivityManagerService.java,15321,int com.android.server.am.ActivityManagerService.broadcastIntentWithFeature(android.app.IApplicationThread, java.lang.String, android.content.Intent, java.lang.String, android.content.IIntentReceiver, int, java.lang.String, android.os.Bundle, java.lang.String[], java.lang.String[], java.lang.String[], int, android.os.Bundle, boolean, boolean, int),,0,null,17]
09-30 20:17:47.378   517   548 I am_uid_running: 10113
09-30 20:17:47.389   517   588 I dvm_lock_sample: [system_server,0,appscheduling.default,360,ActivityManagerService.java,9656,int com.android.server.am.ActivityManagerService.getMemoryTrimLevel(),,0,null,72]
09-30 20:17:47.403   517   588 I am_uid_running: 10123
09-30 20:17:47.429   517   787 I am_proc_bound: [0,1490,com.google.android.googlequicksearchbox:search]
09-30 20:17:47.526   517   538 I dvm_lock_sample: [system_server,0,android.fg,51,ActivityManagerService.java,13425,boolean com.android.server.am.ActivityManagerService.unbindService(android.app.IServiceConnection),-,13426,boolean com.android.server.am.ActivityManagerService.unbindService(android.app.IServiceConnection),10]
09-30 20:17:47.559   517   549 I am_proc_start: [0,1554,10113,com.android.traceur,broadcast,{com.android.traceur/com.android.traceur.Receiver}]
09-30 20:17:47.572   517   701 I am_uid_running: 10191
09-30 20:17:47.581  1522  1522 I service_manager_slow: [240,activity]
09-30 20:17:47.798   517   532 I am_proc_bound: [0,1522,com.google.android.youtube]
09-30 20:17:47.801   517   532 I am_uid_active: 10139
09-30 20:17:47.811   517   787 I dvm_lock_sample: [system_server,0,binder:517_7,210,ActivityManagerService.java,13459,void com.android.server.am.ActivityManagerService.serviceDoneExecuting(android.os.IBinder, int, int, int),,0,null,42]
09-30 20:17:47.811   517   707 I dvm_lock_sample: [system_server,1,binder:517_5,208,ActivityManagerService.java,14086,void com.android.server.am.ActivityManagerService.unregisterReceiver(android.content.IIntentReceiver),,0,null,41]
09-30 20:17:47.882   517   549 I am_proc_start: [0,1559,10123,com.google.android.projection.gearhead:shared,service,{com.google.android.projection.gearhead/com.google.android.apps.auto.components.app.fzero.LauncherIconStateVerificationService}]
09-30 20:17:47.966   517   538 I sysui_multi_action: [757,803,799,window_time_0,802,25]
09-30 20:17:48.236   517   787 I dvm_lock_sample: [system_server,0,binder:517_7,231,ActivityManagerService.java,13459,void com.android.server.am.ActivityManagerService.serviceDoneExecuting(android.os.IBinder, int, int, int),-,13404,int com.android.server.am.ActivityManagerService.bindServiceInstance(android.app.IApplicationThread, android.os.IBinder, android.content.Intent, java.lang.String, android.app.IServiceConnection, long, java.lang.String, boolean, int, java.lang.String, android.app.IApplicationThread, java.lang.String, int),46]
09-30 20:17:48.248   517   549 I dvm_lock_sample: [system_server,1,ActivityManager:procStart,227,ProcessList.java,2074,void com.android.server.am.ProcessList.lambda$handleProcessStart$1(com.android.server.am.ProcessRecord, java.lang.String, int[], int, int, int, java.lang.String, java.lang.String, java.lang.String, long),ActivityManagerService.java,13404,int com.android.server.am.ActivityManagerService.bindServiceInstance(android.app.IApplicationThread, android.os.IBinder, android.content.Intent, java.lang.String, android.app.IServiceConnection, long, java.lang.String, boolean, int, java.lang.String, android.app.IApplicationThread, java.lang.String, int),45]
09-30 20:17:48.250   517   549 I am_proc_start: [0,1590,10191,com.google.android.permissioncontroller,service,{com.google.android.permissioncontroller/com.android.permissioncontroller.permission.service.PermissionControllerServiceImpl}]
09-30 20:17:48.258   517   548 I dvm_lock_sample: [system_server,1,ActivityManager,202,BroadcastQueueModernImpl.java,293,boolean com.android.server.am.BroadcastQueueModernImpl.lambda$new$0(android.os.Message),ActivityManagerService.java,13404,int com.android.server.am.ActivityManagerService.bindServiceInstance(android.app.IApplicationThread, android.os.IBinder, android.content.Intent, java.lang.String, android.app.IServiceConnection, long, java.lang.String, boolean, int, java.lang.String, android.app.IApplicationThread, java.lang.String, int),40]
09-30 20:17:48.406   517   541 I dvm_lock_sample: [system_server,1,android.display,401,ResourcesManager.java,1028,android.content.res.Resources android.app.ResourcesManager.createResources(android.content.res.ResourcesKey, java.lang.ClassLoader, android.app.ResourcesManager$ApkAssetsSupplier),-,1040,android.content.res.Resources android.app.ResourcesManager.createResources(android.content.res.ResourcesKey, java.lang.ClassLoader, android.app.ResourcesManager$ApkAssetsSupplier),80]
09-30 20:17:48.555  1554  1554 I service_manager_slow: [96,activity]
09-30 20:17:48.654   517  1007 I am_proc_bound: [0,1554,com.android.traceur]
09-30 20:17:48.733   517  1403 I dvm_lock_sample: [system_server,1,binder:517_E,51,AppOpsService.java,3793,com.android.server.appop.AppOpsService$PackageVerificationResult com.android.server.appop.AppOpsService.verifyAndGetBypass(int, java.lang.String, java.lang.String, java.lang.String, boolean),AppOpsCheckingServiceImpl.java,214,int com.android.server.appop.AppOpsCheckingServiceImpl.getUidMode(int, int),10]
09-30 20:17:48.755   517  1007 I am_uid_active: 10113
09-30 20:17:48.765   812  1005 I service_manager_slow: [20,connmetrics]
09-30 20:17:48.782   517  1567 I am_proc_bound: [0,1559,com.google.android.projection.gearhead:shared]
09-30 20:17:48.917   517   647 I netstats_mobile_sample: [0,0,0,0,0,0,0,0,1790824668917]
09-30 20:17:48.917   517   647 I netstats_wifi_sample: [0,0,0,0,0,0,0,0,1790824668917]
09-30 20:17:48.950   517   571 I dvm_lock_sample: [system_server,0,PackageManager,95,MessageQueue.java,337,android.os.Message android.os.MessageQueue.next(),-,600,boolean android.os.MessageQueue.enqueueMessage(android.os.Message, long),19]
09-30 20:17:49.128   517   517 I dvm_lock_sample: [system_server,0,main,202,ActivityManagerService.java,13403,int com.android.server.am.ActivityManagerService.bindServiceInstance(android.app.IApplicationThread, android.os.IBinder, android.content.Intent, java.lang.String, android.app.IServiceConnection, long, java.lang.String, boolean, int, java.lang.String, android.app.IApplicationThread, java.lang.String, int),-,13404,int com.android.server.am.ActivityManagerService.bindServiceInstance(android.app.IApplicationThread, android.os.IBinder, android.content.Intent, java.lang.String, android.app.IServiceConnection, long, java.lang.String, boolean, int, java.lang.String, android.app.IApplicationThread, java.lang.String, int),40]
09-30 20:17:49.132   517   787 I dvm_lock_sample: [system_server,1,binder:517_7,145,ActivityManagerService.java,13787,android.content.Intent com.android.server.am.ActivityManagerService.registerReceiverWithFeature(android.app.IApplicationThread, java.lang.String, java.lang.String, java.lang.String, android.content.IIntentReceiver, android.content.IntentFilter, java.lang.String, int, int),,0,null,29]
09-30 20:17:49.134   983  1624 I dvm_lock_sample: [com.google.android.apps.nexuslau,0,ViewPool-init,209,AssetManager.java,549,boolean android.content.res.AssetManager.getResourceValue(int, int, android.util.TypedValue, boolean),,0,null,41]
09-30 20:17:49.136   517   670 I dvm_lock_sample: [system_server,0,backup,434,ActivityManagerService.java,13986,android.content.Intent com.android.server.am.ActivityManagerService.registerReceiverWithFeature(android.app.IApplicationThread, java.lang.String, java.lang.String, java.lang.String, android.content.IIntentReceiver, android.content.IntentFilter, java.lang.String, int, int),,0,null,86]
09-30 20:17:49.145   517   634 I dvm_lock_sample: [system_server,0,NetworkStats,221,ActivityManagerService.java,15321,int com.android.server.am.ActivityManagerService.broadcastIntentWithFeature(android.app.IApplicationThread, java.lang.String, android.content.Intent, java.lang.String, android.content.IIntentReceiver, int, java.lang.String, android.os.Bundle, java.lang.String[], java.lang.String[], java.lang.String[], int, android.os.Bundle, boolean, boolean, int),,0,null,44]
09-30 20:17:49.335  1590  1590 I service_manager_slow: [301,activity]
09-30 20:17:49.363   517   578 I am_proc_bound: [0,1590,com.google.android.permissioncontroller]
09-30 20:17:49.383   517   578 I am_uid_active: 10191
09-30 20:17:49.613   517  1427 I dvm_lock_sample: [system_server,0,pool-21-thread-1,2906,UsageStatsService.java,1408,android.app.usage.UsageEvents com.android.server.usage.UsageStatsService.queryEvents(int, long, long, int),-,488,void com.android.server.usage.UsageStatsService.onUserUnlocked(int),100]
09-30 20:17:49.834   517   548 I am_uid_running: 10126
09-30 20:17:49.894   517   549 I am_proc_start: [0,1646,10126,com.google.android.onetimeinitializer,broadcast,{com.google.android.onetimeinitializer/com.google.android.onetimeinitializer.OneTimeInitializerReceiver}]
09-30 20:17:49.971   983   983 I wm_on_create_called: [193747057,com.google.android.apps.nexuslauncher.NexusLauncherActivity,performCreate,2313]
09-30 20:17:49.972   983   983 I wm_on_start_called: [193747057,com.google.android.apps.nexuslauncher.NexusLauncherActivity,handleStartActivity,0]
09-30 20:17:49.976   983   983 I wm_on_resume_called: [193747057,com.google.android.apps.nexuslauncher.NexusLauncherActivity,RESUME_ACTIVITY,0]
09-30 20:17:50.117   983   983 I wm_on_top_resumed_gained_called: [193747057,com.google.android.apps.nexuslauncher.NexusLauncherActivity,topStateChangedWhenResumed]
09-30 20:17:50.118   517   783 I wm_set_requested_orientation: [5,com.google.android.apps.nexuslauncher/.NexusLauncherActivity]
09-30 20:17:50.124   517   548 I dvm_lock_sample: [system_server,1,ActivityManager,148,BroadcastQueueModernImpl.java,293,boolean com.android.server.am.BroadcastQueueModernImpl.lambda$new$0(android.os.Message),,0,null,29]
09-30 20:17:50.172   517   547 I dvm_lock_sample: [system_server,0,android.bg,89,SettingsProvider.java,1401,com.android.providers.settings.SettingsState$Setting com.android.providers.settings.SettingsProvider.getGlobalSetting(java.lang.String),GenerationRegistry.java,181,void com.android.providers.settings.GenerationRegistry.addGenerationData(android.os.Bundle, int, java.lang.String),17]
09-30 20:17:50.187   517   542 I input_focus: [Focus request 11ebe94 com.google.android.apps.nexuslauncher/com.google.android.apps.nexuslauncher.NexusLauncherActivity,reason=UpdateInputWindows]
09-30 20:17:50.394   517   540 I dvm_lock_sample: [system_server,0,android.io,181,MessageQueue.java,337,android.os.Message android.os.MessageQueue.next(),-,600,boolean android.os.MessageQueue.enqueueMessage(android.os.Message, long),36]
09-30 20:17:50.404   894   894 I service_manager_slow: [73,carrier_config]
09-30 20:17:50.438  1319  1319 I service_manager_slow: [61,netstats]
09-30 20:17:50.570  1646  1646 I service_manager_slow: [99,activity]
09-30 20:17:50.571   517  1282 I am_proc_bound: [0,1646,com.google.android.onetimeinitializer]
09-30 20:17:50.582   517  1282 I am_uid_active: 10126
09-30 20:17:50.622   517   548 I ssm_user_completed_event: [0,2]
09-30 20:17:50.651   517  1457 I configuration_changed: 3
09-30 20:17:50.872   812  1005 I service_manager_slow: [51,connmetrics]
09-30 20:17:50.935   517  1636 I pm_snapshot_rebuild: [118,2138]
09-30 20:17:51.057   517   640 I dvm_lock_sample: [system_server,0,WifiHandlerThread,155,ActivityManagerService.java,15321,int com.android.server.am.ActivityManagerService.broadcastIntentWithFeature(android.app.IApplicationThread, java.lang.String, android.content.Intent, java.lang.String, android.content.IIntentReceiver, int, java.lang.String, android.os.Bundle, java.lang.String[], java.lang.String[], java.lang.String[], int, android.os.Bundle, boolean, boolean, int),,0,null,31]
09-30 20:17:51.066   517  1636 I dvm_lock_sample: [system_server,1,binder:517_12,128,ActivityManagerService.java,13787,android.content.Intent com.android.server.am.ActivityManagerService.registerReceiverWithFeature(android.app.IApplicationThread, java.lang.String, java.lang.String, java.lang.String, android.content.IIntentReceiver, android.content.IntentFilter, java.lang.String, int, int),-,13404,int com.android.server.am.ActivityManagerService.bindServiceInstance(android.app.IApplicationThread, android.os.IBinder, android.content.Intent, java.lang.String, android.app.IServiceConnection, long, java.lang.String, boolean, int, java.lang.String, android.app.IApplicationThread, java.lang.String, int),25]
09-30 20:17:51.559   517  1051 I wm_wallpaper_surface: [0,0,null]
09-30 20:17:51.608   517   647 I service_manager_stats: [100,715,19342]
09-30 20:17:51.856   517   647 I service_manager_slow: [32,time_detector]
09-30 20:17:51.856   517   647 I netstats_mobile_sample: [0,0,0,0,0,0,0,0,1790824671856]
09-30 20:17:51.857   517   647 I netstats_wifi_sample: [0,0,0,0,0,0,0,0,1790824671856]
09-30 20:17:51.899   517   634 I dvm_lock_sample: [system_server,0,NetworkStats,341,NetworkStatsService.java,2079,void android.net.connectivity.com.android.server.net.NetworkStatsService.handleNotifyNetworkStatus(android.net.Network[], android.net.NetworkStateSnapshot[], java.lang.String),-,2087,void android.net.connectivity.com.android.server.net.NetworkStatsService.handleNotifyNetworkStatus(android.net.Network[], android.net.NetworkStateSnapshot[], java.lang.String),68]
09-30 20:17:52.090   517   634 I netstats_mobile_sample: [0,0,0,0,0,0,0,0,1790824672090]
09-30 20:17:52.090   517   634 I netstats_wifi_sample: [0,0,0,0,1900,1260,3,2,1790824672090]
09-30 20:17:52.143   517   647 I netstats_mobile_sample: [0,0,0,0,0,0,0,0,1790824672143]
09-30 20:17:52.143   517   647 I netstats_wifi_sample: [0,0,0,0,1900,1260,3,2,1790824672143]
09-30 20:17:52.183   517  1007 I dvm_lock_sample: [system_server,1,binder:517_A,100,ActivityManagerService.java,5964,boolean com.android.server.am.ActivityManagerService.isAppStartModeDisabled(int, java.lang.String),-,1846,void com.android.server.am.ActivityManagerService$MainHandler.handleMessage(android.os.Message),20]
09-30 20:17:52.200   517   556 I dvm_lock_sample: [system_server,0,bgres-controller,194,ActivityManagerService.java,5662,int com.android.server.am.ActivityManagerService.getUidState(int),-,1846,void com.android.server.am.ActivityManagerService$MainHandler.handleMessage(android.os.Message),38]
09-30 20:17:52.305  1291  1713 I service_manager_slow: [559,media.camera]
09-30 20:17:52.444   517  1636 I am_wtf  : [0,812,com.android.networkstack.process,680050253,SystemServiceRegistry,No service published for: ethernet]
09-30 20:17:52.452  1238  1670 I dvm_lock_sample: [com.google.android.apps.wellbein,0,Blocking Thread #4,667,PG,1,java.util.Map ixc.a(android.content.Context),-,31,java.util.Map ixc.a(android.content.Context),100]
09-30 20:17:52.489   517  1458 I dvm_lock_sample: [system_server,1,binder:517_10,93,ActivityManagerService.java,14086,void com.android.server.am.ActivityManagerService.unregisterReceiver(android.content.IIntentReceiver),,0,null,18]
09-30 20:17:52.521  1490  1694 I dvm_lock_sample: [com.google.android.googlequickse,1,BG Thread #0,95,PG,1,java.lang.Object dagger.a.e.b(),-,2,java.lang.Object dagger.a.e.b(),19]
09-30 20:17:52.593  1238  1669 I dvm_lock_sample: [com.google.android.apps.wellbein,0,Blocking Thread #3,709,PG,1,java.util.Map ixc.a(android.content.Context),-,31,java.util.Map ixc.a(android.content.Context),100]
09-30 20:17:52.629   517   707 I am_uid_running: 10160
09-30 20:17:52.692   517   549 I am_proc_start: [0,1761,10160,com.google.android.apps.wallpaper,content provider,{com.google.android.apps.wallpaper/com.google.android.apps.wallpaper.provider.RecentWallpapersProvider}]
09-30 20:17:52.721   517   540 I commit_sys_config_file: [notification-policy,26657]
09-30 20:17:52.743   517   594 I commit_sys_config_file: [settings-0-0,278]
09-30 20:17:53.010   517   673 I ntp_success: [time.android.com/216.239.35.12,491,1193]
09-30 20:17:53.036   517  1458 I wm_destroy_activity: [0,224881160,5,com.android.settings/.FallbackHome,finish-idle]
09-30 20:17:53.037   902   902 I wm_on_stop_called: [224881160,com.android.settings.FallbackHome,LIFECYCLER_STOP_ACTIVITY,0]
09-30 20:17:53.042   902   902 I wm_on_destroy_called: [224881160,com.android.settings.FallbackHome,performDestroy,3]
09-30 20:17:53.063   517   532 I wm_wallpaper_surface: [0,1,Window{11ebe94 u0 com.google.android.apps.nexuslauncher/com.google.android.apps.nexuslauncher.NexusLauncherActivity}]
09-30 20:17:53.119   517   787 I wm_task_removed: [5,1,0,removeChild, last child = ActivityRecord{d676a08 u0 com.android.settings/.FallbackHome t-1 f}} in Task{186c5a1 #5 type=home A=1000:com.android.settings.FallbackHome}]
09-30 20:17:53.221   517   606 I input_focus: [Focus entering 11ebe94 com.google.android.apps.nexuslauncher/com.google.android.apps.nexuslauncher.NexusLauncherActivity (server),reason=Window became focusable. Previous reason: NOT_VISIBLE]
09-30 20:17:53.228   517   538 I sysui_multi_action: [319,4892,322,6869,325,47,757,761,758,8,759,2,806,com.google.android.apps.nexuslauncher,871,com.google.android.apps.nexuslauncher.NexusLauncherActivity,905,0,1320,4,1321,23]
09-30 20:17:53.245   517   538 I wm_activity_launch_time: [0,193747057,com.google.android.apps.nexuslauncher/.NexusLauncherActivity,6869]
09-30 20:17:53.271   517  1403 I pm_snapshot_rebuild: [54,22]
09-30 20:17:53.277   517   541 I dvm_lock_sample: [system_server,1,android.display,45,InputMethodManagerService.java,5756,void com.android.server.inputmethod.InputMethodManagerService$LocalServiceImpl.reportImeControl(android.os.IBinder),-,3708,com.android.internal.inputmethod.InputBindResult com.android.server.inputmethod.InputMethodManagerService.startInputOrWindowGainedFocus(int, com.android.internal.inputmethod.IInputMethodClient, android.os.IBinder, int, int, int, android.view.inputmethod.EditorInfo, com.android.internal.inputmethod.IRemoteInputConnection, com.android.internal.inputmethod.IRemoteAccessibilityInputConnection, int, int, android.window.ImeOnBackInvokedDispatcher),9]
09-30 20:17:53.379   517   549 I am_proc_start: [0,1802,10128,com.google.process.gservices,content provider,{com.google.android.gsf/com.google.android.gsf.gservices.GservicesProvider}]
09-30 20:17:53.417  1238  1259 I service_manager_slow: [57,color_display]
09-30 20:17:53.422   517   556 I dvm_lock_sample: [system_server,0,bgres-controller,88,ActivityManagerService.java,15434,void com.android.server.am.ActivityManagerService.finishReceiver(android.os.IBinder, int, java.lang.String, android.os.Bundle, boolean, int),,0,null,17]
09-30 20:17:53.494  1238  1259 I service_manager_slow: [75,usagestats]
09-30 20:17:53.540   717   784 I service_manager_slow: [268,phone]
09-30 20:17:53.620  1761  1761 I service_manager_slow: [348,activity]
09-30 20:17:53.675   517  1805 I dropbox_file_copy: [/sys/fs/pstore/console-ramoops-0,-196071,SYSTEM_LAST_KMSG]
09-30 20:17:53.760   517   532 I am_proc_bound: [0,1761,com.google.android.apps.wallpaper]
09-30 20:17:53.767   517  1805 I commit_sys_config_file: [log-files,26229]
09-30 20:17:53.782   517  1803 I service_manager_slow: [106,account]
09-30 20:17:53.782  1238  1259 I service_manager_slow: [99,uimode]
09-30 20:17:53.816   517   532 I dvm_lock_sample: [system_server,1,binder:517_2,54,ActivityTaskManagerService.java,6150,android.content.res.CompatibilityInfo com.android.server.wm.ActivityTaskManagerService$LocalService.compatibilityInfoForPackage(android.content.pm.ApplicationInfo),WindowSurfacePlacer.java,58,void com.android.server.wm.WindowSurfacePlacer$Traverser.run(),10]
09-30 20:17:53.842   517   532 I am_uid_active: 10160
09-30 20:17:53.856   517  1805 I dvm_lock_sample: [system_server,0,Thread-20,89,ContentProviderHelper.java,174,android.app.ContentProviderHolder com.android.server.am.ContentProviderHelper.getContentProviderImpl(android.app.IApplicationThread, java.lang.String, android.os.IBinder, int, java.lang.String, java.lang.String, boolean, int),ActivityManagerService.java,4940,void com.android.server.am.ActivityManagerService.finishAttachApplicationInner(long, int, int),17]
09-30 20:17:53.857   517  1805 I am_uid_running: 10086
09-30 20:17:53.888   517   549 I am_proc_start: [0,1834,10086,android.process.media,content provider,{com.android.providers.downloads/com.android.providers.downloads.DownloadProvider}]
09-30 20:17:54.066   517  1321 I backup_transport_lifecycle: [com.android.localtransport/.LocalTransportService,1]
09-30 20:17:54.076   517   531 I dvm_lock_sample: [system_server,1,binder:517_1,125,ActivityManagerService.java,13439,void com.android.server.am.ActivityManagerService.publishService(android.os.IBinder, android.content.Intent, android.os.IBinder),-,13404,int com.android.server.am.ActivityManagerService.bindServiceInstance(android.app.IApplicationThread, android.os.IBinder, android.content.Intent, java.lang.String, android.app.IServiceConnection, long, java.lang.String, boolean, int, java.lang.String, android.app.IApplicationThread, java.lang.String, int),25]
09-30 20:17:54.078   517   811 I dvm_lock_sample: [system_server,1,binder:517_8,120,ActivityManagerService.java,13787,android.content.Intent com.android.server.am.ActivityManagerService.registerReceiverWithFeature(android.app.IApplicationThread, java.lang.String, java.lang.String, java.lang.String, android.content.IIntentReceiver, android.content.IntentFilter, java.lang.String, int, int),-,13404,int com.android.server.am.ActivityManagerService.bindServiceInstance(android.app.IApplicationThread, android.os.IBinder, android.content.Intent, java.lang.String, android.app.IServiceConnection, long, java.lang.String, boolean, int, java.lang.String, android.app.IApplicationThread, java.lang.String, int),24]
09-30 20:17:54.089   517   549 I am_proc_start: [0,1849,1000,com.android.localtransport,service,{com.android.localtransport/com.android.localtransport.LocalTransportService}]
09-30 20:17:54.103   517   532 I dvm_lock_sample: [system_server,1,binder:517_2,48,ActivityManagerService.java,13787,android.content.Intent com.android.server.am.ActivityManagerService.registerReceiverWithFeature(android.app.IApplicationThread, java.lang.String, java.lang.String, java.lang.String, android.content.IIntentReceiver, android.content.IntentFilter, java.lang.String, int, int),,0,null,9]
09-30 20:17:54.177   517   531 I am_wtf  : [0,812,com.android.networkstack.process,680050253,SystemServiceRegistry,No service published for: ethernet]
09-30 20:17:54.274  1460  1758 I dvm_lock_sample: [com.google.android.apps.youtube.,1,BG Thread #5,445,PG,1,atmp aask.c(),-,3,atmp aask.c(),89]
09-30 20:17:54.318   517   531 I am_proc_bound: [0,1802,com.google.process.gservices]
09-30 20:17:54.349  1834  1834 I service_manager_slow: [77,activity]
09-30 20:17:54.406   517   532 I am_proc_bound: [0,1834,android.process.media]
09-30 20:17:54.436  1849  1849 I service_manager_slow: [21,activity]
09-30 20:17:54.460   517   532 I am_uid_active: 10086
09-30 20:17:54.471  1460  1782 I dvm_lock_sample: [com.google.android.apps.youtube.,1,Firebase Background Thread #1,746,PG,1,java.lang.Object aqok.call(),-,4,java.lang.Object aqol.call(),100]
09-30 20:17:54.480   517   531 I am_proc_bound: [0,1849,com.android.localtransport]
09-30 20:17:54.482   517   787 I dvm_lock_sample: [system_server,1,binder:517_7,93,JobSchedulerService.java,1842,java.util.List com.android.server.job.JobSchedulerService.getPendingJobsInNamespace(int, java.lang.String),-,3305,void com.android.server.job.JobSchedulerService$JobHandler.handleMessage(android.os.Message),18]
09-30 20:17:54.533  1291  1359 I dvm_lock_sample: [com.google.android.as,0,binder:1291_3,534,CameraManager.java,2765,void android.hardware.camera2.CameraManager$CameraManagerGlobal.onTorchStatusChanged(int, java.lang.String),-,2128,java.lang.String[] android.hardware.camera2.CameraManager$CameraManagerGlobal.getCameraIdList(),100]
09-30 20:17:54.540   517   517 I cc_connect_state_changed: [0,1,0]
09-30 20:17:54.653   517   977 I dvm_lock_sample: [system_server,1,binder:517_9,85,ActivityManagerService.java,13787,android.content.Intent com.android.server.am.ActivityManagerService.registerReceiverWithFeature(android.app.IApplicationThread, java.lang.String, java.lang.String, java.lang.String, android.content.IIntentReceiver, android.content.IntentFilter, java.lang.String, int, int),-,13444,void com.android.server.am.ActivityManagerService.publishService(android.os.IBinder, android.content.Intent, android.os.IBinder),17]
09-30 20:17:55.011   517   707 I am_uid_running: 10121
09-30 20:17:55.033   517   549 I am_proc_start: [0,1941,10121,com.google.android.as.oss,service,{com.google.android.as.oss/com.google.android.apps.miphone.astrea.grpc.AstreaGrpcService}]
09-30 20:17:55.098  1460  1832 I dvm_lock_sample: [com.google.android.apps.youtube.,1,BG Thread #11,493,PG,-1,apfy wqa.r(),-,3,apfy wqa.s(),98]
09-30 20:17:55.101  1460  1831 I dvm_lock_sample: [com.google.android.apps.youtube.,1,BG Thread #10,463,PG,-1,apfy wqa.t(),-,3,apfy wqa.s(),92]
09-30 20:17:55.214   517   517 I notification_cancel_all: [1000,517,com.google.android.googlequicksearchbox,0,0,0,20,NULL]
09-30 20:17:55.214   517   517 I notification_cancel_all: [1000,517,com.google.android.googlequicksearchbox,0,0,0,20,NULL]
09-30 20:17:55.254   517  1567 I am_proc_bound: [0,1941,com.google.android.as.oss]
09-30 20:17:55.255  1460  1460 I service_manager_slow: [94,virtualdevice]
09-30 20:17:55.259   517  1567 I am_uid_active: 10121
09-30 20:17:55.271   517   517 I backup_transport_connection: [com.android.localtransport/.LocalTransportService,1]
09-30 20:17:55.651   517  1567 I dvm_lock_sample: [system_server,1,binder:517_11,308,SettingsProvider.java,1401,com.android.providers.settings.SettingsState$Setting com.android.providers.settings.SettingsProvider.getGlobalSetting(java.lang.String),GenerationRegistry.java,181,void com.android.providers.settings.GenerationRegistry.addGenerationData(android.os.Bundle, int, java.lang.String),61]
09-30 20:17:55.660   517  1813 I dvm_lock_sample: [system_server,1,binder:517_14,238,SettingsProvider.java,1401,com.android.providers.settings.SettingsState$Setting com.android.providers.settings.SettingsProvider.getGlobalSetting(java.lang.String),GenerationRegistry.java,181,void com.android.providers.settings.GenerationRegistry.addGenerationData(android.os.Bundle, int, java.lang.String),47]
09-30 20:17:55.661   517   787 I dvm_lock_sample: [system_server,1,binder:517_7,154,SettingsProvider.java,1334,java.util.HashMap com.android.providers.settings.SettingsProvider.getAllConfigFlags(java.lang.String),GenerationRegistry.java,181,void com.android.providers.settings.GenerationRegistry.addGenerationData(android.os.Bundle, int, java.lang.String),30]
09-30 20:17:55.666   517   588 I dvm_lock_sample: [system_server,0,appscheduling.default,247,ConnectivityController.java,1526,void com.android.server.job.controllers.ConnectivityController$CcHandler.handleMessage(android.os.Message),TimeController.java,322,void com.android.server.job.controllers.TimeController.checkExpiredDelaysAndResetAlarm(),49]
09-30 20:17:55.674  1291  1705 I dvm_lock_sample: [com.google.android.as,0,aiai-normal-shared-0,232,Runtime.java,-1,void java.lang.Runtime.loadLibrary0(java.lang.ClassLoader, java.lang.Class, java.lang.String),-,1084,void java.lang.Runtime.loadLibrary0(java.lang.ClassLoader, java.lang.Class, java.lang.String),46]
09-30 20:17:55.978  1522  2006 I dvm_lock_sample: [com.google.android.youtube,0,pool-3-thread-2,87,PG,43,int oqg.b(android.content.Context, int),-,94,int oqg.b(android.content.Context, int),17]
09-30 20:17:56.053  1291  1928 I dvm_lock_sample: [com.google.android.as,0,aiai-nls-0,1210,PG,1,java.lang.Object qbx.a(),-,2,java.lang.Object qbx.a(),100]
09-30 20:17:56.342   517  1321 I backup_transport_lifecycle: [com.android.localtransport/.LocalTransportService,0]
09-30 20:17:56.412   517  1321 I backup_transport_connection: [com.android.localtransport/.LocalTransportService,0]
09-30 20:17:56.495   517  1321 I dvm_lock_sample: [system_server,0,backup-0,33,ActivityManagerService.java,13425,boolean com.android.server.am.ActivityManagerService.unbindService(android.app.IServiceConnection),,0,null,6]
09-30 20:17:56.578  1460  1958 I dvm_lock_sample: [com.google.android.apps.youtube.,0,yt-critical14-1,1405,Runtime.java,-1,void java.lang.Runtime.loadLibrary0(java.lang.ClassLoader, java.lang.Class, java.lang.String),-,1084,void java.lang.Runtime.loadLibrary0(java.lang.ClassLoader, java.lang.Class, java.lang.String),100]
09-30 20:17:56.766  1490  1490 I dvm_lock_sample: [com.google.android.googlequickse,1,main,3615,ActivityThread.java,7309,android.content.IContentProvider android.app.ActivityThread.acquireProvider(android.content.Context, java.lang.String, int, boolean),-,7330,android.content.IContentProvider android.app.ActivityThread.acquireProvider(android.content.Context, java.lang.String, int, boolean),100]
09-30 20:17:56.821   517  1321 I backup_transport_lifecycle: [com.google.android.gms/.backup.component.D2dTransportService,1]
09-30 20:17:56.951  1238  1895 I dvm_lock_sample: [com.google.android.apps.wellbein,1,Lite Thread #0,146,MessageQueue.java,337,android.os.Message android.os.MessageQueue.next(),-,600,boolean android.os.MessageQueue.enqueueMessage(android.os.Message, long),29]
09-30 20:17:57.018  1522  2015 I dvm_lock_sample: [com.google.android.youtube,1,BG Thread #9,148,PG,1,akrv vdu.E(),-,23,akrv vdu.D(),29]
09-30 20:17:57.271   894   894 I service_manager_slow: [45,carrier_config]
09-30 20:17:57.429   517   540 I commit_sys_config_file: [jobs,10]
09-30 20:17:57.919   894   894 I service_manager_stats: [100,513,58919]
09-30 20:17:57.941  1416  1440 I dvm_lock_sample: [com.google.android.gms.persisten,1,binder:1416_1,1168,:com.google.android.gms@231818047@23.18.18 (190800-535401451),1,hfq hfr.a(),-,3,hfq hfr.a(),100]
09-30 20:17:57.942  1416  1445 I dvm_lock_sample: [com.google.android.gms.persisten,1,binder:1416_2,1170,:com.google.android.gms@231818047@23.18.18 (190800-535401451),1,hfq hfr.a(),-,3,hfq hfr.a(),100]
09-30 20:17:57.942  1416  1459 I dvm_lock_sample: [com.google.android.gms.persisten,1,binder:1416_3,1131,:com.google.android.gms@231818047@23.18.18 (190800-535401451),1,hfq hfr.a(),-,3,hfq hfr.a(),100]
09-30 20:17:57.944  1416  2082 I dvm_lock_sample: [com.google.android.gms.persisten,1,binder:1416_7,692,:com.google.android.gms@231818047@23.18.18 (190800-535401451),1,hfq hfr.a(),-,3,hfq hfr.a(),100]
09-30 20:17:57.949  1416  2081 I dvm_lock_sample: [com.google.android.gms.persisten,1,binder:1416_6,660,:com.google.android.gms@231818047@23.18.18 (190800-535401451),1,hfq hfr.a(),-,3,hfq hfr.a(),100]
09-30 20:17:57.962   517  1457 I dvm_lock_sample: [system_server,1,binder:517_F,170,AppOpsService.java,3793,com.android.server.appop.AppOpsService$PackageVerificationResult com.android.server.appop.AppOpsService.verifyAndGetBypass(int, java.lang.String, java.lang.String, java.lang.String, boolean),-,2439,int com.android.server.appop.AppOpsService.checkOperationUnchecked(int, int, java.lang.String, java.lang.String, boolean),34]
09-30 20:17:57.963   517   548 I dvm_lock_sample: [system_server,1,ActivityManager,170,MessageQueue.java,337,android.os.Message android.os.MessageQueue.next(),-,600,boolean android.os.MessageQueue.enqueueMessage(android.os.Message, long),34]
09-30 20:17:58.034  1460  1768 I dvm_lock_sample: [com.google.android.apps.youtube.,0,firebase-installations-executor-2,2617,PG,1,int qfd.c(android.content.Context, java.lang.String, boolean),-,21,int qfd.f(android.content.Context, java.lang.String, boolean, boolean),100]
09-30 20:17:58.188   517   549 I am_proc_start: [0,2128,10128,com.google.process.gapps,content provider,{com.google.android.gsf/com.google.android.gsf.settings.GoogleSettingsProvider}]
09-30 20:17:58.233  1490  1854 I dvm_lock_sample: [com.google.android.googlequickse,0,Blocking Thread #6,161,PG,1,java.util.Map com.google.android.libraries.phenotype.client.stable.ab.a(android.content.Context),-,13,java.util.Map com.google.android.libraries.phenotype.client.stable.ab.a(android.content.Context),32]
09-30 20:17:58.397   517  1567 I dvm_lock_sample: [system_server,1,binder:517_11,119,AppOpsService.java,3793,com.android.server.appop.AppOpsService$PackageVerificationResult com.android.server.appop.AppOpsService.verifyAndGetBypass(int, java.lang.String, java.lang.String, java.lang.String, boolean),-,2439,int com.android.server.appop.AppOpsService.checkOperationUnchecked(int, int, java.lang.String, java.lang.String, boolean),23]
09-30 20:17:58.420   517   644 I dvm_lock_sample: [system_server,0,WifiScanningService,40,ActivityManagerService.java,5964,boolean com.android.server.am.ActivityManagerService.isAppStartModeDisabled(int, java.lang.String),OomAdjuster.java,920,void com.android.server.am.OomAdjuster.performUpdateOomAdjPendingTargetsLocked(int),8]
09-30 20:17:58.612  2128  2128 I service_manager_slow: [227,activity]
09-30 20:17:58.624   517   588 I dvm_lock_sample: [system_server,0,appscheduling.default,665,MessageQueue.java,337,android.os.Message android.os.MessageQueue.next(),-,600,boolean android.os.MessageQueue.enqueueMessage(android.os.Message, long),100]
09-30 20:17:58.625   517  1282 I dvm_lock_sample: [system_server,1,binder:517_D,638,Handler.java,927,android.os.IMessenger android.os.Handler.getIMessenger(),MessageQueue.java,600,boolean android.os.MessageQueue.enqueueMessage(android.os.Message, long),100]
09-30 20:17:58.721  1460  1460 I dvm_lock_sample: [com.google.android.apps.youtube.,1,main,3406,PG,1,java.lang.Object bflx.a(),-,2,java.lang.Object bflx.a(),100]
09-30 20:17:58.747   517   707 I am_proc_bound: [0,2128,com.google.process.gapps]
09-30 20:17:58.791   517   531 I dvm_lock_sample: [system_server,1,binder:517_1,567,JobServiceContext.java,1135,void com.android.server.job.JobServiceContext.doCallback(com.android.server.job.JobServiceContext$JobCallback, boolean, java.lang.String),JobSchedulerService.java,2288,int com.android.server.job.JobSchedulerService.getUidBias(int),100]
09-30 20:17:58.840  1319  1319 I dvm_lock_sample: [com.google.android.googlequickse,1,main,818,PG,1,void com.google.android.gms.common.internal.ah.onServiceConnected(android.content.ComponentName, android.os.IBinder),-,13,boolean com.google.android.gms.common.internal.aj.b(com.google.android.gms.common.internal.af, android.content.ServiceConnection, java.lang.String, java.util.concurrent.Executor),100]
09-30 20:17:58.902   517   707 I dvm_lock_sample: [system_server,1,binder:517_5,41,ActivityManagerService.java,13439,void com.android.server.am.ActivityManagerService.publishService(android.os.IBinder, android.content.Intent, android.os.IBinder),-,13404,int com.android.server.am.ActivityManagerService.bindServiceInstance(android.app.IApplicationThread, android.os.IBinder, android.content.Intent, java.lang.String, android.app.IServiceConnection, long, java.lang.String, boolean, int, java.lang.String, android.app.IApplicationThread, java.lang.String, int),8]
09-30 20:17:58.902   517  1636 I service_manager_slow: [114,carrier_config]
09-30 20:17:58.907   517   531 I dvm_lock_sample: [system_server,0,binder:517_1,41,ActivityManagerService.java,13459,void com.android.server.am.ActivityManagerService.serviceDoneExecuting(android.os.IBinder, int, int, int),-,13404,int com.android.server.am.ActivityManagerService.bindServiceInstance(android.app.IApplicationThread, android.os.IBinder, android.content.Intent, java.lang.String, android.app.IServiceConnection, long, java.lang.String, boolean, int, java.lang.String, android.app.IApplicationThread, java.lang.String, int),8]
09-30 20:17:59.043   517   517 I dvm_lock_sample: [system_server,0,main,62,MessageQueue.java,337,android.os.Message android.os.MessageQueue.next(),-,600,boolean android.os.MessageQueue.enqueueMessage(android.os.Message, long),12]
09-30 20:17:59.131   517   977 I sysui_multi_action: [757,856,758,1,806,com.google.android.apps.youtube.music,857,ExternalDeviceNotifications,858,2]
09-30 20:17:59.177   517   578 I dvm_lock_sample: [system_server,1,binder:517_3,369,AppOpsService.java,3793,com.android.server.appop.AppOpsService$PackageVerificationResult com.android.server.appop.AppOpsService.verifyAndGetBypass(int, java.lang.String, java.lang.String, java.lang.String, boolean),-,2439,int com.android.server.appop.AppOpsService.checkOperationUnchecked(int, int, java.lang.String, java.lang.String, boolean),73]
09-30 20:17:59.178   517   532 I dvm_lock_sample: [system_server,1,binder:517_2,305,AppOpsService.java,3793,com.android.server.appop.AppOpsService$PackageVerificationResult com.android.server.appop.AppOpsService.verifyAndGetBypass(int, java.lang.String, java.lang.String, java.lang.String, boolean),-,2439,int com.android.server.appop.AppOpsService.checkOperationUnchecked(int, int, java.lang.String, java.lang.String, boolean),61]
09-30 20:17:59.185   517   707 I dvm_lock_sample: [system_server,1,binder:517_5,253,AppOpsService.java,3793,com.android.server.appop.AppOpsService$PackageVerificationResult com.android.server.appop.AppOpsService.verifyAndGetBypass(int, java.lang.String, java.lang.String, java.lang.String, boolean),-,2439,int com.android.server.appop.AppOpsService.checkOperationUnchecked(int, int, java.lang.String, java.lang.String, boolean),50]
09-30 20:17:59.206   517  1636 I dvm_lock_sample: [system_server,1,binder:517_12,285,AppOpsService.java,3793,com.android.server.appop.AppOpsService$PackageVerificationResult com.android.server.appop.AppOpsService.verifyAndGetBypass(int, java.lang.String, java.lang.String, java.lang.String, boolean),-,2439,int com.android.server.appop.AppOpsService.checkOperationUnchecked(int, int, java.lang.String, java.lang.String, boolean),57]
09-30 20:17:59.316   517   548 I dvm_lock_sample: [system_server,1,ActivityManager,153,BroadcastQueueModernImpl.java,293,boolean com.android.server.am.BroadcastQueueModernImpl.lambda$new$0(android.os.Message),ActivityManagerService.java,13426,boolean com.android.server.am.ActivityManagerService.unbindService(android.app.IServiceConnection),30]
09-30 20:17:59.396   517   540 I commit_sys_config_file: [notification-policy,33332]
09-30 20:17:59.499  1319  1319 I dvm_lock_sample: [com.google.android.googlequickse,1,main,495,PG,1,void com.google.android.gms.common.internal.ah.onServiceConnected(android.content.ComponentName, android.os.IBinder),-,13,boolean com.google.android.gms.common.internal.aj.b(com.google.android.gms.common.internal.af, android.content.ServiceConnection, java.lang.String, java.util.concurrent.Executor),99]
09-30 20:17:59.520   517   682 I dvm_lock_sample: [system_server,0,BackgroundInstallControlService,380,MessageQueue.java,337,android.os.Message android.os.MessageQueue.next(),-,600,boolean android.os.MessageQueue.enqueueMessage(android.os.Message, long),76]
09-30 20:17:59.545   517   787 I dvm_lock_sample: [system_server,1,binder:517_7,147,ActivityManagerService.java,13787,android.content.Intent com.android.server.am.ActivityManagerService.registerReceiverWithFeature(android.app.IApplicationThread, java.lang.String, java.lang.String, java.lang.String, android.content.IIntentReceiver, android.content.IntentFilter, java.lang.String, int, int),-,13404,int com.android.server.am.ActivityManagerService.bindServiceInstance(android.app.IApplicationThread, android.os.IBinder, android.content.Intent, java.lang.String, android.app.IServiceConnection, long, java.lang.String, boolean, int, java.lang.String, android.app.IApplicationThread, java.lang.String, int),29]
09-30 20:17:59.563   517   588 I dvm_lock_sample: [system_server,0,appscheduling.default,425,QuotaController.java,2656,void com.android.server.job.controllers.QuotaController$QcHandler.handleMessage(android.os.Message),JobSchedulerService.java,3113,void com.android.server.job.JobSchedulerService.onControllerStateChanged(android.util.ArraySet),85]
09-30 20:18:00.074  1416  1416 I dvm_lock_sample: [com.google.android.gms.persisten,1,main,581,:com.google.android.gms@231818047@23.18.18 (190800-535401451),1,java.lang.Object cves.b(java.lang.String),-,5,java.lang.Object cves.b(java.lang.String),100]
09-30 20:18:00.095  1416  1440 I dvm_lock_sample: [com.google.android.gms.persisten,0,binder:1416_1,596,:com.google.android.gms@231818047@23.18.18 (190800-535401451),1,java.lang.Object cves.b(java.lang.String),-,5,java.lang.Object cves.b(java.lang.String),100]
09-30 20:18:00.106  1416  2066 I dvm_lock_sample: [com.google.android.gms.persisten,0,GoogleApiHandler,484,:com.google.android.gms@231818047@23.18.18 (190800-535401451),1,java.lang.Object cves.b(java.lang.String),-,5,java.lang.Object cves.b(java.lang.String),96]
09-30 20:18:00.138   517   682 I dvm_lock_sample: [system_server,0,BackgroundInstallControlService,613,MessageQueue.java,337,android.os.Message android.os.MessageQueue.next(),-,600,boolean android.os.MessageQueue.enqueueMessage(android.os.Message, long),100]
09-30 20:18:00.141  1416  1445 I dvm_lock_sample: [com.google.android.gms.persisten,0,binder:1416_2,495,:com.google.android.gms@231818047@23.18.18 (190800-535401451),4,java.lang.Object cvep.g(),-,14,java.lang.Object cvep.g(),99]
09-30 20:18:00.211   517   548 I dvm_lock_sample: [system_server,1,ActivityManager,286,BroadcastQueueModernImpl.java,293,boolean com.android.server.am.BroadcastQueueModernImpl.lambda$new$0(android.os.Message),,0,null,57]
09-30 20:18:00.211   517   532 I dvm_lock_sample: [system_server,1,binder:517_2,242,ActivityManagerService.java,18461,boolean com.android.server.am.ActivityManagerService$LocalService.hasForegroundServiceNotification(java.lang.String, int, java.lang.String),,0,null,48]
09-30 20:18:00.211   517  1786 I dvm_lock_sample: [system_server,1,binder:517_13,235,ActivityManagerService.java,13787,android.content.Intent com.android.server.am.ActivityManagerService.registerReceiverWithFeature(android.app.IApplicationThread, java.lang.String, java.lang.String, java.lang.String, android.content.IIntentReceiver, android.content.IntentFilter, java.lang.String, int, int),,0,null,47]
09-30 20:18:00.220   517   517 I notification_cancel_all: [1000,517,com.google.android.youtube,0,0,0,20,NULL]
09-30 20:18:00.228   517   578 I dvm_lock_sample: [system_server,1,binder:517_3,103,ActivityManagerService.java,13403,int com.android.server.am.ActivityManagerService.bindServiceInstance(android.app.IApplicationThread, android.os.IBinder, android.content.Intent, java.lang.String, android.app.IServiceConnection, long, java.lang.String, boolean, int, java.lang.String, android.app.IApplicationThread, java.lang.String, int),,0,null,20]
09-30 20:18:00.243   517   783 I dvm_lock_sample: [system_server,1,binder:517_6,203,ActivityManagerService.java,13425,boolean com.android.server.am.ActivityManagerService.unbindService(android.app.IServiceConnection),,0,null,40]
09-30 20:18:00.245   517  1282 I sysui_multi_action: [757,856,758,1,806,com.google.android.youtube,857,generic_notifications,858,2]
09-30 20:18:00.254   517   532 I sysui_multi_action: [757,856,758,1,806,com.google.android.youtube,857,1,858,4]
09-30 20:18:00.255   517   532 I sysui_multi_action: [757,856,758,1,806,com.google.android.youtube,857,2,858,4]
09-30 20:18:00.271   517   532 I sysui_multi_action: [757,856,758,1,806,com.google.android.youtube,857,3,858,3]
09-30 20:18:00.274   517   532 I sysui_multi_action: [757,856,758,1,806,com.google.android.youtube,857,5,858,2]
09-30 20:18:00.281   517   532 I sysui_multi_action: [757,856,758,1,806,com.google.android.youtube,857,6,858,2]
09-30 20:18:00.289   517  1786 I sysui_multi_action: [757,856,758,1,806,com.google.android.youtube,857,7,858,2]
09-30 20:18:00.310   517   578 I sysui_multi_action: [757,856,758,1,806,com.google.android.youtube,857,90,858,2]
09-30 20:18:00.323   517  1636 I sysui_multi_action: [757,856,758,1,806,com.google.android.youtube,857,10,858,4]
09-30 20:18:00.338  1416  1416 I service_manager_slow: [79,thermalservice]
09-30 20:18:00.432   517  1051 I dvm_lock_sample: [system_server,1,binder:517_B,280,ActivityManagerService.java,13439,void com.android.server.am.ActivityManagerService.publishService(android.os.IBinder, android.content.Intent, android.os.IBinder),,0,null,56]
09-30 20:18:00.433   517   531 I dvm_lock_sample: [system_server,1,binder:517_1,195,ActivityManagerService.java,15321,int com.android.server.am.ActivityManagerService.broadcastIntentWithFeature(android.app.IApplicationThread, java.lang.String, android.content.Intent, java.lang.String, android.content.IIntentReceiver, int, java.lang.String, android.os.Bundle, java.lang.String[], java.lang.String[], java.lang.String[], int, android.os.Bundle, boolean, boolean, int),,0,null,39]
09-30 20:18:00.451  1291  1705 I dvm_lock_sample: [com.google.android.as,0,aiai-normal-shared-0,689,SecureRandom.java,-1,void java.security.SecureRandom.nextBytes(byte[]),-,481,void java.security.SecureRandom.nextBytes(byte[]),100]
09-30 20:18:00.460   517  1282 I am_foreground_service_start: [0,com.google.android.apps.wellbeing/com.google.apps.tiktok.concurrent.InternalForegroundService,1,BACKGROUND_ACTIVITY_PERMISSION,33,33,0,0,0,1,UNKNOWN,0]
09-30 20:18:00.462   517   977 I dvm_lock_sample: [system_server,0,binder:517_9,236,ActivityManagerService.java,13459,void com.android.server.am.ActivityManagerService.serviceDoneExecuting(android.os.IBinder, int, int, int),,0,null,47]
09-30 20:18:00.465   517  1567 I dvm_lock_sample: [system_server,1,binder:517_11,195,ActivityManagerService.java,13403,int com.android.server.am.ActivityManagerService.bindServiceInstance(android.app.IApplicationThread, android.os.IBinder, android.content.Intent, java.lang.String, android.app.IServiceConnection, long, java.lang.String, boolean, int, java.lang.String, android.app.IApplicationThread, java.lang.String, int),,0,null,39]
09-30 20:18:00.473   517   548 I dvm_lock_sample: [system_server,1,ActivityManager,35,BroadcastQueueModernImpl.java,293,boolean com.android.server.am.BroadcastQueueModernImpl.lambda$new$0(android.os.Message),,0,null,7]
09-30 20:18:00.481   517   517 I notification_cancel_all: [1000,517,com.google.android.youtube,0,0,0,20,NULL]
09-30 20:18:00.486   517   517 I backup_transport_connection: [com.google.android.gms/.backup.component.D2dTransportService,1]
09-30 20:18:00.527   517   540 I commit_sys_config_file: [notification-policy,34463]
09-30 20:18:00.532   717   784 I dvm_lock_sample: [com.android.systemui,0,SysUiBg,116,MessageQueue.java,554,boolean android.os.MessageQueue.enqueueMessage(android.os.Message, long),-,704,void android.os.MessageQueue.removeMessages(android.os.Handler, int, java.lang.Object),23]
09-30 20:18:00.567   517  1457 I dvm_lock_sample: [system_server,1,binder:517_F,161,ContentProviderHelper.java,174,android.app.ContentProviderHolder com.android.server.am.ContentProviderHelper.getContentProviderImpl(android.app.IApplicationThread, java.lang.String, android.os.IBinder, int, java.lang.String, java.lang.String, boolean, int),,0,null,32]
09-30 20:18:00.578   517   588 I dvm_lock_sample: [system_server,0,appscheduling.default,440,QuotaController.java,2656,void com.android.server.job.controllers.QuotaController$QcHandler.handleMessage(android.os.Message),JobSchedulerService.java,2305,int com.android.server.job.JobSchedulerService.getUidProcState(int),88]
09-30 20:18:00.589   517   707 I dvm_lock_sample: [system_server,1,binder:517_5,60,ActivityManagerService.java,13189,android.content.ComponentName com.android.server.am.ActivityManagerService.startService(android.app.IApplicationThread, android.content.Intent, java.lang.String, boolean, java.lang.String, java.lang.String, int, boolean, int, java.lang.String, java.lang.String),,0,null,12]
09-30 20:18:00.619   517   578 I am_uid_running: 10150
09-30 20:18:00.716   517   549 I am_proc_start: [0,2234,10150,com.android.chrome,service,{com.android.chrome/org.chromium.chrome.browser.customtabs.CustomTabsConnectionService}]
09-30 20:18:00.836   517   517 I dvm_lock_sample: [system_server,0,main,86,DeviceIdleJobsController.java,101,void com.android.server.job.controllers.DeviceIdleJobsController$1.onReceive(android.content.Context, android.content.Intent),QuotaController.java,760,boolean com.android.server.job.controllers.QuotaController.isUidInForeground(int),17]
09-30 20:18:00.846   517   638 I commit_sys_config_file: [net-policy,32466]
09-30 20:18:00.855   517   542 I input_focus: [Focus request f4b8d7a com.google.android.apps.nexuslauncher/com.google.android.apps.nexuslauncher.NexusLauncherActivity,reason=UpdateInputWindows]
09-30 20:18:00.912   517   606 I input_focus: [Focus leaving 11ebe94 com.google.android.apps.nexuslauncher/com.google.android.apps.nexuslauncher.NexusLauncherActivity (server),reason=Waiting for window because NO_WINDOW]
09-30 20:18:00.938   517   540 I commit_sys_config_file: [notification-policy,34874]
09-30 20:18:01.026   812   871 I service_manager_slow: [19,ethernet]
09-30 20:18:01.034   517  1786 I am_wtf  : [0,812,com.android.networkstack.process,680050253,SystemServiceRegistry,No service published for: ethernet]
09-30 20:18:01.068   517   540 I commit_sys_config_file: [jobs,3]
09-30 20:18:01.131  1416  1416 I dvm_lock_sample: [com.google.android.gms.persisten,1,main,265,:com.google.android.gms@231818047@23.18.18 (190800-535401451),1,cvdh cvdh.a(android.content.ContentResolver, android.net.Uri, java.lang.Runnable),-,3,cvdh cvdh.a(android.content.ContentResolver, android.net.Uri, java.lang.Runnable),53]
09-30 20:18:01.138  1416  2144 I dvm_lock_sample: [com.google.android.gms.persisten,0,highpool[4],722,:com.google.android.gms@231818047@23.18.18 (190800-535401451),1,cvdh cvdh.a(android.content.ContentResolver, android.net.Uri, java.lang.Runnable),-,3,cvdh cvdh.a(android.content.ContentResolver, android.net.Uri, java.lang.Runnable),100]
09-30 20:18:01.152  1416  1445 I dvm_lock_sample: [com.google.android.gms.persisten,1,binder:1416_2,748,:com.google.android.gms@231818047@23.18.18 (190800-535401451),1,cvdh cvdh.a(android.content.ContentResolver, android.net.Uri, java.lang.Runnable),-,3,cvdh cvdh.a(android.content.ContentResolver, android.net.Uri, java.lang.Runnable),100]
09-30 20:18:01.196  2234  2234 I service_manager_slow: [384,activity]
09-30 20:18:01.198   517   783 I dvm_lock_sample: [system_server,1,binder:517_6,470,ActivityManagerService.java,13403,int com.android.server.am.ActivityManagerService.bindServiceInstance(android.app.IApplicationThread, android.os.IBinder, android.content.Intent, java.lang.String, android.app.IServiceConnection, long, java.lang.String, boolean, int, java.lang.String, android.app.IApplicationThread, java.lang.String, int),BroadcastQueueModernImpl.java,551,void com.android.server.am.BroadcastQueueModernImpl.checkPendingColdStartValidity(),94]
09-30 20:18:01.205   517   531 I dvm_lock_sample: [system_server,0,binder:517_1,475,ActivityManagerService.java,13459,void com.android.server.am.ActivityManagerService.serviceDoneExecuting(android.os.IBinder, int, int, int),BroadcastQueueModernImpl.java,551,void com.android.server.am.BroadcastQueueModernImpl.checkPendingColdStartValidity(),95]
09-30 20:18:01.206   517   578 I dvm_lock_sample: [system_server,1,binder:517_3,501,ActivityManagerService.java,13403,int com.android.server.am.ActivityManagerService.bindServiceInstance(android.app.IApplicationThread, android.os.IBinder, android.content.Intent, java.lang.String, android.app.IServiceConnection, long, java.lang.String, boolean, int, java.lang.String, android.app.IApplicationThread, java.lang.String, int),,0,null,100]
09-30 20:18:01.209   517   532 I dvm_lock_sample: [system_server,1,binder:517_2,482,ActivityManagerService.java,13439,void com.android.server.am.ActivityManagerService.publishService(android.os.IBinder, android.content.Intent, android.os.IBinder),BroadcastQueueModernImpl.java,551,void com.android.server.am.BroadcastQueueModernImpl.checkPendingColdStartValidity(),96]
09-30 20:18:01.209   517  1051 I dvm_lock_sample: [system_server,1,binder:517_B,418,ContentProviderHelper.java,174,android.app.ContentProviderHolder com.android.server.am.ContentProviderHelper.getContentProviderImpl(android.app.IApplicationThread, java.lang.String, android.os.IBinder, int, java.lang.String, java.lang.String, boolean, int),BroadcastQueueModernImpl.java,551,void com.android.server.am.BroadcastQueueModernImpl.checkPendingColdStartValidity(),83]
09-30 20:18:01.213   517   977 I dvm_lock_sample: [system_server,1,binder:517_9,310,ActivityManagerService.java,13787,android.content.Intent com.android.server.am.ActivityManagerService.registerReceiverWithFeature(android.app.IApplicationThread, java.lang.String, java.lang.String, java.lang.String, android.content.IIntentReceiver, android.content.IntentFilter, java.lang.String, int, int),BroadcastQueueModernImpl.java,551,void com.android.server.am.BroadcastQueueModernImpl.checkPendingColdStartValidity(),62]
09-30 20:18:01.216   517  1079 I dvm_lock_sample: [system_server,1,binder:517_C,125,ContentProviderHelper.java,174,android.app.ContentProviderHolder com.android.server.am.ContentProviderHelper.getContentProviderImpl(android.app.IApplicationThread, java.lang.String, android.os.IBinder, int, java.lang.String, java.lang.String, boolean, int),BroadcastQueueModernImpl.java,551,void com.android.server.am.BroadcastQueueModernImpl.checkPendingColdStartValidity(),25]
09-30 20:18:01.241   517  1457 I dvm_lock_sample: [system_server,1,binder:517_F,230,ContentProviderHelper.java,174,android.app.ContentProviderHolder com.android.server.am.ContentProviderHelper.getContentProviderImpl(android.app.IApplicationThread, java.lang.String, android.os.IBinder, int, java.lang.String, java.lang.String, boolean, int),,0,null,46]
09-30 20:18:01.242   517   707 I dvm_lock_sample: [system_server,1,binder:517_5,370,ActivityManagerService.java,13189,android.content.ComponentName com.android.server.am.ActivityManagerService.startService(android.app.IApplicationThread, android.content.Intent, java.lang.String, boolean, java.lang.String, java.lang.String, int, boolean, int, java.lang.String, java.lang.String),,0,null,74]
09-30 20:18:01.402   517   783 I am_proc_bound: [0,2234,com.android.chrome]
09-30 20:18:01.449  1490  1710 I dvm_lock_sample: [com.google.android.googlequickse,1,Lite Thread #0,167,PG,1,java.lang.Object dagger.a.e.b(),-,2,java.lang.Object dagger.a.e.b(),33]
09-30 20:18:01.571  1473  2161 I dvm_lock_sample: [com.google.android.gms,0,[com.google.android.gms.chimera.container.intentoperation.GmsIntentOperationChimeraService-Executor] processing com.google.android.gms.constellation.checker.SimStateChecker for action android.intent.action.SIM_STATE_CHANGED,297,ActivityThread.java,7475,boolean android.app.ActivityThread.releaseProvider(android.content.IContentProvider, boolean),-,7551,boolean android.app.ActivityThread.releaseProvider(android.content.IContentProvider, boolean),59]
09-30 20:18:01.733  1416  2130 I dvm_lock_sample: [com.google.android.gms.persisten,1,binder:1416_B,104,:com.google.android.gms@231818047@23.18.18 (190800-535401451),0,dlqt acea.d(java.lang.Runnable),-,0,dlqt acea.d(java.lang.Runnable),20]
09-30 20:18:01.755  1490  1859 I service_manager_slow: [52,location]
09-30 20:18:01.868   517   606 I input_focus: [Focus entering f4b8d7a com.google.android.apps.nexuslauncher/com.google.android.apps.nexuslauncher.NexusLauncherActivity (server),reason=Window became focusable. Previous reason: NOT_VISIBLE]
09-30 20:18:01.880  1473  1473 I gms_unknown: 2369
09-30 20:18:01.881  1473  1473 I gms_unknown: 47106
09-30 20:18:01.910   517   606 I input_focus: [Focus leaving f4b8d7a com.google.android.apps.nexuslauncher/com.google.android.apps.nexuslauncher.NexusLauncherActivity (server),reason=NOT_VISIBLE]
09-30 20:18:01.925   517   595 I am_freeze: [902,com.android.settings]
09-30 20:18:01.933   517   707 I dvm_lock_sample: [system_server,1,binder:517_5,79,ActivityManagerService.java,5964,boolean com.android.server.am.ActivityManagerService.isAppStartModeDisabled(int, java.lang.String),OomAdjuster.java,920,void com.android.server.am.OomAdjuster.performUpdateOomAdjPendingTargetsLocked(int),15]
09-30 20:18:01.965   517   541 I dvm_lock_sample: [system_server,1,android.display,77,AnrController.java,265,void com.android.server.wm.AnrController.onFocusChanged(com.android.server.wm.WindowState),WindowManagerService.java,2557,int com.android.server.wm.WindowManagerService.relayoutWindow(com.android.server.wm.Session, android.view.IWindow, android.view.WindowManager$LayoutParams, int, int, int, int, int, int, android.window.ClientWindowFrames, android.util.MergedConfiguration, android.view.SurfaceControl, android.view.InsetsState, android.view.InsetsSourceControl$Array, android.os.Bundle),15]
09-30 20:18:01.966   517   542 I input_focus: [Focus request 11ebe94 com.google.android.apps.nexuslauncher/com.google.android.apps.nexuslauncher.NexusLauncherActivity,reason=UpdateInputWindows]
09-30 20:18:02.004   517   606 I input_focus: [Focus entering 11ebe94 com.google.android.apps.nexuslauncher/com.google.android.apps.nexuslauncher.NexusLauncherActivity (server),reason=setFocusedWindow]
09-30 20:18:02.004   517   787 I dvm_lock_sample: [system_server,1,binder:517_7,322,JobServiceContext.java,745,void com.android.server.job.JobServiceContext.doJobFinished(com.android.server.job.JobServiceContext$JobCallback, int, boolean),,0,null,64]
09-30 20:18:02.069   517  1813 I dvm_lock_sample: [system_server,1,binder:517_14,100,ActivityManagerService.java,13403,int com.android.server.am.ActivityManagerService.bindServiceInstance(android.app.IApplicationThread, android.os.IBinder, android.content.Intent, java.lang.String, android.app.IServiceConnection, long, java.lang.String, boolean, int, java.lang.String, android.app.IApplicationThread, java.lang.String, int),,0,null,20]
09-30 20:18:02.090   517   548 I am_uid_running: 10117
09-30 20:18:02.167   517  1321 I backup_transport_lifecycle: [com.google.android.gms/.backup.component.D2dTransportService,0]
09-30 20:18:02.167   517  1321 I backup_transport_connection: [com.google.android.gms/.backup.component.D2dTransportService,0]
09-30 20:18:02.250  1460  1768 I dvm_lock_sample: [com.google.android.apps.youtube.,0,firebase-installations-executor-2,4200,LoadedApk.java,1124,java.lang.ClassLoader android.app.LoadedApk.getClassLoader(),-,1128,java.lang.ClassLoader android.app.LoadedApk.getClassLoader(),100]
09-30 20:18:02.290  1490  1699 I dvm_lock_sample: [com.google.android.googlequickse,1,BG Thread #1,259,PG,1,java.lang.Object dagger.a.e.b(),-,2,java.lang.Object dagger.a.e.b(),51]
09-30 20:18:02.306   517  1567 I dvm_lock_sample: [system_server,1,binder:517_11,180,ActivityManagerService.java,13189,android.content.ComponentName com.android.server.am.ActivityManagerService.startService(android.app.IApplicationThread, android.content.Intent, java.lang.String, boolean, java.lang.String, java.lang.String, int, boolean, int, java.lang.String, java.lang.String),BroadcastQueueModernImpl.java,559,void com.android.server.am.BroadcastQueueModernImpl.checkPendingColdStartValidity(),36]
09-30 20:18:02.312   517   588 I dvm_lock_sample: [system_server,0,appscheduling.default,218,JobSchedulerService.java,3152,void com.android.server.job.JobSchedulerService$JobHandler.handleMessage(android.os.Message),-,2288,int com.android.server.job.JobSchedulerService.getUidBias(int),43]
09-30 20:18:02.321   517   578 I dvm_lock_sample: [system_server,0,binder:517_3,185,ActivityManagerService.java,13459,void com.android.server.am.ActivityManagerService.serviceDoneExecuting(android.os.IBinder, int, int, int),BroadcastQueueModernImpl.java,559,void com.android.server.am.BroadcastQueueModernImpl.checkPendingColdStartValidity(),37]
09-30 20:18:02.349   517  1457 I dvm_lock_sample: [system_server,1,binder:517_F,388,ActivityManagerService.java,13986,android.content.Intent com.android.server.am.ActivityManagerService.registerReceiverWithFeature(android.app.IApplicationThread, java.lang.String, java.lang.String, java.lang.String, android.content.IIntentReceiver, android.content.IntentFilter, java.lang.String, int, int),,0,null,77]
09-30 20:18:02.377   517   549 I am_proc_start: [0,2307,10117,com.android.imsserviceentitlement,broadcast,{com.android.imsserviceentitlement/com.android.imsserviceentitlement.ImsEntitlementReceiver}]
09-30 20:18:02.432   894   894 I service_manager_slow: [142,phone]
09-30 20:18:02.692  1319  1961 I dvm_lock_sample: [com.google.android.googlequickse,1,Lite Thread #0,138,PG,1,com.google.android.libraries.phenotype.client.u com.google.android.libraries.phenotype.client.u.a(android.content.Context),-,14,com.google.android.libraries.phenotype.client.u com.google.android.libraries.phenotype.client.u.a(android.content.Context),27]
09-30 20:18:02.695   517  1786 I dvm_lock_sample: [system_server,1,binder:517_13,117,ActivityManagerService.java,13787,android.content.Intent com.android.server.am.ActivityManagerService.registerReceiverWithFeature(android.app.IApplicationThread, java.lang.String, java.lang.String, java.lang.String, android.content.IIntentReceiver, android.content.IntentFilter, java.lang.String, int, int),,0,null,23]
09-30 20:18:02.762   517   707 I dvm_lock_sample: [system_server,1,binder:517_5,197,ActivityManagerService.java,13189,android.content.ComponentName com.android.server.am.ActivityManagerService.startService(android.app.IApplicationThread, android.content.Intent, java.lang.String, boolean, java.lang.String, java.lang.String, int, boolean, int, java.lang.String, java.lang.String),,0,null,39]
09-30 20:18:02.826   517  1321 I backup_transport_lifecycle: [com.google.android.gms/.backup.BackupTransportService,1]
09-30 20:18:02.851   517   548 I dvm_lock_sample: [system_server,1,ActivityManager,7,BroadcastQueueModernImpl.java,293,boolean com.android.server.am.BroadcastQueueModernImpl.lambda$new$0(android.os.Message),ActivityManagerService.java,13195,android.content.ComponentName com.android.server.am.ActivityManagerService.startService(android.app.IApplicationThread, android.content.Intent, java.lang.String, boolean, java.lang.String, java.lang.String, int, boolean, int, java.lang.String, java.lang.String),1]
09-30 20:18:02.852   517  1282 I dvm_lock_sample: [system_server,1,binder:517_D,192,ActivityManagerService.java,13403,int com.android.server.am.ActivityManagerService.bindServiceInstance(android.app.IApplicationThread, android.os.IBinder, android.content.Intent, java.lang.String, android.app.IServiceConnection, long, java.lang.String, boolean, int, java.lang.String, android.app.IApplicationThread, java.lang.String, int),,0,null,38]
09-30 20:18:02.861   717   784 I service_manager_slow: [392,phone]
09-30 20:18:02.998   517   531 I am_proc_bound: [0,2307,com.android.imsserviceentitlement]
09-30 20:18:03.021  1490  1854 I dvm_lock_sample: [com.google.android.googlequickse,0,Blocking Thread #6,397,PG,1,java.lang.Object dagger.a.e.b(),-,2,java.lang.Object dagger.a.e.b(),79]
09-30 20:18:03.062  1291  2292 I dvm_lock_sample: [com.google.android.as,0,aiai-fedass-0,688,Runtime.java,-1,void java.lang.Runtime.loadLibrary0(java.lang.ClassLoader, java.lang.Class, java.lang.String),-,1084,void java.lang.Runtime.loadLibrary0(java.lang.ClassLoader, java.lang.Class, java.lang.String),100]
09-30 20:18:03.084   517   595 I am_compact: [902,com.android.settings,ANON,151448,95080,55544,0,-9552,0,-9552,9552,1158,SOME,0,905,19,932,-1584]
09-30 20:18:03.254   517   540 I commit_sys_config_file: [jobs,3]
09-30 20:18:03.355  1416  2102 I dvm_lock_sample: [com.google.android.gms.persisten,0,highpool[2],283,ActivityThread.java,7309,android.content.IContentProvider android.app.ActivityThread.acquireProvider(android.content.Context, java.lang.String, int, boolean),-,7330,android.content.IContentProvider android.app.ActivityThread.acquireProvider(android.content.Context, java.lang.String, int, boolean),56]
09-30 20:18:03.399  1473  1473 I dvm_lock_sample: [com.google.android.gms,1,main,477,:com.google.android.gms@231818047@23.18.18 (190800-535401451),1,cvdh cvdh.a(android.content.ContentResolver, android.net.Uri, java.lang.Runnable),-,3,cvdh cvdh.a(android.content.ContentResolver, android.net.Uri, java.lang.Runnable),95]
09-30 20:18:03.415  1473  2270 I dvm_lock_sample: [com.google.android.gms,0,[com.google.android.gms.chimera.container.intentoperation.GmsIntentOperationChimeraService-Executor] operation loader,491,:com.google.android.gms@231818047@23.18.18 (190800-535401451),1,cvdh cvdh.a(android.content.ContentResolver, android.net.Uri, java.lang.Runnable),-,3,cvdh cvdh.a(android.content.ContentResolver, android.net.Uri, java.lang.Runnable),98]
09-30 20:18:03.613   517  1403 I dvm_lock_sample: [system_server,1,binder:517_E,240,ActivityManagerService.java,15321,int com.android.server.am.ActivityManagerService.broadcastIntentWithFeature(android.app.IApplicationThread, java.lang.String, android.content.Intent, java.lang.String, android.content.IIntentReceiver, int, java.lang.String, android.os.Bundle, java.lang.String[], java.lang.String[], java.lang.String[], int, android.os.Bundle, boolean, boolean, int),,0,null,48]
09-30 20:18:03.627   517   547 I dvm_lock_sample: [system_server,0,android.bg,395,ActivityManagerService.java,13403,int com.android.server.am.ActivityManagerService.bindServiceInstance(android.app.IApplicationThread, android.os.IBinder, android.content.Intent, java.lang.String, android.app.IServiceConnection, long, java.lang.String, boolean, int, java.lang.String, android.app.IApplicationThread, java.lang.String, int),,0,null,79]
09-30 20:18:03.629   517   547 I am_uid_running: 10102
09-30 20:18:03.650  1291  2054 I dvm_lock_sample: [com.google.android.as,0,aiai-vc-0,639,PG,1,java.lang.Object qbx.a(),-,2,java.lang.Object qbx.a(),100]
09-30 20:18:03.662   517   578 I dvm_lock_sample: [system_server,1,binder:517_3,190,ActivityManagerService.java,13403,int com.android.server.am.ActivityManagerService.bindServiceInstance(android.app.IApplicationThread, android.os.IBinder, android.content.Intent, java.lang.String, android.app.IServiceConnection, long, java.lang.String, boolean, int, java.lang.String, android.app.IApplicationThread, java.lang.String, int),,0,null,38]
09-30 20:18:03.669   517   549 I am_proc_start: [0,2373,1000,com.android.keychain,service,{com.android.keychain/com.android.keychain.KeyChainService}]
09-30 20:18:03.672   517  1282 I dvm_lock_sample: [system_server,1,binder:517_D,45,ActivityManagerService.java,13787,android.content.Intent com.android.server.am.ActivityManagerService.registerReceiverWithFeature(android.app.IApplicationThread, java.lang.String, java.lang.String, java.lang.String, android.content.IIntentReceiver, android.content.IntentFilter, java.lang.String, int, int),-,13404,int com.android.server.am.ActivityManagerService.bindServiceInstance(android.app.IApplicationThread, android.os.IBinder, android.content.Intent, java.lang.String, android.app.IServiceConnection, long, java.lang.String, boolean, int, java.lang.String, android.app.IApplicationThread, java.lang.String, int),9]
09-30 20:18:03.699   517   549 I am_proc_start: [0,2379,10102,com.android.printspooler,service,{com.android.printspooler/com.android.printspooler.model.PrintSpoolerService}]
09-30 20:18:03.736  1473  1511 I dvm_lock_sample: [com.google.android.gms,1,binder:1473_2,1050,:com.google.android.gms@231818047@23.18.18 (190800-535401451),4,java.lang.Object cvep.g(),-,14,java.lang.Object cvep.g(),100]
09-30 20:18:03.746  1490  1694 I dvm_lock_sample: [com.google.android.googlequickse,1,BG Thread #0,92,ActivityThread.java,7475,boolean android.app.ActivityThread.releaseProvider(android.content.IContentProvider, boolean),-,7551,boolean android.app.ActivityThread.releaseProvider(android.content.IContentProvider, boolean),18]
09-30 20:18:03.787  1473  2289 I dvm_lock_sample: [com.google.android.gms,1,binder:1473_6,713,:com.google.android.gms@231818047@23.18.18 (190800-535401451),4,java.lang.Object cvep.g(),-,14,java.lang.Object cvep.g(),100]
09-30 20:18:04.014   517   811 I am_proc_bound: [0,2373,com.android.keychain]
09-30 20:18:04.080   517   548 I am_uid_running: 10131
09-30 20:18:04.118   517   549 I am_proc_start: [0,2416,10131,com.google.android.apps.messaging,broadcast,{com.google.android.apps.messaging/com.google.android.apps.messaging.shared.receiver.RestoreReceiver}]
09-30 20:18:04.134   517  1457 I am_proc_bound: [0,2379,com.android.printspooler]
09-30 20:18:04.141   517  1457 I am_uid_active: 10102
09-30 20:18:04.186   517   647 I netstats_mobile_sample: [0,0,0,0,0,0,0,0,1790824685370]
09-30 20:18:04.187   517   647 I netstats_wifi_sample: [71404,29094,148,164,67120,26494,113,158,1790824685370]
09-30 20:18:04.528  1319  1956 I dvm_lock_sample: [com.google.android.googlequickse,1,BG Thread #2,448,AssetManager.java,1369,void android.content.res.AssetManager$AssetInputStream.close(),-,910,java.io.InputStream android.content.res.AssetManager.open(java.lang.String, int),89]
09-30 20:18:04.579  2416  2416 I service_manager_slow: [287,activity]
09-30 20:18:04.674   517  1403 I dvm_lock_sample: [system_server,1,binder:517_E,442,OomAdjuster.java,918,void com.android.server.am.OomAdjuster.performUpdateOomAdjPendingTargetsLocked(int),ActivityManagerService.java,1846,void com.android.server.am.ActivityManagerService$MainHandler.handleMessage(android.os.Message),88]
09-30 20:18:04.676   517   588 I dvm_lock_sample: [system_server,0,appscheduling.default,443,ActivityManagerService.java,5964,boolean com.android.server.am.ActivityManagerService.isAppStartModeDisabled(int, java.lang.String),-,1846,void com.android.server.am.ActivityManagerService$MainHandler.handleMessage(android.os.Message),88]
09-30 20:18:04.676   517  1051 I dvm_lock_sample: [system_server,1,binder:517_B,322,ActivityManagerService.java,9479,java.util.List com.android.server.am.ActivityManagerService.getRunningAppProcesses(),-,1846,void com.android.server.am.ActivityManagerService$MainHandler.handleMessage(android.os.Message),64]
09-30 20:18:04.679   517  1636 I dvm_lock_sample: [system_server,1,binder:517_12,61,ActivityManagerService.java,5964,boolean com.android.server.am.ActivityManagerService.isAppStartModeDisabled(int, java.lang.String),-,1846,void com.android.server.am.ActivityManagerService$MainHandler.handleMessage(android.os.Message),12]
09-30 20:18:04.685   517   811 I dvm_lock_sample: [system_server,0,binder:517_8,473,ActivityManagerService.java,13459,void com.android.server.am.ActivityManagerService.serviceDoneExecuting(android.os.IBinder, int, int, int),-,13195,android.content.ComponentName com.android.server.am.ActivityManagerService.startService(android.app.IApplicationThread, android.content.Intent, java.lang.String, boolean, java.lang.String, java.lang.String, int, boolean, int, java.lang.String, java.lang.String),94]
09-30 20:18:04.686   517   647 I dvm_lock_sample: [system_server,0,ConnectivityServiceThread,380,ActivityManagerService.java,15321,int com.android.server.am.ActivityManagerService.broadcastIntentWithFeature(android.app.IApplicationThread, java.lang.String, android.content.Intent, java.lang.String, android.content.IIntentReceiver, int, java.lang.String, android.os.Bundle, java.lang.String[], java.lang.String[], java.lang.String[], int, android.os.Bundle, boolean, boolean, int),-,13195,android.content.ComponentName com.android.server.am.ActivityManagerService.startService(android.app.IApplicationThread, android.content.Intent, java.lang.String, boolean, java.lang.String, java.lang.String, int, boolean, int, java.lang.String, java.lang.String),76]
09-30 20:18:04.690   517   783 I dvm_lock_sample: [system_server,1,binder:517_6,336,ActivityManagerService.java,13787,android.content.Intent com.android.server.am.ActivityManagerService.registerReceiverWithFeature(android.app.IApplicationThread, java.lang.String, java.lang.String, java.lang.String, android.content.IIntentReceiver, android.content.IntentFilter, java.lang.String, int, int),,0,null,67]
09-30 20:18:04.691   517   787 I dvm_lock_sample: [system_server,1,binder:517_7,332,ActivityManagerService.java,13787,android.content.Intent com.android.server.am.ActivityManagerService.registerReceiverWithFeature(android.app.IApplicationThread, java.lang.String, java.lang.String, java.lang.String, android.content.IIntentReceiver, android.content.IntentFilter, java.lang.String, int, int),,0,null,66]
09-30 20:18:04.731   517  1786 I am_proc_bound: [0,2416,com.google.android.apps.messaging]
09-30 20:18:04.734   517  1007 I dvm_lock_sample: [system_server,1,binder:517_A,502,JobServiceContext.java,1135,void com.android.server.job.JobServiceContext.doCallback(com.android.server.job.JobServiceContext$JobCallback, boolean, java.lang.String),JobSchedulerService.java,3799,long com.android.server.job.JobSchedulerService.getMinJobExecutionGuaranteeMs(com.android.server.job.controllers.JobStatus),100]
09-30 20:18:04.795   517  1457 I dvm_lock_sample: [system_server,1,binder:517_F,392,JobSchedulerService.java,1992,android.app.job.JobInfo com.android.server.job.JobSchedulerService.getPendingJob(int, java.lang.String, int),-,3799,long com.android.server.job.JobSchedulerService.getMinJobExecutionGuaranteeMs(com.android.server.job.controllers.JobStatus),78]
09-30 20:18:04.966   517   647 I netstats_mobile_sample: [0,0,0,0,0,0,0,0,1790824686148]
09-30 20:18:04.967   517   647 I netstats_wifi_sample: [74572,32110,160,177,69590,27550,123,163,1790824686148]
09-30 20:18:05.214   517   638 I service_manager_slow: [12,time_detector]
09-30 20:18:05.274   517   548 I am_uid_running: 10108
09-30 20:18:05.292   517   549 I am_proc_start: [0,2464,10108,com.android.carrierdefaultapp,broadcast,{com.android.carrierdefaultapp/com.android.carrierdefaultapp.CarrierDefaultBroadcastReceiver}]
09-30 20:18:05.387   517   638 I service_manager_slow: [29,time_detector]
09-30 20:18:05.428  1416  1416 I service_manager_slow: [63,virtualdevice]
09-30 20:18:05.432   517   517 I backup_transport_connection: [com.google.android.gms/.backup.BackupTransportService,1]
09-30 20:18:05.681   517   634 I netstats_mobile_sample: [2414,1942,8,8,2995,1414,10,7,1790824686865]
09-30 20:18:05.681   517   634 I netstats_wifi_sample: [77096,34770,164,183,73985,29300,133,167,1790824686865]
09-30 20:18:05.683   517   638 I dvm_lock_sample: [system_server,0,NetworkPolicy,295,NetworkStatsService.java,1865,void android.net.connectivity.com.android.server.net.NetworkStatsService.advisePersistThreshold(long),-,2333,void android.net.connectivity.com.android.server.net.NetworkStatsService.performPoll(int),59]
09-30 20:18:05.752   517   787 I am_proc_bound: [0,2464,com.android.carrierdefaultapp]
09-30 20:18:05.787   517  1321 I backup_transport_lifecycle: [com.google.android.gms/.backup.BackupTransportService,0]
09-30 20:18:05.787   517  1321 I backup_transport_connection: [com.google.android.gms/.backup.BackupTransportService,0]
09-30 20:18:05.849   517   634 I netstats_mobile_sample: [3785,3427,17,20,3661,1684,14,11,1790824687033]
09-30 20:18:05.849   517   634 I netstats_wifi_sample: [77096,34770,164,183,73985,29440,133,169,1790824687033]
09-30 20:18:05.925   517   634 I netstats_mobile_sample: [3785,3491,17,21,4992,3169,22,23,1790824687109]
09-30 20:18:05.925   517   634 I netstats_wifi_sample: [77096,34770,164,183,73985,29440,133,169,1790824687109]
09-30 20:18:05.927   517  1007 I am_foreground_service_stop: [0,com.google.android.apps.wellbeing/com.google.apps.tiktok.concurrent.InternalForegroundService,1,BACKGROUND_ACTIVITY_PERMISSION,33,33,1,0,5470,1,STOP_FOREGROUND,0]
09-30 20:18:06.040   517   638 I service_manager_stats: [100,706,14432]
09-30 20:18:06.337   517   548 I am_uid_running: 10182
09-30 20:18:06.358   517   517 I notification_cancel_all: [10108,2464,com.android.carrierdefaultapp,0,0,32832,9,NULL]
09-30 20:18:06.371   517   549 I am_proc_start: [0,2514,10182,com.google.android.devicelockcontroller,broadcast,{com.google.android.devicelockcontroller/com.android.devicelockcontroller.receivers.LockedBootCompletedReceiver}]
09-30 20:18:06.627  1416  1416 I service_manager_slow: [66,virtualdevice]
09-30 20:18:06.641   517   595 I am_unfreeze: [902,com.android.settings,3]
09-30 20:18:06.689   517   556 I dvm_lock_sample: [system_server,0,bgres-controller,99,ActivityManagerService.java,5662,int com.android.server.am.ActivityManagerService.getUidState(int),CachedAppOptimizer.java,1362,void com.android.server.am.CachedAppOptimizer.unfreezeTemporarily(com.android.server.am.ProcessRecord, int, long),19]
09-30 20:18:06.726   517  1007 I dvm_lock_sample: [system_server,0,binder:517_A,40,ActivityManagerService.java,13459,void com.android.server.am.ActivityManagerService.serviceDoneExecuting(android.os.IBinder, int, int, int),,0,null,8]
09-30 20:18:06.805   517   594 I commit_sys_config_file: [settings-2-0,249]
09-30 20:18:06.835   517  1786 I am_proc_bound: [0,2514,com.google.android.devicelockcontroller]
09-30 20:18:06.888   517  1786 I am_uid_active: 10182
09-30 20:18:06.892   517  1051 I dvm_lock_sample: [system_server,1,binder:517_B,30,PermissionManagerServiceImpl.java,972,int com.android.server.pm.permission.PermissionManagerServiceImpl.checkPermissionInternal(com.android.server.pm.pkg.AndroidPackage, boolean, java.lang.String, int),-,5268,java.util.List com.android.server.pm.permission.PermissionManagerServiceImpl.getAllPermissionsWithProtection(int),6]
09-30 20:18:06.902   517   539 I dvm_lock_sample: [system_server,1,android.ui,64,BroadcastQueueModernImpl.java,1604,void com.android.server.am.BroadcastQueueModernImpl$1.onUidStateChanged(int, int, long, int),ActivityManagerService.java,4940,void com.android.server.am.ActivityManagerService.finishAttachApplicationInner(long, int, int),12]
09-30 20:18:06.904   517   556 I dvm_lock_sample: [system_server,0,bgres-controller,187,ActivityManagerService.java,18534,boolean com.android.server.am.ActivityManagerService$LocalService.isProfileOwner(int),,0,null,37]
09-30 20:18:06.922   517  1457 I dvm_lock_sample: [system_server,1,binder:517_F,62,ActivityManagerService.java,13189,android.content.ComponentName com.android.server.am.ActivityManagerService.startService(android.app.IApplicationThread, android.content.Intent, java.lang.String, boolean, java.lang.String, java.lang.String, int, boolean, int, java.lang.String, java.lang.String),,0,null,12]
09-30 20:18:06.951   517   548 I dvm_lock_sample: [system_server,1,ActivityManager,116,BroadcastQueueModernImpl.java,293,boolean com.android.server.am.BroadcastQueueModernImpl.lambda$new$0(android.os.Message),,0,null,23]
09-30 20:18:07.100  1291  2068 I dvm_lock_sample: [com.google.android.as,0,aiai-autofill-0,237,PG,1,java.lang.Object qbx.a(),-,2,java.lang.Object qbx.a(),47]
09-30 20:18:07.114   517   556 I dvm_lock_sample: [system_server,0,bgres-controller,87,PermissionManagerServiceImpl.java,972,int com.android.server.pm.permission.PermissionManagerServiceImpl.checkPermissionInternal(com.android.server.pm.pkg.AndroidPackage, boolean, java.lang.String, int),-,5203,java.util.Set com.android.server.pm.permission.PermissionManagerServiceImpl.getInstalledPermissions(java.lang.String),17]
09-30 20:18:07.120  1319  2368 I dvm_lock_sample: [com.google.android.googlequickse,0,Blocking Thread #4,3522,PG,1,java.util.Map com.google.android.libraries.phenotype.client.stable.ab.a(android.content.Context),-,13,java.util.Map com.google.android.libraries.phenotype.client.stable.ab.a(android.content.Context),100]
09-30 20:18:07.121  1319  2370 I dvm_lock_sample: [com.google.android.googlequickse,0,Blocking Thread #5,3523,PG,1,java.util.Map com.google.android.libraries.phenotype.client.stable.ab.a(android.content.Context),-,13,java.util.Map com.google.android.libraries.phenotype.client.stable.ab.a(android.content.Context),100]
09-30 20:18:07.146   517   548 I am_uid_running: 10130
09-30 20:18:07.185  1319  2369 I dvm_lock_sample: [com.google.android.googlequickse,0,Blocking Thread #6,3585,PG,1,java.util.Map com.google.android.libraries.phenotype.client.stable.ab.a(android.content.Context),-,13,java.util.Map com.google.android.libraries.phenotype.client.stable.ab.a(android.content.Context),100]
09-30 20:18:07.185  1319  2347 I dvm_lock_sample: [com.google.android.googlequickse,0,Blocking Thread #2,3581,PG,1,java.util.Map com.google.android.libraries.phenotype.client.stable.ab.a(android.content.Context),-,13,java.util.Map com.google.android.libraries.phenotype.client.stable.ab.a(android.content.Context),100]
09-30 20:18:07.186  1319  2348 I dvm_lock_sample: [com.google.android.googlequickse,0,Blocking Thread #3,3582,PG,1,java.util.Map com.google.android.libraries.phenotype.client.stable.ab.a(android.content.Context),-,13,java.util.Map com.google.android.libraries.phenotype.client.stable.ab.a(android.content.Context),100]
09-30 20:18:07.186  1319  2467 I dvm_lock_sample: [com.google.android.googlequickse,0,Blocking Thread #9,1593,PG,1,java.util.Map com.google.android.libraries.phenotype.client.stable.ab.a(android.content.Context),-,13,java.util.Map com.google.android.libraries.phenotype.client.stable.ab.a(android.content.Context),100]
09-30 20:18:07.186  1319  2451 I dvm_lock_sample: [com.google.android.googlequickse,0,Blocking Thread #7,1552,PG,1,java.util.Map com.google.android.libraries.phenotype.client.stable.ab.a(android.content.Context),-,13,java.util.Map com.google.android.libraries.phenotype.client.stable.ab.a(android.content.Context),100]
09-30 20:18:07.187  1319  2480 I dvm_lock_sample: [com.google.android.googlequickse,0,Blocking Thread #12,1354,PG,1,java.util.Map com.google.android.libraries.phenotype.client.stable.ab.a(android.content.Context),-,13,java.util.Map com.google.android.libraries.phenotype.client.stable.ab.a(android.content.Context),100]
09-30 20:18:07.189  1319  2452 I dvm_lock_sample: [com.google.android.googlequickse,0,Blocking Thread #8,1182,PG,1,java.util.Map com.google.android.libraries.phenotype.client.stable.ab.a(android.content.Context),-,13,java.util.Map com.google.android.libraries.phenotype.client.stable.ab.a(android.content.Context),100]
09-30 20:18:07.554   517   549 I dvm_lock_sample: [system_server,1,ActivityManager:procStart,363,ProcessList.java,2074,void com.android.server.am.ProcessList.lambda$handleProcessStart$1(com.android.server.am.ProcessRecord, java.lang.String, int[], int, int, int, java.lang.String, java.lang.String, java.lang.String, long),-,5416,android.util.Pair com.android.server.am.ProcessList.getNumForegroundServices(),72]
09-30 20:18:07.560   517   549 I am_proc_start: [0,2545,10130,com.google.android.dialer,broadcast,{com.google.android.dialer/com.android.dialer.bootreceiver.DialerBootReceiver}]
09-30 20:18:07.561   517  1007 I dvm_lock_sample: [system_server,1,binder:517_A,377,ActivityManagerService.java,13787,android.content.Intent com.android.server.am.ActivityManagerService.registerReceiverWithFeature(android.app.IApplicationThread, java.lang.String, java.lang.String, java.lang.String, android.content.IIntentReceiver, android.content.IntentFilter, java.lang.String, int, int),ProcessList.java,5416,android.util.Pair com.android.server.am.ProcessList.getNumForegroundServices(),75]
09-30 20:18:07.561   517   556 I dvm_lock_sample: [system_server,0,bgres-controller,441,ActivityManagerService.java,18534,boolean com.android.server.am.ActivityManagerService$LocalService.isProfileOwner(int),,0,null,88]
09-30 20:18:07.561   517   532 I am_proc_bound: [0,2545,com.google.android.dialer]
09-30 20:18:07.605   517  1636 I dvm_lock_sample: [system_server,1,binder:517_12,38,BinderProxy.java,448,android.os.BinderProxy android.os.BinderProxy.getInstance(long, long),-,464,android.os.BinderProxy android.os.BinderProxy.getInstance(long, long),7]
09-30 20:18:07.611   517   532 I am_uid_active: 10130
09-30 20:18:07.703   517   538 I dvm_lock_sample: [system_server,0,android.fg,115,ActivityManagerService.java,13403,int com.android.server.am.ActivityManagerService.bindServiceInstance(android.app.IApplicationThread, android.os.IBinder, android.content.Intent, java.lang.String, android.app.IServiceConnection, long, java.lang.String, boolean, int, java.lang.String, android.app.IApplicationThread, java.lang.String, int),,0,null,23]
09-30 20:18:07.738   517  1458 I dvm_lock_sample: [system_server,1,binder:517_10,136,ActivityManagerService.java,13403,int com.android.server.am.ActivityManagerService.bindServiceInstance(android.app.IApplicationThread, android.os.IBinder, android.content.Intent, java.lang.String, android.app.IServiceConnection, long, java.lang.String, boolean, int, java.lang.String, android.app.IApplicationThread, java.lang.String, int),,0,null,27]
09-30 20:18:07.816   517   548 I dvm_lock_sample: [system_server,1,ActivityManager,123,BroadcastQueueModernImpl.java,293,boolean com.android.server.am.BroadcastQueueModernImpl.lambda$new$0(android.os.Message),,0,null,24]
09-30 20:18:07.819   517   548 I am_uid_running: 10085
09-30 20:18:07.856  2514  2562 I dvm_lock_sample: [com.google.android.devicelockcon,0,pool-2-thread-5,395,DlcClient.java,145,java.lang.Object com.android.devicelockcontroller.storage.DlcClient.lambda$call$0(java.util.concurrent.Callable),Object.java,-2,void java.lang.Object.wait(long, int),79]
09-30 20:18:07.856  2514  2558 I dvm_lock_sample: [com.google.android.devicelockcon,0,pool-2-thread-1,387,DlcClient.java,145,java.lang.Object com.android.devicelockcontroller.storage.DlcClient.lambda$call$0(java.util.concurrent.Callable),Object.java,-2,void java.lang.Object.wait(long, int),77]
09-30 20:18:07.866   517   549 I am_proc_start: [0,2573,10085,com.android.externalstorage,broadcast,{com.android.externalstorage/com.android.externalstorage.MountReceiver}]
09-30 20:18:07.916  1460  1959 I dvm_lock_sample: [com.google.android.apps.youtube.,0,yt-critical14-2,1384,PG,1,java.lang.Object bflx.a(),-,2,java.lang.Object bflx.a(),100]
09-30 20:18:07.991  1319  1319 I dvm_lock_sample: [com.google.android.googlequickse,1,main,167,MessageQueue.java,337,android.os.Message android.os.MessageQueue.next(),-,600,boolean android.os.MessageQueue.enqueueMessage(android.os.Message, long),33]
09-30 20:18:08.176   517   556 I dvm_lock_sample: [system_server,0,bgres-controller,515,ActivityManagerService.java,18534,boolean com.android.server.am.ActivityManagerService$LocalService.isProfileOwner(int),,0,null,100]
09-30 20:18:08.216   517   811 I dvm_lock_sample: [system_server,1,binder:517_8,102,ActivityManagerService.java,15321,int com.android.server.am.ActivityManagerService.broadcastIntentWithFeature(android.app.IApplicationThread, java.lang.String, android.content.Intent, java.lang.String, android.content.IIntentReceiver, int, java.lang.String, android.os.Bundle, java.lang.String[], java.lang.String[], java.lang.String[], int, android.os.Bundle, boolean, boolean, int),,0,null,20]
09-30 20:18:08.222   517   517 I notification_cancel_all: [1000,517,com.google.android.apps.youtube.music,0,0,0,20,NULL]
09-30 20:18:08.233   517  2367 I sysui_multi_action: [757,856,758,1,806,com.google.android.apps.youtube.music,857,generic_notifications,858,2]
09-30 20:18:08.264   517  1786 I sysui_multi_action: [757,856,758,1,806,com.google.android.apps.youtube.music,857,7,858,2]
09-30 20:18:08.265  2573  2573 I service_manager_slow: [60,activity]
09-30 20:18:08.279   517  1786 I am_proc_bound: [0,2573,com.android.externalstorage]
09-30 20:18:08.312   517  1403 I sysui_multi_action: [757,856,758,1,806,com.google.android.apps.youtube.music,857,8,858,4]
09-30 20:18:08.315   517  1007 I sysui_multi_action: [757,856,758,1,806,com.google.android.apps.youtube.music,857,5,858,2]
09-30 20:18:08.317   517  1007 I sysui_multi_action: [757,856,758,1,806,com.google.android.apps.youtube.music,857,9,858,2]
09-30 20:18:08.512   517   540 I commit_sys_config_file: [notification-policy,42448]
09-30 20:18:08.643   517   741 I commit_sys_config_file: [appops_accesses,31396]
09-30 20:18:08.694  1416  2084 I dvm_lock_sample: [com.google.android.gms.persisten,1,binder:1416_9,398,:com.google.android.gms@231818047@23.18.18 (190800-535401451),0,dlqt acea.d(java.lang.Runnable),-,0,dlqt acea.d(java.lang.Runnable),79]
09-30 20:18:08.938   517   556 I dvm_lock_sample: [system_server,0,bgres-controller,102,ActivityManagerService.java,5662,int com.android.server.am.ActivityManagerService.getUidState(int),-,17647,void com.android.server.am.ActivityManagerService$LocalService.updateDeviceIdleTempAllowlist(int[], int, boolean, long, int, int, java.lang.String, int),20]
09-30 20:18:09.197   517   547 I sysui_multi_action: [757,1717,758,1,759,0]
09-30 20:18:09.198   517   547 I sysui_multi_action: [757,1717,758,2,759,2]
09-30 20:18:09.198   517   547 I sysui_multi_action: [757,1717,758,3,759,0]
09-30 20:18:09.545   517   548 I am_uid_running: 10149
09-30 20:18:09.606   517   549 I am_proc_start: [0,2653,10149,com.android.camera2,broadcast,{com.android.camera2/com.android.camera.SetActivitiesCameraReceiver}]
09-30 20:18:09.681   517   787 I am_proc_bound: [0,2653,com.android.camera2]
09-30 20:18:09.688   517   787 I am_uid_active: 10149
09-30 20:18:09.706   517   547 I am_pss  : [953,10184,com.google.android.ext.services,6002688,3649536,0,97873920,0,5,3]
09-30 20:18:10.021   517   517 I notification_cancel_all: [10149,2653,com.android.camera2,0,0,32832,9,NULL]
09-30 20:18:10.214   517   547 I am_pss  : [517,1000,system,235597824,206422016,0,430206976,0,0,8]
09-30 20:18:10.336   517   531 I dvm_lock_sample: [system_server,1,binder:517_1,101,ContentProviderHelper.java,174,android.app.ContentProviderHolder com.android.server.am.ContentProviderHelper.getContentProviderImpl(android.app.IApplicationThread, java.lang.String, android.os.IBinder, int, java.lang.String, java.lang.String, boolean, int),ActivityManagerService.java,13426,boolean com.android.server.am.ActivityManagerService.unbindService(android.app.IServiceConnection),20]
09-30 20:18:10.378   517   540 I commit_sys_config_file: [jobs,6]
09-30 20:18:10.422   517   540 I commit_sys_config_file: [jobs,44]
09-30 20:18:10.498   517  1051 I am_uid_active: 10117
09-30 20:18:10.507   517   531 I am_wtf  : [0,812,com.android.networkstack.process,680050253,SystemServiceRegistry,No service published for: ethernet]
09-30 20:18:10.586   517   638 I service_manager_slow: [21,time_detector]
09-30 20:18:10.596   517   547 I am_pss  : [1061,10185,com.google.android.cellbroadcastreceiver,17328128,14295040,589824,112410624,0,19,3]
09-30 20:18:10.649   517   638 I commit_sys_config_file: [net-policy,42269]
09-30 20:18:10.724   517   638 I service_manager_slow: [28,time_detector]
09-30 20:18:10.796   517  1282 I dvm_lock_sample: [system_server,0,binder:517_D,50,PermissionManagerServiceImpl.java,1034,int com.android.server.pm.permission.PermissionManagerServiceImpl.checkUidPermissionInternal(com.android.server.pm.pkg.AndroidPackage, int, java.lang.String),-,879,void com.android.server.pm.permission.PermissionManagerServiceImpl.updatePermissionFlagsInternal(java.lang.String, java.lang.String, int, int, int, int, boolean, com.android.server.pm.permission.PermissionManagerServiceImpl$PermissionCallback),10]
09-30 20:18:10.833   517  1007 I dvm_lock_sample: [system_server,1,binder:517_A,107,DefaultDialerCache.java,252,java.lang.String com.android.server.telecom.DefaultDialerCache.refreshCacheForUser(int),-,254,java.lang.String com.android.server.telecom.DefaultDialerCache.refreshCacheForUser(int),21]
09-30 20:18:10.857   894   942 I service_manager_slow: [15,carrier_config]
09-30 20:18:10.861   517   532 I dvm_lock_sample: [system_server,1,binder:517_2,190,ActivityManagerService.java,17803,boolean com.android.server.am.ActivityManagerService$LocalService.isUidActive(int),OomAdjuster.java,609,boolean com.android.server.am.OomAdjuster.updateOomAdjLocked(com.android.server.am.ProcessRecord, int),38]
09-30 20:18:10.917   517  1007 I dvm_lock_sample: [system_server,1,binder:517_A,75,MessageQueue.java,554,boolean android.os.MessageQueue.enqueueMessage(android.os.Message, long),-,600,boolean android.os.MessageQueue.enqueueMessage(android.os.Message, long),15]
09-30 20:18:10.918   517  1636 I dvm_lock_sample: [system_server,0,binder:517_12,50,PowerManagerService.java,4107,void com.android.server.power.PowerManagerService.updateUidProcStateInternal(int, int),-,1633,void com.android.server.power.PowerManagerService.acquireWakeLockInternal(android.os.IBinder, int, int, java.lang.String, java.lang.String, android.os.WorkSource, java.lang.String, int, int, android.os.IWakeLockCallback),10]
09-30 20:18:10.986   517   787 I dvm_lock_sample: [system_server,1,binder:517_7,118,JobSchedulerService.java,1992,android.app.job.JobInfo com.android.server.job.JobSchedulerService.getPendingJob(int, java.lang.String, int),-,3113,void com.android.server.job.JobSchedulerService.onControllerStateChanged(android.util.ArraySet),23]
09-30 20:18:11.023   517  1636 I am_uid_active: 10185
09-30 20:18:11.029   517   547 I am_pss  : [983,10169,com.google.android.apps.nexuslauncher,76026880,48701440,0,234229760,0,2,4]
09-30 20:18:11.030   894   894 I service_manager_slow: [86,carrier_config]
09-30 20:18:11.148   517  1007 I dvm_lock_sample: [system_server,1,binder:517_A,118,OomAdjuster.java,3130,boolean com.android.server.am.OomAdjuster.applyOomAdjLSP(com.android.server.am.ProcessRecord, boolean, long, long, int),AppProfiler.java,733,void com.android.server.am.AppProfiler.collectPssInBackground(),23]
09-30 20:18:11.150   517   811 I dvm_lock_sample: [system_server,0,binder:517_8,113,ActivityManagerService.java,15434,void com.android.server.am.ActivityManagerService.finishReceiver(android.os.IBinder, int, java.lang.String, android.os.Bundle, boolean, int),-,13426,boolean com.android.server.am.ActivityManagerService.unbindService(android.app.IServiceConnection),22]
09-30 20:18:11.166   517   547 I am_pss  : [1214,10145,com.google.android.inputmethod.latin,74571776,65949696,0,205389824,0,7,4]
09-30 20:18:11.170   517   547 I am_pss  : [1238,10120,com.google.android.apps.wellbeing,24785920,20267008,0,137748480,0,3,3]
09-30 20:18:11.174   517   547 I am_pss  : [717,10168,com.android.systemui,78630912,62042112,0,236433408,0,0,3]
09-30 20:18:11.181   517   547 I am_pss  : [894,1001,com.android.phone,30485504,23683072,0,150188032,0,0,3]
09-30 20:18:11.196   517   549 I am_proc_start: [0,2705,1000,com.android.dynsystem,broadcast,{com.android.dynsystem/com.android.dynsystem.BootCompletedReceiver}]
09-30 20:18:11.303  2705  2705 I service_manager_slow: [12,activity]
09-30 20:18:11.350   517   549 I dvm_lock_sample: [system_server,1,ActivityManager:procStart,154,ProcessRecord.java,652,void com.android.server.am.ProcessRecord.setPid(int),AppProfiler.java,733,void com.android.server.am.AppProfiler.collectPssInBackground(),30]
09-30 20:18:11.352   517  1007 I am_proc_bound: [0,2705,com.android.dynsystem]
09-30 20:18:11.426  2545  2625 I dvm_lock_sample: [com.google.android.dialer,1,BG Thread #1,495,PG,1,java.lang.Object uyy.a(),-,2,java.lang.Object uyy.a(),99]
09-30 20:18:11.645   517   547 I am_pss  : [1291,10124,com.google.android.as,115195904,74313728,0,283754496,0,5,6]
09-30 20:18:11.666   517   547 I am_pss  : [1416,10128,com.google.android.gms.persistent,51086336,22794240,0,216760320,0,3,4]
09-30 20:18:11.676   517   547 I am_pss  : [848,1002,com.google.android.bluetooth,28841984,25247744,0,136056832,0,0,2]
09-30 20:18:11.762   517   548 I am_uid_running: 10099
09-30 20:18:11.797   517   549 I am_proc_start: [0,2726,1000,com.android.dynsystem:dynsystem,service,{com.android.dynsystem/com.android.dynsystem.DynamicSystemInstallationService}]
09-30 20:18:11.855   517   549 I am_proc_start: [0,2731,10099,com.android.managedprovisioning,broadcast,{com.android.managedprovisioning/com.android.managedprovisioning.BootReminder}]
09-30 20:18:11.949   517   811 I commit_sys_config_file: [overlays,47815]
09-30 20:18:12.155  2726  2726 I service_manager_slow: [87,activity]
09-30 20:18:12.160  1473  2233 I gms_unknown: [CheckinTask:duration,246]
09-30 20:18:12.191   517   538 I configuration_changed: -2147483648
09-30 20:18:12.222   517   517 I service_manager_slow: [43,network_management]
09-30 20:18:12.298   517   547 I am_pss  : [1361,10084,android.process.acore,15203328,10510336,0,122155008,0,5,2]
09-30 20:18:12.353   517   538 I wm_relaunch_resume_activity: [0,193747057,11,com.google.android.apps.nexuslauncher/.NexusLauncherActivity,80000000]
09-30 20:18:12.376  2731  2731 I service_manager_slow: [77,activity]
09-30 20:18:12.384   517  1282 I dvm_lock_sample: [system_server,1,binder:517_D,311,ActivityManagerService.java,3878,void com.android.server.am.ActivityManagerService.addPackageDependency(java.lang.String),-,3885,void com.android.server.am.ActivityManagerService.addPackageDependency(java.lang.String),62]
09-30 20:18:12.385   517  1051 I dvm_lock_sample: [system_server,1,binder:517_B,273,ActivityManagerService.java,3878,void com.android.server.am.ActivityManagerService.addPackageDependency(java.lang.String),-,3885,void com.android.server.am.ActivityManagerService.addPackageDependency(java.lang.String),54]
09-30 20:18:12.397   983   983 I wm_on_top_resumed_lost_called: [193747057,com.google.android.apps.nexuslauncher.NexusLauncherActivity,pausing]
09-30 20:18:12.398   983   983 I wm_on_paused_called: [193747057,com.google.android.apps.nexuslauncher.NexusLauncherActivity,performPause,1]
09-30 20:18:12.427   983   983 I wm_on_stop_called: [193747057,com.google.android.apps.nexuslauncher.NexusLauncherActivity,handleRelaunchActivity,27]
09-30 20:18:12.436   517   541 I dvm_lock_sample: [system_server,1,android.display,253,ActivityManagerService.java,18182,void com.android.server.am.ActivityManagerService$LocalService.updateOomLevelsForDisplay(int),,0,null,50]
09-30 20:18:12.437   517  1458 I am_proc_bound: [0,2731,com.android.managedprovisioning]
09-30 20:18:12.467   517  1458 I am_uid_active: 10099
09-30 20:18:12.469   517   811 I dvm_lock_sample: [system_server,1,binder:517_8,312,ActivityManagerService.java,4809,void com.android.server.am.ActivityManagerService.attachApplication(android.app.IApplicationThread, long),,0,null,62]
09-30 20:18:12.469   517   811 I am_proc_bound: [0,2726,com.android.dynsystem:dynsystem]
09-30 20:18:12.494   983   983 I wm_on_destroy_called: [193747057,com.google.android.apps.nexuslauncher.NexusLauncherActivity,performDestroy,66]
09-30 20:18:12.508   517   540 I commit_sys_config_file: [jobs,163]
09-30 20:18:12.519  1473  2286 I dvm_lock_sample: [com.google.android.gms,0,[com.google.android.gms.chimera.container.intentoperation.GmsIntentOperationChimeraService-Executor] processing com.google.android.gms.auth.account.AuthInitIntentOperation for action com.google.android.gms.chimera.container.CONTAINER_UPDATED,8291,:com.google.android.gms@231818047@23.18.18 (190800-535401451),1,void hjm.run(),-,3,void hjm.run(),100]
09-30 20:18:12.541   517  1786 I dvm_lock_sample: [system_server,0,binder:517_13,41,Session.java,943,void com.android.server.wm.Session.setOnBackInvokedCallbackInfo(android.view.IWindow, android.window.OnBackInvokedCallbackInfo),WindowManagerService.java,7129,void com.android.server.wm.WindowManagerService.lambda$onOverlayChanged$16(),8]
09-30 20:18:12.558   517  2763 I am_anr  : [0,1416,com.google.android.gms.persistent,-1597325755,Broadcast of Intent { act=android.intent.action.SIM_STATE_CHANGED flg=0x15000010 cmp=com.google.android.gms/.chimera.GmsIntentOperationService$PersistentTrustedReceiver (has extras) }]
09-30 20:18:12.561   517   542 I input_focus: [Requesting to set focus to null window,reason=UpdateInputWindows]
09-30 20:18:12.751   517   547 I am_pss  : [880,1068,com.android.se,5691392,3477504,0,98979840,0,0,4]
09-30 20:18:12.755   517   547 I am_pss  : [812,1073,com.android.networkstack.process,14365696,10944512,0,121491456,0,0,3]
09-30 20:18:12.763   517   547 I am_pss  : [1490,10132,com.google.android.googlequicksearchbox:search,121106432,78786560,0,305819648,0,3,5]
09-30 20:18:12.767   517   547 I am_pss  : [1473,10128,com.google.android.gms,64941056,40869888,0,207613952,0,3,4]
09-30 20:18:12.770   517   547 I am_pss  : [1554,10113,com.android.traceur,8724480,6766592,0,97906688,0,19,3]
09-30 20:18:12.774   517   547 I am_pss  : [902,1000,com.android.settings,36074496,17416192,7008256,153047040,0,19,3]
09-30 20:18:12.778   517   547 I am_pss  : [1590,10191,com.google.android.permissioncontroller,22886400,15187968,0,139251712,0,6,2]
09-30 20:18:12.784   517   547 I am_pss  : [983,10169,com.google.android.apps.nexuslauncher,77857792,50647040,0,236363776,0,2,3]
09-30 20:18:12.788   517   547 I am_pss  : [1646,10126,com.google.android.onetimeinitializer,5371904,3424256,0,94146560,0,19,3]
09-30 20:18:12.801   517   547 I am_pss  : [1286,10179,com.google.android.providers.media.module,16150528,12144640,0,124403712,0,0,4]
09-30 20:18:12.804   517   547 I am_pss  : [953,10184,com.google.android.ext.services,5900288,3735552,0,97927168,0,5,2]
09-30 20:18:12.939   517  1282 I am_wtf  : [0,812,com.android.networkstack.process,680050253,SystemServiceRegistry,No service published for: ethernet]
09-30 20:18:12.961  1416  2212 I service_manager_slow: [255,file_integrity]
09-30 20:18:13.007   517   556 I dvm_lock_sample: [system_server,0,bgres-controller,58,ActivityManagerService.java,18534,boolean com.android.server.am.ActivityManagerService$LocalService.isProfileOwner(int),BroadcastQueueModernImpl.java,551,void com.android.server.am.BroadcastQueueModernImpl.checkPendingColdStartValidity(),11]
09-30 20:18:13.012   983   983 I wm_on_create_called: [193747057,com.google.android.apps.nexuslauncher.NexusLauncherActivity,performCreate,432]
09-30 20:18:13.013   983   983 I wm_on_start_called: [193747057,com.google.android.apps.nexuslauncher.NexusLauncherActivity,handleStartActivity,0]
09-30 20:18:13.018   983   983 I wm_on_resume_called: [193747057,com.google.android.apps.nexuslauncher.NexusLauncherActivity,RESUME_ACTIVITY,0]
09-30 20:18:13.018   517  1567 I wm_set_requested_orientation: [5,com.google.android.apps.nexuslauncher/.NexusLauncherActivity]
09-30 20:18:13.019   983   983 I wm_on_top_resumed_gained_called: [193747057,com.google.android.apps.nexuslauncher.NexusLauncherActivity,topWhenResuming]
09-30 20:18:13.098  1416  2081 I dvm_lock_sample: [com.google.android.gms.persisten,1,binder:1416_6,11880,:com.google.android.gms@231818047@23.18.18 (190800-535401451),1,hfq hfr.a(),-,3,hfq hfr.a(),100]
09-30 20:18:13.101  1416  1440 I dvm_lock_sample: [com.google.android.gms.persisten,1,binder:1416_1,3071,:com.google.android.gms@231818047@23.18.18 (190800-535401451),1,hfq hfr.a(),-,3,hfq hfr.a(),100]
09-30 20:18:13.135   517   542 I input_focus: [Focus request 2268509 com.google.android.apps.nexuslauncher/com.google.android.apps.nexuslauncher.NexusLauncherActivity,reason=UpdateInputWindows]
09-30 20:18:13.135   517   547 I dvm_lock_sample: [system_server,0,android.bg,165,ActivityManagerService.java,13425,boolean com.android.server.am.ActivityManagerService.unbindService(android.app.IServiceConnection),,0,null,33]
09-30 20:18:13.283   894  1057 I service_manager_slow: [194,location]
09-30 20:18:13.338   517   787 I dvm_lock_sample: [system_server,1,binder:517_7,71,PermissionManagerServiceImpl.java,972,int com.android.server.pm.permission.PermissionManagerServiceImpl.checkPermissionInternal(com.android.server.pm.pkg.AndroidPackage, boolean, java.lang.String, int),-,2512,java.util.Set com.android.server.pm.permission.PermissionManagerServiceImpl.getGrantedPermissionsInternal(java.lang.String, int),14]
09-30 20:18:13.429   517   542 I input_focus: [Focus request 53aab82 com.google.android.apps.nexuslauncher/com.google.android.apps.nexuslauncher.NexusLauncherActivity,reason=UpdateInputWindows]
09-30 20:18:13.583  1416  1459 I dvm_lock_sample: [com.google.android.gms.persisten,1,binder:1416_3,12142,:com.google.android.gms@231818047@23.18.18 (190800-535401451),1,hfq hfr.a(),-,3,hfq hfr.a(),100]
09-30 20:18:13.705   517   548 I am_uid_running: 10089
09-30 20:18:13.745   517   682 I dvm_lock_sample: [system_server,0,BackgroundInstallControlService,486,MessageQueue.java,337,android.os.Message android.os.MessageQueue.next(),-,600,boolean android.os.MessageQueue.enqueueMessage(android.os.Message, long),97]
09-30 20:18:13.853   517   549 I am_proc_start: [0,2796,10089,com.android.providers.calendar,broadcast,{com.android.providers.calendar/com.android.providers.calendar.CalendarReceiver}]
09-30 20:18:13.906   517   588 I dvm_lock_sample: [system_server,0,appscheduling.default,155,QuotaController.java,2656,void com.android.server.job.controllers.QuotaController$QcHandler.handleMessage(android.os.Message),JobSchedulerService.java,4964,boolean com.android.server.job.JobSchedulerService.isBatteryCharging(),31]
09-30 20:18:13.906   517   517 I dvm_lock_sample: [system_server,0,main,137,DeviceIdleJobsController.java,101,void com.android.server.job.controllers.DeviceIdleJobsController$1.onReceive(android.content.Context, android.content.Intent),JobSchedulerService.java,4964,boolean com.android.server.job.JobSchedulerService.isBatteryCharging(),27]
09-30 20:18:14.111   517   542 I dvm_lock_sample: [system_server,1,android.anim,16,InputMonitor.java,121,void com.android.server.wm.InputMonitor$UpdateInputWindows.run(),WindowManagerService.java,2557,int com.android.server.wm.WindowManagerService.relayoutWindow(com.android.server.wm.Session, android.view.IWindow, android.view.WindowManager$LayoutParams, int, int, int, int, int, int, android.window.ClientWindowFrames, android.util.MergedConfiguration, android.view.SurfaceControl, android.view.InsetsState, android.view.InsetsSourceControl$Array, android.os.Bundle),3]
09-30 20:18:14.112   517   542 I input_focus: [Focus request 2268509 com.google.android.apps.nexuslauncher/com.google.android.apps.nexuslauncher.NexusLauncherActivity,reason=UpdateInputWindows]
09-30 20:18:14.595   517   606 I input_focus: [Focus entering 2268509 com.google.android.apps.nexuslauncher/com.google.android.apps.nexuslauncher.NexusLauncherActivity (server),reason=Window became focusable. Previous reason: NOT_VISIBLE]
09-30 20:18:14.797   517   548 I dvm_lock_sample: [system_server,1,ActivityManager,398,BroadcastQueueModernImpl.java,293,boolean com.android.server.am.BroadcastQueueModernImpl.lambda$new$0(android.os.Message),,0,null,79]
09-30 20:18:14.798   517   517 I dvm_lock_sample: [system_server,0,main,364,ActivityManagerService.java,13403,int com.android.server.am.ActivityManagerService.bindServiceInstance(android.app.IApplicationThread, android.os.IBinder, android.content.Intent, java.lang.String, android.app.IServiceConnection, long, java.lang.String, boolean, int, java.lang.String, android.app.IApplicationThread, java.lang.String, int),-,13404,int com.android.server.am.ActivityManagerService.bindServiceInstance(android.app.IApplicationThread, android.os.IBinder, android.content.Intent, java.lang.String, android.app.IServiceConnection, long, java.lang.String, boolean, int, java.lang.String, android.app.IApplicationThread, java.lang.String, int),72]
09-30 20:18:14.814   517   517 I am_uid_running: 10146
09-30 20:18:14.841   517  1636 I am_proc_bound: [0,2796,com.android.providers.calendar]
09-30 20:18:14.860   517  1636 I am_uid_active: 10089
09-30 20:18:14.918  1416  1416 I dvm_lock_sample: [com.google.android.gms.persisten,1,main,4489,:com.google.android.gms@231818047@23.18.18 (190800-535401451),1,hfq hfr.c(),-,3,hfq hfr.a(),100]
09-30 20:18:14.932  1416  2082 I dvm_lock_sample: [com.google.android.gms.persisten,1,binder:1416_7,11919,:com.google.android.gms@231818047@23.18.18 (190800-535401451),1,hfq hfr.a(),-,3,hfq hfr.a(),100]
09-30 20:18:14.948   517   532 I dvm_lock_sample: [system_server,0,binder:517_2,519,ActivityManagerService.java,13459,void com.android.server.am.ActivityManagerService.serviceDoneExecuting(android.os.IBinder, int, int, int),,0,null,100]
09-30 20:18:14.952   517   549 I am_proc_start: [0,2814,10146,com.google.android.tts,service,{com.google.android.tts/com.google.android.apps.speech.tts.googletts.service.GoogleTtsService}]
09-30 20:18:15.417   517   548 I dvm_lock_sample: [system_server,1,ActivityManager,77,BroadcastQueueModernImpl.java,293,boolean com.android.server.am.BroadcastQueueModernImpl.lambda$new$0(android.os.Message),CachedAppOptimizer.java,2144,void com.android.server.am.CachedAppOptimizer$FreezeHandler.handleMessage(android.os.Message),15]
09-30 20:18:15.710   517   787 I dvm_lock_sample: [system_server,0,binder:517_7,108,ActivityManagerService.java,13459,void com.android.server.am.ActivityManagerService.serviceDoneExecuting(android.os.IBinder, int, int, int),-,13195,android.content.ComponentName com.android.server.am.ActivityManagerService.startService(android.app.IApplicationThread, android.content.Intent, java.lang.String, boolean, java.lang.String, java.lang.String, int, boolean, int, java.lang.String, java.lang.String),21]
09-30 20:18:15.955  1473  1473 I dvm_lock_sample: [com.google.android.gms,1,main,222,:com.google.android.gms@231818047@23.18.18 (190800-535401451),1,void com.google.android.gms.common.apiservice.LifecycleSynchronizer.onServiceStart(),-,9,void com.google.android.gms.common.apiservice.LifecycleSynchronizer.onBeforeDispatching(),44]
09-30 20:18:16.066  2416  2416 I service_manager_slow: [246,phone]
09-30 20:18:16.171  2545  2642 I dvm_lock_sample: [com.google.android.dialer,1,Lite Thread #0,384,MessageQueue.java,337,android.os.Message android.os.MessageQueue.next(),-,600,boolean android.os.MessageQueue.enqueueMessage(android.os.Message, long),76]
09-30 20:18:16.414   517   595 I am_freeze: [2464,com.android.carrierdefaultapp]
09-30 20:18:16.445  2814  2814 I service_manager_slow: [157,activity]
09-30 20:18:16.446   517  1636 I am_proc_bound: [0,2814,com.google.android.tts]
09-30 20:18:16.448   517  1636 I am_uid_active: 10146
09-30 20:18:16.544   517   548 I am_uid_running: 2000
09-30 20:18:16.554   517  1813 I dvm_lock_sample: [system_server,0,binder:517_14,77,ActivityManagerService.java,13459,void com.android.server.am.ActivityManagerService.serviceDoneExecuting(android.os.IBinder, int, int, int),BroadcastQueueModernImpl.java,559,void com.android.server.am.BroadcastQueueModernImpl.checkPendingColdStartValidity(),15]
09-30 20:18:16.556   517  1636 I dvm_lock_sample: [system_server,1,binder:517_12,75,ActivityManagerService.java,13787,android.content.Intent com.android.server.am.ActivityManagerService.registerReceiverWithFeature(android.app.IApplicationThread, java.lang.String, java.lang.String, java.lang.String, android.content.IIntentReceiver, android.content.IntentFilter, java.lang.String, int, int),BroadcastQueueModernImpl.java,559,void com.android.server.am.BroadcastQueueModernImpl.checkPendingColdStartValidity(),15]
09-30 20:18:16.680   517   549 I am_proc_start: [0,2847,2000,com.android.shell,broadcast,{com.android.shell/com.android.shell.HeapDumpReceiver}]
09-30 20:18:16.837   517  2763 I am_kill : [0,1416,com.google.android.gms.persistent,0,bg anr]
09-30 20:18:16.868   517   538 I dvm_lock_sample: [system_server,0,android.fg,300,PermissionManagerServiceImpl.java,972,int com.android.server.pm.permission.PermissionManagerServiceImpl.checkPermissionInternal(com.android.server.pm.pkg.AndroidPackage, boolean, java.lang.String, int),,0,null,60]
09-30 20:18:17.199   517  1813 I dvm_lock_sample: [system_server,1,binder:517_14,90,ActivityManagerService.java,13425,boolean com.android.server.am.ActivityManagerService.unbindService(android.app.IServiceConnection),,0,null,18]
09-30 20:18:17.218   517   595 I am_compact: [2464,com.android.carrierdefaultapp,ANON,91996,42436,48824,0,-2148,0,-2148,2148,803,SOME,0,965,19,1584,-620]
09-30 20:18:17.373  2847  2847 I service_manager_slow: [44,activity]
09-30 20:18:17.384   517  1813 I am_proc_bound: [0,2847,com.android.shell]
09-30 20:18:17.407   517  1813 I am_uid_active: 2000
09-30 20:18:17.441  1473  2106 I service_manager_slow: [91,slice]
09-30 20:18:17.454   517   595 I dvm_lock_sample: [system_server,0,CachedAppOptimizerThread,57,CachedAppOptimizer.java,2142,void com.android.server.am.CachedAppOptimizer$FreezeHandler.handleMessage(android.os.Message),ActivityManagerService.java,4940,void com.android.server.am.ActivityManagerService.finishAttachApplicationInner(long, int, int),11]
09-30 20:18:17.482   517   548 I am_kill : [0,2234,com.android.chrome,925,excessive binder traffic during cached]
09-30 20:18:17.510   517   549 I am_proc_start: [0,2886,10131,com.google.android.apps.messaging:rcs,service,{com.google.android.apps.messaging/com.google.android.ims.service.JibeService}]
09-30 20:18:17.531   517   787 I am_proc_died: [0,2234,com.android.chrome,925,19]
09-30 20:18:17.532   517   787 I am_schedule_service_restart: [0,com.android.chrome/org.chromium.chrome.browser.customtabs.CustomTabsConnectionService,1000]
09-30 20:18:17.532   517   787 I am_uid_stopped: 10150
09-30 20:18:17.550   517   548 I am_uid_running: 10129
09-30 20:18:17.580   517   548 I am_kill : [0,1522,com.google.android.youtube,975,excessive binder traffic during cached]
09-30 20:18:17.637   517   977 I am_proc_died: [0,1522,com.google.android.youtube,975,19]
09-30 20:18:17.643   517   977 I am_uid_stopped: 10139
09-30 20:18:17.649   517  1813 I am_proc_bound: [0,2886,com.google.android.apps.messaging:rcs]
09-30 20:18:17.785  2545  2625 I service_manager_slow: [79,carrier_config]
09-30 20:18:17.790   517   549 I am_proc_start: [0,2903,10129,com.google.android.configupdater,broadcast,{com.google.android.configupdater/com.google.android.configupdater.MainReceiver}]
09-30 20:18:17.852  1473  2106 I dvm_lock_sample: [com.google.android.gms,0,highpool[0],179,ActivityThread.java,7475,boolean android.app.ActivityThread.releaseProvider(android.content.IContentProvider, boolean),-,7464,android.content.IContentProvider android.app.ActivityThread.acquireExistingProvider(android.content.Context, java.lang.String, int, boolean),35]
09-30 20:18:18.046   517   710 I service_manager_slow: [58,user]
09-30 20:18:18.063   517   538 I dvm_lock_sample: [system_server,0,android.fg,6,ActivityManagerService.java,13425,boolean com.android.server.am.ActivityManagerService.unbindService(android.app.IServiceConnection),-,13404,int com.android.server.am.ActivityManagerService.bindServiceInstance(android.app.IApplicationThread, android.os.IBinder, android.content.Intent, java.lang.String, android.app.IServiceConnection, long, java.lang.String, boolean, int, java.lang.String, android.app.IApplicationThread, java.lang.String, int),1]
09-30 20:18:18.167   517  2899 I am_proc_bound: [0,2903,com.google.android.configupdater]
09-30 20:18:18.189   517  2899 I am_uid_active: 10129
09-30 20:18:18.224   517   538 I am_proc_died: [0,1416,com.google.android.gms.persistent,0,3]
09-30 20:18:18.232   517   538 I am_kill : [0,2416,com.google.android.apps.messaging,250,depends on provider com.google.android.gms/.fonts.provider.FontsProvider in dying proc com.google.android.gms.persistent (adj -10000)]
09-30 20:18:18.235   517   538 I am_schedule_service_restart: [0,com.google.android.gms/.auth.GetToken,1000]
09-30 20:18:18.235   517   538 I am_schedule_service_restart: [0,com.google.android.gms/.auth.setup.devicesignals.LockScreenService,32700]
09-30 20:18:18.236   517   538 I am_schedule_service_restart: [0,com.google.android.gms/.chimera.PersistentDirectBootAwareApiService,11000]
09-30 20:18:18.236   517   538 I am_schedule_service_restart: [0,com.google.android.gms/.chimera.PersistentIntentOperationService,42699]
09-30 20:18:18.236   517   538 I am_schedule_service_restart: [0,com.google.android.gms/com.google.android.location.internal.server.HardwareArProviderService,20999]
09-30 20:18:18.236   517   538 I am_schedule_service_restart: [0,com.google.android.gms/.nearby.sharing.ReceiveSurfaceService,52699]
09-30 20:18:18.237   517   538 I am_schedule_service_restart: [0,com.google.android.gms/.geotimezone.GeoTimeZoneService,62698]
09-30 20:18:18.237   517   538 I am_schedule_service_restart: [0,com.google.android.gms/.gcm.PushMessagingRegistrarProxy,72698]
09-30 20:18:18.237   517   538 I am_schedule_service_restart: [0,com.google.android.gms/com.google.android.location.internal.GoogleLocationManagerService,82698]
09-30 20:18:18.238   517   538 I am_schedule_service_restart: [0,com.google.android.gms/com.google.android.location.fused.FusedLocationService,92697]
09-30 20:18:18.238   517   538 I am_schedule_service_restart: [0,com.google.android.gms/com.google.android.location.network.NetworkLocationService,102697]
09-30 20:18:18.239   517   538 I am_schedule_service_restart: [0,com.google.android.gms/.chimera.PersistentApiService,112697]
09-30 20:18:18.248   517   538 I am_schedule_service_restart: [0,com.google.android.gms/com.google.android.location.reporting.service.ReportingAndroidService,122696]
09-30 20:18:18.248   517   538 I am_schedule_service_restart: [0,com.google.android.gms/com.google.android.location.internal.server.GoogleLocationService,132687]
09-30 20:18:18.248   517   538 I am_schedule_service_restart: [0,com.google.android.gms/.location.geocode.GeocodeService,142687]
09-30 20:18:18.249   517   538 I am_schedule_service_restart: [0,com.google.android.gms/.chimera.PersistentBoundBrokerService,152686]
09-30 20:18:18.249   517   538 I am_schedule_service_restart: [0,com.google.android.gms/com.google.android.location.settings.DrivingConditionProvider,162686]
09-30 20:18:18.271   517   538 I am_schedule_service_restart: [0,com.google.android.gms/.location.geocode.GeocodeService,570748]
09-30 20:18:18.334   517   691 I am_proc_died: [0,2416,com.google.android.apps.messaging,250,8]
09-30 20:18:18.335   517   691 I am_schedule_service_restart: [0,com.google.android.apps.messaging/androidx.work.impl.background.systemjob.SystemJobService,20900]
09-30 20:18:18.354   517   540 I commit_sys_config_file: [jobs,9]
09-30 20:18:18.398   517   548 I am_uid_active: 10123
09-30 20:18:18.476   517   539 I dvm_lock_sample: [system_server,1,android.ui,78,MessageQueue.java,337,android.os.Message android.os.MessageQueue.next(),-,600,boolean android.os.MessageQueue.enqueueMessage(android.os.Message, long),15]
09-30 20:18:18.626   517   548 I dvm_lock_sample: [system_server,1,ActivityManager,60,BroadcastQueueModernImpl.java,293,boolean com.android.server.am.BroadcastQueueModernImpl.lambda$new$0(android.os.Message),ActivityManagerService.java,15446,void com.android.server.am.ActivityManagerService.finishReceiver(android.os.IBinder, int, java.lang.String, android.os.Bundle, boolean, int),12]
09-30 20:18:18.728   717   717 I service_manager_slow: [72,carrier_config]
09-30 20:18:18.865   517   595 I am_freeze: [1554,com.android.traceur]
09-30 20:18:18.985   517   595 I am_compact: [1554,com.android.traceur,ANON,93852,44352,48772,0,-2172,0,-2172,2172,120,SOME,0,995,19,2156,-420]
09-30 20:18:19.147   517   556 I dvm_lock_sample: [system_server,0,bgres-controller,86,ActivityManagerService.java,18534,boolean com.android.server.am.ActivityManagerService$LocalService.isProfileOwner(int),BroadcastQueueModernImpl.java,559,void com.android.server.am.BroadcastQueueModernImpl.checkPendingColdStartValidity(),17]
09-30 20:18:19.169   517  2923 I dvm_lock_sample: [system_server,0,binder:517_18,62,ActivityManagerService.java,15434,void com.android.server.am.ActivityManagerService.finishReceiver(android.os.IBinder, int, java.lang.String, android.os.Bundle, boolean, int),BroadcastQueueModernImpl.java,559,void com.android.server.am.BroadcastQueueModernImpl.checkPendingColdStartValidity(),12]
09-30 20:18:19.180   517   595 I am_freeze: [2573,com.android.externalstorage]
09-30 20:18:19.229   517   549 I am_proc_start: [0,2982,10128,com.google.android.gms.persistent,broadcast,{com.google.android.gms/com.google.android.gms.chimera.GmsIntentOperationService$PersistentTrustedReceiver}]
09-30 20:18:19.295   517   595 I am_compact: [2573,com.android.externalstorage,ANON,90600,41256,48624,0,-2156,0,-2156,2156,115,SOME,0,985,19,2576,-740]
09-30 20:18:19.384   517   556 I dvm_lock_sample: [system_server,0,bgres-controller,35,ActivityManagerService.java,18534,boolean com.android.server.am.ActivityManagerService$LocalService.isProfileOwner(int),-,15446,void com.android.server.am.ActivityManagerService.finishReceiver(android.os.IBinder, int, java.lang.String, android.os.Bundle, boolean, int),7]
09-30 20:18:19.703   517   565 I dvm_lock_sample: [system_server,1,PowerManagerService,6,PowerManagerService.java,3340,void com.android.server.power.PowerManagerService.handleSandman(int),-,1633,void com.android.server.power.PowerManagerService.acquireWakeLockInternal(android.os.IBinder, int, int, java.lang.String, java.lang.String, android.os.WorkSource, java.lang.String, int, int, android.os.IWakeLockCallback),1]
09-30 20:18:19.740   517   639 I dvm_lock_sample: [system_server,1,NetworkPolicy.uid,12,ActivityManagerService.java,17733,void com.android.server.am.ActivityManagerService$LocalService.notifyNetworkPolicyRulesUpdated(int, long),OomAdjuster.java,920,void com.android.server.am.OomAdjuster.performUpdateOomAdjPendingTargetsLocked(int),2]
09-30 20:18:19.760   517  2978 I dvm_lock_sample: [system_server,1,binder:517_19,27,JobServiceContext.java,1135,void com.android.server.job.JobServiceContext.doCallback(com.android.server.job.JobServiceContext$JobCallback, boolean, java.lang.String),JobSchedulerService.java,2305,int com.android.server.job.JobSchedulerService.getUidProcState(int),5]
09-30 20:18:19.793   517   707 I am_proc_bound: [0,2982,com.google.android.gms.persistent]
09-30 20:18:19.979   517  1457 I am_uid_running: 10150
09-30 20:18:20.021   517   691 I dvm_lock_sample: [system_server,1,binder:517_4,147,ActivityManagerService.java,13403,int com.android.server.am.ActivityManagerService.bindServiceInstance(android.app.IApplicationThread, android.os.IBinder, android.content.Intent, java.lang.String, android.app.IServiceConnection, long, java.lang.String, boolean, int, java.lang.String, android.app.IApplicationThread, java.lang.String, int),ActiveServices.java,4086,void com.android.server.am.ActiveServices$ServiceRestarter.run(),29]
09-30 20:18:20.050   517   549 I am_proc_start: [0,3001,10150,com.android.chrome,service,{com.android.chrome/org.chromium.chrome.browser.customtabs.CustomTabsConnectionService}]
09-30 20:18:20.119   894  1057 I service_manager_slow: [166,carrier_config]
09-30 20:18:20.130   517   548 I am_uid_running: 10155
09-30 20:18:20.178   517   549 I am_proc_start: [0,3002,10155,com.google.android.contacts,broadcast,{com.google.android.contacts/com.google.android.apps.contacts.receiver.OnBootOrUpgradeReceiver}]
09-30 20:18:20.476   517  2840 I am_proc_bound: [0,3002,com.google.android.contacts]
09-30 20:18:20.496   517  2840 I am_uid_active: 10155
09-30 20:18:20.565   517   595 I am_freeze: [2379,com.android.printspooler]
09-30 20:18:20.578   517   540 I commit_sys_config_file: [jobs,11]
09-30 20:18:20.723   517  1457 I am_proc_bound: [0,3001,com.android.chrome]
09-30 20:18:20.918   517   595 I am_compact: [2379,com.android.printspooler,ANON,90924,41568,48636,0,-2164,0,-2164,2164,352,SOME,0,965,19,3316,-716]
09-30 20:18:21.019  1490  1710 I dvm_lock_sample: [com.google.android.googlequickse,1,Lite Thread #0,103,AssetManager.java,549,boolean android.content.res.AssetManager.getResourceValue(int, int, android.util.TypedValue, boolean),-,798,int android.content.res.AssetManager.getResourceIdentifier(java.lang.String, java.lang.String, java.lang.String),20]
09-30 20:18:21.066   517   595 I am_freeze: [1646,com.google.android.onetimeinitializer]
09-30 20:18:21.073   517   539 I dvm_lock_sample: [system_server,1,android.ui,54,ActivityManagerService.java,16681,void com.android.server.am.ActivityManagerService.pushTempAllowlist(),CachedAppOptimizer.java,2144,void com.android.server.am.CachedAppOptimizer$FreezeHandler.handleMessage(android.os.Message),10]
09-30 20:18:21.076   517   707 I dvm_lock_sample: [system_server,1,binder:517_5,55,ContentProviderHelper.java,174,android.app.ContentProviderHolder com.android.server.am.ContentProviderHelper.getContentProviderImpl(android.app.IApplicationThread, java.lang.String, android.os.IBinder, int, java.lang.String, java.lang.String, boolean, int),,0,null,11]
09-30 20:18:21.180   517   595 I am_compact: [1646,com.google.android.onetimeinitializer,ANON,89092,39800,48556,0,-2104,0,-2104,2104,114,SOME,0,995,19,4032,-644]
09-30 20:18:21.225  1291  2068 I service_manager_slow: [2458,uimode]
09-30 20:18:21.320  3002  3002 I dvm_lock_sample: [com.google.android.contacts,1,main,237,AssetManager.java,1395,boolean android.content.res.AssetManager.isUpToDate(),-,1150,void android.content.res.AssetManager.applyStyle(long, int, int, android.content.res.XmlBlock$Parser, int[], long, long),47]
09-30 20:18:21.485  1473  1473 I dvm_lock_sample: [com.google.android.gms,1,main,949,ActivityThread.java,7309,android.content.IContentProvider android.app.ActivityThread.acquireProvider(android.content.Context, java.lang.String, int, boolean),-,7330,android.content.IContentProvider android.app.ActivityThread.acquireProvider(android.content.Context, java.lang.String, int, boolean),100]
09-30 20:18:21.493  1490  1701 I dvm_lock_sample: [com.google.android.googlequickse,1,BG Thread #3,2338,ActivityThread.java,7309,android.content.IContentProvider android.app.ActivityThread.acquireProvider(android.content.Context, java.lang.String, int, boolean),-,7330,android.content.IContentProvider android.app.ActivityThread.acquireProvider(android.content.Context, java.lang.String, int, boolean),100]
09-30 20:18:21.566  1473  2878 I dvm_lock_sample: [com.google.android.gms,0,[com.google.android.gms.chimera.container.intentoperation.GmsIntentOperationChimeraService-Executor] processing com.google.android.gms.analytics.internal.AnalyticsModuleInitIntentOperation for action com.google.android.chimera.IntentOperation.NEW_MODULE,781,ActivityThread.java,7309,android.content.IContentProvider android.app.ActivityThread.acquireProvider(android.content.Context, java.lang.String, int, boolean),-,7330,android.content.IContentProvider android.app.ActivityThread.acquireProvider(android.content.Context, java.lang.String, int, boolean),100]
09-30 20:18:22.025   517   634 I netstats_mobile_sample: [20967,19914,76,82,25177,11710,93,57,1790824703209]
09-30 20:18:22.081   517   634 I netstats_wifi_sample: [150826,66320,313,335,150636,51880,282,301,1790824703209]
09-30 20:18:22.097   517   638 I dvm_lock_sample: [system_server,0,NetworkPolicy,102,NetworkStatsService.java,1658,android.net.NetworkStatsHistory android.net.connectivity.com.android.server.net.NetworkStatsService.internalGetHistoryForNetwork(android.net.NetworkTemplate, int, int, int, int, long, long),-,2333,void android.net.connectivity.com.android.server.net.NetworkStatsService.performPoll(int),20]
09-30 20:18:22.210   517   548 I dvm_lock_sample: [system_server,1,ActivityManager,18,PermissionManagerServiceImpl.java,972,int com.android.server.pm.permission.PermissionManagerServiceImpl.checkPermissionInternal(com.android.server.pm.pkg.AndroidPackage, boolean, java.lang.String, int),-,879,void com.android.server.pm.permission.PermissionManagerServiceImpl.updatePermissionFlagsInternal(java.lang.String, java.lang.String, int, int, int, int, boolean, com.android.server.pm.permission.PermissionManagerServiceImpl$PermissionCallback),3]
09-30 20:18:22.211   517   548 I am_uid_running: 10140
09-30 20:18:22.256  2982  2998 I dvm_lock_sample: [com.google.android.gms.persisten,1,binder:2982_3,323,SQLiteConnectionPool.java,414,void android.database.sqlite.SQLiteConnectionPool.releaseConnection(android.database.sqlite.SQLiteConnection),-,726,android.database.sqlite.SQLiteConnection android.database.sqlite.SQLiteConnectionPool.waitForConnection(java.lang.String, int, android.os.CancellationSignal),64]
09-30 20:18:22.265   517   549 I am_proc_start: [0,3083,10140,com.google.android.gm,broadcast,{com.google.android.gm/com.google.android.gm.GoogleMailDeviceStartupReceiver}]
09-30 20:18:22.336   517   548 I am_wtf  : [0,517,system_server,-1,ActivityManager,Sending non-protected broadcast com.android.settings.battery.action.PERIODIC_JOB_RECHECK from system 902:com.android.settings/1000 pkg com.android.settings]
09-30 20:18:22.386  2982  3000 I dvm_lock_sample: [com.google.android.gms.persisten,1,binder:2982_5,454,SQLiteConnectionPool.java,708,android.database.sqlite.SQLiteConnection android.database.sqlite.SQLiteConnectionPool.waitForConnection(java.lang.String, int, android.os.CancellationSignal),,0,null,90]
09-30 20:18:22.391  2982  3072 I dvm_lock_sample: [com.google.android.gms.persisten,1,binder:2982_7,182,SQLiteConnectionPool.java,708,android.database.sqlite.SQLiteConnection android.database.sqlite.SQLiteConnectionPool.waitForConnection(java.lang.String, int, android.os.CancellationSignal),,0,null,36]
09-30 20:18:22.507   517  1457 I am_proc_bound: [0,3083,com.google.android.gm]
09-30 20:18:22.538   517  1457 I am_uid_active: 10140
09-30 20:18:22.542   517  2840 I dvm_lock_sample: [system_server,1,binder:517_16,41,ContentProviderHelper.java,702,void com.android.server.am.ContentProviderHelper.publishContentProviders(android.app.IApplicationThread, java.util.List),,0,null,8]
09-30 20:18:22.487   517   634 I netstats_mobile_sample: [20967,19914,76,82,25177,11710,93,57,1790824703671]
09-30 20:18:22.587   517   634 I netstats_wifi_sample: [151298,67598,315,336,151108,53158,284,302,1790824703671]
09-30 20:18:22.814  1473  2276 I dvm_lock_sample: [com.google.android.gms,0,[com.google.android.gms.chimera.container.intentoperation.GmsIntentOperationChimeraService-Executor] processing com.google.android.gms.appset.init.AppSetModuleInitIntentOperation for action com.google.android.chimera.IntentOperation.NEW_MODULE,41,ActivityThread.java,7475,boolean android.app.ActivityThread.releaseProvider(android.content.IContentProvider, boolean),-,7551,boolean android.app.ActivityThread.releaseProvider(android.content.IContentProvider, boolean),8]
09-30 20:18:22.829  2982  2982 I service_manager_slow: [72,thermalservice]
09-30 20:18:22.861   517   549 I am_proc_start: [0,3114,10131,com.google.android.apps.messaging,content provider,{com.google.android.apps.messaging/com.google.android.apps.messaging.shared.datamodel.provider.sharedstorage.SharedStorageProvider}]
09-30 20:18:22.911  1473  1473 I service_manager_slow: [52,virtualdevice]
09-30 20:18:22.948   517   595 I am_freeze: [1460,com.google.android.apps.youtube.music]
09-30 20:18:22.969   517   691 I am_proc_bound: [0,3114,com.google.android.apps.messaging]
09-30 20:18:23.041   517   707 I dvm_lock_sample: [system_server,1,binder:517_5,22,ActivityManagerService.java,15321,int com.android.server.am.ActivityManagerService.broadcastIntentWithFeature(android.app.IApplicationThread, java.lang.String, android.content.Intent, java.lang.String, android.content.IIntentReceiver, int, java.lang.String, android.os.Bundle, java.lang.String[], java.lang.String[], java.lang.String[], int, android.os.Bundle, boolean, boolean, int),-,13195,android.content.ComponentName com.android.server.am.ActivityManagerService.startService(android.app.IApplicationThread, android.content.Intent, java.lang.String, boolean, java.lang.String, java.lang.String, int, boolean, int, java.lang.String, java.lang.String),4]
09-30 20:18:23.241   517   691 I am_foreground_service_start: [0,com.google.android.apps.wellbeing/com.google.apps.tiktok.concurrent.InternalForegroundService,1,BACKGROUND_ACTIVITY_PERMISSION,33,33,0,0,0,1,UNKNOWN,0]
09-30 20:18:23.249   517   517 I notification_enqueue: [10120,1238,com.google.android.apps.wellbeing,174344743,NULL,0,Notification(channel=app_limit_updates shortcut=null contentView=null vibrate=null sound=null defaults=0x0 flags=0x162 color=0xff495d92 category=service vis=PRIVATE),0]
09-30 20:18:23.305   517   548 I am_uid_running: 10094
09-30 20:18:23.355   517   549 I am_proc_start: [0,3146,10094,com.google.android.packageinstaller,broadcast,{com.google.android.packageinstaller/com.android.packageinstaller.TemporaryFileManager}]
09-30 20:18:23.452   517   517 I sysui_multi_action: [757,1501,758,1,793,209,794,0,795,209,796,174344743,806,com.google.android.apps.wellbeing,857,app_limit_updates,858,2,947,0,1500,0,1641,service,1688,1]
09-30 20:18:23.453   517   517 I sysui_multi_action: [757,804,799,note_interruptive,801,0,802,1]
09-30 20:18:23.487   517   707 I am_proc_bound: [0,3146,com.google.android.packageinstaller]
09-30 20:18:23.512   517   707 I am_uid_active: 10094
09-30 20:18:23.630  2982  3000 I dvm_lock_sample: [com.google.android.gms.persisten,1,binder:2982_5,257,:com.google.android.gms@231818047@23.18.18 (190800-535401451),4,java.lang.Object cvep.g(),-,14,java.lang.Object cvep.g(),51]
09-30 20:18:23.846   517   691 I sysui_multi_action: [757,1721,758,4,908,com.google.android.as/com.google.android.apps.miphone.aiai.app.AiAiAugmentedAutofillService,1722,5]
09-30 20:18:23.912   517  2840 I cc_current_allowlist: [0,0]
09-30 20:18:23.912   517  2840 I cc_set_allowlist: [0,18,0]
09-30 20:18:23.912   517  2840 I cc_current_allowlist: [0,18]
09-30 20:18:23.913   517  2840 I cc_update_options: [0,18]
09-30 20:18:24.020   517   588 I dvm_lock_sample: [system_server,0,appscheduling.default,185,ConnectivityController.java,1526,void com.android.server.job.controllers.ConnectivityController$CcHandler.handleMessage(android.os.Message),JobSchedulerService.java,2165,boolean com.android.server.job.JobSchedulerService.cancelJob(int, java.lang.String, int, int, int),37]
09-30 20:18:24.135   517   548 I am_uid_running: 10125
09-30 20:18:24.362   517   549 I am_proc_start: [0,3198,10125,com.google.android.partnersetup,broadcast,{com.google.android.partnersetup/com.google.android.partnersetup.GooglePartnerSetup}]
09-30 20:18:24.363   517   595 I am_compact: [1460,com.google.android.apps.youtube.music,ANON,190824,126524,62984,0,-16876,-304,-16572,16572,1131,SOME,0,1001,19,4860,-5544]
09-30 20:18:24.378  2982  2982 I dvm_lock_sample: [com.google.android.gms.persisten,1,main,178,ContextImpl.java,577,android.content.SharedPreferences android.app.ContextImpl.getSharedPreferences(java.lang.String, int),-,609,android.content.SharedPreferences android.app.ContextImpl.getSharedPreferences(java.io.File, int),35]
09-30 20:18:24.444  3001  3038 I dvm_lock_sample: [com.android.chrome,1,binder:3001_3,1525,chromium-TrichromeChromeGoogle6432.aab-stable-567263637,14,boolean sy0.g(java.lang.String),-,62,boolean sy0.g(java.lang.String),100]
09-30 20:18:24.506   517  1079 I am_proc_bound: [0,3198,com.google.android.partnersetup]
09-30 20:18:24.731  1291  2054 I dvm_lock_sample: [com.google.android.as,0,aiai-vc-0,807,PG,1,nla cjj.b(),-,7,boolean cjj.c(java.util.Set, java.util.Set),100]
09-30 20:18:24.825   517   682 I dvm_lock_sample: [system_server,0,BackgroundInstallControlService,487,MessageQueue.java,337,android.os.Message android.os.MessageQueue.next(),-,600,boolean android.os.MessageQueue.enqueueMessage(android.os.Message, long),97]
09-30 20:18:24.837   517  1079 I am_uid_active: 10125
09-30 20:18:24.843   517  1007 I dvm_lock_sample: [system_server,1,binder:517_A,321,ActivityManagerService.java,15321,int com.android.server.am.ActivityManagerService.broadcastIntentWithFeature(android.app.IApplicationThread, java.lang.String, android.content.Intent, java.lang.String, android.content.IIntentReceiver, int, java.lang.String, android.os.Bundle, java.lang.String[], java.lang.String[], java.lang.String[], int, android.os.Bundle, boolean, boolean, int),-,4940,void com.android.server.am.ActivityManagerService.finishAttachApplicationInner(long, int, int),64]
09-30 20:18:24.866   517  1282 I dvm_lock_sample: [system_server,1,binder:517_D,284,ActivityManagerService.java,13403,int com.android.server.am.ActivityManagerService.bindServiceInstance(android.app.IApplicationThread, android.os.IBinder, android.content.Intent, java.lang.String, android.app.IServiceConnection, long, java.lang.String, boolean, int, java.lang.String, android.app.IApplicationThread, java.lang.String, int),-,4940,void com.android.server.am.ActivityManagerService.finishAttachApplicationInner(long, int, int),56]
09-30 20:18:24.869   517  2899 I dvm_lock_sample: [system_server,1,binder:517_17,279,ActivityManagerService.java,13403,int com.android.server.am.ActivityManagerService.bindServiceInstance(android.app.IApplicationThread, android.os.IBinder, android.content.Intent, java.lang.String, android.app.IServiceConnection, long, java.lang.String, boolean, int, java.lang.String, android.app.IApplicationThread, java.lang.String, int),-,4940,void com.android.server.am.ActivityManagerService.finishAttachApplicationInner(long, int, int),55]
09-30 20:18:24.876   517   531 I dvm_lock_sample: [system_server,1,binder:517_1,276,ActivityManagerService.java,13425,boolean com.android.server.am.ActivityManagerService.unbindService(android.app.IServiceConnection),-,4940,void com.android.server.am.ActivityManagerService.finishAttachApplicationInner(long, int, int),55]
09-30 20:18:24.915   517   783 I dvm_lock_sample: [system_server,1,binder:517_6,314,ActivityManagerService.java,13403,int com.android.server.am.ActivityManagerService.bindServiceInstance(android.app.IApplicationThread, android.os.IBinder, android.content.Intent, java.lang.String, android.app.IServiceConnection, long, java.lang.String, boolean, int, java.lang.String, android.app.IApplicationThread, java.lang.String, int),,0,null,62]
09-30 20:18:24.917   517  1457 I dvm_lock_sample: [system_server,1,binder:517_F,309,ActivityManagerService.java,13189,android.content.ComponentName com.android.server.am.ActivityManagerService.startService(android.app.IApplicationThread, android.content.Intent, java.lang.String, boolean, java.lang.String, java.lang.String, int, boolean, int, java.lang.String, java.lang.String),,0,null,61]
09-30 20:18:24.932   517   691 I dvm_lock_sample: [system_server,1,binder:517_4,295,ActivityManagerService.java,13787,android.content.Intent com.android.server.am.ActivityManagerService.registerReceiverWithFeature(android.app.IApplicationThread, java.lang.String, java.lang.String, java.lang.String, android.content.IIntentReceiver, android.content.IntentFilter, java.lang.String, int, int),,0,null,59]
09-30 20:18:24.942   517   977 I dvm_lock_sample: [system_server,1,binder:517_9,298,ContentProviderHelper.java,174,android.app.ContentProviderHolder com.android.server.am.ContentProviderHelper.getContentProviderImpl(android.app.IApplicationThread, java.lang.String, android.os.IBinder, int, java.lang.String, java.lang.String, boolean, int),,0,null,59]
09-30 20:18:24.982   517   539 I dvm_lock_sample: [system_server,1,android.ui,153,BroadcastQueueModernImpl.java,1604,void com.android.server.am.BroadcastQueueModernImpl$1.onUidStateChanged(int, int, long, int),,0,null,30]
09-30 20:18:25.081   517  1282 I dvm_lock_sample: [system_server,0,binder:517_D,191,ActivityManagerService.java,13459,void com.android.server.am.ActivityManagerService.serviceDoneExecuting(android.os.IBinder, int, int, int),,0,null,38]
09-30 20:18:25.173   517   691 I dvm_lock_sample: [system_server,1,binder:517_4,35,ActivityManagerService.java,13787,android.content.Intent com.android.server.am.ActivityManagerService.registerReceiverWithFeature(android.app.IApplicationThread, java.lang.String, java.lang.String, java.lang.String, android.content.IIntentReceiver, android.content.IntentFilter, java.lang.String, int, int),-,13465,void com.android.server.am.ActivityManagerService.serviceDoneExecuting(android.os.IBinder, int, int, int),7]
09-30 20:18:25.180   517  1007 I dvm_lock_sample: [system_server,1,binder:517_A,295,ActivityManagerService.java,13403,int com.android.server.am.ActivityManagerService.bindServiceInstance(android.app.IApplicationThread, android.os.IBinder, android.content.Intent, java.lang.String, android.app.IServiceConnection, long, java.lang.String, boolean, int, java.lang.String, android.app.IApplicationThread, java.lang.String, int),,0,null,59]
09-30 20:18:25.191  1238  1238 I dvm_lock_sample: [com.google.android.apps.wellbein,1,main,608,PG,1,boolean hix.handleMessage(android.os.Message),-,13,boolean hiv.d(hiu, android.content.ServiceConnection),100]
09-30 20:18:25.369   517  3227 I dvm_lock_sample: [system_server,1,binder:517_1A,73,JobSchedulerService.java,1643,int com.android.server.job.JobSchedulerService.scheduleAsPackage(android.app.job.JobInfo, android.app.job.JobWorkItem, int, java.lang.String, int, java.lang.String, java.lang.String),,0,null,14]
09-30 20:18:25.471   517   691 I wm_task_created: 12
09-30 20:18:25.491   517   691 I wm_task_moved: [12,12,0,1,2]
09-30 20:18:25.491   517   691 I wm_task_to_front: [0,12,0]
09-30 20:18:25.491   983   983 I wm_on_top_resumed_lost_called: [193747057,com.google.android.apps.nexuslauncher.NexusLauncherActivity,topStateChangedWhenResumed]
09-30 20:18:25.492   517   691 I wm_create_task: [0,12,12,0]
09-30 20:18:25.492   517   691 I wm_create_activity: [0,19656674,12,com.pantopus.qelvora/.MainActivity,NULL,NULL,NULL,268435456]
09-30 20:18:25.493   517   691 I wm_task_moved: [12,12,0,1,2]
09-30 20:18:25.495   517   691 I wm_pause_activity: [0,193747057,com.google.android.apps.nexuslauncher/.NexusLauncherActivity,userLeaving=true,pauseBackTasks]
09-30 20:18:25.502   517   541 I am_uid_running: 10192
09-30 20:18:25.508   983   983 I wm_on_paused_called: [193747057,com.google.android.apps.nexuslauncher.NexusLauncherActivity,performPause,1]
09-30 20:18:25.514   517   783 I wm_add_to_stopping: [0,193747057,com.google.android.apps.nexuslauncher/.NexusLauncherActivity,makeInvisible]
09-30 20:18:25.518   517   538 I sysui_multi_action: [757,803,799,window_time_0,802,39]
09-30 20:18:25.570   517   549 I am_proc_start: [0,3259,10192,com.pantopus.qelvora,next-top-activity,{com.pantopus.qelvora/com.pantopus.qelvora.MainActivity}]
09-30 20:18:25.677   517   606 I input_focus: [Focus leaving 2268509 com.google.android.apps.nexuslauncher/com.google.android.apps.nexuslauncher.NexusLauncherActivity (server),reason=NO_WINDOW]
09-30 20:18:25.682   517  2840 I dvm_lock_sample: [system_server,1,binder:517_16,61,ActivityManagerService.java,15321,int com.android.server.am.ActivityManagerService.broadcastIntentWithFeature(android.app.IApplicationThread, java.lang.String, android.content.Intent, java.lang.String, android.content.IIntentReceiver, int, java.lang.String, android.os.Bundle, java.lang.String[], java.lang.String[], java.lang.String[], int, android.os.Bundle, boolean, boolean, int),ProcessList.java,2076,void com.android.server.am.ProcessList.lambda$handleProcessStart$1(com.android.server.am.ProcessRecord, java.lang.String, int[], int, int, int, java.lang.String, java.lang.String, java.lang.String, long),12]
09-30 20:18:25.719   517   682 I dvm_lock_sample: [system_server,0,BackgroundInstallControlService,452,MessageQueue.java,337,android.os.Message android.os.MessageQueue.next(),-,600,boolean android.os.MessageQueue.enqueueMessage(android.os.Message, long),90]
09-30 20:18:25.773   517  2840 I dvm_lock_sample: [system_server,0,binder:517_16,37,ActivityManagerService.java,13459,void com.android.server.am.ActivityManagerService.serviceDoneExecuting(android.os.IBinder, int, int, int),ProcessList.java,5416,android.util.Pair com.android.server.am.ProcessList.getNumForegroundServices(),7]
09-30 20:18:25.795   517  2899 I dvm_lock_sample: [system_server,1,binder:517_17,32,ActivityManagerService.java,7627,boolean com.android.server.am.ActivityManagerService.isUidActive(int, java.lang.String),OomAdjuster.java,920,void com.android.server.am.OomAdjuster.performUpdateOomAdjPendingTargetsLocked(int),6]
09-30 20:18:25.846   517  1457 I am_proc_bound: [0,3259,com.pantopus.qelvora]
09-30 20:18:25.860  1802  2800 I dvm_lock_sample: [com.google.process.gservices,1,binder:1802_B,460,Settings.java,3453,android.util.ArrayMap android.provider.Settings$NameValueCache.getStringsForPrefix(android.content.ContentResolver, java.lang.String, java.util.List),-,3490,android.util.ArrayMap android.provider.Settings$NameValueCache.getStringsForPrefix(android.content.ContentResolver, java.lang.String, java.util.List),92]
09-30 20:18:25.864   517  1457 I wm_restart_activity: [0,19656674,12,com.pantopus.qelvora/.MainActivity]
09-30 20:18:26.137   517  1457 I wm_set_resumed_activity: [0,com.pantopus.qelvora/.MainActivity,minimalResumeActivityLocked - onActivityStateChanged]
09-30 20:18:26.167   517   548 I dvm_lock_sample: [system_server,1,ActivityManager,318,BroadcastQueueModernImpl.java,293,boolean com.android.server.am.BroadcastQueueModernImpl.lambda$new$0(android.os.Message),ActivityManagerService.java,4940,void com.android.server.am.ActivityManagerService.finishAttachApplicationInner(long, int, int),63]
09-30 20:18:26.194  2982  2994 I service_manager_slow: [477,file_integrity]
09-30 20:18:26.200   517   541 I am_uid_active: 10192
09-30 20:18:26.206   517   540 I commit_sys_config_file: [jobs,50]
09-30 20:18:26.247   517  1282 I dvm_lock_sample: [system_server,1,binder:517_D,346,ContentProviderHelper.java,174,android.app.ContentProviderHolder com.android.server.am.ContentProviderHelper.getContentProviderImpl(android.app.IApplicationThread, java.lang.String, android.os.IBinder, int, java.lang.String, java.lang.String, boolean, int),,0,null,69]
09-30 20:18:26.357  3083  3162 I dvm_lock_sample: [com.google.android.gm,0,Blocking Thread #1,1776,PG,1,java.util.Map adne.a(android.content.Context),-,26,java.util.Map adne.a(android.content.Context),100]
09-30 20:18:26.360  3083  3249 I dvm_lock_sample: [com.google.android.gm,0,Blocking Thread #7,1029,PG,1,java.util.Map adne.a(android.content.Context),-,26,java.util.Map adne.a(android.content.Context),100]
09-30 20:18:26.496   517   977 I dvm_lock_sample: [system_server,1,binder:517_9,244,JobSchedulerService.java,1842,java.util.List com.android.server.job.JobSchedulerService.getPendingJobsInNamespace(int, java.lang.String),JobServiceContext.java,549,boolean com.android.server.job.JobServiceContext.executeRunnableJob(com.android.server.job.controllers.JobStatus, int),48]
09-30 20:18:26.524  3083  3185 I dvm_lock_sample: [com.google.android.gm,0,Blocking Thread #2,1125,PG,1,java.util.Map adne.a(android.content.Context),-,26,java.util.Map adne.a(android.content.Context),100]
09-30 20:18:26.865   517   588 I dvm_lock_sample: [system_server,0,appscheduling.default,282,ConnectivityController.java,1526,void com.android.server.job.controllers.ConnectivityController$CcHandler.handleMessage(android.os.Message),JobSchedulerService.java,3113,void com.android.server.job.JobSchedulerService.onControllerStateChanged(android.util.ArraySet),56]
09-30 20:18:27.336  1291  1783 I dvm_lock_sample: [com.google.android.as,0,aiai-brella-0,19030,PG,1,boolean gpn.a(),-,6,boolean gpn.a(),100]
09-30 20:18:27.624   517  2899 I dvm_lock_sample: [system_server,1,binder:517_17,419,PermissionManagerServiceImpl.java,972,int com.android.server.pm.permission.PermissionManagerServiceImpl.checkPermissionInternal(com.android.server.pm.pkg.AndroidPackage, boolean, java.lang.String, int),-,5203,java.util.Set com.android.server.pm.permission.PermissionManagerServiceImpl.getInstalledPermissions(java.lang.String),83]
09-30 20:18:27.648   517   548 I dvm_lock_sample: [system_server,1,ActivityManager,233,BroadcastQueueModernImpl.java,293,boolean com.android.server.am.BroadcastQueueModernImpl.lambda$new$0(android.os.Message),ActivityManagerService.java,13404,int com.android.server.am.ActivityManagerService.bindServiceInstance(android.app.IApplicationThread, android.os.IBinder, android.content.Intent, java.lang.String, android.app.IServiceConnection, long, java.lang.String, boolean, int, java.lang.String, android.app.IApplicationThread, java.lang.String, int),46]
09-30 20:18:27.650   517   541 I dvm_lock_sample: [system_server,1,android.display,213,ProcessRecord.java,1558,void com.android.server.am.ProcessRecord.setRunningRemoteAnimation(boolean),ActivityManagerService.java,13404,int com.android.server.am.ActivityManagerService.bindServiceInstance(android.app.IApplicationThread, android.os.IBinder, android.content.Intent, java.lang.String, android.app.IServiceConnection, long, java.lang.String, boolean, int, java.lang.String, android.app.IApplicationThread, java.lang.String, int),42]
09-30 20:18:27.650   517   595 I dvm_lock_sample: [system_server,0,CachedAppOptimizerThread,166,CachedAppOptimizer.java,2142,void com.android.server.am.CachedAppOptimizer$FreezeHandler.handleMessage(android.os.Message),ActivityManagerService.java,13404,int com.android.server.am.ActivityManagerService.bindServiceInstance(android.app.IApplicationThread, android.os.IBinder, android.content.Intent, java.lang.String, android.app.IServiceConnection, long, java.lang.String, boolean, int, java.lang.String, android.app.IApplicationThread, java.lang.String, int),33]
09-30 20:18:27.698   517  1636 I dvm_lock_sample: [system_server,1,binder:517_12,265,ActivityManagerService.java,13189,android.content.ComponentName com.android.server.am.ActivityManagerService.startService(android.app.IApplicationThread, android.content.Intent, java.lang.String, boolean, java.lang.String, java.lang.String, int, boolean, int, java.lang.String, java.lang.String),,0,null,53]
09-30 20:18:27.977   517   542 I wm_wallpaper_surface: [0,0,Window{2268509 u0 com.google.android.apps.nexuslauncher/com.google.android.apps.nexuslauncher.NexusLauncherActivity}]
09-30 20:18:28.049   517   682 I dvm_lock_sample: [system_server,0,BackgroundInstallControlService,413,MessageQueue.java,337,android.os.Message android.os.MessageQueue.next(),-,600,boolean android.os.MessageQueue.enqueueMessage(android.os.Message, long),82]
09-30 20:18:28.337  3259  3259 I wm_on_create_called: [19656674,com.pantopus.qelvora.MainActivity,performCreate,95]
09-30 20:18:28.382  3259  3259 I wm_on_start_called: [19656674,com.pantopus.qelvora.MainActivity,handleStartActivity,0]
09-30 20:18:28.388  2982  2982 I dvm_lock_sample: [com.google.android.gms.persisten,1,main,77,BinderProxy.java,448,android.os.BinderProxy android.os.BinderProxy.getInstance(long, long),-,464,android.os.BinderProxy android.os.BinderProxy.getInstance(long, long),15]
09-30 20:18:28.390  3259  3259 I wm_on_resume_called: [19656674,com.pantopus.qelvora.MainActivity,RESUME_ACTIVITY,0]
09-30 20:18:28.463   517   548 I dvm_lock_sample: [system_server,1,ActivityManager,30,BroadcastQueueModernImpl.java,293,boolean com.android.server.am.BroadcastQueueModernImpl.lambda$new$0(android.os.Message),ContentProviderHelper.java,614,android.app.ContentProviderHolder com.android.server.am.ContentProviderHelper.getContentProviderImpl(android.app.IApplicationThread, java.lang.String, android.os.IBinder, int, java.lang.String, java.lang.String, boolean, int),6]
09-30 20:18:28.505  3259  3259 I wm_on_top_resumed_gained_called: [19656674,com.pantopus.qelvora.MainActivity,topStateChangedWhenResumed]
09-30 20:18:28.753   717  1137 I dvm_lock_sample: [com.android.systemui,0,DefaultDispatcher-worker-16,128,go/retraceme 19693c2b0a8439b7183751b64d60893829dbf56dc1e08e0669fc0cfc55754948,1,boolean com.android.systemui.log.LogcatEchoTrackerDebug.isBufferLoggable(java.lang.String, com.android.systemui.log.LogLevel),-,20,boolean com.android.systemui.log.LogcatEchoTrackerDebug.isTagLoggable(java.lang.String, com.android.systemui.log.LogLevel),25]
09-30 20:18:28.799   517   588 I dvm_lock_sample: [system_server,0,appscheduling.default,409,ConnectivityController.java,1526,void com.android.server.job.controllers.ConnectivityController$CcHandler.handleMessage(android.os.Message),JobSchedulerService.java,2305,int com.android.server.job.JobSchedulerService.getUidProcState(int),81]
09-30 20:18:28.801   517   783 I dvm_lock_sample: [system_server,1,binder:517_6,193,JobSchedulerService.java,1643,int com.android.server.job.JobSchedulerService.scheduleAsPackage(android.app.job.JobInfo, android.app.job.JobWorkItem, int, java.lang.String, int, java.lang.String, java.lang.String),-,2305,int com.android.server.job.JobSchedulerService.getUidProcState(int),38]
09-30 20:18:28.803   517  2899 I dvm_lock_sample: [system_server,1,binder:517_17,81,JobSchedulerService.java,1643,int com.android.server.job.JobSchedulerService.scheduleAsPackage(android.app.job.JobInfo, android.app.job.JobWorkItem, int, java.lang.String, int, java.lang.String, java.lang.String),-,2305,int com.android.server.job.JobSchedulerService.getUidProcState(int),16]
09-30 20:18:28.808   517   548 I dvm_lock_sample: [system_server,1,ActivityManager,226,BroadcastQueueModernImpl.java,293,boolean com.android.server.am.BroadcastQueueModernImpl.lambda$new$0(android.os.Message),ActivityManagerService.java,13404,int com.android.server.am.ActivityManagerService.bindServiceInstance(android.app.IApplicationThread, android.os.IBinder, android.content.Intent, java.lang.String, android.app.IServiceConnection, long, java.lang.String, boolean, int, java.lang.String, android.app.IApplicationThread, java.lang.String, int),45]
09-30 20:18:28.810   517  1636 I dvm_lock_sample: [system_server,1,binder:517_12,227,ActivityManagerService.java,13787,android.content.Intent com.android.server.am.ActivityManagerService.registerReceiverWithFeature(android.app.IApplicationThread, java.lang.String, java.lang.String, java.lang.String, android.content.IIntentReceiver, android.content.IntentFilter, java.lang.String, int, int),-,13404,int com.android.server.am.ActivityManagerService.bindServiceInstance(android.app.IApplicationThread, android.os.IBinder, android.content.Intent, java.lang.String, android.app.IServiceConnection, long, java.lang.String, boolean, int, java.lang.String, android.app.IApplicationThread, java.lang.String, int),45]
09-30 20:18:29.021   517   682 I dvm_lock_sample: [system_server,0,BackgroundInstallControlService,541,MessageQueue.java,337,android.os.Message android.os.MessageQueue.next(),-,600,boolean android.os.MessageQueue.enqueueMessage(android.os.Message, long),100]
09-30 20:18:29.026   517   548 I dvm_lock_sample: [system_server,1,ActivityManager,45,BroadcastQueueModernImpl.java,293,boolean com.android.server.am.BroadcastQueueModernImpl.lambda$new$0(android.os.Message),ActivityManagerService.java,13404,int com.android.server.am.ActivityManagerService.bindServiceInstance(android.app.IApplicationThread, android.os.IBinder, android.content.Intent, java.lang.String, android.app.IServiceConnection, long, java.lang.String, boolean, int, java.lang.String, android.app.IApplicationThread, java.lang.String, int),9]
09-30 20:18:29.133   517   548 I am_uid_running: 10183
09-30 20:18:29.160   517  2899 I dvm_lock_sample: [system_server,1,binder:517_17,22,ContentProviderHelper.java,174,android.app.ContentProviderHolder com.android.server.am.ContentProviderHelper.getContentProviderImpl(android.app.IApplicationThread, java.lang.String, android.os.IBinder, int, java.lang.String, java.lang.String, boolean, int),BroadcastQueueModernImpl.java,559,void com.android.server.am.BroadcastQueueModernImpl.checkPendingColdStartValidity(),4]
09-30 20:18:29.265   517   549 I am_proc_start: [0,3327,10183,com.google.android.rkpdapp,broadcast,{com.google.android.rkpdapp/com.android.rkpdapp.BootReceiver}]
09-30 20:18:29.429  2982  2997 I dvm_lock_sample: [com.google.android.gms.persisten,1,binder:2982_2,7810,:com.google.android.gms@231818047@23.18.18 (190800-535401451),1,hfq hfr.a(),-,3,hfq hfr.a(),100]
09-30 20:18:29.433  2982  2999 I dvm_lock_sample: [com.google.android.gms.persisten,1,binder:2982_4,6556,:com.google.android.gms@231818047@23.18.18 (190800-535401451),1,hfq hfr.a(),-,3,hfq hfr.a(),100]
09-30 20:18:29.435  2982  3000 I dvm_lock_sample: [com.google.android.gms.persisten,1,binder:2982_5,5281,:com.google.android.gms@231818047@23.18.18 (190800-535401451),1,hfq hfr.a(),-,3,hfq hfr.a(),100]
09-30 20:18:29.644  3083  3322 I dvm_lock_sample: [com.google.android.gm,0,0,236,ActivityThread.java,7440,android.content.IContentProvider android.app.ActivityThread.acquireExistingProvider(android.content.Context, java.lang.String, int, boolean),-,7464,android.content.IContentProvider android.app.ActivityThread.acquireExistingProvider(android.content.Context, java.lang.String, int, boolean),47]
09-30 20:18:29.646  3083  3294 I dvm_lock_sample: [com.google.android.gm,0,AsyncTask #1,238,ActivityThread.java,7440,android.content.IContentProvider android.app.ActivityThread.acquireExistingProvider(android.content.Context, java.lang.String, int, boolean),-,7464,android.content.IContentProvider android.app.ActivityThread.acquireExistingProvider(android.content.Context, java.lang.String, int, boolean),47]
09-30 20:18:29.831   517  1636 I dvm_lock_sample: [system_server,1,binder:517_12,8,PermissionManagerServiceImpl.java,972,int com.android.server.pm.permission.PermissionManagerServiceImpl.checkPermissionInternal(com.android.server.pm.pkg.AndroidPackage, boolean, java.lang.String, int),-,879,void com.android.server.pm.permission.PermissionManagerServiceImpl.updatePermissionFlagsInternal(java.lang.String, java.lang.String, int, int, int, int, boolean, com.android.server.pm.permission.PermissionManagerServiceImpl$PermissionCallback),1]
09-30 20:18:29.879   517   542 I input_focus: [Focus request e88ded8 com.pantopus.qelvora/com.pantopus.qelvora.MainActivity,reason=UpdateInputWindows]
09-30 20:18:29.939  1238  1351 I dvm_lock_sample: [com.google.android.apps.wellbein,0,GoogleApiHandler,642,MessageQueue.java,337,android.os.Message android.os.MessageQueue.next(),-,600,boolean android.os.MessageQueue.enqueueMessage(android.os.Message, long),100]
09-30 20:18:29.944   517   682 I dvm_lock_sample: [system_server,0,BackgroundInstallControlService,682,MessageQueue.java,337,android.os.Message android.os.MessageQueue.next(),-,600,boolean android.os.MessageQueue.enqueueMessage(android.os.Message, long),100]
09-30 20:18:29.998   517   548 I am_uid_active: 10131
09-30 20:18:30.051  1473  1473 I dvm_lock_sample: [com.google.android.gms,1,main,100,ActivityThread.java,7556,void android.app.ActivityThread.completeRemoveProvider(android.app.ActivityThread$ProviderRefCount),-,7551,boolean android.app.ActivityThread.releaseProvider(android.content.IContentProvider, boolean),20]
09-30 20:18:30.206   517   682 I dvm_lock_sample: [system_server,0,BackgroundInstallControlService,224,MessageQueue.java,337,android.os.Message android.os.MessageQueue.next(),-,600,boolean android.os.MessageQueue.enqueueMessage(android.os.Message, long),44]
09-30 20:18:30.229   517   783 I dvm_lock_sample: [system_server,1,binder:517_6,290,ActivityManagerService.java,4809,void com.android.server.am.ActivityManagerService.attachApplication(android.app.IApplicationThread, long),,0,null,58]
09-30 20:18:30.229   517   783 I am_proc_bound: [0,3327,com.google.android.rkpdapp]
09-30 20:18:30.250   517   517 I dvm_lock_sample: [system_server,0,main,231,JobServiceContext.java,974,void com.android.server.job.JobServiceContext.onServiceConnected(android.content.ComponentName, android.os.IBinder),JobSchedulerService.java,2305,int com.android.server.job.JobSchedulerService.getUidProcState(int),46]
09-30 20:18:30.262   517   783 I am_uid_active: 10183
09-30 20:18:30.269   517   532 I dvm_lock_sample: [system_server,0,binder:517_2,217,ContentProviderHelper.java,811,void com.android.server.am.ContentProviderHelper.removeContentProvider(android.os.IBinder, boolean),,0,null,43]
09-30 20:18:30.271   517  2840 I dvm_lock_sample: [system_server,1,binder:517_16,275,ActivityManagerService.java,13189,android.content.ComponentName com.android.server.am.ActivityManagerService.startService(android.app.IApplicationThread, android.content.Intent, java.lang.String, boolean, java.lang.String, java.lang.String, int, boolean, int, java.lang.String, java.lang.String),,0,null,55]
09-30 20:18:30.371   517   538 I sysui_multi_action: [319,1988,321,1982,322,4912,325,86,757,761,758,7,759,1,806,com.pantopus.qelvora,871,com.pantopus.qelvora.MainActivity,904,com.android.shell,905,0,945,401,1320,12,1321,1]
09-30 20:18:30.372   517   538 I wm_activity_launch_time: [0,19656674,com.pantopus.qelvora/.MainActivity,4912]
09-30 20:18:30.396   717   754 I jank_cuj_events_begin_request: [39,1790824710363224000,91363227041,91363227484,]
09-30 20:18:30.423   517   606 I input_focus: [Focus entering e88ded8 com.pantopus.qelvora/com.pantopus.qelvora.MainActivity (server),reason=Window became focusable. Previous reason: NOT_VISIBLE]
09-30 20:18:30.486   517   532 I wm_stop_activity: [0,193747057,com.google.android.apps.nexuslauncher/.NexusLauncherActivity]
09-30 20:18:30.522   983   983 I wm_on_stop_called: [193747057,com.google.android.apps.nexuslauncher.NexusLauncherActivity,STOP_ACTIVITY_ITEM,16]
09-30 20:18:30.549   517   539 I dvm_lock_sample: [system_server,1,android.ui,46,MessageQueue.java,337,android.os.Message android.os.MessageQueue.next(),-,600,boolean android.os.MessageQueue.enqueueMessage(android.os.Message, long),9]
09-30 20:18:30.550   517   811 I dvm_lock_sample: [system_server,1,binder:517_8,209,ContentProviderHelper.java,174,android.app.ContentProviderHolder com.android.server.am.ContentProviderHelper.getContentProviderImpl(android.app.IApplicationThread, java.lang.String, android.os.IBinder, int, java.lang.String, java.lang.String, boolean, int),BroadcastQueueModernImpl.java,551,void com.android.server.am.BroadcastQueueModernImpl.checkPendingColdStartValidity(),41]
09-30 20:18:30.671   517   682 I dvm_lock_sample: [system_server,0,BackgroundInstallControlService,459,MessageQueue.java,337,android.os.Message android.os.MessageQueue.next(),-,600,boolean android.os.MessageQueue.enqueueMessage(android.os.Message, long),91]
09-30 20:18:30.709   517   783 I dvm_lock_sample: [system_server,1,binder:517_6,364,ActivityManagerService.java,13403,int com.android.server.am.ActivityManagerService.bindServiceInstance(android.app.IApplicationThread, android.os.IBinder, android.content.Intent, java.lang.String, android.app.IServiceConnection, long, java.lang.String, boolean, int, java.lang.String, android.app.IApplicationThread, java.lang.String, int),,0,null,72]
09-30 20:18:30.746   517   811 I dvm_lock_sample: [system_server,1,binder:517_8,92,ContentProviderHelper.java,174,android.app.ContentProviderHolder com.android.server.am.ContentProviderHelper.getContentProviderImpl(android.app.IApplicationThread, java.lang.String, android.os.IBinder, int, java.lang.String, java.lang.String, boolean, int),,0,null,18]
09-30 20:18:30.775   517   548 I dvm_lock_sample: [system_server,1,ActivityManager,25,BroadcastQueueModernImpl.java,293,boolean com.android.server.am.BroadcastQueueModernImpl.lambda$new$0(android.os.Message),,0,null,5]
09-30 20:18:30.846   717   754 I jank_cuj_events_end_request: [39,1790824710845160000,91845162082,91845162253]
09-30 20:18:30.912  2982  3059 I dvm_lock_sample: [com.google.android.gms.persisten,0,GoogleApiHandler,916,MessageQueue.java,337,android.os.Message android.os.MessageQueue.next(),-,600,boolean android.os.MessageQueue.enqueueMessage(android.os.Message, long),100]
09-30 20:18:30.915  2982  2982 I dvm_lock_sample: [com.google.android.gms.persisten,1,main,910,MessageQueue.java,554,boolean android.os.MessageQueue.enqueueMessage(android.os.Message, long),-,600,boolean android.os.MessageQueue.enqueueMessage(android.os.Message, long),100]
09-30 20:18:31.119  1473  2506 I dvm_lock_sample: [com.google.android.gms,0,highpool[2],271,ActivityThread.java,7440,android.content.IContentProvider android.app.ActivityThread.acquireExistingProvider(android.content.Context, java.lang.String, int, boolean),-,7551,boolean android.app.ActivityThread.releaseProvider(android.content.IContentProvider, boolean),54]
09-30 20:18:31.175   517   540 I commit_sys_config_file: [notification-policy,65111]
09-30 20:18:31.328   517  1282 I dvm_lock_sample: [system_server,1,binder:517_D,128,ContentProviderHelper.java,174,android.app.ContentProviderHolder com.android.server.am.ContentProviderHelper.getContentProviderImpl(android.app.IApplicationThread, java.lang.String, android.os.IBinder, int, java.lang.String, java.lang.String, boolean, int),ActivityManagerService.java,13426,boolean com.android.server.am.ActivityManagerService.unbindService(android.app.IServiceConnection),25]
09-30 20:18:31.366  2982  3069 I service_manager_slow: [231,phone]
09-30 20:18:31.406   517  1636 I dvm_lock_sample: [system_server,1,binder:517_12,170,ContentProviderHelper.java,174,android.app.ContentProviderHolder com.android.server.am.ContentProviderHelper.getContentProviderImpl(android.app.IApplicationThread, java.lang.String, android.os.IBinder, int, java.lang.String, java.lang.String, boolean, int),,0,null,34]
09-30 20:18:31.424   517  2978 I dvm_lock_sample: [system_server,0,binder:517_19,336,ActivityManagerService.java,13459,void com.android.server.am.ActivityManagerService.serviceDoneExecuting(android.os.IBinder, int, int, int),,0,null,67]
09-30 20:18:31.428   517   556 I dvm_lock_sample: [system_server,0,bgres-controller,71,ActivityManagerService.java,18534,boolean com.android.server.am.ActivityManagerService$LocalService.isProfileOwner(int),-,13404,int com.android.server.am.ActivityManagerService.bindServiceInstance(android.app.IApplicationThread, android.os.IBinder, android.content.Intent, java.lang.String, android.app.IServiceConnection, long, java.lang.String, boolean, int, java.lang.String, android.app.IApplicationThread, java.lang.String, int),14]
09-30 20:18:31.442   517   548 I dvm_lock_sample: [system_server,1,ActivityManager,244,BroadcastQueueModernImpl.java,293,boolean com.android.server.am.BroadcastQueueModernImpl.lambda$new$0(android.os.Message),,0,null,48]
09-30 20:18:31.454   517   568 I commit_sys_config_file: [package-user-0,1248]
09-30 20:18:31.514   517  2978 I dvm_lock_sample: [system_server,0,binder:517_19,63,ActivityManagerService.java,13459,void com.android.server.am.ActivityManagerService.serviceDoneExecuting(android.os.IBinder, int, int, int),,0,null,12]
09-30 20:18:31.539   517   588 I dvm_lock_sample: [system_server,0,appscheduling.default,50,ActivityManagerService.java,17630,void com.android.server.am.ActivityManagerService$LocalService.updateDeviceIdleTempAllowlist(int[], int, boolean, long, int, int, java.lang.String, int),,0,null,10]
09-30 20:18:31.627   517  1007 I dvm_lock_sample: [system_server,1,binder:517_A,121,JobServiceContext.java,1135,void com.android.server.job.JobServiceContext.doCallback(com.android.server.job.JobServiceContext$JobCallback, boolean, java.lang.String),JobSchedulerService.java,3797,long com.android.server.job.JobSchedulerService.getMinJobExecutionGuaranteeMs(com.android.server.job.controllers.JobStatus),24]
09-30 20:18:31.646   894  1176 I service_manager_slow: [13,permission_checker]
09-30 20:18:31.659   517   547 I service_manager_slow: [12,companiondevice]
09-30 20:18:31.676   517   517 I dvm_lock_sample: [system_server,0,main,30,MessageQueue.java,337,android.os.Message android.os.MessageQueue.next(),-,600,boolean android.os.MessageQueue.enqueueMessage(android.os.Message, long),6]
09-30 20:18:31.931   517   548 I am_uid_running: 10118
09-30 20:18:31.945   894  1176 I service_manager_slow: [62,role]
09-30 20:18:32.046   517   549 I am_proc_start: [0,3397,10118,com.google.android.settings.intelligence,broadcast,{com.google.android.settings.intelligence/com.google.android.settings.intelligence.modules.contextualcards.impl.JobBootBroadcastReceiver}]
09-30 20:18:32.290  2982  3384 I dvm_lock_sample: [com.google.android.gms.persisten,0,lowpool[8],446,SQLiteConnectionPool.java,786,android.database.sqlite.SQLiteConnection android.database.sqlite.SQLiteConnectionPool.waitForConnection(java.lang.String, int, android.os.CancellationSignal),-,273,void android.database.sqlite.SQLiteConnectionPool.dispose(boolean),89]
09-30 20:18:32.335  1473  2687 I dvm_lock_sample: [com.google.android.gms,0,lowpool[2],432,ActivityThread.java,7440,android.content.IContentProvider android.app.ActivityThread.acquireExistingProvider(android.content.Context, java.lang.String, int, boolean),-,7464,android.content.IContentProvider android.app.ActivityThread.acquireExistingProvider(android.content.Context, java.lang.String, int, boolean),86]
09-30 20:18:32.347  1291  1706 I dvm_lock_sample: [com.google.android.as,0,superpacks-control-0,967,PG,2,void kmr.n(kjs, boolean, kqe),-,16,klg kib.b(java.lang.String),100]
09-30 20:18:32.388  3397  3397 I service_manager_slow: [138,activity]
09-30 20:18:32.389   517  1813 I am_proc_bound: [0,3397,com.google.android.settings.intelligence]
09-30 20:18:32.670   517   710 I service_manager_slow: [26,user]
09-30 20:18:32.725   517   538 I dvm_lock_sample: [system_server,0,android.fg,64,ActivityManagerService.java,13425,boolean com.android.server.am.ActivityManagerService.unbindService(android.app.IServiceConnection),BroadcastQueueModernImpl.java,551,void com.android.server.am.BroadcastQueueModernImpl.checkPendingColdStartValidity(),12]
09-30 20:18:32.893   517   538 I dvm_lock_sample: [system_server,0,android.fg,48,ActivityManagerService.java,15321,int com.android.server.am.ActivityManagerService.broadcastIntentWithFeature(android.app.IApplicationThread, java.lang.String, android.content.Intent, java.lang.String, android.content.IIntentReceiver, int, java.lang.String, android.os.Bundle, java.lang.String[], java.lang.String[], java.lang.String[], int, android.os.Bundle, boolean, boolean, int),BroadcastQueueModernImpl.java,551,void com.android.server.am.BroadcastQueueModernImpl.checkPendingColdStartValidity(),9]
09-30 20:18:33.082  1291  1933 I dvm_lock_sample: [com.google.android.as,0,aiai-sp-0,939,PG,1,void ktd.m(java.lang.String, khk, ksg),-,7,kli ktd.d(java.lang.String, java.lang.String),100]
09-30 20:18:33.296   517   548 I dvm_lock_sample: [system_server,1,ActivityManager,13,BroadcastQueueModernImpl.java,293,boolean com.android.server.am.BroadcastQueueModernImpl.lambda$new$0(android.os.Message),ContentProviderHelper.java,614,android.app.ContentProviderHolder com.android.server.am.ContentProviderHelper.getContentProviderImpl(android.app.IApplicationThread, java.lang.String, android.os.IBinder, int, java.lang.String, java.lang.String, boolean, int),2]
09-30 20:18:33.334   517  1457 I am_foreground_service_start: [0,com.google.android.apps.messaging/com.google.apps.tiktok.concurrent.InternalForegroundService,0,BACKGROUND_FGS_PERMISSION,34,34,0,0,0,1,UNKNOWN,2048]
09-30 20:18:33.414   517   531 I am_uid_active: 10118
09-30 20:18:33.451   517  1813 I dvm_lock_sample: [system_server,1,binder:517_14,28,ActivityManagerService.java,13425,boolean com.android.server.am.ActivityManagerService.unbindService(android.app.IServiceConnection),,0,null,5]
09-30 20:18:33.784   517  3227 I dvm_lock_sample: [system_server,1,binder:517_1A,14,ActivityManagerService.java,13787,android.content.Intent com.android.server.am.ActivityManagerService.registerReceiverWithFeature(android.app.IApplicationThread, java.lang.String, java.lang.String, java.lang.String, android.content.IIntentReceiver, android.content.IntentFilter, java.lang.String, int, int),-,13404,int com.android.server.am.ActivityManagerService.bindServiceInstance(android.app.IApplicationThread, android.os.IBinder, android.content.Intent, java.lang.String, android.app.IServiceConnection, long, java.lang.String, boolean, int, java.lang.String, android.app.IApplicationThread, java.lang.String, int),2]
09-30 20:18:33.954  1291  3355 I dvm_lock_sample: [com.google.android.as,0,superpacks-service-0,183,PG,1,kli ktd.d(java.lang.String, java.lang.String),,0,null,36]
09-30 20:18:34.001  2982  3436 I dvm_lock_sample: [com.google.android.gms.persisten,0,GeofencerStateMachine,94,MessageQueue.java,554,boolean android.os.MessageQueue.enqueueMessage(android.os.Message, long),-,600,boolean android.os.MessageQueue.enqueueMessage(android.os.Message, long),18]
09-30 20:18:34.164  1473  3431 I gms_unknown: 47122
09-30 20:18:34.795   517   710 I service_manager_slow: [122,user]
09-30 20:18:34.834   517  1282 I dvm_lock_sample: [system_server,1,binder:517_D,21,PermissionManagerServiceImpl.java,972,int com.android.server.pm.permission.PermissionManagerServiceImpl.checkPermissionInternal(com.android.server.pm.pkg.AndroidPackage, boolean, java.lang.String, int),-,5203,java.util.Set com.android.server.pm.permission.PermissionManagerServiceImpl.getInstalledPermissions(java.lang.String),4]
09-30 20:18:34.893  2982  2982 I dvm_lock_sample: [com.google.android.gms.persisten,1,main,1027,:com.google.android.gms@231818047@23.18.18 (190800-535401451),1,hhf hkv.c(android.content.Context, hlm, hln, java.lang.String, hey),-,20,hhf hkv.c(android.content.Context, hlm, hln, java.lang.String, hey),100]
09-30 20:18:34.958   517   540 I commit_sys_config_file: [notification-policy,68894]
09-30 20:18:35.173   517   595 I am_freeze: [3001,com.android.chrome]
09-30 20:18:35.195   517   595 I am_compact: [3001,com.android.chrome,ANON,109428,77156,31120,19812,-4384,0,-4384,4384,22,SOME,0,915,19,69684,-180]
09-30 20:18:35.652   902   939 I service_manager_slow: [11,system_update]
09-30 20:18:35.684   517   549 I am_proc_start: [0,3495,10128,com.google.android.gms.unstable,service,{com.google.android.gms/com.google.android.gms.droidguard.DroidGuardService}]
09-30 20:18:35.815   517   532 I am_proc_bound: [0,3495,com.google.android.gms.unstable]
09-30 20:18:36.156   517   540 I commit_sys_config_file: [notification-policy,70092]
09-30 20:18:36.325   517   682 I dvm_lock_sample: [system_server,0,BackgroundInstallControlService,65,MessageQueue.java,337,android.os.Message android.os.MessageQueue.next(),-,600,boolean android.os.MessageQueue.enqueueMessage(android.os.Message, long),13]
09-30 20:18:36.402   902   939 I service_manager_slow: [17,vibrator_manager]
09-30 20:18:36.600   517   548 I dvm_lock_sample: [system_server,1,ActivityManager,15,BroadcastQueueModernImpl.java,293,boolean com.android.server.am.BroadcastQueueModernImpl.lambda$new$0(android.os.Message),ActivityManagerService.java,13195,android.content.ComponentName com.android.server.am.ActivityManagerService.startService(android.app.IApplicationThread, android.content.Intent, java.lang.String, boolean, java.lang.String, java.lang.String, int, boolean, int, java.lang.String, java.lang.String),3]
09-30 20:18:37.069  2982  3286 I dvm_lock_sample: [com.google.android.gms.persisten,1,binder:2982_D,136,ActivityThread.java,7475,boolean android.app.ActivityThread.releaseProvider(android.content.IContentProvider, boolean),-,7551,boolean android.app.ActivityThread.releaseProvider(android.content.IContentProvider, boolean),27]
09-30 20:18:37.069  2982  3450 I dvm_lock_sample: [com.google.android.gms.persisten,0,highpool[6],185,:com.google.android.gms@231818047@23.18.18 (190800-535401451),0,void acea.execute(java.lang.Runnable),-,0,void acea.execute(java.lang.Runnable),37]
09-30 20:18:37.144   517   517 I dvm_lock_sample: [system_server,0,main,159,AlarmManagerService.java,5112,void com.android.server.alarm.AlarmManagerService$AlarmHandler.handleMessage(android.os.Message),-,2373,void com.android.server.alarm.AlarmManagerService.setImpl(int, long, long, long, android.app.PendingIntent, android.app.IAlarmListener, java.lang.String, int, android.os.WorkSource, android.app.AlarmManager$AlarmClockInfo, int, java.lang.String, android.os.Bundle, int),31]
09-30 20:18:37.261   894  1057 I service_manager_slow: [10,carrier_config]
09-30 20:18:37.334   517   578 I dvm_lock_sample: [system_server,1,binder:517_3,32,PermissionManagerServiceImpl.java,972,int com.android.server.pm.permission.PermissionManagerServiceImpl.checkPermissionInternal(com.android.server.pm.pkg.AndroidPackage, boolean, java.lang.String, int),-,879,void com.android.server.pm.permission.PermissionManagerServiceImpl.updatePermissionFlagsInternal(java.lang.String, java.lang.String, int, int, int, int, boolean, com.android.server.pm.permission.PermissionManagerServiceImpl$PermissionCallback),6]
09-30 20:18:37.334   517  2899 I dvm_lock_sample: [system_server,1,binder:517_17,32,PermissionManagerServiceImpl.java,972,int com.android.server.pm.permission.PermissionManagerServiceImpl.checkPermissionInternal(com.android.server.pm.pkg.AndroidPackage, boolean, java.lang.String, int),-,879,void com.android.server.pm.permission.PermissionManagerServiceImpl.updatePermissionFlagsInternal(java.lang.String, java.lang.String, int, int, int, int, boolean, com.android.server.pm.permission.PermissionManagerServiceImpl$PermissionCallback),6]
09-30 20:18:37.377   517   647 I dvm_lock_sample: [system_server,0,ConnectivityServiceThread,15,PermissionManagerServiceImpl.java,972,int com.android.server.pm.permission.PermissionManagerServiceImpl.checkPermissionInternal(com.android.server.pm.pkg.AndroidPackage, boolean, java.lang.String, int),-,879,void com.android.server.pm.permission.PermissionManagerServiceImpl.updatePermissionFlagsInternal(java.lang.String, java.lang.String, int, int, int, int, boolean, com.android.server.pm.permission.PermissionManagerServiceImpl$PermissionCallback),3]
09-30 20:18:37.387  1473  3431 I dvm_lock_sample: [com.google.android.gms,0,[com.google.android.gms.chimera.container.intentoperation.GmsIntentOperationChimeraService-Executor] processing com.google.android.gms.icing.service.IcingModuleInitIntentOperation for action com.google.android.chimera.IntentOperation.NEW_MODULE,31,ContextImpl.java,577,android.content.SharedPreferences android.app.ContextImpl.getSharedPreferences(java.lang.String, int),-,609,android.content.SharedPreferences android.app.ContextImpl.getSharedPreferences(java.io.File, int),6]
09-30 20:18:37.996  2982  3544 I service_manager_slow: [59,location]
09-30 20:18:38.004   517  2899 I am_wtf  : [0,902,com.android.settings,952745541,SystemServiceRegistry,No service published for: ethernet]
09-30 20:18:38.211   517   977 I am_uid_running: 10165
09-30 20:18:38.238   517   595 I am_unfreeze: [1554,com.android.traceur,7]
09-30 20:18:38.243   517   549 I am_proc_start: [0,3571,10165,com.android.emergency,content provider,{com.android.emergency/com.android.emergency.EmergencySearchIndexablesProvider}]
09-30 20:18:38.412   517   549 I am_proc_start: [0,3595,10128,com.google.android.gms.ui,content provider,{com.google.android.gms/com.google.android.gms.accountsettings.content.SettingsSearchContentProvider}]
09-30 20:18:38.430   517   578 I am_proc_bound: [0,3571,com.android.emergency]
09-30 20:18:38.436   517   783 I dvm_lock_sample: [system_server,1,binder:517_6,28,PermissionManagerServiceImpl.java,972,int com.android.server.pm.permission.PermissionManagerServiceImpl.checkPermissionInternal(com.android.server.pm.pkg.AndroidPackage, boolean, java.lang.String, int),-,879,void com.android.server.pm.permission.PermissionManagerServiceImpl.updatePermissionFlagsInternal(java.lang.String, java.lang.String, int, int, int, int, boolean, com.android.server.pm.permission.PermissionManagerServiceImpl$PermissionCallback),5]
09-30 20:18:38.525   517   977 I am_uid_running: 10172
09-30 20:18:38.561   517   549 I am_proc_start: [0,3603,10172,com.google.android.healthconnect.controller,content provider,{com.google.android.healthconnect.controller/com.android.healthconnect.controller.searchindexables.HealthConnectSearchIndexablesProvider}]
09-30 20:18:38.599   517  1786 I am_proc_bound: [0,3595,com.google.android.gms.ui]
09-30 20:18:38.603   517  1282 I am_uid_running: 10138
09-30 20:18:38.657   517   549 I am_proc_start: [0,3613,10138,com.google.android.marvin.talkback,content provider,{com.google.android.marvin.talkback/com.google.android.accessibility.talkback.preference.search.TalkBackSearchIndexablesProvider}]
09-30 20:18:38.801   517  3227 I dvm_lock_sample: [system_server,1,binder:517_1A,26,ActivityManagerService.java,13787,android.content.Intent com.android.server.am.ActivityManagerService.registerReceiverWithFeature(android.app.IApplicationThread, java.lang.String, java.lang.String, java.lang.String, android.content.IIntentReceiver, android.content.IntentFilter, java.lang.String, int, int),BroadcastQueueModernImpl.java,295,boolean com.android.server.am.BroadcastQueueModernImpl.lambda$new$0(android.os.Message),5]
09-30 20:18:38.909   517   548 I dvm_lock_sample: [system_server,1,ActivityManager,105,BroadcastQueueModernImpl.java,293,boolean com.android.server.am.BroadcastQueueModernImpl.lambda$new$0(android.os.Message),,0,null,21]
09-30 20:18:38.965  2982  3544 I service_manager_slow: [155,wifi]
09-30 20:18:39.052   517  3227 I am_proc_bound: [0,3603,com.google.android.healthconnect.controller]
09-30 20:18:39.443  1490  2338 I dvm_lock_sample: [com.google.android.googlequickse,0,Blocking Thread #19,642,PG,1,void com.google.android.apps.gsa.j.d.d(com.google.android.apps.gsa.j.c),-,16,void com.google.android.apps.gsa.j.d.d(com.google.android.apps.gsa.j.c),100]
09-30 20:18:39.726   517   595 I am_freeze: [2653,com.android.camera2]
09-30 20:18:39.741  1473  2270 I gms_unknown: [CheckinTask:duration,0]
09-30 20:18:40.080  1473  1473 I dvm_lock_sample: [com.google.android.gms,1,main,265,MessageQueue.java,337,android.os.Message android.os.MessageQueue.next(),-,600,boolean android.os.MessageQueue.enqueueMessage(android.os.Message, long),53]
09-30 20:18:40.235   517   595 I am_compact: [2653,com.android.camera2,ANON,71296,43324,27252,21376,520,1972,-1460,1496,508,SOME,0,999,19,107232,-40]
09-30 20:18:40.487  3603  3641 I service_manager_slow: [112,permission_checker]
09-30 20:18:40.807   517   595 I am_freeze: [2307,com.android.imsserviceentitlement]
09-30 20:18:40.811   517   531 I dvm_lock_sample: [system_server,1,binder:517_1,145,JobSchedulerService.java,1842,java.util.List com.android.server.job.JobSchedulerService.getPendingJobsInNamespace(int, java.lang.String),QuotaController.java,2172,void com.android.server.job.controllers.QuotaController$Timer.stopTrackingJob(com.android.server.job.controllers.JobStatus),29]
09-30 20:18:40.835   517   595 I am_compact: [2307,com.android.imsserviceentitlement,ANON,72680,46100,25848,22712,-376,0,-376,376,28,SOME,0,975,19,107132,0]
09-30 20:18:40.891   517   811 I am_proc_bound: [0,3613,com.google.android.marvin.talkback]
09-30 20:18:40.910  1286  1481 I dvm_lock_sample: [com.google.android.providers.med,0,fg,542,MessageQueue.java,337,android.os.Message android.os.MessageQueue.next(),-,600,boolean android.os.MessageQueue.enqueueMessage(android.os.Message, long),100]
09-30 20:18:41.363   517   531 I dvm_lock_sample: [system_server,1,binder:517_1,381,ActivityManagerService.java,13787,android.content.Intent com.android.server.am.ActivityManagerService.registerReceiverWithFeature(android.app.IApplicationThread, java.lang.String, java.lang.String, java.lang.String, android.content.IIntentReceiver, android.content.IntentFilter, java.lang.String, int, int),ContentProviderHelper.java,1522,void com.android.server.am.ContentProviderHelper.handleProviderRemoval(com.android.server.am.ContentProviderConnection, boolean, boolean),76]
09-30 20:18:41.683  1286  1481 I dvm_lock_sample: [com.google.android.providers.med,0,fg,503,MessageQueue.java,337,android.os.Message android.os.MessageQueue.next(),-,600,boolean android.os.MessageQueue.enqueueMessage(android.os.Message, long),100]
09-30 20:18:41.741   517   595 I am_freeze: [1061,com.google.android.cellbroadcastreceiver]
09-30 20:18:41.742   517  1786 I dvm_lock_sample: [system_server,0,binder:517_13,159,ContentProviderHelper.java,811,void com.android.server.am.ContentProviderHelper.removeContentProvider(android.os.IBinder, boolean),CachedAppOptimizer.java,2144,void com.android.server.am.CachedAppOptimizer$FreezeHandler.handleMessage(android.os.Message),31]
09-30 20:18:41.748   517   595 I am_unfreeze: [1061,com.google.android.cellbroadcastreceiver,10]
09-30 20:18:42.017  3114  3161 I service_manager_slow: [387,phone]
09-30 20:18:42.035   517   517 I dvm_lock_sample: [system_server,0,main,427,MessageQueue.java,337,android.os.Message android.os.MessageQueue.next(),-,600,boolean android.os.MessageQueue.enqueueMessage(android.os.Message, long),85]
09-30 20:18:42.060   517  1813 I dvm_lock_sample: [system_server,1,binder:517_14,429,PropertyInvalidatedCache.java,1272,void android.app.PropertyInvalidatedCache$AutoCorker.autoCork(),-,1289,void android.app.PropertyInvalidatedCache$AutoCorker.autoCork(),85]
09-30 20:18:42.062   517  3227 I dvm_lock_sample: [system_server,1,binder:517_1A,418,PermissionManagerServiceImpl.java,972,int com.android.server.pm.permission.PermissionManagerServiceImpl.checkPermissionInternal(com.android.server.pm.pkg.AndroidPackage, boolean, java.lang.String, int),-,879,void com.android.server.pm.permission.PermissionManagerServiceImpl.updatePermissionFlagsInternal(java.lang.String, java.lang.String, int, int, int, int, boolean, com.android.server.pm.permission.PermissionManagerServiceImpl$PermissionCallback),83]
09-30 20:18:42.064   517   811 I dvm_lock_sample: [system_server,1,binder:517_8,379,PermissionManagerServiceImpl.java,972,int com.android.server.pm.permission.PermissionManagerServiceImpl.checkPermissionInternal(com.android.server.pm.pkg.AndroidPackage, boolean, java.lang.String, int),-,879,void com.android.server.pm.permission.PermissionManagerServiceImpl.updatePermissionFlagsInternal(java.lang.String, java.lang.String, int, int, int, int, boolean, com.android.server.pm.permission.PermissionManagerServiceImpl$PermissionCallback),75]
09-30 20:18:42.066   517   578 I dvm_lock_sample: [system_server,1,binder:517_3,335,PermissionManagerServiceImpl.java,972,int com.android.server.pm.permission.PermissionManagerServiceImpl.checkPermissionInternal(com.android.server.pm.pkg.AndroidPackage, boolean, java.lang.String, int),-,879,void com.android.server.pm.permission.PermissionManagerServiceImpl.updatePermissionFlagsInternal(java.lang.String, java.lang.String, int, int, int, int, boolean, com.android.server.pm.permission.PermissionManagerServiceImpl$PermissionCallback),67]
09-30 20:18:42.066   517   977 I dvm_lock_sample: [system_server,1,binder:517_9,335,PermissionManagerServiceImpl.java,972,int com.android.server.pm.permission.PermissionManagerServiceImpl.checkPermissionInternal(com.android.server.pm.pkg.AndroidPackage, boolean, java.lang.String, int),-,879,void com.android.server.pm.permission.PermissionManagerServiceImpl.updatePermissionFlagsInternal(java.lang.String, java.lang.String, int, int, int, int, boolean, com.android.server.pm.permission.PermissionManagerServiceImpl$PermissionCallback),67]
09-30 20:18:42.070   517  2899 I dvm_lock_sample: [system_server,1,binder:517_17,337,PermissionManagerServiceImpl.java,972,int com.android.server.pm.permission.PermissionManagerServiceImpl.checkPermissionInternal(com.android.server.pm.pkg.AndroidPackage, boolean, java.lang.String, int),-,879,void com.android.server.pm.permission.PermissionManagerServiceImpl.updatePermissionFlagsInternal(java.lang.String, java.lang.String, int, int, int, int, boolean, com.android.server.pm.permission.PermissionManagerServiceImpl$PermissionCallback),67]
09-30 20:18:42.072   517   531 I dvm_lock_sample: [system_server,1,binder:517_1,302,PermissionManagerServiceImpl.java,972,int com.android.server.pm.permission.PermissionManagerServiceImpl.checkPermissionInternal(com.android.server.pm.pkg.AndroidPackage, boolean, java.lang.String, int),-,879,void com.android.server.pm.permission.PermissionManagerServiceImpl.updatePermissionFlagsInternal(java.lang.String, java.lang.String, int, int, int, int, boolean, com.android.server.pm.permission.PermissionManagerServiceImpl$PermissionCallback),60]
09-30 20:18:42.097   517   595 I am_compact: [1061,com.google.android.cellbroadcastreceiver,ANON,85264,58632,25892,23692,-1096,0,-1096,1096,348,FULL,46261,999,19,107064,-12]
09-30 20:18:42.103   517   548 I dvm_lock_sample: [system_server,1,ActivityManager,360,BroadcastQueueModernImpl.java,293,boolean com.android.server.am.BroadcastQueueModernImpl.lambda$new$0(android.os.Message),,0,null,72]
09-30 20:18:42.108   517  1007 I dvm_lock_sample: [system_server,1,binder:517_A,200,ContentProviderHelper.java,174,android.app.ContentProviderHolder com.android.server.am.ContentProviderHelper.getContentProviderImpl(android.app.IApplicationThread, java.lang.String, android.os.IBinder, int, java.lang.String, java.lang.String, boolean, int),,0,null,40]
09-30 20:18:42.236   517  1282 I dvm_lock_sample: [system_server,1,binder:517_D,233,ActivityManagerService.java,13425,boolean com.android.server.am.ActivityManagerService.unbindService(android.app.IServiceConnection),,0,null,46]
09-30 20:18:42.390   517   565 I dvm_lock_sample: [system_server,1,PowerManagerService,177,PowerManagerService.java,3340,void com.android.server.power.PowerManagerService.handleSandman(int),-,1633,void com.android.server.power.PowerManagerService.acquireWakeLockInternal(android.os.IBinder, int, int, java.lang.String, java.lang.String, android.os.WorkSource, java.lang.String, int, int, android.os.IWakeLockCallback),35]
09-30 20:18:42.392  1473  1473 I dvm_lock_sample: [com.google.android.gms,1,main,150,ActivityThread.java,7556,void android.app.ActivityThread.completeRemoveProvider(android.app.ActivityThread$ProviderRefCount),-,7551,boolean android.app.ActivityThread.releaseProvider(android.content.IContentProvider, boolean),30]
09-30 20:18:42.484   517   811 I dvm_lock_sample: [system_server,1,binder:517_8,394,ActivityManagerService.java,13189,android.content.ComponentName com.android.server.am.ActivityManagerService.startService(android.app.IApplicationThread, android.content.Intent, java.lang.String, boolean, java.lang.String, java.lang.String, int, boolean, int, java.lang.String, java.lang.String),,0,null,78]
09-30 20:18:42.624   517   539 I dvm_lock_sample: [system_server,1,android.ui,134,MessageQueue.java,337,android.os.Message android.os.MessageQueue.next(),-,600,boolean android.os.MessageQueue.enqueueMessage(android.os.Message, long),26]
09-30 20:18:42.626   517  2899 I dvm_lock_sample: [system_server,1,binder:517_17,536,ActivityManagerService.java,13787,android.content.Intent com.android.server.am.ActivityManagerService.registerReceiverWithFeature(android.app.IApplicationThread, java.lang.String, java.lang.String, java.lang.String, android.content.IIntentReceiver, android.content.IntentFilter, java.lang.String, int, int),,0,null,100]
09-30 20:18:42.627   517   548 I dvm_lock_sample: [system_server,1,ActivityManager,524,BroadcastQueueModernImpl.java,293,boolean com.android.server.am.BroadcastQueueModernImpl.lambda$new$0(android.os.Message),,0,null,100]
09-30 20:18:42.638   517   540 I commit_sys_config_file: [notification-policy,76574]
09-30 20:18:42.638   517  1786 I dvm_lock_sample: [system_server,0,binder:517_13,531,ContentProviderHelper.java,811,void com.android.server.am.ContentProviderHelper.removeContentProvider(android.os.IBinder, boolean),,0,null,100]
09-30 20:18:42.692   517  1079 I dvm_lock_sample: [system_server,1,binder:517_C,801,ActivityManagerService.java,13403,int com.android.server.am.ActivityManagerService.bindServiceInstance(android.app.IApplicationThread, android.os.IBinder, android.content.Intent, java.lang.String, android.app.IServiceConnection, long, java.lang.String, boolean, int, java.lang.String, android.app.IApplicationThread, java.lang.String, int),,0,null,100]
09-30 20:18:42.715   517  1636 I dvm_lock_sample: [system_server,1,binder:517_12,506,ActivityManagerService.java,13425,boolean com.android.server.am.ActivityManagerService.unbindService(android.app.IServiceConnection),,0,null,100]
09-30 20:18:42.867   517   568 I commit_sys_config_file: [package-user-0,823]
09-30 20:18:43.309   517   554 I dvm_lock_sample: [system_server,0,batterystats-handler,71,MessageQueue.java,337,android.os.Message android.os.MessageQueue.next(),-,600,boolean android.os.MessageQueue.enqueueMessage(android.os.Message, long),14]
09-30 20:18:43.405   517   517 I notification_enqueue: [10131,3114,com.google.android.apps.messaging,174344743,NULL,0,Notification(channel=bugle_broadcast_receiver_channel shortcut=null contentView=null vibrate=null sound=null tick defaults=0x0 flags=0x162 color=0xff5f6368 category=service vis=PRIVATE),0]
09-30 20:18:43.431  2982  3292 I dvm_lock_sample: [com.google.android.gms.persisten,0,highpool[4],770,:com.google.android.gms@231818047@23.18.18 (190800-535401451),0,void acea.execute(java.lang.Runnable),-,0,void acea.execute(java.lang.Runnable),100]
09-30 20:18:43.686  2982  3544 I service_manager_slow: [156,wifirtt]
09-30 20:18:43.996   517   517 I sysui_multi_action: [757,1501,758,1,793,592,794,0,795,592,796,174344743,806,com.google.android.apps.messaging,857,bugle_broadcast_receiver_channel,858,2,947,0,1500,0,1641,service,1688,1,1745,2098068913]
09-30 20:18:44.003   517   517 I sysui_multi_action: [757,804,799,note_interruptive,801,0,802,1]
09-30 20:18:44.287   517  3227 I dvm_lock_sample: [system_server,1,binder:517_1A,1090,AccessibilityManagerService.java,1241,java.util.List com.android.server.accessibility.AccessibilityManagerService.getInstalledAccessibilityServiceList(int),ProxyManager.java,709,void com.android.server.accessibility.ProxyManager.updateTimeoutsIfNeeded(int, int),100]
09-30 20:18:44.295   517  1813 I dvm_lock_sample: [system_server,1,binder:517_14,519,ActivityManagerService.java,5527,java.lang.String com.android.server.am.ActivityManagerService.getTagForIntentSender(android.content.IIntentSender, java.lang.String),-,13444,void com.android.server.am.ActivityManagerService.publishService(android.os.IBinder, android.content.Intent, android.os.IBinder),100]
09-30 20:18:44.297   517   588 I dvm_lock_sample: [system_server,0,appscheduling.default,683,ActivityManagerService.java,17630,void com.android.server.am.ActivityManagerService$LocalService.updateDeviceIdleTempAllowlist(int[], int, boolean, long, int, int, java.lang.String, int),-,13444,void com.android.server.am.ActivityManagerService.publishService(android.os.IBinder, android.content.Intent, android.os.IBinder),100]
09-30 20:18:44.301   517  1007 I dvm_lock_sample: [system_server,1,binder:517_A,193,PackageManagerService.java,1169,com.android.server.pm.Computer com.android.server.pm.PackageManagerService.snapshotComputer(boolean),-,1195,com.android.server.pm.Computer com.android.server.pm.PackageManagerService.snapshotComputer(boolean),38]
09-30 20:18:44.308   517  1786 I dvm_lock_sample: [system_server,1,binder:517_13,191,PackageManagerService.java,1169,com.android.server.pm.Computer com.android.server.pm.PackageManagerService.snapshotComputer(boolean),-,1195,com.android.server.pm.Computer com.android.server.pm.PackageManagerService.snapshotComputer(boolean),38]
09-30 20:18:44.313   517   691 I dvm_lock_sample: [system_server,1,binder:517_4,200,PackageManagerService.java,1169,com.android.server.pm.Computer com.android.server.pm.PackageManagerService.snapshotComputer(boolean),-,1195,com.android.server.pm.Computer com.android.server.pm.PackageManagerService.snapshotComputer(boolean),40]
09-30 20:18:44.314   517  2840 I dvm_lock_sample: [system_server,1,binder:517_16,201,PackageManagerService.java,1169,com.android.server.pm.Computer com.android.server.pm.PackageManagerService.snapshotComputer(boolean),-,1195,com.android.server.pm.Computer com.android.server.pm.PackageManagerService.snapshotComputer(boolean),40]
09-30 20:18:44.332   517   548 I dvm_lock_sample: [system_server,1,ActivityManager,610,BroadcastQueueModernImpl.java,548,void com.android.server.am.BroadcastQueueModernImpl.checkPendingColdStartValidity(),,0,null,100]
09-30 20:18:44.335   517  2899 I dvm_lock_sample: [system_server,1,binder:517_17,346,ActivityManagerService.java,13787,android.content.Intent com.android.server.am.ActivityManagerService.registerReceiverWithFeature(android.app.IApplicationThread, java.lang.String, java.lang.String, java.lang.String, android.content.IIntentReceiver, android.content.IntentFilter, java.lang.String, int, int),,0,null,69]
09-30 20:18:44.338   517  1457 I dvm_lock_sample: [system_server,0,binder:517_F,329,ActivityManagerService.java,13403,int com.android.server.am.ActivityManagerService.bindServiceInstance(android.app.IApplicationThread, android.os.IBinder, android.content.Intent, java.lang.String, android.app.IServiceConnection, long, java.lang.String, boolean, int, java.lang.String, android.app.IApplicationThread, java.lang.String, int),,0,null,65]
09-30 20:18:44.358   517  1079 I dvm_lock_sample: [system_server,1,binder:517_C,325,ActivityManagerService.java,13787,android.content.Intent com.android.server.am.ActivityManagerService.registerReceiverWithFeature(android.app.IApplicationThread, java.lang.String, java.lang.String, java.lang.String, android.content.IIntentReceiver, android.content.IntentFilter, java.lang.String, int, int),,0,null,65]
09-30 20:18:44.358   517  1636 I dvm_lock_sample: [system_server,1,binder:517_12,324,ActivityManagerService.java,13403,int com.android.server.am.ActivityManagerService.bindServiceInstance(android.app.IApplicationThread, android.os.IBinder, android.content.Intent, java.lang.String, android.app.IServiceConnection, long, java.lang.String, boolean, int, java.lang.String, android.app.IApplicationThread, java.lang.String, int),,0,null,64]
09-30 20:18:44.571   517   811 I dvm_lock_sample: [system_server,1,binder:517_8,244,ActivityManagerService.java,13425,boolean com.android.server.am.ActivityManagerService.unbindService(android.app.IServiceConnection),,0,null,48]
09-30 20:18:44.583   517   578 I dvm_lock_sample: [system_server,1,binder:517_3,261,ContentProviderHelper.java,174,android.app.ContentProviderHolder com.android.server.am.ContentProviderHelper.getContentProviderImpl(android.app.IApplicationThread, java.lang.String, android.os.IBinder, int, java.lang.String, java.lang.String, boolean, int),,0,null,52]
09-30 20:18:44.590   517   517 I dvm_lock_sample: [system_server,0,main,237,ActivityManagerService.java,18478,void com.android.server.am.ActivityManagerService$LocalService.onForegroundServiceNotificationUpdate(boolean, android.app.Notification, int, java.lang.String, int),,0,null,47]
09-30 20:18:44.598   517  1007 I dvm_lock_sample: [system_server,1,binder:517_A,229,ActivityManagerService.java,13439,void com.android.server.am.ActivityManagerService.publishService(android.os.IBinder, android.content.Intent, android.os.IBinder),,0,null,45]
09-30 20:18:44.668  2982  3379 I dvm_lock_sample: [com.google.android.gms.persisten,0,lowpool[5],6676,:com.google.android.gms@231818047@23.18.18 (190800-535401451),2,void bytb.u(byps, int),-,4,void bytb.o(int),100]
09-30 20:18:44.688   517   538 I dvm_lock_sample: [system_server,0,android.fg,73,MessageQueue.java,337,android.os.Message android.os.MessageQueue.next(),-,600,boolean android.os.MessageQueue.enqueueMessage(android.os.Message, long),14]
09-30 20:18:45.088   517  1007 I dvm_lock_sample: [system_server,1,binder:517_A,408,ActivityManagerService.java,5527,java.lang.String com.android.server.am.ActivityManagerService.getTagForIntentSender(android.content.IIntentSender, java.lang.String),,0,null,81]
09-30 20:18:45.089   517   578 I dvm_lock_sample: [system_server,1,binder:517_3,375,ContentProviderHelper.java,174,android.app.ContentProviderHolder com.android.server.am.ContentProviderHelper.getContentProviderImpl(android.app.IApplicationThread, java.lang.String, android.os.IBinder, int, java.lang.String, java.lang.String, boolean, int),,0,null,75]
09-30 20:18:45.102   517   548 I dvm_lock_sample: [system_server,1,ActivityManager,370,BroadcastQueueModernImpl.java,389,void com.android.server.am.BroadcastQueueModernImpl.updateRunningList(),,0,null,74]
09-30 20:18:45.106   517  1457 I dvm_lock_sample: [system_server,0,binder:517_F,365,ActivityManagerService.java,13425,boolean com.android.server.am.ActivityManagerService.unbindService(android.app.IServiceConnection),,0,null,73]
09-30 20:18:45.117   517  2978 I dvm_lock_sample: [system_server,1,binder:517_19,301,ActivityManagerService.java,13986,android.content.Intent com.android.server.am.ActivityManagerService.registerReceiverWithFeature(android.app.IApplicationThread, java.lang.String, java.lang.String, java.lang.String, android.content.IIntentReceiver, android.content.IntentFilter, java.lang.String, int, int),,0,null,60]
09-30 20:18:45.162   517   691 I dvm_lock_sample: [system_server,1,binder:517_4,153,ActivityManagerService.java,13403,int com.android.server.am.ActivityManagerService.bindServiceInstance(android.app.IApplicationThread, android.os.IBinder, android.content.Intent, java.lang.String, android.app.IServiceConnection, long, java.lang.String, boolean, int, java.lang.String, android.app.IApplicationThread, java.lang.String, int),,0,null,30]
09-30 20:18:45.189   517   548 I dvm_lock_sample: [system_server,1,ActivityManager,81,BroadcastQueueModernImpl.java,293,boolean com.android.server.am.BroadcastQueueModernImpl.lambda$new$0(android.os.Message),,0,null,16]
09-30 20:18:45.236   517   595 I am_freeze: [2796,com.android.providers.calendar]
09-30 20:18:45.236   517   701 I dvm_lock_sample: [system_server,0,android.perm,69,ActivityManagerService.java,13425,boolean com.android.server.am.ActivityManagerService.unbindService(android.app.IServiceConnection),,0,null,13]
09-30 20:18:45.434   517   595 I am_compact: [2796,com.android.providers.calendar,ANON,78028,49140,28144,20712,-2312,0,-2312,2312,193,SOME,0,945,19,108676,-660]
09-30 20:18:45.746   517  1079 I dvm_lock_sample: [system_server,1,binder:517_C,506,ActivityManagerService.java,13453,void com.android.server.am.ActivityManagerService.unbindFinished(android.os.IBinder, android.content.Intent, boolean),,0,null,100]
09-30 20:18:45.754   517  2978 I dvm_lock_sample: [system_server,1,binder:517_19,503,ActivityManagerService.java,13986,android.content.Intent com.android.server.am.ActivityManagerService.registerReceiverWithFeature(android.app.IApplicationThread, java.lang.String, java.lang.String, java.lang.String, android.content.IIntentReceiver, android.content.IntentFilter, java.lang.String, int, int),,0,null,100]
09-30 20:18:45.757   517   548 I dvm_lock_sample: [system_server,1,ActivityManager,483,BroadcastQueueModernImpl.java,293,boolean com.android.server.am.BroadcastQueueModernImpl.lambda$new$0(android.os.Message),ActivityManagerService.java,18140,android.content.ComponentName com.android.server.am.ActivityManagerService$LocalService.startServiceInPackage(int, android.content.Intent, java.lang.String, boolean, java.lang.String, java.lang.String, int, android.app.BackgroundStartPrivileges),96]
09-30 20:18:45.759   517  1813 I dvm_lock_sample: [system_server,1,binder:517_14,540,ContentProviderHelper.java,174,android.app.ContentProviderHolder com.android.server.am.ContentProviderHelper.getContentProviderImpl(android.app.IApplicationThread, java.lang.String, android.os.IBinder, int, java.lang.String, java.lang.String, boolean, int),,0,null,100]
09-30 20:18:45.779   517  2899 I dvm_lock_sample: [system_server,1,binder:517_17,493,ActivityManagerService.java,13403,int com.android.server.am.ActivityManagerService.bindServiceInstance(android.app.IApplicationThread, android.os.IBinder, android.content.Intent, java.lang.String, android.app.IServiceConnection, long, java.lang.String, boolean, int, java.lang.String, android.app.IApplicationThread, java.lang.String, int),-,18140,android.content.ComponentName com.android.server.am.ActivityManagerService$LocalService.startServiceInPackage(int, android.content.Intent, java.lang.String, boolean, java.lang.String, java.lang.String, int, android.app.BackgroundStartPrivileges),98]
09-30 20:18:45.788   517   638 I service_manager_slow: [43,time_detector]
09-30 20:18:45.818   517  1007 I dvm_lock_sample: [system_server,1,binder:517_A,481,ContentProviderHelper.java,174,android.app.ContentProviderHolder com.android.server.am.ContentProviderHelper.getContentProviderImpl(android.app.IApplicationThread, java.lang.String, android.os.IBinder, int, java.lang.String, java.lang.String, boolean, int),,0,null,96]
09-30 20:18:45.828   517   647 I dvm_lock_sample: [system_server,0,ConnectivityServiceThread,191,PermissionManagerServiceImpl.java,972,int com.android.server.pm.permission.PermissionManagerServiceImpl.checkPermissionInternal(com.android.server.pm.pkg.AndroidPackage, boolean, java.lang.String, int),-,879,void com.android.server.pm.permission.PermissionManagerServiceImpl.updatePermissionFlagsInternal(java.lang.String, java.lang.String, int, int, int, int, boolean, com.android.server.pm.permission.PermissionManagerServiceImpl$PermissionCallback),38]
09-30 20:18:45.849   517  1786 I dvm_lock_sample: [system_server,0,binder:517_13,460,ContentProviderHelper.java,811,void com.android.server.am.ContentProviderHelper.removeContentProvider(android.os.IBinder, boolean),,0,null,92]
09-30 20:18:45.850   517  1636 I dvm_lock_sample: [system_server,1,binder:517_12,319,ActivityManagerService.java,13425,boolean com.android.server.am.ActivityManagerService.unbindService(android.app.IServiceConnection),,0,null,63]
09-30 20:18:45.858   517   571 I dvm_lock_sample: [system_server,0,PackageManager,499,ActivityManagerService.java,18079,int com.android.server.am.ActivityManagerService$LocalService.broadcastIntent(android.content.Intent, android.content.IIntentReceiver, java.lang.String[], boolean, int, int[], java.util.function.BiFunction, android.os.Bundle),,0,null,99]
09-30 20:18:45.862   517   532 I dvm_lock_sample: [system_server,1,binder:517_2,173,ActivityManagerService.java,13787,android.content.Intent com.android.server.am.ActivityManagerService.registerReceiverWithFeature(android.app.IApplicationThread, java.lang.String, java.lang.String, java.lang.String, android.content.IIntentReceiver, android.content.IntentFilter, java.lang.String, int, int),,0,null,34]
09-30 20:18:45.864   517   787 I dvm_lock_sample: [system_server,1,binder:517_7,133,PermissionManagerServiceImpl.java,972,int com.android.server.pm.permission.PermissionManagerServiceImpl.checkPermissionInternal(com.android.server.pm.pkg.AndroidPackage, boolean, java.lang.String, int),,0,null,26]
09-30 20:18:45.660  3495  3495 I auditd  : type=1400 audit(0.0:8): avc:  denied  { read } for  comm="IntentService[D" name="u:object_r:system_adbd_prop:s0" dev="tmpfs" ino=292 scontext=u:r:gmscore_app:s0:c512,c768 tcontext=u:object_r:system_adbd_prop:s0 tclass=file permissive=0 app=com.google.android.gms
09-30 20:18:45.895   894  1675 I service_manager_slow: [29,permission_checker]
09-30 20:18:45.664  3495  3495 I auditd  : type=1400 audit(0.0:9): avc:  denied  { read } for  comm="IntentService[D" name="u:object_r:adbd_prop:s0" dev="tmpfs" ino=60 scontext=u:r:gmscore_app:s0:c512,c768 tcontext=u:object_r:adbd_prop:s0 tclass=file permissive=0 app=com.google.android.gms
09-30 20:18:46.007   517  1786 I dvm_lock_sample: [system_server,1,binder:517_13,42,AppOpsService.java,3793,com.android.server.appop.AppOpsService$PackageVerificationResult com.android.server.appop.AppOpsService.verifyAndGetBypass(int, java.lang.String, java.lang.String, java.lang.String, boolean),-,2920,void com.android.server.appop.AppOpsService.collectAsyncNotedOp(int, java.lang.String, int, java.lang.String, int, java.lang.String, boolean),8]
09-30 20:18:46.058   517   532 I am_foreground_service_stop: [0,com.google.android.apps.messaging/com.google.apps.tiktok.concurrent.InternalForegroundService,0,BACKGROUND_FGS_PERMISSION,34,34,1,1,12728,1,STOP_FOREGROUND,2048]
09-30 20:18:46.089   517   548 I dvm_lock_sample: [system_server,1,ActivityManager,43,BroadcastQueueModernImpl.java,389,void com.android.server.am.BroadcastQueueModernImpl.updateRunningList(),,0,null,8]
09-30 20:18:46.159  2982  3384 I dvm_lock_sample: [com.google.android.gms.persisten,0,lowpool[8],232,ContextImpl.java,577,android.content.SharedPreferences android.app.ContextImpl.getSharedPreferences(java.lang.String, int),-,609,android.content.SharedPreferences android.app.ContextImpl.getSharedPreferences(java.io.File, int),46]
09-30 20:18:46.233   517   517 I sysui_multi_action: [757,128,758,5,759,8,793,2829,794,0,795,2829,796,174344743,806,com.google.android.apps.messaging,857,bugle_broadcast_receiver_channel,858,2,947,0,1500,2237,1641,service,1688,1,1745,2098068913]
09-30 20:18:46.233   517   517 I notification_canceled: [0|com.google.android.apps.messaging|174344743|null|10131,8,2829,2829,0,-1,-1,NULL]
09-30 20:18:46.325  3114  3163 I dvm_lock_sample: [com.google.android.apps.messagin,1,BG Thread #2,597,PG,-1,bscc bscd.u(android.content.Context),,0,null,100]
09-30 20:18:46.325  3114  3693 I dvm_lock_sample: [com.google.android.apps.messagin,0,SimStateTrackerHandler,594,PG,-1,boolean bscd.V(),-,65,void bscd.x(android.content.Intent),100]
09-30 20:18:46.432   517   531 I dvm_lock_sample: [system_server,1,binder:517_1,21,ActivityManagerService.java,13269,boolean com.android.server.am.ActivityManagerService.stopServiceToken(android.content.ComponentName, android.os.IBinder, int),-,13465,void com.android.server.am.ActivityManagerService.serviceDoneExecuting(android.os.IBinder, int, int, int),4]
09-30 20:18:46.439   517   710 I service_manager_slow: [179,user]
09-30 20:18:46.510   517  1786 I dvm_lock_sample: [system_server,1,binder:517_13,87,AppOpsService.java,3793,com.android.server.appop.AppOpsService$PackageVerificationResult com.android.server.appop.AppOpsService.verifyAndGetBypass(int, java.lang.String, java.lang.String, java.lang.String, boolean),AppOpsCheckingServiceImpl.java,214,int com.android.server.appop.AppOpsCheckingServiceImpl.getUidMode(int, int),17]
09-30 20:18:46.691   517  2367 I dvm_lock_sample: [system_server,1,binder:517_15,50,PermissionManagerServiceImpl.java,972,int com.android.server.pm.permission.PermissionManagerServiceImpl.checkPermissionInternal(com.android.server.pm.pkg.AndroidPackage, boolean, java.lang.String, int),-,2512,java.util.Set com.android.server.pm.permission.PermissionManagerServiceImpl.getGrantedPermissionsInternal(java.lang.String, int),10]
09-30 20:18:46.704  3114  3376 I dvm_lock_sample: [com.google.android.apps.messagin,0,Blocking Thread #12,881,PG,-1,bscc bscd.u(android.content.Context),,0,null,100]
09-30 20:18:46.707  3114  3180 I dvm_lock_sample: [com.google.android.apps.messagin,0,Blocking Thread #4,366,PG,-1,bscc bscd.u(android.content.Context),-,1,bscc bscd.u(android.content.Context),73]
09-30 20:18:46.887  2982  2982 I dvm_lock_sample: [com.google.android.gms.persisten,1,main,284,:com.google.android.gms@231818047@23.18.18 (190800-535401451),1,void abnq.onServiceConnected(android.content.ComponentName, android.os.IBinder),-,15,boolean abnp.d(abno, android.content.ServiceConnection, java.lang.String, java.util.concurrent.Executor),56]
09-30 20:18:46.900  1802  3699 I force_gc: Binder
09-30 20:18:47.174   517   595 I am_freeze: [2373,com.android.keychain]
09-30 20:18:47.175   517   595 I am_freeze: [2726,com.android.dynsystem:dynsystem]
09-30 20:18:47.176   517   595 I am_freeze: [2705,com.android.dynsystem]
09-30 20:18:47.177   517   595 I am_freeze: [1849,com.android.localtransport]
09-30 20:18:47.375  2982  3544 I dvm_lock_sample: [com.google.android.gms.persisten,0,GoogleLocationService,213,:com.google.android.gms@231818047@23.18.18 (190800-535401451),1,cvdh cvdh.a(android.content.ContentResolver, android.net.Uri, java.lang.Runnable),-,3,cvdh cvdh.a(android.content.ContentResolver, android.net.Uri, java.lang.Runnable),42]
09-30 20:18:47.375  2982  3715 I dvm_lock_sample: [com.google.android.gms.persisten,0,[com.google.android.gms.chimera.container.intentoperation.PersistentIntentOperationChimeraService-Executor] processing com.google.android.gms.auth.proximity.multidevice.BetterTogetherUnifiedSetupIntentOperation for action com.google.android.gms.auth.proximity.multidevice.UPDATE_UNIFIED_SETUP,203,:com.google.android.gms@231818047@23.18.18 (190800-535401451),1,cvdh cvdh.a(android.content.ContentResolver, android.net.Uri, java.lang.Runnable),-,3,cvdh cvdh.a(android.content.ContentResolver, android.net.Uri, java.lang.Runnable),40]
09-30 20:18:47.461   517   595 I am_compact: [2373,com.android.keychain,ANON,75064,47032,27304,21272,-1524,0,-1524,1524,282,SOME,0,985,19,109272,-52]
09-30 20:18:47.619   517   532 I netstats_mobile_sample: [25423,24218,84,90,30577,13862,103,61,1790824728803]
09-30 20:18:47.620   517   532 I netstats_wifi_sample: [286854,92457,512,513,284792,75497,458,475,1790824728803]
09-30 20:18:47.667   517   595 I am_compact: [2726,com.android.dynsystem:dynsystem,ANON,69820,41944,27156,21304,-1408,0,-1408,1408,195,SOME,0,995,19,109324,-132]
09-30 20:18:47.677   517   595 I am_compact: [2705,com.android.dynsystem,ANON,67596,39668,27208,21304,-1476,0,-1476,1476,10,SOME,0,999,19,109456,-396]
09-30 20:18:47.692   517   595 I am_compact: [1849,com.android.localtransport,ANON,70316,43448,26136,22348,-616,0,-616,616,10,SOME,0,999,19,109852,-156]
09-30 20:18:47.886   517   517 I notification_cancel_all: [1000,517,com.google.android.gm,0,0,0,20,NULL]
09-30 20:18:47.940   517   634 I service_manager_stats: [100,888,41900]
09-30 20:18:48.024   517   634 I netstats_mobile_sample: [25423,24218,84,90,30577,13862,103,61,1790824729208]
09-30 20:18:48.024   517   634 I netstats_wifi_sample: [286854,92457,512,513,284792,75497,458,475,1790824729208]
09-30 20:18:48.063   517   547 I am_pss  : [1358,1000,com.android.emulator.multidisplay,4745216,53248,3467264,72937472,0,0,2]
09-30 20:18:48.065   517   547 I am_pss  : [1802,10128,com.google.process.gservices,8813568,4075520,2226176,84131840,0,5,2]
09-30 20:18:48.070   517   547 I am_pss  : [1834,10086,android.process.media,7956480,4308992,2108416,82751488,0,5,2]
09-30 20:18:48.072   517   547 I am_pss  : [1941,10121,com.google.android.as.oss,9700352,5705728,2391040,85192704,0,5,2]
09-30 20:18:48.074   517   547 I am_pss  : [1849,1000,com.android.localtransport,4756480,118784,3426304,73015296,0,19,1]
09-30 20:18:48.079   517   547 I am_pss  : [1214,10145,com.google.android.inputmethod.latin,68399104,42889216,16744448,163807232,0,7,3]
09-30 20:18:48.082   517   547 I am_pss  : [2128,10128,com.google.process.gapps,7421952,2318336,2585600,82989056,0,5,2]
09-30 20:18:48.087   517   547 I am_pss  : [1291,10124,com.google.android.as,109856768,59744256,21220352,257507328,0,5,3]
09-30 20:18:48.090   517   547 I am_pss  : [1061,10185,com.google.android.cellbroadcastreceiver,16299008,10256384,4675584,88166400,0,19,1]
09-30 20:18:48.093   517   540 I commit_sys_config_file: [notification-policy,82029]
09-30 20:18:48.102   517   547 I am_pss  : [517,1000,system,194733056,144687104,18597888,361398272,0,0,6]
09-30 20:18:48.107   517   547 I am_pss  : [1473,10128,com.google.android.gms,98669568,48283648,6408192,296931328,0,3,4]
09-30 20:18:48.111   517   547 I am_pss  : [1361,10084,android.process.acore,11731968,6057984,3636224,92229632,0,5,2]
09-30 20:18:48.114   517   547 I am_pss  : [1460,10156,com.google.android.apps.youtube.music,68411392,36216832,24002560,161591296,0,19,2]
09-30 20:18:48.116   517   547 I am_pss  : [2573,10085,com.android.externalstorage,4758528,73728,3458048,73019392,0,19,2]
09-30 20:18:48.117   517   547 I am_pss  : [2464,10108,com.android.carrierdefaultapp,4930560,200704,3587072,71061504,0,19,1]
09-30 20:18:48.123   517   547 I am_pss  : [1554,10113,com.android.traceur,8349696,5574656,1579008,78512128,0,19,2]
09-30 20:18:48.125   517   547 I am_pss  : [1590,10191,com.google.android.permissioncontroller,23600128,15433728,2200576,128446464,0,6,2]
09-30 20:18:48.128   517   547 I am_pss  : [902,1000,com.android.settings,46611456,28479488,6681600,162598912,0,19,2]
09-30 20:18:48.132   517   547 I am_pss  : [2653,10149,com.android.camera2,6735872,2031616,3299328,74534912,0,19,2]
09-30 20:18:48.135   517   547 I am_pss  : [1559,10123,com.google.android.projection.gearhead:shared,8501248,4407296,2831360,79323136,0,19,2]
09-30 20:18:48.139   517   547 I am_pss  : [2379,10102,com.android.printspooler,5327872,487424,3509248,72912896,0,19,2]
09-30 20:18:48.146   517   547 I am_pss  : [717,10168,com.android.systemui,91450368,65904640,14262272,215531520,0,0,3]
09-30 20:18:48.147   517   547 I am_pss  : [2705,1000,com.android.dynsystem,4676608,270336,3189760,71610368,0,19,2]
09-30 20:18:48.151   517   547 I am_pss  : [1646,10126,com.google.android.onetimeinitializer,4867072,253952,3481600,70950912,0,19,2]
09-30 20:18:48.155   517   547 I am_pss  : [2731,10099,com.android.managedprovisioning,6943744,2293760,3512320,73134080,0,19,1]
09-30 20:18:48.157   517   547 I am_pss  : [2373,1000,com.android.keychain,8341504,3866624,3254272,76627968,0,19,2]
09-30 20:18:48.159   517   547 I am_pss  : [2726,1000,com.android.dynsystem:dynsystem,4782080,290816,3141632,73052160,0,19,2]
09-30 20:18:48.166   517   547 I am_pss  : [894,1001,com.android.phone,23762944,14221312,5796864,115081216,0,0,3]
09-30 20:18:48.172   517   547 I am_pss  : [2307,10117,com.android.imsserviceentitlement,8098816,3350528,3562496,75800576,0,19,2]
09-30 20:18:48.177   517   547 I am_pss  : [3259,10192,com.pantopus.qelvora,66867200,60846080,303104,158343168,0,2,2]
09-30 20:18:48.180   517   547 I am_pss  : [848,1002,com.google.android.bluetooth,14548992,5210112,7293952,93253632,0,0,2]
09-30 20:18:48.187   517   547 I am_pss  : [880,1068,com.android.se,4983808,135168,3589120,74424320,0,0,1]
09-30 20:18:48.190   517   547 I am_pss  : [812,1073,com.android.networkstack.process,13077504,4313088,6675456,93179904,0,0,2]
09-30 20:18:48.217   517   531 I dvm_lock_sample: [system_server,0,binder:517_1,30,OomAdjuster.java,608,boolean com.android.server.am.OomAdjuster.updateOomAdjLocked(com.android.server.am.ProcessRecord, int),ActivityManagerService.java,3140,int com.android.server.am.ActivityManagerService.getPackageProcessState(java.lang.String, java.lang.String),6]
09-30 20:18:48.198   517   547 I am_pss  : [2847,2000,com.android.shell,4983808,2281472,1579008,72282112,0,19,2]
09-30 20:18:48.274   517   547 I am_pss  : [2903,10129,com.google.android.configupdater,5834752,3121152,1465344,77631488,0,19,2]
09-30 20:18:48.278   517   547 I am_pss  : [2514,10182,com.google.android.devicelockcontroller,11064320,4227072,4963328,85909504,0,19,2]
09-30 20:18:48.280   517   547 I am_pss  : [2545,10130,com.google.android.dialer,35561472,24649728,7265280,122785792,0,8,2]
09-30 20:18:48.291   517  2923 I dvm_lock_sample: [system_server,1,binder:517_18,57,ActivityManagerService.java,13787,android.content.Intent com.android.server.am.ActivityManagerService.registerReceiverWithFeature(android.app.IApplicationThread, java.lang.String, java.lang.String, java.lang.String, android.content.IIntentReceiver, android.content.IntentFilter, java.lang.String, int, int),-,13465,void com.android.server.am.ActivityManagerService.serviceDoneExecuting(android.os.IBinder, int, int, int),11]
09-30 20:18:48.300   517   547 I am_pss  : [3002,10155,com.google.android.contacts,25903104,21352448,1228800,115945472,0,19,3]
09-30 20:18:48.306   517   547 I am_pss  : [3146,10094,com.google.android.packageinstaller,6456320,5009408,347136,74002432,0,19,2]
09-30 20:18:48.412   517   547 I am_pss  : [1286,10179,com.google.android.providers.media.module,15173632,10989568,2339840,89432064,0,0,3]
09-30 20:18:48.498   517   547 I am_pss  : [3001,10150,com.android.chrome,25680896,15970304,4930560,109780992,0,19,3]
09-30 20:18:48.531   517   595 I am_freeze: [1559,com.google.android.projection.gearhead:shared]
09-30 20:18:48.589  1473  1473 I dvm_lock_sample: [com.google.android.gms,1,main,24,:com.google.android.gms@231818047@23.18.18 (190800-535401451),1,void abnq.onServiceConnected(android.content.ComponentName, android.os.IBinder),-,15,boolean abnp.d(abno, android.content.ServiceConnection, java.lang.String, java.util.concurrent.Executor),4]
09-30 20:18:48.645   517   595 I am_compact: [1559,com.google.android.projection.gearhead:shared,ANON,73764,46576,26400,22472,-936,0,-936,936,104,SOME,0,945,19,109992,-172]
09-30 20:18:48.737   517   547 I am_pss  : [2814,10146,com.google.android.tts,84472832,75902976,6366208,164429824,0,19,5]
09-30 20:18:48.745   517   547 I am_pss  : [1238,10120,com.google.android.apps.wellbeing,48524288,28561408,2395136,191844352,0,4,4]
09-30 20:18:48.754   517   547 I am_pss  : [1319,10132,com.google.android.googlequicksearchbox:interactor,47286272,2609152,10248192,169095168,0,5,5]
09-30 20:18:48.950   517   548 I dvm_lock_sample: [system_server,1,ActivityManager,239,BroadcastQueueModernImpl.java,293,boolean com.android.server.am.BroadcastQueueModernImpl.lambda$new$0(android.os.Message),,0,null,47]
09-30 20:18:48.953   517   595 I am_freeze: [2814,com.google.android.tts]
09-30 20:18:48.954   517  2367 I dvm_lock_sample: [system_server,0,binder:517_15,138,ContentProviderHelper.java,811,void com.android.server.am.ContentProviderHelper.removeContentProvider(android.os.IBinder, boolean),,0,null,27]
09-30 20:18:48.959   517   595 I am_freeze: [2903,com.google.android.configupdater]
09-30 20:18:49.420   517   531 I am_foreground_service_stop: [0,com.google.android.apps.wellbeing/com.google.apps.tiktok.concurrent.InternalForegroundService,1,BACKGROUND_ACTIVITY_PERMISSION,33,33,0,0,26179,1,STOP_FOREGROUND,0]
09-30 20:18:49.426   517   517 I sysui_multi_action: [757,128,758,5,759,8,793,26182,794,0,795,26182,796,174344743,806,com.google.android.apps.wellbeing,857,app_limit_updates,858,2,947,0,1500,25973,1641,service,1688,1]
09-30 20:18:49.426   517   517 I notification_canceled: [0|com.google.android.apps.wellbeing|174344743|null|10120,8,26182,26182,0,-1,-1,NULL]
09-30 20:18:49.455   517   540 I commit_sys_config_file: [notification-policy,83390]
09-30 20:18:49.599   517   595 I am_compact: [2814,com.google.android.tts,ANON,157324,79056,77380,25256,-48088,0,-48088,48088,640,SOME,0,965,19,110068,-14888]
09-30 20:18:49.684   517   595 I am_compact: [2903,com.google.android.configupdater,ANON,71648,43516,27408,21216,-1724,0,-1724,1724,77,SOME,0,985,19,124956,-592]
09-30 20:18:50.034  2982  3064 I dvm_lock_sample: [com.google.android.gms.persisten,1,binder:2982_6,90,:com.google.android.gms@231818047@23.18.18 (190800-535401451),1,cvdh cvdh.a(android.content.ContentResolver, android.net.Uri, java.lang.Runnable),-,3,cvdh cvdh.a(android.content.ContentResolver, android.net.Uri, java.lang.Runnable),18]
09-30 20:18:50.271   517   548 I dvm_lock_sample: [system_server,1,ActivityManager,19,BroadcastQueueModernImpl.java,293,boolean com.android.server.am.BroadcastQueueModernImpl.lambda$new$0(android.os.Message),,0,null,3]
09-30 20:18:50.328  1473  2506 I dvm_lock_sample: [com.google.android.gms,0,highpool[2],781,:com.google.android.gms@231818047@23.18.18 (190800-535401451),3,java.lang.Object byyt.a(),-,0,arkh arkj.f(java.lang.String),100]
09-30 20:18:50.350  1473  3760 I dvm_lock_sample: [com.google.android.gms,0,[com.google.android.gms.chimera.container.intentoperation.GmsIntentOperationChimeraService-Executor] processing com.google.android.gms.icing.proxy.UpdateIcingCorporaIntentOperation for action android.intent.action.PACKAGE_CHANGED,1265,:com.google.android.gms@231818047@23.18.18 (190800-535401451),1,void hjm.run(),-,3,void hjm.run(),100]
09-30 20:18:50.387  2982  3450 I dvm_lock_sample: [com.google.android.gms.persisten,0,highpool[6],12,AssetManager.java,549,boolean android.content.res.AssetManager.getResourceValue(int, int, android.util.TypedValue, boolean),-,1027,java.io.InputStream android.content.res.AssetManager.openNonAsset(int, java.lang.String, int),2]
09-30 20:18:50.468   517  2367 I dvm_lock_sample: [system_server,1,binder:517_15,32,ActivityManagerService.java,13269,boolean com.android.server.am.ActivityManagerService.stopServiceToken(android.content.ComponentName, android.os.IBinder, int),-,13195,android.content.ComponentName com.android.server.am.ActivityManagerService.startService(android.app.IApplicationThread, android.content.Intent, java.lang.String, boolean, java.lang.String, java.lang.String, int, boolean, int, java.lang.String, java.lang.String),6]
09-30 20:18:50.693   517   682 I dvm_lock_sample: [system_server,0,BackgroundInstallControlService,65,MessageQueue.java,337,android.os.Message android.os.MessageQueue.next(),-,600,boolean android.os.MessageQueue.enqueueMessage(android.os.Message, long),13]
09-30 20:18:50.714  2982  3289 I dvm_lock_sample: [com.google.android.gms.persisten,1,binder:2982_10,35,ActivityThread.java,7440,android.content.IContentProvider android.app.ActivityThread.acquireExistingProvider(android.content.Context, java.lang.String, int, boolean),-,7464,android.content.IContentProvider android.app.ActivityThread.acquireExistingProvider(android.content.Context, java.lang.String, int, boolean),7]
09-30 20:18:50.851  1473  2106 I dvm_lock_sample: [com.google.android.gms,0,highpool[0],1283,:com.google.android.gms@231818047@23.18.18 (190800-535401451),1,bxy asbw.g(java.lang.String),-,0,arkh arkj.f(java.lang.String),100]
09-30 20:18:50.921  1473  1473 I dvm_lock_sample: [com.google.android.gms,1,main,40,:com.google.android.gms@231818047@23.18.18 (190800-535401451),1,void abnq.onServiceConnected(android.content.ComponentName, android.os.IBinder),-,15,boolean abnp.d(abno, android.content.ServiceConnection, java.lang.String, java.util.concurrent.Executor),8]
09-30 20:18:51.386   517   517 I notification_cancel_all: [1000,517,com.google.android.gms,0,0,0,20,NULL]
09-30 20:18:51.396   517   517 I notification_cancel_all: [1000,517,com.google.android.gms,0,0,0,20,NULL]
09-30 20:18:51.473  2982  2982 I service_manager_slow: [52,virtualdevice]
09-30 20:18:51.540  1473  2575 I dvm_lock_sample: [com.google.android.gms,0,lowpool[1],1818,:com.google.android.gms@231818047@23.18.18 (190800-535401451),0,ardw arkz.e(arlx),-,0,arkh arkj.f(java.lang.String),100]
09-30 20:18:51.544  1473  2296 I dvm_lock_sample: [com.google.android.gms,0,highpool[1],1954,:com.google.android.gms@231818047@23.18.18 (190800-535401451),1,arkh arkj.e(java.lang.String),-,0,arkh arkj.f(java.lang.String),100]
09-30 20:18:51.656   517   540 I commit_sys_config_file: [notification-policy,85592]
09-30 20:18:51.917   517  2899 I dvm_lock_sample: [system_server,1,binder:517_17,19,ContentProviderHelper.java,174,android.app.ContentProviderHolder com.android.server.am.ContentProviderHelper.getContentProviderImpl(android.app.IApplicationThread, java.lang.String, android.os.IBinder, int, java.lang.String, java.lang.String, boolean, int),,0,null,3]
09-30 20:18:52.459   517   540 I commit_sys_config_file: [notification-policy,86395]
09-30 20:18:52.537   517   707 I dvm_lock_sample: [system_server,1,binder:517_5,11,ActivityManagerService.java,13189,android.content.ComponentName com.android.server.am.ActivityManagerService.startService(android.app.IApplicationThread, android.content.Intent, java.lang.String, boolean, java.lang.String, java.lang.String, int, boolean, int, java.lang.String, java.lang.String),-,13195,android.content.ComponentName com.android.server.am.ActivityManagerService.startService(android.app.IApplicationThread, android.content.Intent, java.lang.String, boolean, java.lang.String, java.lang.String, int, boolean, int, java.lang.String, java.lang.String),2]
09-30 20:18:53.100  2982  3222 I c2dm    : [-2,,1,1]
09-30 20:18:53.196  2982  3379 I dvm_lock_sample: [com.google.android.gms.persisten,0,lowpool[5],799,:com.google.android.gms@231818047@23.18.18 (190800-535401451),1,int bytb.r(byps),-,4,void bytb.o(int),100]
09-30 20:18:53.450  2982  3772 I dvm_lock_sample: [com.google.android.gms.persisten,0,lowpool[12],133,ActivityThread.java,7440,android.content.IContentProvider android.app.ActivityThread.acquireExistingProvider(android.content.Context, java.lang.String, int, boolean),-,7551,boolean android.app.ActivityThread.releaseProvider(android.content.IContentProvider, boolean),26]
09-30 20:18:53.614  2982  3379 I dvm_lock_sample: [com.google.android.gms.persisten,0,lowpool[5],227,:com.google.android.gms@231818047@23.18.18 (190800-535401451),2,void bytb.u(byps, int),-,4,void bytb.o(int),45]
09-30 20:18:53.615  2982  3059 I dvm_lock_sample: [com.google.android.gms.persisten,0,GoogleApiHandler,146,:com.google.android.gms@231818047@23.18.18 (190800-535401451),2,boolean abnp.d(abno, android.content.ServiceConnection, java.lang.String, java.util.concurrent.Executor),-,15,boolean abnp.d(abno, android.content.ServiceConnection, java.lang.String, java.util.concurrent.Executor),29]
09-30 20:18:53.616  2982  3222 I gtalk_heartbeat_reset: [66066,74.125.20.188:5228]
09-30 20:18:53.627  2982  3222 I gtalk_connection: 0
09-30 20:18:53.824   517   517 I notification_cancel_all: [1000,517,com.google.android.gms,0,0,0,20,NULL]
09-30 20:18:53.825   517   517 I notification_cancel_all: [1000,517,com.google.android.gms,0,0,0,20,NULL]
09-30 20:18:53.838  2982  2982 I dvm_lock_sample: [com.google.android.gms.persisten,1,main,122,AssetManager.java,1395,boolean android.content.res.AssetManager.isUpToDate(),-,1027,java.io.InputStream android.content.res.AssetManager.openNonAsset(int, java.lang.String, int),24]
09-30 20:18:53.986  2982  3836 I dvm_lock_sample: [com.google.android.gms.persisten,0,[com.google.android.gms.chimera.container.intentoperation.PersistentIntentOperationChimeraService-Executor] processing com.google.android.gms.westworld.DropboxEntryAddedOperation for action android.intent.action.DROPBOX_ENTRY_ADDED,106,ActivityThread.java,7440,android.content.IContentProvider android.app.ActivityThread.acquireExistingProvider(android.content.Context, java.lang.String, int, boolean),,0,null,21]
09-30 20:18:54.006   517  3696 I dvm_lock_sample: [system_server,0,binder:517_1B,83,ActivityManagerService.java,13459,void com.android.server.am.ActivityManagerService.serviceDoneExecuting(android.os.IBinder, int, int, int),,0,null,16]
09-30 20:18:54.102   517  3696 I dvm_lock_sample: [system_server,1,binder:517_1B,5,ActivityManagerService.java,13269,boolean com.android.server.am.ActivityManagerService.stopServiceToken(android.content.ComponentName, android.os.IBinder, int),ProcessList.java,5416,android.util.Pair com.android.server.am.ProcessList.getNumForegroundServices(),1]
09-30 20:18:54.357   517   787 I dvm_lock_sample: [system_server,1,binder:517_7,201,ActiveServices.java,986,android.content.ComponentName com.android.server.am.ActiveServices.startServiceLocked(android.app.IApplicationThread, android.content.Intent, java.lang.String, int, int, boolean, java.lang.String, java.lang.String, int, android.app.BackgroundStartPrivileges, boolean, int, java.lang.String, java.lang.String),PhantomProcessList.java,145,void com.android.server.am.PhantomProcessList.lookForPhantomProcessesLocked(),40]
09-30 20:18:54.371   517   568 I commit_sys_config_file: [package-user-0,21]
09-30 20:18:54.375   517   531 I dvm_lock_sample: [system_server,1,binder:517_1,105,ActivityManagerService.java,13269,boolean com.android.server.am.ActivityManagerService.stopServiceToken(android.content.ComponentName, android.os.IBinder, int),,0,null,21]
09-30 20:18:54.379   517  2899 I dvm_lock_sample: [system_server,1,binder:517_17,106,ActivityManagerService.java,13189,android.content.ComponentName com.android.server.am.ActivityManagerService.startService(android.app.IApplicationThread, android.content.Intent, java.lang.String, boolean, java.lang.String, java.lang.String, int, boolean, int, java.lang.String, java.lang.String),,0,null,21]
09-30 20:18:54.565   517   547 I am_meminfo: [448983040,124186624,124841984,279953408,207972352]
09-30 20:18:54.568   517   547 I am_pss  : [3259,10192,com.pantopus.qelvora,66767872,60846080,304128,158343168,2,2,3]
09-30 20:18:54.572   517   547 I am_pss  : [1490,10132,com.google.android.googlequicksearchbox:search,129946624,83582976,1470464,295141376,2,15,3]
09-30 20:18:54.574   517   548 I dvm_lock_sample: [system_server,1,ActivityManager,74,BroadcastQueueModernImpl.java,293,boolean com.android.server.am.BroadcastQueueModernImpl.lambda$new$0(android.os.Message),ActivityManagerService.java,13195,android.content.ComponentName com.android.server.am.ActivityManagerService.startService(android.app.IApplicationThread, android.content.Intent, java.lang.String, boolean, java.lang.String, java.lang.String, int, boolean, int, java.lang.String, java.lang.String),14]
09-30 20:18:54.576   517   547 I am_pss  : [983,10169,com.google.android.apps.nexuslauncher,52369408,24317952,23293952,137588736,2,5,3]
09-30 20:18:54.578   517   547 I am_pss  : [1361,10084,android.process.acore,11910144,6512640,3296256,92966912,2,5,2]
09-30 20:18:54.579   517  2367 I dvm_lock_sample: [system_server,1,binder:517_15,77,ActivityManagerService.java,13189,android.content.ComponentName com.android.server.am.ActivityManagerService.startService(android.app.IApplicationThread, android.content.Intent, java.lang.String, boolean, java.lang.String, java.lang.String, int, boolean, int, java.lang.String, java.lang.String),,0,null,15]
09-30 20:18:54.582   517   547 I am_pss  : [2982,10128,com.google.android.gms.persistent,73380864,48267264,596992,223924224,2,5,3]
09-30 20:18:54.587   517   547 I am_pss  : [1473,10128,com.google.android.gms,95456256,58494976,6109184,251576320,2,5,4]
09-30 20:18:54.590   517   547 I am_pss  : [3114,10131,com.google.android.apps.messaging,48625664,28540928,317440,160530432,2,19,2]
09-30 20:18:54.592   517   547 I am_pss  : [2128,10128,com.google.process.gapps,7555072,2322432,2586624,82993152,2,5,1]
09-30 20:18:54.595   517   547 I am_pss  : [1802,10128,com.google.process.gservices,10071040,5271552,2189312,85262336,2,5,2]
09-30 20:18:54.598   517   547 I am_pss  : [848,1002,com.google.android.bluetooth,18974720,10911744,5987328,99270656,2,0,2]
09-30 20:18:54.601   517   547 I am_pss  : [1238,10120,com.google.android.apps.wellbeing,64860160,39321600,2145280,177823744,2,5,3]
09-30 20:18:54.604   517   547 I am_pss  : [3083,10140,com.google.android.gm,61737984,58970112,320512,148836352,2,19,2]
09-30 20:18:54.606   517   547 I am_pss  : [3198,10125,com.google.android.partnersetup,6517760,4816896,327680,83980288,2,19,2]
09-30 20:18:54.609   517   547 I am_pss  : [3002,10155,com.google.android.contacts,28021760,24784896,937984,115970048,2,19,2]
09-30 20:18:54.612   517   547 I am_pss  : [1590,10191,com.google.android.permissioncontroller,27825152,15495168,2143232,128417792,2,6,2]
09-30 20:18:54.615   517   547 I am_pss  : [3327,10183,com.google.android.rkpdapp,9227264,7327744,323584,87662592,2,19,2]
09-30 20:18:54.618   517   547 I am_pss  : [3613,10138,com.google.android.marvin.talkback,17736704,16179200,346112,89006080,2,19,2]
09-30 20:18:54.621   517   547 I am_pss  : [1291,10124,com.google.android.as,85815296,68366336,9702400,183816192,2,5,3]
09-30 20:18:54.623   517   547 I am_pss  : [1941,10121,com.google.android.as.oss,9749504,5808128,2391040,85192704,2,5,1]
09-30 20:18:54.624   517   547 I am_pss  : [3603,10172,com.google.android.healthconnect.controller,8241152,5672960,350208,78483456,2,19,2]
09-30 20:18:54.631   517   547 I am_pss  : [3595,10128,com.google.android.gms.ui,17838080,8019968,336896,126210048,2,19,6]
09-30 20:18:54.638   517   547 I am_pss  : [3571,10165,com.android.emergency,7986176,5173248,351232,78151680,2,19,6]
09-30 20:18:54.641   517   547 I am_pss  : [902,1000,com.android.settings,48908288,27983872,6648832,162631680,2,19,3]
09-30 20:18:54.643   517   547 I am_pss  : [3397,10118,com.google.android.settings.intelligence,19804160,17281024,320512,100696064,2,19,2]
09-30 20:18:54.645   517   547 I am_pss  : [2545,10130,com.google.android.dialer,39306240,29937664,6892544,123416576,2,8,2]
09-30 20:18:54.647   517   547 I am_pss  : [2796,10089,com.android.providers.calendar,5823488,790528,3666944,78745600,2,19,1]
09-30 20:18:54.650   517   547 I am_pss  : [1319,10132,com.google.android.googlequicksearchbox:interactor,50715648,3006464,9883648,169492480,2,5,3]
09-30 20:18:54.653   517   547 I am_pss  : [2814,10146,com.google.android.tts,84774912,26673152,55600128,115200000,2,19,3]
09-30 20:18:54.656   517   547 I am_pss  : [3146,10094,com.google.android.packageinstaller,6459392,5009408,349184,74002432,2,19,2]
09-30 20:18:54.659   517   547 I am_pss  : [1214,10145,com.google.android.inputmethod.latin,67833856,42926080,16744448,163807232,2,7,3]
09-30 20:18:54.663   517   547 I am_pss  : [1286,10179,com.google.android.providers.media.module,16679936,12021760,2609152,99811328,2,0,2]
09-30 20:18:54.666   517   547 I am_pss  : [2514,10182,com.google.android.devicelockcontroller,11446272,4997120,4963328,85909504,2,19,3]
09-30 20:18:54.668   517   547 I am_pss  : [1559,10123,com.google.android.projection.gearhead:shared,8500224,3461120,3778560,78376960,2,19,2]
09-30 20:18:54.670   517   547 I am_pss  : [2903,10129,com.google.android.configupdater,5831680,1359872,3226624,75870208,2,19,2]
09-30 20:18:54.672   517   547 I am_pss  : [2847,2000,com.android.shell,4912128,2142208,1575936,72286208,2,19,2]
09-30 20:18:54.675   517   547 I am_pss  : [2731,10099,com.android.managedprovisioning,7038976,3944448,1922048,75321344,2,19,2]
09-30 20:18:54.678   517   547 I am_pss  : [1061,10185,com.google.android.cellbroadcastreceiver,12445696,2768896,4466688,88379392,2,19,2]
09-30 20:18:54.680   517   547 I am_pss  : [1554,10113,com.android.traceur,7745536,4378624,1566720,78532608,2,19,2]
09-30 20:18:54.683   517   547 I am_pss  : [1358,1000,com.android.emulator.multidisplay,4746240,53248,3468288,72937472,2,0,2]
09-30 20:18:54.753   517   548 I dvm_lock_sample: [system_server,1,ActivityManager,71,BroadcastQueueModernImpl.java,293,boolean com.android.server.am.BroadcastQueueModernImpl.lambda$new$0(android.os.Message),ActivityManagerService.java,13465,void com.android.server.am.ActivityManagerService.serviceDoneExecuting(android.os.IBinder, int, int, int),14]
09-30 20:18:54.785   517   547 I am_pss  : [953,10184,com.google.android.ext.services,5142528,446464,3460096,73465856,2,5,1]
09-30 20:18:54.789   517   547 I am_pss  : [894,1001,com.android.phone,25113600,15908864,5616640,116424704,2,0,3]
09-30 20:18:54.792   517   547 I am_pss  : [880,1068,com.android.se,4983808,135168,3589120,74424320,2,0,2]
09-30 20:18:54.794   517   547 I am_pss  : [812,1073,com.android.networkstack.process,13146112,4579328,6488064,93446144,2,0,2]
09-30 20:18:54.799   517   547 I am_pss  : [717,10168,com.android.systemui,94110720,66248704,14209024,216010752,2,0,4]
09-30 20:18:54.803   517   547 I am_pss  : [517,1000,system,164804608,137535488,16753664,276393984,2,0,4]
09-30 20:18:54.921   517  1458 I dvm_lock_sample: [system_server,1,binder:517_10,148,ActivityManagerService.java,13269,boolean com.android.server.am.ActivityManagerService.stopServiceToken(android.content.ComponentName, android.os.IBinder, int),,0,null,29]
09-30 20:18:55.044  3495  3495 I auditd  : type=1400 audit(0.0:10): avc:  denied  { read } for  comm="binder:3495_5" name="u:object_r:system_adbd_prop:s0" dev="tmpfs" ino=292 scontext=u:r:gmscore_app:s0:c512,c768 tcontext=u:object_r:system_adbd_prop:s0 tclass=file permissive=0 app=com.google.android.gms
09-30 20:18:55.048  3495  3495 I auditd  : type=1400 audit(0.0:11): avc:  denied  { read } for  comm="binder:3495_5" name="u:object_r:adbd_prop:s0" dev="tmpfs" ino=60 scontext=u:r:gmscore_app:s0:c512,c768 tcontext=u:object_r:adbd_prop:s0 tclass=file permissive=0 app=com.google.android.gms
09-30 20:18:55.055  2982  3312 I dvm_lock_sample: [com.google.android.gms.persisten,0,queued-work-looper,18,MessageQueue.java,337,android.os.Message android.os.MessageQueue.next(),-,600,boolean android.os.MessageQueue.enqueueMessage(android.os.Message, long),3]
09-30 20:18:55.301  2982  3379 I dvm_lock_sample: [com.google.android.gms.persisten,0,lowpool[5],233,:com.google.android.gms@231818047@23.18.18 (190800-535401451),2,void bytb.u(byps, int),-,4,void bytb.o(int),46]
09-30 20:18:56.030   517   548 I am_uid_idle: 10156
09-30 20:18:56.475  2982  3076 I dvm_lock_sample: [com.google.android.gms.persisten,0,highpool[3],292,:com.google.android.gms@231818047@23.18.18 (190800-535401451),3,boolean oub.b(),-,89,boolean oub.b(),58]
09-30 20:18:56.960  3495  3495 I auditd  : type=1400 audit(0.0:12): avc:  denied  { read } for  comm="binder:3495_2" name="u:object_r:system_adbd_prop:s0" dev="tmpfs" ino=292 scontext=u:r:gmscore_app:s0:c512,c768 tcontext=u:object_r:system_adbd_prop:s0 tclass=file permissive=0 app=com.google.android.gms
09-30 20:18:56.964  3495  3495 I auditd  : type=1400 audit(0.0:13): avc:  denied  { read } for  comm="binder:3495_2" name="u:object_r:adbd_prop:s0" dev="tmpfs" ino=60 scontext=u:r:gmscore_app:s0:c512,c768 tcontext=u:object_r:adbd_prop:s0 tclass=file permissive=0 app=com.google.android.gms
09-30 20:18:57.221   517   548 I dvm_lock_sample: [system_server,1,ActivityManager,6,BroadcastQueueModernImpl.java,293,boolean com.android.server.am.BroadcastQueueModernImpl.lambda$new$0(android.os.Message),ActivityManagerService.java,13404,int com.android.server.am.ActivityManagerService.bindServiceInstance(android.app.IApplicationThread, android.os.IBinder, android.content.Intent, java.lang.String, android.app.IServiceConnection, long, java.lang.String, boolean, int, java.lang.String, android.app.IApplicationThread, java.lang.String, int),1]
09-30 20:18:57.744   517   588 I am_uid_running: 10139
09-30 20:18:57.767   517   549 I am_proc_start: [0,3914,10139,com.google.android.youtube,service,{com.google.android.youtube/androidx.work.impl.background.systemjob.SystemJobService}]
09-30 20:18:57.858   517  3696 I am_proc_bound: [0,3914,com.google.android.youtube]
09-30 20:18:58.231  2982  3379 I c2dm    : [19,com.google.android.gms:231818047,0,0]
09-30 20:18:58.959   517   595 I am_freeze: [3198,com.google.android.partnersetup]
09-30 20:18:58.976   517   595 I am_compact: [3198,com.google.android.partnersetup,ANON,79992,50076,29148,19800,-2852,0,-2852,2852,17,SOME,0,925,19,115120,-964]
09-30 20:19:00.153  2982  3379 I c2dm    : [-19,SUCCESSFUL,0,0]
09-30 20:19:00.313   517   595 I am_freeze: [3083,com.google.android.gm]
09-30 20:19:00.347   517   595 I am_compact: [3083,com.google.android.gm,ANON,139208,104116,34172,19520,-8064,0,-8064,8064,33,SOME,0,915,19,116084,-2892]
09-30 20:19:00.479   517   517 I notification_cancel_all: [1000,517,com.google.android.youtube,0,0,0,20,NULL]
09-30 20:19:00.499   517   517 I notification_cancel_all: [1000,517,com.google.android.youtube,0,0,0,20,NULL]
09-30 20:19:00.585   517   595 I am_unfreeze: [3001,com.android.chrome,6]
09-30 20:19:00.753   517  2899 I dvm_lock_sample: [system_server,1,binder:517_17,23,ActivityManagerService.java,13425,boolean com.android.server.am.ActivityManagerService.unbindService(android.app.IServiceConnection),,0,null,4]
09-30 20:19:00.790   517   578 I dvm_lock_sample: [system_server,1,binder:517_3,20,ActivityManagerService.java,13403,int com.android.server.am.ActivityManagerService.bindServiceInstance(android.app.IApplicationThread, android.os.IBinder, android.content.Intent, java.lang.String, android.app.IServiceConnection, long, java.lang.String, boolean, int, java.lang.String, android.app.IApplicationThread, java.lang.String, int),-,13465,void com.android.server.am.ActivityManagerService.serviceDoneExecuting(android.os.IBinder, int, int, int),4]
09-30 20:19:00.815   517  3795 I dvm_lock_sample: [system_server,1,binder:517_1C,5,ActivityManagerService.java,13439,void com.android.server.am.ActivityManagerService.publishService(android.os.IBinder, android.content.Intent, android.os.IBinder),ContentProviderHelper.java,614,android.app.ContentProviderHolder com.android.server.am.ContentProviderHelper.getContentProviderImpl(android.app.IApplicationThread, java.lang.String, android.os.IBinder, int, java.lang.String, java.lang.String, boolean, int),1]
09-30 20:19:00.895  2982  3379 I c2dm    : [19,com.google.android.youtube:231818047,0,0]
09-30 20:19:00.995  2982  3773 I dvm_lock_sample: [com.google.android.gms.persisten,0,lowpool[13],151,ResourcesManager.java,1028,android.content.res.Resources android.app.ResourcesManager.createResources(android.content.res.ResourcesKey, java.lang.ClassLoader, android.app.ResourcesManager$ApkAssetsSupplier),-,1040,android.content.res.Resources android.app.ResourcesManager.createResources(android.content.res.ResourcesKey, java.lang.ClassLoader, android.app.ResourcesManager$ApkAssetsSupplier),30]
09-30 20:19:01.668  2982  3379 I c2dm    : [-19,SUCCESSFUL,0,0]
09-30 20:19:01.861   517   595 I am_freeze: [902,com.android.settings]
09-30 20:19:01.862   517   595 I am_freeze: [1554,com.android.traceur]
09-30 20:19:01.914   517   595 I am_compact: [902,com.android.settings,ANON,156164,118588,36572,24944,-9860,0,-9860,9860,51,FULL,64084,955,19,118912,-2684]
09-30 20:19:01.925   517   595 I am_compact: [1554,com.android.traceur,ANON,73968,45796,27440,21296,-1708,0,-1708,1708,10,FULL,79985,999,19,121596,-600]
09-30 20:19:01.927   517   595 I am_freeze: [1061,com.google.android.cellbroadcastreceiver]
09-30 20:19:01.929   517   595 I am_freeze: [3571,com.android.emergency]
09-30 20:19:01.937   517   595 I am_compact: [3571,com.android.emergency,ANON,72068,42836,28512,20228,-2112,0,-2112,2112,8,SOME,0,945,19,122196,-740]
09-30 20:19:02.961   517   595 I am_freeze: [3114,com.google.android.apps.messaging]
09-30 20:19:03.156   517   548 I dvm_lock_sample: [system_server,1,ActivityManager,22,BroadcastQueueModernImpl.java,293,boolean com.android.server.am.BroadcastQueueModernImpl.lambda$new$0(android.os.Message),ActivityManagerService.java,13195,android.content.ComponentName com.android.server.am.ActivityManagerService.startService(android.app.IApplicationThread, android.content.Intent, java.lang.String, boolean, java.lang.String, java.lang.String, int, boolean, int, java.lang.String, java.lang.String),4]
09-30 20:19:03.497  1473  3762 I gms_unknown: 47122
09-30 20:19:03.535   517   595 I am_compact: [3114,com.google.android.apps.messaging,ANON,149360,107200,41180,19416,-15752,0,-15752,15752,572,SOME,0,915,19,122936,-5708]
09-30 20:19:03.543   517   595 I am_freeze: [3603,com.google.android.healthconnect.controller]
09-30 20:19:03.549   517   595 I am_freeze: [3613,com.google.android.marvin.talkback]
09-30 20:19:03.616  2982  2982 I dvm_lock_sample: [com.google.android.gms.persisten,1,main,112,AssetManager.java,1395,boolean android.content.res.AssetManager.isUpToDate(),-,1406,boolean android.content.res.AssetManager.isUpToDate(),22]
09-30 20:19:03.647   517   595 I am_compact: [3603,com.google.android.healthconnect.controller,ANON,74028,44552,28748,20144,-2192,0,-2192,2192,98,SOME,0,935,19,128644,-776]
09-30 20:19:03.755   517   595 I am_compact: [3613,com.google.android.marvin.talkback,ANON,83316,53812,28784,20168,-2316,0,-2316,2316,101,SOME,0,935,19,129420,-764]
09-30 20:19:03.877   517   540 I commit_sys_config_file: [notification-policy,97813]
09-30 20:19:03.904  1473  4049 I aggregation: 1790824743904
09-30 20:19:03.966   517   595 I am_freeze: [3397,com.google.android.settings.intelligence]
09-30 20:19:03.967   517   595 I am_freeze: [1761,com.google.android.apps.wallpaper]
09-30 20:19:04.084   517   595 I am_compact: [3397,com.google.android.settings.intelligence,ANON,95412,58428,36216,19588,-2828,64,-2892,2916,113,SOME,0,915,19,130184,-972]
09-30 20:19:04.116   517   811 I am_proc_died: [0,902,com.android.settings,955,19]
09-30 20:19:04.143   517  3795 I dvm_lock_sample: [system_server,1,binder:517_1C,47,ActivityManagerService.java,13189,android.content.ComponentName com.android.server.am.ActivityManagerService.startService(android.app.IApplicationThread, android.content.Intent, java.lang.String, boolean, java.lang.String, java.lang.String, int, boolean, int, java.lang.String, java.lang.String),,0,null,9]
09-30 20:19:04.198   517  2899 I dvm_lock_sample: [system_server,0,binder:517_17,84,ActivityManagerService.java,13459,void com.android.server.am.ActivityManagerService.serviceDoneExecuting(android.os.IBinder, int, int, int),-,13195,android.content.ComponentName com.android.server.am.ActivityManagerService.startService(android.app.IApplicationThread, android.content.Intent, java.lang.String, boolean, java.lang.String, java.lang.String, int, boolean, int, java.lang.String, java.lang.String),16]
09-30 20:19:04.211   517   549 I am_proc_start: [0,4066,1000,com.android.settings,content provider,{com.android.settings/com.android.settings.homepage.contextualcards.CardContentProvider}]
09-30 20:19:04.261  2982  3069 I dvm_lock_sample: [com.google.android.gms.persisten,0,highpool[2],65,ResourcesManager.java,1028,android.content.res.Resources android.app.ResourcesManager.createResources(android.content.res.ResourcesKey, java.lang.ClassLoader, android.app.ResourcesManager$ApkAssetsSupplier),-,1040,android.content.res.Resources android.app.ResourcesManager.createResources(android.content.res.ResourcesKey, java.lang.ClassLoader, android.app.ResourcesManager$ApkAssetsSupplier),13]
09-30 20:19:04.296   517   540 I commit_sys_config_file: [notification-policy,98232]
09-30 20:19:04.331   517   595 I am_compact: [1761,com.google.android.apps.wallpaper,ANON,75128,47124,27260,21660,-1600,0,-1600,1600,220,SOME,0,999,19,131140,2660]
09-30 20:19:04.331   517   595 I am_unfreeze: [3397,com.google.android.settings.intelligence,3]
09-30 20:19:04.344  4066  4066 I service_manager_slow: [14,activity]
09-30 20:19:04.348   517  1282 I am_proc_bound: [0,4066,com.android.settings]
09-30 20:19:04.480   517   710 I service_manager_slow: [25,user]
09-30 20:19:04.572   517   710 I service_manager_slow: [39,user]
09-30 20:19:04.779   517   701 I dvm_lock_sample: [system_server,0,android.perm,5,AppOpsService.java,3793,com.android.server.appop.AppOpsService$PackageVerificationResult com.android.server.appop.AppOpsService.verifyAndGetBypass(int, java.lang.String, java.lang.String, java.lang.String, boolean),-,2920,void com.android.server.appop.AppOpsService.collectAsyncNotedOp(int, java.lang.String, int, java.lang.String, int, java.lang.String, boolean),1]
09-30 20:19:04.822   517   517 I notification_cancel_all: [1000,517,com.google.android.gms,0,0,0,20,NULL]
09-30 20:19:04.823   517   517 I notification_cancel_all: [1000,517,com.google.android.gms,0,0,0,20,NULL]
09-30 20:19:05.036  2982  2982 I dvm_lock_sample: [com.google.android.gms.persisten,1,main,58,AssetManager.java,1395,boolean android.content.res.AssetManager.isUpToDate(),-,1406,boolean android.content.res.AssetManager.isUpToDate(),11]
09-30 20:19:05.076   517   540 I commit_sys_config_file: [notification-policy,99012]
09-30 20:19:05.121   517   977 I dvm_lock_sample: [system_server,0,binder:517_9,6,ActivityManagerService.java,13425,boolean com.android.server.am.ActivityManagerService.unbindService(android.app.IServiceConnection),,0,null,1]
09-30 20:19:05.199   517   517 I notification_cancel_all: [1000,517,com.google.android.gms,0,0,0,20,NULL]
09-30 20:19:05.199   517   517 I notification_cancel_all: [1000,517,com.google.android.gms,0,0,0,20,NULL]
09-30 20:19:05.420  2982  2982 I service_manager_stats: [200,3530,126420]
09-30 20:19:05.505  2982  3312 I dvm_lock_sample: [com.google.android.gms.persisten,0,queued-work-looper,38,MessageQueue.java,337,android.os.Message android.os.MessageQueue.next(),-,600,boolean android.os.MessageQueue.enqueueMessage(android.os.Message, long),7]
09-30 20:19:05.676  2982  3385 I dvm_lock_sample: [com.google.android.gms.persisten,0,lowpool[9],587,:com.google.android.gms@231818047@23.18.18 (190800-535401451),2,void bytb.u(byps, int),-,4,void bytb.o(int),100]
09-30 20:19:05.728  3495  3495 I auditd  : type=1400 audit(0.0:14): avc:  denied  { read } for  comm="IntentService[D" name="u:object_r:system_adbd_prop:s0" dev="tmpfs" ino=292 scontext=u:r:gmscore_app:s0:c512,c768 tcontext=u:object_r:system_adbd_prop:s0 tclass=file permissive=0 app=com.google.android.gms
09-30 20:19:05.732  3495  3495 I auditd  : type=1400 audit(0.0:15): avc:  denied  { read } for  comm="IntentService[D" name="u:object_r:adbd_prop:s0" dev="tmpfs" ino=60 scontext=u:r:gmscore_app:s0:c512,c768 tcontext=u:object_r:adbd_prop:s0 tclass=file permissive=0 app=com.google.android.gms
09-30 20:19:06.028  3495  3495 I auditd  : type=1400 audit(0.0:16): avc:  denied  { read } for  comm="binder:3495_5" name="u:object_r:system_adbd_prop:s0" dev="tmpfs" ino=292 scontext=u:r:gmscore_app:s0:c512,c768 tcontext=u:object_r:system_adbd_prop:s0 tclass=file permissive=0 app=com.google.android.gms
09-30 20:19:06.036  3495  3495 I auditd  : type=1400 audit(0.0:17): avc:  denied  { read } for  comm="binder:3495_5" name="u:object_r:adbd_prop:s0" dev="tmpfs" ino=60 scontext=u:r:gmscore_app:s0:c512,c768 tcontext=u:object_r:adbd_prop:s0 tclass=file permissive=0 app=com.google.android.gms
09-30 20:19:06.245  2982  3386 I dvm_lock_sample: [com.google.android.gms.persisten,0,netscheduler-queue-handler,196,:com.google.android.gms@231818047@23.18.18 (190800-535401451),1,int bytb.l(bysm, aphn),-,6,void bytb.n(byps, byps, int),39]
09-30 20:19:06.524  1802  2873 I force_gc: Binder
09-30 20:19:06.673  1473  4049 I gms_unknown: [5,0,0]
09-30 20:19:06.678  1473  4049 I gms_unknown: [CheckinTask:SentRequest,127677]
09-30 20:19:06.942  1473  4049 I gms_unknown: [CheckinTask:ReceivedResponse,127942]
09-30 20:19:06.985  1473  4049 I gms_unknown: [6,0,0,0,0]
09-30 20:19:06.989  1473  4049 I gms_unknown: [5,0,0]
09-30 20:19:06.991  1473  4049 I gms_unknown: 119
09-30 20:19:07.003  1473  4049 I gms_unknown: 24
09-30 20:19:07.003  1473  4049 I gms_unknown: [CheckinTask:duration,3202]
09-30 20:19:08.835   517   548 I am_uid_idle: 10113
09-30 20:19:10.545   517   548 I am_uid_idle: 10102
09-30 20:19:10.672   517   595 I am_freeze: [3001,com.android.chrome]
09-30 20:19:10.922   517   548 I am_uid_idle: 10126
09-30 20:19:11.704   517   595 I am_freeze: [3914,com.google.android.youtube]
09-30 20:19:11.741   517   595 I am_compact: [3914,com.google.android.youtube,ANON,179228,133532,44840,19460,-14932,0,-14932,14932,36,SOME,0,915,19,128008,-2396]
09-30 20:19:11.979   517   547 I am_pss  : [983,10169,com.google.android.apps.nexuslauncher,58150912,29204480,23137280,146636800,0,5,2]
09-30 20:19:11.984   517   547 I am_pss  : [2982,10128,com.google.android.gms.persistent,68684800,52207616,253952,151924736,0,5,4]
09-30 20:19:11.987   517   547 I am_pss  : [3397,10118,com.google.android.settings.intelligence,29234176,16998400,1683456,121479168,0,19,2]
09-30 20:19:11.989   517   547 I am_pss  : [3083,10140,com.google.android.gm,54630400,41537536,8571904,140673024,0,19,2]
09-30 20:19:11.992   517   547 I am_pss  : [3198,10125,com.google.android.partnersetup,6491136,1900544,3243008,81063936,0,19,2]
09-30 20:19:11.994   517   547 I am_pss  : [3613,10138,com.google.android.marvin.talkback,17708032,13803520,2713600,86630400,0,19,1]
09-30 20:19:11.996   517   547 I am_pss  : [3603,10172,com.google.android.healthconnect.controller,9270272,5537792,2591744,76234752,0,19,1]
09-30 20:19:11.998   517   547 I am_pss  : [3571,10165,com.android.emergency,7989248,3067904,2509824,75984896,0,19,1]
09-30 20:19:11.999   517   547 I am_pss  : [1761,10160,com.google.android.apps.wallpaper,9481216,3928064,3774464,79138816,0,19,1]
09-30 20:19:13.051   517   547 I am_pss  : [3114,10131,com.google.android.apps.messaging,48487424,12410880,16434176,144334848,0,19,3]
09-30 20:19:13.397   517   568 I commit_sys_config_file: [package-user-0,7]
09-30 20:19:14.094   517   595 I am_freeze: [3397,com.google.android.settings.intelligence]
09-30 20:19:14.120   517   595 I am_compact: [3397,com.google.android.settings.intelligence,ANON,115344,80472,34104,21280,-8780,0,-8780,8780,25,FULL,125083,905,19,130400,-2776]
09-30 20:19:14.176  1473  4101 I dvm_lock_sample: [com.google.android.gms,0,[com.google.android.gms.chimera.container.intentoperation.GmsIntentOperationChimeraService-Executor] processing com.google.android.gms.westworld.InitOperation for action android.intent.action.BOOT_COMPLETED,8825,:com.google.android.gms@231818047@23.18.18 (190800-535401451),1,void hjm.run(),-,3,void hjm.run(),100]
09-30 20:19:14.355   517   595 I am_freeze: [4066,com.android.settings]
09-30 20:19:14.365   517   595 I am_compact: [4066,com.android.settings,ANON,103264,72820,29680,19956,-3180,0,-3180,3180,10,SOME,0,915,19,133176,-1112]
09-30 20:19:15.134   517   595 I am_freeze: [3327,com.google.android.rkpdapp]
09-30 20:19:15.146   517   595 I am_compact: [3327,com.google.android.rkpdapp,ANON,80660,50192,29720,19716,-3796,0,-3796,3796,12,SOME,0,905,19,134288,-1208]
09-30 20:19:17.294  2982  3485 I dvm_lock_sample: [com.google.android.gms.persisten,0,[com.google.android.gms.chimera.container.intentoperation.PersistentIntentOperationChimeraService-Executor] processing com.google.android.gms.platformconfigurator.PhenotypeConfigurationUpdateListener for action com.google.android.chimera.IntentOperation.NEW_MODULE,40466,:com.google.android.gms@231818047@23.18.18 (190800-535401451),1,void hjm.run(),-,3,void hjm.run(),100]
09-30 20:19:17.295  2982  3722 I dvm_lock_sample: [com.google.android.gms.persisten,0,[com.google.android.gms.chimera.container.intentoperation.PersistentIntentOperationChimeraService-Executor] processing com.google.android.gms.platformconfigurator.PhenotypeConfigurationUpdateListener for action android.intent.action.BOOT_COMPLETED,24644,:com.google.android.gms@231818047@23.18.18 (190800-535401451),1,void hjm.run(),-,3,void hjm.run(),100]
09-30 20:19:18.578  2982  2982 I dvm_lock_sample: [com.google.android.gms.persisten,1,main,7,AssetManager.java,1395,boolean android.content.res.AssetManager.isUpToDate(),-,1406,boolean android.content.res.AssetManager.isUpToDate(),1]
09-30 20:19:21.886   517   547 I am_pss  : [3914,10139,com.google.android.youtube,101023744,81465344,15572992,181579776,0,19,2]
09-30 20:19:21.995   517   595 I am_freeze: [3495,com.google.android.gms.unstable]
09-30 20:19:22.022   517   595 I am_compact: [3495,com.google.android.gms.unstable,ANON,169064,122188,45876,19268,-17708,0,-17708,17708,26,SOME,0,905,19,135492,-4200]
09-30 20:19:27.045   517   568 I commit_sys_config_file: [package-user-0,6]
09-30 20:19:29.714   517   548 I am_uid_idle: 10149
09-30 20:19:29.799   517   540 I commit_sys_config_file: [jobs,10]
09-30 20:19:30.681   517   548 I am_uid_idle: 10117
09-30 20:19:31.275   517   595 I am_freeze: [3595,com.google.android.gms.ui]
09-30 20:19:31.292   517   595 I am_compact: [3595,com.google.android.gms.ui,ANON,122604,89684,32084,19844,-5264,0,-5264,5264,17,SOME,0,905,19,139280,-1168]
09-30 20:19:31.542   517   548 I am_uid_idle: 10185
09-30 20:19:32.543   517   548 I am_uid_idle: 10099
09-30 20:19:33.087   517   547 I am_pss  : [3495,10128,com.google.android.gms.unstable,39112704,5169152,18372608,160182272,0,19,3]
09-30 20:19:34.543   517   595 I am_freeze: [3002,com.google.android.contacts]
09-30 20:19:34.567   517   595 I am_compact: [3002,com.google.android.contacts,ANON,110732,76884,33032,20244,-7620,0,-7620,7620,24,SOME,0,905,19,140448,-2624]
09-30 20:19:34.822  2982  3069 I dvm_lock_sample: [com.google.android.gms.persisten,0,highpool[2],16983,:com.google.android.gms@231818047@23.18.18 (190800-535401451),6,void bwhy.D(java.util.Set, java.util.List, dmtw, java.lang.String, boolean, dzew, bwhx, java.util.LinkedHashMap, dhlq, boolean, edam),-,200,void bwhy.D(java.util.Set, java.util.List, dmtw, java.lang.String, boolean, dzew, bwhx, java.util.LinkedHashMap, dhlq, boolean, edam),100]
09-30 20:19:34.921   517   547 I am_pss  : [1238,10120,com.google.android.apps.wellbeing,35944448,29712384,1906688,128471040,0,11,3]
09-30 20:19:34.954   517   548 I am_uid_idle: 10089
09-30 20:19:34.957   517   595 I am_unfreeze: [1460,com.google.android.apps.youtube.music,3]
09-30 20:19:35.814  2982  4133 I dvm_lock_sample: [com.google.android.gms.persisten,0,[com.google.android.gms.chimera.container.intentoperation.PersistentIntentOperationChimeraService-Executor] processing com.google.android.gms.platformconfigurator.PhenotypeConfigurationUpdateListener for action com.google.android.chimera.IntentOperation.NEW_MODULE,18504,:com.google.android.gms@231818047@23.18.18 (190800-535401451),1,void hjm.run(),-,3,void hjm.run(),100]
09-30 20:19:35.816  2982  4161 I dvm_lock_sample: [com.google.android.gms.persisten,0,[com.google.android.gms.chimera.container.intentoperation.PersistentIntentOperationChimeraService-Executor] processing com.google.android.gms.platformconfigurator.PhenotypeConfigurationUpdateListener for action com.google.android.gms.phenotype.UPDATE,740,:com.google.android.gms@231818047@23.18.18 (190800-535401451),1,void hjm.run(),-,3,void hjm.run(),100]
09-30 20:19:36.133   517   594 I commit_sys_config_file: [settings-0-0,11]
09-30 20:19:36.268   517   595 I am_unfreeze: [3114,com.google.android.apps.messaging,3]
09-30 20:19:36.302   517   548 I am_uid_idle: 10130
09-30 20:19:36.312  2982  3722 I dvm_lock_sample: [com.google.android.gms.persisten,0,[com.google.android.gms.chimera.container.intentoperation.PersistentIntentOperationChimeraService-Executor] processing com.google.android.gms.platformconfigurator.PhenotypeConfigurationUpdateListener for action android.intent.action.BOOT_COMPLETED,480,:com.google.android.gms@231818047@23.18.18 (190800-535401451),1,void hjm.run(),-,3,void hjm.run(),96]
09-30 20:19:36.332   517   539 I dvm_lock_sample: [system_server,1,android.ui,14,MessageQueue.java,337,android.os.Message android.os.MessageQueue.next(),-,600,boolean android.os.MessageQueue.enqueueMessage(android.os.Message, long),2]
09-30 20:19:36.879  2982  4166 I dvm_lock_sample: [com.google.android.gms.persisten,0,[com.google.android.gms.chimera.container.intentoperation.PersistentIntentOperationChimeraService-Executor] processing com.google.android.gms.platformconfigurator.PhenotypeConfigurationUpdateListener for action com.google.android.gms.phenotype.UPDATE,479,:com.google.android.gms@231818047@23.18.18 (190800-535401451),1,void hjm.run(),-,3,void hjm.run(),95]
09-30 20:19:36.933  2982  4153 I c2dm    : [19,com.google.android.apps.youtube.music:231818047,0,0]
09-30 20:19:37.380   517   548 I am_uid_idle: 10160
09-30 20:19:37.447   517   548 I am_uid_idle: 2000
09-30 20:19:37.597  2982  4153 I c2dm    : [-19,SUCCESSFUL,0,0]
09-30 20:19:37.764   953   953 I service_manager_slow: [59,virtualdevice]
09-30 20:19:37.862   517   682 I dvm_lock_sample: [system_server,0,BackgroundInstallControlService,80,MessageQueue.java,337,android.os.Message android.os.MessageQueue.next(),-,600,boolean android.os.MessageQueue.enqueueMessage(android.os.Message, long),16]
09-30 20:19:37.881   517   548 I am_wtf  : [0,517,system_server,-1,SettingsToPropertiesMapper,key=persist.device_config.storage_native_boot.transcode_compat_manifest value=com.yelp.android,0,com.yy.biu,0,com.groupme.android,0,air.tv.douyu.android,0,com.baidu.mbaby,0,com.vlocker.locker,0,com.znxh.hyhuo,0,com.yixia.xiaokaxiu,0 exceeds system property max length.]
09-30 20:19:37.901   517  2978 I snet_event_log: [215003903,10184,callingPackage:android does not belong to callingUid:10184]
09-30 20:19:37.922   517   594 I commit_sys_config_file: [settings-4-0,74]
09-30 20:19:37.971   517   539 I dvm_lock_sample: [system_server,1,android.ui,31,MessageQueue.java,337,android.os.Message android.os.MessageQueue.next(),-,600,boolean android.os.MessageQueue.enqueueMessage(android.os.Message, long),6]
09-30 20:19:37.976   517  1813 I dvm_lock_sample: [system_server,1,binder:517_14,11,ActivityManagerService.java,13189,android.content.ComponentName com.android.server.am.ActivityManagerService.startService(android.app.IApplicationThread, android.content.Intent, java.lang.String, boolean, java.lang.String, java.lang.String, int, boolean, int, java.lang.String, java.lang.String),-,13426,boolean com.android.server.am.ActivityManagerService.unbindService(android.app.IServiceConnection),2]
09-30 20:19:38.066   517   548 I am_uid_idle: 10182
09-30 20:19:38.076   517   595 I am_freeze: [1590,com.google.android.permissioncontroller]
09-30 20:19:38.337   517   595 I am_compact: [1590,com.google.android.permissioncontroller,ANON,100620,69280,30544,21276,-6108,0,-6108,6108,255,SOME,0,905,19,138940,264]
09-30 20:19:38.342   517   547 I am_pss  : [2886,10131,com.google.android.apps.messaging:rcs,32028672,11235328,1607680,139128832,0,5,3]
09-30 20:19:38.503   517   548 I am_uid_idle: 10123
09-30 20:19:38.822   517   548 I am_uid_idle: 10146
09-30 20:19:38.870   517   548 I am_uid_idle: 10129
09-30 20:19:38.890   517   595 I am_unfreeze: [3397,com.google.android.settings.intelligence,3]
09-30 20:19:39.188   517   594 I commit_sys_config_file: [settings-4-0,3]
09-30 20:19:39.223   517  3795 I dvm_lock_sample: [system_server,0,binder:517_1C,33,ActivityManagerService.java,15434,void com.android.server.am.ActivityManagerService.finishReceiver(android.os.IBinder, int, java.lang.String, android.os.Bundle, boolean, int),-,13195,android.content.ComponentName com.android.server.am.ActivityManagerService.startService(android.app.IApplicationThread, android.content.Intent, java.lang.String, boolean, java.lang.String, java.lang.String, int, boolean, int, java.lang.String, java.lang.String),6]
09-30 20:19:39.408   517   594 I commit_sys_config_file: [settings-4-0,14]
09-30 20:19:39.970   517   594 I commit_sys_config_file: [settings-4-0,49]
09-30 20:19:40.125   517  2978 I dvm_lock_sample: [system_server,0,binder:517_19,15,ActivityManagerService.java,13459,void com.android.server.am.ActivityManagerService.serviceDoneExecuting(android.os.IBinder, int, int, int),BroadcastQueueModernImpl.java,551,void com.android.server.am.BroadcastQueueModernImpl.checkPendingColdStartValidity(),3]
09-30 20:19:40.219   517   594 I commit_sys_config_file: [settings-0-0,43]
09-30 20:19:40.347   517   549 I am_proc_start: [0,4201,10132,com.google.android.googlequicksearchbox,broadcast,{com.google.android.googlequicksearchbox/com.google.android.libraries.phenotype.client.stable.PhenotypeUpdateBackgroundBroadcastReceiver}]
09-30 20:19:40.371   517   595 I am_unfreeze: [3002,com.google.android.contacts,3]
09-30 20:19:40.483   517  1457 I am_proc_bound: [0,4201,com.google.android.googlequicksearchbox]
09-30 20:19:40.773   517   594 I commit_sys_config_file: [settings-4-0,25]
09-30 20:19:40.905   517   595 I am_unfreeze: [4066,com.android.settings,7]
09-30 20:19:41.035   517   571 I am_uid_stopped: 10118
09-30 20:19:41.036   517   571 I am_kill : [0,3397,com.google.android.settings.intelligence,0,change com.google.android.settings.intelligence]
09-30 20:19:41.038   517   571 I am_schedule_service_restart: [0,com.google.android.settings.intelligence/.modules.routines.impl.PruneDatabaseJobService,1000]
09-30 20:19:41.038   517   571 I am_schedule_service_restart: [0,com.google.android.settings.intelligence/.modules.routines.impl.RoutinesJobIntentService,11000]
09-30 20:19:41.042   517   571 I am_schedule_service_restart: [0,com.google.android.settings.intelligence/.modules.routines.impl.ComputeNewInferencesJobService,20996]
09-30 20:19:41.091   517   547 I am_pss  : [2128,10128,com.google.process.gapps,7155712,2490368,2481152,82485248,0,19,2]
09-30 20:19:41.093   517   547 I am_pss  : [1834,10086,android.process.media,6840320,3551232,1889280,82063360,0,19,2]
09-30 20:19:41.098   517  1457 I dvm_lock_sample: [system_server,1,binder:517_F,114,ActivityManagerService.java,13439,void com.android.server.am.ActivityManagerService.publishService(android.os.IBinder, android.content.Intent, android.os.IBinder),-,18097,int com.android.server.am.ActivityManagerService$LocalService.broadcastIntent(android.content.Intent, android.content.IIntentReceiver, java.lang.String[], boolean, int, int[], java.util.function.BiFunction, android.os.Bundle),22]
09-30 20:19:41.174   517   594 I commit_sys_config_file: [settings-2-0,20]
09-30 20:19:41.180  4066  4079 I service_manager_slow: [27,storagestats]
09-30 20:19:41.348   517   595 I am_unfreeze: [1590,com.google.android.permissioncontroller,6]
09-30 20:19:41.359   517   811 I am_uid_running: 10118
09-30 20:19:41.371   517  1051 I am_wtf  : [0,4066,com.android.settings,952745541,DeviceStateAutoRotHelpr,Mismatch between number of device states and device states descriptions.]
09-30 20:19:41.375   517  1457 I am_wtf  : [0,4066,com.android.settings,952745541,DeviceStateAutoRotHelpr,Mismatch between number of device states and device states descriptions.]
09-30 20:19:41.402   517   549 I am_proc_start: [0,4233,10118,com.google.android.settings.intelligence,content provider,{com.google.android.settings.intelligence/com.google.android.settings.intelligence.modules.assistantsuggestions.provider.SuggestionsProvider}]
09-30 20:19:41.835   517   578 I am_proc_bound: [0,4233,com.google.android.settings.intelligence]
09-30 20:19:41.945   517   594 I commit_sys_config_file: [settings-4-0,109]
09-30 20:19:42.150  4066  4079 I dvm_lock_sample: [com.android.settings,1,binder:4066_2,822,CategoryManager.java,-1,com.android.settingslib.drawer.DashboardCategory com.android.settings.dashboard.CategoryManager.getTilesByCategory(android.content.Context, java.lang.String),-,237,void com.android.settings.dashboard.CategoryManager.backwardCompatCleanupForCategory(java.util.Map, java.util.Map),100]
09-30 20:19:42.702   517   548 I dvm_lock_sample: [system_server,1,ActivityManager,14,BroadcastQueueModernImpl.java,293,boolean com.android.server.am.BroadcastQueueModernImpl.lambda$new$0(android.os.Message),ActivityManagerService.java,13465,void com.android.server.am.ActivityManagerService.serviceDoneExecuting(android.os.IBinder, int, int, int),2]
09-30 20:19:42.711  4201  4201 I service_manager_slow: [92,content_capture]
09-30 20:19:42.774  1490  1699 I service_manager_slow: [213,role]
09-30 20:19:42.798   517   540 I commit_sys_config_file: [jobs,3]
09-30 20:19:43.546   517   595 I am_unfreeze: [3613,com.google.android.marvin.talkback,3]
09-30 20:19:43.573   517  1051 I dvm_lock_sample: [system_server,0,binder:517_B,110,ContentProviderHelper.java,811,void com.android.server.am.ContentProviderHelper.removeContentProvider(android.os.IBinder, boolean),BroadcastQueueModernImpl.java,551,void com.android.server.am.BroadcastQueueModernImpl.checkPendingColdStartValidity(),22]
09-30 20:19:43.574   517   811 I dvm_lock_sample: [system_server,1,binder:517_8,76,ActivityManagerService.java,13403,int com.android.server.am.ActivityManagerService.bindServiceInstance(android.app.IApplicationThread, android.os.IBinder, android.content.Intent, java.lang.String, android.app.IServiceConnection, long, java.lang.String, boolean, int, java.lang.String, android.app.IApplicationThread, java.lang.String, int),BroadcastQueueModernImpl.java,551,void com.android.server.am.BroadcastQueueModernImpl.checkPendingColdStartValidity(),15]
09-30 20:19:43.588   517   578 I dvm_lock_sample: [system_server,1,binder:517_3,72,SettingsProvider.java,1401,com.android.providers.settings.SettingsState$Setting com.android.providers.settings.SettingsProvider.getGlobalSetting(java.lang.String),GenerationRegistry.java,181,void com.android.providers.settings.GenerationRegistry.addGenerationData(android.os.Bundle, int, java.lang.String),14]
09-30 20:19:43.772   517   594 I commit_sys_config_file: [settings-4-0,180]
09-30 20:19:43.856   517  1457 I sysui_multi_action: [757,856,758,1,806,com.google.android.googlequicksearchbox,857,download-notification-channel-id,858,3]
09-30 20:19:43.864  1490  1701 I dvm_lock_sample: [com.google.android.googlequickse,1,BG Thread #3,1901,PG,1,void com.google.android.apps.gsa.staticplugins.t.m.j(),-,11,void com.google.android.apps.gsa.staticplugins.t.m.g(),100]
09-30 20:19:43.909   517   517 I notification_enqueue: [10132,1490,com.google.android.googlequicksearchbox,-307962363,NULL,0,Notification(channel=download-notification-channel-id shortcut=null contentView=null vibrate=null sound=null defaults=0x0 flags=0xa color=0x00000000 category=service actions=1 vis=PRIVATE),0]
09-30 20:19:43.924   517  1051 I am_foreground_service_start: [0,com.google.android.googlequicksearchbox/com.google.android.libraries.mdi.download.foreground.sting.ForegroundDownloadService,1,ACTIVITY_STARTER,31,31,0,0,0,1,UNKNOWN,0]
09-30 20:19:44.002   517   517 I notification_enqueue: [10132,1490,com.google.android.googlequicksearchbox,-307962363,NULL,0,Notification(channel=download-notification-channel-id shortcut=null contentView=null vibrate=null sound=null defaults=0x0 flags=0x48 color=0x00000000 category=service vis=PRIVATE),0]
09-30 20:19:44.113   517   517 I sysui_multi_action: [757,1501,758,1,793,216,794,0,795,216,796,-307962363,806,com.google.android.googlequicksearchbox,857,download-notification-channel-id,858,3,947,0,1500,0,1641,service,1688,1]
09-30 20:19:44.114   517   517 I sysui_multi_action: [757,804,799,note_interruptive,801,0,802,1]
09-30 20:19:44.115  1490  1851 I dvm_lock_sample: [com.google.android.googlequickse,0,Blocking Thread #3,196,PG,1,void com.google.android.apps.gsa.j.d.d(com.google.android.apps.gsa.j.c),-,16,void com.google.android.apps.gsa.j.d.d(com.google.android.apps.gsa.j.c),39]
09-30 20:19:44.126   517   540 I commit_sys_config_file: [notification-policy,138062]
09-30 20:19:44.132   517   517 I sysui_multi_action: [757,1501,758,1,793,235,794,0,795,235,796,-307962363,806,com.google.android.googlequicksearchbox,857,download-notification-channel-id,858,3,947,0,1500,0,1641,service,1688,1]
09-30 20:19:44.132   517   517 I sysui_multi_action: [757,804,799,note_interruptive,801,0,802,1]
09-30 20:19:44.132   517   517 I sysui_multi_action: [757,199,758,1,759,2,793,235,794,0,795,235,796,-307962363,806,com.google.android.googlequicksearchbox,857,download-notification-channel-id,858,3,947,0,1500,0,1641,service,1688,1]
09-30 20:19:44.133   517   517 I notification_alert: [0|com.google.android.googlequicksearchbox|-307962363|null|10132,0,1,0]
09-30 20:19:44.315   517   548 I am_uid_idle: 10094
09-30 20:19:45.178  2982  2982 I dvm_lock_sample: [com.google.android.gms.persisten,1,main,133,:com.google.android.gms@231818047@23.18.18 (190800-535401451),1,void abnq.onServiceConnected(android.content.ComponentName, android.os.IBinder),-,15,boolean abnp.d(abno, android.content.ServiceConnection, java.lang.String, java.util.concurrent.Executor),26]
09-30 20:19:45.210  1473  1473 I dvm_lock_sample: [com.google.android.gms,1,main,153,:com.google.android.gms@231818047@23.18.18 (190800-535401451),1,void abnq.onServiceConnected(android.content.ComponentName, android.os.IBinder),-,15,boolean abnp.d(abno, android.content.ServiceConnection, java.lang.String, java.util.concurrent.Executor),30]
09-30 20:19:45.438   517   594 I commit_sys_config_file: [settings-4-0,112]
09-30 20:19:45.485   517   595 I am_unfreeze: [1559,com.google.android.projection.gearhead:shared,3]
09-30 20:19:45.486   517  3795 I am_wtf  : [0,4066,com.android.settings,952745541,SystemServiceRegistry,No service published for: ethernet]
09-30 20:19:45.510   517  1457 I dvm_lock_sample: [system_server,0,binder:517_F,212,ActivityManagerService.java,15434,void com.android.server.am.ActivityManagerService.finishReceiver(android.os.IBinder, int, java.lang.String, android.os.Bundle, boolean, int),BroadcastQueueModernImpl.java,551,void com.android.server.am.BroadcastQueueModernImpl.checkPendingColdStartValidity(),42]
09-30 20:19:45.516   517  1051 I dvm_lock_sample: [system_server,1,binder:517_B,135,ActivityManagerService.java,13425,boolean com.android.server.am.ActivityManagerService.unbindService(android.app.IServiceConnection),,0,null,27]
09-30 20:19:46.207   517   517 I notification_enqueue: [10132,1490,com.google.android.googlequicksearchbox,-307962363,NULL,0,Notification(channel=download-notification-channel-id shortcut=null contentView=null vibrate=null sound=null defaults=0x0 flags=0x4a color=0x00000000 category=progress actions=1 vis=PRIVATE),1]
09-30 20:19:46.592   517   594 I commit_sys_config_file: [settings-4-0,3]
09-30 20:19:46.980   517   634 I netstats_mobile_sample: [27651,26370,88,94,33277,14938,108,63,1790824788164]
09-30 20:19:46.980   517   634 I netstats_wifi_sample: [4955029,355716,4105,2022,4843715,337376,3932,1979,1790824788164]
09-30 20:19:47.069   517   638 I service_manager_slow: [13,time_detector]
09-30 20:19:47.116   517   638 I service_manager_slow: [21,time_detector]
09-30 20:19:47.148   517   634 I netstats_mobile_sample: [27651,26370,88,94,33277,14938,108,63,1790824788332]
09-30 20:19:47.150   517   634 I netstats_wifi_sample: [5736523,356613,4634,2044,5694769,338353,4508,2003,1790824788332]
09-30 20:19:47.217   517   517 I notification_enqueue: [10132,1490,com.google.android.googlequicksearchbox,-307962363,NULL,0,Notification(channel=download-notification-channel-id shortcut=null contentView=null vibrate=null sound=null defaults=0x0 flags=0x4a color=0x00000000 category=progress actions=1 vis=PRIVATE),1]
09-30 20:19:47.466   517   517 I notification_enqueue: [10132,1490,com.google.android.googlequicksearchbox,-307962363,NULL,0,Notification(channel=download-notification-channel-id shortcut=null contentView=null vibrate=null sound=null defaults=0x0 flags=0x4a color=0x00000000 category=progress actions=1 vis=PRIVATE),1]
09-30 20:19:47.615   517   517 I notification_enqueue: [10132,1490,com.google.android.googlequicksearchbox,-307962363,NULL,0,Notification(channel=download-notification-channel-id shortcut=null contentView=null vibrate=null sound=null defaults=0x0 flags=0x48 color=0x00000000 category=service vis=PRIVATE),1]
09-30 20:19:47.619   517  1636 I am_foreground_service_stop: [0,com.google.android.googlequicksearchbox/com.google.android.libraries.mdi.download.foreground.sting.ForegroundDownloadService,1,ACTIVITY_STARTER,31,31,1,1,3696,1,STOP_FOREGROUND,0]
09-30 20:19:47.628   517   517 I sysui_multi_action: [757,128,758,5,759,8,793,3627,794,0,795,415,796,-307962363,806,com.google.android.googlequicksearchbox,857,download-notification-channel-id,858,3,947,0,1500,415,1641,progress,1688,1]
09-30 20:19:47.628   517   517 I notification_canceled: [0|com.google.android.googlequicksearchbox|-307962363|null|10132,8,3627,415,0,-1,-1,NULL]
09-30 20:19:47.818   517   595 I am_unfreeze: [3198,com.google.android.partnersetup,3]
09-30 20:19:48.009   517  2978 I dvm_lock_sample: [system_server,1,binder:517_19,172,JobServiceContext.java,1135,void com.android.server.job.JobServiceContext.doCallback(com.android.server.job.JobServiceContext$JobCallback, boolean, java.lang.String),JobSchedulerService.java,2305,int com.android.server.job.JobSchedulerService.getUidProcState(int),34]
09-30 20:19:48.051   517   595 I am_unfreeze: [2814,com.google.android.tts,3]
09-30 20:19:48.053   517  3696 I dvm_lock_sample: [system_server,0,binder:517_1B,28,ActivityManagerService.java,15434,void com.android.server.am.ActivityManagerService.finishReceiver(android.os.IBinder, int, java.lang.String, android.os.Bundle, boolean, int),BroadcastQueueModernImpl.java,551,void com.android.server.am.BroadcastQueueModernImpl.checkPendingColdStartValidity(),5]
09-30 20:19:48.185   517   594 I commit_sys_config_file: [settings-4-0,10]
09-30 20:19:48.188   517   578 I snet_event_log: [215003903,10184,callingPackage:android does not belong to callingUid:10184]
09-30 20:19:48.431   517   594 I commit_sys_config_file: [settings-4-0,14]
09-30 20:19:48.521   517  1051 I snet_event_log: [215003903,10184,callingPackage:android does not belong to callingUid:10184]
09-30 20:19:48.536   517   634 I netstats_mobile_sample: [27651,26370,88,94,33277,14938,108,63,1790824789720]
09-30 20:19:48.536   517   634 I netstats_wifi_sample: [8417615,361175,6452,2156,8409901,342955,6349,2116,1790824789720]
09-30 20:19:48.586   517   595 I am_unfreeze: [3001,com.android.chrome,3]
09-30 20:19:48.601   517  1051 I dvm_lock_sample: [system_server,1,binder:517_B,65,ContentProviderHelper.java,174,android.app.ContentProviderHolder com.android.server.am.ContentProviderHelper.getContentProviderImpl(android.app.IApplicationThread, java.lang.String, android.os.IBinder, int, java.lang.String, java.lang.String, boolean, int),,0,null,13]
09-30 20:19:48.680   517   594 I commit_sys_config_file: [settings-4-0,9]
09-30 20:19:48.863   517   595 I am_freeze: [1460,com.google.android.apps.youtube.music]
09-30 20:19:48.959   517   548 I am_uid_idle: 10125
09-30 20:19:48.968   517   595 I am_compact: [1460,com.google.android.apps.youtube.music,ANON,160572,122688,36756,25620,-12424,0,-12424,12424,104,FULL,85084,935,19,124356,-512]
09-30 20:19:48.986   517  1051 I cc_current_allowlist: [0,18]
09-30 20:19:48.986   517  1051 I cc_set_allowlist: [0,18,0]
09-30 20:19:48.986   517  1051 I cc_current_allowlist: [0,18]
09-30 20:19:48.987   517  1051 I cc_update_options: [0,0]
09-30 20:19:49.023   517   594 I commit_sys_config_file: [settings-4-0,29]
09-30 20:19:49.258   517   594 I commit_sys_config_file: [settings-2-0,66]
09-30 20:19:49.437   517   595 I am_unfreeze: [3083,com.google.android.gm,3]
09-30 20:19:49.580   517   548 I dvm_lock_sample: [system_server,1,ActivityManager,9,BroadcastQueueModernImpl.java,293,boolean com.android.server.am.BroadcastQueueModernImpl.lambda$new$0(android.os.Message),ActivityManagerService.java,13444,void com.android.server.am.ActivityManagerService.publishService(android.os.IBinder, android.content.Intent, android.os.IBinder),1]
09-30 20:19:50.042   517   594 I commit_sys_config_file: [settings-4-0,2]
09-30 20:19:50.089   517   541 I dvm_lock_sample: [system_server,1,android.display,8,MessageQueue.java,337,android.os.Message android.os.MessageQueue.next(),-,600,boolean android.os.MessageQueue.enqueueMessage(android.os.Message, long),1]
09-30 20:19:50.289   517   548 I am_uid_idle: 10140
09-30 20:19:50.305   517   594 I commit_sys_config_file: [settings-4-0,24]
09-30 20:19:50.651   517   594 I commit_sys_config_file: [settings-4-0,14]
09-30 20:19:50.850   517   568 I commit_sys_config_file: [package-user-0,74]
09-30 20:19:51.053   517   595 I am_unfreeze: [3914,com.google.android.youtube,3]
09-30 20:19:51.069   517   595 I am_freeze: [4066,com.android.settings]
09-30 20:19:51.365   517   595 I am_compact: [4066,com.android.settings,ANON,142888,105132,36748,18680,-9564,0,-9564,9564,293,FULL,135365,945,19,121224,644]
09-30 20:19:51.378   517   594 I commit_sys_config_file: [settings-4-0,6]
09-30 20:19:51.571  2982  2982 I dvm_lock_sample: [com.google.android.gms.persisten,1,main,46,MessageQueue.java,554,boolean android.os.MessageQueue.enqueueMessage(android.os.Message, long),-,600,boolean android.os.MessageQueue.enqueueMessage(android.os.Message, long),9]
09-30 20:19:51.586  2982  3069 I dvm_lock_sample: [com.google.android.gms.persisten,0,highpool[2],79,MessageQueue.java,554,boolean android.os.MessageQueue.enqueueMessage(android.os.Message, long),-,600,boolean android.os.MessageQueue.enqueueMessage(android.os.Message, long),15]
09-30 20:19:51.997   517   595 I am_unfreeze: [2903,com.google.android.configupdater,3]
09-30 20:19:52.291   517   547 I dvm_lock_sample: [system_server,0,android.bg,57,ContentProviderHelper.java,1495,void com.android.server.am.ContentProviderHelper.handleProviderRemoval(com.android.server.am.ContentProviderConnection, boolean, boolean),BroadcastQueueModernImpl.java,295,boolean com.android.server.am.BroadcastQueueModernImpl.lambda$new$0(android.os.Message),11]
09-30 20:19:52.424   517  3227 I sysui_multi_action: [757,856,758,1,806,com.google.android.inputmethod.latin,857,com.google.android.inputmethod.latin,858,2]
09-30 20:19:52.695   517   595 I am_freeze: [4233,com.google.android.settings.intelligence]
09-30 20:19:52.713   517   540 I commit_sys_config_file: [notification-policy,146649]
09-30 20:19:52.796   517   595 I am_compact: [4233,com.google.android.settings.intelligence,ANON,87564,56204,30624,19964,-4212,0,-4212,4212,99,SOME,0,945,19,119432,-80]
09-30 20:19:53.422   517   595 I am_freeze: [3114,com.google.android.apps.messaging]
09-30 20:19:53.503   517   594 I commit_sys_config_file: [settings-4-0,43]
09-30 20:19:53.595   517   595 I am_compact: [3114,com.google.android.apps.messaging,ANON,149728,110596,38000,23696,-13040,0,-13040,13040,172,FULL,124534,945,19,119444,-1548]
09-30 20:19:53.931   517   594 I commit_sys_config_file: [settings-4-0,18]
09-30 20:19:54.161   517   594 I commit_sys_config_file: [settings-4-0,7]
09-30 20:19:54.215   517   540 I commit_sys_config_file: [jobs,2]
09-30 20:19:54.456   517   594 I commit_sys_config_file: [settings-4-0,35]
09-30 20:19:54.761   517   594 I commit_sys_config_file: [settings-4-0,36]
09-30 20:19:54.791   983   983 I wm_on_destroy_called: [193747057,com.google.android.apps.nexuslauncher.NexusLauncherActivity,performDestroy,59]
09-30 20:19:54.797   517  2978 I snet_event_log: [215003903,10184,callingPackage:android does not belong to callingUid:10184]
09-30 20:19:55.181   517  4391 I am_foreground_service_start: [0,com.google.android.inputmethod.latin/com.google.android.apps.inputmethod.libs.dataservice.superpacks.SuperpacksForegroundTaskService,0,CURRENT_INPUT_METHOD,33,33,0,0,0,1,UNKNOWN,0]
09-30 20:19:55.189   517  1786 I wm_set_requested_orientation: [5,com.google.android.apps.nexuslauncher/.NexusLauncherActivity]
09-30 20:19:55.189   983   983 I wm_on_create_called: [193747057,com.google.android.apps.nexuslauncher.NexusLauncherActivity,performCreate,274]
09-30 20:19:55.190   983   983 I wm_on_start_called: [193747057,com.google.android.apps.nexuslauncher.NexusLauncherActivity,handleStartActivity,0]
09-30 20:19:55.200   983   983 I wm_on_resume_called: [193747057,com.google.android.apps.nexuslauncher.NexusLauncherActivity,LIFECYCLER_RESUME_ACTIVITY,1]
09-30 20:19:55.215   983   983 I wm_on_paused_called: [193747057,com.google.android.apps.nexuslauncher.NexusLauncherActivity,performPause,0]
09-30 20:19:55.217   983   983 I wm_on_stop_called: [193747057,com.google.android.apps.nexuslauncher.NexusLauncherActivity,STOP_ACTIVITY_ITEM,1]
09-30 20:19:55.227   517   595 I am_freeze: [3002,com.google.android.contacts]
09-30 20:19:55.260   517   595 I am_compact: [3002,com.google.android.contacts,ANON,110888,79212,30780,22940,-5540,0,-5540,5540,30,FULL,155567,935,19,120920,-980]
09-30 20:19:55.336   517   547 I am_pss  : [3259,10192,com.pantopus.qelvora,64312320,58380288,289792,156491776,0,2,2]
09-30 20:19:55.346   517   547 I am_pss  : [1361,10084,android.process.acore,11455488,6782976,2238464,96722944,0,19,2]
09-30 20:19:55.462   517   548 I am_wtf  : [0,517,system_server,-1,SettingsToPropertiesMapper,key=persist.device_config.configuration.AdbWritableFlags__adb_writable_flags_list value=adservices/disable_sdk_sandbox,adservices/enforce_broadcast_receiver_restrictions,adservices/fledge_ad_selection_enforce_foreground_status_custom_audience,adservices/fledge_custom_audience_max_count,adservices/fledge_custom_audience_max_num_ads,adservices/fledge_custom_audience_max_owner_count,adservices/fledge_custom_audience_per_app_max_count,adservices/fledge_js_isolate_enforce_max_heap_size,adservices/fledge_js_isolate_max_heap_size_bytes,adservices/sdk_request_permits_per_second,adservices/sdksandbox_customized_sdk_context_enabled,configuration/namespace_to_package_mapping,constrain_display_apis/always_constrain_display_apis,constrain_display_apis/never_constrain_display_apis,constrain_display_apis/never_constrain_display_apis_all_packages,device_policy_manager/disable_resources_updatability,flipendo/default_savings_mode_launch,flipendo/essential_apps,flipendo/flipe^
09-30 20:19:55.627   517   594 I commit_sys_config_file: [settings-4-0,6]
09-30 20:19:55.913   517   594 I commit_sys_config_file: [settings-4-0,7]
09-30 20:19:56.271   517   594 I commit_sys_config_file: [settings-4-0,89]
09-30 20:19:56.274   517   594 I commit_sys_config_file: [settings-2-0,3]
09-30 20:19:56.288   517   594 I commit_sys_config_file: [settings-0-0,14]
09-30 20:19:57.117   517   595 I am_freeze: [1941,com.google.android.as.oss]
09-30 20:19:57.211   517   595 I am_compact: [1941,com.google.android.as.oss,ANON,80208,51296,28172,21428,-2748,0,-2748,2748,88,SOME,0,945,19,121872,-388]
09-30 20:19:57.473   517   634 I netstats_mobile_sample: [27651,26370,88,94,33277,14938,108,63,1790824798657]
09-30 20:19:57.483   517   634 I netstats_wifi_sample: [15289150,423482,11230,3315,15123116,404942,11020,3267,1790824798657]
09-30 20:19:57.502   517   594 I commit_sys_config_file: [settings-4-0,140]
09-30 20:19:57.554   517   540 I commit_sys_config_file: [jobs,5]
09-30 20:19:57.786   517   594 I commit_sys_config_file: [settings-4-0,49]
09-30 20:19:57.797   517   595 I am_freeze: [3613,com.google.android.marvin.talkback]
09-30 20:19:57.864  2982  3069 I dvm_lock_sample: [com.google.android.gms.persisten,0,highpool[2],30,:com.google.android.gms@231818047@23.18.18 (190800-535401451),0,void acea.execute(java.lang.Runnable),-,0,void acea.execute(java.lang.Runnable),6]
09-30 20:19:57.866   517   595 I am_compact: [3613,com.google.android.marvin.talkback,ANON,91048,61636,28668,20656,-2556,0,-2556,2556,68,FULL,124755,945,19,122260,-684]
09-30 20:19:58.055   517   595 I am_freeze: [1559,com.google.android.projection.gearhead:shared]
09-30 20:19:58.115   517   594 I commit_sys_config_file: [settings-4-0,100]
09-30 20:19:58.271   517   594 I commit_sys_config_file: [settings-4-0,41]
09-30 20:19:58.441   517  4483 I am_uid_active: 10129
09-30 20:19:58.895   517   634 I netstats_mobile_sample: [27651,26370,88,94,33277,14938,108,63,1790824800079]
09-30 20:19:58.895   517   634 I netstats_wifi_sample: [25828398,449346,18461,3961,25592084,430446,18202,3904,1790824800079]
09-30 20:19:59.021   517   638 I service_manager_slow: [33,time_detector]
09-30 20:19:59.048   517   595 I am_freeze: [3001,com.android.chrome]
09-30 20:19:59.179   517   595 I am_freeze: [3198,com.google.android.partnersetup]
09-30 20:19:59.186   517   595 I am_freeze: [2128,com.google.process.gapps]
09-30 20:19:59.209   517  2978 I snet_event_log: [215003903,10184,callingPackage:android does not belong to callingUid:10184]
09-30 20:19:59.284   517   595 I am_compact: [2128,com.google.process.gapps,ANON,76876,49012,27116,22020,-1992,0,-1992,1992,92,SOME,0,925,19,122944,-500]
09-30 20:19:59.324   517   594 I commit_sys_config_file: [settings-4-0,20]
09-30 20:19:59.388   517   595 I am_freeze: [2814,com.google.android.tts]
09-30 20:19:59.704   517  1636 I snet_event_log: [215003903,10184,callingPackage:android does not belong to callingUid:10184]
09-30 20:19:59.776   517   595 I am_compact: [2814,com.google.android.tts,ANON,112880,80156,31796,59960,-6320,0,-6320,6320,385,FULL,110599,925,19,123444,-2548]
09-30 20:19:59.779   517   594 I commit_sys_config_file: [settings-4-0,90]
09-30 20:19:59.864   517   538 I dvm_lock_sample: [system_server,0,android.fg,11,ActivityManagerService.java,15321,int com.android.server.am.ActivityManagerService.broadcastIntentWithFeature(android.app.IApplicationThread, java.lang.String, android.content.Intent, java.lang.String, android.content.IIntentReceiver, int, java.lang.String, android.os.Bundle, java.lang.String[], java.lang.String[], java.lang.String[], int, android.os.Bundle, boolean, boolean, int),-,13465,void com.android.server.am.ActivityManagerService.serviceDoneExecuting(android.os.IBinder, int, int, int),2]
09-30 20:19:59.973   517   517 I dvm_lock_sample: [system_server,0,main,100,PackageWatchdog.java,711,void com.android.server.PackageWatchdog.syncRequests(),-,1101,boolean com.android.server.PackageWatchdog.saveToFile(),20]
09-30 20:19:59.977   517   594 I commit_sys_config_file: [settings-4-0,55]
09-30 20:20:00.247   517  2978 I am_foreground_service_stop: [0,com.google.android.inputmethod.latin/com.google.android.apps.inputmethod.libs.dataservice.superpacks.SuperpacksForegroundTaskService,0,CURRENT_INPUT_METHOD,33,33,1,0,5066,1,STOP_SERVICE,0]
09-30 20:20:00.270   517   634 I netstats_mobile_sample: [27651,26370,88,94,33277,14938,108,63,1790824801454]
09-30 20:20:00.271   517   634 I netstats_wifi_sample: [38980988,475610,27449,4617,38971834,457350,27345,4576,1790824801454]
09-30 20:20:00.319   517   594 I commit_sys_config_file: [settings-4-0,50]
09-30 20:20:00.558   517   547 I am_pss  : [4201,10132,com.google.android.googlequicksearchbox,32695296,10600448,317440,170430464,0,19,3]
09-30 20:20:00.602   517   594 I commit_sys_config_file: [settings-4-0,57]
09-30 20:20:00.778   517   594 I commit_sys_config_file: [settings-4-0,12]
09-30 20:20:00.802   517  2978 I sysui_multi_action: [757,1721,758,4,908,com.google.android.as/com.google.android.apps.miphone.aiai.app.AiAiAugmentedAutofillService,1722,5]
09-30 20:20:00.818   517   595 I am_freeze: [4201,com.google.android.googlequicksearchbox]
09-30 20:20:00.943   517   595 I am_compact: [4201,com.google.android.googlequicksearchbox,ANON,162108,127784,33488,19792,-6252,0,-6252,6252,125,SOME,0,915,19,124908,-2220]
09-30 20:20:01.102   517   594 I commit_sys_config_file: [settings-4-0,96]
09-30 20:20:01.110   517   547 I am_pss  : [4066,1000,com.android.settings,46304256,30486528,9966592,138919936,0,19,2]
09-30 20:20:01.170  1473  4509 I dvm_lock_sample: [com.google.android.gms,0,[com.google.android.gms.chimera.container.intentoperation.GmsIntentOperationChimeraService-Executor] processing com.google.android.gms.mlbenchmark.installer.service.MlBenchmarkInstallerModuleInitIntentOperation for action com.google.android.gms.phenotype.com.google.android.gms.mlbenchmark#com.google.android.gms.COMMITTED,9,:com.google.android.gms@231818047@23.18.18 (190800-535401451),1,void hjy.i(int),-,13,void hjw.run(),1]
09-30 20:20:02.282   517   540 I commit_sys_config_file: [jobs,6]
09-30 20:20:03.102   517   547 I am_pss  : [4233,10118,com.google.android.settings.intelligence,13028352,6336512,4641792,87351296,0,19,2]
09-30 20:20:03.138   517  1403 I am_proc_died: [0,2982,com.google.android.gms.persistent,0,5]
09-30 20:20:03.164   517  1403 I am_schedule_service_restart: [0,com.google.android.gms/.geotimezone.GeoTimeZoneService,1000]
09-30 20:20:03.188   517  1403 I am_schedule_service_restart: [0,com.google.android.gms/com.google.android.location.network.NetworkLocationService,10970]
09-30 20:20:03.196   517  1403 I am_schedule_service_restart: [0,com.google.android.gms/.presencemanager.service.PresenceManagerPresenceReportService,20962]
09-30 20:20:03.201   517  1403 I am_schedule_service_restart: [0,com.google.android.gms/.auth.setup.devicesignals.LockScreenService,30959]
09-30 20:20:03.202   517  1403 I am_schedule_service_restart: [0,com.google.android.gms/.chimera.PersistentDirectBootAwareApiService,40955]
09-30 20:20:03.202   517  1403 I am_schedule_service_restart: [0,com.google.android.gms/.gcm.GcmService,50955]
09-30 20:20:03.203   517  1403 I am_schedule_service_restart: [0,com.google.android.gms/.chimera.PersistentIntentOperationService,60954]
09-30 20:20:03.203   517  1403 I am_schedule_service_restart: [0,com.google.android.gms/.clearcut.debug.ClearcutDebugDumpService,70954]
09-30 20:20:03.204   517  1403 I am_schedule_service_restart: [0,com.google.android.gms/.nearby.exposurenotification.service.ExposureMatchingService,80953]
09-30 20:20:03.206   517  1403 I am_schedule_service_restart: [0,com.google.android.gms/.deviceconnection.service.DeviceConnectionWatcherService,90951]
09-30 20:20:03.206   517  1403 I am_schedule_service_restart: [0,com.google.android.gms/.nearby.messages.service.NearbyMessagesService,100951]
09-30 20:20:03.207   517  1403 I am_schedule_service_restart: [0,com.google.android.gms/.nearby.sharing.ReceiveSurfaceService,110951]
09-30 20:20:03.207   517  1403 I am_schedule_service_restart: [0,com.google.android.gms/.gcm.nts.SchedulerService,120950]
09-30 20:20:03.207   517  1403 I am_schedule_service_restart: [0,com.google.android.gms/com.google.android.location.internal.server.HardwareArProviderService,130950]
09-30 20:20:03.208   517  1403 I am_schedule_service_restart: [0,com.google.android.gms/.location.geocode.GeocodeService,140950]
09-30 20:20:03.213   517  1403 I am_schedule_service_restart: [0,com.google.android.gms/.location.persistent.LocationPersistentService,150944]
09-30 20:20:03.214   517  1403 I am_schedule_service_restart: [0,com.google.android.gms/com.google.android.contextmanager.service.ContextManagerService,160943]
09-30 20:20:03.214   517  1403 I am_schedule_service_restart: [0,com.google.android.gms/.thunderbird.EmergencyPersistentService,170943]
09-30 20:20:03.214   517  1403 I am_schedule_service_restart: [0,com.google.android.gms/com.google.android.location.internal.GoogleLocationManagerService,180943]
09-30 20:20:03.217   517  1403 I am_schedule_service_restart: [0,com.google.android.gms/.common.stats.GmsCoreStatsService,190940]
09-30 20:20:03.217   517  1403 I am_schedule_service_restart: [0,com.google.android.gms/.lockbox.service.LockboxBrokerService,200940]
09-30 20:20:03.218   517  1403 I am_schedule_service_restart: [0,com.google.android.gms/com.google.android.location.fused.FusedLocationService,210939]
09-30 20:20:03.218   517  1403 I am_schedule_service_restart: [0,com.google.android.gms/.chimera.PersistentApiService,220939]
09-30 20:20:03.218   517  1403 I am_schedule_service_restart: [0,com.google.android.gms/com.google.android.location.reporting.service.ReportingAndroidService,230939]
09-30 20:20:03.218   517  1403 I am_schedule_service_restart: [0,com.google.android.gms/com.google.android.location.internal.server.GoogleLocationService,240939]
09-30 20:20:03.219   517  1403 I am_schedule_service_restart: [0,com.google.android.gms/.chimera.PersistentBoundBrokerService,250938]
09-30 20:20:03.224   517  1051 I am_proc_died: [0,1473,com.google.android.gms,0,8]
09-30 20:20:03.225   517  1051 I am_schedule_service_restart: [0,com.google.android.gms/.icing.service.IndexService,260932]
09-30 20:20:03.225   517  1051 I am_schedule_service_restart: [0,com.google.android.gms/.chimera.GmsBoundBrokerService,270932]
09-30 20:20:03.225   517  1051 I am_schedule_service_restart: [0,com.google.android.gms/.chimera.GmsApiService,280932]
09-30 20:20:03.226   517  1051 I am_schedule_service_restart: [0,com.google.android.gms/.wallet.service.PaymentService,290931]
09-30 20:20:03.226   517  1051 I am_schedule_service_restart: [0,com.google.android.gms/.chimera.container.ExternalFileApkService,300931]
09-30 20:20:03.226   517  1051 I am_schedule_service_restart: [0,com.google.android.gms/.chimera.GmsIntentOperationService,310931]
09-30 20:20:03.260   517   549 I am_proc_start: [0,4526,10128,com.google.android.gms.persistent,service,{com.google.android.gms/com.google.android.gms.chimera.PersistentBoundBrokerService}]
09-30 20:20:03.317   517  1051 I am_proc_bound: [0,4526,com.google.android.gms.persistent]
09-30 20:20:03.370   517   548 I am_schedule_service_restart: [0,com.google.android.gms/.icing.service.IndexService,856]
09-30 20:20:03.370   517   548 I am_schedule_service_restart: [0,com.google.android.gms/.chimera.GmsBoundBrokerService,10856]
09-30 20:20:03.371   517   548 I am_schedule_service_restart: [0,com.google.android.gms/.chimera.GmsApiService,20856]
09-30 20:20:03.371   517   548 I am_schedule_service_restart: [0,com.google.android.gms/.wallet.service.PaymentService,30856]
09-30 20:20:03.371   517   548 I am_schedule_service_restart: [0,com.google.android.gms/.chimera.container.ExternalFileApkService,40856]
09-30 20:20:03.371   517   548 I am_schedule_service_restart: [0,com.google.android.gms/.chimera.GmsIntentOperationService,50856]
09-30 20:20:03.553   517   547 I am_pss  : [2886,10131,com.google.android.apps.messaging:rcs,33319936,11436032,1591296,139390976,0,5,2]
09-30 20:20:04.171   517   595 I am_unfreeze: [2128,com.google.process.gapps,7]
09-30 20:20:04.195   517   595 I am_freeze: [3083,com.google.android.gm]
09-30 20:20:04.222   517   595 I am_compact: [3083,com.google.android.gm,ANON,139348,106084,32232,22768,-7232,0,-7232,7232,26,FULL,121347,1001,19,126992,-2176]
09-30 20:20:04.242   517   549 I am_proc_start: [0,4567,10128,com.google.android.gms,service,{com.google.android.gms/com.google.android.gms.icing.service.IndexService}]
09-30 20:20:04.246   517   595 I am_freeze: [3914,com.google.android.youtube]
09-30 20:20:04.280   517   595 I am_compact: [3914,com.google.android.youtube,ANON,179312,137924,40276,23416,-11028,0,-11028,11028,34,FULL,132740,1001,19,129168,-4404]
09-30 20:20:04.314   517   578 I am_proc_bound: [0,4567,com.google.android.gms]
09-30 20:20:04.355   517   540 I commit_sys_config_file: [jobs,3]
09-30 20:20:05.124   517   548 I am_uid_idle: 10183
09-30 20:20:05.336   517   595 I am_freeze: [1361,android.process.acore]
09-30 20:20:05.357   517   595 I am_compact: [1361,android.process.acore,ANON,88360,57716,29884,20840,-4836,0,-4836,4836,20,SOME,0,915,19,133572,-1796]
09-30 20:20:06.035  4567  4599 I dvm_lock_sample: [com.google.android.gms,0,lowpool[2],1005,:com.google.android.gms@231818047@23.18.18 (190800-535401451),0,boolean asbw.D(),-,0,arkh arkj.f(java.lang.String),100]
09-30 20:20:06.053   517   595 I am_unfreeze: [1361,android.process.acore,7]
09-30 20:20:07.871   517   547 I am_pss  : [1941,10121,com.google.android.as.oss,8372224,2121728,4789248,81956864,0,19,2]
09-30 20:20:08.863   517   634 I netstats_mobile_sample: [27651,26370,88,94,33277,14938,108,63,1790824810046]
09-30 20:20:08.863   517   634 I netstats_wifi_sample: [42338979,524279,29826,5175,42329425,506059,29712,5135,1790824810046]
09-30 20:20:10.289  4526  4552 I gms_unknown: [CheckinTask:SentRequest,191289]
09-30 20:20:11.590  4526  4552 I gms_unknown: [CheckinTask:ReceivedResponse,192590]
09-30 20:20:11.635   517  1051 I am_proc_died: [0,4526,com.google.android.gms.persistent,100,5]
09-30 20:20:11.642   517  1051 I am_schedule_service_restart: [0,com.google.android.gms/.geotimezone.GeoTimeZoneService,4000]
09-30 20:20:11.642   517  1051 I am_schedule_service_restart: [0,com.google.android.gms/com.google.android.location.network.NetworkLocationService,43880]
09-30 20:20:11.643   517  1051 I am_schedule_service_restart: [0,com.google.android.gms/.chimera.PersistentDirectBootAwareApiService,13998]
09-30 20:20:11.643   517  1051 I am_schedule_service_restart: [0,com.google.android.gms/com.google.android.location.reporting.service.ReportingAndroidService,23998]
09-30 20:20:11.644   517  1051 I am_schedule_service_restart: [0,com.google.android.gms/.lockbox.service.LockboxBrokerService,53878]
09-30 20:20:11.645   517  1051 I am_schedule_service_restart: [0,com.google.android.gms/com.google.android.location.internal.server.HardwareArProviderService,523800]
09-30 20:20:11.646   517  1051 I am_schedule_service_restart: [0,com.google.android.gms/.location.geocode.GeocodeService,563800]
09-30 20:20:11.647   517  1051 I am_schedule_service_restart: [0,com.google.android.gms/com.google.android.location.internal.GoogleLocationManagerService,63876]
09-30 20:20:11.647   517  1051 I am_schedule_service_restart: [0,com.google.android.gms/com.google.android.location.fused.FusedLocationService,843756]
09-30 20:20:11.647   517  1051 I am_schedule_service_restart: [0,com.google.android.gms/.chimera.PersistentApiService,73875]
09-30 20:20:11.648   517  1051 I am_schedule_service_restart: [0,com.google.android.gms/.chimera.PersistentBoundBrokerService,83874]
09-30 20:20:11.673   517   549 I am_proc_start: [0,4658,10128,com.google.android.gms.persistent,service,{com.google.android.gms/com.google.android.gms.chimera.PersistentBoundBrokerService}]
09-30 20:20:11.740   517  1051 I am_proc_bound: [0,4658,com.google.android.gms.persistent]
09-30 20:20:12.757  4658  4717 I service_manager_slow: [95,location]
09-30 20:20:13.545   517   707 I dvm_lock_sample: [system_server,0,binder:517_5,67,ActivityManagerService.java,13459,void com.android.server.am.ActivityManagerService.serviceDoneExecuting(android.os.IBinder, int, int, int),,0,null,13]
09-30 20:20:13.551   517   548 I dvm_lock_sample: [system_server,1,ActivityManager,20,BroadcastQueueModernImpl.java,293,boolean com.android.server.am.BroadcastQueueModernImpl.lambda$new$0(android.os.Message),ActivityManagerService.java,13195,android.content.ComponentName com.android.server.am.ActivityManagerService.startService(android.app.IApplicationThread, android.content.Intent, java.lang.String, boolean, java.lang.String, java.lang.String, int, boolean, int, java.lang.String, java.lang.String),4]
09-30 20:20:13.557   517  4063 I dvm_lock_sample: [system_server,1,binder:517_1D,39,ActivityManagerService.java,13189,android.content.ComponentName com.android.server.am.ActivityManagerService.startService(android.app.IApplicationThread, android.content.Intent, java.lang.String, boolean, java.lang.String, java.lang.String, int, boolean, int, java.lang.String, java.lang.String),,0,null,7]
09-30 20:20:13.618  1490  1674 I dvm_lock_sample: [com.google.android.googlequickse,0,GoogleApiHandler,182,PG,1,boolean com.google.android.gms.common.internal.aj.b(com.google.android.gms.common.internal.af, android.content.ServiceConnection, java.lang.String, java.util.concurrent.Executor),-,14,boolean com.google.android.gms.common.internal.ai.handleMessage(android.os.Message),36]
09-30 20:20:13.697   517  4063 I dvm_lock_sample: [system_server,1,binder:517_1D,46,ActivityManagerService.java,13189,android.content.ComponentName com.android.server.am.ActivityManagerService.startService(android.app.IApplicationThread, android.content.Intent, java.lang.String, boolean, java.lang.String, java.lang.String, int, boolean, int, java.lang.String, java.lang.String),,0,null,9]
09-30 20:20:14.087   517   540 I commit_sys_config_file: [notification-policy,168023]
09-30 20:20:15.665   517   595 I am_freeze: [1590,com.google.android.permissioncontroller]
09-30 20:20:15.725   517   595 I am_compact: [1590,com.google.android.permissioncontroller,ANON,114300,85180,28296,24664,-3740,0,-3740,3740,58,FULL,159336,905,19,134932,-380]
09-30 20:20:15.917  4658  4697 I dvm_lock_sample: [com.google.android.gms.persisten,0,lowpool[3],169,:com.google.android.gms@231818047@23.18.18 (190800-535401451),1,int bytb.r(byps),-,4,void bytb.o(int),33]
09-30 20:20:16.010   517   595 I am_unfreeze: [3495,com.google.android.gms.unstable,6]
09-30 20:20:16.200  3495  3495 I auditd  : type=1400 audit(0.0:18): avc:  denied  { read } for  comm="binder:3495_6" name="u:object_r:system_adbd_prop:s0" dev="tmpfs" ino=292 scontext=u:r:gmscore_app:s0:c512,c768 tcontext=u:object_r:system_adbd_prop:s0 tclass=file permissive=0 app=com.google.android.gms
09-30 20:20:16.200  3495  3495 I auditd  : type=1400 audit(0.0:19): avc:  denied  { read } for  comm="binder:3495_6" name="u:object_r:adbd_prop:s0" dev="tmpfs" ino=60 scontext=u:r:gmscore_app:s0:c512,c768 tcontext=u:object_r:adbd_prop:s0 tclass=file permissive=0 app=com.google.android.gms
09-30 20:20:16.912   517   595 I am_freeze: [1238,com.google.android.apps.wellbeing]
09-30 20:20:16.972   517   595 I am_compact: [1238,com.google.android.apps.wellbeing,ANON,113464,75088,37020,20812,-11168,0,-11168,11168,59,SOME,0,915,19,134404,-2416]
09-30 20:20:20.901   517   547 I am_pss  : [4201,10132,com.google.android.googlequicksearchbox,32676864,4165632,6714368,164032512,0,19,5]
09-30 20:20:24.065   517   548 I am_uid_idle: 10155
09-30 20:20:24.065   517   548 I am_uid_idle: 10084
09-30 20:20:26.308   517   656 I storage_state: [41217664-9172-527a-b3d5-edabb50a7d69,0,0,9367805952,10411143168]
09-30 20:20:31.281   517   595 I am_freeze: [3495,com.google.android.gms.unstable]
09-30 20:20:31.318   517   595 I am_compact: [3495,com.google.android.gms.unstable,ANON,159848,122956,35884,30340,-7592,0,-7592,7592,36,FULL,143022,905,19,136392,-2520]
09-30 20:20:31.798   517   547 I am_pss  : [4658,10128,com.google.android.gms.persistent,76802048,57778176,297984,220925952,0,5,6]
09-30 20:20:36.126   517   547 I am_pss  : [4567,10128,com.google.android.gms,34809856,20131840,310272,160886784,0,8,2]
09-30 20:20:40.004  4814  4814 I auditd  : type=1400 audit(0.0:20): avc:  denied  { read } for  comm="main" name="u:object_r:build_attestation_prop:s0" dev="tmpfs" ino=86 scontext=u:r:shell:s0 tcontext=u:object_r:build_attestation_prop:s0 tclass=file permissive=0
09-30 20:20:40.004  4814  4814 I auditd  : type=1400 audit(0.0:21): avc:  denied  { read } for  comm="main" name="u:object_r:build_attestation_prop:s0" dev="tmpfs" ino=86 scontext=u:r:shell:s0 tcontext=u:object_r:build_attestation_prop:s0 tclass=file permissive=0
09-30 20:20:40.008  4814  4814 I auditd  : type=1400 audit(0.0:22): avc:  denied  { read } for  comm="main" name="u:object_r:build_attestation_prop:s0" dev="tmpfs" ino=86 scontext=u:r:shell:s0 tcontext=u:object_r:build_attestation_prop:s0 tclass=file permissive=0
09-30 20:20:40.039   517  4422 I am_uid_stopped: 10192
09-30 20:20:40.042   517  4422 I am_kill : [0,3259,com.pantopus.qelvora,0,stop com.pantopus.qelvora due to start instr]
09-30 20:20:40.084   517  4422 I wm_finish_activity: [0,19656674,12,com.pantopus.qelvora/.MainActivity,proc died without state saved]
09-30 20:20:40.102   517  4422 I wm_resume_activity: [0,193747057,11,com.google.android.apps.nexuslauncher/.NexusLauncherActivity]
09-30 20:20:40.129   983   983 I wm_on_restart_called: [193747057,com.google.android.apps.nexuslauncher.NexusLauncherActivity,performRestart,0]
09-30 20:20:40.131   983   983 I wm_on_start_called: [193747057,com.google.android.apps.nexuslauncher.NexusLauncherActivity,handleStartActivity,2]
09-30 20:20:40.132   983   983 I wm_on_resume_called: [193747057,com.google.android.apps.nexuslauncher.NexusLauncherActivity,RESUME_ACTIVITY,0]
09-30 20:20:40.203   517   542 I dvm_lock_sample: [system_server,1,android.anim,10,InputMonitor.java,121,void com.android.server.wm.InputMonitor$UpdateInputWindows.run(),ActivityTaskManagerService.java,1133,android.content.res.Configuration com.android.server.wm.ActivityTaskManagerService.getGlobalConfigurationForPid(int),2]
09-30 20:20:40.214   517   606 I input_focus: [Focus leaving e88ded8 com.pantopus.qelvora/com.pantopus.qelvora.MainActivity (server),reason=NO_WINDOW]
09-30 20:20:40.271   517   547 I am_pss  : [1590,10191,com.google.android.permissioncontroller,18377728,3444736,8581120,116330496,0,19,4]
09-30 20:20:40.331  1490  1490 I service_manager_slow: [61,virtualdevice]
09-30 20:20:40.424   517  4391 I dvm_lock_sample: [system_server,0,binder:517_1E,209,WindowState.java,2920,void com.android.server.wm.WindowState$DeathRecipient.binderDied(),,0,null,41]
09-30 20:20:40.434   517   811 I dvm_lock_sample: [system_server,0,binder:517_8,218,Session.java,190,void com.android.server.wm.Session.binderDied(),,0,null,43]
09-30 20:20:40.434   517   542 I input_focus: [Focus request 766954f com.google.android.apps.nexuslauncher/com.google.android.apps.nexuslauncher.NexusLauncherActivity,reason=UpdateInputWindows]
09-30 20:20:40.435   517  4422 I am_uid_running: 10192
09-30 20:20:40.455   517  1813 I dvm_lock_sample: [system_server,1,binder:517_14,413,ActivityManagerService.java,7627,boolean com.android.server.am.ActivityManagerService.isUidActive(int, java.lang.String),OomAdjuster.java,570,void com.android.server.am.OomAdjuster.updateOomAdjLocked(int),82]
09-30 20:20:40.459   517   639 I dvm_lock_sample: [system_server,1,NetworkPolicy.uid,361,ActivityManagerService.java,17733,void com.android.server.am.ActivityManagerService$LocalService.notifyNetworkPolicyRulesUpdated(int, long),OomAdjuster.java,570,void com.android.server.am.OomAdjuster.updateOomAdjLocked(int),72]
09-30 20:20:40.468   517   588 I dvm_lock_sample: [system_server,0,appscheduling.default,413,ActivityManagerService.java,9656,int com.android.server.am.ActivityManagerService.getMemoryTrimLevel(),-,15633,boolean com.android.server.am.ActivityManagerService.startInstrumentation(android.content.ComponentName, java.lang.String, int, android.os.Bundle, android.app.IInstrumentationWatcher, android.app.IUiAutomationConnection, int, java.lang.String),82]
09-30 20:20:40.480   517  1567 I dvm_lock_sample: [system_server,1,binder:517_11,349,ActivityManagerService.java,13403,int com.android.server.am.ActivityManagerService.bindServiceInstance(android.app.IApplicationThread, android.os.IBinder, android.content.Intent, java.lang.String, android.app.IServiceConnection, long, java.lang.String, boolean, int, java.lang.String, android.app.IApplicationThread, java.lang.String, int),-,15633,boolean com.android.server.am.ActivityManagerService.startInstrumentation(android.content.ComponentName, java.lang.String, int, android.os.Bundle, android.app.IInstrumentationWatcher, android.app.IUiAutomationConnection, int, java.lang.String),69]
09-30 20:20:40.483   517   541 I dvm_lock_sample: [system_server,1,android.display,382,ProcessRecord.java,1492,void com.android.server.am.ProcessRecord.updateProcessInfo(boolean, boolean, boolean),,0,null,76]
09-30 20:20:40.486   517   539 I dvm_lock_sample: [system_server,1,android.ui,248,BroadcastQueueModernImpl.java,1604,void com.android.server.am.BroadcastQueueModernImpl$1.onUidStateChanged(int, int, long, int),,0,null,49]
09-30 20:20:40.507   517   549 I am_proc_start: [0,4829,10192,com.pantopus.qelvora,added application,com.pantopus.qelvora]
09-30 20:20:40.668   517   548 I dvm_lock_sample: [system_server,1,ActivityManager,130,BroadcastQueueModernImpl.java,293,boolean com.android.server.am.BroadcastQueueModernImpl.lambda$new$0(android.os.Message),ActivityManagerService.java,13404,int com.android.server.am.ActivityManagerService.bindServiceInstance(android.app.IApplicationThread, android.os.IBinder, android.content.Intent, java.lang.String, android.app.IServiceConnection, long, java.lang.String, boolean, int, java.lang.String, android.app.IApplicationThread, java.lang.String, int),26]
09-30 20:20:40.707   517   595 I am_unfreeze: [4233,com.google.android.settings.intelligence,6]
09-30 20:20:40.788   517   542 I wm_wallpaper_surface: [0,1,Window{97fa167 u0 com.google.android.apps.nexuslauncher/com.google.android.apps.nexuslauncher.NexusLauncherActivity}]
09-30 20:20:41.147   517   606 I input_focus: [Focus entering 766954f com.google.android.apps.nexuslauncher/com.google.android.apps.nexuslauncher.NexusLauncherActivity (server),reason=Window became focusable. Previous reason: NOT_VISIBLE]
09-30 20:20:41.169   517  4422 I dvm_lock_sample: [system_server,0,binder:517_20,329,Session.java,577,void com.android.server.wm.Session.setWallpaperZoomOut(android.os.IBinder, float),InputMonitor.java,140,void com.android.server.wm.InputMonitor$UpdateInputWindows.run(),65]
09-30 20:20:41.275   517   541 I dvm_lock_sample: [system_server,1,android.display,381,WindowManagerService.java,5523,void com.android.server.wm.WindowManagerService$H.handleMessage(android.os.Message),InputMonitor.java,140,void com.android.server.wm.InputMonitor$UpdateInputWindows.run(),76]
09-30 20:20:41.346  4829  4829 I service_manager_slow: [178,activity]
09-30 20:20:41.347   517   811 I am_proc_bound: [0,4829,com.pantopus.qelvora]
09-30 20:20:41.417   517  4391 I wm_task_removed: [12,12,0,removeChild, last child = ActivityRecord{12befe2 u0 com.pantopus.qelvora/.MainActivity t-1 f}} in Task{d982f73 #12 type=standard A=10192:com.pantopus.qelvora}]
09-30 20:20:41.568   517   811 I am_uid_active: 10192
09-30 20:20:41.598   517   541 I dvm_lock_sample: [system_server,1,android.display,212,ProcessRecord.java,1558,void com.android.server.am.ProcessRecord.setRunningRemoteAnimation(boolean),ActivityManagerService.java,4940,void com.android.server.am.ActivityManagerService.finishAttachApplicationInner(long, int, int),42]
09-30 20:20:41.604   517  4422 I dvm_lock_sample: [system_server,0,binder:517_20,122,ActivityManagerService.java,13459,void com.android.server.am.ActivityManagerService.serviceDoneExecuting(android.os.IBinder, int, int, int),-,4940,void com.android.server.am.ActivityManagerService.finishAttachApplicationInner(long, int, int),24]
09-30 20:20:41.653   517   606 I input_focus: [Focus leaving 766954f com.google.android.apps.nexuslauncher/com.google.android.apps.nexuslauncher.NexusLauncherActivity (server),reason=NOT_VISIBLE]
09-30 20:20:41.659   517   542 I input_focus: [Focus request 97fa167 com.google.android.apps.nexuslauncher/com.google.android.apps.nexuslauncher.NexusLauncherActivity,reason=UpdateInputWindows]
09-30 20:20:41.704   517   606 I input_focus: [Focus entering 97fa167 com.google.android.apps.nexuslauncher/com.google.android.apps.nexuslauncher.NexusLauncherActivity (server),reason=setFocusedWindow]
09-30 20:20:42.862  1490  1854 I dvm_lock_sample: [com.google.android.googlequickse,0,Blocking Thread #6,55,PG,1,void com.google.android.apps.gsa.j.d.d(com.google.android.apps.gsa.j.c),-,16,void com.google.android.apps.gsa.j.d.d(com.google.android.apps.gsa.j.c),11]
09-30 20:20:43.211   517   548 I am_uid_active: 10118
09-30 20:20:43.257   517   595 I am_unfreeze: [1238,com.google.android.apps.wellbeing,3]
09-30 20:20:44.292   517   531 I wm_task_created: 13
09-30 20:20:44.304   517   531 I wm_set_resumed_activity: [0,com.google.android.apps.nexuslauncher/.NexusLauncherActivity,addChildTask]
09-30 20:20:44.324   983   983 I wm_on_top_resumed_gained_called: [193747057,com.google.android.apps.nexuslauncher.NexusLauncherActivity,topStateChangedWhenResumed]
09-30 20:20:44.326   517   531 I wm_task_moved: [13,13,0,1,2]
09-30 20:20:44.327   517   531 I wm_task_to_front: [0,13,0]
09-30 20:20:44.327   517   531 I wm_create_task: [0,13,13,0]
09-30 20:20:44.327   983   983 I wm_on_top_resumed_lost_called: [193747057,com.google.android.apps.nexuslauncher.NexusLauncherActivity,topStateChangedWhenResumed]
09-30 20:20:44.328   517   531 I wm_create_activity: [0,36596886,13,com.pantopus.qelvora/.MainActivity,android.intent.action.MAIN,NULL,NULL,268468224]
09-30 20:20:44.328   517   531 I wm_task_moved: [13,13,0,1,2]
09-30 20:20:44.334   517   531 I wm_pause_activity: [0,193747057,com.google.android.apps.nexuslauncher/.NexusLauncherActivity,userLeaving=true,pauseBackTasks]
09-30 20:20:44.364   983   983 I wm_on_paused_called: [193747057,com.google.android.apps.nexuslauncher.NexusLauncherActivity,performPause,0]
09-30 20:20:44.378   517  4422 I wm_add_to_stopping: [0,193747057,com.google.android.apps.nexuslauncher/.NexusLauncherActivity,makeInvisible]
09-30 20:20:44.379   517  4422 I wm_restart_activity: [0,36596886,13,com.pantopus.qelvora/.MainActivity]
09-30 20:20:44.383   517  4422 I wm_set_resumed_activity: [0,com.pantopus.qelvora/.MainActivity,minimalResumeActivityLocked - onActivityStateChanged]
09-30 20:20:44.387   517   538 I sysui_multi_action: [757,803,799,window_time_0,802,139]
09-30 20:20:44.390   517   542 I input_focus: [Requesting to set focus to null window,reason=UpdateInputWindows]
09-30 20:20:44.430   517   606 I input_focus: [Focus leaving 97fa167 com.google.android.apps.nexuslauncher/com.google.android.apps.nexuslauncher.NexusLauncherActivity (server),reason=Waiting for window because NO_WINDOW]
09-30 20:20:44.527   517   539 I dvm_lock_sample: [system_server,1,android.ui,50,BroadcastQueueModernImpl.java,1604,void com.android.server.am.BroadcastQueueModernImpl$1.onUidStateChanged(int, int, long, int),ActivityManagerService.java,16730,void com.android.server.am.ActivityManagerService.trimApplications(boolean, int),10]
09-30 20:20:44.814   517   540 I commit_sys_config_file: [jobs,63]
09-30 20:20:44.853  4829  4829 I wm_on_create_called: [36596886,com.pantopus.qelvora.MainActivity,performCreate,178]
09-30 20:20:44.896  4829  4829 I wm_on_start_called: [36596886,com.pantopus.qelvora.MainActivity,handleStartActivity,8]
09-30 20:20:44.967  4829  4829 I wm_on_resume_called: [36596886,com.pantopus.qelvora.MainActivity,RESUME_ACTIVITY,8]
09-30 20:20:45.035   517   531 I wm_wallpaper_surface: [0,0,null]
09-30 20:20:45.103  4829  4829 I wm_on_top_resumed_gained_called: [36596886,com.pantopus.qelvora.MainActivity,topStateChangedWhenResumed]
09-30 20:20:46.353   517   542 I input_focus: [Focus request 6ac692a com.pantopus.qelvora/com.pantopus.qelvora.MainActivity,reason=UpdateInputWindows]
09-30 20:20:46.745   517   538 I sysui_multi_action: [319,382,321,193,322,2471,325,225,757,761,758,8,759,1,806,com.pantopus.qelvora,871,com.pantopus.qelvora.MainActivity,904,com.pantopus.qelvora,905,0,1320,12,1321,1]
09-30 20:20:46.746   517   606 I input_focus: [Focus entering 6ac692a com.pantopus.qelvora/com.pantopus.qelvora.MainActivity (server),reason=Window became focusable. Previous reason: NOT_VISIBLE]
09-30 20:20:46.747   517   538 I wm_activity_launch_time: [0,36596886,com.pantopus.qelvora/.MainActivity,2471]
09-30 20:20:46.756   717   754 I jank_cuj_events_begin_request: [39,1790824846755466000,227755468108,227755468241,]
09-30 20:20:46.868   517  4391 I wm_stop_activity: [0,193747057,com.google.android.apps.nexuslauncher/.NexusLauncherActivity]
09-30 20:20:46.888   983   983 I wm_on_stop_called: [193747057,com.google.android.apps.nexuslauncher.NexusLauncherActivity,STOP_ACTIVITY_ITEM,14]
09-30 20:20:47.067   717   754 I jank_cuj_events_end_request: [39,1790824847067364000,228067366325,228067366483]
09-30 20:20:47.086   517   548 I am_uid_idle: 10121
09-30 20:20:47.566   517  4422 I wm_task_created: 14
09-30 20:20:47.578   517  4422 I wm_task_moved: [14,14,0,1,3]
09-30 20:20:47.578   517  4422 I wm_task_to_front: [0,14,0]
09-30 20:20:47.579   517  4422 I wm_create_task: [0,14,14,0]
09-30 20:20:47.579   517  4422 I wm_create_activity: [0,120569459,14,com.pantopus.qelvora.test/androidx.test.core.app.InstrumentationActivityInvoker$EmptyActivity,android.intent.action.MAIN,NULL,NULL,268435456]
09-30 20:20:47.580  4829  4829 I wm_on_top_resumed_lost_called: [36596886,com.pantopus.qelvora.MainActivity,topStateChangedWhenResumed]
09-30 20:20:47.580   517  4422 I wm_task_moved: [14,14,0,1,3]
09-30 20:20:47.583   517  4422 I wm_pause_activity: [0,36596886,com.pantopus.qelvora/.MainActivity,userLeaving=true,pauseBackTasks]
09-30 20:20:47.597   517   541 I am_uid_running: 10193
09-30 20:20:47.604  4829  4829 I wm_on_paused_called: [36596886,com.pantopus.qelvora.MainActivity,performPause,0]
09-30 20:20:47.626   517  1079 I wm_add_to_stopping: [0,36596886,com.pantopus.qelvora/.MainActivity,makeInvisible]
09-30 20:20:47.630   517   538 I sysui_multi_action: [757,803,799,window_time_0,802,3]
09-30 20:20:47.677   517   606 I input_focus: [Focus leaving 6ac692a com.pantopus.qelvora/com.pantopus.qelvora.MainActivity (server),reason=NO_WINDOW]
09-30 20:20:47.793   517   549 I am_proc_start: [0,4898,10193,com.pantopus.qelvora.test,next-top-activity,{com.pantopus.qelvora.test/androidx.test.core.app.InstrumentationActivityInvoker$EmptyActivity}]
09-30 20:20:48.668   517   542 I dvm_lock_sample: [system_server,1,android.anim,87,InputMonitor.java,121,void com.android.server.wm.InputMonitor$UpdateInputWindows.run(),WindowManagerService.java,8599,void com.android.server.wm.WindowManagerService.onAnimationFinished(),17]
09-30 20:20:48.901   517  4422 I am_proc_bound: [0,4898,com.pantopus.qelvora.test]
09-30 20:20:48.904   517  4422 I wm_restart_activity: [0,120569459,14,com.pantopus.qelvora.test/androidx.test.core.app.InstrumentationActivityInvoker$EmptyActivity]
09-30 20:20:48.907   517  4422 I wm_set_resumed_activity: [0,com.pantopus.qelvora.test/androidx.test.core.app.InstrumentationActivityInvoker$EmptyActivity,minimalResumeActivityLocked - onActivityStateChanged]
09-30 20:20:48.919   517   541 I am_uid_active: 10193
09-30 20:20:50.259   517   595 I am_freeze: [1361,android.process.acore]
09-30 20:20:50.266   517   595 I am_freeze: [2903,com.google.android.configupdater]
09-30 20:20:50.292   517   595 I am_freeze: [1834,android.process.media]
09-30 20:20:50.403  4898  4898 I wm_on_create_called: [120569459,androidx.test.core.app.InstrumentationActivityInvoker$EmptyActivity,performCreate,117]
09-30 20:20:50.451   517   595 I am_compact: [2903,com.google.android.configupdater,ANON,77032,48760,27548,21084,-2508,0,-2508,2508,157,FULL,110684,925,19,135484,-916]
09-30 20:20:50.499   517   595 I am_compact: [1834,android.process.media,ANON,93056,61308,30960,20184,-5124,0,-5124,5124,48,SOME,0,935,19,136400,-1676]
09-30 20:20:50.503  4898  4898 I wm_on_start_called: [120569459,androidx.test.core.app.InstrumentationActivityInvoker$EmptyActivity,handleStartActivity,0]
09-30 20:20:50.510  4898  4898 I wm_on_resume_called: [120569459,androidx.test.core.app.InstrumentationActivityInvoker$EmptyActivity,RESUME_ACTIVITY,1]
09-30 20:20:50.515   517  4422 I wm_finish_activity: [0,36596886,13,com.pantopus.qelvora/.MainActivity,app-request]
09-30 20:20:50.517   517   541 I wm_destroy_activity: [0,36596886,13,com.pantopus.qelvora/.MainActivity,finish-imm:idle]
09-30 20:20:50.547  4829  4829 I wm_on_stop_called: [36596886,com.pantopus.qelvora.MainActivity,LIFECYCLER_STOP_ACTIVITY,2]
09-30 20:20:50.693  4829  4829 I wm_on_destroy_called: [36596886,com.pantopus.qelvora.MainActivity,performDestroy,0]
09-30 20:20:50.729  4898  4898 I wm_on_top_resumed_gained_called: [120569459,androidx.test.core.app.InstrumentationActivityInvoker$EmptyActivity,topStateChangedWhenResumed]
09-30 20:20:50.734   517  4422 I wm_finish_activity: [0,120569459,14,com.pantopus.qelvora.test/androidx.test.core.app.InstrumentationActivityInvoker$EmptyActivity,app-request]
09-30 20:20:50.734   517  4422 I wm_task_moved: [1,1,0,1,3]
09-30 20:20:50.735   517  4422 I wm_task_moved: [11,1,0,1,2147483647]
09-30 20:20:50.735   517  4422 I wm_task_to_front: [0,11,0]
09-30 20:20:50.735   517  4422 I wm_focused_root_task: [0,0,1,14,finish-top adjustFocusToNextFocusableTask]
09-30 20:20:50.736   517  4422 I wm_set_resumed_activity: [0,com.google.android.apps.nexuslauncher/.NexusLauncherActivity,finish-top adjustFocusToNextFocusableTask]
09-30 20:20:50.745   517  4422 I wm_pause_activity: [0,120569459,com.pantopus.qelvora.test/androidx.test.core.app.InstrumentationActivityInvoker$EmptyActivity,userLeaving=false,finish]
09-30 20:20:50.768   517  1079 I wm_task_removed: [13,13,0,removeChild, last child = ActivityRecord{22e6c96 u0 com.pantopus.qelvora/.MainActivity t-1 f}} in Task{4de2017 #13 type=standard A=10192:com.pantopus.qelvora}]
09-30 20:20:50.785   517   541 I sysui_multi_action: [757,1144,758,7,806,com.pantopus.qelvora.test,871,androidx.test.core.app.InstrumentationActivityInvoker$EmptyActivity]
09-30 20:20:51.064   517  1079 I am_uid_stopped: 10192
09-30 20:20:51.076   517  1079 I am_kill : [0,4829,com.pantopus.qelvora,0,stop com.pantopus.qelvora due to finished inst]
09-30 20:20:51.200  4898  4898 I wm_on_top_resumed_lost_called: [120569459,androidx.test.core.app.InstrumentationActivityInvoker$EmptyActivity,topStateChangedWhenResumed]
09-30 20:20:51.203  4898  4898 I wm_on_paused_called: [120569459,androidx.test.core.app.InstrumentationActivityInvoker$EmptyActivity,performPause,1]
09-30 20:20:51.207   517  1079 I wm_add_to_stopping: [0,120569459,com.pantopus.qelvora.test/androidx.test.core.app.InstrumentationActivityInvoker$EmptyActivity,completeFinishing]
09-30 20:20:51.219   517  1079 I wm_set_resumed_activity: [0,com.google.android.apps.nexuslauncher/.NexusLauncherActivity,resumeTopActivity - onActivityStateChanged]
09-30 20:20:51.220   517  1079 I wm_resume_activity: [0,193747057,11,com.google.android.apps.nexuslauncher/.NexusLauncherActivity]
09-30 20:20:51.222   517   538 I sysui_multi_action: [757,803,799,window_time_0,802,4]
09-30 20:20:51.222   983   983 I wm_on_restart_called: [193747057,com.google.android.apps.nexuslauncher.NexusLauncherActivity,performRestart,0]
09-30 20:20:51.228   983   983 I wm_on_start_called: [193747057,com.google.android.apps.nexuslauncher.NexusLauncherActivity,handleStartActivity,5]
09-30 20:20:51.231   983   983 I wm_on_resume_called: [193747057,com.google.android.apps.nexuslauncher.NexusLauncherActivity,RESUME_ACTIVITY,2]
09-30 20:20:51.232   983   983 I wm_on_top_resumed_gained_called: [193747057,com.google.android.apps.nexuslauncher.NexusLauncherActivity,topWhenResuming]
09-30 20:20:51.252   517   542 I input_focus: [Focus request 97fa167 com.google.android.apps.nexuslauncher/com.google.android.apps.nexuslauncher.NexusLauncherActivity,reason=UpdateInputWindows]
09-30 20:20:51.270   517   539 I dvm_lock_sample: [system_server,1,android.ui,15,MessageQueue.java,554,boolean android.os.MessageQueue.enqueueMessage(android.os.Message, long),-,600,boolean android.os.MessageQueue.enqueueMessage(android.os.Message, long),3]
09-30 20:20:51.317   517   548 I dvm_lock_sample: [system_server,1,ActivityManager,69,BroadcastQueueModernImpl.java,293,boolean com.android.server.am.BroadcastQueueModernImpl.lambda$new$0(android.os.Message),,0,null,13]
09-30 20:20:51.373   517   542 I wm_wallpaper_surface: [0,1,Window{97fa167 u0 com.google.android.apps.nexuslauncher/com.google.android.apps.nexuslauncher.NexusLauncherActivity}]
09-30 20:20:51.480   517   606 I input_focus: [Focus entering 97fa167 com.google.android.apps.nexuslauncher/com.google.android.apps.nexuslauncher.NexusLauncherActivity (server),reason=Window became focusable. Previous reason: NOT_VISIBLE]
09-30 20:20:51.486   717   754 I jank_cuj_events_begin_request: [39,1790824851485785000,232485788547,232485788772,]
09-30 20:20:51.486   983  1360 I jank_cuj_events_begin_request: [9,1790824851486691000,232486693962,232486694261,]
09-30 20:20:51.837   983  1360 I jank_cuj_events_end_request: [9,1790824851837410000,232837412827,232837413048]
09-30 20:20:51.901   517   541 I wm_destroy_activity: [0,120569459,14,com.pantopus.qelvora.test/androidx.test.core.app.InstrumentationActivityInvoker$EmptyActivity,finish-imm:idle]
09-30 20:20:51.938  4898  4898 I wm_on_stop_called: [120569459,androidx.test.core.app.InstrumentationActivityInvoker$EmptyActivity,LIFECYCLER_STOP_ACTIVITY,0]
09-30 20:20:51.947  4898  4898 I wm_on_destroy_called: [120569459,androidx.test.core.app.InstrumentationActivityInvoker$EmptyActivity,performDestroy,1]
09-30 20:20:51.961   717   754 I jank_cuj_events_end_request: [39,1790824851961079000,232961081837,232961082235]
09-30 20:20:52.000   517   811 I wm_task_removed: [14,14,0,removeChild, last child = ActivityRecord{72fbe73 u0 com.pantopus.qelvora.test/androidx.test.core.app.InstrumentationActivityInvoker$EmptyActivity t-1 f}} in Task{b4d5130 #14 type=standard A=10193:com.pantopus.qelvora.test}]
09-30 20:20:52.057   517   547 I am_pss  : [4658,10128,com.google.android.gms.persistent,81957888,62320640,297984,227569664,0,3,17]
09-30 20:20:55.834  4567  4598 I dvm_lock_sample: [com.google.android.gms,0,lowpool[1],39032,:com.google.android.gms@231818047@23.18.18 (190800-535401451),1,boolean zec.j(int, zdr, java.util.List, zeb),-,283,boolean zec.j(int, zdr, java.util.List, zeb),100]
09-30 20:20:55.992  4658  4745 I dvm_lock_sample: [com.google.android.gms.persisten,0,lowpool[5],64,:com.google.android.gms@231818047@23.18.18 (190800-535401451),1,int bytb.r(byps),-,4,void bytb.o(int),12]
09-30 20:20:56.983   517   547 I am_pss  : [4567,10128,com.google.android.gms,35449856,20492288,310272,161841152,0,3,4]
09-30 20:21:01.916   517   595 I am_freeze: [4898,com.pantopus.qelvora.test]
09-30 20:21:01.966   517   595 I am_compact: [4898,com.pantopus.qelvora.test,ANON,101188,62728,37608,18628,-15328,0,-15328,15328,48,SOME,0,900,18,138056,-4936]
09-30 20:21:04.473   517   548 I am_uid_idle: 10129
09-30 20:21:04.473   517   548 I am_uid_idle: 10086
09-30 20:21:05.609   517   548 I am_uid_idle: 10191
09-30 20:21:13.250   517   595 I am_freeze: [4233,com.google.android.settings.intelligence]
09-30 20:21:13.267   517   595 I am_freeze: [1238,com.google.android.apps.wellbeing]
09-30 20:21:39.735   894  1057 I service_manager_stats: [100,1638,221816]
09-30 20:21:41.430   517   811 I wm_task_created: 15
09-30 20:21:41.433   517   811 I wm_task_moved: [15,15,0,1,2]
09-30 20:21:41.434   517   811 I wm_task_to_front: [0,15,0]
09-30 20:21:41.434   517   811 I wm_create_task: [0,15,15,0]
09-30 20:21:41.434   517   811 I wm_create_activity: [0,122962523,15,com.pantopus.qelvora/.MainActivity,NULL,NULL,NULL,268435456]
09-30 20:21:41.434   983   983 I wm_on_top_resumed_lost_called: [193747057,com.google.android.apps.nexuslauncher.NexusLauncherActivity,topStateChangedWhenResumed]
09-30 20:21:41.434   517   811 I wm_task_moved: [15,15,0,1,2]
09-30 20:21:41.436   517   811 I wm_pause_activity: [0,193747057,com.google.android.apps.nexuslauncher/.NexusLauncherActivity,userLeaving=true,pauseBackTasks]
09-30 20:21:41.458   983   983 I wm_on_paused_called: [193747057,com.google.android.apps.nexuslauncher.NexusLauncherActivity,performPause,1]
09-30 20:21:41.459   517   541 I am_uid_running: 10192
09-30 20:21:41.461   517   553 I dvm_lock_sample: [system_server,1,OomAdjuster,19,MessageQueue.java,337,android.os.Message android.os.MessageQueue.next(),-,600,boolean android.os.MessageQueue.enqueueMessage(android.os.Message, long),3]
09-30 20:21:41.465   517  2367 I wm_add_to_stopping: [0,193747057,com.google.android.apps.nexuslauncher/.NexusLauncherActivity,makeInvisible]
09-30 20:21:41.465   517   538 I sysui_multi_action: [757,803,799,window_time_0,802,50]
09-30 20:21:41.499   517   606 I input_focus: [Focus leaving 97fa167 com.google.android.apps.nexuslauncher/com.google.android.apps.nexuslauncher.NexusLauncherActivity (server),reason=NO_WINDOW]
09-30 20:21:41.501   517   547 I am_pss  : [4898,10193,com.pantopus.qelvora.test,22781952,2457600,15990784,91258880,0,18,3]
09-30 20:21:41.534   517   547 I am_pss  : [1802,10128,com.google.process.gservices,8654848,5033984,2118656,84631552,0,19,3]
09-30 20:21:41.555   517   549 I am_proc_start: [0,4958,10192,com.pantopus.qelvora,next-top-activity,{com.pantopus.qelvora/com.pantopus.qelvora.MainActivity}]
09-30 20:21:41.796   517  1567 I am_proc_bound: [0,4958,com.pantopus.qelvora]
09-30 20:21:41.798   517  1567 I wm_restart_activity: [0,122962523,15,com.pantopus.qelvora/.MainActivity]
09-30 20:21:41.800   517  1567 I wm_set_resumed_activity: [0,com.pantopus.qelvora/.MainActivity,minimalResumeActivityLocked - onActivityStateChanged]
09-30 20:21:41.803   517   541 I am_uid_active: 10192
09-30 20:21:41.893   517  2367 I wm_wallpaper_surface: [0,0,Window{97fa167 u0 com.google.android.apps.nexuslauncher/com.google.android.apps.nexuslauncher.NexusLauncherActivity}]
09-30 20:21:42.398  4958  4958 I wm_on_create_called: [122962523,com.pantopus.qelvora.MainActivity,performCreate,50]
09-30 20:21:42.417  4958  4958 I wm_on_start_called: [122962523,com.pantopus.qelvora.MainActivity,handleStartActivity,0]
09-30 20:21:42.420  4958  4958 I wm_on_resume_called: [122962523,com.pantopus.qelvora.MainActivity,RESUME_ACTIVITY,0]
09-30 20:21:42.433  4958  4958 I wm_on_top_resumed_gained_called: [122962523,com.pantopus.qelvora.MainActivity,topStateChangedWhenResumed]
09-30 20:21:42.995   517   542 I input_focus: [Focus request 314d8ca com.pantopus.qelvora/com.pantopus.qelvora.MainActivity,reason=UpdateInputWindows]
09-30 20:21:43.189   517   538 I sysui_multi_action: [319,142,321,122,322,1764,325,282,757,761,758,7,759,1,806,com.pantopus.qelvora,871,com.pantopus.qelvora.MainActivity,904,com.android.shell,905,0,945,374,1320,12,1321,1]
09-30 20:21:43.192   517   606 I input_focus: [Focus entering 314d8ca com.pantopus.qelvora/com.pantopus.qelvora.MainActivity (server),reason=Window became focusable. Previous reason: NOT_VISIBLE]
09-30 20:21:43.196   517   538 I wm_activity_launch_time: [0,122962523,com.pantopus.qelvora/.MainActivity,1764]
09-30 20:21:43.204   717   754 I jank_cuj_events_begin_request: [39,1790824903204154000,284204155959,284204156079,]
09-30 20:21:43.304   517  1567 I wm_stop_activity: [0,193747057,com.google.android.apps.nexuslauncher/.NexusLauncherActivity]
09-30 20:21:43.333   983   983 I wm_on_stop_called: [193747057,com.google.android.apps.nexuslauncher.NexusLauncherActivity,STOP_ACTIVITY_ITEM,26]
09-30 20:21:43.591   717   754 I jank_cuj_events_end_request: [39,1790824903591483000,284591484567,284591484625]
09-30 20:21:51.268   517   548 I am_uid_idle: 10193
09-30 20:21:51.522   517   595 I am_freeze: [1802,com.google.process.gservices]
09-30 20:21:51.522   517   595 I am_freeze: [2128,com.google.process.gapps]
09-30 20:21:51.534   517   595 I am_compact: [1802,com.google.process.gservices,ANON,78144,49308,28104,21520,-3976,0,-3976,3976,12,SOME,0,905,19,142892,-1132]
09-30 20:22:01.780   517   595 I am_unfreeze: [3595,com.google.android.gms.ui,3]
09-30 20:22:03.091   517   595 I am_unfreeze: [1460,com.google.android.apps.youtube.music,3]
09-30 20:22:03.091   517   595 I am_unfreeze: [3001,com.android.chrome,3]
09-30 20:22:03.239   517   548 I am_uid_idle: 10118
09-30 20:22:03.267   517   548 I am_uid_idle: 10120
09-30 20:22:03.569   517   547 I am_pss  : [1490,10132,com.google.android.googlequicksearchbox:search,121158656,83169280,671744,316878848,0,10,5]
09-30 20:22:11.824   517   595 I am_freeze: [3595,com.google.android.gms.ui]
09-30 20:22:13.095   517   595 I am_freeze: [1460,com.google.android.apps.youtube.music]
09-30 20:22:13.096   517   595 I am_freeze: [3001,com.android.chrome]
09-30 20:22:13.120   517   595 I am_compact: [1460,com.google.android.apps.youtube.music,ANON,153388,123544,28716,34280,-4584,0,-4584,4584,24,FULL,169968,1001,19,143512,-48]
09-30 20:22:13.135   517   595 I am_compact: [3001,com.android.chrome,ANON,110448,79828,29468,21356,-3252,0,-3252,3252,13,FULL,96195,905,19,143560,-672]
09-30 20:22:24.697   517   595 I am_unfreeze: [1802,com.google.process.gservices,7]
09-30 20:22:24.700   517   548 I dvm_lock_sample: [system_server,1,ActivityManager,8,BroadcastQueueModernImpl.java,293,boolean com.android.server.am.BroadcastQueueModernImpl.lambda$new$0(android.os.Message),ContentProviderHelper.java,614,android.app.ContentProviderHolder com.android.server.am.ContentProviderHelper.getContentProviderImpl(android.app.IApplicationThread, java.lang.String, android.os.IBinder, int, java.lang.String, java.lang.String, boolean, int),1]
09-30 20:22:24.882   517   595 I am_unfreeze: [3495,com.google.android.gms.unstable,6]
09-30 20:22:24.960  3495  3495 I auditd  : type=1400 audit(0.0:23): avc:  denied  { read } for  comm="binder:3495_7" name="u:object_r:system_adbd_prop:s0" dev="tmpfs" ino=292 scontext=u:r:gmscore_app:s0:c512,c768 tcontext=u:object_r:system_adbd_prop:s0 tclass=file permissive=0 app=com.google.android.gms
09-30 20:22:24.960  3495  3495 I auditd  : type=1400 audit(0.0:24): avc:  denied  { read } for  comm="binder:3495_7" name="u:object_r:adbd_prop:s0" dev="tmpfs" ino=60 scontext=u:r:gmscore_app:s0:c512,c768 tcontext=u:object_r:adbd_prop:s0 tclass=file permissive=0 app=com.google.android.gms
09-30 20:22:29.201  4658  4757 I dvm_lock_sample: [com.google.android.gms.persisten,0,lowpool[8],4011,:com.google.android.gms@231818047@23.18.18 (190800-535401451),16,boolean com.google.android.gms.clearcut.uploader.QosUploaderChimeraService.g(java.lang.String),-,184,boolean com.google.android.gms.clearcut.uploader.QosUploaderChimeraService.g(java.lang.String),100]
09-30 20:22:36.742   517  4391 I am_uid_stopped: 10192
09-30 20:22:36.744   517  4391 I am_kill : [0,4958,com.pantopus.qelvora,0,stop com.pantopus.qelvora due to from pid 5055]
09-30 20:22:36.750   517  4391 I wm_finish_activity: [0,122962523,15,com.pantopus.qelvora/.MainActivity,proc died without state saved]
09-30 20:22:36.788   517  4391 I wm_resume_activity: [0,193747057,11,com.google.android.apps.nexuslauncher/.NexusLauncherActivity]
09-30 20:22:36.810   983   983 I wm_on_restart_called: [193747057,com.google.android.apps.nexuslauncher.NexusLauncherActivity,performRestart,0]
09-30 20:22:36.812   517   606 I input_focus: [Focus leaving 314d8ca com.pantopus.qelvora/com.pantopus.qelvora.MainActivity (server),reason=NO_WINDOW]
09-30 20:22:36.817   983   983 I wm_on_start_called: [193747057,com.google.android.apps.nexuslauncher.NexusLauncherActivity,handleStartActivity,7]
09-30 20:22:36.871   983   983 I wm_on_resume_called: [193747057,com.google.android.apps.nexuslauncher.NexusLauncherActivity,RESUME_ACTIVITY,53]
09-30 20:22:36.931   517   517 I notification_cancel_all: [1000,517,com.pantopus.qelvora,0,0,0,5,NULL]
09-30 20:22:36.934   517   542 I input_focus: [Focus request 97fa167 com.google.android.apps.nexuslauncher/com.google.android.apps.nexuslauncher.NexusLauncherActivity,reason=UpdateInputWindows]
09-30 20:22:36.964   517   542 I wm_wallpaper_surface: [0,1,Window{97fa167 u0 com.google.android.apps.nexuslauncher/com.google.android.apps.nexuslauncher.NexusLauncherActivity}]
09-30 20:22:37.024   517   606 I input_focus: [Focus entering 97fa167 com.google.android.apps.nexuslauncher/com.google.android.apps.nexuslauncher.NexusLauncherActivity (server),reason=Window became focusable. Previous reason: NOT_VISIBLE]
09-30 20:22:37.102   517   531 I wm_task_created: 16
09-30 20:22:37.105   517   531 I wm_set_resumed_activity: [0,com.google.android.apps.nexuslauncher/.NexusLauncherActivity,addChildTask]
09-30 20:22:37.114   517   531 I wm_task_moved: [16,16,0,1,3]
09-30 20:22:37.115   517   531 I wm_task_to_front: [0,16,0]
09-30 20:22:37.115   517   531 I wm_create_task: [0,16,16,0]
09-30 20:22:37.115   517   531 I wm_create_activity: [0,60473448,16,com.pantopus.qelvora/.MainActivity,NULL,NULL,NULL,268435456]
09-30 20:22:37.115   517   531 I wm_task_moved: [16,16,0,1,3]
09-30 20:22:37.117   517   531 I wm_pause_activity: [0,193747057,com.google.android.apps.nexuslauncher/.NexusLauncherActivity,userLeaving=true,pauseBackTasks]
09-30 20:22:37.118   983   983 I wm_on_top_resumed_gained_called: [193747057,com.google.android.apps.nexuslauncher.NexusLauncherActivity,topStateChangedWhenResumed]
09-30 20:22:37.133   983   983 I wm_on_top_resumed_lost_called: [193747057,com.google.android.apps.nexuslauncher.NexusLauncherActivity,topStateChangedWhenResumed]
09-30 20:22:37.147   517   541 I am_uid_running: 10192
09-30 20:22:37.154   517   811 I dvm_lock_sample: [system_server,1,binder:517_8,32,WindowManagerService.java,1452,int com.android.server.wm.WindowManagerService.addWindow(com.android.server.wm.Session, android.view.IWindow, android.view.WindowManager$LayoutParams, int, int, int, int, android.view.InputChannel, android.view.InsetsState, android.view.InsetsSourceControl$Array, android.graphics.Rect, float[]),Object.java,-2,void java.lang.Object.wait(long, int),6]
09-30 20:22:37.168   983   983 I wm_on_paused_called: [193747057,com.google.android.apps.nexuslauncher.NexusLauncherActivity,performPause,0]
09-30 20:22:37.176   517   549 I am_proc_start: [0,5069,10192,com.pantopus.qelvora,next-top-activity,{com.pantopus.qelvora/com.pantopus.qelvora.MainActivity}]
09-30 20:22:37.180   517   811 I wm_add_to_stopping: [0,193747057,com.google.android.apps.nexuslauncher/.NexusLauncherActivity,makeInvisible]
09-30 20:22:37.181   517   538 I sysui_multi_action: [757,803,799,window_time_0,802,56]
09-30 20:22:37.194   517   606 I input_focus: [Focus leaving 97fa167 com.google.android.apps.nexuslauncher/com.google.android.apps.nexuslauncher.NexusLauncherActivity (server),reason=NO_WINDOW]
09-30 20:22:37.232   517   811 I wm_task_removed: [15,15,0,removeChild, last child = ActivityRecord{754425b u0 com.pantopus.qelvora/.MainActivity t-1 f} isExiting} in Task{87a2af8 #15 type=standard A=10192:com.pantopus.qelvora}]
09-30 20:22:37.481   517   811 I am_proc_bound: [0,5069,com.pantopus.qelvora]
09-30 20:22:37.483   517   811 I wm_restart_activity: [0,60473448,16,com.pantopus.qelvora/.MainActivity]
09-30 20:22:37.484   517   811 I wm_set_resumed_activity: [0,com.pantopus.qelvora/.MainActivity,minimalResumeActivityLocked - onActivityStateChanged]
09-30 20:22:37.485   517   541 I am_uid_active: 10192
09-30 20:22:37.564   517   542 I wm_wallpaper_surface: [0,0,Window{97fa167 u0 com.google.android.apps.nexuslauncher/com.google.android.apps.nexuslauncher.NexusLauncherActivity}]
09-30 20:22:37.620   517  2367 I dvm_lock_sample: [system_server,0,binder:517_15,30,WindowManagerService.java,4646,void com.android.server.wm.WindowManagerService.reportSystemGestureExclusionChanged(com.android.server.wm.Session, android.view.IWindow, java.util.List),WindowSurfacePlacer.java,58,void com.android.server.wm.WindowSurfacePlacer$Traverser.run(),6]
09-30 20:22:38.416  5069  5069 I wm_on_create_called: [60473448,com.pantopus.qelvora.MainActivity,performCreate,64]
09-30 20:22:38.434  5069  5069 I wm_on_start_called: [60473448,com.pantopus.qelvora.MainActivity,handleStartActivity,0]
09-30 20:22:38.448  5069  5069 I wm_on_resume_called: [60473448,com.pantopus.qelvora.MainActivity,RESUME_ACTIVITY,0]
09-30 20:22:38.467  5069  5069 I wm_on_top_resumed_gained_called: [60473448,com.pantopus.qelvora.MainActivity,topStateChangedWhenResumed]
09-30 20:22:39.213   517   542 I input_focus: [Focus request cef5b09 com.pantopus.qelvora/com.pantopus.qelvora.MainActivity,reason=UpdateInputWindows]
09-30 20:22:39.412   517   538 I sysui_multi_action: [319,130,321,121,322,2330,325,338,757,761,758,7,759,1,806,com.pantopus.qelvora,871,com.pantopus.qelvora.MainActivity,904,com.android.shell,905,0,945,401,1320,12,1321,1]
09-30 20:22:39.413   717   754 I jank_cuj_events_begin_request: [39,1790824959413559000,340413560649,340413560703,]
09-30 20:22:39.415   517   538 I wm_activity_launch_time: [0,60473448,com.pantopus.qelvora/.MainActivity,2330]
09-30 20:22:39.424   517   606 I input_focus: [Focus entering cef5b09 com.pantopus.qelvora/com.pantopus.qelvora.MainActivity (server),reason=Window became focusable. Previous reason: NOT_VISIBLE]
09-30 20:22:39.483   517   811 I wm_stop_activity: [0,193747057,com.google.android.apps.nexuslauncher/.NexusLauncherActivity]
09-30 20:22:39.486   983   983 I wm_on_stop_called: [193747057,com.google.android.apps.nexuslauncher.NexusLauncherActivity,STOP_ACTIVITY_ITEM,1]
09-30 20:22:39.716   717   754 I jank_cuj_events_end_request: [39,1790824959710991000,340710992479,340710992540]
09-30 20:22:40.025   517   595 I am_freeze: [3495,com.google.android.gms.unstable]
09-30 20:22:40.073   517   595 I am_compact: [3495,com.google.android.gms.unstable,ANON,157556,123200,33348,33280,-5380,0,-5380,5380,46,FULL,212318,905,19,143108,-984]
09-30 20:22:42.783   517   595 I am_unfreeze: [4201,com.google.android.googlequicksearchbox,3]
09-30 20:22:46.071   517   548 I am_wtf  : [0,517,system_server,-1,SettingsToPropertiesMapper,key=persist.device_config.storage_native_boot.transcode_compat_manifest value=com.yelp.android,0,com.yy.biu,0,com.groupme.android,0,air.tv.douyu.android,0,com.baidu.mbaby,0,com.vlocker.locker,0,com.znxh.hyhuo,0,com.yixia.xiaokaxiu,0 exceeds system property max length.]
09-30 20:22:46.094   517  2367 I snet_event_log: [215003903,10184,callingPackage:android does not belong to callingUid:10184]
09-30 20:22:46.253   517   594 I commit_sys_config_file: [settings-4-0,4]
09-30 20:22:46.347   517   594 I commit_sys_config_file: [settings-0-0,11]
09-30 20:22:46.468   517   594 I commit_sys_config_file: [settings-4-0,3]
09-30 20:22:46.701   517   594 I commit_sys_config_file: [settings-4-0,8]
09-30 20:22:46.737   517   811 I sysui_multi_action: [757,1721,758,4,908,com.google.android.as/com.google.android.apps.miphone.aiai.app.AiAiAugmentedAutofillService,1722,5]
09-30 20:22:46.799   517   568 I commit_sys_config_file: [package-user-0,8]
09-30 20:22:46.904   517   594 I commit_sys_config_file: [settings-4-0,7]
09-30 20:22:47.009   983   983 I wm_on_destroy_called: [193747057,com.google.android.apps.nexuslauncher.NexusLauncherActivity,performDestroy,5]
09-30 20:22:47.121   517   548 I am_wtf  : [0,517,system_server,-1,SettingsToPropertiesMapper,key=persist.device_config.configuration.AdbWritableFlags__adb_writable_flags_list value=adservices/disable_sdk_sandbox,adservices/enforce_broadcast_receiver_restrictions,adservices/fledge_ad_selection_enforce_foreground_status_custom_audience,adservices/fledge_custom_audience_max_count,adservices/fledge_custom_audience_max_num_ads,adservices/fledge_custom_audience_max_owner_count,adservices/fledge_custom_audience_per_app_max_count,adservices/fledge_js_isolate_enforce_max_heap_size,adservices/fledge_js_isolate_max_heap_size_bytes,adservices/sdk_request_permits_per_second,adservices/sdksandbox_customized_sdk_context_enabled,configuration/namespace_to_package_mapping,constrain_display_apis/always_constrain_display_apis,constrain_display_apis/never_constrain_display_apis,constrain_display_apis/never_constrain_display_apis_all_packages,device_policy_manager/disable_resources_updatability,flipendo/default_savings_mode_launch,flipendo/essential_apps,flipendo/flipe^
09-30 20:22:47.153   517   594 I commit_sys_config_file: [settings-4-0,5]
09-30 20:22:47.160   983   983 I wm_on_create_called: [193747057,com.google.android.apps.nexuslauncher.NexusLauncherActivity,performCreate,134]
09-30 20:22:47.162   983   983 I wm_on_start_called: [193747057,com.google.android.apps.nexuslauncher.NexusLauncherActivity,handleStartActivity,0]
09-30 20:22:47.162   517  1636 I wm_set_requested_orientation: [5,com.google.android.apps.nexuslauncher/.NexusLauncherActivity]
09-30 20:22:47.166   983   983 I wm_on_resume_called: [193747057,com.google.android.apps.nexuslauncher.NexusLauncherActivity,LIFECYCLER_RESUME_ACTIVITY,0]
09-30 20:22:47.170   983   983 I wm_on_paused_called: [193747057,com.google.android.apps.nexuslauncher.NexusLauncherActivity,performPause,0]
09-30 20:22:47.174   983   983 I wm_on_stop_called: [193747057,com.google.android.apps.nexuslauncher.NexusLauncherActivity,STOP_ACTIVITY_ITEM,4]
09-30 20:22:47.385   517   594 I commit_sys_config_file: [settings-4-0,3]
09-30 20:22:47.433   517   594 I commit_sys_config_file: [settings-2-0,1]
09-30 20:22:47.460   517   594 I commit_sys_config_file: [settings-0-0,2]
09-30 20:22:47.596   517   594 I commit_sys_config_file: [settings-4-0,3]
09-30 20:22:52.789   517   595 I am_freeze: [4201,com.google.android.googlequicksearchbox]
09-30 20:22:54.002   517  1636 I dvm_lock_sample: [system_server,1,binder:517_12,12,ActivityManagerService.java,15321,int com.android.server.am.ActivityManagerService.broadcastIntentWithFeature(android.app.IApplicationThread, java.lang.String, android.content.Intent, java.lang.String, android.content.IIntentReceiver, int, java.lang.String, android.os.Bundle, java.lang.String[], java.lang.String[], java.lang.String[], int, android.os.Bundle, boolean, boolean, int),-,15343,int com.android.server.am.ActivityManagerService.broadcastIntentWithFeature(android.app.IApplicationThread, java.lang.String, android.content.Intent, java.lang.String, android.content.IIntentReceiver, int, java.lang.String, android.os.Bundle, java.lang.String[], java.lang.String[], java.lang.String[], int, android.os.Bundle, boolean, boolean, int),2]
09-30 20:22:54.136   517   595 I am_unfreeze: [3114,com.google.android.apps.messaging,3]
09-30 20:22:54.156   517  1636 I dvm_lock_sample: [system_server,0,binder:517_12,26,ActivityManagerService.java,13459,void com.android.server.am.ActivityManagerService.serviceDoneExecuting(android.os.IBinder, int, int, int),BroadcastQueueModernImpl.java,551,void com.android.server.am.BroadcastQueueModernImpl.checkPendingColdStartValidity(),5]
09-30 20:22:54.284   517   594 I commit_sys_config_file: [settings-4-0,37]
09-30 20:22:54.292   517  3696 I dvm_lock_sample: [system_server,0,binder:517_1B,5,ActivityManagerService.java,13459,void com.android.server.am.ActivityManagerService.serviceDoneExecuting(android.os.IBinder, int, int, int),-,13195,android.content.ComponentName com.android.server.am.ActivityManagerService.startService(android.app.IApplicationThread, android.content.Intent, java.lang.String, boolean, java.lang.String, java.lang.String, int, boolean, int, java.lang.String, java.lang.String),1]
09-30 20:22:54.415   517  4063 I snet_event_log: [215003903,10184,callingPackage:android does not belong to callingUid:10184]
09-30 20:22:54.467   517   548 I dvm_lock_sample: [system_server,1,ActivityManager,5,BroadcastQueueModernImpl.java,293,boolean com.android.server.am.BroadcastQueueModernImpl.lambda$new$0(android.os.Message),ActivityManagerService.java,13195,android.content.ComponentName com.android.server.am.ActivityManagerService.startService(android.app.IApplicationThread, android.content.Intent, java.lang.String, boolean, java.lang.String, java.lang.String, int, boolean, int, java.lang.String, java.lang.String),1]
09-30 20:22:54.481   517   594 I commit_sys_config_file: [settings-4-0,25]
09-30 20:22:54.702   517  4063 I dvm_lock_sample: [system_server,0,binder:517_1D,32,ActivityManagerService.java,13459,void com.android.server.am.ActivityManagerService.serviceDoneExecuting(android.os.IBinder, int, int, int),-,13404,int com.android.server.am.ActivityManagerService.bindServiceInstance(android.app.IApplicationThread, android.os.IBinder, android.content.Intent, java.lang.String, android.app.IServiceConnection, long, java.lang.String, boolean, int, java.lang.String, android.app.IApplicationThread, java.lang.String, int),6]
09-30 20:22:54.837   517   594 I commit_sys_config_file: [settings-4-0,13]
09-30 20:22:54.922   517   595 I am_unfreeze: [1361,android.process.acore,7]
09-30 20:22:55.072   517   517 I dvm_lock_sample: [system_server,0,main,20,PackageWatchdog.java,711,void com.android.server.PackageWatchdog.syncRequests(),-,1101,boolean com.android.server.PackageWatchdog.saveToFile(),4]
09-30 20:22:55.081   517   594 I commit_sys_config_file: [settings-4-0,10]
09-30 20:22:55.353   517   594 I commit_sys_config_file: [settings-4-0,28]
09-30 20:22:55.554   517   594 I commit_sys_config_file: [settings-4-0,3]
09-30 20:22:55.754   517  1457 I sysui_multi_action: [757,1721,758,4,908,com.google.android.as/com.google.android.apps.miphone.aiai.app.AiAiAugmentedAutofillService,1722,5]
09-30 20:22:55.770   517   594 I commit_sys_config_file: [settings-4-0,4]
09-30 20:22:56.000   517   594 I commit_sys_config_file: [settings-4-0,2]
09-30 20:22:56.116   983   983 I wm_on_destroy_called: [193747057,com.google.android.apps.nexuslauncher.NexusLauncherActivity,performDestroy,17]
09-30 20:22:56.184   517  1457 I snet_event_log: [215003903,10184,callingPackage:android does not belong to callingUid:10184]
09-30 20:22:56.251   517   548 I am_wtf  : [0,517,system_server,-1,SettingsToPropertiesMapper,key=persist.device_config.configuration.AdbWritableFlags__adb_writable_flags_list value=adservices/disable_sdk_sandbox,adservices/enforce_broadcast_receiver_restrictions,adservices/fledge_ad_selection_enforce_foreground_status_custom_audience,adservices/fledge_custom_audience_max_count,adservices/fledge_custom_audience_max_num_ads,adservices/fledge_custom_audience_max_owner_count,adservices/fledge_custom_audience_per_app_max_count,adservices/fledge_js_isolate_enforce_max_heap_size,adservices/fledge_js_isolate_max_heap_size_bytes,adservices/sdk_request_permits_per_second,adservices/sdksandbox_customized_sdk_context_enabled,configuration/namespace_to_package_mapping,constrain_display_apis/always_constrain_display_apis,constrain_display_apis/never_constrain_display_apis,constrain_display_apis/never_constrain_display_apis_all_packages,device_policy_manager/disable_resources_updatability,flipendo/default_savings_mode_launch,flipendo/essential_apps,flipendo/flipe^
09-30 20:22:56.291   517   594 I commit_sys_config_file: [settings-4-0,54]
09-30 20:22:56.321   517  1457 I wm_set_requested_orientation: [5,com.google.android.apps.nexuslauncher/.NexusLauncherActivity]
09-30 20:22:56.325   983   983 I wm_on_create_called: [193747057,com.google.android.apps.nexuslauncher.NexusLauncherActivity,performCreate,197]
09-30 20:22:56.327   983   983 I wm_on_start_called: [193747057,com.google.android.apps.nexuslauncher.NexusLauncherActivity,handleStartActivity,1]
09-30 20:22:56.331   983   983 I wm_on_resume_called: [193747057,com.google.android.apps.nexuslauncher.NexusLauncherActivity,LIFECYCLER_RESUME_ACTIVITY,1]
09-30 20:22:56.360   983   983 I wm_on_paused_called: [193747057,com.google.android.apps.nexuslauncher.NexusLauncherActivity,performPause,0]
09-30 20:22:56.368   983   983 I wm_on_stop_called: [193747057,com.google.android.apps.nexuslauncher.NexusLauncherActivity,STOP_ACTIVITY_ITEM,6]
09-30 20:22:56.413   517   547 I am_pss  : [5069,10192,com.pantopus.qelvora,68237312,62513152,291840,161771520,0,2,3]
09-30 20:22:56.466   517   594 I commit_sys_config_file: [settings-4-0,6]
09-30 20:22:56.690   517   594 I commit_sys_config_file: [settings-4-0,10]
09-30 20:22:56.751   517  1457 I dvm_lock_sample: [system_server,0,binder:517_F,8,ExplicitHealthCheckController.java,267,void com.android.server.ExplicitHealthCheckController.getRequestedPackages(java.util.function.Consumer),-,360,void com.android.server.ExplicitHealthCheckController.unbindService(),1]
09-30 20:22:56.757   517  1457 I snet_event_log: [215003903,10184,callingPackage:android does not belong to callingUid:10184]
09-30 20:22:56.848   517   548 I am_wtf  : [0,517,system_server,-1,SettingsToPropertiesMapper,key=persist.device_config.storage_native_boot.transcode_compat_manifest value=com.yelp.android,0,com.yy.biu,0,com.groupme.android,0,air.tv.douyu.android,0,com.baidu.mbaby,0,com.vlocker.locker,0,com.znxh.hyhuo,0,com.yixia.xiaokaxiu,0 exceeds system property max length.]
09-30 20:22:56.923   517   594 I commit_sys_config_file: [settings-4-0,11]
09-30 20:22:57.198   517   594 I commit_sys_config_file: [settings-4-0,19]
09-30 20:22:57.529   517   594 I commit_sys_config_file: [settings-4-0,68]
09-30 20:22:57.786   517   594 I commit_sys_config_file: [settings-4-0,7]
09-30 20:22:58.006   517   594 I commit_sys_config_file: [settings-4-0,5]
09-30 20:22:58.286   517   594 I commit_sys_config_file: [settings-4-0,7]
09-30 20:22:58.576   517   594 I commit_sys_config_file: [settings-4-0,3]
09-30 20:23:07.282   517   595 I am_freeze: [3114,com.google.android.apps.messaging]
09-30 20:23:07.282   517   595 I am_freeze: [1361,android.process.acore]
09-30 20:23:07.316   517   595 I am_compact: [3114,com.google.android.apps.messaging,ANON,151436,111296,38840,23916,-13848,0,-13848,13848,34,FULL,174594,1001,19,142408,-1144]
09-30 20:23:07.330   517   595 I am_compact: [1361,android.process.acore,ANON,88944,58552,29632,21452,-4824,0,-4824,4824,13,FULL,186357,905,19,143552,-948]
09-30 20:23:11.990   517  1636 I am_uid_stopped: 10192
09-30 20:23:11.991   517  1636 I am_kill : [0,5069,com.pantopus.qelvora,0,stop com.pantopus.qelvora due to from pid 5165]
09-30 20:23:11.998   517  1636 I wm_finish_activity: [0,60473448,16,com.pantopus.qelvora/.MainActivity,proc died without state saved]
09-30 20:23:12.010   517  1636 I wm_resume_activity: [0,193747057,11,com.google.android.apps.nexuslauncher/.NexusLauncherActivity]
09-30 20:23:12.011   983   983 I wm_on_restart_called: [193747057,com.google.android.apps.nexuslauncher.NexusLauncherActivity,performRestart,0]
09-30 20:23:12.012   983   983 I wm_on_start_called: [193747057,com.google.android.apps.nexuslauncher.NexusLauncherActivity,handleStartActivity,1]
09-30 20:23:12.013   983   983 I wm_on_resume_called: [193747057,com.google.android.apps.nexuslauncher.NexusLauncherActivity,RESUME_ACTIVITY,0]
09-30 20:23:12.051   517   542 I input_focus: [Focus request 209e934 com.google.android.apps.nexuslauncher/com.google.android.apps.nexuslauncher.NexusLauncherActivity,reason=UpdateInputWindows]
09-30 20:23:12.102   517   517 I notification_cancel_all: [1000,517,com.pantopus.qelvora,0,0,0,5,NULL]
09-30 20:23:12.179   517   542 I wm_wallpaper_surface: [0,1,Window{cbb52e9 u0 com.google.android.apps.nexuslauncher/com.google.android.apps.nexuslauncher.NexusLauncherActivity}]
09-30 20:23:12.245   517   606 I input_focus: [Focus entering 209e934 com.google.android.apps.nexuslauncher/com.google.android.apps.nexuslauncher.NexusLauncherActivity (server),reason=Window became focusable. Previous reason: NOT_VISIBLE]
09-30 20:23:12.287   517   707 I wm_task_created: 17
09-30 20:23:12.296   517   707 I wm_set_resumed_activity: [0,com.google.android.apps.nexuslauncher/.NexusLauncherActivity,addChildTask]
09-30 20:23:12.298   517   707 I wm_task_moved: [17,17,0,1,3]
09-30 20:23:12.298   517   707 I wm_task_to_front: [0,17,0]
09-30 20:23:12.298   517   707 I wm_create_task: [0,17,17,0]
09-30 20:23:12.298   517   707 I wm_create_activity: [0,134353123,17,com.pantopus.qelvora/.MainActivity,NULL,NULL,NULL,268435456]
09-30 20:23:12.298   517   707 I wm_task_moved: [17,17,0,1,3]
09-30 20:23:12.299   517   707 I wm_pause_activity: [0,193747057,com.google.android.apps.nexuslauncher/.NexusLauncherActivity,userLeaving=true,pauseBackTasks]
09-30 20:23:12.305   517   541 I am_uid_running: 10192
09-30 20:23:12.317   517   549 I am_proc_start: [0,5176,10192,com.pantopus.qelvora,next-top-activity,{com.pantopus.qelvora/com.pantopus.qelvora.MainActivity}]
09-30 20:23:12.334   983   983 I wm_on_top_resumed_gained_called: [193747057,com.google.android.apps.nexuslauncher.NexusLauncherActivity,topStateChangedWhenResumed]
09-30 20:23:12.337   983   983 I wm_on_top_resumed_lost_called: [193747057,com.google.android.apps.nexuslauncher.NexusLauncherActivity,topStateChangedWhenResumed]
09-30 20:23:12.340   983   983 I wm_on_paused_called: [193747057,com.google.android.apps.nexuslauncher.NexusLauncherActivity,performPause,1]
09-30 20:23:12.346   517  1813 I wm_add_to_stopping: [0,193747057,com.google.android.apps.nexuslauncher/.NexusLauncherActivity,makeInvisible]
09-30 20:23:12.353   517   538 I sysui_multi_action: [757,803,799,window_time_0,802,35]
09-30 20:23:12.389   517   606 I input_focus: [Focus leaving 209e934 com.google.android.apps.nexuslauncher/com.google.android.apps.nexuslauncher.NexusLauncherActivity (server),reason=NO_WINDOW]
09-30 20:23:12.450   517  2367 I am_proc_bound: [0,5176,com.pantopus.qelvora]
09-30 20:23:12.481   517  4063 I wm_task_removed: [16,16,0,removeChild, last child = ActivityRecord{39ac068 u0 com.pantopus.qelvora/.MainActivity t-1 f} isExiting} in Task{7f3cc81 #16 type=standard A=10192:com.pantopus.qelvora}]
09-30 20:23:12.485   517  2367 I wm_restart_activity: [0,134353123,17,com.pantopus.qelvora/.MainActivity]
09-30 20:23:12.485   517  2367 I wm_set_resumed_activity: [0,com.pantopus.qelvora/.MainActivity,minimalResumeActivityLocked - onActivityStateChanged]
09-30 20:23:12.493   517   541 I am_uid_active: 10192
09-30 20:23:12.831   517   542 I wm_wallpaper_surface: [0,0,Window{cbb52e9 u0 com.google.android.apps.nexuslauncher/com.google.android.apps.nexuslauncher.NexusLauncherActivity}]
09-30 20:23:13.092  5176  5176 I wm_on_create_called: [134353123,com.pantopus.qelvora.MainActivity,performCreate,45]
09-30 20:23:13.105  5176  5176 I wm_on_start_called: [134353123,com.pantopus.qelvora.MainActivity,handleStartActivity,0]
09-30 20:23:13.112  5176  5176 I wm_on_resume_called: [134353123,com.pantopus.qelvora.MainActivity,RESUME_ACTIVITY,0]
09-30 20:23:13.131  5176  5176 I wm_on_top_resumed_gained_called: [134353123,com.pantopus.qelvora.MainActivity,topStateChangedWhenResumed]
09-30 20:23:13.582   517   542 I input_focus: [Focus request 2da7a04 com.pantopus.qelvora/com.pantopus.qelvora.MainActivity,reason=UpdateInputWindows]
09-30 20:23:13.724   517   538 I sysui_multi_action: [319,142,321,103,322,1442,325,373,757,761,758,7,759,1,806,com.pantopus.qelvora,871,com.pantopus.qelvora.MainActivity,904,com.android.shell,905,0,945,204,1320,12,1321,1]
09-30 20:23:13.725   517   538 I wm_activity_launch_time: [0,134353123,com.pantopus.qelvora/.MainActivity,1442]
09-30 20:23:13.726   517   606 I input_focus: [Focus entering 2da7a04 com.pantopus.qelvora/com.pantopus.qelvora.MainActivity (server),reason=Window became focusable. Previous reason: NOT_VISIBLE]
09-30 20:23:13.728   717   754 I jank_cuj_events_begin_request: [39,1790824993728234000,374728235433,374728235486,]
09-30 20:23:13.795   517  1636 I wm_stop_activity: [0,193747057,com.google.android.apps.nexuslauncher/.NexusLauncherActivity]
09-30 20:23:13.800   983   983 I wm_on_stop_called: [193747057,com.google.android.apps.nexuslauncher.NexusLauncherActivity,STOP_ACTIVITY_ITEM,4]
09-30 20:23:14.015   717   754 I jank_cuj_events_end_request: [39,1790824994015618000,375015619765,375015619823]
09-30 20:23:22.050   517   568 I commit_sys_config_file: [package-user-0,8]
09-30 20:23:36.395   517   547 I am_pss  : [4567,10128,com.google.android.gms,35371008,20082688,305152,162480128,0,10,3]
09-30 20:24:00.116   517   595 I am_freeze: [2545,com.google.android.dialer]
09-30 20:24:00.135   517   595 I am_compact: [2545,com.google.android.dialer,ANON,109860,75516,32796,21704,-8592,0,-8592,8592,18,SOME,0,905,19,144448,-3100]
09-30 20:24:16.482   517   547 I am_pss  : [4567,10128,com.google.android.gms,35849216,20500480,305152,162930688,0,10,4]
09-30 20:24:37.983   517   595 I am_unfreeze: [1559,com.google.android.projection.gearhead:shared,6]
09-30 20:24:38.017   517   595 I am_unfreeze: [3495,com.google.android.gms.unstable,6]
09-30 20:24:38.068  3495  3495 I auditd  : type=1400 audit(0.0:25): avc:  denied  { read } for  comm="binder:3495_8" name="u:object_r:system_adbd_prop:s0" dev="tmpfs" ino=292 scontext=u:r:gmscore_app:s0:c512,c768 tcontext=u:object_r:system_adbd_prop:s0 tclass=file permissive=0 app=com.google.android.gms
09-30 20:24:38.068  3495  3495 I auditd  : type=1400 audit(0.0:26): avc:  denied  { read } for  comm="binder:3495_8" name="u:object_r:adbd_prop:s0" dev="tmpfs" ino=60 scontext=u:r:gmscore_app:s0:c512,c768 tcontext=u:object_r:adbd_prop:s0 tclass=file permissive=0 app=com.google.android.gms
09-30 20:24:40.000   517   540 I commit_sys_config_file: [jobs,2]
09-30 20:24:48.007   517   595 I am_freeze: [1559,com.google.android.projection.gearhead:shared]
09-30 20:24:53.091   517   595 I am_freeze: [3495,com.google.android.gms.unstable]
09-30 20:24:53.093   517   595 I am_unfreeze: [3495,com.google.android.gms.unstable,18]
09-30 20:24:55.936   517   595 I am_freeze: [3495,com.google.android.gms.unstable]
09-30 20:24:55.959   517   595 I am_compact: [3495,com.google.android.gms.unstable,ANON,157064,123400,32652,34200,-5156,0,-5156,5156,23,FULL,341072,905,19,146760,-948]
09-30 20:25:32.465   517   595 I am_unfreeze: [4201,com.google.android.googlequicksearchbox,3]
09-30 20:25:42.534   517   595 I am_freeze: [4201,com.google.android.googlequicksearchbox]
09-30 20:26:23.034   517   595 I am_unfreeze: [2545,com.google.android.dialer,6]
09-30 20:26:33.257   517   595 I am_freeze: [2545,com.google.android.dialer]
09-30 20:26:33.285   517   595 I am_compact: [2545,com.google.android.dialer,ANON,108112,76188,30364,25408,-6008,0,-6008,6008,27,FULL,421135,905,19,146692,-944]
