Command line invocation:
    /Applications/Xcode.app/Contents/Developer/usr/bin/xcodebuild -project /tmp/qelvora-w6-runtime-20261001/ios-project/QelvoraApp.xcodeproj -scheme QelvoraApp -configuration Debug -destination "platform=iOS Simulator,id=A737F284-71A6-4F21-AAE9-B0FB98D933CD" -derivedDataPath /tmp/qelvora-w6-runtime-20261001/ios-derived -clonedSourcePackagesDirPath /tmp/qelvora-w6-runtime-20261001/ios-packages -jobs 2 -parallel-testing-enabled NO "-only-testing:QelvoraUITests/FoundationFlowTests" -resultBundlePath /tmp/qelvora-w6-runtime-20261001/MergeIntegratedFoundationFlow.xcresult test

Resolve Package Graph


Resolved source packages:
  swift-snapshot-testing: https://github.com/pointfreeco/swift-snapshot-testing.git @ 1.19.6
  xctest-dynamic-overlay: https://github.com/pointfreeco/xctest-dynamic-overlay @ 1.13.1
  swift-syntax: https://github.com/swiftlang/swift-syntax @ 604.0.0
  QelvoraNative: /Users/yingpengwang/.codex/worktrees/970d/creator-platform/apps/ios
  swift-custom-dump: https://github.com/pointfreeco/swift-custom-dump @ 1.7.3

Writing result bundle at path:
	/tmp/qelvora-w6-runtime-20261001/MergeIntegratedFoundationFlow.xcresult

Build Preparation
Build task concurrency set to 2 via user default IDEBuildOperationMaxNumberOfConcurrentCompileTasks

ComputePackagePrebuildTargetDependencyGraph

Prepare packages

CreateBuildRequest

SendProjectDescription

CreateBuildOperation

ComputeTargetDependencyGraph
note: Building targets in dependency order
note: Target dependency graph (5 targets)
    Target 'QelvoraUITests' in project 'QelvoraApp'
        ➜ Explicit dependency on target 'QelvoraApp' in project 'QelvoraApp'
    Target 'QelvoraApp' in project 'QelvoraApp'
        ➜ Explicit dependency on target 'QelvoraUI' in project 'QelvoraNative'
    Target 'QelvoraUI' in project 'QelvoraNative'
        ➜ Explicit dependency on target 'QelvoraUI' in project 'QelvoraNative'
        ➜ Explicit dependency on target 'QelvoraNative_QelvoraUI' in project 'QelvoraNative'
    Target 'QelvoraUI' in project 'QelvoraNative'
        ➜ Explicit dependency on target 'QelvoraNative_QelvoraUI' in project 'QelvoraNative'
    Target 'QelvoraNative_QelvoraUI' in project 'QelvoraNative' (no dependencies)

GatherProvisioningInputs

CreateBuildDescription

ExecuteExternalTool /Applications/Xcode.app/Contents/Developer/Toolchains/XcodeDefault.xctoolchain/usr/bin/swiftc --version

ExecuteExternalTool /Applications/Xcode.app/Contents/Developer/Toolchains/XcodeDefault.xctoolchain/usr/bin/clang -v -E -dM -isysroot /Applications/Xcode.app/Contents/Developer/Platforms/iPhoneSimulator.platform/Developer/SDKs/iPhoneSimulator26.5.sdk -x c -c /dev/null

ExecuteExternalTool /Applications/Xcode.app/Contents/Developer/usr/bin/xcstringstool compile --dry-run --output-directory /tmp/qelvora-w6-runtime-20261001/ios-derived/Build/Intermediates.noindex/QelvoraNative.build/Debug-iphonesimulator/QelvoraNative_QelvoraUI.build /Users/yingpengwang/.codex/worktrees/970d/creator-platform/apps/ios/Sources/Generated/Localizable.xcstrings

ExecuteExternalTool /Applications/Xcode.app/Contents/Developer/Toolchains/XcodeDefault.xctoolchain/usr/bin/ld -version_details

Build description signature: 57c1f71910f44609330d34c3711cc912
Build description path: /tmp/qelvora-w6-runtime-20261001/ios-derived/Build/Intermediates.noindex/XCBuildData/57c1f71910f44609330d34c3711cc912.xcbuilddata
ClangStatCache /Applications/Xcode.app/Contents/Developer/Toolchains/XcodeDefault.xctoolchain/usr/bin/clang-stat-cache /Applications/Xcode.app/Contents/Developer/Platforms/iPhoneSimulator.platform/Developer/SDKs/iPhoneSimulator26.5.sdk /tmp/qelvora-w6-runtime-20261001/ios-derived/SDKStatCaches.noindex/iphonesimulator26.5-23F73-6cfe768891a92b912361537c460fe42b.sdkstatcache
    cd /tmp/qelvora-w6-runtime-20261001/ios-project/QelvoraApp.xcodeproj
    /Applications/Xcode.app/Contents/Developer/Toolchains/XcodeDefault.xctoolchain/usr/bin/clang-stat-cache /Applications/Xcode.app/Contents/Developer/Platforms/iPhoneSimulator.platform/Developer/SDKs/iPhoneSimulator26.5.sdk -o /tmp/qelvora-w6-runtime-20261001/ios-derived/SDKStatCaches.noindex/iphonesimulator26.5-23F73-6cfe768891a92b912361537c460fe42b.sdkstatcache

WriteAuxiliaryFile /tmp/qelvora-w6-runtime-20261001/ios-derived/Build/Intermediates.noindex/QelvoraApp.build/Debug-iphonesimulator/QelvoraApp.build/Objects-normal/x86_64/QelvoraApp.SwiftConstValuesFileList (in target 'QelvoraApp' from project 'QelvoraApp')
    cd /tmp/qelvora-w6-runtime-20261001/ios-project
    write-file /tmp/qelvora-w6-runtime-20261001/ios-derived/Build/Intermediates.noindex/QelvoraApp.build/Debug-iphonesimulator/QelvoraApp.build/Objects-normal/x86_64/QelvoraApp.SwiftConstValuesFileList

WriteAuxiliaryFile /tmp/qelvora-w6-runtime-20261001/ios-derived/Build/Intermediates.noindex/QelvoraNative.build/Debug-iphonesimulator/QelvoraUI.build/Objects-normal/x86_64/QelvoraUI.SwiftConstValuesFileList (in target 'QelvoraUI' from project 'QelvoraNative')
    cd /Users/yingpengwang/.codex/worktrees/970d/creator-platform/apps/ios
    write-file /tmp/qelvora-w6-runtime-20261001/ios-derived/Build/Intermediates.noindex/QelvoraNative.build/Debug-iphonesimulator/QelvoraUI.build/Objects-normal/x86_64/QelvoraUI.SwiftConstValuesFileList

Copy /tmp/qelvora-w6-runtime-20261001/ios-derived/Build/Intermediates.noindex/GeneratedModuleMaps-iphonesimulator/QelvoraUI.modulemap /tmp/qelvora-w6-runtime-20261001/ios-derived/Build/Intermediates.noindex/QelvoraNative.build/Debug-iphonesimulator/QelvoraUI.build/QelvoraUI.modulemap (in target 'QelvoraUI' from project 'QelvoraNative')
    cd /Users/yingpengwang/.codex/worktrees/970d/creator-platform/apps/ios
    builtin-copy -exclude .DS_Store -exclude CVS -exclude .svn -exclude .git -exclude .hg -resolve-src-symlinks /tmp/qelvora-w6-runtime-20261001/ios-derived/Build/Intermediates.noindex/QelvoraNative.build/Debug-iphonesimulator/QelvoraUI.build/QelvoraUI.modulemap /tmp/qelvora-w6-runtime-20261001/ios-derived/Build/Intermediates.noindex/GeneratedModuleMaps-iphonesimulator

ProcessInfoPlistFile /tmp/qelvora-w6-runtime-20261001/ios-derived/Build/Products/Debug-iphonesimulator/QelvoraNative_QelvoraUI.bundle/Info.plist /tmp/qelvora-w6-runtime-20261001/ios-derived/Build/Intermediates.noindex/QelvoraNative.build/Debug-iphonesimulator/QelvoraNative_QelvoraUI.build/empty-QelvoraNative_QelvoraUI.plist (in target 'QelvoraNative_QelvoraUI' from project 'QelvoraNative')
    cd /Users/yingpengwang/.codex/worktrees/970d/creator-platform/apps/ios
    builtin-infoPlistUtility /tmp/qelvora-w6-runtime-20261001/ios-derived/Build/Intermediates.noindex/QelvoraNative.build/Debug-iphonesimulator/QelvoraNative_QelvoraUI.build/empty-QelvoraNative_QelvoraUI.plist -producttype com.apple.product-type.bundle -expandbuildsettings -format binary -platform iphonesimulator -o /tmp/qelvora-w6-runtime-20261001/ios-derived/Build/Products/Debug-iphonesimulator/QelvoraNative_QelvoraUI.bundle/Info.plist

CpResource /tmp/qelvora-w6-runtime-20261001/ios-derived/Build/Products/Debug-iphonesimulator/QelvoraNative_QelvoraUI.bundle/Newsreader.ttf /Users/yingpengwang/.codex/worktrees/970d/creator-platform/apps/ios/Sources/Resources/Fonts/Newsreader.ttf (in target 'QelvoraNative_QelvoraUI' from project 'QelvoraNative')
    cd /Users/yingpengwang/.codex/worktrees/970d/creator-platform/apps/ios
    builtin-copy -exclude .DS_Store -exclude CVS -exclude .svn -exclude .git -exclude .hg -resolve-src-symlinks /Users/yingpengwang/.codex/worktrees/970d/creator-platform/apps/ios/Sources/Resources/Fonts/Newsreader.ttf /tmp/qelvora-w6-runtime-20261001/ios-derived/Build/Products/Debug-iphonesimulator/QelvoraNative_QelvoraUI.bundle

CpResource /tmp/qelvora-w6-runtime-20261001/ios-derived/Build/Products/Debug-iphonesimulator/QelvoraNative_QelvoraUI.bundle/Newsreader-OFL.txt /Users/yingpengwang/.codex/worktrees/970d/creator-platform/apps/ios/Sources/Resources/Fonts/Newsreader-OFL.txt (in target 'QelvoraNative_QelvoraUI' from project 'QelvoraNative')
    cd /Users/yingpengwang/.codex/worktrees/970d/creator-platform/apps/ios
    builtin-copy -exclude .DS_Store -exclude CVS -exclude .svn -exclude .git -exclude .hg -resolve-src-symlinks /Users/yingpengwang/.codex/worktrees/970d/creator-platform/apps/ios/Sources/Resources/Fonts/Newsreader-OFL.txt /tmp/qelvora-w6-runtime-20261001/ios-derived/Build/Products/Debug-iphonesimulator/QelvoraNative_QelvoraUI.bundle

CpResource /tmp/qelvora-w6-runtime-20261001/ios-derived/Build/Products/Debug-iphonesimulator/QelvoraNative_QelvoraUI.bundle/Newsreader-Italic.ttf /Users/yingpengwang/.codex/worktrees/970d/creator-platform/apps/ios/Sources/Resources/Fonts/Newsreader-Italic.ttf (in target 'QelvoraNative_QelvoraUI' from project 'QelvoraNative')
    cd /Users/yingpengwang/.codex/worktrees/970d/creator-platform/apps/ios
    builtin-copy -exclude .DS_Store -exclude CVS -exclude .svn -exclude .git -exclude .hg -resolve-src-symlinks /Users/yingpengwang/.codex/worktrees/970d/creator-platform/apps/ios/Sources/Resources/Fonts/Newsreader-Italic.ttf /tmp/qelvora-w6-runtime-20261001/ios-derived/Build/Products/Debug-iphonesimulator/QelvoraNative_QelvoraUI.bundle

CpResource /tmp/qelvora-w6-runtime-20261001/ios-derived/Build/Products/Debug-iphonesimulator/QelvoraNative_QelvoraUI.bundle/Glyphs.json /Users/yingpengwang/.codex/worktrees/970d/creator-platform/apps/ios/Sources/Resources/Glyphs.json (in target 'QelvoraNative_QelvoraUI' from project 'QelvoraNative')
    cd /Users/yingpengwang/.codex/worktrees/970d/creator-platform/apps/ios
    builtin-copy -exclude .DS_Store -exclude CVS -exclude .svn -exclude .git -exclude .hg -resolve-src-symlinks /Users/yingpengwang/.codex/worktrees/970d/creator-platform/apps/ios/Sources/Resources/Glyphs.json /tmp/qelvora-w6-runtime-20261001/ios-derived/Build/Products/Debug-iphonesimulator/QelvoraNative_QelvoraUI.bundle

CpResource /tmp/qelvora-w6-runtime-20261001/ios-derived/Build/Products/Debug-iphonesimulator/QelvoraNative_QelvoraUI.bundle/GeistMono.ttf /Users/yingpengwang/.codex/worktrees/970d/creator-platform/apps/ios/Sources/Resources/Fonts/GeistMono.ttf (in target 'QelvoraNative_QelvoraUI' from project 'QelvoraNative')
    cd /Users/yingpengwang/.codex/worktrees/970d/creator-platform/apps/ios
    builtin-copy -exclude .DS_Store -exclude CVS -exclude .svn -exclude .git -exclude .hg -resolve-src-symlinks /Users/yingpengwang/.codex/worktrees/970d/creator-platform/apps/ios/Sources/Resources/Fonts/GeistMono.ttf /tmp/qelvora-w6-runtime-20261001/ios-derived/Build/Products/Debug-iphonesimulator/QelvoraNative_QelvoraUI.bundle

CpResource /tmp/qelvora-w6-runtime-20261001/ios-derived/Build/Products/Debug-iphonesimulator/QelvoraNative_QelvoraUI.bundle/GeistMono-OFL.txt /Users/yingpengwang/.codex/worktrees/970d/creator-platform/apps/ios/Sources/Resources/Fonts/GeistMono-OFL.txt (in target 'QelvoraNative_QelvoraUI' from project 'QelvoraNative')
    cd /Users/yingpengwang/.codex/worktrees/970d/creator-platform/apps/ios
    builtin-copy -exclude .DS_Store -exclude CVS -exclude .svn -exclude .git -exclude .hg -resolve-src-symlinks /Users/yingpengwang/.codex/worktrees/970d/creator-platform/apps/ios/Sources/Resources/Fonts/GeistMono-OFL.txt /tmp/qelvora-w6-runtime-20261001/ios-derived/Build/Products/Debug-iphonesimulator/QelvoraNative_QelvoraUI.bundle

CpResource /tmp/qelvora-w6-runtime-20261001/ios-derived/Build/Products/Debug-iphonesimulator/QelvoraNative_QelvoraUI.bundle/GeistMono-Italic.ttf /Users/yingpengwang/.codex/worktrees/970d/creator-platform/apps/ios/Sources/Resources/Fonts/GeistMono-Italic.ttf (in target 'QelvoraNative_QelvoraUI' from project 'QelvoraNative')
    cd /Users/yingpengwang/.codex/worktrees/970d/creator-platform/apps/ios
    builtin-copy -exclude .DS_Store -exclude CVS -exclude .svn -exclude .git -exclude .hg -resolve-src-symlinks /Users/yingpengwang/.codex/worktrees/970d/creator-platform/apps/ios/Sources/Resources/Fonts/GeistMono-Italic.ttf /tmp/qelvora-w6-runtime-20261001/ios-derived/Build/Products/Debug-iphonesimulator/QelvoraNative_QelvoraUI.bundle

CpResource /tmp/qelvora-w6-runtime-20261001/ios-derived/Build/Products/Debug-iphonesimulator/QelvoraNative_QelvoraUI.bundle/Geist.ttf /Users/yingpengwang/.codex/worktrees/970d/creator-platform/apps/ios/Sources/Resources/Fonts/Geist.ttf (in target 'QelvoraNative_QelvoraUI' from project 'QelvoraNative')
    cd /Users/yingpengwang/.codex/worktrees/970d/creator-platform/apps/ios
    builtin-copy -exclude .DS_Store -exclude CVS -exclude .svn -exclude .git -exclude .hg -resolve-src-symlinks /Users/yingpengwang/.codex/worktrees/970d/creator-platform/apps/ios/Sources/Resources/Fonts/Geist.ttf /tmp/qelvora-w6-runtime-20261001/ios-derived/Build/Products/Debug-iphonesimulator/QelvoraNative_QelvoraUI.bundle

CpResource /tmp/qelvora-w6-runtime-20261001/ios-derived/Build/Products/Debug-iphonesimulator/QelvoraNative_QelvoraUI.bundle/Geist-OFL.txt /Users/yingpengwang/.codex/worktrees/970d/creator-platform/apps/ios/Sources/Resources/Fonts/Geist-OFL.txt (in target 'QelvoraNative_QelvoraUI' from project 'QelvoraNative')
    cd /Users/yingpengwang/.codex/worktrees/970d/creator-platform/apps/ios
    builtin-copy -exclude .DS_Store -exclude CVS -exclude .svn -exclude .git -exclude .hg -resolve-src-symlinks /Users/yingpengwang/.codex/worktrees/970d/creator-platform/apps/ios/Sources/Resources/Fonts/Geist-OFL.txt /tmp/qelvora-w6-runtime-20261001/ios-derived/Build/Products/Debug-iphonesimulator/QelvoraNative_QelvoraUI.bundle

CpResource /tmp/qelvora-w6-runtime-20261001/ios-derived/Build/Products/Debug-iphonesimulator/QelvoraNative_QelvoraUI.bundle/Geist-Italic.ttf /Users/yingpengwang/.codex/worktrees/970d/creator-platform/apps/ios/Sources/Resources/Fonts/Geist-Italic.ttf (in target 'QelvoraNative_QelvoraUI' from project 'QelvoraNative')
    cd /Users/yingpengwang/.codex/worktrees/970d/creator-platform/apps/ios
    builtin-copy -exclude .DS_Store -exclude CVS -exclude .svn -exclude .git -exclude .hg -resolve-src-symlinks /Users/yingpengwang/.codex/worktrees/970d/creator-platform/apps/ios/Sources/Resources/Fonts/Geist-Italic.ttf /tmp/qelvora-w6-runtime-20261001/ios-derived/Build/Products/Debug-iphonesimulator/QelvoraNative_QelvoraUI.bundle

SwiftDriver QelvoraUI normal x86_64 com.apple.xcode.tools.swift.compiler (in target 'QelvoraUI' from project 'QelvoraNative')
    cd /tmp/qelvora-w6-runtime-20261001/ios-project/QelvoraApp.xcodeproj
    builtin-SwiftDriver -- /Applications/Xcode.app/Contents/Developer/Toolchains/XcodeDefault.xctoolchain/usr/bin/swiftc -module-name QelvoraUI -Onone @/tmp/qelvora-w6-runtime-20261001/ios-derived/Build/Intermediates.noindex/QelvoraNative.build/Debug-iphonesimulator/QelvoraUI.build/Objects-normal/x86_64/QelvoraUI.SwiftFileList -DSWIFT_PACKAGE -DDEBUG -DSWIFT_MODULE_RESOURCE_BUNDLE_AVAILABLE -DXcode -plugin-path /Applications/Xcode.app/Contents/Developer/Toolchains/XcodeDefault.xctoolchain/usr/lib/swift/host/plugins/testing -enable-experimental-feature DebugDescriptionMacro -sdk /Applications/Xcode.app/Contents/Developer/Platforms/iPhoneSimulator.platform/Developer/SDKs/iPhoneSimulator26.5.sdk -target x86_64-apple-ios17.0-simulator -g -module-cache-path /tmp/qelvora-w6-runtime-20261001/ios-derived/ModuleCache.noindex -Xfrontend -serialize-debugging-options -enable-testing -index-store-path /tmp/qelvora-w6-runtime-20261001/ios-derived/Index.noindex/DataStore -Xcc -D_LIBCPP_HARDENING_MODE\=_LIBCPP_HARDENING_MODE_DEBUG -swift-version 6 -I /tmp/qelvora-w6-runtime-20261001/ios-derived/Build/Products/Debug-iphonesimulator -Isystem /Applications/Xcode.app/Contents/Developer/Platforms/iPhoneSimulator.platform/Developer/usr/lib -F /tmp/qelvora-w6-runtime-20261001/ios-derived/Build/Products/Debug-iphonesimulator -F /Applications/Xcode.app/Contents/Developer/Platforms/iPhoneSimulator.platform/Developer/Library/Frameworks -F /Applications/Xcode.app/Contents/Developer/Platforms/iPhoneSimulator.platform/Developer/SDKs/iPhoneSimulator26.5.sdk/Developer/Library/Frameworks -c -j16 -enable-batch-mode -incremental -Xcc -ivfsstatcache -Xcc /tmp/qelvora-w6-runtime-20261001/ios-derived/SDKStatCaches.noindex/iphonesimulator26.5-23F73-6cfe768891a92b912361537c460fe42b.sdkstatcache -output-file-map /tmp/qelvora-w6-runtime-20261001/ios-derived/Build/Intermediates.noindex/QelvoraNative.build/Debug-iphonesimulator/QelvoraUI.build/Objects-normal/x86_64/QelvoraUI-OutputFileMap.json -use-frontend-parseable-output -save-temps -no-color-diagnostics -explicit-module-build -module-cache-path /tmp/qelvora-w6-runtime-20261001/ios-derived/Build/Intermediates.noindex/SwiftExplicitPrecompiledModules -clang-scanner-module-cache-path /tmp/qelvora-w6-runtime-20261001/ios-derived/ModuleCache.noindex -sdk-module-cache-path /tmp/qelvora-w6-runtime-20261001/ios-derived/ModuleCache.noindex -serialize-diagnostics -emit-dependencies -emit-module -emit-module-path /tmp/qelvora-w6-runtime-20261001/ios-derived/Build/Intermediates.noindex/QelvoraNative.build/Debug-iphonesimulator/QelvoraUI.build/Objects-normal/x86_64/QelvoraUI.swiftmodule -validate-clang-modules-once -clang-build-session-file /tmp/qelvora-w6-runtime-20261001/ios-derived/ModuleCache.noindex/Session.modulevalidation -package-name ios -Xcc -I/tmp/qelvora-w6-runtime-20261001/ios-derived/Build/Intermediates.noindex/QelvoraNative.build/Debug-iphonesimulator/QelvoraUI.build/swift-overrides.hmap -emit-const-values -Xfrontend -const-gather-protocols-file -Xfrontend /tmp/qelvora-w6-runtime-20261001/ios-derived/Build/Intermediates.noindex/QelvoraNative.build/Debug-iphonesimulator/QelvoraUI.build/Objects-normal/x86_64/QelvoraUI_const_extract_protocols.json -Xcc -I/tmp/qelvora-w6-runtime-20261001/ios-derived/Build/Products/Debug-iphonesimulator/include -Xcc -I/tmp/qelvora-w6-runtime-20261001/ios-derived/Build/Intermediates.noindex/QelvoraNative.build/Debug-iphonesimulator/QelvoraUI.build/DerivedSources-normal/x86_64 -Xcc -I/tmp/qelvora-w6-runtime-20261001/ios-derived/Build/Intermediates.noindex/QelvoraNative.build/Debug-iphonesimulator/QelvoraUI.build/DerivedSources/x86_64 -Xcc -I/tmp/qelvora-w6-runtime-20261001/ios-derived/Build/Intermediates.noindex/QelvoraNative.build/Debug-iphonesimulator/QelvoraUI.build/DerivedSources -Xcc -DSWIFT_PACKAGE -Xcc -DDEBUG\=1 -emit-objc-header -emit-objc-header-path /tmp/qelvora-w6-runtime-20261001/ios-derived/Build/Intermediates.noindex/QelvoraNative.build/Debug-iphonesimulator/QelvoraUI.build/Objects-normal/x86_64/QelvoraUI-Swift.h -working-directory /tmp/qelvora-w6-runtime-20261001/ios-project/QelvoraApp.xcodeproj -experimental-emit-module-separately -disable-cmo

SwiftEmitModule normal x86_64 Emitting\ module\ for\ QelvoraUI (in target 'QelvoraUI' from project 'QelvoraNative')

EmitSwiftModule normal x86_64 (in target 'QelvoraUI' from project 'QelvoraNative')
    cd /tmp/qelvora-w6-runtime-20261001/ios-project/QelvoraApp.xcodeproj
    
/Users/yingpengwang/.codex/worktrees/970d/creator-platform/apps/ios/Sources/QelvoraUI/Trust.swift:23:93: warning: no 'async' operations occur within 'await' expression
    public init(baseURL: URL, token: @escaping @Sendable () async throws -> String? = { try await SecureSessionStorage().read() }) { self.baseURL = baseURL; self.token = token }
                                                                                            ^
/Users/yingpengwang/.codex/worktrees/970d/creator-platform/apps/ios/Sources/QelvoraUI/Trust.swift:76:128: warning: no 'async' operations occur within 'await' expression
    public init(baseURL: URL?, destination: String = "/support", token: @escaping @Sendable () async throws -> String? = { try await SecureSessionStorage().read() }) {
                                                                                                                               ^

SwiftDriver\ Compilation QelvoraUI normal x86_64 com.apple.xcode.tools.swift.compiler (in target 'QelvoraUI' from project 'QelvoraNative')
    cd /tmp/qelvora-w6-runtime-20261001/ios-project/QelvoraApp.xcodeproj
    builtin-Swift-Compilation -- /Applications/Xcode.app/Contents/Developer/Toolchains/XcodeDefault.xctoolchain/usr/bin/swiftc -module-name QelvoraUI -Onone @/tmp/qelvora-w6-runtime-20261001/ios-derived/Build/Intermediates.noindex/QelvoraNative.build/Debug-iphonesimulator/QelvoraUI.build/Objects-normal/x86_64/QelvoraUI.SwiftFileList -DSWIFT_PACKAGE -DDEBUG -DSWIFT_MODULE_RESOURCE_BUNDLE_AVAILABLE -DXcode -plugin-path /Applications/Xcode.app/Contents/Developer/Toolchains/XcodeDefault.xctoolchain/usr/lib/swift/host/plugins/testing -enable-experimental-feature DebugDescriptionMacro -sdk /Applications/Xcode.app/Contents/Developer/Platforms/iPhoneSimulator.platform/Developer/SDKs/iPhoneSimulator26.5.sdk -target x86_64-apple-ios17.0-simulator -g -module-cache-path /tmp/qelvora-w6-runtime-20261001/ios-derived/ModuleCache.noindex -Xfrontend -serialize-debugging-options -enable-testing -index-store-path /tmp/qelvora-w6-runtime-20261001/ios-derived/Index.noindex/DataStore -Xcc -D_LIBCPP_HARDENING_MODE\=_LIBCPP_HARDENING_MODE_DEBUG -swift-version 6 -I /tmp/qelvora-w6-runtime-20261001/ios-derived/Build/Products/Debug-iphonesimulator -Isystem /Applications/Xcode.app/Contents/Developer/Platforms/iPhoneSimulator.platform/Developer/usr/lib -F /tmp/qelvora-w6-runtime-20261001/ios-derived/Build/Products/Debug-iphonesimulator -F /Applications/Xcode.app/Contents/Developer/Platforms/iPhoneSimulator.platform/Developer/Library/Frameworks -F /Applications/Xcode.app/Contents/Developer/Platforms/iPhoneSimulator.platform/Developer/SDKs/iPhoneSimulator26.5.sdk/Developer/Library/Frameworks -c -j16 -enable-batch-mode -incremental -Xcc -ivfsstatcache -Xcc /tmp/qelvora-w6-runtime-20261001/ios-derived/SDKStatCaches.noindex/iphonesimulator26.5-23F73-6cfe768891a92b912361537c460fe42b.sdkstatcache -output-file-map /tmp/qelvora-w6-runtime-20261001/ios-derived/Build/Intermediates.noindex/QelvoraNative.build/Debug-iphonesimulator/QelvoraUI.build/Objects-normal/x86_64/QelvoraUI-OutputFileMap.json -use-frontend-parseable-output -save-temps -no-color-diagnostics -explicit-module-build -module-cache-path /tmp/qelvora-w6-runtime-20261001/ios-derived/Build/Intermediates.noindex/SwiftExplicitPrecompiledModules -clang-scanner-module-cache-path /tmp/qelvora-w6-runtime-20261001/ios-derived/ModuleCache.noindex -sdk-module-cache-path /tmp/qelvora-w6-runtime-20261001/ios-derived/ModuleCache.noindex -serialize-diagnostics -emit-dependencies -emit-module -emit-module-path /tmp/qelvora-w6-runtime-20261001/ios-derived/Build/Intermediates.noindex/QelvoraNative.build/Debug-iphonesimulator/QelvoraUI.build/Objects-normal/x86_64/QelvoraUI.swiftmodule -validate-clang-modules-once -clang-build-session-file /tmp/qelvora-w6-runtime-20261001/ios-derived/ModuleCache.noindex/Session.modulevalidation -package-name ios -Xcc -I/tmp/qelvora-w6-runtime-20261001/ios-derived/Build/Intermediates.noindex/QelvoraNative.build/Debug-iphonesimulator/QelvoraUI.build/swift-overrides.hmap -emit-const-values -Xfrontend -const-gather-protocols-file -Xfrontend /tmp/qelvora-w6-runtime-20261001/ios-derived/Build/Intermediates.noindex/QelvoraNative.build/Debug-iphonesimulator/QelvoraUI.build/Objects-normal/x86_64/QelvoraUI_const_extract_protocols.json -Xcc -I/tmp/qelvora-w6-runtime-20261001/ios-derived/Build/Products/Debug-iphonesimulator/include -Xcc -I/tmp/qelvora-w6-runtime-20261001/ios-derived/Build/Intermediates.noindex/QelvoraNative.build/Debug-iphonesimulator/QelvoraUI.build/DerivedSources-normal/x86_64 -Xcc -I/tmp/qelvora-w6-runtime-20261001/ios-derived/Build/Intermediates.noindex/QelvoraNative.build/Debug-iphonesimulator/QelvoraUI.build/DerivedSources/x86_64 -Xcc -I/tmp/qelvora-w6-runtime-20261001/ios-derived/Build/Intermediates.noindex/QelvoraNative.build/Debug-iphonesimulator/QelvoraUI.build/DerivedSources -Xcc -DSWIFT_PACKAGE -Xcc -DDEBUG\=1 -emit-objc-header -emit-objc-header-path /tmp/qelvora-w6-runtime-20261001/ios-derived/Build/Intermediates.noindex/QelvoraNative.build/Debug-iphonesimulator/QelvoraUI.build/Objects-normal/x86_64/QelvoraUI-Swift.h -working-directory /tmp/qelvora-w6-runtime-20261001/ios-project/QelvoraApp.xcodeproj -experimental-emit-module-separately -disable-cmo

SwiftDriverJobDiscovery normal x86_64 Emitting module for QelvoraUI (in target 'QelvoraUI' from project 'QelvoraNative')

SwiftDriver\ Compilation\ Requirements QelvoraUI normal x86_64 com.apple.xcode.tools.swift.compiler (in target 'QelvoraUI' from project 'QelvoraNative')
    cd /tmp/qelvora-w6-runtime-20261001/ios-project/QelvoraApp.xcodeproj
    builtin-Swift-Compilation-Requirements -- /Applications/Xcode.app/Contents/Developer/Toolchains/XcodeDefault.xctoolchain/usr/bin/swiftc -module-name QelvoraUI -Onone @/tmp/qelvora-w6-runtime-20261001/ios-derived/Build/Intermediates.noindex/QelvoraNative.build/Debug-iphonesimulator/QelvoraUI.build/Objects-normal/x86_64/QelvoraUI.SwiftFileList -DSWIFT_PACKAGE -DDEBUG -DSWIFT_MODULE_RESOURCE_BUNDLE_AVAILABLE -DXcode -plugin-path /Applications/Xcode.app/Contents/Developer/Toolchains/XcodeDefault.xctoolchain/usr/lib/swift/host/plugins/testing -enable-experimental-feature DebugDescriptionMacro -sdk /Applications/Xcode.app/Contents/Developer/Platforms/iPhoneSimulator.platform/Developer/SDKs/iPhoneSimulator26.5.sdk -target x86_64-apple-ios17.0-simulator -g -module-cache-path /tmp/qelvora-w6-runtime-20261001/ios-derived/ModuleCache.noindex -Xfrontend -serialize-debugging-options -enable-testing -index-store-path /tmp/qelvora-w6-runtime-20261001/ios-derived/Index.noindex/DataStore -Xcc -D_LIBCPP_HARDENING_MODE\=_LIBCPP_HARDENING_MODE_DEBUG -swift-version 6 -I /tmp/qelvora-w6-runtime-20261001/ios-derived/Build/Products/Debug-iphonesimulator -Isystem /Applications/Xcode.app/Contents/Developer/Platforms/iPhoneSimulator.platform/Developer/usr/lib -F /tmp/qelvora-w6-runtime-20261001/ios-derived/Build/Products/Debug-iphonesimulator -F /Applications/Xcode.app/Contents/Developer/Platforms/iPhoneSimulator.platform/Developer/Library/Frameworks -F /Applications/Xcode.app/Contents/Developer/Platforms/iPhoneSimulator.platform/Developer/SDKs/iPhoneSimulator26.5.sdk/Developer/Library/Frameworks -c -j16 -enable-batch-mode -incremental -Xcc -ivfsstatcache -Xcc /tmp/qelvora-w6-runtime-20261001/ios-derived/SDKStatCaches.noindex/iphonesimulator26.5-23F73-6cfe768891a92b912361537c460fe42b.sdkstatcache -output-file-map /tmp/qelvora-w6-runtime-20261001/ios-derived/Build/Intermediates.noindex/QelvoraNative.build/Debug-iphonesimulator/QelvoraUI.build/Objects-normal/x86_64/QelvoraUI-OutputFileMap.json -use-frontend-parseable-output -save-temps -no-color-diagnostics -explicit-module-build -module-cache-path /tmp/qelvora-w6-runtime-20261001/ios-derived/Build/Intermediates.noindex/SwiftExplicitPrecompiledModules -clang-scanner-module-cache-path /tmp/qelvora-w6-runtime-20261001/ios-derived/ModuleCache.noindex -sdk-module-cache-path /tmp/qelvora-w6-runtime-20261001/ios-derived/ModuleCache.noindex -serialize-diagnostics -emit-dependencies -emit-module -emit-module-path /tmp/qelvora-w6-runtime-20261001/ios-derived/Build/Intermediates.noindex/QelvoraNative.build/Debug-iphonesimulator/QelvoraUI.build/Objects-normal/x86_64/QelvoraUI.swiftmodule -validate-clang-modules-once -clang-build-session-file /tmp/qelvora-w6-runtime-20261001/ios-derived/ModuleCache.noindex/Session.modulevalidation -package-name ios -Xcc -I/tmp/qelvora-w6-runtime-20261001/ios-derived/Build/Intermediates.noindex/QelvoraNative.build/Debug-iphonesimulator/QelvoraUI.build/swift-overrides.hmap -emit-const-values -Xfrontend -const-gather-protocols-file -Xfrontend /tmp/qelvora-w6-runtime-20261001/ios-derived/Build/Intermediates.noindex/QelvoraNative.build/Debug-iphonesimulator/QelvoraUI.build/Objects-normal/x86_64/QelvoraUI_const_extract_protocols.json -Xcc -I/tmp/qelvora-w6-runtime-20261001/ios-derived/Build/Products/Debug-iphonesimulator/include -Xcc -I/tmp/qelvora-w6-runtime-20261001/ios-derived/Build/Intermediates.noindex/QelvoraNative.build/Debug-iphonesimulator/QelvoraUI.build/DerivedSources-normal/x86_64 -Xcc -I/tmp/qelvora-w6-runtime-20261001/ios-derived/Build/Intermediates.noindex/QelvoraNative.build/Debug-iphonesimulator/QelvoraUI.build/DerivedSources/x86_64 -Xcc -I/tmp/qelvora-w6-runtime-20261001/ios-derived/Build/Intermediates.noindex/QelvoraNative.build/Debug-iphonesimulator/QelvoraUI.build/DerivedSources -Xcc -DSWIFT_PACKAGE -Xcc -DDEBUG\=1 -emit-objc-header -emit-objc-header-path /tmp/qelvora-w6-runtime-20261001/ios-derived/Build/Intermediates.noindex/QelvoraNative.build/Debug-iphonesimulator/QelvoraUI.build/Objects-normal/x86_64/QelvoraUI-Swift.h -working-directory /tmp/qelvora-w6-runtime-20261001/ios-project/QelvoraApp.xcodeproj -experimental-emit-module-separately -disable-cmo

Copy /tmp/qelvora-w6-runtime-20261001/ios-derived/Build/Products/Debug-iphonesimulator/QelvoraUI.swiftmodule/x86_64-apple-ios-simulator.swiftdoc /tmp/qelvora-w6-runtime-20261001/ios-derived/Build/Intermediates.noindex/QelvoraNative.build/Debug-iphonesimulator/QelvoraUI.build/Objects-normal/x86_64/QelvoraUI.swiftdoc (in target 'QelvoraUI' from project 'QelvoraNative')
    cd /Users/yingpengwang/.codex/worktrees/970d/creator-platform/apps/ios
    builtin-copy -exclude .DS_Store -exclude CVS -exclude .svn -exclude .git -exclude .hg -resolve-src-symlinks -rename /tmp/qelvora-w6-runtime-20261001/ios-derived/Build/Intermediates.noindex/QelvoraNative.build/Debug-iphonesimulator/QelvoraUI.build/Objects-normal/x86_64/QelvoraUI.swiftdoc /tmp/qelvora-w6-runtime-20261001/ios-derived/Build/Products/Debug-iphonesimulator/QelvoraUI.swiftmodule/x86_64-apple-ios-simulator.swiftdoc

SwiftMergeGeneratedHeaders /tmp/qelvora-w6-runtime-20261001/ios-derived/Build/Intermediates.noindex/GeneratedModuleMaps-iphonesimulator/QelvoraUI-Swift.h /tmp/qelvora-w6-runtime-20261001/ios-derived/Build/Intermediates.noindex/QelvoraNative.build/Debug-iphonesimulator/QelvoraUI.build/Objects-normal/x86_64/QelvoraUI-Swift.h (in target 'QelvoraUI' from project 'QelvoraNative')
    cd /Users/yingpengwang/.codex/worktrees/970d/creator-platform/apps/ios
    builtin-swiftHeaderTool -arch x86_64 /tmp/qelvora-w6-runtime-20261001/ios-derived/Build/Intermediates.noindex/QelvoraNative.build/Debug-iphonesimulator/QelvoraUI.build/Objects-normal/x86_64/QelvoraUI-Swift.h -o /tmp/qelvora-w6-runtime-20261001/ios-derived/Build/Intermediates.noindex/GeneratedModuleMaps-iphonesimulator/QelvoraUI-Swift.h

Copy /tmp/qelvora-w6-runtime-20261001/ios-derived/Build/Products/Debug-iphonesimulator/QelvoraUI.swiftmodule/x86_64-apple-ios-simulator.swiftmodule /tmp/qelvora-w6-runtime-20261001/ios-derived/Build/Intermediates.noindex/QelvoraNative.build/Debug-iphonesimulator/QelvoraUI.build/Objects-normal/x86_64/QelvoraUI.swiftmodule (in target 'QelvoraUI' from project 'QelvoraNative')
    cd /Users/yingpengwang/.codex/worktrees/970d/creator-platform/apps/ios
    builtin-copy -exclude .DS_Store -exclude CVS -exclude .svn -exclude .git -exclude .hg -resolve-src-symlinks -rename /tmp/qelvora-w6-runtime-20261001/ios-derived/Build/Intermediates.noindex/QelvoraNative.build/Debug-iphonesimulator/QelvoraUI.build/Objects-normal/x86_64/QelvoraUI.swiftmodule /tmp/qelvora-w6-runtime-20261001/ios-derived/Build/Products/Debug-iphonesimulator/QelvoraUI.swiftmodule/x86_64-apple-ios-simulator.swiftmodule

Copy /tmp/qelvora-w6-runtime-20261001/ios-derived/Build/Products/Debug-iphonesimulator/QelvoraUI.swiftmodule/x86_64-apple-ios-simulator.abi.json /tmp/qelvora-w6-runtime-20261001/ios-derived/Build/Intermediates.noindex/QelvoraNative.build/Debug-iphonesimulator/QelvoraUI.build/Objects-normal/x86_64/QelvoraUI.abi.json (in target 'QelvoraUI' from project 'QelvoraNative')
    cd /Users/yingpengwang/.codex/worktrees/970d/creator-platform/apps/ios
    builtin-copy -exclude .DS_Store -exclude CVS -exclude .svn -exclude .git -exclude .hg -resolve-src-symlinks -rename /tmp/qelvora-w6-runtime-20261001/ios-derived/Build/Intermediates.noindex/QelvoraNative.build/Debug-iphonesimulator/QelvoraUI.build/Objects-normal/x86_64/QelvoraUI.abi.json /tmp/qelvora-w6-runtime-20261001/ios-derived/Build/Products/Debug-iphonesimulator/QelvoraUI.swiftmodule/x86_64-apple-ios-simulator.abi.json

Copy /tmp/qelvora-w6-runtime-20261001/ios-derived/Build/Products/Debug-iphonesimulator/QelvoraUI.swiftmodule/Project/x86_64-apple-ios-simulator.swiftsourceinfo /tmp/qelvora-w6-runtime-20261001/ios-derived/Build/Intermediates.noindex/QelvoraNative.build/Debug-iphonesimulator/QelvoraUI.build/Objects-normal/x86_64/QelvoraUI.swiftsourceinfo (in target 'QelvoraUI' from project 'QelvoraNative')
    cd /Users/yingpengwang/.codex/worktrees/970d/creator-platform/apps/ios
    builtin-copy -exclude .DS_Store -exclude CVS -exclude .svn -exclude .git -exclude .hg -resolve-src-symlinks -rename /tmp/qelvora-w6-runtime-20261001/ios-derived/Build/Intermediates.noindex/QelvoraNative.build/Debug-iphonesimulator/QelvoraUI.build/Objects-normal/x86_64/QelvoraUI.swiftsourceinfo /tmp/qelvora-w6-runtime-20261001/ios-derived/Build/Products/Debug-iphonesimulator/QelvoraUI.swiftmodule/Project/x86_64-apple-ios-simulator.swiftsourceinfo

Ld /tmp/qelvora-w6-runtime-20261001/ios-derived/Build/Products/Debug-iphonesimulator/QelvoraUI.o normal (in target 'QelvoraUI' from project 'QelvoraNative')
    cd /Users/yingpengwang/.codex/worktrees/970d/creator-platform/apps/ios
    /Applications/Xcode.app/Contents/Developer/Toolchains/XcodeDefault.xctoolchain/usr/bin/clang -Xlinker -reproducible -target x86_64-apple-ios17.0-simulator -r -isysroot /Applications/Xcode.app/Contents/Developer/Platforms/iPhoneSimulator.platform/Developer/SDKs/iPhoneSimulator26.5.sdk -O0 -F/tmp/qelvora-w6-runtime-20261001/ios-derived/Build/Intermediates.noindex/EagerLinkingTBDs/Debug-iphonesimulator -F/tmp/qelvora-w6-runtime-20261001/ios-derived/Build/Products/Debug-iphonesimulator -iframework /Applications/Xcode.app/Contents/Developer/Platforms/iPhoneSimulator.platform/Developer/Library/Frameworks -iframework /Applications/Xcode.app/Contents/Developer/Platforms/iPhoneSimulator.platform/Developer/SDKs/iPhoneSimulator26.5.sdk/Developer/Library/Frameworks -filelist /tmp/qelvora-w6-runtime-20261001/ios-derived/Build/Intermediates.noindex/QelvoraNative.build/Debug-iphonesimulator/QelvoraUI.build/Objects-normal/x86_64/QelvoraUI.LinkFileList -nostdlib -Xlinker -object_path_lto -Xlinker /tmp/qelvora-w6-runtime-20261001/ios-derived/Build/Intermediates.noindex/QelvoraNative.build/Debug-iphonesimulator/QelvoraUI.build/Objects-normal/x86_64/QelvoraUI_lto.o -Xlinker -no_deduplicate -Xlinker -objc_abi_version -Xlinker 2 -Xlinker -dependency_info -Xlinker /tmp/qelvora-w6-runtime-20261001/ios-derived/Build/Intermediates.noindex/QelvoraNative.build/Debug-iphonesimulator/QelvoraUI.build/Objects-normal/x86_64/QelvoraUI_dependency_info.dat -fobjc-link-runtime -L/Applications/Xcode.app/Contents/Developer/Toolchains/XcodeDefault.xctoolchain/usr/lib/swift/iphonesimulator -L/usr/lib/swift -Xlinker -add_ast_path -Xlinker /tmp/qelvora-w6-runtime-20261001/ios-derived/Build/Intermediates.noindex/QelvoraNative.build/Debug-iphonesimulator/QelvoraUI.build/Objects-normal/x86_64/QelvoraUI.swiftmodule @/tmp/qelvora-w6-runtime-20261001/ios-derived/Build/Intermediates.noindex/QelvoraNative.build/Debug-iphonesimulator/QelvoraUI.build/Objects-normal/x86_64/QelvoraUI-linker-args.resp -o /tmp/qelvora-w6-runtime-20261001/ios-derived/Build/Products/Debug-iphonesimulator/QelvoraUI.o

ProcessProductPackaging "" /tmp/qelvora-w6-runtime-20261001/ios-derived/Build/Intermediates.noindex/QelvoraApp.build/Debug-iphonesimulator/QelvoraApp.build/QelvoraApp.app-Simulated.xcent (in target 'QelvoraApp' from project 'QelvoraApp')
    cd /tmp/qelvora-w6-runtime-20261001/ios-project
    
    Entitlements:
    
    {
    "application-identifier" = "FAKETEAMID.com.pantopus.qelvora";
}
    
    builtin-productPackagingUtility -entitlements -format xml -o /tmp/qelvora-w6-runtime-20261001/ios-derived/Build/Intermediates.noindex/QelvoraApp.build/Debug-iphonesimulator/QelvoraApp.build/QelvoraApp.app-Simulated.xcent

ProcessProductPackagingDER /tmp/qelvora-w6-runtime-20261001/ios-derived/Build/Intermediates.noindex/QelvoraApp.build/Debug-iphonesimulator/QelvoraApp.build/QelvoraApp.app-Simulated.xcent /tmp/qelvora-w6-runtime-20261001/ios-derived/Build/Intermediates.noindex/QelvoraApp.build/Debug-iphonesimulator/QelvoraApp.build/QelvoraApp.app-Simulated.xcent.der (in target 'QelvoraApp' from project 'QelvoraApp')
    cd /tmp/qelvora-w6-runtime-20261001/ios-project
    /usr/bin/derq query -f xml -i /tmp/qelvora-w6-runtime-20261001/ios-derived/Build/Intermediates.noindex/QelvoraApp.build/Debug-iphonesimulator/QelvoraApp.build/QelvoraApp.app-Simulated.xcent -o /tmp/qelvora-w6-runtime-20261001/ios-derived/Build/Intermediates.noindex/QelvoraApp.build/Debug-iphonesimulator/QelvoraApp.build/QelvoraApp.app-Simulated.xcent.der --raw

SwiftDriver QelvoraApp normal x86_64 com.apple.xcode.tools.swift.compiler (in target 'QelvoraApp' from project 'QelvoraApp')
    cd /tmp/qelvora-w6-runtime-20261001/ios-project
    builtin-SwiftDriver -- /Applications/Xcode.app/Contents/Developer/Toolchains/XcodeDefault.xctoolchain/usr/bin/swiftc -module-name QelvoraApp -Onone @/tmp/qelvora-w6-runtime-20261001/ios-derived/Build/Intermediates.noindex/QelvoraApp.build/Debug-iphonesimulator/QelvoraApp.build/Objects-normal/x86_64/QelvoraApp.SwiftFileList -DDEBUG -enable-experimental-feature DebugDescriptionMacro -sdk /Applications/Xcode.app/Contents/Developer/Platforms/iPhoneSimulator.platform/Developer/SDKs/iPhoneSimulator26.5.sdk -target x86_64-apple-ios17.0-simulator -g -module-cache-path /tmp/qelvora-w6-runtime-20261001/ios-derived/ModuleCache.noindex -Xfrontend -serialize-debugging-options -enable-testing -index-store-path /tmp/qelvora-w6-runtime-20261001/ios-derived/Index.noindex/DataStore -Xcc -D_LIBCPP_HARDENING_MODE\=_LIBCPP_HARDENING_MODE_DEBUG -swift-version 6 -I /tmp/qelvora-w6-runtime-20261001/ios-derived/Build/Products/Debug-iphonesimulator -F /tmp/qelvora-w6-runtime-20261001/ios-derived/Build/Products/Debug-iphonesimulator/PackageFrameworks -F /tmp/qelvora-w6-runtime-20261001/ios-derived/Build/Products/Debug-iphonesimulator -parse-as-library -c -j16 -enable-batch-mode -incremental -Xcc -ivfsstatcache -Xcc /tmp/qelvora-w6-runtime-20261001/ios-derived/SDKStatCaches.noindex/iphonesimulator26.5-23F73-6cfe768891a92b912361537c460fe42b.sdkstatcache -output-file-map /tmp/qelvora-w6-runtime-20261001/ios-derived/Build/Intermediates.noindex/QelvoraApp.build/Debug-iphonesimulator/QelvoraApp.build/Objects-normal/x86_64/QelvoraApp-OutputFileMap.json -use-frontend-parseable-output -save-temps -no-color-diagnostics -explicit-module-build -module-cache-path /tmp/qelvora-w6-runtime-20261001/ios-derived/Build/Intermediates.noindex/SwiftExplicitPrecompiledModules -clang-scanner-module-cache-path /tmp/qelvora-w6-runtime-20261001/ios-derived/ModuleCache.noindex -sdk-module-cache-path /tmp/qelvora-w6-runtime-20261001/ios-derived/ModuleCache.noindex -serialize-diagnostics -emit-dependencies -emit-module -emit-module-path /tmp/qelvora-w6-runtime-20261001/ios-derived/Build/Intermediates.noindex/QelvoraApp.build/Debug-iphonesimulator/QelvoraApp.build/Objects-normal/x86_64/QelvoraApp.swiftmodule -validate-clang-modules-once -clang-build-session-file /tmp/qelvora-w6-runtime-20261001/ios-derived/ModuleCache.noindex/Session.modulevalidation -Xcc -I/tmp/qelvora-w6-runtime-20261001/ios-derived/Build/Intermediates.noindex/QelvoraApp.build/Debug-iphonesimulator/QelvoraApp.build/swift-overrides.hmap -emit-const-values -Xfrontend -const-gather-protocols-file -Xfrontend /tmp/qelvora-w6-runtime-20261001/ios-derived/Build/Intermediates.noindex/QelvoraApp.build/Debug-iphonesimulator/QelvoraApp.build/Objects-normal/x86_64/QelvoraApp_const_extract_protocols.json -Xcc -iquote -Xcc /tmp/qelvora-w6-runtime-20261001/ios-derived/Build/Intermediates.noindex/QelvoraApp.build/Debug-iphonesimulator/QelvoraApp.build/QelvoraApp-generated-files.hmap -Xcc -I/tmp/qelvora-w6-runtime-20261001/ios-derived/Build/Intermediates.noindex/QelvoraApp.build/Debug-iphonesimulator/QelvoraApp.build/QelvoraApp-own-target-headers.hmap -Xcc -I/tmp/qelvora-w6-runtime-20261001/ios-derived/Build/Intermediates.noindex/QelvoraApp.build/Debug-iphonesimulator/QelvoraApp.build/QelvoraApp-all-non-framework-target-headers.hmap -Xcc -ivfsoverlay -Xcc /tmp/qelvora-w6-runtime-20261001/ios-derived/Build/Intermediates.noindex/QelvoraApp.build/Debug-iphonesimulator/QelvoraApp-29b244ef777fcfbcbef7f347c6fce175-VFS-iphonesimulator/all-product-headers.yaml -Xcc -iquote -Xcc /tmp/qelvora-w6-runtime-20261001/ios-derived/Build/Intermediates.noindex/QelvoraApp.build/Debug-iphonesimulator/QelvoraApp.build/QelvoraApp-project-headers.hmap -Xcc -I/tmp/qelvora-w6-runtime-20261001/ios-derived/Build/Products/Debug-iphonesimulator/include -Xcc -I/tmp/qelvora-w6-runtime-20261001/ios-derived/Build/Intermediates.noindex/QelvoraApp.build/Debug-iphonesimulator/QelvoraApp.build/DerivedSources-normal/x86_64 -Xcc -I/tmp/qelvora-w6-runtime-20261001/ios-derived/Build/Intermediates.noindex/QelvoraApp.build/Debug-iphonesimulator/QelvoraApp.build/DerivedSources/x86_64 -Xcc -I/tmp/qelvora-w6-runtime-20261001/ios-derived/Build/Intermediates.noindex/QelvoraApp.build/Debug-iphonesimulator/QelvoraApp.build/DerivedSources -Xcc -DDEBUG\=1 -emit-objc-header -emit-objc-header-path /tmp/qelvora-w6-runtime-20261001/ios-derived/Build/Intermediates.noindex/QelvoraApp.build/Debug-iphonesimulator/QelvoraApp.build/Objects-normal/x86_64/QelvoraApp-Swift.h -working-directory /tmp/qelvora-w6-runtime-20261001/ios-project -experimental-emit-module-separately -disable-cmo

ExtractAppIntentsMetadata (in target 'QelvoraUI' from project 'QelvoraNative')
    cd /Users/yingpengwang/.codex/worktrees/970d/creator-platform/apps/ios
    /Applications/Xcode.app/Contents/Developer/Toolchains/XcodeDefault.xctoolchain/usr/bin/appintentsmetadataprocessor --toolchain-dir /Applications/Xcode.app/Contents/Developer/Toolchains/XcodeDefault.xctoolchain --module-name QelvoraUI --sdk-root /Applications/Xcode.app/Contents/Developer/Platforms/iPhoneSimulator.platform/Developer/SDKs/iPhoneSimulator26.5.sdk --xcode-version 17F42 --platform-family iOS --deployment-target 17.0 --bundle-identifier ios.QelvoraUI --output /tmp/qelvora-w6-runtime-20261001/ios-derived/Build/Products/Debug-iphonesimulator/QelvoraUI.appintents --target-triple x86_64-apple-ios17.0-simulator --binary-file /tmp/qelvora-w6-runtime-20261001/ios-derived/Build/Products/Debug-iphonesimulator/QelvoraUI.o --dependency-file /tmp/qelvora-w6-runtime-20261001/ios-derived/Build/Intermediates.noindex/QelvoraNative.build/Debug-iphonesimulator/QelvoraUI.build/Objects-normal/x86_64/QelvoraUI_dependency_info.dat --stringsdata-file /tmp/qelvora-w6-runtime-20261001/ios-derived/Build/Intermediates.noindex/QelvoraNative.build/Debug-iphonesimulator/QelvoraUI.build/Objects-normal/x86_64/ExtractedAppShortcutsMetadata.stringsdata --source-file-list /tmp/qelvora-w6-runtime-20261001/ios-derived/Build/Intermediates.noindex/QelvoraNative.build/Debug-iphonesimulator/QelvoraUI.build/Objects-normal/x86_64/QelvoraUI.SwiftFileList --metadata-file-list /tmp/qelvora-w6-runtime-20261001/ios-derived/Build/Intermediates.noindex/QelvoraNative.build/Debug-iphonesimulator/QelvoraUI.build/QelvoraUI.DependencyMetadataFileList --static-metadata-file-list /tmp/qelvora-w6-runtime-20261001/ios-derived/Build/Intermediates.noindex/QelvoraNative.build/Debug-iphonesimulator/QelvoraUI.build/QelvoraUI.DependencyStaticMetadataFileList --swift-const-vals-list /tmp/qelvora-w6-runtime-20261001/ios-derived/Build/Intermediates.noindex/QelvoraNative.build/Debug-iphonesimulator/QelvoraUI.build/Objects-normal/x86_64/QelvoraUI.SwiftConstValuesFileList --force --compile-time-extraction --deployment-aware-processing --validate-assistant-intents --no-app-shortcuts-localization
2026-09-30 21:24:53.845 appintentsmetadataprocessor[66051:1448490] Starting appintentsmetadataprocessor export
2026-09-30 21:24:53.889 appintentsmetadataprocessor[66051:1448490] Extracted no relevant App Intents symbols, skipping writing output

RegisterExecutionPolicyException /tmp/qelvora-w6-runtime-20261001/ios-derived/Build/Products/Debug-iphonesimulator/QelvoraUI.o (in target 'QelvoraUI' from project 'QelvoraNative')
    cd /Users/yingpengwang/.codex/worktrees/970d/creator-platform/apps/ios
    builtin-RegisterExecutionPolicyException /tmp/qelvora-w6-runtime-20261001/ios-derived/Build/Products/Debug-iphonesimulator/QelvoraUI.o

Copy /tmp/qelvora-w6-runtime-20261001/ios-derived/Build/Products/Debug-iphonesimulator/QelvoraApp.app/QelvoraNative_QelvoraUI.bundle /tmp/qelvora-w6-runtime-20261001/ios-derived/Build/Products/Debug-iphonesimulator/QelvoraNative_QelvoraUI.bundle (in target 'QelvoraApp' from project 'QelvoraApp')
    cd /tmp/qelvora-w6-runtime-20261001/ios-project
    builtin-copy -exclude .DS_Store -exclude CVS -exclude .svn -exclude .git -exclude .hg -resolve-src-symlinks /tmp/qelvora-w6-runtime-20261001/ios-derived/Build/Products/Debug-iphonesimulator/QelvoraNative_QelvoraUI.bundle /tmp/qelvora-w6-runtime-20261001/ios-derived/Build/Products/Debug-iphonesimulator/QelvoraApp.app

ProcessInfoPlistFile /tmp/qelvora-w6-runtime-20261001/ios-derived/Build/Products/Debug-iphonesimulator/QelvoraApp.app/Info.plist /tmp/qelvora-w6-runtime-20261001/ios-project/Info.plist (in target 'QelvoraApp' from project 'QelvoraApp')
    cd /tmp/qelvora-w6-runtime-20261001/ios-project
    builtin-infoPlistUtility /tmp/qelvora-w6-runtime-20261001/ios-project/Info.plist -producttype com.apple.product-type.application -genpkginfo /tmp/qelvora-w6-runtime-20261001/ios-derived/Build/Products/Debug-iphonesimulator/QelvoraApp.app/PkgInfo -expandbuildsettings -format binary -platform iphonesimulator -scanforprivacyfile /tmp/qelvora-w6-runtime-20261001/ios-derived/Build/Products/Debug-iphonesimulator/QelvoraApp.app/QelvoraNative_QelvoraUI.bundle -o /tmp/qelvora-w6-runtime-20261001/ios-derived/Build/Products/Debug-iphonesimulator/QelvoraApp.app/Info.plist

SwiftEmitModule normal x86_64 Emitting\ module\ for\ QelvoraApp (in target 'QelvoraApp' from project 'QelvoraApp')

SwiftCompile normal x86_64 /Users/yingpengwang/.codex/worktrees/970d/creator-platform/apps/ios/App/QelvoraApp.swift (in target 'QelvoraApp' from project 'QelvoraApp')
    cd /tmp/qelvora-w6-runtime-20261001/ios-project
    

SwiftDriver\ Compilation QelvoraApp normal x86_64 com.apple.xcode.tools.swift.compiler (in target 'QelvoraApp' from project 'QelvoraApp')
    cd /tmp/qelvora-w6-runtime-20261001/ios-project
    builtin-Swift-Compilation -- /Applications/Xcode.app/Contents/Developer/Toolchains/XcodeDefault.xctoolchain/usr/bin/swiftc -module-name QelvoraApp -Onone @/tmp/qelvora-w6-runtime-20261001/ios-derived/Build/Intermediates.noindex/QelvoraApp.build/Debug-iphonesimulator/QelvoraApp.build/Objects-normal/x86_64/QelvoraApp.SwiftFileList -DDEBUG -enable-experimental-feature DebugDescriptionMacro -sdk /Applications/Xcode.app/Contents/Developer/Platforms/iPhoneSimulator.platform/Developer/SDKs/iPhoneSimulator26.5.sdk -target x86_64-apple-ios17.0-simulator -g -module-cache-path /tmp/qelvora-w6-runtime-20261001/ios-derived/ModuleCache.noindex -Xfrontend -serialize-debugging-options -enable-testing -index-store-path /tmp/qelvora-w6-runtime-20261001/ios-derived/Index.noindex/DataStore -Xcc -D_LIBCPP_HARDENING_MODE\=_LIBCPP_HARDENING_MODE_DEBUG -swift-version 6 -I /tmp/qelvora-w6-runtime-20261001/ios-derived/Build/Products/Debug-iphonesimulator -F /tmp/qelvora-w6-runtime-20261001/ios-derived/Build/Products/Debug-iphonesimulator/PackageFrameworks -F /tmp/qelvora-w6-runtime-20261001/ios-derived/Build/Products/Debug-iphonesimulator -parse-as-library -c -j16 -enable-batch-mode -incremental -Xcc -ivfsstatcache -Xcc /tmp/qelvora-w6-runtime-20261001/ios-derived/SDKStatCaches.noindex/iphonesimulator26.5-23F73-6cfe768891a92b912361537c460fe42b.sdkstatcache -output-file-map /tmp/qelvora-w6-runtime-20261001/ios-derived/Build/Intermediates.noindex/QelvoraApp.build/Debug-iphonesimulator/QelvoraApp.build/Objects-normal/x86_64/QelvoraApp-OutputFileMap.json -use-frontend-parseable-output -save-temps -no-color-diagnostics -explicit-module-build -module-cache-path /tmp/qelvora-w6-runtime-20261001/ios-derived/Build/Intermediates.noindex/SwiftExplicitPrecompiledModules -clang-scanner-module-cache-path /tmp/qelvora-w6-runtime-20261001/ios-derived/ModuleCache.noindex -sdk-module-cache-path /tmp/qelvora-w6-runtime-20261001/ios-derived/ModuleCache.noindex -serialize-diagnostics -emit-dependencies -emit-module -emit-module-path /tmp/qelvora-w6-runtime-20261001/ios-derived/Build/Intermediates.noindex/QelvoraApp.build/Debug-iphonesimulator/QelvoraApp.build/Objects-normal/x86_64/QelvoraApp.swiftmodule -validate-clang-modules-once -clang-build-session-file /tmp/qelvora-w6-runtime-20261001/ios-derived/ModuleCache.noindex/Session.modulevalidation -Xcc -I/tmp/qelvora-w6-runtime-20261001/ios-derived/Build/Intermediates.noindex/QelvoraApp.build/Debug-iphonesimulator/QelvoraApp.build/swift-overrides.hmap -emit-const-values -Xfrontend -const-gather-protocols-file -Xfrontend /tmp/qelvora-w6-runtime-20261001/ios-derived/Build/Intermediates.noindex/QelvoraApp.build/Debug-iphonesimulator/QelvoraApp.build/Objects-normal/x86_64/QelvoraApp_const_extract_protocols.json -Xcc -iquote -Xcc /tmp/qelvora-w6-runtime-20261001/ios-derived/Build/Intermediates.noindex/QelvoraApp.build/Debug-iphonesimulator/QelvoraApp.build/QelvoraApp-generated-files.hmap -Xcc -I/tmp/qelvora-w6-runtime-20261001/ios-derived/Build/Intermediates.noindex/QelvoraApp.build/Debug-iphonesimulator/QelvoraApp.build/QelvoraApp-own-target-headers.hmap -Xcc -I/tmp/qelvora-w6-runtime-20261001/ios-derived/Build/Intermediates.noindex/QelvoraApp.build/Debug-iphonesimulator/QelvoraApp.build/QelvoraApp-all-non-framework-target-headers.hmap -Xcc -ivfsoverlay -Xcc /tmp/qelvora-w6-runtime-20261001/ios-derived/Build/Intermediates.noindex/QelvoraApp.build/Debug-iphonesimulator/QelvoraApp-29b244ef777fcfbcbef7f347c6fce175-VFS-iphonesimulator/all-product-headers.yaml -Xcc -iquote -Xcc /tmp/qelvora-w6-runtime-20261001/ios-derived/Build/Intermediates.noindex/QelvoraApp.build/Debug-iphonesimulator/QelvoraApp.build/QelvoraApp-project-headers.hmap -Xcc -I/tmp/qelvora-w6-runtime-20261001/ios-derived/Build/Products/Debug-iphonesimulator/include -Xcc -I/tmp/qelvora-w6-runtime-20261001/ios-derived/Build/Intermediates.noindex/QelvoraApp.build/Debug-iphonesimulator/QelvoraApp.build/DerivedSources-normal/x86_64 -Xcc -I/tmp/qelvora-w6-runtime-20261001/ios-derived/Build/Intermediates.noindex/QelvoraApp.build/Debug-iphonesimulator/QelvoraApp.build/DerivedSources/x86_64 -Xcc -I/tmp/qelvora-w6-runtime-20261001/ios-derived/Build/Intermediates.noindex/QelvoraApp.build/Debug-iphonesimulator/QelvoraApp.build/DerivedSources -Xcc -DDEBUG\=1 -emit-objc-header -emit-objc-header-path /tmp/qelvora-w6-runtime-20261001/ios-derived/Build/Intermediates.noindex/QelvoraApp.build/Debug-iphonesimulator/QelvoraApp.build/Objects-normal/x86_64/QelvoraApp-Swift.h -working-directory /tmp/qelvora-w6-runtime-20261001/ios-project -experimental-emit-module-separately -disable-cmo

SwiftDriverJobDiscovery normal x86_64 Emitting module for QelvoraApp (in target 'QelvoraApp' from project 'QelvoraApp')

SwiftDriver\ Compilation\ Requirements QelvoraApp normal x86_64 com.apple.xcode.tools.swift.compiler (in target 'QelvoraApp' from project 'QelvoraApp')
    cd /tmp/qelvora-w6-runtime-20261001/ios-project
    builtin-Swift-Compilation-Requirements -- /Applications/Xcode.app/Contents/Developer/Toolchains/XcodeDefault.xctoolchain/usr/bin/swiftc -module-name QelvoraApp -Onone @/tmp/qelvora-w6-runtime-20261001/ios-derived/Build/Intermediates.noindex/QelvoraApp.build/Debug-iphonesimulator/QelvoraApp.build/Objects-normal/x86_64/QelvoraApp.SwiftFileList -DDEBUG -enable-experimental-feature DebugDescriptionMacro -sdk /Applications/Xcode.app/Contents/Developer/Platforms/iPhoneSimulator.platform/Developer/SDKs/iPhoneSimulator26.5.sdk -target x86_64-apple-ios17.0-simulator -g -module-cache-path /tmp/qelvora-w6-runtime-20261001/ios-derived/ModuleCache.noindex -Xfrontend -serialize-debugging-options -enable-testing -index-store-path /tmp/qelvora-w6-runtime-20261001/ios-derived/Index.noindex/DataStore -Xcc -D_LIBCPP_HARDENING_MODE\=_LIBCPP_HARDENING_MODE_DEBUG -swift-version 6 -I /tmp/qelvora-w6-runtime-20261001/ios-derived/Build/Products/Debug-iphonesimulator -F /tmp/qelvora-w6-runtime-20261001/ios-derived/Build/Products/Debug-iphonesimulator/PackageFrameworks -F /tmp/qelvora-w6-runtime-20261001/ios-derived/Build/Products/Debug-iphonesimulator -parse-as-library -c -j16 -enable-batch-mode -incremental -Xcc -ivfsstatcache -Xcc /tmp/qelvora-w6-runtime-20261001/ios-derived/SDKStatCaches.noindex/iphonesimulator26.5-23F73-6cfe768891a92b912361537c460fe42b.sdkstatcache -output-file-map /tmp/qelvora-w6-runtime-20261001/ios-derived/Build/Intermediates.noindex/QelvoraApp.build/Debug-iphonesimulator/QelvoraApp.build/Objects-normal/x86_64/QelvoraApp-OutputFileMap.json -use-frontend-parseable-output -save-temps -no-color-diagnostics -explicit-module-build -module-cache-path /tmp/qelvora-w6-runtime-20261001/ios-derived/Build/Intermediates.noindex/SwiftExplicitPrecompiledModules -clang-scanner-module-cache-path /tmp/qelvora-w6-runtime-20261001/ios-derived/ModuleCache.noindex -sdk-module-cache-path /tmp/qelvora-w6-runtime-20261001/ios-derived/ModuleCache.noindex -serialize-diagnostics -emit-dependencies -emit-module -emit-module-path /tmp/qelvora-w6-runtime-20261001/ios-derived/Build/Intermediates.noindex/QelvoraApp.build/Debug-iphonesimulator/QelvoraApp.build/Objects-normal/x86_64/QelvoraApp.swiftmodule -validate-clang-modules-once -clang-build-session-file /tmp/qelvora-w6-runtime-20261001/ios-derived/ModuleCache.noindex/Session.modulevalidation -Xcc -I/tmp/qelvora-w6-runtime-20261001/ios-derived/Build/Intermediates.noindex/QelvoraApp.build/Debug-iphonesimulator/QelvoraApp.build/swift-overrides.hmap -emit-const-values -Xfrontend -const-gather-protocols-file -Xfrontend /tmp/qelvora-w6-runtime-20261001/ios-derived/Build/Intermediates.noindex/QelvoraApp.build/Debug-iphonesimulator/QelvoraApp.build/Objects-normal/x86_64/QelvoraApp_const_extract_protocols.json -Xcc -iquote -Xcc /tmp/qelvora-w6-runtime-20261001/ios-derived/Build/Intermediates.noindex/QelvoraApp.build/Debug-iphonesimulator/QelvoraApp.build/QelvoraApp-generated-files.hmap -Xcc -I/tmp/qelvora-w6-runtime-20261001/ios-derived/Build/Intermediates.noindex/QelvoraApp.build/Debug-iphonesimulator/QelvoraApp.build/QelvoraApp-own-target-headers.hmap -Xcc -I/tmp/qelvora-w6-runtime-20261001/ios-derived/Build/Intermediates.noindex/QelvoraApp.build/Debug-iphonesimulator/QelvoraApp.build/QelvoraApp-all-non-framework-target-headers.hmap -Xcc -ivfsoverlay -Xcc /tmp/qelvora-w6-runtime-20261001/ios-derived/Build/Intermediates.noindex/QelvoraApp.build/Debug-iphonesimulator/QelvoraApp-29b244ef777fcfbcbef7f347c6fce175-VFS-iphonesimulator/all-product-headers.yaml -Xcc -iquote -Xcc /tmp/qelvora-w6-runtime-20261001/ios-derived/Build/Intermediates.noindex/QelvoraApp.build/Debug-iphonesimulator/QelvoraApp.build/QelvoraApp-project-headers.hmap -Xcc -I/tmp/qelvora-w6-runtime-20261001/ios-derived/Build/Products/Debug-iphonesimulator/include -Xcc -I/tmp/qelvora-w6-runtime-20261001/ios-derived/Build/Intermediates.noindex/QelvoraApp.build/Debug-iphonesimulator/QelvoraApp.build/DerivedSources-normal/x86_64 -Xcc -I/tmp/qelvora-w6-runtime-20261001/ios-derived/Build/Intermediates.noindex/QelvoraApp.build/Debug-iphonesimulator/QelvoraApp.build/DerivedSources/x86_64 -Xcc -I/tmp/qelvora-w6-runtime-20261001/ios-derived/Build/Intermediates.noindex/QelvoraApp.build/Debug-iphonesimulator/QelvoraApp.build/DerivedSources -Xcc -DDEBUG\=1 -emit-objc-header -emit-objc-header-path /tmp/qelvora-w6-runtime-20261001/ios-derived/Build/Intermediates.noindex/QelvoraApp.build/Debug-iphonesimulator/QelvoraApp.build/Objects-normal/x86_64/QelvoraApp-Swift.h -working-directory /tmp/qelvora-w6-runtime-20261001/ios-project -experimental-emit-module-separately -disable-cmo

Copy /tmp/qelvora-w6-runtime-20261001/ios-derived/Build/Products/Debug-iphonesimulator/QelvoraApp.swiftmodule/x86_64-apple-ios-simulator.swiftdoc /tmp/qelvora-w6-runtime-20261001/ios-derived/Build/Intermediates.noindex/QelvoraApp.build/Debug-iphonesimulator/QelvoraApp.build/Objects-normal/x86_64/QelvoraApp.swiftdoc (in target 'QelvoraApp' from project 'QelvoraApp')
    cd /tmp/qelvora-w6-runtime-20261001/ios-project
    builtin-copy -exclude .DS_Store -exclude CVS -exclude .svn -exclude .git -exclude .hg -resolve-src-symlinks -rename /tmp/qelvora-w6-runtime-20261001/ios-derived/Build/Intermediates.noindex/QelvoraApp.build/Debug-iphonesimulator/QelvoraApp.build/Objects-normal/x86_64/QelvoraApp.swiftdoc /tmp/qelvora-w6-runtime-20261001/ios-derived/Build/Products/Debug-iphonesimulator/QelvoraApp.swiftmodule/x86_64-apple-ios-simulator.swiftdoc

SwiftMergeGeneratedHeaders /tmp/qelvora-w6-runtime-20261001/ios-derived/Build/Intermediates.noindex/QelvoraApp.build/Debug-iphonesimulator/QelvoraApp.build/DerivedSources/QelvoraApp-Swift.h /tmp/qelvora-w6-runtime-20261001/ios-derived/Build/Intermediates.noindex/QelvoraApp.build/Debug-iphonesimulator/QelvoraApp.build/Objects-normal/x86_64/QelvoraApp-Swift.h (in target 'QelvoraApp' from project 'QelvoraApp')
    cd /tmp/qelvora-w6-runtime-20261001/ios-project
    builtin-swiftHeaderTool -arch x86_64 /tmp/qelvora-w6-runtime-20261001/ios-derived/Build/Intermediates.noindex/QelvoraApp.build/Debug-iphonesimulator/QelvoraApp.build/Objects-normal/x86_64/QelvoraApp-Swift.h -o /tmp/qelvora-w6-runtime-20261001/ios-derived/Build/Intermediates.noindex/QelvoraApp.build/Debug-iphonesimulator/QelvoraApp.build/DerivedSources/QelvoraApp-Swift.h

Copy /tmp/qelvora-w6-runtime-20261001/ios-derived/Build/Products/Debug-iphonesimulator/QelvoraApp.swiftmodule/x86_64-apple-ios-simulator.swiftmodule /tmp/qelvora-w6-runtime-20261001/ios-derived/Build/Intermediates.noindex/QelvoraApp.build/Debug-iphonesimulator/QelvoraApp.build/Objects-normal/x86_64/QelvoraApp.swiftmodule (in target 'QelvoraApp' from project 'QelvoraApp')
    cd /tmp/qelvora-w6-runtime-20261001/ios-project
    builtin-copy -exclude .DS_Store -exclude CVS -exclude .svn -exclude .git -exclude .hg -resolve-src-symlinks -rename /tmp/qelvora-w6-runtime-20261001/ios-derived/Build/Intermediates.noindex/QelvoraApp.build/Debug-iphonesimulator/QelvoraApp.build/Objects-normal/x86_64/QelvoraApp.swiftmodule /tmp/qelvora-w6-runtime-20261001/ios-derived/Build/Products/Debug-iphonesimulator/QelvoraApp.swiftmodule/x86_64-apple-ios-simulator.swiftmodule

Copy /tmp/qelvora-w6-runtime-20261001/ios-derived/Build/Products/Debug-iphonesimulator/QelvoraApp.swiftmodule/x86_64-apple-ios-simulator.abi.json /tmp/qelvora-w6-runtime-20261001/ios-derived/Build/Intermediates.noindex/QelvoraApp.build/Debug-iphonesimulator/QelvoraApp.build/Objects-normal/x86_64/QelvoraApp.abi.json (in target 'QelvoraApp' from project 'QelvoraApp')
    cd /tmp/qelvora-w6-runtime-20261001/ios-project
    builtin-copy -exclude .DS_Store -exclude CVS -exclude .svn -exclude .git -exclude .hg -resolve-src-symlinks -rename /tmp/qelvora-w6-runtime-20261001/ios-derived/Build/Intermediates.noindex/QelvoraApp.build/Debug-iphonesimulator/QelvoraApp.build/Objects-normal/x86_64/QelvoraApp.abi.json /tmp/qelvora-w6-runtime-20261001/ios-derived/Build/Products/Debug-iphonesimulator/QelvoraApp.swiftmodule/x86_64-apple-ios-simulator.abi.json

Copy /tmp/qelvora-w6-runtime-20261001/ios-derived/Build/Products/Debug-iphonesimulator/QelvoraApp.swiftmodule/Project/x86_64-apple-ios-simulator.swiftsourceinfo /tmp/qelvora-w6-runtime-20261001/ios-derived/Build/Intermediates.noindex/QelvoraApp.build/Debug-iphonesimulator/QelvoraApp.build/Objects-normal/x86_64/QelvoraApp.swiftsourceinfo (in target 'QelvoraApp' from project 'QelvoraApp')
    cd /tmp/qelvora-w6-runtime-20261001/ios-project
    builtin-copy -exclude .DS_Store -exclude CVS -exclude .svn -exclude .git -exclude .hg -resolve-src-symlinks -rename /tmp/qelvora-w6-runtime-20261001/ios-derived/Build/Intermediates.noindex/QelvoraApp.build/Debug-iphonesimulator/QelvoraApp.build/Objects-normal/x86_64/QelvoraApp.swiftsourceinfo /tmp/qelvora-w6-runtime-20261001/ios-derived/Build/Products/Debug-iphonesimulator/QelvoraApp.swiftmodule/Project/x86_64-apple-ios-simulator.swiftsourceinfo

Ld /tmp/qelvora-w6-runtime-20261001/ios-derived/Build/Products/Debug-iphonesimulator/QelvoraApp.app/QelvoraApp.debug.dylib normal (in target 'QelvoraApp' from project 'QelvoraApp')
    cd /tmp/qelvora-w6-runtime-20261001/ios-project
    /Applications/Xcode.app/Contents/Developer/Toolchains/XcodeDefault.xctoolchain/usr/bin/clang -Xlinker -reproducible -target x86_64-apple-ios17.0-simulator -dynamiclib -isysroot /Applications/Xcode.app/Contents/Developer/Platforms/iPhoneSimulator.platform/Developer/SDKs/iPhoneSimulator26.5.sdk -O0 -L/tmp/qelvora-w6-runtime-20261001/ios-derived/Build/Intermediates.noindex/EagerLinkingTBDs/Debug-iphonesimulator -L/tmp/qelvora-w6-runtime-20261001/ios-derived/Build/Products/Debug-iphonesimulator -F/tmp/qelvora-w6-runtime-20261001/ios-derived/Build/Intermediates.noindex/EagerLinkingTBDs/Debug-iphonesimulator -F/tmp/qelvora-w6-runtime-20261001/ios-derived/Build/Products/Debug-iphonesimulator/PackageFrameworks -F/tmp/qelvora-w6-runtime-20261001/ios-derived/Build/Products/Debug-iphonesimulator -filelist /tmp/qelvora-w6-runtime-20261001/ios-derived/Build/Intermediates.noindex/QelvoraApp.build/Debug-iphonesimulator/QelvoraApp.build/Objects-normal/x86_64/QelvoraApp.LinkFileList -install_name @rpath/QelvoraApp.debug.dylib -Xlinker -rpath -Xlinker /usr/lib/swift -Xlinker -rpath -Xlinker /tmp/qelvora-w6-runtime-20261001/ios-derived/Build/Products/Debug-iphonesimulator/PackageFrameworks -Xlinker -rpath -Xlinker @executable_path/Frameworks -Xlinker -dead_strip -Xlinker -object_path_lto -Xlinker /tmp/qelvora-w6-runtime-20261001/ios-derived/Build/Intermediates.noindex/QelvoraApp.build/Debug-iphonesimulator/QelvoraApp.build/Objects-normal/x86_64/QelvoraApp_lto.o -rdynamic -Xlinker -no_deduplicate -Xlinker -objc_abi_version -Xlinker 2 -Xlinker -dependency_info -Xlinker /tmp/qelvora-w6-runtime-20261001/ios-derived/Build/Intermediates.noindex/QelvoraApp.build/Debug-iphonesimulator/QelvoraApp.build/Objects-normal/x86_64/QelvoraApp_dependency_info.dat -fobjc-link-runtime -L/Applications/Xcode.app/Contents/Developer/Toolchains/XcodeDefault.xctoolchain/usr/lib/swift/iphonesimulator -L/usr/lib/swift -Xlinker -add_ast_path -Xlinker /tmp/qelvora-w6-runtime-20261001/ios-derived/Build/Intermediates.noindex/QelvoraApp.build/Debug-iphonesimulator/QelvoraApp.build/Objects-normal/x86_64/QelvoraApp.swiftmodule @/tmp/qelvora-w6-runtime-20261001/ios-derived/Build/Intermediates.noindex/QelvoraApp.build/Debug-iphonesimulator/QelvoraApp.build/Objects-normal/x86_64/QelvoraApp-linker-args.resp -Wl,-no_warn_duplicate_libraries -Xlinker -alias -Xlinker _main -Xlinker ___debug_main_executable_dylib_entry_point -Xlinker -no_adhoc_codesign -o /tmp/qelvora-w6-runtime-20261001/ios-derived/Build/Products/Debug-iphonesimulator/QelvoraApp.app/QelvoraApp.debug.dylib -Xlinker -add_ast_path -Xlinker /tmp/qelvora-w6-runtime-20261001/ios-derived/Build/Intermediates.noindex/QelvoraNative.build/Debug-iphonesimulator/QelvoraUI.build/Objects-normal/x86_64/QelvoraUI.swiftmodule @/tmp/qelvora-w6-runtime-20261001/ios-derived/Build/Intermediates.noindex/QelvoraNative.build/Debug-iphonesimulator/QelvoraUI.build/Objects-normal/x86_64/QelvoraUI-linker-args.resp

SwiftDriver QelvoraUITests normal x86_64 com.apple.xcode.tools.swift.compiler (in target 'QelvoraUITests' from project 'QelvoraApp')
    cd /tmp/qelvora-w6-runtime-20261001/ios-project
    builtin-SwiftDriver -- /Applications/Xcode.app/Contents/Developer/Toolchains/XcodeDefault.xctoolchain/usr/bin/swiftc -module-name QelvoraUITests -Onone @/tmp/qelvora-w6-runtime-20261001/ios-derived/Build/Intermediates.noindex/QelvoraApp.build/Debug-iphonesimulator/QelvoraUITests.build/Objects-normal/x86_64/QelvoraUITests.SwiftFileList -DDEBUG -module-alias Testing\=_Testing_Unavailable -plugin-path /Applications/Xcode.app/Contents/Developer/Toolchains/XcodeDefault.xctoolchain/usr/lib/swift/host/plugins/testing -enable-experimental-feature DebugDescriptionMacro -sdk /Applications/Xcode.app/Contents/Developer/Platforms/iPhoneSimulator.platform/Developer/SDKs/iPhoneSimulator26.5.sdk -target x86_64-apple-ios17.0-simulator -g -module-cache-path /tmp/qelvora-w6-runtime-20261001/ios-derived/ModuleCache.noindex -Xfrontend -serialize-debugging-options -enable-testing -index-store-path /tmp/qelvora-w6-runtime-20261001/ios-derived/Index.noindex/DataStore -Xcc -D_LIBCPP_HARDENING_MODE\=_LIBCPP_HARDENING_MODE_DEBUG -swift-version 6 -I /tmp/qelvora-w6-runtime-20261001/ios-derived/Build/Products/Debug-iphonesimulator -Isystem /Applications/Xcode.app/Contents/Developer/Platforms/iPhoneSimulator.platform/Developer/usr/lib -F /tmp/qelvora-w6-runtime-20261001/ios-derived/Build/Products/Debug-iphonesimulator -F /Applications/Xcode.app/Contents/Developer/Platforms/iPhoneSimulator.platform/Developer/Library/Frameworks -F /Applications/Xcode.app/Contents/Developer/Platforms/iPhoneSimulator.platform/Developer/SDKs/iPhoneSimulator26.5.sdk/Developer/Library/Frameworks -parse-as-library -c -j16 -enable-batch-mode -incremental -Xcc -ivfsstatcache -Xcc /tmp/qelvora-w6-runtime-20261001/ios-derived/SDKStatCaches.noindex/iphonesimulator26.5-23F73-6cfe768891a92b912361537c460fe42b.sdkstatcache -output-file-map /tmp/qelvora-w6-runtime-20261001/ios-derived/Build/Intermediates.noindex/QelvoraApp.build/Debug-iphonesimulator/QelvoraUITests.build/Objects-normal/x86_64/QelvoraUITests-OutputFileMap.json -use-frontend-parseable-output -save-temps -no-color-diagnostics -explicit-module-build -module-cache-path /tmp/qelvora-w6-runtime-20261001/ios-derived/Build/Intermediates.noindex/SwiftExplicitPrecompiledModules -clang-scanner-module-cache-path /tmp/qelvora-w6-runtime-20261001/ios-derived/ModuleCache.noindex -sdk-module-cache-path /tmp/qelvora-w6-runtime-20261001/ios-derived/ModuleCache.noindex -serialize-diagnostics -emit-dependencies -emit-module -emit-module-path /tmp/qelvora-w6-runtime-20261001/ios-derived/Build/Intermediates.noindex/QelvoraApp.build/Debug-iphonesimulator/QelvoraUITests.build/Objects-normal/x86_64/QelvoraUITests.swiftmodule -validate-clang-modules-once -clang-build-session-file /tmp/qelvora-w6-runtime-20261001/ios-derived/ModuleCache.noindex/Session.modulevalidation -Xcc -I/tmp/qelvora-w6-runtime-20261001/ios-derived/Build/Intermediates.noindex/QelvoraApp.build/Debug-iphonesimulator/QelvoraUITests.build/swift-overrides.hmap -emit-const-values -Xfrontend -const-gather-protocols-file -Xfrontend /tmp/qelvora-w6-runtime-20261001/ios-derived/Build/Intermediates.noindex/QelvoraApp.build/Debug-iphonesimulator/QelvoraUITests.build/Objects-normal/x86_64/QelvoraUITests_const_extract_protocols.json -Xcc -iquote -Xcc /tmp/qelvora-w6-runtime-20261001/ios-derived/Build/Intermediates.noindex/QelvoraApp.build/Debug-iphonesimulator/QelvoraUITests.build/QelvoraUITests-generated-files.hmap -Xcc -I/tmp/qelvora-w6-runtime-20261001/ios-derived/Build/Intermediates.noindex/QelvoraApp.build/Debug-iphonesimulator/QelvoraUITests.build/QelvoraUITests-own-target-headers.hmap -Xcc -I/tmp/qelvora-w6-runtime-20261001/ios-derived/Build/Intermediates.noindex/QelvoraApp.build/Debug-iphonesimulator/QelvoraUITests.build/QelvoraUITests-all-non-framework-target-headers.hmap -Xcc -ivfsoverlay -Xcc /tmp/qelvora-w6-runtime-20261001/ios-derived/Build/Intermediates.noindex/QelvoraApp.build/Debug-iphonesimulator/QelvoraApp-29b244ef777fcfbcbef7f347c6fce175-VFS-iphonesimulator/all-product-headers.yaml -Xcc -iquote -Xcc /tmp/qelvora-w6-runtime-20261001/ios-derived/Build/Intermediates.noindex/QelvoraApp.build/Debug-iphonesimulator/QelvoraUITests.build/QelvoraUITests-project-headers.hmap -Xcc -I/tmp/qelvora-w6-runtime-20261001/ios-derived/Build/Products/Debug-iphonesimulator/include -Xcc -I/tmp/qelvora-w6-runtime-20261001/ios-derived/Build/Intermediates.noindex/QelvoraApp.build/Debug-iphonesimulator/QelvoraUITests.build/DerivedSources-normal/x86_64 -Xcc -I/tmp/qelvora-w6-runtime-20261001/ios-derived/Build/Intermediates.noindex/QelvoraApp.build/Debug-iphonesimulator/QelvoraUITests.build/DerivedSources/x86_64 -Xcc -I/tmp/qelvora-w6-runtime-20261001/ios-derived/Build/Intermediates.noindex/QelvoraApp.build/Debug-iphonesimulator/QelvoraUITests.build/DerivedSources -Xcc -DDEBUG\=1 -emit-objc-header -emit-objc-header-path /tmp/qelvora-w6-runtime-20261001/ios-derived/Build/Intermediates.noindex/QelvoraApp.build/Debug-iphonesimulator/QelvoraUITests.build/Objects-normal/x86_64/QelvoraUITests-Swift.h -working-directory /tmp/qelvora-w6-runtime-20261001/ios-project -experimental-emit-module-separately -disable-cmo

SwiftEmitModule normal x86_64 Emitting\ module\ for\ QelvoraUITests (in target 'QelvoraUITests' from project 'QelvoraApp')

SwiftCompile normal x86_64 /Users/yingpengwang/.codex/worktrees/970d/creator-platform/apps/ios/UITests/FoundationFlowTests.swift (in target 'QelvoraUITests' from project 'QelvoraApp')
    cd /tmp/qelvora-w6-runtime-20261001/ios-project
    

SwiftCompile normal x86_64 Compiling\ FoundationFlowTests.swift /Users/yingpengwang/.codex/worktrees/970d/creator-platform/apps/ios/UITests/FoundationFlowTests.swift (in target 'QelvoraUITests' from project 'QelvoraApp')
SwiftCompile normal x86_64 /Users/yingpengwang/.codex/worktrees/970d/creator-platform/apps/ios/UITests/FoundationFlowTests.swift (in target 'QelvoraUITests' from project 'QelvoraApp')
    cd /tmp/qelvora-w6-runtime-20261001/ios-project
    

SwiftDriverJobDiscovery normal x86_64 Emitting module for QelvoraUITests (in target 'QelvoraUITests' from project 'QelvoraApp')

SwiftDriver\ Compilation\ Requirements QelvoraUITests normal x86_64 com.apple.xcode.tools.swift.compiler (in target 'QelvoraUITests' from project 'QelvoraApp')
    cd /tmp/qelvora-w6-runtime-20261001/ios-project
    builtin-Swift-Compilation-Requirements -- /Applications/Xcode.app/Contents/Developer/Toolchains/XcodeDefault.xctoolchain/usr/bin/swiftc -module-name QelvoraUITests -Onone @/tmp/qelvora-w6-runtime-20261001/ios-derived/Build/Intermediates.noindex/QelvoraApp.build/Debug-iphonesimulator/QelvoraUITests.build/Objects-normal/x86_64/QelvoraUITests.SwiftFileList -DDEBUG -module-alias Testing\=_Testing_Unavailable -plugin-path /Applications/Xcode.app/Contents/Developer/Toolchains/XcodeDefault.xctoolchain/usr/lib/swift/host/plugins/testing -enable-experimental-feature DebugDescriptionMacro -sdk /Applications/Xcode.app/Contents/Developer/Platforms/iPhoneSimulator.platform/Developer/SDKs/iPhoneSimulator26.5.sdk -target x86_64-apple-ios17.0-simulator -g -module-cache-path /tmp/qelvora-w6-runtime-20261001/ios-derived/ModuleCache.noindex -Xfrontend -serialize-debugging-options -enable-testing -index-store-path /tmp/qelvora-w6-runtime-20261001/ios-derived/Index.noindex/DataStore -Xcc -D_LIBCPP_HARDENING_MODE\=_LIBCPP_HARDENING_MODE_DEBUG -swift-version 6 -I /tmp/qelvora-w6-runtime-20261001/ios-derived/Build/Products/Debug-iphonesimulator -Isystem /Applications/Xcode.app/Contents/Developer/Platforms/iPhoneSimulator.platform/Developer/usr/lib -F /tmp/qelvora-w6-runtime-20261001/ios-derived/Build/Products/Debug-iphonesimulator -F /Applications/Xcode.app/Contents/Developer/Platforms/iPhoneSimulator.platform/Developer/Library/Frameworks -F /Applications/Xcode.app/Contents/Developer/Platforms/iPhoneSimulator.platform/Developer/SDKs/iPhoneSimulator26.5.sdk/Developer/Library/Frameworks -parse-as-library -c -j16 -enable-batch-mode -incremental -Xcc -ivfsstatcache -Xcc /tmp/qelvora-w6-runtime-20261001/ios-derived/SDKStatCaches.noindex/iphonesimulator26.5-23F73-6cfe768891a92b912361537c460fe42b.sdkstatcache -output-file-map /tmp/qelvora-w6-runtime-20261001/ios-derived/Build/Intermediates.noindex/QelvoraApp.build/Debug-iphonesimulator/QelvoraUITests.build/Objects-normal/x86_64/QelvoraUITests-OutputFileMap.json -use-frontend-parseable-output -save-temps -no-color-diagnostics -explicit-module-build -module-cache-path /tmp/qelvora-w6-runtime-20261001/ios-derived/Build/Intermediates.noindex/SwiftExplicitPrecompiledModules -clang-scanner-module-cache-path /tmp/qelvora-w6-runtime-20261001/ios-derived/ModuleCache.noindex -sdk-module-cache-path /tmp/qelvora-w6-runtime-20261001/ios-derived/ModuleCache.noindex -serialize-diagnostics -emit-dependencies -emit-module -emit-module-path /tmp/qelvora-w6-runtime-20261001/ios-derived/Build/Intermediates.noindex/QelvoraApp.build/Debug-iphonesimulator/QelvoraUITests.build/Objects-normal/x86_64/QelvoraUITests.swiftmodule -validate-clang-modules-once -clang-build-session-file /tmp/qelvora-w6-runtime-20261001/ios-derived/ModuleCache.noindex/Session.modulevalidation -Xcc -I/tmp/qelvora-w6-runtime-20261001/ios-derived/Build/Intermediates.noindex/QelvoraApp.build/Debug-iphonesimulator/QelvoraUITests.build/swift-overrides.hmap -emit-const-values -Xfrontend -const-gather-protocols-file -Xfrontend /tmp/qelvora-w6-runtime-20261001/ios-derived/Build/Intermediates.noindex/QelvoraApp.build/Debug-iphonesimulator/QelvoraUITests.build/Objects-normal/x86_64/QelvoraUITests_const_extract_protocols.json -Xcc -iquote -Xcc /tmp/qelvora-w6-runtime-20261001/ios-derived/Build/Intermediates.noindex/QelvoraApp.build/Debug-iphonesimulator/QelvoraUITests.build/QelvoraUITests-generated-files.hmap -Xcc -I/tmp/qelvora-w6-runtime-20261001/ios-derived/Build/Intermediates.noindex/QelvoraApp.build/Debug-iphonesimulator/QelvoraUITests.build/QelvoraUITests-own-target-headers.hmap -Xcc -I/tmp/qelvora-w6-runtime-20261001/ios-derived/Build/Intermediates.noindex/QelvoraApp.build/Debug-iphonesimulator/QelvoraUITests.build/QelvoraUITests-all-non-framework-target-headers.hmap -Xcc -ivfsoverlay -Xcc /tmp/qelvora-w6-runtime-20261001/ios-derived/Build/Intermediates.noindex/QelvoraApp.build/Debug-iphonesimulator/QelvoraApp-29b244ef777fcfbcbef7f347c6fce175-VFS-iphonesimulator/all-product-headers.yaml -Xcc -iquote -Xcc /tmp/qelvora-w6-runtime-20261001/ios-derived/Build/Intermediates.noindex/QelvoraApp.build/Debug-iphonesimulator/QelvoraUITests.build/QelvoraUITests-project-headers.hmap -Xcc -I/tmp/qelvora-w6-runtime-20261001/ios-derived/Build/Products/Debug-iphonesimulator/include -Xcc -I/tmp/qelvora-w6-runtime-20261001/ios-derived/Build/Intermediates.noindex/QelvoraApp.build/Debug-iphonesimulator/QelvoraUITests.build/DerivedSources-normal/x86_64 -Xcc -I/tmp/qelvora-w6-runtime-20261001/ios-derived/Build/Intermediates.noindex/QelvoraApp.build/Debug-iphonesimulator/QelvoraUITests.build/DerivedSources/x86_64 -Xcc -I/tmp/qelvora-w6-runtime-20261001/ios-derived/Build/Intermediates.noindex/QelvoraApp.build/Debug-iphonesimulator/QelvoraUITests.build/DerivedSources -Xcc -DDEBUG\=1 -emit-objc-header -emit-objc-header-path /tmp/qelvora-w6-runtime-20261001/ios-derived/Build/Intermediates.noindex/QelvoraApp.build/Debug-iphonesimulator/QelvoraUITests.build/Objects-normal/x86_64/QelvoraUITests-Swift.h -working-directory /tmp/qelvora-w6-runtime-20261001/ios-project -experimental-emit-module-separately -disable-cmo

ConstructStubExecutorLinkFileList /tmp/qelvora-w6-runtime-20261001/ios-derived/Build/Intermediates.noindex/QelvoraApp.build/Debug-iphonesimulator/QelvoraApp.build/QelvoraApp-ExecutorLinkFileList-normal-x86_64.txt (in target 'QelvoraApp' from project 'QelvoraApp')
    cd /tmp/qelvora-w6-runtime-20261001/ios-project
    construct-stub-executor-link-file-list /tmp/qelvora-w6-runtime-20261001/ios-derived/Build/Products/Debug-iphonesimulator/QelvoraApp.app/QelvoraApp.debug.dylib /Applications/Xcode.app/Contents/Developer/Platforms/iPhoneSimulator.platform/Developer/usr/lib/libPreviewsJITStubExecutor_no_swift_entry_point.a /Applications/Xcode.app/Contents/Developer/Platforms/iPhoneSimulator.platform/Developer/usr/lib/libPreviewsJITStubExecutor.a --output /tmp/qelvora-w6-runtime-20261001/ios-derived/Build/Intermediates.noindex/QelvoraApp.build/Debug-iphonesimulator/QelvoraApp.build/QelvoraApp-ExecutorLinkFileList-normal-x86_64.txt
note: Using stub executor library with Swift entry point. (in target 'QelvoraApp' from project 'QelvoraApp')

Copy /tmp/qelvora-w6-runtime-20261001/ios-derived/Build/Products/Debug-iphonesimulator/QelvoraUITests.swiftmodule/Project/x86_64-apple-ios-simulator.swiftsourceinfo /tmp/qelvora-w6-runtime-20261001/ios-derived/Build/Intermediates.noindex/QelvoraApp.build/Debug-iphonesimulator/QelvoraUITests.build/Objects-normal/x86_64/QelvoraUITests.swiftsourceinfo (in target 'QelvoraUITests' from project 'QelvoraApp')
    cd /tmp/qelvora-w6-runtime-20261001/ios-project
    builtin-copy -exclude .DS_Store -exclude CVS -exclude .svn -exclude .git -exclude .hg -resolve-src-symlinks -rename /tmp/qelvora-w6-runtime-20261001/ios-derived/Build/Intermediates.noindex/QelvoraApp.build/Debug-iphonesimulator/QelvoraUITests.build/Objects-normal/x86_64/QelvoraUITests.swiftsourceinfo /tmp/qelvora-w6-runtime-20261001/ios-derived/Build/Products/Debug-iphonesimulator/QelvoraUITests.swiftmodule/Project/x86_64-apple-ios-simulator.swiftsourceinfo

Ld /tmp/qelvora-w6-runtime-20261001/ios-derived/Build/Products/Debug-iphonesimulator/QelvoraApp.app/QelvoraApp normal (in target 'QelvoraApp' from project 'QelvoraApp')
    cd /tmp/qelvora-w6-runtime-20261001/ios-project
    /Applications/Xcode.app/Contents/Developer/Toolchains/XcodeDefault.xctoolchain/usr/bin/clang -Xlinker -reproducible -target x86_64-apple-ios17.0-simulator -isysroot /Applications/Xcode.app/Contents/Developer/Platforms/iPhoneSimulator.platform/Developer/SDKs/iPhoneSimulator26.5.sdk -O0 -L/tmp/qelvora-w6-runtime-20261001/ios-derived/Build/Products/Debug-iphonesimulator -F/tmp/qelvora-w6-runtime-20261001/ios-derived/Build/Products/Debug-iphonesimulator/PackageFrameworks -F/tmp/qelvora-w6-runtime-20261001/ios-derived/Build/Products/Debug-iphonesimulator -Xlinker -rpath -Xlinker @executable_path -Xlinker -rpath -Xlinker /tmp/qelvora-w6-runtime-20261001/ios-derived/Build/Products/Debug-iphonesimulator/PackageFrameworks -Xlinker -rpath -Xlinker @executable_path/Frameworks -rdynamic -Xlinker -no_deduplicate -Xlinker -objc_abi_version -Xlinker 2 -e ___debug_blank_executor_main -Xlinker -sectcreate -Xlinker __TEXT -Xlinker __debug_dylib -Xlinker /tmp/qelvora-w6-runtime-20261001/ios-derived/Build/Intermediates.noindex/QelvoraApp.build/Debug-iphonesimulator/QelvoraApp.build/QelvoraApp-DebugDylibPath-normal-x86_64.txt -Xlinker -sectcreate -Xlinker __TEXT -Xlinker __debug_instlnm -Xlinker /tmp/qelvora-w6-runtime-20261001/ios-derived/Build/Intermediates.noindex/QelvoraApp.build/Debug-iphonesimulator/QelvoraApp.build/QelvoraApp-DebugDylibInstallName-normal-x86_64.txt -Xlinker -filelist -Xlinker /tmp/qelvora-w6-runtime-20261001/ios-derived/Build/Intermediates.noindex/QelvoraApp.build/Debug-iphonesimulator/QelvoraApp.build/QelvoraApp-ExecutorLinkFileList-normal-x86_64.txt -Xlinker -sectcreate -Xlinker __TEXT -Xlinker __entitlements -Xlinker /tmp/qelvora-w6-runtime-20261001/ios-derived/Build/Intermediates.noindex/QelvoraApp.build/Debug-iphonesimulator/QelvoraApp.build/QelvoraApp.app-Simulated.xcent -Xlinker -sectcreate -Xlinker __TEXT -Xlinker __ents_der -Xlinker /tmp/qelvora-w6-runtime-20261001/ios-derived/Build/Intermediates.noindex/QelvoraApp.build/Debug-iphonesimulator/QelvoraApp.build/QelvoraApp.app-Simulated.xcent.der /tmp/qelvora-w6-runtime-20261001/ios-derived/Build/Products/Debug-iphonesimulator/QelvoraApp.app/QelvoraApp.debug.dylib -Xlinker -no_adhoc_codesign -o /tmp/qelvora-w6-runtime-20261001/ios-derived/Build/Products/Debug-iphonesimulator/QelvoraApp.app/QelvoraApp

Copy /tmp/qelvora-w6-runtime-20261001/ios-derived/Build/Products/Debug-iphonesimulator/QelvoraUITests.swiftmodule/x86_64-apple-ios-simulator.abi.json /tmp/qelvora-w6-runtime-20261001/ios-derived/Build/Intermediates.noindex/QelvoraApp.build/Debug-iphonesimulator/QelvoraUITests.build/Objects-normal/x86_64/QelvoraUITests.abi.json (in target 'QelvoraUITests' from project 'QelvoraApp')
    cd /tmp/qelvora-w6-runtime-20261001/ios-project
    builtin-copy -exclude .DS_Store -exclude CVS -exclude .svn -exclude .git -exclude .hg -resolve-src-symlinks -rename /tmp/qelvora-w6-runtime-20261001/ios-derived/Build/Intermediates.noindex/QelvoraApp.build/Debug-iphonesimulator/QelvoraUITests.build/Objects-normal/x86_64/QelvoraUITests.abi.json /tmp/qelvora-w6-runtime-20261001/ios-derived/Build/Products/Debug-iphonesimulator/QelvoraUITests.swiftmodule/x86_64-apple-ios-simulator.abi.json

ExtractAppIntentsMetadata (in target 'QelvoraApp' from project 'QelvoraApp')
    cd /tmp/qelvora-w6-runtime-20261001/ios-project
    /Applications/Xcode.app/Contents/Developer/Toolchains/XcodeDefault.xctoolchain/usr/bin/appintentsmetadataprocessor --toolchain-dir /Applications/Xcode.app/Contents/Developer/Toolchains/XcodeDefault.xctoolchain --module-name QelvoraApp --sdk-root /Applications/Xcode.app/Contents/Developer/Platforms/iPhoneSimulator.platform/Developer/SDKs/iPhoneSimulator26.5.sdk --xcode-version 17F42 --platform-family iOS --deployment-target 17.0 --bundle-identifier com.pantopus.qelvora --output /tmp/qelvora-w6-runtime-20261001/ios-derived/Build/Products/Debug-iphonesimulator/QelvoraApp.app --target-triple x86_64-apple-ios17.0-simulator --binary-file /tmp/qelvora-w6-runtime-20261001/ios-derived/Build/Products/Debug-iphonesimulator/QelvoraApp.app/QelvoraApp --dependency-file /tmp/qelvora-w6-runtime-20261001/ios-derived/Build/Intermediates.noindex/QelvoraApp.build/Debug-iphonesimulator/QelvoraApp.build/Objects-normal/x86_64/QelvoraApp_dependency_info.dat --stringsdata-file /tmp/qelvora-w6-runtime-20261001/ios-derived/Build/Intermediates.noindex/QelvoraApp.build/Debug-iphonesimulator/QelvoraApp.build/Objects-normal/x86_64/ExtractedAppShortcutsMetadata.stringsdata --source-file-list /tmp/qelvora-w6-runtime-20261001/ios-derived/Build/Intermediates.noindex/QelvoraApp.build/Debug-iphonesimulator/QelvoraApp.build/Objects-normal/x86_64/QelvoraApp.SwiftFileList --metadata-file-list /tmp/qelvora-w6-runtime-20261001/ios-derived/Build/Intermediates.noindex/QelvoraApp.build/Debug-iphonesimulator/QelvoraApp.build/QelvoraApp.DependencyMetadataFileList --static-metadata-file-list /tmp/qelvora-w6-runtime-20261001/ios-derived/Build/Intermediates.noindex/QelvoraApp.build/Debug-iphonesimulator/QelvoraApp.build/QelvoraApp.DependencyStaticMetadataFileList --swift-const-vals-list /tmp/qelvora-w6-runtime-20261001/ios-derived/Build/Intermediates.noindex/QelvoraApp.build/Debug-iphonesimulator/QelvoraApp.build/Objects-normal/x86_64/QelvoraApp.SwiftConstValuesFileList --compile-time-extraction --deployment-aware-processing --validate-assistant-intents --no-app-shortcuts-localization
2026-09-30 21:24:57.656 appintentsmetadataprocessor[66089:1448794] Starting appintentsmetadataprocessor export
2026-09-30 21:24:57.661 appintentsmetadataprocessor[66089:1448794] warning: Metadata extraction skipped. No AppIntents.framework dependency found.

CopySwiftLibs /tmp/qelvora-w6-runtime-20261001/ios-derived/Build/Products/Debug-iphonesimulator/QelvoraApp.app (in target 'QelvoraApp' from project 'QelvoraApp')
    cd /tmp/qelvora-w6-runtime-20261001/ios-project
    builtin-swiftStdLibTool --copy --verbose --sign - --scan-executable /tmp/qelvora-w6-runtime-20261001/ios-derived/Build/Products/Debug-iphonesimulator/QelvoraApp.app/QelvoraApp.debug.dylib --scan-folder /tmp/qelvora-w6-runtime-20261001/ios-derived/Build/Products/Debug-iphonesimulator/QelvoraApp.app/Frameworks --scan-folder /tmp/qelvora-w6-runtime-20261001/ios-derived/Build/Products/Debug-iphonesimulator/QelvoraApp.app/PlugIns --scan-folder /tmp/qelvora-w6-runtime-20261001/ios-derived/Build/Products/Debug-iphonesimulator/QelvoraApp.app/SystemExtensions --scan-folder /tmp/qelvora-w6-runtime-20261001/ios-derived/Build/Products/Debug-iphonesimulator/QelvoraApp.app/Extensions --platform iphonesimulator --toolchain /Applications/Xcode.app/Contents/Developer/Toolchains/XcodeDefault.xctoolchain --destination /tmp/qelvora-w6-runtime-20261001/ios-derived/Build/Products/Debug-iphonesimulator/QelvoraApp.app/Frameworks --strip-bitcode --strip-bitcode-tool /Applications/Xcode.app/Contents/Developer/Toolchains/XcodeDefault.xctoolchain/usr/bin/bitcode_strip --emit-dependency-info /tmp/qelvora-w6-runtime-20261001/ios-derived/Build/Intermediates.noindex/QelvoraApp.build/Debug-iphonesimulator/QelvoraApp.build/SwiftStdLibToolInputDependencies.dep --filter-for-swift-os

CodeSign /tmp/qelvora-w6-runtime-20261001/ios-derived/Build/Products/Debug-iphonesimulator/QelvoraApp.app/QelvoraApp.debug.dylib (in target 'QelvoraApp' from project 'QelvoraApp')
    cd /tmp/qelvora-w6-runtime-20261001/ios-project
    
    Signing Identity:     "Sign to Run Locally"
    
    /usr/bin/codesign --force --sign - --timestamp\=none --generate-entitlement-der /tmp/qelvora-w6-runtime-20261001/ios-derived/Build/Products/Debug-iphonesimulator/QelvoraApp.app/QelvoraApp.debug.dylib

CodeSign /tmp/qelvora-w6-runtime-20261001/ios-derived/Build/Products/Debug-iphonesimulator/QelvoraApp.app/__preview.dylib (in target 'QelvoraApp' from project 'QelvoraApp')
    cd /tmp/qelvora-w6-runtime-20261001/ios-project
    
    Signing Identity:     "Sign to Run Locally"
    
    /usr/bin/codesign --force --sign - --timestamp\=none --generate-entitlement-der /tmp/qelvora-w6-runtime-20261001/ios-derived/Build/Products/Debug-iphonesimulator/QelvoraApp.app/__preview.dylib
/tmp/qelvora-w6-runtime-20261001/ios-derived/Build/Products/Debug-iphonesimulator/QelvoraApp.app/__preview.dylib: replacing existing signature

CodeSign /tmp/qelvora-w6-runtime-20261001/ios-derived/Build/Products/Debug-iphonesimulator/QelvoraApp.app (in target 'QelvoraApp' from project 'QelvoraApp')
    cd /tmp/qelvora-w6-runtime-20261001/ios-project
    
    Signing Identity:     "Sign to Run Locally"
    
    /usr/bin/codesign --force --sign - --timestamp\=none --generate-entitlement-der /tmp/qelvora-w6-runtime-20261001/ios-derived/Build/Products/Debug-iphonesimulator/QelvoraApp.app

Validate /tmp/qelvora-w6-runtime-20261001/ios-derived/Build/Products/Debug-iphonesimulator/QelvoraApp.app (in target 'QelvoraApp' from project 'QelvoraApp')
    cd /tmp/qelvora-w6-runtime-20261001/ios-project
    builtin-validationUtility /tmp/qelvora-w6-runtime-20261001/ios-derived/Build/Products/Debug-iphonesimulator/QelvoraApp.app -shallow-bundle -infoplist-subpath Info.plist

ProcessInfoPlistFile /tmp/qelvora-w6-runtime-20261001/ios-derived/Build/Products/Debug-iphonesimulator/QelvoraUITests-Runner.app/PlugIns/QelvoraUITests.xctest/Info.plist /tmp/qelvora-w6-runtime-20261001/ios-derived/Build/Intermediates.noindex/QelvoraApp.build/Debug-iphonesimulator/QelvoraUITests.build/empty-QelvoraUITests.plist (in target 'QelvoraUITests' from project 'QelvoraApp')
    cd /tmp/qelvora-w6-runtime-20261001/ios-project
    builtin-infoPlistUtility /tmp/qelvora-w6-runtime-20261001/ios-derived/Build/Intermediates.noindex/QelvoraApp.build/Debug-iphonesimulator/QelvoraUITests.build/empty-QelvoraUITests.plist -producttype com.apple.product-type.bundle.ui-testing -expandbuildsettings -format binary -platform iphonesimulator -additionalcontentfile /tmp/qelvora-w6-runtime-20261001/ios-derived/Build/Intermediates.noindex/QelvoraApp.build/Debug-iphonesimulator/QelvoraUITests.build/ProductTypeInfoPlistAdditions.plist -o /tmp/qelvora-w6-runtime-20261001/ios-derived/Build/Products/Debug-iphonesimulator/QelvoraUITests-Runner.app/PlugIns/QelvoraUITests.xctest/Info.plist

SwiftDriverJobDiscovery normal x86_64 Compiling FoundationFlowTests.swift (in target 'QelvoraUITests' from project 'QelvoraApp')

SwiftDriver\ Compilation QelvoraUITests normal x86_64 com.apple.xcode.tools.swift.compiler (in target 'QelvoraUITests' from project 'QelvoraApp')
    cd /tmp/qelvora-w6-runtime-20261001/ios-project
    builtin-Swift-Compilation -- /Applications/Xcode.app/Contents/Developer/Toolchains/XcodeDefault.xctoolchain/usr/bin/swiftc -module-name QelvoraUITests -Onone @/tmp/qelvora-w6-runtime-20261001/ios-derived/Build/Intermediates.noindex/QelvoraApp.build/Debug-iphonesimulator/QelvoraUITests.build/Objects-normal/x86_64/QelvoraUITests.SwiftFileList -DDEBUG -module-alias Testing\=_Testing_Unavailable -plugin-path /Applications/Xcode.app/Contents/Developer/Toolchains/XcodeDefault.xctoolchain/usr/lib/swift/host/plugins/testing -enable-experimental-feature DebugDescriptionMacro -sdk /Applications/Xcode.app/Contents/Developer/Platforms/iPhoneSimulator.platform/Developer/SDKs/iPhoneSimulator26.5.sdk -target x86_64-apple-ios17.0-simulator -g -module-cache-path /tmp/qelvora-w6-runtime-20261001/ios-derived/ModuleCache.noindex -Xfrontend -serialize-debugging-options -enable-testing -index-store-path /tmp/qelvora-w6-runtime-20261001/ios-derived/Index.noindex/DataStore -Xcc -D_LIBCPP_HARDENING_MODE\=_LIBCPP_HARDENING_MODE_DEBUG -swift-version 6 -I /tmp/qelvora-w6-runtime-20261001/ios-derived/Build/Products/Debug-iphonesimulator -Isystem /Applications/Xcode.app/Contents/Developer/Platforms/iPhoneSimulator.platform/Developer/usr/lib -F /tmp/qelvora-w6-runtime-20261001/ios-derived/Build/Products/Debug-iphonesimulator -F /Applications/Xcode.app/Contents/Developer/Platforms/iPhoneSimulator.platform/Developer/Library/Frameworks -F /Applications/Xcode.app/Contents/Developer/Platforms/iPhoneSimulator.platform/Developer/SDKs/iPhoneSimulator26.5.sdk/Developer/Library/Frameworks -parse-as-library -c -j16 -enable-batch-mode -incremental -Xcc -ivfsstatcache -Xcc /tmp/qelvora-w6-runtime-20261001/ios-derived/SDKStatCaches.noindex/iphonesimulator26.5-23F73-6cfe768891a92b912361537c460fe42b.sdkstatcache -output-file-map /tmp/qelvora-w6-runtime-20261001/ios-derived/Build/Intermediates.noindex/QelvoraApp.build/Debug-iphonesimulator/QelvoraUITests.build/Objects-normal/x86_64/QelvoraUITests-OutputFileMap.json -use-frontend-parseable-output -save-temps -no-color-diagnostics -explicit-module-build -module-cache-path /tmp/qelvora-w6-runtime-20261001/ios-derived/Build/Intermediates.noindex/SwiftExplicitPrecompiledModules -clang-scanner-module-cache-path /tmp/qelvora-w6-runtime-20261001/ios-derived/ModuleCache.noindex -sdk-module-cache-path /tmp/qelvora-w6-runtime-20261001/ios-derived/ModuleCache.noindex -serialize-diagnostics -emit-dependencies -emit-module -emit-module-path /tmp/qelvora-w6-runtime-20261001/ios-derived/Build/Intermediates.noindex/QelvoraApp.build/Debug-iphonesimulator/QelvoraUITests.build/Objects-normal/x86_64/QelvoraUITests.swiftmodule -validate-clang-modules-once -clang-build-session-file /tmp/qelvora-w6-runtime-20261001/ios-derived/ModuleCache.noindex/Session.modulevalidation -Xcc -I/tmp/qelvora-w6-runtime-20261001/ios-derived/Build/Intermediates.noindex/QelvoraApp.build/Debug-iphonesimulator/QelvoraUITests.build/swift-overrides.hmap -emit-const-values -Xfrontend -const-gather-protocols-file -Xfrontend /tmp/qelvora-w6-runtime-20261001/ios-derived/Build/Intermediates.noindex/QelvoraApp.build/Debug-iphonesimulator/QelvoraUITests.build/Objects-normal/x86_64/QelvoraUITests_const_extract_protocols.json -Xcc -iquote -Xcc /tmp/qelvora-w6-runtime-20261001/ios-derived/Build/Intermediates.noindex/QelvoraApp.build/Debug-iphonesimulator/QelvoraUITests.build/QelvoraUITests-generated-files.hmap -Xcc -I/tmp/qelvora-w6-runtime-20261001/ios-derived/Build/Intermediates.noindex/QelvoraApp.build/Debug-iphonesimulator/QelvoraUITests.build/QelvoraUITests-own-target-headers.hmap -Xcc -I/tmp/qelvora-w6-runtime-20261001/ios-derived/Build/Intermediates.noindex/QelvoraApp.build/Debug-iphonesimulator/QelvoraUITests.build/QelvoraUITests-all-non-framework-target-headers.hmap -Xcc -ivfsoverlay -Xcc /tmp/qelvora-w6-runtime-20261001/ios-derived/Build/Intermediates.noindex/QelvoraApp.build/Debug-iphonesimulator/QelvoraApp-29b244ef777fcfbcbef7f347c6fce175-VFS-iphonesimulator/all-product-headers.yaml -Xcc -iquote -Xcc /tmp/qelvora-w6-runtime-20261001/ios-derived/Build/Intermediates.noindex/QelvoraApp.build/Debug-iphonesimulator/QelvoraUITests.build/QelvoraUITests-project-headers.hmap -Xcc -I/tmp/qelvora-w6-runtime-20261001/ios-derived/Build/Products/Debug-iphonesimulator/include -Xcc -I/tmp/qelvora-w6-runtime-20261001/ios-derived/Build/Intermediates.noindex/QelvoraApp.build/Debug-iphonesimulator/QelvoraUITests.build/DerivedSources-normal/x86_64 -Xcc -I/tmp/qelvora-w6-runtime-20261001/ios-derived/Build/Intermediates.noindex/QelvoraApp.build/Debug-iphonesimulator/QelvoraUITests.build/DerivedSources/x86_64 -Xcc -I/tmp/qelvora-w6-runtime-20261001/ios-derived/Build/Intermediates.noindex/QelvoraApp.build/Debug-iphonesimulator/QelvoraUITests.build/DerivedSources -Xcc -DDEBUG\=1 -emit-objc-header -emit-objc-header-path /tmp/qelvora-w6-runtime-20261001/ios-derived/Build/Intermediates.noindex/QelvoraApp.build/Debug-iphonesimulator/QelvoraUITests.build/Objects-normal/x86_64/QelvoraUITests-Swift.h -working-directory /tmp/qelvora-w6-runtime-20261001/ios-project -experimental-emit-module-separately -disable-cmo

Ld /tmp/qelvora-w6-runtime-20261001/ios-derived/Build/Products/Debug-iphonesimulator/QelvoraUITests-Runner.app/PlugIns/QelvoraUITests.xctest/QelvoraUITests normal (in target 'QelvoraUITests' from project 'QelvoraApp')
    cd /tmp/qelvora-w6-runtime-20261001/ios-project
    /Applications/Xcode.app/Contents/Developer/Toolchains/XcodeDefault.xctoolchain/usr/bin/clang -Xlinker -reproducible -target x86_64-apple-ios17.0-simulator -bundle -isysroot /Applications/Xcode.app/Contents/Developer/Platforms/iPhoneSimulator.platform/Developer/SDKs/iPhoneSimulator26.5.sdk -O0 -L/tmp/qelvora-w6-runtime-20261001/ios-derived/Build/Intermediates.noindex/EagerLinkingTBDs/Debug-iphonesimulator -L/tmp/qelvora-w6-runtime-20261001/ios-derived/Build/Products/Debug-iphonesimulator -L/Applications/Xcode.app/Contents/Developer/Platforms/iPhoneSimulator.platform/Developer/usr/lib -F/tmp/qelvora-w6-runtime-20261001/ios-derived/Build/Intermediates.noindex/EagerLinkingTBDs/Debug-iphonesimulator -F/tmp/qelvora-w6-runtime-20261001/ios-derived/Build/Products/Debug-iphonesimulator -iframework /Applications/Xcode.app/Contents/Developer/Platforms/iPhoneSimulator.platform/Developer/Library/Frameworks -iframework /Applications/Xcode.app/Contents/Developer/Platforms/iPhoneSimulator.platform/Developer/SDKs/iPhoneSimulator26.5.sdk/Developer/Library/Frameworks -filelist /tmp/qelvora-w6-runtime-20261001/ios-derived/Build/Intermediates.noindex/QelvoraApp.build/Debug-iphonesimulator/QelvoraUITests.build/Objects-normal/x86_64/QelvoraUITests.LinkFileList -Xlinker -rpath -Xlinker /usr/lib/swift -Xlinker -rpath -Xlinker @loader_path/Frameworks -Xlinker -rpath -Xlinker @executable_path/Frameworks -Xlinker -dead_strip -Xlinker -object_path_lto -Xlinker /tmp/qelvora-w6-runtime-20261001/ios-derived/Build/Intermediates.noindex/QelvoraApp.build/Debug-iphonesimulator/QelvoraUITests.build/Objects-normal/x86_64/QelvoraUITests_lto.o -rdynamic -Xlinker -no_deduplicate -Xlinker -objc_abi_version -Xlinker 2 -Xlinker -dependency_info -Xlinker /tmp/qelvora-w6-runtime-20261001/ios-derived/Build/Intermediates.noindex/QelvoraApp.build/Debug-iphonesimulator/QelvoraUITests.build/Objects-normal/x86_64/QelvoraUITests_dependency_info.dat -fobjc-link-runtime -L/Applications/Xcode.app/Contents/Developer/Toolchains/XcodeDefault.xctoolchain/usr/lib/swift/iphonesimulator -L/usr/lib/swift -Xlinker -add_ast_path -Xlinker /tmp/qelvora-w6-runtime-20261001/ios-derived/Build/Intermediates.noindex/QelvoraApp.build/Debug-iphonesimulator/QelvoraUITests.build/Objects-normal/x86_64/QelvoraUITests.swiftmodule @/tmp/qelvora-w6-runtime-20261001/ios-derived/Build/Intermediates.noindex/QelvoraApp.build/Debug-iphonesimulator/QelvoraUITests.build/Objects-normal/x86_64/QelvoraUITests-linker-args.resp -Xlinker -needed_framework -Xlinker XCTest -framework XCTest -Xlinker -needed-lXCTestSwiftSupport -lXCTestSwiftSupport -Xlinker -sectcreate -Xlinker __TEXT -Xlinker __entitlements -Xlinker /tmp/qelvora-w6-runtime-20261001/ios-derived/Build/Intermediates.noindex/QelvoraApp.build/Debug-iphonesimulator/QelvoraUITests.build/QelvoraUITests.xctest-Simulated.xcent -Xlinker -sectcreate -Xlinker __TEXT -Xlinker __ents_der -Xlinker /tmp/qelvora-w6-runtime-20261001/ios-derived/Build/Intermediates.noindex/QelvoraApp.build/Debug-iphonesimulator/QelvoraUITests.build/QelvoraUITests.xctest-Simulated.xcent.der -Xlinker -no_adhoc_codesign -o /tmp/qelvora-w6-runtime-20261001/ios-derived/Build/Products/Debug-iphonesimulator/QelvoraUITests-Runner.app/PlugIns/QelvoraUITests.xctest/QelvoraUITests

CopySwiftLibs /tmp/qelvora-w6-runtime-20261001/ios-derived/Build/Products/Debug-iphonesimulator/QelvoraUITests-Runner.app/PlugIns/QelvoraUITests.xctest (in target 'QelvoraUITests' from project 'QelvoraApp')
    cd /tmp/qelvora-w6-runtime-20261001/ios-project
    builtin-swiftStdLibTool --copy --verbose --sign - --scan-executable /tmp/qelvora-w6-runtime-20261001/ios-derived/Build/Products/Debug-iphonesimulator/QelvoraUITests-Runner.app/PlugIns/QelvoraUITests.xctest/QelvoraUITests --scan-folder /tmp/qelvora-w6-runtime-20261001/ios-derived/Build/Products/Debug-iphonesimulator/QelvoraUITests-Runner.app/PlugIns/QelvoraUITests.xctest/Frameworks --scan-folder /tmp/qelvora-w6-runtime-20261001/ios-derived/Build/Products/Debug-iphonesimulator/QelvoraUITests-Runner.app/PlugIns/QelvoraUITests.xctest/PlugIns --scan-folder /tmp/qelvora-w6-runtime-20261001/ios-derived/Build/Products/Debug-iphonesimulator/QelvoraUITests-Runner.app/PlugIns/QelvoraUITests.xctest/SystemExtensions --scan-folder /tmp/qelvora-w6-runtime-20261001/ios-derived/Build/Products/Debug-iphonesimulator/QelvoraUITests-Runner.app/PlugIns/QelvoraUITests.xctest/Extensions --platform iphonesimulator --toolchain /Applications/Xcode.app/Contents/Developer/Toolchains/XcodeDefault.xctoolchain --destination /tmp/qelvora-w6-runtime-20261001/ios-derived/Build/Products/Debug-iphonesimulator/QelvoraUITests-Runner.app/PlugIns/QelvoraUITests.xctest/Frameworks --strip-bitcode --scan-executable /Applications/Xcode.app/Contents/Developer/Platforms/iPhoneSimulator.platform/Developer/usr/lib/libXCTestSwiftSupport.dylib --strip-bitcode-tool /Applications/Xcode.app/Contents/Developer/Toolchains/XcodeDefault.xctoolchain/usr/bin/bitcode_strip --emit-dependency-info /tmp/qelvora-w6-runtime-20261001/ios-derived/Build/Intermediates.noindex/QelvoraApp.build/Debug-iphonesimulator/QelvoraUITests.build/SwiftStdLibToolInputDependencies.dep --filter-for-swift-os

ExtractAppIntentsMetadata (in target 'QelvoraUITests' from project 'QelvoraApp')
    cd /tmp/qelvora-w6-runtime-20261001/ios-project
    /Applications/Xcode.app/Contents/Developer/Toolchains/XcodeDefault.xctoolchain/usr/bin/appintentsmetadataprocessor --toolchain-dir /Applications/Xcode.app/Contents/Developer/Toolchains/XcodeDefault.xctoolchain --module-name QelvoraUITests --sdk-root /Applications/Xcode.app/Contents/Developer/Platforms/iPhoneSimulator.platform/Developer/SDKs/iPhoneSimulator26.5.sdk --xcode-version 17F42 --platform-family iOS --deployment-target 17.0 --bundle-identifier com.pantopus.qelvora.uitests --output /tmp/qelvora-w6-runtime-20261001/ios-derived/Build/Products/Debug-iphonesimulator/QelvoraUITests-Runner.app/PlugIns/QelvoraUITests.xctest --target-triple x86_64-apple-ios17.0-simulator --binary-file /tmp/qelvora-w6-runtime-20261001/ios-derived/Build/Products/Debug-iphonesimulator/QelvoraUITests-Runner.app/PlugIns/QelvoraUITests.xctest/QelvoraUITests --dependency-file /tmp/qelvora-w6-runtime-20261001/ios-derived/Build/Intermediates.noindex/QelvoraApp.build/Debug-iphonesimulator/QelvoraUITests.build/Objects-normal/x86_64/QelvoraUITests_dependency_info.dat --stringsdata-file /tmp/qelvora-w6-runtime-20261001/ios-derived/Build/Intermediates.noindex/QelvoraApp.build/Debug-iphonesimulator/QelvoraUITests.build/Objects-normal/x86_64/ExtractedAppShortcutsMetadata.stringsdata --source-file-list /tmp/qelvora-w6-runtime-20261001/ios-derived/Build/Intermediates.noindex/QelvoraApp.build/Debug-iphonesimulator/QelvoraUITests.build/Objects-normal/x86_64/QelvoraUITests.SwiftFileList --metadata-file-list /tmp/qelvora-w6-runtime-20261001/ios-derived/Build/Intermediates.noindex/QelvoraApp.build/Debug-iphonesimulator/QelvoraUITests.build/QelvoraUITests.DependencyMetadataFileList --static-metadata-file-list /tmp/qelvora-w6-runtime-20261001/ios-derived/Build/Intermediates.noindex/QelvoraApp.build/Debug-iphonesimulator/QelvoraUITests.build/QelvoraUITests.DependencyStaticMetadataFileList --swift-const-vals-list /tmp/qelvora-w6-runtime-20261001/ios-derived/Build/Intermediates.noindex/QelvoraApp.build/Debug-iphonesimulator/QelvoraUITests.build/Objects-normal/x86_64/QelvoraUITests.SwiftConstValuesFileList --compile-time-extraction --deployment-aware-processing --validate-assistant-intents --no-app-shortcuts-localization
2026-09-30 21:24:59.952 appintentsmetadataprocessor[66102:1449098] Starting appintentsmetadataprocessor export
2026-09-30 21:24:59.960 appintentsmetadataprocessor[66102:1449098] warning: Metadata extraction skipped. No AppIntents.framework dependency found.

CodeSign /tmp/qelvora-w6-runtime-20261001/ios-derived/Build/Products/Debug-iphonesimulator/QelvoraUITests-Runner.app/PlugIns/QelvoraUITests.xctest (in target 'QelvoraUITests' from project 'QelvoraApp')
    cd /tmp/qelvora-w6-runtime-20261001/ios-project
    
    Signing Identity:     "Sign to Run Locally"
    
    /usr/bin/codesign --force --sign - --timestamp\=none --generate-entitlement-der /tmp/qelvora-w6-runtime-20261001/ios-derived/Build/Products/Debug-iphonesimulator/QelvoraUITests-Runner.app/PlugIns/QelvoraUITests.xctest

CodeSign /tmp/qelvora-w6-runtime-20261001/ios-derived/Build/Products/Debug-iphonesimulator/QelvoraUITests-Runner.app (in target 'QelvoraUITests' from project 'QelvoraApp')
    cd /tmp/qelvora-w6-runtime-20261001/ios-project
    
    Signing Identity:     "Sign to Run Locally"
    
    /usr/bin/codesign --force --sign - --timestamp\=none --generate-entitlement-der /tmp/qelvora-w6-runtime-20261001/ios-derived/Build/Products/Debug-iphonesimulator/QelvoraUITests-Runner.app
/tmp/qelvora-w6-runtime-20261001/ios-derived/Build/Products/Debug-iphonesimulator/QelvoraUITests-Runner.app: replacing existing signature

2026-09-30 21:27:09.058597-0700 QelvoraUITests-Runner[67046:1459701] [Default] Running tests...
    t =      nans Interface orientation changed to Portrait
Test Suite 'Selected tests' started at 2026-09-30 21:27:29.377.
Test Suite 'QelvoraUITests.xctest' started at 2026-09-30 21:27:29.378.
Test Suite 'FoundationFlowTests' started at 2026-09-30 21:27:29.382.
Test Case '-[QelvoraUITests.FoundationFlowTests testCreatorAndAIRemainLabeledInNativeCatalog]' started.
    t =     0.00s Start Test at 2026-09-30 21:27:29.386
    t =     0.65s Set Up
    t =     0.66s Open com.pantopus.qelvora
    t =     0.66s     Launch com.pantopus.qelvora
2026-09-30 21:27:30.262 xcodebuild[65298:1440124] [MT] IDELaunchParametersSnapshot: The operation couldn’t be completed. (DebuggerLLDB.DebuggerVersionStore.StoreError error 0.)
2026-09-30 21:27:30.263 xcodebuild[65298:1440124] [MT] IDELaunchParametersSnapshot: no debugger version
    t =     3.14s         Setting up automation session
    t =     8.46s         Wait for com.pantopus.qelvora to idle
    t =    11.06s Waiting 10.0s for "Message" StaticText to exist
    t =    12.08s     Checking `Expect predicate `existsNoRetry == 1` for object "Message" StaticText`
    t =    12.08s         Checking existence of `"Message" StaticText`
    t =    12.26s Checking existence of `"Maya's AI" StaticText`
    t =    12.37s Checking existence of `"Maya" StaticText`
    t =    12.47s Checking existence of `Button (First Match)`
    t =    12.53s Find the Target Application 'com.pantopus.qelvora'
    t =    12.90s Added attachment named 'Native-Message-identities'
    t =    12.91s Tear Down
Test Case '-[QelvoraUITests.FoundationFlowTests testCreatorAndAIRemainLabeledInNativeCatalog]' passed (14.271 seconds).
Test Case '-[QelvoraUITests.FoundationFlowTests testWelcomeSignInFailsClosedInBothThemes]' started.
    t =     0.00s Start Test at 2026-09-30 21:27:43.658
    t =     0.11s Set Up
    t =     0.12s Open com.pantopus.qelvora
    t =     0.12s     Launch com.pantopus.qelvora
    t =     0.12s         Terminate com.pantopus.qelvora:67201
2026-09-30 21:27:44.802 xcodebuild[65298:1440124] [MT] IDELaunchParametersSnapshot: The operation couldn’t be completed. (DebuggerLLDB.DebuggerVersionStore.StoreError error 0.)
2026-09-30 21:27:44.802 xcodebuild[65298:1440124] [MT] IDELaunchParametersSnapshot: no debugger version
    t =     1.76s         Setting up automation session
    t =     6.61s         Wait for com.pantopus.qelvora to idle
    t =     8.88s Waiting 10.0s for "continue-with-pantopus" Button to exist
    t =     9.90s     Checking `Expect predicate `existsNoRetry == 1` for object "continue-with-pantopus" Button`
    t =     9.90s         Checking existence of `"continue-with-pantopus" Button`
    t =     9.97s Find the "continue-with-pantopus" Button
    t =    10.04s Find the "continue-with-pantopus" Button
    t =    10.11s Find the Target Application 'com.pantopus.qelvora'
    t =    10.40s Added attachment named 'Welcome-Light'
    t =    10.41s Tap "continue-with-pantopus" Button
    t =    10.41s     Wait for com.pantopus.qelvora to idle
    t =    10.42s     Find the "continue-with-pantopus" Button
    t =    10.46s     Check for interrupting elements affecting "continue-with-pantopus" Button
    t =    10.58s     Synthesize event
    t =    11.05s     Wait for com.pantopus.qelvora to idle
    t =    11.06s Waiting 5.0s for "Account status, Pantopus sign-in is not connected in this local build." StaticText to exist
    t =    12.10s     Checking `Expect predicate `existsNoRetry == 1` for object "Account status, Pantopus sign-in is not connected in this local build." StaticText`
    t =    12.10s         Checking existence of `"Account status, Pantopus sign-in is not connected in this local build." StaticText`
    t =    12.18s Find the "continue-with-pantopus" Button
    t =    12.23s Checking existence of `"handle" TextField`
    t =    12.26s Find the Target Application 'com.pantopus.qelvora'
    t =    12.63s Added attachment named 'SignIn-unconfigured-Light'
    t =    12.64s Terminate com.pantopus.qelvora:67271
    t =    13.65s Open com.pantopus.qelvora
    t =    13.65s     Launch com.pantopus.qelvora
2026-09-30 21:27:57.314 xcodebuild[65298:1440124] [MT] IDELaunchParametersSnapshot: The operation couldn’t be completed. (DebuggerLLDB.DebuggerVersionStore.StoreError error 0.)
2026-09-30 21:27:57.315 xcodebuild[65298:1440124] [MT] IDELaunchParametersSnapshot: no debugger version
    t =    14.08s         Setting up automation session
    t =    19.66s         Wait for com.pantopus.qelvora to idle
    t =    22.97s Waiting 10.0s for "continue-with-pantopus" Button to exist
    t =    23.99s     Checking `Expect predicate `existsNoRetry == 1` for object "continue-with-pantopus" Button`
    t =    24.00s         Checking existence of `"continue-with-pantopus" Button`
    t =    24.10s Find the "continue-with-pantopus" Button
    t =    24.18s Find the "continue-with-pantopus" Button
    t =    24.25s Find the Target Application 'com.pantopus.qelvora'
    t =    24.70s Added attachment named 'Welcome-Dark'
    t =    24.71s Tap "continue-with-pantopus" Button
    t =    24.71s     Wait for com.pantopus.qelvora to idle
    t =    24.72s     Find the "continue-with-pantopus" Button
    t =    24.77s     Check for interrupting elements affecting "continue-with-pantopus" Button
    t =    24.83s     Synthesize event
    t =    25.30s     Wait for com.pantopus.qelvora to idle
    t =    25.31s Waiting 5.0s for "Account status, Pantopus sign-in is not connected in this local build." StaticText to exist
    t =    26.33s     Checking `Expect predicate `existsNoRetry == 1` for object "Account status, Pantopus sign-in is not connected in this local build." StaticText`
    t =    26.33s         Checking existence of `"Account status, Pantopus sign-in is not connected in this local build." StaticText`
    t =    26.37s Find the "continue-with-pantopus" Button
    t =    26.41s Checking existence of `"handle" TextField`
    t =    26.44s Find the Target Application 'com.pantopus.qelvora'
    t =    26.79s Added attachment named 'SignIn-unconfigured-Dark'
    t =    26.80s Terminate com.pantopus.qelvora:67348
    t =    27.88s Tear Down
Test Case '-[QelvoraUITests.FoundationFlowTests testWelcomeSignInFailsClosedInBothThemes]' passed (37.952 seconds).
Test Suite 'FoundationFlowTests' passed at 2026-09-30 21:28:21.610.
	 Executed 2 tests, with 0 failures (0 unexpected) in 52.223 (52.228) seconds
Test Suite 'QelvoraUITests.xctest' passed at 2026-09-30 21:28:21.612.
	 Executed 2 tests, with 0 failures (0 unexpected) in 52.223 (52.234) seconds
Test Suite 'Selected tests' passed at 2026-09-30 21:28:21.614.
	 Executed 2 tests, with 0 failures (0 unexpected) in 52.223 (52.237) seconds
2026-09-30 21:28:21.955 xcodebuild[65298:1440124] [MT] IDETestOperationsObserverDebug: 201.620 elapsed -- Testing started completed.
2026-09-30 21:28:21.955 xcodebuild[65298:1440124] [MT] IDETestOperationsObserverDebug: 0.000 sec, +0.000 sec -- start
2026-09-30 21:28:21.955 xcodebuild[65298:1440124] [MT] IDETestOperationsObserverDebug: 201.620 sec, +201.620 sec -- end

Test session results, code coverage, and logs:
	/tmp/qelvora-w6-runtime-20261001/MergeIntegratedFoundationFlow.xcresult

** TEST SUCCEEDED **

Testing started
