2026-09-30T23:33:55.1942100Z Current runner version: '2.337.0'
2026-09-30T23:33:55.2027980Z ##[group]Runner Image Provisioner
2026-09-30T23:33:55.2030960Z Hosted Compute Agent
2026-09-30T23:33:55.2038070Z Version: 20260819.586
2026-09-30T23:33:55.2042500Z Commit: 3cc4a88dfa507ef76119ad1bb3eccc6378bb2b76
2026-09-30T23:33:55.2046810Z Build Date: 2026-08-18T23:20:18Z
2026-09-30T23:33:55.2050050Z Worker ID: {6db39c1c-65a4-4d94-b6c9-8e6b1f4c7abe}
2026-09-30T23:33:55.2052220Z Azure Region: westus
2026-09-30T23:33:55.2053710Z ##[endgroup]
2026-09-30T23:33:55.2059030Z ##[group]Operating System
2026-09-30T23:33:55.2061290Z macOS
2026-09-30T23:33:55.2063830Z 26.6.1
2026-09-30T23:33:55.2066300Z 25G76
2026-09-30T23:33:55.2069320Z ##[endgroup]
2026-09-30T23:33:55.2071890Z ##[group]Runner Image
2026-09-30T23:33:55.2074660Z Image: macos-26
2026-09-30T23:33:55.2077420Z Version: 20260824.0517.1
2026-09-30T23:33:55.2084380Z Included Software: https://github.com/actions/runner-images/blob/macos-26/20260824.0517/images/macos/macos-26-Readme.md
2026-09-30T23:33:55.2091290Z Image Release: https://github.com/actions/runner-images/releases/tag/macos-26%2F20260824.0517
2026-09-30T23:33:55.2095390Z ##[endgroup]
2026-09-30T23:33:55.2100620Z ##[group]GITHUB_TOKEN Permissions
2026-09-30T23:33:55.2109620Z Contents: read
2026-09-30T23:33:55.2113100Z Metadata: read
2026-09-30T23:33:55.2121310Z Packages: read
2026-09-30T23:33:55.2124800Z ##[endgroup]
2026-09-30T23:33:55.2135240Z Secret source: Actions
2026-09-30T23:33:55.2139870Z Cache mode: write
2026-09-30T23:33:55.2145120Z Prepare workflow directory
2026-09-30T23:33:55.3904880Z Prepare all required actions
2026-09-30T23:33:55.4063680Z Getting action download info
2026-09-30T23:33:55.9575040Z Download action repository 'actions/checkout@v4' (SHA:11d5960a326750d5838078e36cf38b85af677262)
2026-09-30T23:33:56.4272950Z Download action repository 'actions/upload-artifact@v4' (SHA:ea165f8d65b6e75b540449e92b4886f43607fa02)
2026-09-30T23:33:57.4663200Z Complete job name: ios-foundation
2026-09-30T23:33:57.8629260Z ##[group]Run actions/checkout@v4
2026-09-30T23:33:57.8634680Z with:
2026-09-30T23:33:57.8643790Z   repository: WangPantopus/creator-platform
2026-09-30T23:33:57.8675380Z   token: ***
2026-09-30T23:33:57.8682900Z   ssh-strict: true
2026-09-30T23:33:57.8730180Z   ssh-user: git
2026-09-30T23:33:57.8733470Z   persist-credentials: true
2026-09-30T23:33:57.8743280Z   clean: true
2026-09-30T23:33:57.8746200Z   sparse-checkout-cone-mode: true
2026-09-30T23:33:57.8749390Z   fetch-depth: 1
2026-09-30T23:33:57.8752230Z   fetch-tags: false
2026-09-30T23:33:57.8755360Z   show-progress: true
2026-09-30T23:33:57.8760400Z   lfs: false
2026-09-30T23:33:57.8762960Z   submodules: false
2026-09-30T23:33:57.8765890Z   set-safe-directory: true
2026-09-30T23:33:57.8768970Z   allow-unsafe-pr-checkout: false
2026-09-30T23:33:57.8780680Z env:
2026-09-30T23:33:57.8784700Z   DEVELOPER_DIR: /Applications/Xcode_26.5.app/Contents/Developer
2026-09-30T23:33:57.8791490Z   SNAPSHOT_ARTIFACTS: /Users/runner/work/creator-platform/creator-platform/artifacts/ios/snapshot-diffs
2026-09-30T23:33:57.8797290Z ##[endgroup]
2026-09-30T23:33:59.3588950Z Syncing repository: WangPantopus/creator-platform
2026-09-30T23:33:59.3599500Z ##[group]Getting Git version info
2026-09-30T23:33:59.3606110Z Working directory is '/Users/runner/work/creator-platform/creator-platform'
2026-09-30T23:33:59.3616910Z [command]/usr/local/bin/git version
2026-09-30T23:33:59.3826030Z git version 2.55.0
2026-09-30T23:33:59.4059010Z ##[endgroup]
2026-09-30T23:33:59.4185670Z Copying '/Users/runner/.gitconfig' to '/Users/runner/work/_temp/edd11708-3a4b-4762-abb2-4896c3e24b20/.gitconfig'
2026-09-30T23:33:59.4262510Z Temporarily overriding HOME='/Users/runner/work/_temp/edd11708-3a4b-4762-abb2-4896c3e24b20' before making global git config changes
2026-09-30T23:33:59.4378290Z Adding repository directory to the temporary git global config as a safe directory
2026-09-30T23:33:59.4547720Z [command]/usr/local/bin/git config --global --add safe.directory /Users/runner/work/creator-platform/creator-platform
2026-09-30T23:33:59.4668090Z Deleting the contents of '/Users/runner/work/creator-platform/creator-platform'
2026-09-30T23:33:59.4705970Z ##[group]Initializing the repository
2026-09-30T23:33:59.4739790Z [command]/usr/local/bin/git init /Users/runner/work/creator-platform/creator-platform
2026-09-30T23:33:59.5518720Z hint: Using 'master' as the name for the initial branch. This default branch name
2026-09-30T23:33:59.5561080Z hint: will change to "main" in Git 3.0. To configure the initial branch name
2026-09-30T23:33:59.5616350Z hint: to use in all of your new repositories, which will suppress this warning,
2026-09-30T23:33:59.5669640Z hint: call:
2026-09-30T23:33:59.5707560Z hint:
2026-09-30T23:33:59.5742360Z hint: 	git config --global init.defaultBranch <name>
2026-09-30T23:33:59.5775160Z hint:
2026-09-30T23:33:59.5810430Z hint: Names commonly chosen instead of 'master' are 'main', 'trunk' and
2026-09-30T23:33:59.5877390Z hint: 'development'. The just-created branch can be renamed via this command:
2026-09-30T23:33:59.5921120Z hint:
2026-09-30T23:33:59.5924540Z hint: 	git branch -m <name>
2026-09-30T23:33:59.5968310Z hint:
2026-09-30T23:33:59.6002190Z hint: Disable this message with "git config set advice.defaultBranchName false"
2026-09-30T23:33:59.6044900Z Initialized empty Git repository in /Users/runner/work/creator-platform/creator-platform/.git/
2026-09-30T23:33:59.6180120Z [command]/usr/local/bin/git remote add origin https://github.com/WangPantopus/creator-platform
2026-09-30T23:33:59.6339480Z ##[endgroup]
2026-09-30T23:33:59.6344830Z ##[group]Disabling automatic garbage collection
2026-09-30T23:33:59.6380270Z [command]/usr/local/bin/git config --local gc.auto 0
2026-09-30T23:33:59.6469400Z ##[endgroup]
2026-09-30T23:33:59.6504030Z ##[group]Setting up auth
2026-09-30T23:33:59.6537890Z [command]/usr/local/bin/git config --local --name-only --get-regexp core\.sshCommand
2026-09-30T23:33:59.6656720Z [command]/usr/local/bin/git submodule foreach --recursive sh -c "git config --local --name-only --get-regexp 'core\.sshCommand' && git config --local --unset-all 'core.sshCommand' || :"
2026-09-30T23:34:00.0398650Z [command]/usr/local/bin/git config --local --name-only --get-regexp http\.https\:\/\/github\.com\/\.extraheader
2026-09-30T23:34:00.0784660Z [command]/usr/local/bin/git submodule foreach --recursive sh -c "git config --local --name-only --get-regexp 'http\.https\:\/\/github\.com\/\.extraheader' && git config --local --unset-all 'http.https://github.com/.extraheader' || :"
2026-09-30T23:34:00.4109280Z [command]/usr/local/bin/git config --local --name-only --get-regexp ^includeIf\.gitdir:
2026-09-30T23:34:00.4284560Z [command]/usr/local/bin/git submodule foreach --recursive git config --local --show-origin --name-only --get-regexp remote.origin.url
2026-09-30T23:34:00.7471270Z [command]/usr/local/bin/git config --local http.https://github.com/.extraheader AUTHORIZATION: basic ***
2026-09-30T23:34:00.7689240Z ##[endgroup]
2026-09-30T23:34:00.7755310Z ##[group]Fetching the repository
2026-09-30T23:34:00.7882230Z [command]/usr/local/bin/git -c protocol.version=2 fetch --no-tags --prune --no-recurse-submodules --depth=1 origin +bb745fe669794fc352d1255d7410aba58d9fb016:refs/remotes/pull/2/merge
2026-09-30T23:34:03.2137180Z From https://github.com/WangPantopus/creator-platform
2026-09-30T23:34:03.2208940Z  * [new ref]         bb745fe669794fc352d1255d7410aba58d9fb016 -> pull/2/merge
2026-09-30T23:34:03.2340890Z ##[endgroup]
2026-09-30T23:34:03.2372820Z ##[group]Determining the checkout info
2026-09-30T23:34:03.2417500Z ##[endgroup]
2026-09-30T23:34:03.2449390Z [command]/usr/local/bin/git sparse-checkout disable
2026-09-30T23:34:03.2537310Z [command]/usr/local/bin/git config --local --unset-all extensions.worktreeConfig
2026-09-30T23:34:03.2789570Z ##[group]Checking out the ref
2026-09-30T23:34:03.2836510Z [command]/usr/local/bin/git checkout --progress --force refs/remotes/pull/2/merge
2026-09-30T23:34:04.6181960Z Updating files:  65% (863/1325)
2026-09-30T23:34:04.6300000Z Updating files:  66% (875/1325)
2026-09-30T23:34:04.6415680Z Updating files:  67% (888/1325)
2026-09-30T23:34:04.6463380Z Updating files:  68% (901/1325)
2026-09-30T23:34:04.6774280Z Updating files:  69% (915/1325)
2026-09-30T23:34:04.7783550Z Updating files:  70% (928/1325)
2026-09-30T23:34:04.8091800Z Updating files:  71% (941/1325)
2026-09-30T23:34:04.8194210Z Updating files:  72% (954/1325)
2026-09-30T23:34:04.8242230Z Updating files:  73% (968/1325)
2026-09-30T23:34:04.8259100Z Updating files:  74% (981/1325)
2026-09-30T23:34:04.8296390Z Updating files:  75% (994/1325)
2026-09-30T23:34:04.8338010Z Updating files:  76% (1007/1325)
2026-09-30T23:34:04.8368510Z Updating files:  77% (1021/1325)
2026-09-30T23:34:04.8427770Z Updating files:  78% (1034/1325)
2026-09-30T23:34:04.8552140Z Updating files:  79% (1047/1325)
2026-09-30T23:34:04.8688990Z Updating files:  80% (1060/1325)
2026-09-30T23:34:04.8797640Z Updating files:  81% (1074/1325)
2026-09-30T23:34:04.8877070Z Updating files:  82% (1087/1325)
2026-09-30T23:34:04.8934120Z Updating files:  83% (1100/1325)
2026-09-30T23:34:04.8983140Z Updating files:  84% (1113/1325)
2026-09-30T23:34:04.9034840Z Updating files:  85% (1127/1325)
2026-09-30T23:34:04.9083990Z Updating files:  86% (1140/1325)
2026-09-30T23:34:04.9153820Z Updating files:  87% (1153/1325)
2026-09-30T23:34:04.9344780Z Updating files:  88% (1166/1325)
2026-09-30T23:34:04.9369510Z Updating files:  89% (1180/1325)
2026-09-30T23:34:04.9502530Z Updating files:  90% (1193/1325)
2026-09-30T23:34:04.9509740Z Updating files:  91% (1206/1325)
2026-09-30T23:34:04.9571560Z Updating files:  92% (1219/1325)
2026-09-30T23:34:04.9670450Z Updating files:  93% (1233/1325)
2026-09-30T23:34:04.9791020Z Updating files:  94% (1246/1325)
2026-09-30T23:34:05.0133070Z Updating files:  95% (1259/1325)
2026-09-30T23:34:05.0443960Z Updating files:  96% (1272/1325)
2026-09-30T23:34:05.1309230Z Updating files:  97% (1286/1325)
2026-09-30T23:34:05.2216400Z Updating files:  98% (1299/1325)
2026-09-30T23:34:05.2268500Z Updating files:  99% (1312/1325)
2026-09-30T23:34:05.2343660Z Updating files: 100% (1325/1325)
2026-09-30T23:34:05.2428490Z Updating files: 100% (1325/1325), done.
2026-09-30T23:34:05.2503410Z HEAD is now at bb745fe Merge 64330399332c74ef6c87117a0daac78d4a587beb into 2e337a1afdf6d8bba3974427588e0b34b6d42d36
2026-09-30T23:34:05.2707520Z ##[endgroup]
2026-09-30T23:34:05.2939750Z [command]/usr/local/bin/git log -1 --format=%H
2026-09-30T23:34:05.3165470Z bb745fe669794fc352d1255d7410aba58d9fb016
2026-09-30T23:34:05.5467180Z ##[group]Run sw_vers
2026-09-30T23:34:05.5468630Z [36;1msw_vers[0m
2026-09-30T23:34:05.5469740Z [36;1mxcodebuild -version[0m
2026-09-30T23:34:05.5471050Z [36;1mswift --version[0m
2026-09-30T23:34:05.5694730Z shell: /bin/bash -e {0}
2026-09-30T23:34:05.5695490Z env:
2026-09-30T23:34:05.5696400Z   DEVELOPER_DIR: /Applications/Xcode_26.5.app/Contents/Developer
2026-09-30T23:34:05.5698510Z   SNAPSHOT_ARTIFACTS: /Users/runner/work/creator-platform/creator-platform/artifacts/ios/snapshot-diffs
2026-09-30T23:34:05.5700400Z ##[endgroup]
2026-09-30T23:34:05.6703610Z ProductName:		macOS
2026-09-30T23:34:05.6712710Z ProductVersion:		26.6.1
2026-09-30T23:34:05.6714140Z BuildVersion:		25G76
2026-09-30T23:34:18.7863250Z Xcode 26.5
2026-09-30T23:34:18.8090130Z Build version 17F42
2026-09-30T23:34:39.6437260Z Apple Swift version 6.3.2 (swiftlang-6.3.2.1.108 clang-2100.1.1.101)
2026-09-30T23:34:39.6472140Z Target: x86_64-apple-macosx26.0
2026-09-30T23:34:39.6701370Z swift-driver version: 1.148.6 
2026-09-30T23:34:39.6936510Z ##[group]Run brew install xcodegen
2026-09-30T23:34:39.6937930Z [36;1mbrew install xcodegen[0m
2026-09-30T23:34:39.7125360Z shell: /bin/bash -e {0}
2026-09-30T23:34:39.7126330Z env:
2026-09-30T23:34:39.7127710Z   DEVELOPER_DIR: /Applications/Xcode_26.5.app/Contents/Developer
2026-09-30T23:34:39.7130800Z   SNAPSHOT_ARTIFACTS: /Users/runner/work/creator-platform/creator-platform/artifacts/ios/snapshot-diffs
2026-09-30T23:34:39.7132970Z ##[endgroup]
2026-09-30T23:34:52.3983030Z [32m==>[0m [1mDownloading bottle manifests[0m
2026-09-30T23:34:52.4720670Z ✔︎ Bottle Manifest xcodegen (2.46.0)
2026-09-30T23:34:52.4722140Z [34m==>[0m [1mWould install 1 formula:[0m
2026-09-30T23:34:52.4769350Z xcodegen
2026-09-30T23:34:52.4810100Z [32m==>[0m [1mFetching downloads for: [32mxcodegen[39m[0m
2026-09-30T23:34:53.0599310Z ✔︎ Bottle xcodegen (2.46.0)
2026-09-30T23:34:53.1864850Z [34m==>[0m [1mPouring xcodegen--2.46.0.sonoma.bottle.1.tar.gz[0m
2026-09-30T23:34:53.7654860Z 🍺  /usr/local/Cellar/xcodegen/2.46.0: 38 files, 7.8MB
2026-09-30T23:34:53.8083030Z ##[group]Run xcodegen generate --spec apps/ios/project.yml
2026-09-30T23:34:53.8084470Z [36;1mxcodegen generate --spec apps/ios/project.yml[0m
2026-09-30T23:34:53.8218280Z shell: /bin/bash -e {0}
2026-09-30T23:34:53.8219300Z env:
2026-09-30T23:34:53.8222870Z   DEVELOPER_DIR: /Applications/Xcode_26.5.app/Contents/Developer
2026-09-30T23:34:53.8225420Z   SNAPSHOT_ARTIFACTS: /Users/runner/work/creator-platform/creator-platform/artifacts/ios/snapshot-diffs
2026-09-30T23:34:53.8227210Z ##[endgroup]
2026-09-30T23:34:53.9053290Z ⚙️  Generating plists...
2026-09-30T23:34:53.9109720Z ⚙️  Generating project...
2026-09-30T23:34:53.9312920Z ⚙️  Writing project...
2026-09-30T23:34:53.9529070Z Created project at /Users/runner/work/creator-platform/creator-platform/apps/ios/QelvoraApp.xcodeproj
2026-09-30T23:34:53.9666740Z ##[group]Run xcrun simctl list devices available --json | python3 -c '
2026-09-30T23:34:53.9668900Z [36;1mxcrun simctl list devices available --json | python3 -c '[0m
2026-09-30T23:34:53.9670310Z [36;1mimport json, os, sys[0m
2026-09-30T23:34:53.9671350Z [36;1mdevices = json.load(sys.stdin)["devices"][0m
2026-09-30T23:34:53.9673140Z [36;1mphone = next(d for runtime, entries in devices.items() if ".iOS-" in runtime for d in entries if d["name"].startswith("iPhone"))[0m
2026-09-30T23:34:53.9675410Z [36;1mwith open(os.environ["GITHUB_OUTPUT"], "a") as output: output.write("id=" + phone["udid"] + "\n")[0m
2026-09-30T23:34:53.9676780Z [36;1m'[0m
2026-09-30T23:34:53.9787700Z shell: /bin/bash -e {0}
2026-09-30T23:34:53.9788600Z env:
2026-09-30T23:34:53.9789440Z   DEVELOPER_DIR: /Applications/Xcode_26.5.app/Contents/Developer
2026-09-30T23:34:53.9791230Z   SNAPSHOT_ARTIFACTS: /Users/runner/work/creator-platform/creator-platform/artifacts/ios/snapshot-diffs
2026-09-30T23:34:53.9793340Z ##[endgroup]
2026-09-30T23:36:27.6899950Z ##[group]Run xcodebuild test -project apps/ios/QelvoraApp.xcodeproj -scheme QelvoraApp -destination 'platform=iOS Simulator,id=A6574FEC-AE06-46C2-92CC-F2BBAB2A5601' -resultBundlePath artifacts/ios/FoundationFlow.xcresult CODE_SIGNING_ALLOWED=YES CODE_SIGN_IDENTITY=-
2026-09-30T23:36:27.6905500Z [36;1mxcodebuild test -project apps/ios/QelvoraApp.xcodeproj -scheme QelvoraApp -destination 'platform=iOS Simulator,id=A6574FEC-AE06-46C2-92CC-F2BBAB2A5601' -resultBundlePath artifacts/ios/FoundationFlow.xcresult CODE_SIGNING_ALLOWED=YES CODE_SIGN_IDENTITY=-[0m
2026-09-30T23:36:27.7153520Z shell: /bin/bash -e {0}
2026-09-30T23:36:27.7154190Z env:
2026-09-30T23:36:27.7155150Z   DEVELOPER_DIR: /Applications/Xcode_26.5.app/Contents/Developer
2026-09-30T23:36:27.7157140Z   SNAPSHOT_ARTIFACTS: /Users/runner/work/creator-platform/creator-platform/artifacts/ios/snapshot-diffs
2026-09-30T23:36:27.7158590Z ##[endgroup]
2026-09-30T23:36:31.6196940Z Command line invocation:
2026-09-30T23:36:31.6442810Z     /Applications/Xcode_26.5.app/Contents/Developer/usr/bin/xcodebuild test -project apps/ios/QelvoraApp.xcodeproj -scheme QelvoraApp -destination "platform=iOS Simulator,id=A6574FEC-AE06-46C2-92CC-F2BBAB2A5601" -resultBundlePath artifacts/ios/FoundationFlow.xcresult CODE_SIGNING_ALLOWED=YES CODE_SIGN_IDENTITY=-
2026-09-30T23:36:31.6735360Z 
2026-09-30T23:36:31.6879610Z Build settings from command line:
2026-09-30T23:36:31.6882330Z     CODE_SIGN_IDENTITY = -
2026-09-30T23:36:31.6887590Z     CODE_SIGNING_ALLOWED = YES
2026-09-30T23:36:31.6892840Z 
2026-09-30T23:36:54.6302710Z Resolve Package Graph
2026-09-30T23:37:20.7912160Z 
2026-09-30T23:37:20.8922040Z Fetching from https://github.com/pointfreeco/swift-custom-dump
2026-09-30T23:37:36.7670500Z 
2026-09-30T23:37:36.8342820Z Fetching from https://github.com/pointfreeco/swift-snapshot-testing.git
2026-09-30T23:37:36.8407600Z 
2026-09-30T23:37:36.8882420Z Fetching from https://github.com/swiftlang/swift-syntax
2026-09-30T23:37:36.8888110Z 
2026-09-30T23:37:36.8913460Z Fetching from https://github.com/pointfreeco/swift-issue-reporting
2026-09-30T23:37:38.6674260Z 
2026-09-30T23:37:58.0257500Z Fetching from https://github.com/pointfreeco/xctest-dynamic-overlay
2026-09-30T23:37:59.0116670Z 
2026-09-30T23:38:01.5660390Z Creating working copy of package ‘swift-snapshot-testing’
2026-09-30T23:38:01.7091310Z 
2026-09-30T23:38:01.7128840Z Checking out 1.19.6 of package ‘swift-snapshot-testing’
2026-09-30T23:38:02.3283570Z 
2026-09-30T23:38:02.4361290Z Creating working copy of package ‘swift-syntax’
2026-09-30T23:38:02.7700840Z 
2026-09-30T23:38:02.7756250Z Checking out 604.0.0 of package ‘swift-syntax’
2026-09-30T23:38:04.7627840Z 
2026-09-30T23:38:04.8632780Z Creating working copy of package ‘swift-custom-dump’
2026-09-30T23:38:05.0205220Z 
2026-09-30T23:38:05.0268690Z Checking out 1.7.3 of package ‘swift-custom-dump’
2026-09-30T23:38:05.2233900Z 
2026-09-30T23:38:05.3530980Z Creating working copy of package ‘xctest-dynamic-overlay’
2026-09-30T23:38:05.5101560Z 
2026-09-30T23:38:05.5172600Z Checking out 1.13.1 of package ‘xctest-dynamic-overlay’
2026-09-30T23:38:05.6444870Z 
2026-09-30T23:38:19.8130510Z 
2026-09-30T23:38:19.8265720Z Resolved source packages:
2026-09-30T23:38:19.8340300Z   xctest-dynamic-overlay: https://github.com/pointfreeco/xctest-dynamic-overlay @ 1.13.1
2026-09-30T23:38:19.8353950Z   swift-custom-dump: https://github.com/pointfreeco/swift-custom-dump @ 1.7.3
2026-09-30T23:38:19.8377530Z   swift-syntax: https://github.com/swiftlang/swift-syntax @ 604.0.0
2026-09-30T23:38:19.8386440Z   QelvoraNative: /Users/runner/work/creator-platform/creator-platform/apps/ios
2026-09-30T23:38:19.8514200Z   swift-snapshot-testing: https://github.com/pointfreeco/swift-snapshot-testing.git @ 1.19.6
2026-09-30T23:38:19.8530420Z 
2026-09-30T23:38:19.8532650Z Writing result bundle at path:
2026-09-30T23:38:19.8536410Z 	/Users/runner/work/creator-platform/creator-platform/artifacts/ios/FoundationFlow.xcresult
2026-09-30T23:38:19.8539730Z 
2026-09-30T23:38:22.5124050Z note: Using codesigning identity override: -
2026-09-30T23:38:27.1772320Z ComputePackagePrebuildTargetDependencyGraph
2026-09-30T23:38:30.5593730Z 
2026-09-30T23:38:30.5970500Z Prepare packages
2026-09-30T23:38:30.5973730Z 
2026-09-30T23:38:30.5975740Z CreateBuildRequest
2026-09-30T23:38:30.5979840Z 
2026-09-30T23:38:30.5981550Z SendProjectDescription
2026-09-30T23:38:30.6958040Z 
2026-09-30T23:38:30.6959320Z CreateBuildOperation
2026-09-30T23:38:30.7115960Z 
2026-09-30T23:38:30.7168710Z ComputeTargetDependencyGraph
2026-09-30T23:38:31.0206930Z note: Building targets in dependency order
2026-09-30T23:38:31.0209940Z note: Target dependency graph (5 targets)
2026-09-30T23:38:31.0212570Z     Target 'QelvoraUITests' in project 'QelvoraApp'
2026-09-30T23:38:31.0216030Z         ➜ Explicit dependency on target 'QelvoraApp' in project 'QelvoraApp'
2026-09-30T23:38:31.0222500Z     Target 'QelvoraApp' in project 'QelvoraApp'
2026-09-30T23:38:31.0226050Z         ➜ Explicit dependency on target 'QelvoraUI' in project 'QelvoraNative'
2026-09-30T23:38:31.0229030Z     Target 'QelvoraUI' in project 'QelvoraNative'
2026-09-30T23:38:31.0231490Z         ➜ Explicit dependency on target 'QelvoraUI' in project 'QelvoraNative'
2026-09-30T23:38:31.0235570Z         ➜ Explicit dependency on target 'QelvoraNative_QelvoraUI' in project 'QelvoraNative'
2026-09-30T23:38:31.0238230Z     Target 'QelvoraUI' in project 'QelvoraNative'
2026-09-30T23:38:31.0241520Z         ➜ Explicit dependency on target 'QelvoraNative_QelvoraUI' in project 'QelvoraNative'
2026-09-30T23:38:31.0244520Z     Target 'QelvoraNative_QelvoraUI' in project 'QelvoraNative' (no dependencies)
2026-09-30T23:38:31.0246130Z 
2026-09-30T23:38:31.2190620Z GatherProvisioningInputs
2026-09-30T23:38:31.3412450Z 
2026-09-30T23:38:31.4627300Z CreateBuildDescription
2026-09-30T23:38:31.7769450Z 
2026-09-30T23:38:31.7801370Z ExecuteExternalTool /Applications/Xcode_26.5.app/Contents/Developer/usr/bin/xcstringstool compile --dry-run --output-directory /Users/runner/Library/Developer/Xcode/DerivedData/QelvoraApp-chovwfzcihvbrjemwlhqppehhyoa/Build/Intermediates.noindex/QelvoraNative.build/Debug-iphonesimulator/QelvoraNative_QelvoraUI.build /Users/runner/work/creator-platform/creator-platform/apps/ios/Sources/Generated/Localizable.xcstrings
2026-09-30T23:38:32.0479950Z 
2026-09-30T23:38:32.0483650Z ExecuteExternalTool /Applications/Xcode_26.5.app/Contents/Developer/Toolchains/XcodeDefault.xctoolchain/usr/bin/swiftc --version
2026-09-30T23:38:32.4137620Z 
2026-09-30T23:38:32.4206890Z ExecuteExternalTool /Applications/Xcode_26.5.app/Contents/Developer/Toolchains/XcodeDefault.xctoolchain/usr/bin/clang -v -E -dM -isysroot /Applications/Xcode_26.5.app/Contents/Developer/Platforms/iPhoneSimulator.platform/Developer/SDKs/iPhoneSimulator26.5.sdk -x c -c /dev/null
2026-09-30T23:38:32.4217790Z 
2026-09-30T23:38:32.4222050Z ExecuteExternalTool /Applications/Xcode_26.5.app/Contents/Developer/Toolchains/XcodeDefault.xctoolchain/usr/bin/ld -version_details
2026-09-30T23:38:32.4568400Z 
2026-09-30T23:38:32.6182590Z Build description signature: 5f61f77fa5e0e3cd1a435812cd70ab31
2026-09-30T23:38:32.6189110Z Build description path: /Users/runner/Library/Developer/Xcode/DerivedData/QelvoraApp-chovwfzcihvbrjemwlhqppehhyoa/Build/Intermediates.noindex/XCBuildData/5f61f77fa5e0e3cd1a435812cd70ab31.xcbuilddata
2026-09-30T23:38:32.7904540Z ClangStatCache /Applications/Xcode_26.5.app/Contents/Developer/Toolchains/XcodeDefault.xctoolchain/usr/bin/clang-stat-cache /Applications/Xcode_26.5.app/Contents/Developer/Platforms/iPhoneSimulator.platform/Developer/SDKs/iPhoneSimulator26.5.sdk /Users/runner/Library/Developer/Xcode/DerivedData/SDKStatCaches.noindex/iphonesimulator26.5-23F73-688ef53f1462e2c8f657fdc38a81448ffb7d586738ff35573a713a18216ade27.sdkstatcache
2026-09-30T23:38:32.7914620Z     cd /Users/runner/work/creator-platform/creator-platform/apps/ios/QelvoraApp.xcodeproj
2026-09-30T23:38:32.7959530Z     /Applications/Xcode_26.5.app/Contents/Developer/Toolchains/XcodeDefault.xctoolchain/usr/bin/clang-stat-cache /Applications/Xcode_26.5.app/Contents/Developer/Platforms/iPhoneSimulator.platform/Developer/SDKs/iPhoneSimulator26.5.sdk -o /Users/runner/Library/Developer/Xcode/DerivedData/SDKStatCaches.noindex/iphonesimulator26.5-23F73-688ef53f1462e2c8f657fdc38a81448ffb7d586738ff35573a713a18216ade27.sdkstatcache
2026-09-30T23:38:36.8799590Z 
2026-09-30T23:38:36.9320930Z CreateBuildDirectory /Users/runner/Library/Developer/Xcode/DerivedData/QelvoraApp-chovwfzcihvbrjemwlhqppehhyoa/Build/Products
2026-09-30T23:38:36.9326240Z     cd /Users/runner/work/creator-platform/creator-platform/apps/ios/QelvoraApp.xcodeproj
2026-09-30T23:38:36.9332350Z     builtin-create-build-directory /Users/runner/Library/Developer/Xcode/DerivedData/QelvoraApp-chovwfzcihvbrjemwlhqppehhyoa/Build/Products
2026-09-30T23:38:36.9344830Z 
2026-09-30T23:38:36.9349540Z CreateBuildDirectory /Users/runner/Library/Developer/Xcode/DerivedData/QelvoraApp-chovwfzcihvbrjemwlhqppehhyoa/Build/Intermediates.noindex
2026-09-30T23:38:36.9368770Z     cd /Users/runner/work/creator-platform/creator-platform/apps/ios/QelvoraApp.xcodeproj
2026-09-30T23:38:36.9373020Z     builtin-create-build-directory /Users/runner/Library/Developer/Xcode/DerivedData/QelvoraApp-chovwfzcihvbrjemwlhqppehhyoa/Build/Intermediates.noindex
2026-09-30T23:38:36.9377380Z 
2026-09-30T23:38:36.9381770Z CreateBuildDirectory /Users/runner/Library/Developer/Xcode/DerivedData/QelvoraApp-chovwfzcihvbrjemwlhqppehhyoa/Build/Products/Debug-iphonesimulator
2026-09-30T23:38:36.9387890Z     cd /Users/runner/work/creator-platform/creator-platform/apps/ios/QelvoraApp.xcodeproj
2026-09-30T23:38:36.9392350Z     builtin-create-build-directory /Users/runner/Library/Developer/Xcode/DerivedData/QelvoraApp-chovwfzcihvbrjemwlhqppehhyoa/Build/Products/Debug-iphonesimulator
2026-09-30T23:38:36.9398080Z 
2026-09-30T23:38:36.9418510Z CreateBuildDirectory /Users/runner/Library/Developer/Xcode/DerivedData/QelvoraApp-chovwfzcihvbrjemwlhqppehhyoa/Build/Intermediates.noindex/SwiftExplicitPrecompiledModules
2026-09-30T23:38:36.9426130Z     cd /Users/runner/work/creator-platform/creator-platform/apps/ios/QelvoraApp.xcodeproj
2026-09-30T23:38:36.9432420Z     builtin-create-build-directory /Users/runner/Library/Developer/Xcode/DerivedData/QelvoraApp-chovwfzcihvbrjemwlhqppehhyoa/Build/Intermediates.noindex/SwiftExplicitPrecompiledModules
2026-09-30T23:38:36.9437360Z 
2026-09-30T23:38:36.9443220Z WriteAuxiliaryFile /Users/runner/Library/Developer/Xcode/DerivedData/QelvoraApp-chovwfzcihvbrjemwlhqppehhyoa/Build/Intermediates.noindex/QelvoraApp.build/Debug-iphonesimulator/QelvoraApp-29b244ef777fcfbcbef7f347c6fce175-VFS-iphonesimulator/all-product-headers.yaml
2026-09-30T23:38:36.9450950Z     cd /Users/runner/work/creator-platform/creator-platform/apps/ios/QelvoraApp.xcodeproj
2026-09-30T23:38:36.9458340Z     write-file /Users/runner/Library/Developer/Xcode/DerivedData/QelvoraApp-chovwfzcihvbrjemwlhqppehhyoa/Build/Intermediates.noindex/QelvoraApp.build/Debug-iphonesimulator/QelvoraApp-29b244ef777fcfbcbef7f347c6fce175-VFS-iphonesimulator/all-product-headers.yaml
2026-09-30T23:38:36.9465090Z 
2026-09-30T23:38:36.9469310Z CreateBuildDirectory /Users/runner/Library/Developer/Xcode/DerivedData/QelvoraApp-chovwfzcihvbrjemwlhqppehhyoa/Build/Intermediates.noindex/ExplicitPrecompiledModules
2026-09-30T23:38:36.9475170Z     cd /Users/runner/work/creator-platform/creator-platform/apps/ios/QelvoraApp.xcodeproj
2026-09-30T23:38:36.9481640Z     builtin-create-build-directory /Users/runner/Library/Developer/Xcode/DerivedData/QelvoraApp-chovwfzcihvbrjemwlhqppehhyoa/Build/Intermediates.noindex/ExplicitPrecompiledModules
2026-09-30T23:38:36.9493550Z 
2026-09-30T23:38:36.9498620Z CreateBuildDirectory /Users/runner/Library/Developer/Xcode/DerivedData/QelvoraApp-chovwfzcihvbrjemwlhqppehhyoa/Build/Intermediates.noindex/EagerLinkingTBDs/Debug-iphonesimulator
2026-09-30T23:38:36.9547980Z     cd /Users/runner/work/creator-platform/creator-platform/apps/ios/QelvoraApp.xcodeproj
2026-09-30T23:38:36.9558350Z     builtin-create-build-directory /Users/runner/Library/Developer/Xcode/DerivedData/QelvoraApp-chovwfzcihvbrjemwlhqppehhyoa/Build/Intermediates.noindex/EagerLinkingTBDs/Debug-iphonesimulator
2026-09-30T23:38:36.9568670Z 
2026-09-30T23:38:36.9571740Z CreateBuildDirectory /Users/runner/Library/Developer/Xcode/DerivedData/QelvoraApp-chovwfzcihvbrjemwlhqppehhyoa/Build/Products/Debug-iphonesimulator/PackageFrameworks
2026-09-30T23:38:36.9577020Z     cd /Users/runner/work/creator-platform/creator-platform/apps/ios/QelvoraApp.xcodeproj
2026-09-30T23:38:36.9581570Z     builtin-create-build-directory /Users/runner/Library/Developer/Xcode/DerivedData/QelvoraApp-chovwfzcihvbrjemwlhqppehhyoa/Build/Products/Debug-iphonesimulator/PackageFrameworks
2026-09-30T23:38:36.9585270Z 
2026-09-30T23:38:36.9589970Z WriteAuxiliaryFile /Users/runner/Library/Developer/Xcode/DerivedData/QelvoraApp-chovwfzcihvbrjemwlhqppehhyoa/Build/Intermediates.noindex/QelvoraApp.build/Debug-iphonesimulator/QelvoraApp.build/QelvoraApp-project-headers.hmap (in target 'QelvoraApp' from project 'QelvoraApp')
2026-09-30T23:38:36.9596870Z     cd /Users/runner/work/creator-platform/creator-platform/apps/ios
2026-09-30T23:38:36.9606060Z     write-file /Users/runner/Library/Developer/Xcode/DerivedData/QelvoraApp-chovwfzcihvbrjemwlhqppehhyoa/Build/Intermediates.noindex/QelvoraApp.build/Debug-iphonesimulator/QelvoraApp.build/QelvoraApp-project-headers.hmap
2026-09-30T23:38:36.9612920Z 
2026-09-30T23:38:36.9619280Z WriteAuxiliaryFile /Users/runner/Library/Developer/Xcode/DerivedData/QelvoraApp-chovwfzcihvbrjemwlhqppehhyoa/Build/Intermediates.noindex/QelvoraApp.build/Debug-iphonesimulator/QelvoraApp.build/QelvoraApp.hmap (in target 'QelvoraApp' from project 'QelvoraApp')
2026-09-30T23:38:36.9627430Z     cd /Users/runner/work/creator-platform/creator-platform/apps/ios
2026-09-30T23:38:36.9637630Z     write-file /Users/runner/Library/Developer/Xcode/DerivedData/QelvoraApp-chovwfzcihvbrjemwlhqppehhyoa/Build/Intermediates.noindex/QelvoraApp.build/Debug-iphonesimulator/QelvoraApp.build/QelvoraApp.hmap
2026-09-30T23:38:36.9641990Z 
2026-09-30T23:38:36.9649330Z WriteAuxiliaryFile /Users/runner/Library/Developer/Xcode/DerivedData/QelvoraApp-chovwfzcihvbrjemwlhqppehhyoa/Build/Intermediates.noindex/QelvoraApp.build/Debug-iphonesimulator/QelvoraUITests.build/empty-QelvoraUITests.plist (in target 'QelvoraUITests' from project 'QelvoraApp')
2026-09-30T23:38:36.9657400Z     cd /Users/runner/work/creator-platform/creator-platform/apps/ios
2026-09-30T23:38:36.9662140Z     write-file /Users/runner/Library/Developer/Xcode/DerivedData/QelvoraApp-chovwfzcihvbrjemwlhqppehhyoa/Build/Intermediates.noindex/QelvoraApp.build/Debug-iphonesimulator/QelvoraUITests.build/empty-QelvoraUITests.plist
2026-09-30T23:38:36.9666750Z 
2026-09-30T23:38:36.9671240Z WriteAuxiliaryFile /Users/runner/Library/Developer/Xcode/DerivedData/QelvoraApp-chovwfzcihvbrjemwlhqppehhyoa/Build/Intermediates.noindex/QelvoraApp.build/Debug-iphonesimulator/QelvoraUITests.build/QelvoraUITests.hmap (in target 'QelvoraUITests' from project 'QelvoraApp')
2026-09-30T23:38:36.9677370Z     cd /Users/runner/work/creator-platform/creator-platform/apps/ios
2026-09-30T23:38:36.9681940Z     write-file /Users/runner/Library/Developer/Xcode/DerivedData/QelvoraApp-chovwfzcihvbrjemwlhqppehhyoa/Build/Intermediates.noindex/QelvoraApp.build/Debug-iphonesimulator/QelvoraUITests.build/QelvoraUITests.hmap
2026-09-30T23:38:36.9685790Z 
2026-09-30T23:38:36.9690730Z WriteAuxiliaryFile /Users/runner/Library/Developer/Xcode/DerivedData/QelvoraApp-chovwfzcihvbrjemwlhqppehhyoa/Build/Intermediates.noindex/QelvoraApp.build/Debug-iphonesimulator/QelvoraUITests.build/QelvoraUITests.DependencyMetadataFileList (in target 'QelvoraUITests' from project 'QelvoraApp')
2026-09-30T23:38:36.9697000Z     cd /Users/runner/work/creator-platform/creator-platform/apps/ios
2026-09-30T23:38:36.9704600Z     write-file /Users/runner/Library/Developer/Xcode/DerivedData/QelvoraApp-chovwfzcihvbrjemwlhqppehhyoa/Build/Intermediates.noindex/QelvoraApp.build/Debug-iphonesimulator/QelvoraUITests.build/QelvoraUITests.DependencyMetadataFileList
2026-09-30T23:38:36.9708950Z 
2026-09-30T23:38:36.9715180Z WriteAuxiliaryFile /Users/runner/Library/Developer/Xcode/DerivedData/QelvoraApp-chovwfzcihvbrjemwlhqppehhyoa/Build/Intermediates.noindex/QelvoraApp.build/Debug-iphonesimulator/QelvoraUITests.build/QelvoraUITests.DependencyStaticMetadataFileList (in target 'QelvoraUITests' from project 'QelvoraApp')
2026-09-30T23:38:36.9721350Z     cd /Users/runner/work/creator-platform/creator-platform/apps/ios
2026-09-30T23:38:36.9726670Z     write-file /Users/runner/Library/Developer/Xcode/DerivedData/QelvoraApp-chovwfzcihvbrjemwlhqppehhyoa/Build/Intermediates.noindex/QelvoraApp.build/Debug-iphonesimulator/QelvoraUITests.build/QelvoraUITests.DependencyStaticMetadataFileList
2026-09-30T23:38:36.9732110Z 
2026-09-30T23:38:36.9737650Z WriteAuxiliaryFile /Users/runner/Library/Developer/Xcode/DerivedData/QelvoraApp-chovwfzcihvbrjemwlhqppehhyoa/Build/Intermediates.noindex/QelvoraApp.build/Debug-iphonesimulator/QelvoraUITests.build/QelvoraUITests-project-headers.hmap (in target 'QelvoraUITests' from project 'QelvoraApp')
2026-09-30T23:38:36.9744870Z     cd /Users/runner/work/creator-platform/creator-platform/apps/ios
2026-09-30T23:38:36.9750050Z     write-file /Users/runner/Library/Developer/Xcode/DerivedData/QelvoraApp-chovwfzcihvbrjemwlhqppehhyoa/Build/Intermediates.noindex/QelvoraApp.build/Debug-iphonesimulator/QelvoraUITests.build/QelvoraUITests-project-headers.hmap
2026-09-30T23:38:36.9754360Z 
2026-09-30T23:38:36.9758750Z WriteAuxiliaryFile /Users/runner/Library/Developer/Xcode/DerivedData/QelvoraApp-chovwfzcihvbrjemwlhqppehhyoa/Build/Intermediates.noindex/QelvoraApp.build/Debug-iphonesimulator/QelvoraUITests.build/QelvoraUITests-own-target-headers.hmap (in target 'QelvoraUITests' from project 'QelvoraApp')
2026-09-30T23:38:36.9766000Z     cd /Users/runner/work/creator-platform/creator-platform/apps/ios
2026-09-30T23:38:36.9771100Z     write-file /Users/runner/Library/Developer/Xcode/DerivedData/QelvoraApp-chovwfzcihvbrjemwlhqppehhyoa/Build/Intermediates.noindex/QelvoraApp.build/Debug-iphonesimulator/QelvoraUITests.build/QelvoraUITests-own-target-headers.hmap
2026-09-30T23:38:36.9775250Z 
2026-09-30T23:38:36.9780110Z WriteAuxiliaryFile /Users/runner/Library/Developer/Xcode/DerivedData/QelvoraApp-chovwfzcihvbrjemwlhqppehhyoa/Build/Intermediates.noindex/QelvoraApp.build/Debug-iphonesimulator/QelvoraUITests.build/QelvoraUITests-generated-files.hmap (in target 'QelvoraUITests' from project 'QelvoraApp')
2026-09-30T23:38:36.9786150Z     cd /Users/runner/work/creator-platform/creator-platform/apps/ios
2026-09-30T23:38:36.9791070Z     write-file /Users/runner/Library/Developer/Xcode/DerivedData/QelvoraApp-chovwfzcihvbrjemwlhqppehhyoa/Build/Intermediates.noindex/QelvoraApp.build/Debug-iphonesimulator/QelvoraUITests.build/QelvoraUITests-generated-files.hmap
2026-09-30T23:38:36.9795330Z 
2026-09-30T23:38:36.9800110Z WriteAuxiliaryFile /Users/runner/Library/Developer/Xcode/DerivedData/QelvoraApp-chovwfzcihvbrjemwlhqppehhyoa/Build/Intermediates.noindex/QelvoraApp.build/Debug-iphonesimulator/QelvoraUITests.build/QelvoraUITests-all-target-headers.hmap (in target 'QelvoraUITests' from project 'QelvoraApp')
2026-09-30T23:38:36.9809750Z     cd /Users/runner/work/creator-platform/creator-platform/apps/ios
2026-09-30T23:38:36.9816890Z     write-file /Users/runner/Library/Developer/Xcode/DerivedData/QelvoraApp-chovwfzcihvbrjemwlhqppehhyoa/Build/Intermediates.noindex/QelvoraApp.build/Debug-iphonesimulator/QelvoraUITests.build/QelvoraUITests-all-target-headers.hmap
2026-09-30T23:38:36.9823590Z 
2026-09-30T23:38:36.9831760Z WriteAuxiliaryFile /Users/runner/Library/Developer/Xcode/DerivedData/QelvoraApp-chovwfzcihvbrjemwlhqppehhyoa/Build/Intermediates.noindex/QelvoraApp.build/Debug-iphonesimulator/QelvoraUITests.build/QelvoraUITests-all-non-framework-target-headers.hmap (in target 'QelvoraUITests' from project 'QelvoraApp')
2026-09-30T23:38:36.9838970Z     cd /Users/runner/work/creator-platform/creator-platform/apps/ios
2026-09-30T23:38:36.9845540Z     write-file /Users/runner/Library/Developer/Xcode/DerivedData/QelvoraApp-chovwfzcihvbrjemwlhqppehhyoa/Build/Intermediates.noindex/QelvoraApp.build/Debug-iphonesimulator/QelvoraUITests.build/QelvoraUITests-all-non-framework-target-headers.hmap
2026-09-30T23:38:36.9849920Z 
2026-09-30T23:38:36.9863590Z WriteAuxiliaryFile /Users/runner/Library/Developer/Xcode/DerivedData/QelvoraApp-chovwfzcihvbrjemwlhqppehhyoa/Build/Intermediates.noindex/QelvoraApp.build/Debug-iphonesimulator/QelvoraUITests.build/ProductTypeInfoPlistAdditions.plist (in target 'QelvoraUITests' from project 'QelvoraApp')
2026-09-30T23:38:36.9869870Z     cd /Users/runner/work/creator-platform/creator-platform/apps/ios
2026-09-30T23:38:36.9875660Z     write-file /Users/runner/Library/Developer/Xcode/DerivedData/QelvoraApp-chovwfzcihvbrjemwlhqppehhyoa/Build/Intermediates.noindex/QelvoraApp.build/Debug-iphonesimulator/QelvoraUITests.build/ProductTypeInfoPlistAdditions.plist
2026-09-30T23:38:36.9880020Z 
2026-09-30T23:38:36.9887030Z WriteAuxiliaryFile /Users/runner/Library/Developer/Xcode/DerivedData/QelvoraApp-chovwfzcihvbrjemwlhqppehhyoa/Build/Intermediates.noindex/QelvoraApp.build/Debug-iphonesimulator/QelvoraUITests.build/Objects-normal/x86_64/QelvoraUITests_const_extract_protocols.json (in target 'QelvoraUITests' from project 'QelvoraApp')
2026-09-30T23:38:36.9894970Z     cd /Users/runner/work/creator-platform/creator-platform/apps/ios
2026-09-30T23:38:36.9900350Z     write-file /Users/runner/Library/Developer/Xcode/DerivedData/QelvoraApp-chovwfzcihvbrjemwlhqppehhyoa/Build/Intermediates.noindex/QelvoraApp.build/Debug-iphonesimulator/QelvoraUITests.build/Objects-normal/x86_64/QelvoraUITests_const_extract_protocols.json
2026-09-30T23:38:36.9906610Z 
2026-09-30T23:38:36.9911710Z WriteAuxiliaryFile /Users/runner/Library/Developer/Xcode/DerivedData/QelvoraApp-chovwfzcihvbrjemwlhqppehhyoa/Build/Intermediates.noindex/QelvoraApp.build/Debug-iphonesimulator/QelvoraUITests.build/Objects-normal/x86_64/QelvoraUITests.SwiftFileList (in target 'QelvoraUITests' from project 'QelvoraApp')
2026-09-30T23:38:36.9920340Z     cd /Users/runner/work/creator-platform/creator-platform/apps/ios
2026-09-30T23:38:36.9925470Z     write-file /Users/runner/Library/Developer/Xcode/DerivedData/QelvoraApp-chovwfzcihvbrjemwlhqppehhyoa/Build/Intermediates.noindex/QelvoraApp.build/Debug-iphonesimulator/QelvoraUITests.build/Objects-normal/x86_64/QelvoraUITests.SwiftFileList
2026-09-30T23:38:36.9929880Z 
2026-09-30T23:38:36.9935370Z WriteAuxiliaryFile /Users/runner/Library/Developer/Xcode/DerivedData/QelvoraApp-chovwfzcihvbrjemwlhqppehhyoa/Build/Intermediates.noindex/QelvoraApp.build/Debug-iphonesimulator/QelvoraUITests.build/Objects-normal/x86_64/QelvoraUITests.SwiftConstValuesFileList (in target 'QelvoraUITests' from project 'QelvoraApp')
2026-09-30T23:38:36.9941820Z     cd /Users/runner/work/creator-platform/creator-platform/apps/ios
2026-09-30T23:38:36.9947370Z     write-file /Users/runner/Library/Developer/Xcode/DerivedData/QelvoraApp-chovwfzcihvbrjemwlhqppehhyoa/Build/Intermediates.noindex/QelvoraApp.build/Debug-iphonesimulator/QelvoraUITests.build/Objects-normal/x86_64/QelvoraUITests.SwiftConstValuesFileList
2026-09-30T23:38:36.9952210Z 
2026-09-30T23:38:36.9957140Z WriteAuxiliaryFile /Users/runner/Library/Developer/Xcode/DerivedData/QelvoraApp-chovwfzcihvbrjemwlhqppehhyoa/Build/Intermediates.noindex/QelvoraApp.build/Debug-iphonesimulator/QelvoraUITests.build/Objects-normal/x86_64/QelvoraUITests.LinkFileList (in target 'QelvoraUITests' from project 'QelvoraApp')
2026-09-30T23:38:36.9963590Z     cd /Users/runner/work/creator-platform/creator-platform/apps/ios
2026-09-30T23:38:36.9968780Z     write-file /Users/runner/Library/Developer/Xcode/DerivedData/QelvoraApp-chovwfzcihvbrjemwlhqppehhyoa/Build/Intermediates.noindex/QelvoraApp.build/Debug-iphonesimulator/QelvoraUITests.build/Objects-normal/x86_64/QelvoraUITests.LinkFileList
2026-09-30T23:38:36.9973550Z 
2026-09-30T23:38:36.9981070Z WriteAuxiliaryFile /Users/runner/Library/Developer/Xcode/DerivedData/QelvoraApp-chovwfzcihvbrjemwlhqppehhyoa/Build/Intermediates.noindex/QelvoraApp.build/Debug-iphonesimulator/QelvoraUITests.build/Objects-normal/x86_64/QelvoraUITests-OutputFileMap.json (in target 'QelvoraUITests' from project 'QelvoraApp')
2026-09-30T23:38:36.9997680Z     cd /Users/runner/work/creator-platform/creator-platform/apps/ios
2026-09-30T23:38:37.0006350Z     write-file /Users/runner/Library/Developer/Xcode/DerivedData/QelvoraApp-chovwfzcihvbrjemwlhqppehhyoa/Build/Intermediates.noindex/QelvoraApp.build/Debug-iphonesimulator/QelvoraUITests.build/Objects-normal/x86_64/QelvoraUITests-OutputFileMap.json
2026-09-30T23:38:37.0010540Z 
2026-09-30T23:38:37.0015540Z WriteAuxiliaryFile /Users/runner/Library/Developer/Xcode/DerivedData/QelvoraApp-chovwfzcihvbrjemwlhqppehhyoa/Build/Intermediates.noindex/QelvoraApp.build/Debug-iphonesimulator/QelvoraUITests.build/DerivedSources/Entitlements-Simulated.plist (in target 'QelvoraUITests' from project 'QelvoraApp')
2026-09-30T23:38:37.0021660Z     cd /Users/runner/work/creator-platform/creator-platform/apps/ios
2026-09-30T23:38:37.0027130Z     write-file /Users/runner/Library/Developer/Xcode/DerivedData/QelvoraApp-chovwfzcihvbrjemwlhqppehhyoa/Build/Intermediates.noindex/QelvoraApp.build/Debug-iphonesimulator/QelvoraUITests.build/DerivedSources/Entitlements-Simulated.plist
2026-09-30T23:38:37.0031470Z 
2026-09-30T23:38:37.0036090Z WriteAuxiliaryFile /Users/runner/Library/Developer/Xcode/DerivedData/QelvoraApp-chovwfzcihvbrjemwlhqppehhyoa/Build/Intermediates.noindex/QelvoraNative.build/Debug-iphonesimulator/QelvoraUI.build/QelvoraUI.modulemap (in target 'QelvoraUI' from project 'QelvoraNative')
2026-09-30T23:38:37.0041870Z     cd /Users/runner/work/creator-platform/creator-platform/apps/ios
2026-09-30T23:38:37.0047720Z     write-file /Users/runner/Library/Developer/Xcode/DerivedData/QelvoraApp-chovwfzcihvbrjemwlhqppehhyoa/Build/Intermediates.noindex/QelvoraNative.build/Debug-iphonesimulator/QelvoraUI.build/QelvoraUI.modulemap
2026-09-30T23:38:37.0053440Z 
2026-09-30T23:38:37.0058200Z WriteAuxiliaryFile /Users/runner/Library/Developer/Xcode/DerivedData/QelvoraApp-chovwfzcihvbrjemwlhqppehhyoa/Build/Intermediates.noindex/QelvoraNative.build/Debug-iphonesimulator/QelvoraUI.build/QelvoraUI.DependencyStaticMetadataFileList (in target 'QelvoraUI' from project 'QelvoraNative')
2026-09-30T23:38:37.0064570Z     cd /Users/runner/work/creator-platform/creator-platform/apps/ios
2026-09-30T23:38:37.0069960Z     write-file /Users/runner/Library/Developer/Xcode/DerivedData/QelvoraApp-chovwfzcihvbrjemwlhqppehhyoa/Build/Intermediates.noindex/QelvoraNative.build/Debug-iphonesimulator/QelvoraUI.build/QelvoraUI.DependencyStaticMetadataFileList
2026-09-30T23:38:37.0074290Z 
2026-09-30T23:38:37.0079280Z WriteAuxiliaryFile /Users/runner/Library/Developer/Xcode/DerivedData/QelvoraApp-chovwfzcihvbrjemwlhqppehhyoa/Build/Intermediates.noindex/QelvoraNative.build/Debug-iphonesimulator/QelvoraUI.build/QelvoraUI.DependencyMetadataFileList (in target 'QelvoraUI' from project 'QelvoraNative')
2026-09-30T23:38:37.0085160Z     cd /Users/runner/work/creator-platform/creator-platform/apps/ios
2026-09-30T23:38:37.0091050Z     write-file /Users/runner/Library/Developer/Xcode/DerivedData/QelvoraApp-chovwfzcihvbrjemwlhqppehhyoa/Build/Intermediates.noindex/QelvoraNative.build/Debug-iphonesimulator/QelvoraUI.build/QelvoraUI.DependencyMetadataFileList
2026-09-30T23:38:37.0097240Z 
2026-09-30T23:38:37.0105170Z WriteAuxiliaryFile /Users/runner/Library/Developer/Xcode/DerivedData/QelvoraApp-chovwfzcihvbrjemwlhqppehhyoa/Build/Intermediates.noindex/QelvoraNative.build/Debug-iphonesimulator/QelvoraUI.build/Objects-normal/x86_64/QelvoraUI_const_extract_protocols.json (in target 'QelvoraUI' from project 'QelvoraNative')
2026-09-30T23:38:37.0111650Z     cd /Users/runner/work/creator-platform/creator-platform/apps/ios
2026-09-30T23:38:37.0116800Z     write-file /Users/runner/Library/Developer/Xcode/DerivedData/QelvoraApp-chovwfzcihvbrjemwlhqppehhyoa/Build/Intermediates.noindex/QelvoraNative.build/Debug-iphonesimulator/QelvoraUI.build/Objects-normal/x86_64/QelvoraUI_const_extract_protocols.json
2026-09-30T23:38:37.0123100Z 
2026-09-30T23:38:37.0131560Z WriteAuxiliaryFile /Users/runner/Library/Developer/Xcode/DerivedData/QelvoraApp-chovwfzcihvbrjemwlhqppehhyoa/Build/Intermediates.noindex/QelvoraNative.build/Debug-iphonesimulator/QelvoraUI.build/Objects-normal/x86_64/QelvoraUI.SwiftFileList (in target 'QelvoraUI' from project 'QelvoraNative')
2026-09-30T23:38:37.0139590Z     cd /Users/runner/work/creator-platform/creator-platform/apps/ios
2026-09-30T23:38:37.0145720Z     write-file /Users/runner/Library/Developer/Xcode/DerivedData/QelvoraApp-chovwfzcihvbrjemwlhqppehhyoa/Build/Intermediates.noindex/QelvoraNative.build/Debug-iphonesimulator/QelvoraUI.build/Objects-normal/x86_64/QelvoraUI.SwiftFileList
2026-09-30T23:38:37.0150690Z 
2026-09-30T23:38:37.0155700Z WriteAuxiliaryFile /Users/runner/Library/Developer/Xcode/DerivedData/QelvoraApp-chovwfzcihvbrjemwlhqppehhyoa/Build/Intermediates.noindex/QelvoraNative.build/Debug-iphonesimulator/QelvoraUI.build/Objects-normal/x86_64/QelvoraUI.SwiftConstValuesFileList (in target 'QelvoraUI' from project 'QelvoraNative')
2026-09-30T23:38:37.0162690Z     cd /Users/runner/work/creator-platform/creator-platform/apps/ios
2026-09-30T23:38:37.0167650Z     write-file /Users/runner/Library/Developer/Xcode/DerivedData/QelvoraApp-chovwfzcihvbrjemwlhqppehhyoa/Build/Intermediates.noindex/QelvoraNative.build/Debug-iphonesimulator/QelvoraUI.build/Objects-normal/x86_64/QelvoraUI.SwiftConstValuesFileList
2026-09-30T23:38:37.0172200Z 
2026-09-30T23:38:37.0176710Z WriteAuxiliaryFile /Users/runner/Library/Developer/Xcode/DerivedData/QelvoraApp-chovwfzcihvbrjemwlhqppehhyoa/Build/Intermediates.noindex/QelvoraNative.build/Debug-iphonesimulator/QelvoraUI.build/Objects-normal/x86_64/QelvoraUI.LinkFileList (in target 'QelvoraUI' from project 'QelvoraNative')
2026-09-30T23:38:37.0184640Z     cd /Users/runner/work/creator-platform/creator-platform/apps/ios
2026-09-30T23:38:37.0190250Z     write-file /Users/runner/Library/Developer/Xcode/DerivedData/QelvoraApp-chovwfzcihvbrjemwlhqppehhyoa/Build/Intermediates.noindex/QelvoraNative.build/Debug-iphonesimulator/QelvoraUI.build/Objects-normal/x86_64/QelvoraUI.LinkFileList
2026-09-30T23:38:37.0195540Z 
2026-09-30T23:38:37.0200840Z WriteAuxiliaryFile /Users/runner/Library/Developer/Xcode/DerivedData/QelvoraApp-chovwfzcihvbrjemwlhqppehhyoa/Build/Intermediates.noindex/QelvoraNative.build/Debug-iphonesimulator/QelvoraUI.build/Objects-normal/x86_64/QelvoraUI-OutputFileMap.json (in target 'QelvoraUI' from project 'QelvoraNative')
2026-09-30T23:38:37.0207070Z     cd /Users/runner/work/creator-platform/creator-platform/apps/ios
2026-09-30T23:38:37.0213040Z     write-file /Users/runner/Library/Developer/Xcode/DerivedData/QelvoraApp-chovwfzcihvbrjemwlhqppehhyoa/Build/Intermediates.noindex/QelvoraNative.build/Debug-iphonesimulator/QelvoraUI.build/Objects-normal/x86_64/QelvoraUI-OutputFileMap.json
2026-09-30T23:38:37.0219510Z 
2026-09-30T23:38:37.0230880Z WriteAuxiliaryFile /Users/runner/Library/Developer/Xcode/DerivedData/QelvoraApp-chovwfzcihvbrjemwlhqppehhyoa/Build/Intermediates.noindex/QelvoraNative.build/Debug-iphonesimulator/QelvoraUI.build/DerivedSources/resource_bundle_accessor.swift (in target 'QelvoraUI' from project 'QelvoraNative')
2026-09-30T23:38:37.0276460Z     cd /Users/runner/work/creator-platform/creator-platform/apps/ios
2026-09-30T23:38:37.0282450Z     write-file /Users/runner/Library/Developer/Xcode/DerivedData/QelvoraApp-chovwfzcihvbrjemwlhqppehhyoa/Build/Intermediates.noindex/QelvoraNative.build/Debug-iphonesimulator/QelvoraUI.build/DerivedSources/resource_bundle_accessor.swift
2026-09-30T23:38:37.0286690Z 
2026-09-30T23:38:37.0293800Z Copy /Users/runner/Library/Developer/Xcode/DerivedData/QelvoraApp-chovwfzcihvbrjemwlhqppehhyoa/Build/Intermediates.noindex/GeneratedModuleMaps-iphonesimulator/QelvoraUI.modulemap /Users/runner/Library/Developer/Xcode/DerivedData/QelvoraApp-chovwfzcihvbrjemwlhqppehhyoa/Build/Intermediates.noindex/QelvoraNative.build/Debug-iphonesimulator/QelvoraUI.build/QelvoraUI.modulemap (in target 'QelvoraUI' from project 'QelvoraNative')
2026-09-30T23:38:37.0303830Z     cd /Users/runner/work/creator-platform/creator-platform/apps/ios
2026-09-30T23:38:37.0313370Z     builtin-copy -exclude .DS_Store -exclude CVS -exclude .svn -exclude .git -exclude .hg -resolve-src-symlinks /Users/runner/Library/Developer/Xcode/DerivedData/QelvoraApp-chovwfzcihvbrjemwlhqppehhyoa/Build/Intermediates.noindex/QelvoraNative.build/Debug-iphonesimulator/QelvoraUI.build/QelvoraUI.modulemap /Users/runner/Library/Developer/Xcode/DerivedData/QelvoraApp-chovwfzcihvbrjemwlhqppehhyoa/Build/Intermediates.noindex/GeneratedModuleMaps-iphonesimulator
2026-09-30T23:38:37.0320950Z 
2026-09-30T23:38:37.0326070Z WriteAuxiliaryFile /Users/runner/Library/Developer/Xcode/DerivedData/QelvoraApp-chovwfzcihvbrjemwlhqppehhyoa/Build/Intermediates.noindex/QelvoraNative.build/Debug-iphonesimulator/QelvoraNative_QelvoraUI.build/empty-QelvoraNative_QelvoraUI.plist (in target 'QelvoraNative_QelvoraUI' from project 'QelvoraNative')
2026-09-30T23:38:37.0333730Z     cd /Users/runner/work/creator-platform/creator-platform/apps/ios
2026-09-30T23:38:37.0338960Z     write-file /Users/runner/Library/Developer/Xcode/DerivedData/QelvoraApp-chovwfzcihvbrjemwlhqppehhyoa/Build/Intermediates.noindex/QelvoraNative.build/Debug-iphonesimulator/QelvoraNative_QelvoraUI.build/empty-QelvoraNative_QelvoraUI.plist
2026-09-30T23:38:37.0343710Z 
2026-09-30T23:38:37.0351650Z WriteAuxiliaryFile /Users/runner/Library/Developer/Xcode/DerivedData/QelvoraApp-chovwfzcihvbrjemwlhqppehhyoa/Build/Intermediates.noindex/QelvoraNative.build/Debug-iphonesimulator/QelvoraNative_QelvoraUI.build/QelvoraNative_QelvoraUI.DependencyStaticMetadataFileList (in target 'QelvoraNative_QelvoraUI' from project 'QelvoraNative')
2026-09-30T23:38:37.0358410Z     cd /Users/runner/work/creator-platform/creator-platform/apps/ios
2026-09-30T23:38:37.0364970Z     write-file /Users/runner/Library/Developer/Xcode/DerivedData/QelvoraApp-chovwfzcihvbrjemwlhqppehhyoa/Build/Intermediates.noindex/QelvoraNative.build/Debug-iphonesimulator/QelvoraNative_QelvoraUI.build/QelvoraNative_QelvoraUI.DependencyStaticMetadataFileList
2026-09-30T23:38:37.0369880Z 
2026-09-30T23:38:37.0375300Z WriteAuxiliaryFile /Users/runner/Library/Developer/Xcode/DerivedData/QelvoraApp-chovwfzcihvbrjemwlhqppehhyoa/Build/Intermediates.noindex/QelvoraNative.build/Debug-iphonesimulator/QelvoraNative_QelvoraUI.build/QelvoraNative_QelvoraUI.DependencyMetadataFileList (in target 'QelvoraNative_QelvoraUI' from project 'QelvoraNative')
2026-09-30T23:38:37.0381810Z     cd /Users/runner/work/creator-platform/creator-platform/apps/ios
2026-09-30T23:38:37.0387020Z     write-file /Users/runner/Library/Developer/Xcode/DerivedData/QelvoraApp-chovwfzcihvbrjemwlhqppehhyoa/Build/Intermediates.noindex/QelvoraNative.build/Debug-iphonesimulator/QelvoraNative_QelvoraUI.build/QelvoraNative_QelvoraUI.DependencyMetadataFileList
2026-09-30T23:38:37.0391590Z 
2026-09-30T23:38:37.0396360Z WriteAuxiliaryFile /Users/runner/Library/Developer/Xcode/DerivedData/QelvoraApp-chovwfzcihvbrjemwlhqppehhyoa/Build/Intermediates.noindex/QelvoraApp.build/Debug-iphonesimulator/QelvoraApp.build/QelvoraApp.DependencyStaticMetadataFileList (in target 'QelvoraApp' from project 'QelvoraApp')
2026-09-30T23:38:37.0402280Z     cd /Users/runner/work/creator-platform/creator-platform/apps/ios
2026-09-30T23:38:37.0407570Z     write-file /Users/runner/Library/Developer/Xcode/DerivedData/QelvoraApp-chovwfzcihvbrjemwlhqppehhyoa/Build/Intermediates.noindex/QelvoraApp.build/Debug-iphonesimulator/QelvoraApp.build/QelvoraApp.DependencyStaticMetadataFileList
2026-09-30T23:38:37.0411780Z 
2026-09-30T23:38:37.0416420Z WriteAuxiliaryFile /Users/runner/Library/Developer/Xcode/DerivedData/QelvoraApp-chovwfzcihvbrjemwlhqppehhyoa/Build/Intermediates.noindex/QelvoraApp.build/Debug-iphonesimulator/QelvoraApp.build/QelvoraApp.DependencyMetadataFileList (in target 'QelvoraApp' from project 'QelvoraApp')
2026-09-30T23:38:37.0422240Z     cd /Users/runner/work/creator-platform/creator-platform/apps/ios
2026-09-30T23:38:37.0428120Z     write-file /Users/runner/Library/Developer/Xcode/DerivedData/QelvoraApp-chovwfzcihvbrjemwlhqppehhyoa/Build/Intermediates.noindex/QelvoraApp.build/Debug-iphonesimulator/QelvoraApp.build/QelvoraApp.DependencyMetadataFileList
2026-09-30T23:38:37.0432250Z 
2026-09-30T23:38:37.0438010Z WriteAuxiliaryFile /Users/runner/Library/Developer/Xcode/DerivedData/QelvoraApp-chovwfzcihvbrjemwlhqppehhyoa/Build/Intermediates.noindex/QelvoraApp.build/Debug-iphonesimulator/QelvoraApp.build/QelvoraApp-own-target-headers.hmap (in target 'QelvoraApp' from project 'QelvoraApp')
2026-09-30T23:38:37.0444410Z     cd /Users/runner/work/creator-platform/creator-platform/apps/ios
2026-09-30T23:38:37.0449100Z     write-file /Users/runner/Library/Developer/Xcode/DerivedData/QelvoraApp-chovwfzcihvbrjemwlhqppehhyoa/Build/Intermediates.noindex/QelvoraApp.build/Debug-iphonesimulator/QelvoraApp.build/QelvoraApp-own-target-headers.hmap
2026-09-30T23:38:37.0453120Z 
2026-09-30T23:38:37.0457640Z WriteAuxiliaryFile /Users/runner/Library/Developer/Xcode/DerivedData/QelvoraApp-chovwfzcihvbrjemwlhqppehhyoa/Build/Intermediates.noindex/QelvoraApp.build/Debug-iphonesimulator/QelvoraApp.build/QelvoraApp-generated-files.hmap (in target 'QelvoraApp' from project 'QelvoraApp')
2026-09-30T23:38:37.0463310Z     cd /Users/runner/work/creator-platform/creator-platform/apps/ios
2026-09-30T23:38:37.0467930Z     write-file /Users/runner/Library/Developer/Xcode/DerivedData/QelvoraApp-chovwfzcihvbrjemwlhqppehhyoa/Build/Intermediates.noindex/QelvoraApp.build/Debug-iphonesimulator/QelvoraApp.build/QelvoraApp-generated-files.hmap
2026-09-30T23:38:37.0471920Z 
2026-09-30T23:38:37.0476830Z WriteAuxiliaryFile /Users/runner/Library/Developer/Xcode/DerivedData/QelvoraApp-chovwfzcihvbrjemwlhqppehhyoa/Build/Intermediates.noindex/QelvoraApp.build/Debug-iphonesimulator/QelvoraApp.build/QelvoraApp-all-target-headers.hmap (in target 'QelvoraApp' from project 'QelvoraApp')
2026-09-30T23:38:37.0483770Z     cd /Users/runner/work/creator-platform/creator-platform/apps/ios
2026-09-30T23:38:37.0488440Z     write-file /Users/runner/Library/Developer/Xcode/DerivedData/QelvoraApp-chovwfzcihvbrjemwlhqppehhyoa/Build/Intermediates.noindex/QelvoraApp.build/Debug-iphonesimulator/QelvoraApp.build/QelvoraApp-all-target-headers.hmap
2026-09-30T23:38:37.0492440Z 
2026-09-30T23:38:37.0497270Z WriteAuxiliaryFile /Users/runner/Library/Developer/Xcode/DerivedData/QelvoraApp-chovwfzcihvbrjemwlhqppehhyoa/Build/Intermediates.noindex/QelvoraApp.build/Debug-iphonesimulator/QelvoraApp.build/QelvoraApp-all-non-framework-target-headers.hmap (in target 'QelvoraApp' from project 'QelvoraApp')
2026-09-30T23:38:37.0503920Z     cd /Users/runner/work/creator-platform/creator-platform/apps/ios
2026-09-30T23:38:37.0509260Z     write-file /Users/runner/Library/Developer/Xcode/DerivedData/QelvoraApp-chovwfzcihvbrjemwlhqppehhyoa/Build/Intermediates.noindex/QelvoraApp.build/Debug-iphonesimulator/QelvoraApp.build/QelvoraApp-all-non-framework-target-headers.hmap
2026-09-30T23:38:37.0514710Z 
2026-09-30T23:38:37.0524310Z WriteAuxiliaryFile /Users/runner/Library/Developer/Xcode/DerivedData/QelvoraApp-chovwfzcihvbrjemwlhqppehhyoa/Build/Intermediates.noindex/QelvoraApp.build/Debug-iphonesimulator/QelvoraApp.build/QelvoraApp-DebugDylibPath-normal-x86_64.txt (in target 'QelvoraApp' from project 'QelvoraApp')
2026-09-30T23:38:37.0531090Z     cd /Users/runner/work/creator-platform/creator-platform/apps/ios
2026-09-30T23:38:37.0536770Z     write-file /Users/runner/Library/Developer/Xcode/DerivedData/QelvoraApp-chovwfzcihvbrjemwlhqppehhyoa/Build/Intermediates.noindex/QelvoraApp.build/Debug-iphonesimulator/QelvoraApp.build/QelvoraApp-DebugDylibPath-normal-x86_64.txt
2026-09-30T23:38:37.0542870Z 
2026-09-30T23:38:37.0547750Z WriteAuxiliaryFile /Users/runner/Library/Developer/Xcode/DerivedData/QelvoraApp-chovwfzcihvbrjemwlhqppehhyoa/Build/Intermediates.noindex/QelvoraApp.build/Debug-iphonesimulator/QelvoraApp.build/QelvoraApp-DebugDylibInstallName-normal-x86_64.txt (in target 'QelvoraApp' from project 'QelvoraApp')
2026-09-30T23:38:37.0554940Z     cd /Users/runner/work/creator-platform/creator-platform/apps/ios
2026-09-30T23:38:37.0562520Z     write-file /Users/runner/Library/Developer/Xcode/DerivedData/QelvoraApp-chovwfzcihvbrjemwlhqppehhyoa/Build/Intermediates.noindex/QelvoraApp.build/Debug-iphonesimulator/QelvoraApp.build/QelvoraApp-DebugDylibInstallName-normal-x86_64.txt
2026-09-30T23:38:37.0566930Z 
2026-09-30T23:38:37.0571850Z WriteAuxiliaryFile /Users/runner/Library/Developer/Xcode/DerivedData/QelvoraApp-chovwfzcihvbrjemwlhqppehhyoa/Build/Intermediates.noindex/QelvoraApp.build/Debug-iphonesimulator/QelvoraApp.build/Objects-normal/x86_64/QelvoraApp_const_extract_protocols.json (in target 'QelvoraApp' from project 'QelvoraApp')
2026-09-30T23:38:37.0577930Z     cd /Users/runner/work/creator-platform/creator-platform/apps/ios
2026-09-30T23:38:37.0583040Z     write-file /Users/runner/Library/Developer/Xcode/DerivedData/QelvoraApp-chovwfzcihvbrjemwlhqppehhyoa/Build/Intermediates.noindex/QelvoraApp.build/Debug-iphonesimulator/QelvoraApp.build/Objects-normal/x86_64/QelvoraApp_const_extract_protocols.json
2026-09-30T23:38:37.0587470Z 
2026-09-30T23:38:37.0592230Z WriteAuxiliaryFile /Users/runner/Library/Developer/Xcode/DerivedData/QelvoraApp-chovwfzcihvbrjemwlhqppehhyoa/Build/Intermediates.noindex/QelvoraApp.build/Debug-iphonesimulator/QelvoraApp.build/Objects-normal/x86_64/QelvoraApp.SwiftFileList (in target 'QelvoraApp' from project 'QelvoraApp')
2026-09-30T23:38:37.0598150Z     cd /Users/runner/work/creator-platform/creator-platform/apps/ios
2026-09-30T23:38:37.0603030Z     write-file /Users/runner/Library/Developer/Xcode/DerivedData/QelvoraApp-chovwfzcihvbrjemwlhqppehhyoa/Build/Intermediates.noindex/QelvoraApp.build/Debug-iphonesimulator/QelvoraApp.build/Objects-normal/x86_64/QelvoraApp.SwiftFileList
2026-09-30T23:38:37.0607200Z 
2026-09-30T23:38:37.0618440Z WriteAuxiliaryFile /Users/runner/Library/Developer/Xcode/DerivedData/QelvoraApp-chovwfzcihvbrjemwlhqppehhyoa/Build/Intermediates.noindex/QelvoraApp.build/Debug-iphonesimulator/QelvoraApp.build/Objects-normal/x86_64/QelvoraApp.SwiftConstValuesFileList (in target 'QelvoraApp' from project 'QelvoraApp')
2026-09-30T23:38:37.0624940Z     cd /Users/runner/work/creator-platform/creator-platform/apps/ios
2026-09-30T23:38:37.0634800Z     write-file /Users/runner/Library/Developer/Xcode/DerivedData/QelvoraApp-chovwfzcihvbrjemwlhqppehhyoa/Build/Intermediates.noindex/QelvoraApp.build/Debug-iphonesimulator/QelvoraApp.build/Objects-normal/x86_64/QelvoraApp.SwiftConstValuesFileList
2026-09-30T23:38:37.0641740Z 
2026-09-30T23:38:37.0646440Z WriteAuxiliaryFile /Users/runner/Library/Developer/Xcode/DerivedData/QelvoraApp-chovwfzcihvbrjemwlhqppehhyoa/Build/Intermediates.noindex/QelvoraApp.build/Debug-iphonesimulator/QelvoraApp.build/Objects-normal/x86_64/QelvoraApp.LinkFileList (in target 'QelvoraApp' from project 'QelvoraApp')
2026-09-30T23:38:37.0654110Z     cd /Users/runner/work/creator-platform/creator-platform/apps/ios
2026-09-30T23:38:37.0662930Z     write-file /Users/runner/Library/Developer/Xcode/DerivedData/QelvoraApp-chovwfzcihvbrjemwlhqppehhyoa/Build/Intermediates.noindex/QelvoraApp.build/Debug-iphonesimulator/QelvoraApp.build/Objects-normal/x86_64/QelvoraApp.LinkFileList
2026-09-30T23:38:37.0667130Z 
2026-09-30T23:38:37.0672010Z WriteAuxiliaryFile /Users/runner/Library/Developer/Xcode/DerivedData/QelvoraApp-chovwfzcihvbrjemwlhqppehhyoa/Build/Intermediates.noindex/QelvoraApp.build/Debug-iphonesimulator/QelvoraApp.build/Objects-normal/x86_64/QelvoraApp-OutputFileMap.json (in target 'QelvoraApp' from project 'QelvoraApp')
2026-09-30T23:38:37.0678390Z     cd /Users/runner/work/creator-platform/creator-platform/apps/ios
2026-09-30T23:38:37.0683290Z     write-file /Users/runner/Library/Developer/Xcode/DerivedData/QelvoraApp-chovwfzcihvbrjemwlhqppehhyoa/Build/Intermediates.noindex/QelvoraApp.build/Debug-iphonesimulator/QelvoraApp.build/Objects-normal/x86_64/QelvoraApp-OutputFileMap.json
2026-09-30T23:38:37.0687630Z 
2026-09-30T23:38:37.0693670Z WriteAuxiliaryFile /Users/runner/Library/Developer/Xcode/DerivedData/QelvoraApp-chovwfzcihvbrjemwlhqppehhyoa/Build/Intermediates.noindex/QelvoraApp.build/Debug-iphonesimulator/QelvoraApp.build/DerivedSources/Entitlements-Simulated.plist (in target 'QelvoraApp' from project 'QelvoraApp')
2026-09-30T23:38:37.0699560Z     cd /Users/runner/work/creator-platform/creator-platform/apps/ios
2026-09-30T23:38:37.0704380Z     write-file /Users/runner/Library/Developer/Xcode/DerivedData/QelvoraApp-chovwfzcihvbrjemwlhqppehhyoa/Build/Intermediates.noindex/QelvoraApp.build/Debug-iphonesimulator/QelvoraApp.build/DerivedSources/Entitlements-Simulated.plist
2026-09-30T23:38:37.0708700Z 
2026-09-30T23:38:37.0712220Z MkDir /Users/runner/Library/Developer/Xcode/DerivedData/QelvoraApp-chovwfzcihvbrjemwlhqppehhyoa/Build/Products/Debug-iphonesimulator/QelvoraNative_QelvoraUI.bundle (in target 'QelvoraNative_QelvoraUI' from project 'QelvoraNative')
2026-09-30T23:38:37.0717090Z     cd /Users/runner/work/creator-platform/creator-platform/apps/ios
2026-09-30T23:38:37.0724300Z     /bin/mkdir -p /Users/runner/Library/Developer/Xcode/DerivedData/QelvoraApp-chovwfzcihvbrjemwlhqppehhyoa/Build/Products/Debug-iphonesimulator/QelvoraNative_QelvoraUI.bundle
2026-09-30T23:38:37.0731070Z 
2026-09-30T23:38:37.0734960Z MkDir /Users/runner/Library/Developer/Xcode/DerivedData/QelvoraApp-chovwfzcihvbrjemwlhqppehhyoa/Build/Products/Debug-iphonesimulator/QelvoraUITests-Runner.app/PlugIns/QelvoraUITests.xctest (in target 'QelvoraUITests' from project 'QelvoraApp')
2026-09-30T23:38:37.0740060Z     cd /Users/runner/work/creator-platform/creator-platform/apps/ios
2026-09-30T23:38:37.0747380Z     /bin/mkdir -p /Users/runner/Library/Developer/Xcode/DerivedData/QelvoraApp-chovwfzcihvbrjemwlhqppehhyoa/Build/Products/Debug-iphonesimulator/QelvoraUITests-Runner.app/PlugIns/QelvoraUITests.xctest
2026-09-30T23:38:37.0755780Z 
2026-09-30T23:38:37.0760200Z MkDir /Users/runner/Library/Developer/Xcode/DerivedData/QelvoraApp-chovwfzcihvbrjemwlhqppehhyoa/Build/Products/Debug-iphonesimulator/QelvoraApp.app (in target 'QelvoraApp' from project 'QelvoraApp')
2026-09-30T23:38:37.0768130Z     cd /Users/runner/work/creator-platform/creator-platform/apps/ios
2026-09-30T23:38:37.0780560Z     /bin/mkdir -p /Users/runner/Library/Developer/Xcode/DerivedData/QelvoraApp-chovwfzcihvbrjemwlhqppehhyoa/Build/Products/Debug-iphonesimulator/QelvoraApp.app
2026-09-30T23:38:37.0783420Z 
2026-09-30T23:38:37.0791360Z ProcessInfoPlistFile /Users/runner/Library/Developer/Xcode/DerivedData/QelvoraApp-chovwfzcihvbrjemwlhqppehhyoa/Build/Products/Debug-iphonesimulator/QelvoraNative_QelvoraUI.bundle/Info.plist /Users/runner/Library/Developer/Xcode/DerivedData/QelvoraApp-chovwfzcihvbrjemwlhqppehhyoa/Build/Intermediates.noindex/QelvoraNative.build/Debug-iphonesimulator/QelvoraNative_QelvoraUI.build/empty-QelvoraNative_QelvoraUI.plist (in target 'QelvoraNative_QelvoraUI' from project 'QelvoraNative')
2026-09-30T23:38:37.0800400Z     cd /Users/runner/work/creator-platform/creator-platform/apps/ios
2026-09-30T23:38:37.0810440Z     builtin-infoPlistUtility /Users/runner/Library/Developer/Xcode/DerivedData/QelvoraApp-chovwfzcihvbrjemwlhqppehhyoa/Build/Intermediates.noindex/QelvoraNative.build/Debug-iphonesimulator/QelvoraNative_QelvoraUI.build/empty-QelvoraNative_QelvoraUI.plist -producttype com.apple.product-type.bundle -expandbuildsettings -format binary -platform iphonesimulator -o /Users/runner/Library/Developer/Xcode/DerivedData/QelvoraApp-chovwfzcihvbrjemwlhqppehhyoa/Build/Products/Debug-iphonesimulator/QelvoraNative_QelvoraUI.bundle/Info.plist
2026-09-30T23:38:37.0819620Z 
2026-09-30T23:38:37.0825450Z CpResource /Users/runner/Library/Developer/Xcode/DerivedData/QelvoraApp-chovwfzcihvbrjemwlhqppehhyoa/Build/Products/Debug-iphonesimulator/QelvoraNative_QelvoraUI.bundle/Newsreader-OFL.txt /Users/runner/work/creator-platform/creator-platform/apps/ios/Sources/Resources/Fonts/Newsreader-OFL.txt (in target 'QelvoraNative_QelvoraUI' from project 'QelvoraNative')
2026-09-30T23:38:37.0832440Z     cd /Users/runner/work/creator-platform/creator-platform/apps/ios
2026-09-30T23:38:37.0840700Z     builtin-copy -exclude .DS_Store -exclude CVS -exclude .svn -exclude .git -exclude .hg -resolve-src-symlinks /Users/runner/work/creator-platform/creator-platform/apps/ios/Sources/Resources/Fonts/Newsreader-OFL.txt /Users/runner/Library/Developer/Xcode/DerivedData/QelvoraApp-chovwfzcihvbrjemwlhqppehhyoa/Build/Products/Debug-iphonesimulator/QelvoraNative_QelvoraUI.bundle
2026-09-30T23:38:37.0847050Z 
2026-09-30T23:38:37.0852700Z CpResource /Users/runner/Library/Developer/Xcode/DerivedData/QelvoraApp-chovwfzcihvbrjemwlhqppehhyoa/Build/Products/Debug-iphonesimulator/QelvoraNative_QelvoraUI.bundle/Newsreader.ttf /Users/runner/work/creator-platform/creator-platform/apps/ios/Sources/Resources/Fonts/Newsreader.ttf (in target 'QelvoraNative_QelvoraUI' from project 'QelvoraNative')
2026-09-30T23:38:37.0859540Z     cd /Users/runner/work/creator-platform/creator-platform/apps/ios
2026-09-30T23:38:37.0867070Z     builtin-copy -exclude .DS_Store -exclude CVS -exclude .svn -exclude .git -exclude .hg -resolve-src-symlinks /Users/runner/work/creator-platform/creator-platform/apps/ios/Sources/Resources/Fonts/Newsreader.ttf /Users/runner/Library/Developer/Xcode/DerivedData/QelvoraApp-chovwfzcihvbrjemwlhqppehhyoa/Build/Products/Debug-iphonesimulator/QelvoraNative_QelvoraUI.bundle
2026-09-30T23:38:37.0875900Z 
2026-09-30T23:38:37.0881490Z CpResource /Users/runner/Library/Developer/Xcode/DerivedData/QelvoraApp-chovwfzcihvbrjemwlhqppehhyoa/Build/Products/Debug-iphonesimulator/QelvoraNative_QelvoraUI.bundle/Newsreader-Italic.ttf /Users/runner/work/creator-platform/creator-platform/apps/ios/Sources/Resources/Fonts/Newsreader-Italic.ttf (in target 'QelvoraNative_QelvoraUI' from project 'QelvoraNative')
2026-09-30T23:38:37.0887990Z     cd /Users/runner/work/creator-platform/creator-platform/apps/ios
2026-09-30T23:38:37.0894810Z     builtin-copy -exclude .DS_Store -exclude CVS -exclude .svn -exclude .git -exclude .hg -resolve-src-symlinks /Users/runner/work/creator-platform/creator-platform/apps/ios/Sources/Resources/Fonts/Newsreader-Italic.ttf /Users/runner/Library/Developer/Xcode/DerivedData/QelvoraApp-chovwfzcihvbrjemwlhqppehhyoa/Build/Products/Debug-iphonesimulator/QelvoraNative_QelvoraUI.bundle
2026-09-30T23:38:37.0902610Z 
2026-09-30T23:38:37.0909470Z CpResource /Users/runner/Library/Developer/Xcode/DerivedData/QelvoraApp-chovwfzcihvbrjemwlhqppehhyoa/Build/Products/Debug-iphonesimulator/QelvoraNative_QelvoraUI.bundle/Glyphs.json /Users/runner/work/creator-platform/creator-platform/apps/ios/Sources/Resources/Glyphs.json (in target 'QelvoraNative_QelvoraUI' from project 'QelvoraNative')
2026-09-30T23:38:37.0916060Z     cd /Users/runner/work/creator-platform/creator-platform/apps/ios
2026-09-30T23:38:37.0922950Z     builtin-copy -exclude .DS_Store -exclude CVS -exclude .svn -exclude .git -exclude .hg -resolve-src-symlinks /Users/runner/work/creator-platform/creator-platform/apps/ios/Sources/Resources/Glyphs.json /Users/runner/Library/Developer/Xcode/DerivedData/QelvoraApp-chovwfzcihvbrjemwlhqppehhyoa/Build/Products/Debug-iphonesimulator/QelvoraNative_QelvoraUI.bundle
2026-09-30T23:38:37.0928830Z 
2026-09-30T23:38:37.0934340Z CpResource /Users/runner/Library/Developer/Xcode/DerivedData/QelvoraApp-chovwfzcihvbrjemwlhqppehhyoa/Build/Products/Debug-iphonesimulator/QelvoraNative_QelvoraUI.bundle/GeistMono.ttf /Users/runner/work/creator-platform/creator-platform/apps/ios/Sources/Resources/Fonts/GeistMono.ttf (in target 'QelvoraNative_QelvoraUI' from project 'QelvoraNative')
2026-09-30T23:38:37.0941720Z     cd /Users/runner/work/creator-platform/creator-platform/apps/ios
2026-09-30T23:38:37.0948290Z     builtin-copy -exclude .DS_Store -exclude CVS -exclude .svn -exclude .git -exclude .hg -resolve-src-symlinks /Users/runner/work/creator-platform/creator-platform/apps/ios/Sources/Resources/Fonts/GeistMono.ttf /Users/runner/Library/Developer/Xcode/DerivedData/QelvoraApp-chovwfzcihvbrjemwlhqppehhyoa/Build/Products/Debug-iphonesimulator/QelvoraNative_QelvoraUI.bundle
2026-09-30T23:38:37.0954620Z 
2026-09-30T23:38:37.0961750Z CpResource /Users/runner/Library/Developer/Xcode/DerivedData/QelvoraApp-chovwfzcihvbrjemwlhqppehhyoa/Build/Products/Debug-iphonesimulator/QelvoraNative_QelvoraUI.bundle/GeistMono-OFL.txt /Users/runner/work/creator-platform/creator-platform/apps/ios/Sources/Resources/Fonts/GeistMono-OFL.txt (in target 'QelvoraNative_QelvoraUI' from project 'QelvoraNative')
2026-09-30T23:38:37.0968750Z     cd /Users/runner/work/creator-platform/creator-platform/apps/ios
2026-09-30T23:38:37.0981060Z     builtin-copy -exclude .DS_Store -exclude CVS -exclude .svn -exclude .git -exclude .hg -resolve-src-symlinks /Users/runner/work/creator-platform/creator-platform/apps/ios/Sources/Resources/Fonts/GeistMono-OFL.txt /Users/runner/Library/Developer/Xcode/DerivedData/QelvoraApp-chovwfzcihvbrjemwlhqppehhyoa/Build/Products/Debug-iphonesimulator/QelvoraNative_QelvoraUI.bundle
2026-09-30T23:38:37.0988950Z 
2026-09-30T23:38:37.1001320Z CpResource /Users/runner/Library/Developer/Xcode/DerivedData/QelvoraApp-chovwfzcihvbrjemwlhqppehhyoa/Build/Products/Debug-iphonesimulator/QelvoraNative_QelvoraUI.bundle/GeistMono-Italic.ttf /Users/runner/work/creator-platform/creator-platform/apps/ios/Sources/Resources/Fonts/GeistMono-Italic.ttf (in target 'QelvoraNative_QelvoraUI' from project 'QelvoraNative')
2026-09-30T23:38:37.1012190Z     cd /Users/runner/work/creator-platform/creator-platform/apps/ios
2026-09-30T23:38:37.1019260Z     builtin-copy -exclude .DS_Store -exclude CVS -exclude .svn -exclude .git -exclude .hg -resolve-src-symlinks /Users/runner/work/creator-platform/creator-platform/apps/ios/Sources/Resources/Fonts/GeistMono-Italic.ttf /Users/runner/Library/Developer/Xcode/DerivedData/QelvoraApp-chovwfzcihvbrjemwlhqppehhyoa/Build/Products/Debug-iphonesimulator/QelvoraNative_QelvoraUI.bundle
2026-09-30T23:38:37.1025610Z 
2026-09-30T23:38:37.1031060Z CpResource /Users/runner/Library/Developer/Xcode/DerivedData/QelvoraApp-chovwfzcihvbrjemwlhqppehhyoa/Build/Products/Debug-iphonesimulator/QelvoraNative_QelvoraUI.bundle/Geist.ttf /Users/runner/work/creator-platform/creator-platform/apps/ios/Sources/Resources/Fonts/Geist.ttf (in target 'QelvoraNative_QelvoraUI' from project 'QelvoraNative')
2026-09-30T23:38:37.1039060Z     cd /Users/runner/work/creator-platform/creator-platform/apps/ios
2026-09-30T23:38:37.1045840Z     builtin-copy -exclude .DS_Store -exclude CVS -exclude .svn -exclude .git -exclude .hg -resolve-src-symlinks /Users/runner/work/creator-platform/creator-platform/apps/ios/Sources/Resources/Fonts/Geist.ttf /Users/runner/Library/Developer/Xcode/DerivedData/QelvoraApp-chovwfzcihvbrjemwlhqppehhyoa/Build/Products/Debug-iphonesimulator/QelvoraNative_QelvoraUI.bundle
2026-09-30T23:38:37.1051990Z 
2026-09-30T23:38:37.1057560Z CpResource /Users/runner/Library/Developer/Xcode/DerivedData/QelvoraApp-chovwfzcihvbrjemwlhqppehhyoa/Build/Products/Debug-iphonesimulator/QelvoraNative_QelvoraUI.bundle/Geist-OFL.txt /Users/runner/work/creator-platform/creator-platform/apps/ios/Sources/Resources/Fonts/Geist-OFL.txt (in target 'QelvoraNative_QelvoraUI' from project 'QelvoraNative')
2026-09-30T23:38:37.1064290Z     cd /Users/runner/work/creator-platform/creator-platform/apps/ios
2026-09-30T23:38:37.1071180Z     builtin-copy -exclude .DS_Store -exclude CVS -exclude .svn -exclude .git -exclude .hg -resolve-src-symlinks /Users/runner/work/creator-platform/creator-platform/apps/ios/Sources/Resources/Fonts/Geist-OFL.txt /Users/runner/Library/Developer/Xcode/DerivedData/QelvoraApp-chovwfzcihvbrjemwlhqppehhyoa/Build/Products/Debug-iphonesimulator/QelvoraNative_QelvoraUI.bundle
2026-09-30T23:38:37.1077400Z 
2026-09-30T23:38:37.1083520Z CpResource /Users/runner/Library/Developer/Xcode/DerivedData/QelvoraApp-chovwfzcihvbrjemwlhqppehhyoa/Build/Products/Debug-iphonesimulator/QelvoraNative_QelvoraUI.bundle/Geist-Italic.ttf /Users/runner/work/creator-platform/creator-platform/apps/ios/Sources/Resources/Fonts/Geist-Italic.ttf (in target 'QelvoraNative_QelvoraUI' from project 'QelvoraNative')
2026-09-30T23:38:37.1090400Z     cd /Users/runner/work/creator-platform/creator-platform/apps/ios
2026-09-30T23:38:37.1098320Z     builtin-copy -exclude .DS_Store -exclude CVS -exclude .svn -exclude .git -exclude .hg -resolve-src-symlinks /Users/runner/work/creator-platform/creator-platform/apps/ios/Sources/Resources/Fonts/Geist-Italic.ttf /Users/runner/Library/Developer/Xcode/DerivedData/QelvoraApp-chovwfzcihvbrjemwlhqppehhyoa/Build/Products/Debug-iphonesimulator/QelvoraNative_QelvoraUI.bundle
2026-09-30T23:38:37.1105370Z 
2026-09-30T23:38:37.1111360Z CompileXCStrings /Users/runner/Library/Developer/Xcode/DerivedData/QelvoraApp-chovwfzcihvbrjemwlhqppehhyoa/Build/Intermediates.noindex/QelvoraNative.build/Debug-iphonesimulator/QelvoraNative_QelvoraUI.build/ /Users/runner/work/creator-platform/creator-platform/apps/ios/Sources/Generated/Localizable.xcstrings (in target 'QelvoraNative_QelvoraUI' from project 'QelvoraNative')
2026-09-30T23:38:37.1119530Z     cd /Users/runner/work/creator-platform/creator-platform/apps/ios
2026-09-30T23:38:37.1126850Z     /Applications/Xcode_26.5.app/Contents/Developer/usr/bin/xcstringstool compile --output-directory /Users/runner/Library/Developer/Xcode/DerivedData/QelvoraApp-chovwfzcihvbrjemwlhqppehhyoa/Build/Intermediates.noindex/QelvoraNative.build/Debug-iphonesimulator/QelvoraNative_QelvoraUI.build /Users/runner/work/creator-platform/creator-platform/apps/ios/Sources/Generated/Localizable.xcstrings
2026-09-30T23:38:37.1133320Z 
2026-09-30T23:38:37.1141040Z CopyStringsFile /Users/runner/Library/Developer/Xcode/DerivedData/QelvoraApp-chovwfzcihvbrjemwlhqppehhyoa/Build/Products/Debug-iphonesimulator/QelvoraNative_QelvoraUI.bundle/en.lproj/Localizable.strings /Users/runner/Library/Developer/Xcode/DerivedData/QelvoraApp-chovwfzcihvbrjemwlhqppehhyoa/Build/Intermediates.noindex/QelvoraNative.build/Debug-iphonesimulator/QelvoraNative_QelvoraUI.build/en.lproj/Localizable.strings (in target 'QelvoraNative_QelvoraUI' from project 'QelvoraNative')
2026-09-30T23:38:37.1150990Z     cd /Users/runner/work/creator-platform/creator-platform/apps/ios
2026-09-30T23:38:37.1163250Z     builtin-copyStrings --validate --outputencoding binary --outfilename Localizable.strings --outdir /Users/runner/Library/Developer/Xcode/DerivedData/QelvoraApp-chovwfzcihvbrjemwlhqppehhyoa/Build/Products/Debug-iphonesimulator/QelvoraNative_QelvoraUI.bundle/en.lproj -- /Users/runner/Library/Developer/Xcode/DerivedData/QelvoraApp-chovwfzcihvbrjemwlhqppehhyoa/Build/Intermediates.noindex/QelvoraNative.build/Debug-iphonesimulator/QelvoraNative_QelvoraUI.build/en.lproj/Localizable.strings
2026-09-30T23:38:37.1178490Z /Users/runner/Library/Developer/Xcode/DerivedData/QelvoraApp-chovwfzcihvbrjemwlhqppehhyoa/Build/Intermediates.noindex/QelvoraNative.build/Debug-iphonesimulator/QelvoraNative_QelvoraUI.build/en.lproj/Localizable.strings:1:1: note: detected encoding of input file as Unicode (UTF-8) (in target 'QelvoraNative_QelvoraUI' from project 'QelvoraNative')
2026-09-30T23:38:37.1185230Z 
2026-09-30T23:38:37.1188490Z CodeSign /Users/runner/Library/Developer/Xcode/DerivedData/QelvoraApp-chovwfzcihvbrjemwlhqppehhyoa/Build/Products/Debug-iphonesimulator/QelvoraNative_QelvoraUI.bundle (in target 'QelvoraNative_QelvoraUI' from project 'QelvoraNative')
2026-09-30T23:38:37.1193140Z     cd /Users/runner/work/creator-platform/creator-platform/apps/ios
2026-09-30T23:38:37.1194530Z     
2026-09-30T23:38:37.1195320Z     Signing Identity:     "Sign to Run Locally"
2026-09-30T23:38:37.1196620Z     
2026-09-30T23:38:37.1200830Z     /usr/bin/codesign --force --sign - --timestamp\=none --generate-entitlement-der /Users/runner/Library/Developer/Xcode/DerivedData/QelvoraApp-chovwfzcihvbrjemwlhqppehhyoa/Build/Products/Debug-iphonesimulator/QelvoraNative_QelvoraUI.bundle
2026-09-30T23:38:37.1210380Z 
2026-09-30T23:38:37.1214560Z RegisterExecutionPolicyException /Users/runner/Library/Developer/Xcode/DerivedData/QelvoraApp-chovwfzcihvbrjemwlhqppehhyoa/Build/Products/Debug-iphonesimulator/QelvoraNative_QelvoraUI.bundle (in target 'QelvoraNative_QelvoraUI' from project 'QelvoraNative')
2026-09-30T23:38:37.1223200Z     cd /Users/runner/work/creator-platform/creator-platform/apps/ios
2026-09-30T23:38:37.1229180Z     builtin-RegisterExecutionPolicyException /Users/runner/Library/Developer/Xcode/DerivedData/QelvoraApp-chovwfzcihvbrjemwlhqppehhyoa/Build/Products/Debug-iphonesimulator/QelvoraNative_QelvoraUI.bundle
2026-09-30T23:38:37.1233050Z 
2026-09-30T23:38:37.1236580Z Touch /Users/runner/Library/Developer/Xcode/DerivedData/QelvoraApp-chovwfzcihvbrjemwlhqppehhyoa/Build/Products/Debug-iphonesimulator/QelvoraNative_QelvoraUI.bundle (in target 'QelvoraNative_QelvoraUI' from project 'QelvoraNative')
2026-09-30T23:38:37.1241800Z     cd /Users/runner/work/creator-platform/creator-platform/apps/ios
2026-09-30T23:38:37.1245660Z     /usr/bin/touch -c /Users/runner/Library/Developer/Xcode/DerivedData/QelvoraApp-chovwfzcihvbrjemwlhqppehhyoa/Build/Products/Debug-iphonesimulator/QelvoraNative_QelvoraUI.bundle
2026-09-30T23:38:37.1248960Z 
2026-09-30T23:38:37.1250630Z SwiftDriver QelvoraUI normal x86_64 com.apple.xcode.tools.swift.compiler (in target 'QelvoraUI' from project 'QelvoraNative')
2026-09-30T23:38:37.1258960Z     cd /Users/runner/work/creator-platform/creator-platform/apps/ios/QelvoraApp.xcodeproj
2026-09-30T23:38:37.1358870Z     builtin-SwiftDriver -- /Applications/Xcode_26.5.app/Contents/Developer/Toolchains/XcodeDefault.xctoolchain/usr/bin/swiftc -module-name QelvoraUI -Onone @/Users/runner/Library/Developer/Xcode/DerivedData/QelvoraApp-chovwfzcihvbrjemwlhqppehhyoa/Build/Intermediates.noindex/QelvoraNative.build/Debug-iphonesimulator/QelvoraUI.build/Objects-normal/x86_64/QelvoraUI.SwiftFileList -DSWIFT_PACKAGE -DDEBUG -DSWIFT_MODULE_RESOURCE_BUNDLE_AVAILABLE -DXcode -plugin-path /Applications/Xcode_26.5.app/Contents/Developer/Toolchains/XcodeDefault.xctoolchain/usr/lib/swift/host/plugins/testing -enable-experimental-feature DebugDescriptionMacro -sdk /Applications/Xcode_26.5.app/Contents/Developer/Platforms/iPhoneSimulator.platform/Developer/SDKs/iPhoneSimulator26.5.sdk -target x86_64-apple-ios17.0-simulator -g -module-cache-path /Users/runner/Library/Developer/Xcode/DerivedData/ModuleCache.noindex -Xfrontend -serialize-debugging-options -enable-testing -index-store-path /Users/runner/Library/Developer/Xcode/DerivedData/QelvoraApp-chovwfzcihvbrjemwlhqppehhyoa/Index.noindex/DataStore -Xcc -D_LIBCPP_HARDENING_MODE\=_LIBCPP_HARDENING_MODE_DEBUG -swift-version 6 -I /Users/runner/Library/Developer/Xcode/DerivedData/QelvoraApp-chovwfzcihvbrjemwlhqppehhyoa/Build/Products/Debug-iphonesimulator -Isystem /Applications/Xcode_26.5.app/Contents/Developer/Platforms/iPhoneSimulator.platform/Developer/usr/lib -F /Users/runner/Library/Developer/Xcode/DerivedData/QelvoraApp-chovwfzcihvbrjemwlhqppehhyoa/Build/Products/Debug-iphonesimulator -F /Applications/Xcode_26.5.app/Contents/Developer/Platforms/iPhoneSimulator.platform/Developer/Library/Frameworks -F /Applications/Xcode_26.5.app/Contents/Developer/Platforms/iPhoneSimulator.platform/Developer/SDKs/iPhoneSimulator26.5.sdk/Developer/Library/Frameworks -c -j4 -enable-batch-mode -incremental -Xcc -ivfsstatcache -Xcc /Users/runner/Library/Developer/Xcode/DerivedData/SDKStatCaches.noindex/iphonesimulator26.5-23F73-688ef53f1462e2c8f657fdc38a81448ffb7d586738ff35573a713a18216ade27.sdkstatcache -output-file-map /Users/runner/Library/Developer/Xcode/DerivedData/QelvoraApp-chovwfzcihvbrjemwlhqppehhyoa/Build/Intermediates.noindex/QelvoraNative.build/Debug-iphonesimulator/QelvoraUI.build/Objects-normal/x86_64/QelvoraUI-OutputFileMap.json -use-frontend-parseable-output -save-temps -no-color-diagnostics -explicit-module-build -module-cache-path /Users/runner/Library/Developer/Xcode/DerivedData/QelvoraApp-chovwfzcihvbrjemwlhqppehhyoa/Build/Intermediates.noindex/SwiftExplicitPrecompiledModules -clang-scanner-module-cache-path /Users/runner/Library/Developer/Xcode/DerivedData/ModuleCache.noindex -sdk-module-cache-path /Users/runner/Library/Developer/Xcode/DerivedData/ModuleCache.noindex -serialize-diagnostics -emit-dependencies -emit-module -emit-module-path /Users/runner/Library/Developer/Xcode/DerivedData/QelvoraApp-chovwfzcihvbrjemwlhqppehhyoa/Build/Intermediates.noindex/QelvoraNative.build/Debug-iphonesimulator/QelvoraUI.build/Objects-normal/x86_64/QelvoraUI.swiftmodule -validate-clang-modules-once -clang-build-session-file /Users/runner/Library/Developer/Xcode/DerivedData/ModuleCache.noindex/Session.modulevalidation -package-name ios -Xcc -I/Users/runner/Library/Developer/Xcode/DerivedData/QelvoraApp-chovwfzcihvbrjemwlhqppehhyoa/Build/Intermediates.noindex/QelvoraNative.build/Debug-iphonesimulator/QelvoraUI.build/swift-overrides.hmap -emit-const-values -Xfrontend -const-gather-protocols-file -Xfrontend /Users/runner/Library/Developer/Xcode/DerivedData/QelvoraApp-chovwfzcihvbrjemwlhqppehhyoa/Build/Intermediates.noindex/QelvoraNative.build/Debug-iphonesimulator/QelvoraUI.build/Objects-normal/x86_64/QelvoraUI_const_extract_protocols.json -Xcc -I/Users/runner/Library/Developer/Xcode/DerivedData/QelvoraApp-chovwfzcihvbrjemwlhqppehhyoa/Build/Products/Debug-iphonesimulator/include -Xcc -I/Users/runner/Library/Developer/Xcode/DerivedData/QelvoraApp-chovwfzcihvbrjemwlhqppehhyoa/Build/Intermediates.noindex/QelvoraNative.build/Debug-iphonesimulator/QelvoraUI.build/DerivedSources-normal/x86_64 -Xcc -I/Users/runner/Library/Developer/Xcode/DerivedData/QelvoraApp-chovwfzcihvbrjemwlhqppehhyoa/Build/Intermediates.noindex/QelvoraNative.build/Debug-iphonesimulator/QelvoraUI.build/DerivedSources/x86_64 -Xcc -I/Users/runner/Library/Developer/Xcode/DerivedData/QelvoraApp-chovwfzcihvbrjemwlhqppehhyoa/Build/Intermediates.noindex/QelvoraNative.build/Debug-iphonesimulator/QelvoraUI.build/DerivedSources -Xcc -DSWIFT_PACKAGE -Xcc -DDEBUG\=1 -emit-objc-header -emit-objc-header-path /Users/runner/Library/Developer/Xcode/DerivedData/QelvoraApp-chovwfzcihvbrjemwlhqppehhyoa/Build/Intermediates.noindex/QelvoraNative.build/Debug-iphonesimulator/QelvoraUI.build/Objects-normal/x86_64/QelvoraUI-Swift.h -working-directory /Users/runner/work/creator-platform/creator-platform/apps/ios/QelvoraApp.xcodeproj -experimental-emit-module-separately -disable-cmo
2026-09-30T23:38:43.7408680Z 
2026-09-30T23:38:43.9906770Z SwiftExplicitDependencyGeneratePcm x86_64 /Users/runner/Library/Developer/Xcode/DerivedData/ModuleCache.noindex/_Builtin_float-7O5RL1IYS2YNGNLFNH98XPVMP.pcm
2026-09-30T23:38:44.3379340Z 
2026-09-30T23:38:44.4386180Z SwiftExplicitDependencyGeneratePcm x86_64 /Users/runner/Library/Developer/Xcode/DerivedData/ModuleCache.noindex/_StoreKit_SwiftUI-A7FHHY4ZPYT7RNWRNZMY2R0UP.pcm
2026-09-30T23:38:44.5029340Z 
2026-09-30T23:38:44.6037510Z SwiftExplicitDependencyGeneratePcm x86_64 /Users/runner/Library/Developer/Xcode/DerivedData/ModuleCache.noindex/ptrcheck-8LSFR110QL8SNL9Z4K0XJ41IF.pcm
2026-09-30T23:38:44.6040190Z 
2026-09-30T23:38:44.7045670Z SwiftExplicitDependencyGeneratePcm x86_64 /Users/runner/Library/Developer/Xcode/DerivedData/ModuleCache.noindex/_Builtin_stddef-9QASR7TNXQDBJNQDBQTWK25MY.pcm
2026-09-30T23:38:44.8035770Z 
2026-09-30T23:38:44.8227400Z SwiftExplicitDependencyGeneratePcm x86_64 /Users/runner/Library/Developer/Xcode/DerivedData/ModuleCache.noindex/_Builtin_stdarg-EYEDTO4CEPB4FPT057OQKM4O4.pcm
2026-09-30T23:38:44.8323800Z 
2026-09-30T23:38:44.8328780Z SwiftExplicitDependencyGeneratePcm x86_64 /Users/runner/Library/Developer/Xcode/DerivedData/ModuleCache.noindex/ptrauth-5Z1UW69P35RBGXOY5A1MWM9F7.pcm
2026-09-30T23:38:44.8340490Z 
2026-09-30T23:38:44.8418010Z SwiftExplicitDependencyGeneratePcm x86_64 /Users/runner/Library/Developer/Xcode/DerivedData/ModuleCache.noindex/_AvailabilityInternal-KCTHWZ0PBFC90WV2S834ZVTV.pcm
2026-09-30T23:38:44.8478170Z 
2026-09-30T23:38:44.8483780Z SwiftExplicitDependencyGeneratePcm x86_64 /Users/runner/Library/Developer/Xcode/DerivedData/ModuleCache.noindex/SwiftShims-PC9YHNZSTEA9TM6AHD404ZY7.pcm
2026-09-30T23:38:44.8490310Z 
2026-09-30T23:38:44.8497020Z SwiftExplicitDependencyGeneratePcm x86_64 /Users/runner/Library/Developer/Xcode/DerivedData/ModuleCache.noindex/_Builtin_stdbool-CL67E67MASA80G0IAQPYG9XGT.pcm
2026-09-30T23:38:44.8504210Z 
2026-09-30T23:38:44.8509660Z SwiftExplicitDependencyGeneratePcm x86_64 /Users/runner/Library/Developer/Xcode/DerivedData/ModuleCache.noindex/_SwiftConcurrencyShims-BQYVDNRZOWUNIEWD4CVHJB9EH.pcm
2026-09-30T23:38:44.8516180Z 
2026-09-30T23:38:44.8524480Z SwiftExplicitDependencyGeneratePcm x86_64 /Users/runner/Library/Developer/Xcode/DerivedData/ModuleCache.noindex/DeveloperToolsSupport-600OVK7ZD5YFBI3ZMG8IXPNKH.pcm
2026-09-30T23:38:44.8840290Z 
2026-09-30T23:38:44.8844010Z SwiftExplicitDependencyGeneratePcm x86_64 /Users/runner/Library/Developer/Xcode/DerivedData/ModuleCache.noindex/_DarwinFoundation1-8ARVAI4I1Y7S29YB222DCWT1O.pcm
2026-09-30T23:38:44.9861930Z 
2026-09-30T23:38:44.9875880Z SwiftExplicitDependencyGeneratePcm x86_64 /Users/runner/Library/Developer/Xcode/DerivedData/ModuleCache.noindex/_DarwinFoundation2-ALB7RON6DEK2VRUVN97CA5JEC.pcm
2026-09-30T23:38:45.4127380Z 
2026-09-30T23:38:45.4444760Z SwiftExplicitDependencyGeneratePcm x86_64 /Users/runner/Library/Developer/Xcode/DerivedData/ModuleCache.noindex/_Builtin_limits-GNB6J5TLZEX8YZ7B4QKD0NNF.pcm
2026-09-30T23:38:45.4473510Z 
2026-09-30T23:38:45.4486010Z SwiftExplicitDependencyGeneratePcm x86_64 /Users/runner/Library/Developer/Xcode/DerivedData/ModuleCache.noindex/ExtensionFoundation-E3FIGCAA6Y6PEHMY20BRWK854.pcm
2026-09-30T23:38:45.4489880Z 
2026-09-30T23:38:45.4494430Z SwiftExplicitDependencyGeneratePcm x86_64 /Users/runner/Library/Developer/Xcode/DerivedData/ModuleCache.noindex/sys_types-D2ZJKHW9HFS3JCF9L0ZDN2K0Q.pcm
2026-09-30T23:38:45.6637860Z 
2026-09-30T23:38:45.7649870Z SwiftExplicitDependencyGeneratePcm x86_64 /Users/runner/Library/Developer/Xcode/DerivedData/ModuleCache.noindex/_Builtin_stdint-DNLT5NLFL2YESD5DWDSWLWU8E.pcm
2026-09-30T23:38:45.7683250Z 
2026-09-30T23:38:45.7687230Z SwiftExplicitDependencyGeneratePcm x86_64 /Users/runner/Library/Developer/Xcode/DerivedData/ModuleCache.noindex/_Builtin_tgmath-2X9XRU9EKZRD6A6O19ARQDE7K.pcm
2026-09-30T23:38:45.7691580Z 
2026-09-30T23:38:45.7695250Z SwiftExplicitDependencyGeneratePcm x86_64 /Users/runner/Library/Developer/Xcode/DerivedData/ModuleCache.noindex/_DarwinFoundation3-AU3AI4RXHYV9OCVTMWVR8AJON.pcm
2026-09-30T23:38:46.2252040Z 
2026-09-30T23:38:46.2395880Z SwiftExplicitDependencyGeneratePcm x86_64 /Users/runner/Library/Developer/Xcode/DerivedData/ModuleCache.noindex/_Builtin_stdatomic-5AQ2SLB5X0QCOTMZXZJ1SKIU7.pcm
2026-09-30T23:38:46.2439620Z 
2026-09-30T23:38:46.2447760Z SwiftExplicitDependencyGeneratePcm x86_64 /Users/runner/Library/Developer/Xcode/DerivedData/ModuleCache.noindex/_Builtin_intrinsics-UQTDDCJK9YEF3DW02AJSMHTI.pcm
2026-09-30T23:38:49.5778310Z 
2026-09-30T23:38:49.5783250Z SwiftExplicitDependencyGeneratePcm x86_64 /Users/runner/Library/Developer/Xcode/DerivedData/ModuleCache.noindex/_Builtin_inttypes-B3RMBR4PAQNZTGDEWJ7C54UF2.pcm
2026-09-30T23:38:49.5789390Z 
2026-09-30T23:38:49.5792900Z SwiftExplicitDependencyGeneratePcm x86_64 /Users/runner/Library/Developer/Xcode/DerivedData/ModuleCache.noindex/Darwin-8M52C4HQHU7YUH54OUW83RF2Z.pcm
2026-09-30T23:38:49.5795860Z 
2026-09-30T23:38:49.5798550Z SwiftExplicitDependencyGeneratePcm x86_64 /Users/runner/Library/Developer/Xcode/DerivedData/ModuleCache.noindex/ObjectiveC-9B27PH7WO7W6XYNO3SCFQJQ78.pcm
2026-09-30T23:38:49.5801370Z 
2026-09-30T23:38:49.5804080Z SwiftExplicitDependencyGeneratePcm x86_64 /Users/runner/Library/Developer/Xcode/DerivedData/ModuleCache.noindex/MachO-5R1YIFQON4UYUPG7JK09BNRPU.pcm
2026-09-30T23:38:49.5806970Z 
2026-09-30T23:38:49.5809590Z SwiftExplicitDependencyGeneratePcm x86_64 /Users/runner/Library/Developer/Xcode/DerivedData/ModuleCache.noindex/os_object-9BONLARNZR2YYN7H1576QZ5EK.pcm
2026-09-30T23:38:49.5812550Z 
2026-09-30T23:38:49.5815190Z SwiftExplicitDependencyGeneratePcm x86_64 /Users/runner/Library/Developer/Xcode/DerivedData/ModuleCache.noindex/os_workgroup-CE3IMR5R6CVABXP69DT9V4QD1.pcm
2026-09-30T23:38:49.6797620Z 
2026-09-30T23:38:49.6813010Z SwiftExplicitDependencyGeneratePcm x86_64 /Users/runner/Library/Developer/Xcode/DerivedData/ModuleCache.noindex/simd-216K2TW90JWH3C9CYDKAEG6Y1.pcm
2026-09-30T23:38:54.8123350Z 
2026-09-30T23:38:54.8159000Z SwiftExplicitDependencyGeneratePcm x86_64 /Users/runner/Library/Developer/Xcode/DerivedData/ModuleCache.noindex/Dispatch-6B8QQKQUX3T9Z85TYRSHVX2KX.pcm
2026-09-30T23:38:54.8191350Z 
2026-09-30T23:38:54.8212200Z SwiftExplicitDependencyGeneratePcm x86_64 /Users/runner/Library/Developer/Xcode/DerivedData/ModuleCache.noindex/dnssd-6C7ND4NRY847FSIQ96B7NPD6T.pcm
2026-09-30T23:38:54.8223050Z 
2026-09-30T23:38:54.8237510Z SwiftExplicitDependencyGeneratePcm x86_64 /Users/runner/Library/Developer/Xcode/DerivedData/ModuleCache.noindex/XPC-BXVUKEWWDTBCHX1DQIUZDL034.pcm
2026-09-30T23:38:54.8242590Z 
2026-09-30T23:38:54.8247230Z SwiftExplicitDependencyGeneratePcm x86_64 /Users/runner/Library/Developer/Xcode/DerivedData/ModuleCache.noindex/CoreFoundation-3SMAL3M870IB8YKFILNWHTRLA.pcm
2026-09-30T23:38:54.8252600Z 
2026-09-30T23:38:54.8257600Z SwiftExplicitDependencyGeneratePcm x86_64 /Users/runner/Library/Developer/Xcode/DerivedData/ModuleCache.noindex/os-E9PKNHY6A4MEOVWZT55VIQXA1.pcm
2026-09-30T23:38:54.8262300Z 
2026-09-30T23:38:54.8266970Z SwiftExplicitDependencyGeneratePcm x86_64 /Users/runner/Library/Developer/Xcode/DerivedData/ModuleCache.noindex/CFNetwork-CRG3MXFPCODE5H9K3YQ5VZ76B.pcm
2026-09-30T23:38:54.8271400Z 
2026-09-30T23:38:54.8276900Z SwiftExplicitDependencyGeneratePcm x86_64 /Users/runner/Library/Developer/Xcode/DerivedData/ModuleCache.noindex/Security-15BGT0D9141762IMZL1KZYWJT.pcm
2026-09-30T23:38:54.8287010Z 
2026-09-30T23:38:54.8292720Z SwiftExplicitDependencyGeneratePcm x86_64 /Users/runner/Library/Developer/Xcode/DerivedData/ModuleCache.noindex/CoreAudioTypes-PPGC1UNAV746TUIOBS9TGQUR.pcm
2026-09-30T23:38:54.8300370Z 
2026-09-30T23:38:54.8304250Z SwiftExplicitDependencyGeneratePcm x86_64 /Users/runner/Library/Developer/Xcode/DerivedData/ModuleCache.noindex/CoreGraphics-8IHC9I8RJ84VO7Z7H5IM3W08B.pcm
2026-09-30T23:38:54.8307290Z 
2026-09-30T23:38:54.8309910Z SwiftExplicitDependencyGeneratePcm x86_64 /Users/runner/Library/Developer/Xcode/DerivedData/ModuleCache.noindex/CoreAudio-8OADD9J2S8J6AST1Z4QURGQNE.pcm
2026-09-30T23:38:54.8314210Z 
2026-09-30T23:38:54.8316830Z SwiftExplicitDependencyGeneratePcm x86_64 /Users/runner/Library/Developer/Xcode/DerivedData/ModuleCache.noindex/Foundation-DL39F2OGD5678DTPN0U40QII6.pcm
2026-09-30T23:38:55.0426550Z 
2026-09-30T23:38:55.1448020Z SwiftExplicitDependencyGeneratePcm x86_64 /Users/runner/Library/Developer/Xcode/DerivedData/ModuleCache.noindex/CoreText-F2CMU3RU1LQNAUYSOIOR2RCVI.pcm
2026-09-30T23:38:55.2448600Z 
2026-09-30T23:38:55.3186230Z SwiftExplicitDependencyGeneratePcm x86_64 /Users/runner/Library/Developer/Xcode/DerivedData/ModuleCache.noindex/ImageIO-AIZIBE4UPHXUNXURBL14H25BW.pcm
2026-09-30T23:38:55.3347850Z 
2026-09-30T23:38:55.3912900Z SwiftExplicitDependencyGeneratePcm x86_64 /Users/runner/Library/Developer/Xcode/DerivedData/ModuleCache.noindex/Spatial-BUWHOD7KZBNRNVLD4TREMMWQB.pcm
2026-09-30T23:38:56.4096040Z 
2026-09-30T23:38:56.5101540Z SwiftExplicitDependencyGeneratePcm x86_64 /Users/runner/Library/Developer/Xcode/DerivedData/ModuleCache.noindex/BackgroundAssets-C9Y6IW8H7M1WB5OWC51NAIWB9.pcm
2026-09-30T23:38:56.6102500Z 
2026-09-30T23:38:56.7109920Z SwiftExplicitDependencyGeneratePcm x86_64 /Users/runner/Library/Developer/Xcode/DerivedData/ModuleCache.noindex/UniformTypeIdentifiers-7L9Y4SNJB0J37TMFLKPAT1IXX.pcm
2026-09-30T23:38:56.7785180Z 
2026-09-30T23:38:56.8021150Z SwiftExplicitDependencyGeneratePcm x86_64 /Users/runner/Library/Developer/Xcode/DerivedData/ModuleCache.noindex/UIUtilities-EJYX96HKVKHMCYPYIX60SOI3.pcm
2026-09-30T23:38:56.9029560Z 
2026-09-30T23:38:56.9402310Z SwiftExplicitDependencyGeneratePcm x86_64 /Users/runner/Library/Developer/Xcode/DerivedData/ModuleCache.noindex/Network-5CAPH4GWFT4MFPC240GQNXL63.pcm
2026-09-30T23:38:56.9490900Z 
2026-09-30T23:38:56.9955280Z SwiftExplicitDependencyGeneratePcm x86_64 /Users/runner/Library/Developer/Xcode/DerivedData/ModuleCache.noindex/OSLog-186TEDSUE5FCR6BN9MODI64GT.pcm
2026-09-30T23:38:57.0033120Z 
2026-09-30T23:38:57.0086660Z SwiftExplicitDependencyGeneratePcm x86_64 /Users/runner/Library/Developer/Xcode/DerivedData/ModuleCache.noindex/DataDetection-CGTLAH4Y5NIT12K4PH5IVVSVZ.pcm
2026-09-30T23:38:57.1095040Z 
2026-09-30T23:38:57.1101130Z SwiftExplicitDependencyGeneratePcm x86_64 /Users/runner/Library/Developer/Xcode/DerivedData/ModuleCache.noindex/OpenGLES-COU2QCBGTVF5PADRERUKA85KC.pcm
2026-09-30T23:38:57.1190320Z 
2026-09-30T23:38:57.1289480Z SwiftExplicitDependencyGeneratePcm x86_64 /Users/runner/Library/Developer/Xcode/DerivedData/ModuleCache.noindex/FileProvider-5A7WHTPV39YTQJQWAJGBCSN1U.pcm
2026-09-30T23:38:57.1305420Z 
2026-09-30T23:38:57.1321800Z SwiftExplicitDependencyGeneratePcm x86_64 /Users/runner/Library/Developer/Xcode/DerivedData/ModuleCache.noindex/UserNotifications-ABYXTYVJWIQMX1BIJX4078B72.pcm
2026-09-30T23:38:57.1339460Z 
2026-09-30T23:38:57.1350210Z SwiftExplicitDependencyGeneratePcm x86_64 /Users/runner/Library/Developer/Xcode/DerivedData/ModuleCache.noindex/Accessibility-9VBSYOGKNMGXCGLXW8MO82267.pcm
2026-09-30T23:38:57.1370510Z 
2026-09-30T23:38:57.1549880Z SwiftExplicitDependencyGeneratePcm x86_64 /Users/runner/Library/Developer/Xcode/DerivedData/ModuleCache.noindex/CoreTransferable-EZCE4XF1CMJP226E0QL46SKZT.pcm
2026-09-30T23:38:57.1863660Z 
2026-09-30T23:38:57.2095500Z SwiftExplicitDependencyGeneratePcm x86_64 /Users/runner/Library/Developer/Xcode/DerivedData/ModuleCache.noindex/CoreData-3NORPLFDOB2YOYL0OIBKAKX0K.pcm
2026-09-30T23:38:57.2979460Z 
2026-09-30T23:38:57.3130820Z SwiftExplicitDependencyGeneratePcm x86_64 /Users/runner/Library/Developer/Xcode/DerivedData/ModuleCache.noindex/Symbols-9GTSPHE8UPA8OK50YKB1LRKM8.pcm
2026-09-30T23:38:57.3181870Z 
2026-09-30T23:38:57.3282180Z SwiftExplicitDependencyGeneratePcm x86_64 /Users/runner/Library/Developer/Xcode/DerivedData/ModuleCache.noindex/LocalAuthentication-EKCGK9NDNN0YTJBYNJY17US6.pcm
2026-09-30T23:38:57.3320720Z 
2026-09-30T23:38:57.3545860Z SwiftExplicitDependencyGeneratePcm x86_64 /Users/runner/Library/Developer/Xcode/DerivedData/ModuleCache.noindex/IOSurface-4GB3X3Z544K7BKYMUA2IX1N1T.pcm
2026-09-30T23:38:57.3577790Z 
2026-09-30T23:38:57.4334640Z SwiftExplicitDependencyGeneratePcm x86_64 /Users/runner/Library/Developer/Xcode/DerivedData/ModuleCache.noindex/CallKit-DBK1MI2YYO3IPYPTVJYQZVRYR.pcm
2026-09-30T23:38:57.4391690Z 
2026-09-30T23:38:57.4540760Z SwiftExplicitDependencyGeneratePcm x86_64 /Users/runner/Library/Developer/Xcode/DerivedData/ModuleCache.noindex/CoreMIDI-C1EBF2WG2TKOLWS9ZFUDQKPGE.pcm
2026-09-30T23:38:57.7559940Z 
2026-09-30T23:38:57.7880920Z SwiftExplicitDependencyGeneratePcm x86_64 /Users/runner/Library/Developer/Xcode/DerivedData/ModuleCache.noindex/AVRouting-CJCJT9ENVAND01ZFMM701UGQX.pcm
2026-09-30T23:38:57.7892340Z 
2026-09-30T23:38:57.7896210Z SwiftExplicitDependencyGeneratePcm x86_64 /Users/runner/Library/Developer/Xcode/DerivedData/ModuleCache.noindex/Metal-DXLTBBTZF1IG8PVUSDD9MJHGH.pcm
2026-09-30T23:38:58.5130320Z 
2026-09-30T23:38:58.5366170Z SwiftExplicitDependencyGeneratePcm x86_64 /Users/runner/Library/Developer/Xcode/DerivedData/ModuleCache.noindex/AudioToolbox-272DD9I7MLJR10F4G6HG6OLX7.pcm
2026-09-30T23:38:58.6212320Z 
2026-09-30T23:38:58.6226590Z SwiftExplicitDependencyGeneratePcm x86_64 /Users/runner/Library/Developer/Xcode/DerivedData/ModuleCache.noindex/CoreVideo-5L9TUTSGJWA924IZINAS91438.pcm
2026-09-30T23:38:58.8294470Z 
2026-09-30T23:38:58.8638570Z SwiftExplicitDependencyGeneratePcm x86_64 /Users/runner/Library/Developer/Xcode/DerivedData/ModuleCache.noindex/CoreImage-AQ0KPUX5HAMV5BD4UAK2SG0WQ.pcm
2026-09-30T23:38:59.6271740Z 
2026-09-30T23:38:59.7188150Z SwiftExplicitDependencyGeneratePcm x86_64 /Users/runner/Library/Developer/Xcode/DerivedData/ModuleCache.noindex/QuartzCore-7N5I0LWHHTGJYOMR2SL8YQFMG.pcm
2026-09-30T23:38:59.8188670Z 
2026-09-30T23:38:59.9195080Z SwiftExplicitDependencyGeneratePcm x86_64 /Users/runner/Library/Developer/Xcode/DerivedData/ModuleCache.noindex/CoreMedia-BFD66CQQMFYW45ZZ17F1256GG.pcm
2026-09-30T23:39:00.0204720Z 
2026-09-30T23:39:00.1209930Z SwiftExplicitDependencyGeneratePcm x86_64 /Users/runner/Library/Developer/Xcode/DerivedData/ModuleCache.noindex/SwiftUICore-7AJLRWTV8W6AIF8I3UAOM48YE.pcm
2026-09-30T23:39:00.1357400Z 
2026-09-30T23:39:00.1361550Z SwiftExplicitDependencyGeneratePcm x86_64 /Users/runner/Library/Developer/Xcode/DerivedData/ModuleCache.noindex/MediaToolbox-5QPG51YI6S5GT0XW00BTD8U52.pcm
2026-09-30T23:39:00.1658740Z 
2026-09-30T23:39:00.1661750Z SwiftExplicitDependencyGeneratePcm x86_64 /Users/runner/Library/Developer/Xcode/DerivedData/ModuleCache.noindex/AVFAudio-27MNCBM8MARHUQGI0HC7771OA.pcm
2026-09-30T23:39:00.4809940Z 
2026-09-30T23:39:00.4980640Z SwiftExplicitDependencyGeneratePcm x86_64 /Users/runner/Library/Developer/Xcode/DerivedData/ModuleCache.noindex/UIKit-TSP9Z43RLGMRECF52RGO4MU9.pcm
2026-09-30T23:39:02.9712910Z 
2026-09-30T23:39:02.9720360Z SwiftExplicitDependencyGeneratePcm x86_64 /Users/runner/Library/Developer/Xcode/DerivedData/ModuleCache.noindex/AVFoundation-5TVKQ15P0FTPPWRSVTS7UF0VB.pcm
2026-09-30T23:39:02.9724160Z 
2026-09-30T23:39:02.9728700Z SwiftExplicitDependencyGeneratePcm x86_64 /Users/runner/Library/Developer/Xcode/DerivedData/ModuleCache.noindex/AuthenticationServices-4WTONJACRP1ZVO8GDVRHWHB9Z.pcm
2026-09-30T23:39:03.5672410Z 
2026-09-30T23:39:03.5721690Z SwiftExplicitDependencyGeneratePcm x86_64 /Users/runner/Library/Developer/Xcode/DerivedData/ModuleCache.noindex/SwiftUI-68VGCARVZOP0PJIWIUOZXHSVZ.pcm
2026-09-30T23:39:03.5726380Z 
2026-09-30T23:39:03.5730190Z SwiftExplicitDependencyGeneratePcm x86_64 /Users/runner/Library/Developer/Xcode/DerivedData/ModuleCache.noindex/StoreKit-BQQNZN5EF8ZIUBL4HQ3MZLG2Q.pcm
2026-09-30T23:39:03.5733800Z 
2026-09-30T23:39:03.5735720Z SwiftEmitModule normal x86_64 Emitting\ module\ for\ QelvoraUI (in target 'QelvoraUI' from project 'QelvoraNative')
2026-09-30T23:39:03.8353960Z 
2026-09-30T23:39:03.9358490Z EmitSwiftModule normal x86_64 (in target 'QelvoraUI' from project 'QelvoraNative')
2026-09-30T23:39:04.0347760Z     cd /Users/runner/work/creator-platform/creator-platform/apps/ios/QelvoraApp.xcodeproj
2026-09-30T23:39:04.0481030Z     
2026-09-30T23:39:26.3810510Z /Users/runner/work/creator-platform/creator-platform/apps/ios/Sources/QelvoraUI/Trust.swift:23:93: warning: no 'async' operations occur within 'await' expression
2026-09-30T23:39:26.3885010Z     public init(baseURL: URL, token: @escaping @Sendable () async throws -> String? = { try await SecureSessionStorage().read() }) { self.baseURL = baseURL; self.token = token }
2026-09-30T23:39:26.3920270Z                                                                                             ^
2026-09-30T23:39:26.3940670Z 
2026-09-30T23:39:26.4096040Z SwiftCompile normal x86_64 Compiling\ Overlays.swift,\ PasskeyCeremony.swift,\ SessionStorage.swift,\ StudioComponents.swift,\ Theme.swift,\ ThreadComponents.swift,\ Trust.swift,\ Welcome.swift /Users/runner/work/creator-platform/creator-platform/apps/ios/Sources/QelvoraUI/Overlays.swift /Users/runner/work/creator-platform/creator-platform/apps/ios/Sources/QelvoraUI/PasskeyCeremony.swift /Users/runner/work/creator-platform/creator-platform/apps/ios/Sources/QelvoraUI/SessionStorage.swift /Users/runner/work/creator-platform/creator-platform/apps/ios/Sources/QelvoraUI/StudioComponents.swift /Users/runner/work/creator-platform/creator-platform/apps/ios/Sources/QelvoraUI/Theme.swift /Users/runner/work/creator-platform/creator-platform/apps/ios/Sources/QelvoraUI/ThreadComponents.swift /Users/runner/work/creator-platform/creator-platform/apps/ios/Sources/QelvoraUI/Trust.swift /Users/runner/work/creator-platform/creator-platform/apps/ios/Sources/QelvoraUI/Welcome.swift (in target 'QelvoraUI' from project 'QelvoraNative')
2026-09-30T23:39:26.5121330Z SwiftCompile normal x86_64 /Users/runner/work/creator-platform/creator-platform/apps/ios/Sources/QelvoraUI/Overlays.swift (in target 'QelvoraUI' from project 'QelvoraNative')
2026-09-30T23:39:26.6025690Z     cd /Users/runner/work/creator-platform/creator-platform/apps/ios/QelvoraApp.xcodeproj
2026-09-30T23:39:26.6435100Z     
2026-09-30T23:40:43.2364920Z /Users/runner/work/creator-platform/creator-platform/apps/ios/Sources/QelvoraUI/Overlays.swift:325:21: warning: call to main actor-isolated static method 'post(notification:argument:)' in a synchronous nonisolated context
2026-09-30T23:40:43.2389830Z     UIAccessibility.post(notification: .announcement, argument: text)
2026-09-30T23:40:43.2656850Z                     ^
2026-09-30T23:40:43.3202910Z /Applications/Xcode_26.5.app/Contents/Developer/Platforms/iPhoneSimulator.platform/Developer/SDKs/iPhoneSimulator26.5.sdk/System/Library/Frameworks/UIKit.framework/Headers/UIAccessibility.h:521:19: note: calls to static method 'post(notification:argument:)' from outside of its actor context are implicitly asynchronous
2026-09-30T23:40:43.3405390Z UIKIT_EXTERN void UIAccessibilityPostNotification(UIAccessibilityNotifications notification, __nullable id argument) API_UNAVAILABLE(watchos) NS_SWIFT_UI_ACTOR;
2026-09-30T23:40:43.3586840Z                   ^
2026-09-30T23:40:43.4596340Z /Users/runner/work/creator-platform/creator-platform/apps/ios/Sources/QelvoraUI/Overlays.swift:323:14: note: add '@MainActor' to make global function 'announce' part of global actor 'MainActor'
2026-09-30T23:40:43.5201430Z private func announce(_ text: String) {
2026-09-30T23:40:43.6175900Z              ^
2026-09-30T23:40:43.6291210Z @MainActor 
2026-09-30T23:40:43.7204710Z 
2026-09-30T23:40:43.7306550Z SwiftCompile normal x86_64 /Users/runner/work/creator-platform/creator-platform/apps/ios/Sources/QelvoraUI/PasskeyCeremony.swift (in target 'QelvoraUI' from project 'QelvoraNative')
2026-09-30T23:40:43.7396660Z     cd /Users/runner/work/creator-platform/creator-platform/apps/ios/QelvoraApp.xcodeproj
2026-09-30T23:40:43.7744510Z     
2026-09-30T23:40:43.8195510Z 
2026-09-30T23:40:43.8461410Z SwiftCompile normal x86_64 /Users/runner/work/creator-platform/creator-platform/apps/ios/Sources/QelvoraUI/SessionStorage.swift (in target 'QelvoraUI' from project 'QelvoraNative')
2026-09-30T23:40:43.8946640Z     cd /Users/runner/work/creator-platform/creator-platform/apps/ios/QelvoraApp.xcodeproj
2026-09-30T23:40:43.9952860Z     
2026-09-30T23:40:44.0955020Z 
2026-09-30T23:40:44.1960240Z SwiftCompile normal x86_64 /Users/runner/work/creator-platform/creator-platform/apps/ios/Sources/QelvoraUI/StudioComponents.swift (in target 'QelvoraUI' from project 'QelvoraNative')
2026-09-30T23:40:44.1964980Z     cd /Users/runner/work/creator-platform/creator-platform/apps/ios/QelvoraApp.xcodeproj
2026-09-30T23:40:44.2961710Z     
2026-09-30T23:40:44.3969310Z 
2026-09-30T23:40:44.4975870Z SwiftCompile normal x86_64 /Users/runner/work/creator-platform/creator-platform/apps/ios/Sources/QelvoraUI/Theme.swift (in target 'QelvoraUI' from project 'QelvoraNative')
2026-09-30T23:40:44.5849560Z     cd /Users/runner/work/creator-platform/creator-platform/apps/ios/QelvoraApp.xcodeproj
2026-09-30T23:40:44.6067600Z     
2026-09-30T23:40:44.7070880Z 
2026-09-30T23:40:44.7806380Z SwiftCompile normal x86_64 /Users/runner/work/creator-platform/creator-platform/apps/ios/Sources/QelvoraUI/ThreadComponents.swift (in target 'QelvoraUI' from project 'QelvoraNative')
2026-09-30T23:40:44.7882020Z     cd /Users/runner/work/creator-platform/creator-platform/apps/ios/QelvoraApp.xcodeproj
2026-09-30T23:40:44.8177950Z     
2026-09-30T23:40:44.8787000Z 
2026-09-30T23:40:44.9793340Z SwiftCompile normal x86_64 /Users/runner/work/creator-platform/creator-platform/apps/ios/Sources/QelvoraUI/Trust.swift (in target 'QelvoraUI' from project 'QelvoraNative')
2026-09-30T23:40:45.0794470Z     cd /Users/runner/work/creator-platform/creator-platform/apps/ios/QelvoraApp.xcodeproj
2026-09-30T23:40:45.1797850Z     
2026-09-30T23:40:45.2801890Z /Users/runner/work/creator-platform/creator-platform/apps/ios/Sources/QelvoraUI/Trust.swift:23:93: warning: no 'async' operations occur within 'await' expression
2026-09-30T23:40:45.3804860Z     public init(baseURL: URL, token: @escaping @Sendable () async throws -> String? = { try await SecureSessionStorage().read() }) { self.baseURL = baseURL; self.token = token }
2026-09-30T23:40:45.4812870Z                                                                                             ^
2026-09-30T23:40:45.5840220Z 
2026-09-30T23:40:45.6849240Z SwiftCompile normal x86_64 /Users/runner/work/creator-platform/creator-platform/apps/ios/Sources/QelvoraUI/Welcome.swift (in target 'QelvoraUI' from project 'QelvoraNative')
2026-09-30T23:40:45.7857720Z     cd /Users/runner/work/creator-platform/creator-platform/apps/ios/QelvoraApp.xcodeproj
2026-09-30T23:40:45.8857730Z     
2026-09-30T23:40:45.9859980Z 
2026-09-30T23:40:46.0882810Z SwiftCompile normal x86_64 Compiling\ GrowthPreferences.swift,\ Identity.swift,\ NativeCallCoordinator.swift,\ NativeCallOffers.swift,\ NativeCallView.swift,\ NativeMediaClient.swift,\ NativeVoiceRecorder.swift,\ W6FanFeatures.swift,\ Navigation.swift /Users/runner/work/creator-platform/creator-platform/apps/ios/Sources/QelvoraUI/GrowthPreferences.swift /Users/runner/work/creator-platform/creator-platform/apps/ios/Sources/QelvoraUI/Identity.swift /Users/runner/work/creator-platform/creator-platform/apps/ios/Sources/QelvoraUI/Media/NativeCallCoordinator.swift /Users/runner/work/creator-platform/creator-platform/apps/ios/Sources/QelvoraUI/Media/NativeCallOffers.swift /Users/runner/work/creator-platform/creator-platform/apps/ios/Sources/QelvoraUI/Media/NativeCallView.swift /Users/runner/work/creator-platform/creator-platform/apps/ios/Sources/QelvoraUI/Media/NativeMediaClient.swift /Users/runner/work/creator-platform/creator-platform/apps/ios/Sources/QelvoraUI/Media/NativeVoiceRecorder.swift /Users/runner/work/creator-platform/creator-platform/apps/ios/Sources/QelvoraUI/Media/W6FanFeatures.swift /Users/runner/work/creator-platform/creator-platform/apps/ios/Sources/QelvoraUI/Navigation.swift (in target 'QelvoraUI' from project 'QelvoraNative')
2026-09-30T23:40:46.1869830Z SwiftCompile normal x86_64 /Users/runner/work/creator-platform/creator-platform/apps/ios/Sources/QelvoraUI/GrowthPreferences.swift (in target 'QelvoraUI' from project 'QelvoraNative')
2026-09-30T23:40:46.2869660Z     cd /Users/runner/work/creator-platform/creator-platform/apps/ios/QelvoraApp.xcodeproj
2026-09-30T23:40:46.3872630Z     
2026-09-30T23:40:46.4875140Z 
2026-09-30T23:40:46.5215700Z SwiftCompile normal x86_64 /Users/runner/work/creator-platform/creator-platform/apps/ios/Sources/QelvoraUI/Identity.swift (in target 'QelvoraUI' from project 'QelvoraNative')
2026-09-30T23:40:46.6216650Z     cd /Users/runner/work/creator-platform/creator-platform/apps/ios/QelvoraApp.xcodeproj
2026-09-30T23:40:46.7225610Z     
2026-09-30T23:40:46.7444340Z 
2026-09-30T23:40:46.7589520Z SwiftCompile normal x86_64 /Users/runner/work/creator-platform/creator-platform/apps/ios/Sources/QelvoraUI/Media/NativeCallCoordinator.swift (in target 'QelvoraUI' from project 'QelvoraNative')
2026-09-30T23:40:46.7620020Z     cd /Users/runner/work/creator-platform/creator-platform/apps/ios/QelvoraApp.xcodeproj
2026-09-30T23:40:46.7992770Z     
2026-09-30T23:40:46.8998610Z /Users/runner/work/creator-platform/creator-platform/apps/ios/Sources/QelvoraUI/Media/NativeCallCoordinator.swift:21:29: warning: 'init(localizedName:)' was deprecated in iOS 14.0
2026-09-30T23:40:46.9864130Z         let configuration = CXProviderConfiguration(localizedName: brandName)
2026-09-30T23:40:47.0090660Z                             ^
2026-09-30T23:40:47.0498520Z 
2026-09-30T23:40:47.0569880Z SwiftCompile normal x86_64 /Users/runner/work/creator-platform/creator-platform/apps/ios/Sources/QelvoraUI/Media/NativeCallOffers.swift (in target 'QelvoraUI' from project 'QelvoraNative')
2026-09-30T23:40:47.0663700Z     cd /Users/runner/work/creator-platform/creator-platform/apps/ios/QelvoraApp.xcodeproj
2026-09-30T23:40:47.0708380Z     
2026-09-30T23:40:47.0801600Z 
2026-09-30T23:40:47.0963390Z SwiftCompile normal x86_64 /Users/runner/work/creator-platform/creator-platform/apps/ios/Sources/QelvoraUI/Media/NativeCallView.swift (in target 'QelvoraUI' from project 'QelvoraNative')
2026-09-30T23:40:47.1025250Z     cd /Users/runner/work/creator-platform/creator-platform/apps/ios/QelvoraApp.xcodeproj
2026-09-30T23:40:47.1116610Z     
2026-09-30T23:40:47.1180080Z 
2026-09-30T23:40:47.1240260Z SwiftCompile normal x86_64 /Users/runner/work/creator-platform/creator-platform/apps/ios/Sources/QelvoraUI/Media/NativeMediaClient.swift (in target 'QelvoraUI' from project 'QelvoraNative')
2026-09-30T23:40:47.2140830Z     cd /Users/runner/work/creator-platform/creator-platform/apps/ios/QelvoraApp.xcodeproj
2026-09-30T23:40:47.2178590Z     
2026-09-30T23:40:47.2714890Z 
2026-09-30T23:40:47.2720030Z SwiftCompile normal x86_64 /Users/runner/work/creator-platform/creator-platform/apps/ios/Sources/QelvoraUI/Media/NativeVoiceRecorder.swift (in target 'QelvoraUI' from project 'QelvoraNative')
2026-09-30T23:40:47.2726350Z     cd /Users/runner/work/creator-platform/creator-platform/apps/ios/QelvoraApp.xcodeproj
2026-09-30T23:40:47.2730060Z     
2026-09-30T23:40:47.2732350Z 
2026-09-30T23:40:47.2736870Z SwiftCompile normal x86_64 /Users/runner/work/creator-platform/creator-platform/apps/ios/Sources/QelvoraUI/Media/W6FanFeatures.swift (in target 'QelvoraUI' from project 'QelvoraNative')
2026-09-30T23:40:47.2742940Z     cd /Users/runner/work/creator-platform/creator-platform/apps/ios/QelvoraApp.xcodeproj
2026-09-30T23:40:47.2746550Z     
2026-09-30T23:40:47.2748790Z 
2026-09-30T23:40:47.2753170Z SwiftCompile normal x86_64 /Users/runner/work/creator-platform/creator-platform/apps/ios/Sources/QelvoraUI/Navigation.swift (in target 'QelvoraUI' from project 'QelvoraNative')
2026-09-30T23:40:47.2759390Z     cd /Users/runner/work/creator-platform/creator-platform/apps/ios/QelvoraApp.xcodeproj
2026-09-30T23:40:47.2763400Z     
2026-09-30T23:40:47.2765710Z 
2026-09-30T23:40:47.2788910Z SwiftCompile normal x86_64 Compiling\ resource_bundle_accessor.swift,\ QelvoraAPI.swift,\ QelvoraCopy.swift,\ QelvoraTokens.swift,\ AccessComponents.swift,\ Catalog.swift,\ CommerceClient.swift,\ CommerceFeature.swift,\ StoreMembership.swift /Users/runner/Library/Developer/Xcode/DerivedData/QelvoraApp-chovwfzcihvbrjemwlhqppehhyoa/Build/Intermediates.noindex/QelvoraNative.build/Debug-iphonesimulator/QelvoraUI.build/DerivedSources/resource_bundle_accessor.swift /Users/runner/work/creator-platform/creator-platform/apps/ios/Sources/Generated/QelvoraAPI.swift /Users/runner/work/creator-platform/creator-platform/apps/ios/Sources/Generated/QelvoraCopy.swift /Users/runner/work/creator-platform/creator-platform/apps/ios/Sources/Generated/QelvoraTokens.swift /Users/runner/work/creator-platform/creator-platform/apps/ios/Sources/QelvoraUI/AccessComponents.swift /Users/runner/work/creator-platform/creator-platform/apps/ios/Sources/QelvoraUI/Catalog.swift /Users/runner/work/creator-platform/creator-platform/apps/ios/Sources/QelvoraUI/Commerce/CommerceClient.swift /Users/runner/work/creator-platform/creator-platform/apps/ios/Sources/QelvoraUI/Commerce/CommerceFeature.swift /Users/runner/work/creator-platform/creator-platform/apps/ios/Sources/QelvoraUI/Commerce/StoreMembership.swift (in target 'QelvoraUI' from project 'QelvoraNative')
2026-09-30T23:40:47.2821670Z SwiftCompile normal x86_64 /Users/runner/Library/Developer/Xcode/DerivedData/QelvoraApp-chovwfzcihvbrjemwlhqppehhyoa/Build/Intermediates.noindex/QelvoraNative.build/Debug-iphonesimulator/QelvoraUI.build/DerivedSources/resource_bundle_accessor.swift (in target 'QelvoraUI' from project 'QelvoraNative')
2026-09-30T23:40:47.2860390Z     cd /Users/runner/work/creator-platform/creator-platform/apps/ios/QelvoraApp.xcodeproj
2026-09-30T23:40:47.2885710Z     
2026-09-30T23:40:57.7246430Z 
2026-09-30T23:40:57.7709860Z SwiftCompile normal x86_64 /Users/runner/work/creator-platform/creator-platform/apps/ios/Sources/Generated/QelvoraAPI.swift (in target 'QelvoraUI' from project 'QelvoraNative')
2026-09-30T23:40:57.8642540Z     cd /Users/runner/work/creator-platform/creator-platform/apps/ios/QelvoraApp.xcodeproj
2026-09-30T23:40:57.8844440Z     
2026-09-30T23:40:57.8966330Z 
2026-09-30T23:40:57.9401080Z SwiftCompile normal x86_64 /Users/runner/work/creator-platform/creator-platform/apps/ios/Sources/Generated/QelvoraCopy.swift (in target 'QelvoraUI' from project 'QelvoraNative')
2026-09-30T23:40:57.9761300Z     cd /Users/runner/work/creator-platform/creator-platform/apps/ios/QelvoraApp.xcodeproj
2026-09-30T23:40:57.9916650Z     
2026-09-30T23:40:58.0135300Z 
2026-09-30T23:40:58.0504780Z SwiftCompile normal x86_64 /Users/runner/work/creator-platform/creator-platform/apps/ios/Sources/Generated/QelvoraTokens.swift (in target 'QelvoraUI' from project 'QelvoraNative')
2026-09-30T23:40:58.1511840Z     cd /Users/runner/work/creator-platform/creator-platform/apps/ios/QelvoraApp.xcodeproj
2026-09-30T23:40:58.1974040Z     
2026-09-30T23:40:58.2976630Z 
2026-09-30T23:40:58.3983250Z SwiftCompile normal x86_64 /Users/runner/work/creator-platform/creator-platform/apps/ios/Sources/QelvoraUI/AccessComponents.swift (in target 'QelvoraUI' from project 'QelvoraNative')
2026-09-30T23:40:58.4990730Z     cd /Users/runner/work/creator-platform/creator-platform/apps/ios/QelvoraApp.xcodeproj
2026-09-30T23:40:58.5994710Z     
2026-09-30T23:40:58.6996930Z 
2026-09-30T23:40:58.8003380Z SwiftCompile normal x86_64 /Users/runner/work/creator-platform/creator-platform/apps/ios/Sources/QelvoraUI/Catalog.swift (in target 'QelvoraUI' from project 'QelvoraNative')
2026-09-30T23:40:58.9011570Z     cd /Users/runner/work/creator-platform/creator-platform/apps/ios/QelvoraApp.xcodeproj
2026-09-30T23:40:59.0018140Z     
2026-09-30T23:40:59.1021230Z 
2026-09-30T23:40:59.2027310Z SwiftCompile normal x86_64 /Users/runner/work/creator-platform/creator-platform/apps/ios/Sources/QelvoraUI/Commerce/CommerceClient.swift (in target 'QelvoraUI' from project 'QelvoraNative')
2026-09-30T23:40:59.3035380Z     cd /Users/runner/work/creator-platform/creator-platform/apps/ios/QelvoraApp.xcodeproj
2026-09-30T23:40:59.4039920Z     
2026-09-30T23:40:59.5043860Z 
2026-09-30T23:40:59.6049290Z SwiftCompile normal x86_64 /Users/runner/work/creator-platform/creator-platform/apps/ios/Sources/QelvoraUI/Commerce/CommerceFeature.swift (in target 'QelvoraUI' from project 'QelvoraNative')
2026-09-30T23:40:59.7057420Z     cd /Users/runner/work/creator-platform/creator-platform/apps/ios/QelvoraApp.xcodeproj
2026-09-30T23:40:59.8063460Z     
2026-09-30T23:40:59.9069770Z 
2026-09-30T23:41:00.0241950Z SwiftCompile normal x86_64 /Users/runner/work/creator-platform/creator-platform/apps/ios/Sources/QelvoraUI/Commerce/StoreMembership.swift (in target 'QelvoraUI' from project 'QelvoraNative')
2026-09-30T23:41:00.0466390Z     cd /Users/runner/work/creator-platform/creator-platform/apps/ios/QelvoraApp.xcodeproj
2026-09-30T23:41:00.1027510Z     
2026-09-30T23:41:00.1349900Z 
2026-09-30T23:41:00.1506330Z SwiftCompile normal x86_64 Compiling\ StoreMembershipPane.swift,\ ComponentPreview.swift,\ Controls.swift,\ Conversation.swift,\ CredentialSettings.swift,\ DeliveryProtocol.swift,\ FanShell.swift,\ Glyph.swift,\ Growth.swift /Users/runner/work/creator-platform/creator-platform/apps/ios/Sources/QelvoraUI/Commerce/StoreMembershipPane.swift /Users/runner/work/creator-platform/creator-platform/apps/ios/Sources/QelvoraUI/ComponentPreview.swift /Users/runner/work/creator-platform/creator-platform/apps/ios/Sources/QelvoraUI/Controls.swift /Users/runner/work/creator-platform/creator-platform/apps/ios/Sources/QelvoraUI/Conversation.swift /Users/runner/work/creator-platform/creator-platform/apps/ios/Sources/QelvoraUI/CredentialSettings.swift /Users/runner/work/creator-platform/creator-platform/apps/ios/Sources/QelvoraUI/DeliveryProtocol.swift /Users/runner/work/creator-platform/creator-platform/apps/ios/Sources/QelvoraUI/FanShell.swift /Users/runner/work/creator-platform/creator-platform/apps/ios/Sources/QelvoraUI/Glyph.swift /Users/runner/work/creator-platform/creator-platform/apps/ios/Sources/QelvoraUI/Growth.swift (in target 'QelvoraUI' from project 'QelvoraNative')
2026-09-30T23:41:00.2209970Z SwiftCompile normal x86_64 /Users/runner/work/creator-platform/creator-platform/apps/ios/Sources/QelvoraUI/Commerce/StoreMembershipPane.swift (in target 'QelvoraUI' from project 'QelvoraNative')
2026-09-30T23:41:00.2533220Z     cd /Users/runner/work/creator-platform/creator-platform/apps/ios/QelvoraApp.xcodeproj
2026-09-30T23:41:00.2763630Z     
2026-09-30T23:41:00.2808980Z 
2026-09-30T23:41:00.3088870Z SwiftCompile normal x86_64 /Users/runner/work/creator-platform/creator-platform/apps/ios/Sources/QelvoraUI/ComponentPreview.swift (in target 'QelvoraUI' from project 'QelvoraNative')
2026-09-30T23:41:00.3355100Z     cd /Users/runner/work/creator-platform/creator-platform/apps/ios/QelvoraApp.xcodeproj
2026-09-30T23:41:00.3809370Z     
2026-09-30T23:41:00.4813310Z 
2026-09-30T23:41:00.5818980Z SwiftCompile normal x86_64 /Users/runner/work/creator-platform/creator-platform/apps/ios/Sources/QelvoraUI/Controls.swift (in target 'QelvoraUI' from project 'QelvoraNative')
2026-09-30T23:41:00.6840630Z     cd /Users/runner/work/creator-platform/creator-platform/apps/ios/QelvoraApp.xcodeproj
2026-09-30T23:41:00.7850820Z     
2026-09-30T23:41:00.7859880Z 
2026-09-30T23:41:00.8868140Z SwiftCompile normal x86_64 /Users/runner/work/creator-platform/creator-platform/apps/ios/Sources/QelvoraUI/Conversation.swift (in target 'QelvoraUI' from project 'QelvoraNative')
2026-09-30T23:41:00.9876510Z     cd /Users/runner/work/creator-platform/creator-platform/apps/ios/QelvoraApp.xcodeproj
2026-09-30T23:41:01.0871570Z     
2026-09-30T23:41:01.1874560Z 
2026-09-30T23:41:01.2320950Z SwiftCompile normal x86_64 /Users/runner/work/creator-platform/creator-platform/apps/ios/Sources/QelvoraUI/CredentialSettings.swift (in target 'QelvoraUI' from project 'QelvoraNative')
2026-09-30T23:41:01.2439100Z     cd /Users/runner/work/creator-platform/creator-platform/apps/ios/QelvoraApp.xcodeproj
2026-09-30T23:41:01.3122700Z     
2026-09-30T23:41:01.3321450Z 
2026-09-30T23:41:01.3388540Z SwiftCompile normal x86_64 /Users/runner/work/creator-platform/creator-platform/apps/ios/Sources/QelvoraUI/DeliveryProtocol.swift (in target 'QelvoraUI' from project 'QelvoraNative')
2026-09-30T23:41:01.3573460Z     cd /Users/runner/work/creator-platform/creator-platform/apps/ios/QelvoraApp.xcodeproj
2026-09-30T23:41:01.3957760Z     
2026-09-30T23:41:01.4004910Z 
2026-09-30T23:41:01.4108100Z SwiftCompile normal x86_64 /Users/runner/work/creator-platform/creator-platform/apps/ios/Sources/QelvoraUI/FanShell.swift (in target 'QelvoraUI' from project 'QelvoraNative')
2026-09-30T23:41:01.4276440Z     cd /Users/runner/work/creator-platform/creator-platform/apps/ios/QelvoraApp.xcodeproj
2026-09-30T23:41:01.4337750Z     
2026-09-30T23:41:01.4406690Z 
2026-09-30T23:41:01.4430740Z SwiftCompile normal x86_64 /Users/runner/work/creator-platform/creator-platform/apps/ios/Sources/QelvoraUI/Glyph.swift (in target 'QelvoraUI' from project 'QelvoraNative')
2026-09-30T23:41:01.4455480Z     cd /Users/runner/work/creator-platform/creator-platform/apps/ios/QelvoraApp.xcodeproj
2026-09-30T23:41:01.4848210Z     
2026-09-30T23:41:01.4957840Z 
2026-09-30T23:41:01.4981130Z SwiftCompile normal x86_64 /Users/runner/work/creator-platform/creator-platform/apps/ios/Sources/QelvoraUI/Growth.swift (in target 'QelvoraUI' from project 'QelvoraNative')
2026-09-30T23:41:01.5069870Z     cd /Users/runner/work/creator-platform/creator-platform/apps/ios/QelvoraApp.xcodeproj
2026-09-30T23:41:01.5093090Z     
2026-09-30T23:41:01.5111800Z 
2026-09-30T23:41:01.5314200Z SwiftDriverJobDiscovery normal x86_64 Emitting module for QelvoraUI (in target 'QelvoraUI' from project 'QelvoraNative')
2026-09-30T23:41:01.5366850Z 
2026-09-30T23:41:01.5591630Z SwiftDriver\ Compilation\ Requirements QelvoraUI normal x86_64 com.apple.xcode.tools.swift.compiler (in target 'QelvoraUI' from project 'QelvoraNative')
2026-09-30T23:41:01.5656990Z     cd /Users/runner/work/creator-platform/creator-platform/apps/ios/QelvoraApp.xcodeproj
2026-09-30T23:41:01.5773270Z     builtin-Swift-Compilation-Requirements -- /Applications/Xcode_26.5.app/Contents/Developer/Toolchains/XcodeDefault.xctoolchain/usr/bin/swiftc -module-name QelvoraUI -Onone @/Users/runner/Library/Developer/Xcode/DerivedData/QelvoraApp-chovwfzcihvbrjemwlhqppehhyoa/Build/Intermediates.noindex/QelvoraNative.build/Debug-iphonesimulator/QelvoraUI.build/Objects-normal/x86_64/QelvoraUI.SwiftFileList -DSWIFT_PACKAGE -DDEBUG -DSWIFT_MODULE_RESOURCE_BUNDLE_AVAILABLE -DXcode -plugin-path /Applications/Xcode_26.5.app/Contents/Developer/Toolchains/XcodeDefault.xctoolchain/usr/lib/swift/host/plugins/testing -enable-experimental-feature DebugDescriptionMacro -sdk /Applications/Xcode_26.5.app/Contents/Developer/Platforms/iPhoneSimulator.platform/Developer/SDKs/iPhoneSimulator26.5.sdk -target x86_64-apple-ios17.0-simulator -g -module-cache-path /Users/runner/Library/Developer/Xcode/DerivedData/ModuleCache.noindex -Xfrontend -serialize-debugging-options -enable-testing -index-store-path /Users/runner/Library/Developer/Xcode/DerivedData/QelvoraApp-chovwfzcihvbrjemwlhqppehhyoa/Index.noindex/DataStore -Xcc -D_LIBCPP_HARDENING_MODE\=_LIBCPP_HARDENING_MODE_DEBUG -swift-version 6 -I /Users/runner/Library/Developer/Xcode/DerivedData/QelvoraApp-chovwfzcihvbrjemwlhqppehhyoa/Build/Products/Debug-iphonesimulator -Isystem /Applications/Xcode_26.5.app/Contents/Developer/Platforms/iPhoneSimulator.platform/Developer/usr/lib -F /Users/runner/Library/Developer/Xcode/DerivedData/QelvoraApp-chovwfzcihvbrjemwlhqppehhyoa/Build/Products/Debug-iphonesimulator -F /Applications/Xcode_26.5.app/Contents/Developer/Platforms/iPhoneSimulator.platform/Developer/Library/Frameworks -F /Applications/Xcode_26.5.app/Contents/Developer/Platforms/iPhoneSimulator.platform/Developer/SDKs/iPhoneSimulator26.5.sdk/Developer/Library/Frameworks -c -j4 -enable-batch-mode -incremental -Xcc -ivfsstatcache -Xcc /Users/runner/Library/Developer/Xcode/DerivedData/SDKStatCaches.noindex/iphonesimulator26.5-23F73-688ef53f1462e2c8f657fdc38a81448ffb7d586738ff35573a713a18216ade27.sdkstatcache -output-file-map /Users/runner/Library/Developer/Xcode/DerivedData/QelvoraApp-chovwfzcihvbrjemwlhqppehhyoa/Build/Intermediates.noindex/QelvoraNative.build/Debug-iphonesimulator/QelvoraUI.build/Objects-normal/x86_64/QelvoraUI-OutputFileMap.json -use-frontend-parseable-output -save-temps -no-color-diagnostics -explicit-module-build -module-cache-path /Users/runner/Library/Developer/Xcode/DerivedData/QelvoraApp-chovwfzcihvbrjemwlhqppehhyoa/Build/Intermediates.noindex/SwiftExplicitPrecompiledModules -clang-scanner-module-cache-path /Users/runner/Library/Developer/Xcode/DerivedData/ModuleCache.noindex -sdk-module-cache-path /Users/runner/Library/Developer/Xcode/DerivedData/ModuleCache.noindex -serialize-diagnostics -emit-dependencies -emit-module -emit-module-path /Users/runner/Library/Developer/Xcode/DerivedData/QelvoraApp-chovwfzcihvbrjemwlhqppehhyoa/Build/Intermediates.noindex/QelvoraNative.build/Debug-iphonesimulator/QelvoraUI.build/Objects-normal/x86_64/QelvoraUI.swiftmodule -validate-clang-modules-once -clang-build-session-file /Users/runner/Library/Developer/Xcode/DerivedData/ModuleCache.noindex/Session.modulevalidation -package-name ios -Xcc -I/Users/runner/Library/Developer/Xcode/DerivedData/QelvoraApp-chovwfzcihvbrjemwlhqppehhyoa/Build/Intermediates.noindex/QelvoraNative.build/Debug-iphonesimulator/QelvoraUI.build/swift-overrides.hmap -emit-const-values -Xfrontend -const-gather-protocols-file -Xfrontend /Users/runner/Library/Developer/Xcode/DerivedData/QelvoraApp-chovwfzcihvbrjemwlhqppehhyoa/Build/Intermediates.noindex/QelvoraNative.build/Debug-iphonesimulator/QelvoraUI.build/Objects-normal/x86_64/QelvoraUI_const_extract_protocols.json -Xcc -I/Users/runner/Library/Developer/Xcode/DerivedData/QelvoraApp-chovwfzcihvbrjemwlhqppehhyoa/Build/Products/Debug-iphonesimulator/include -Xcc -I/Users/runner/Library/Developer/Xcode/DerivedData/QelvoraApp-chovwfzcihvbrjemwlhqppehhyoa/Build/Intermediates.noindex/QelvoraNative.build/Debug-iphonesimulator/QelvoraUI.build/DerivedSources-normal/x86_64 -Xcc -I/Users/runner/Library/Developer/Xcode/DerivedData/QelvoraApp-chovwfzcihvbrjemwlhqppehhyoa/Build/Intermediates.noindex/QelvoraNative.build/Debug-iphonesimulator/QelvoraUI.build/DerivedSources/x86_64 -Xcc -I/Users/runner/Library/Developer/Xcode/DerivedData/QelvoraApp-chovwfzcihvbrjemwlhqppehhyoa/Build/Intermediates.noindex/QelvoraNative.build/Debug-iphonesimulator/QelvoraUI.build/DerivedSources -Xcc -DSWIFT_PACKAGE -Xcc -DDEBUG\=1 -emit-objc-header -emit-objc-header-path /Users/runner/Library/Developer/Xcode/DerivedData/QelvoraApp-chovwfzcihvbrjemwlhqppehhyoa/Build/Intermediates.noindex/QelvoraNative.build/Debug-iphonesimulator/QelvoraUI.build/Objects-normal/x86_64/QelvoraUI-Swift.h -working-directory /Users/runner/work/creator-platform/creator-platform/apps/ios/QelvoraApp.xcodeproj -experimental-emit-module-separately -disable-cmo
2026-09-30T23:41:01.6675520Z 
2026-09-30T23:41:01.6876970Z SwiftDriverJobDiscovery normal x86_64 Compiling Overlays.swift, PasskeyCeremony.swift, SessionStorage.swift, StudioComponents.swift, Theme.swift, ThreadComponents.swift, Trust.swift, Welcome.swift (in target 'QelvoraUI' from project 'QelvoraNative')
2026-09-30T23:41:01.6999440Z 
2026-09-30T23:41:01.8042720Z SwiftMergeGeneratedHeaders /Users/runner/Library/Developer/Xcode/DerivedData/QelvoraApp-chovwfzcihvbrjemwlhqppehhyoa/Build/Intermediates.noindex/GeneratedModuleMaps-iphonesimulator/QelvoraUI-Swift.h /Users/runner/Library/Developer/Xcode/DerivedData/QelvoraApp-chovwfzcihvbrjemwlhqppehhyoa/Build/Intermediates.noindex/QelvoraNative.build/Debug-iphonesimulator/QelvoraUI.build/Objects-normal/x86_64/QelvoraUI-Swift.h (in target 'QelvoraUI' from project 'QelvoraNative')
2026-09-30T23:41:01.9173200Z     cd /Users/runner/work/creator-platform/creator-platform/apps/ios
2026-09-30T23:41:02.0187630Z     builtin-swiftHeaderTool -arch x86_64 /Users/runner/Library/Developer/Xcode/DerivedData/QelvoraApp-chovwfzcihvbrjemwlhqppehhyoa/Build/Intermediates.noindex/QelvoraNative.build/Debug-iphonesimulator/QelvoraUI.build/Objects-normal/x86_64/QelvoraUI-Swift.h -o /Users/runner/Library/Developer/Xcode/DerivedData/QelvoraApp-chovwfzcihvbrjemwlhqppehhyoa/Build/Intermediates.noindex/GeneratedModuleMaps-iphonesimulator/QelvoraUI-Swift.h
2026-09-30T23:41:02.1201270Z 
2026-09-30T23:41:02.2213100Z Copy /Users/runner/Library/Developer/Xcode/DerivedData/QelvoraApp-chovwfzcihvbrjemwlhqppehhyoa/Build/Products/Debug-iphonesimulator/QelvoraUI.swiftmodule/x86_64-apple-ios-simulator.swiftmodule /Users/runner/Library/Developer/Xcode/DerivedData/QelvoraApp-chovwfzcihvbrjemwlhqppehhyoa/Build/Intermediates.noindex/QelvoraNative.build/Debug-iphonesimulator/QelvoraUI.build/Objects-normal/x86_64/QelvoraUI.swiftmodule (in target 'QelvoraUI' from project 'QelvoraNative')
2026-09-30T23:41:02.2850730Z     cd /Users/runner/work/creator-platform/creator-platform/apps/ios
2026-09-30T23:41:02.3861460Z     builtin-copy -exclude .DS_Store -exclude CVS -exclude .svn -exclude .git -exclude .hg -resolve-src-symlinks -rename /Users/runner/Library/Developer/Xcode/DerivedData/QelvoraApp-chovwfzcihvbrjemwlhqppehhyoa/Build/Intermediates.noindex/QelvoraNative.build/Debug-iphonesimulator/QelvoraUI.build/Objects-normal/x86_64/QelvoraUI.swiftmodule /Users/runner/Library/Developer/Xcode/DerivedData/QelvoraApp-chovwfzcihvbrjemwlhqppehhyoa/Build/Products/Debug-iphonesimulator/QelvoraUI.swiftmodule/x86_64-apple-ios-simulator.swiftmodule
2026-09-30T23:41:02.3949940Z 
2026-09-30T23:41:02.4177450Z Copy /Users/runner/Library/Developer/Xcode/DerivedData/QelvoraApp-chovwfzcihvbrjemwlhqppehhyoa/Build/Products/Debug-iphonesimulator/QelvoraUI.swiftmodule/x86_64-apple-ios-simulator.swiftdoc /Users/runner/Library/Developer/Xcode/DerivedData/QelvoraApp-chovwfzcihvbrjemwlhqppehhyoa/Build/Intermediates.noindex/QelvoraNative.build/Debug-iphonesimulator/QelvoraUI.build/Objects-normal/x86_64/QelvoraUI.swiftdoc (in target 'QelvoraUI' from project 'QelvoraNative')
2026-09-30T23:41:02.5188810Z     cd /Users/runner/work/creator-platform/creator-platform/apps/ios
2026-09-30T23:41:02.6202760Z     builtin-copy -exclude .DS_Store -exclude CVS -exclude .svn -exclude .git -exclude .hg -resolve-src-symlinks -rename /Users/runner/Library/Developer/Xcode/DerivedData/QelvoraApp-chovwfzcihvbrjemwlhqppehhyoa/Build/Intermediates.noindex/QelvoraNative.build/Debug-iphonesimulator/QelvoraUI.build/Objects-normal/x86_64/QelvoraUI.swiftdoc /Users/runner/Library/Developer/Xcode/DerivedData/QelvoraApp-chovwfzcihvbrjemwlhqppehhyoa/Build/Products/Debug-iphonesimulator/QelvoraUI.swiftmodule/x86_64-apple-ios-simulator.swiftdoc
2026-09-30T23:41:02.7196690Z 
2026-09-30T23:41:02.8232410Z Copy /Users/runner/Library/Developer/Xcode/DerivedData/QelvoraApp-chovwfzcihvbrjemwlhqppehhyoa/Build/Products/Debug-iphonesimulator/QelvoraUI.swiftmodule/x86_64-apple-ios-simulator.abi.json /Users/runner/Library/Developer/Xcode/DerivedData/QelvoraApp-chovwfzcihvbrjemwlhqppehhyoa/Build/Intermediates.noindex/QelvoraNative.build/Debug-iphonesimulator/QelvoraUI.build/Objects-normal/x86_64/QelvoraUI.abi.json (in target 'QelvoraUI' from project 'QelvoraNative')
2026-09-30T23:41:02.9260360Z     cd /Users/runner/work/creator-platform/creator-platform/apps/ios
2026-09-30T23:41:03.0305410Z     builtin-copy -exclude .DS_Store -exclude CVS -exclude .svn -exclude .git -exclude .hg -resolve-src-symlinks -rename /Users/runner/Library/Developer/Xcode/DerivedData/QelvoraApp-chovwfzcihvbrjemwlhqppehhyoa/Build/Intermediates.noindex/QelvoraNative.build/Debug-iphonesimulator/QelvoraUI.build/Objects-normal/x86_64/QelvoraUI.abi.json /Users/runner/Library/Developer/Xcode/DerivedData/QelvoraApp-chovwfzcihvbrjemwlhqppehhyoa/Build/Products/Debug-iphonesimulator/QelvoraUI.swiftmodule/x86_64-apple-ios-simulator.abi.json
2026-09-30T23:41:03.1301050Z 
2026-09-30T23:41:03.2312920Z Copy /Users/runner/Library/Developer/Xcode/DerivedData/QelvoraApp-chovwfzcihvbrjemwlhqppehhyoa/Build/Products/Debug-iphonesimulator/QelvoraUI.swiftmodule/Project/x86_64-apple-ios-simulator.swiftsourceinfo /Users/runner/Library/Developer/Xcode/DerivedData/QelvoraApp-chovwfzcihvbrjemwlhqppehhyoa/Build/Intermediates.noindex/QelvoraNative.build/Debug-iphonesimulator/QelvoraUI.build/Objects-normal/x86_64/QelvoraUI.swiftsourceinfo (in target 'QelvoraUI' from project 'QelvoraNative')
2026-09-30T23:41:03.3324650Z     cd /Users/runner/work/creator-platform/creator-platform/apps/ios
2026-09-30T23:41:03.4336930Z     builtin-copy -exclude .DS_Store -exclude CVS -exclude .svn -exclude .git -exclude .hg -resolve-src-symlinks -rename /Users/runner/Library/Developer/Xcode/DerivedData/QelvoraApp-chovwfzcihvbrjemwlhqppehhyoa/Build/Intermediates.noindex/QelvoraNative.build/Debug-iphonesimulator/QelvoraUI.build/Objects-normal/x86_64/QelvoraUI.swiftsourceinfo /Users/runner/Library/Developer/Xcode/DerivedData/QelvoraApp-chovwfzcihvbrjemwlhqppehhyoa/Build/Products/Debug-iphonesimulator/QelvoraUI.swiftmodule/Project/x86_64-apple-ios-simulator.swiftsourceinfo
2026-09-30T23:41:03.5332270Z 
2026-09-30T23:41:03.6341110Z ProcessProductPackaging "" /Users/runner/Library/Developer/Xcode/DerivedData/QelvoraApp-chovwfzcihvbrjemwlhqppehhyoa/Build/Intermediates.noindex/QelvoraApp.build/Debug-iphonesimulator/QelvoraApp.build/QelvoraApp.app-Simulated.xcent (in target 'QelvoraApp' from project 'QelvoraApp')
2026-09-30T23:41:03.7351570Z     cd /Users/runner/work/creator-platform/creator-platform/apps/ios
2026-09-30T23:41:03.8356150Z     
2026-09-30T23:41:03.8951450Z     Entitlements:
2026-09-30T23:41:03.9186580Z     
2026-09-30T23:41:04.0191040Z     {
2026-09-30T23:41:04.1195790Z     "application-identifier" = "FAKETEAMID.com.pantopus.qelvora";
2026-09-30T23:41:04.2200820Z }
2026-09-30T23:41:04.3204890Z     
2026-09-30T23:41:04.4214340Z     builtin-productPackagingUtility -entitlements -format xml -o /Users/runner/Library/Developer/Xcode/DerivedData/QelvoraApp-chovwfzcihvbrjemwlhqppehhyoa/Build/Intermediates.noindex/QelvoraApp.build/Debug-iphonesimulator/QelvoraApp.build/QelvoraApp.app-Simulated.xcent
2026-09-30T23:41:04.5222790Z 
2026-09-30T23:41:04.6292000Z ProcessProductPackagingDER /Users/runner/Library/Developer/Xcode/DerivedData/QelvoraApp-chovwfzcihvbrjemwlhqppehhyoa/Build/Intermediates.noindex/QelvoraApp.build/Debug-iphonesimulator/QelvoraApp.build/QelvoraApp.app-Simulated.xcent /Users/runner/Library/Developer/Xcode/DerivedData/QelvoraApp-chovwfzcihvbrjemwlhqppehhyoa/Build/Intermediates.noindex/QelvoraApp.build/Debug-iphonesimulator/QelvoraApp.build/QelvoraApp.app-Simulated.xcent.der (in target 'QelvoraApp' from project 'QelvoraApp')
2026-09-30T23:41:04.7308600Z     cd /Users/runner/work/creator-platform/creator-platform/apps/ios
2026-09-30T23:41:04.8321030Z     /usr/bin/derq query -f xml -i /Users/runner/Library/Developer/Xcode/DerivedData/QelvoraApp-chovwfzcihvbrjemwlhqppehhyoa/Build/Intermediates.noindex/QelvoraApp.build/Debug-iphonesimulator/QelvoraApp.build/QelvoraApp.app-Simulated.xcent -o /Users/runner/Library/Developer/Xcode/DerivedData/QelvoraApp-chovwfzcihvbrjemwlhqppehhyoa/Build/Intermediates.noindex/QelvoraApp.build/Debug-iphonesimulator/QelvoraApp.build/QelvoraApp.app-Simulated.xcent.der --raw
2026-09-30T23:41:04.9314930Z 
2026-09-30T23:41:05.0319800Z SwiftDriver QelvoraApp normal x86_64 com.apple.xcode.tools.swift.compiler (in target 'QelvoraApp' from project 'QelvoraApp')
2026-09-30T23:41:05.1322030Z     cd /Users/runner/work/creator-platform/creator-platform/apps/ios
2026-09-30T23:41:05.2426210Z     builtin-SwiftDriver -- /Applications/Xcode_26.5.app/Contents/Developer/Toolchains/XcodeDefault.xctoolchain/usr/bin/swiftc -module-name QelvoraApp -Onone @/Users/runner/Library/Developer/Xcode/DerivedData/QelvoraApp-chovwfzcihvbrjemwlhqppehhyoa/Build/Intermediates.noindex/QelvoraApp.build/Debug-iphonesimulator/QelvoraApp.build/Objects-normal/x86_64/QelvoraApp.SwiftFileList -DDEBUG -enable-experimental-feature DebugDescriptionMacro -sdk /Applications/Xcode_26.5.app/Contents/Developer/Platforms/iPhoneSimulator.platform/Developer/SDKs/iPhoneSimulator26.5.sdk -target x86_64-apple-ios17.0-simulator -g -module-cache-path /Users/runner/Library/Developer/Xcode/DerivedData/ModuleCache.noindex -Xfrontend -serialize-debugging-options -enable-testing -index-store-path /Users/runner/Library/Developer/Xcode/DerivedData/QelvoraApp-chovwfzcihvbrjemwlhqppehhyoa/Index.noindex/DataStore -Xcc -D_LIBCPP_HARDENING_MODE\=_LIBCPP_HARDENING_MODE_DEBUG -swift-version 6 -I /Users/runner/Library/Developer/Xcode/DerivedData/QelvoraApp-chovwfzcihvbrjemwlhqppehhyoa/Build/Products/Debug-iphonesimulator -F /Users/runner/Library/Developer/Xcode/DerivedData/QelvoraApp-chovwfzcihvbrjemwlhqppehhyoa/Build/Products/Debug-iphonesimulator/PackageFrameworks -F /Users/runner/Library/Developer/Xcode/DerivedData/QelvoraApp-chovwfzcihvbrjemwlhqppehhyoa/Build/Products/Debug-iphonesimulator -parse-as-library -c -j4 -enable-batch-mode -incremental -Xcc -ivfsstatcache -Xcc /Users/runner/Library/Developer/Xcode/DerivedData/SDKStatCaches.noindex/iphonesimulator26.5-23F73-688ef53f1462e2c8f657fdc38a81448ffb7d586738ff35573a713a18216ade27.sdkstatcache -output-file-map /Users/runner/Library/Developer/Xcode/DerivedData/QelvoraApp-chovwfzcihvbrjemwlhqppehhyoa/Build/Intermediates.noindex/QelvoraApp.build/Debug-iphonesimulator/QelvoraApp.build/Objects-normal/x86_64/QelvoraApp-OutputFileMap.json -use-frontend-parseable-output -save-temps -no-color-diagnostics -explicit-module-build -module-cache-path /Users/runner/Library/Developer/Xcode/DerivedData/QelvoraApp-chovwfzcihvbrjemwlhqppehhyoa/Build/Intermediates.noindex/SwiftExplicitPrecompiledModules -clang-scanner-module-cache-path /Users/runner/Library/Developer/Xcode/DerivedData/ModuleCache.noindex -sdk-module-cache-path /Users/runner/Library/Developer/Xcode/DerivedData/ModuleCache.noindex -serialize-diagnostics -emit-dependencies -emit-module -emit-module-path /Users/runner/Library/Developer/Xcode/DerivedData/QelvoraApp-chovwfzcihvbrjemwlhqppehhyoa/Build/Intermediates.noindex/QelvoraApp.build/Debug-iphonesimulator/QelvoraApp.build/Objects-normal/x86_64/QelvoraApp.swiftmodule -validate-clang-modules-once -clang-build-session-file /Users/runner/Library/Developer/Xcode/DerivedData/ModuleCache.noindex/Session.modulevalidation -Xcc -I/Users/runner/Library/Developer/Xcode/DerivedData/QelvoraApp-chovwfzcihvbrjemwlhqppehhyoa/Build/Intermediates.noindex/QelvoraApp.build/Debug-iphonesimulator/QelvoraApp.build/swift-overrides.hmap -emit-const-values -Xfrontend -const-gather-protocols-file -Xfrontend /Users/runner/Library/Developer/Xcode/DerivedData/QelvoraApp-chovwfzcihvbrjemwlhqppehhyoa/Build/Intermediates.noindex/QelvoraApp.build/Debug-iphonesimulator/QelvoraApp.build/Objects-normal/x86_64/QelvoraApp_const_extract_protocols.json -Xcc -iquote -Xcc /Users/runner/Library/Developer/Xcode/DerivedData/QelvoraApp-chovwfzcihvbrjemwlhqppehhyoa/Build/Intermediates.noindex/QelvoraApp.build/Debug-iphonesimulator/QelvoraApp.build/QelvoraApp-generated-files.hmap -Xcc -I/Users/runner/Library/Developer/Xcode/DerivedData/QelvoraApp-chovwfzcihvbrjemwlhqppehhyoa/Build/Intermediates.noindex/QelvoraApp.build/Debug-iphonesimulator/QelvoraApp.build/QelvoraApp-own-target-headers.hmap -Xcc -I/Users/runner/Library/Developer/Xcode/DerivedData/QelvoraApp-chovwfzcihvbrjemwlhqppehhyoa/Build/Intermediates.noindex/QelvoraApp.build/Debug-iphonesimulator/QelvoraApp.build/QelvoraApp-all-non-framework-target-headers.hmap -Xcc -ivfsoverlay -Xcc /Users/runner/Library/Developer/Xcode/DerivedData/QelvoraApp-chovwfzcihvbrjemwlhqppehhyoa/Build/Intermediates.noindex/QelvoraApp.build/Debug-iphonesimulator/QelvoraApp-29b244ef777fcfbcbef7f347c6fce175-VFS-iphonesimulator/all-product-headers.yaml -Xcc -iquote -Xcc /Users/runner/Library/Developer/Xcode/DerivedData/QelvoraApp-chovwfzcihvbrjemwlhqppehhyoa/Build/Intermediates.noindex/QelvoraApp.build/Debug-iphonesimulator/QelvoraApp.build/QelvoraApp-project-headers.hmap -Xcc -I/Users/runner/Library/Developer/Xcode/DerivedData/QelvoraApp-chovwfzcihvbrjemwlhqppehhyoa/Build/Products/Debug-iphonesimulator/include -Xcc -I/Users/runner/Library/Developer/Xcode/DerivedData/QelvoraApp-chovwfzcihvbrjemwlhqppehhyoa/Build/Intermediates.noindex/QelvoraApp.build/Debug-iphonesimulator/QelvoraApp.build/DerivedSources-normal/x86_64 -Xcc -I/Users/runner/Library/Developer/Xcode/DerivedData/QelvoraApp-chovwfzcihvbrjemwlhqppehhyoa/Build/Intermediates.noindex/QelvoraApp.build/Debug-iphonesimulator/QelvoraApp.build/DerivedSources/x86_64 -Xcc -I/Users/runner/Library/Developer/Xcode/DerivedData/QelvoraApp-chovwfzcihvbrjemwlhqppehhyoa/Build/Intermediates.noindex/QelvoraApp.build/Debug-iphonesimulator/QelvoraApp.build/DerivedSources -Xcc -DDEBUG\=1 -emit-objc-header -emit-objc-header-path /Users/runner/Library/Developer/Xcode/DerivedData/QelvoraApp-chovwfzcihvbrjemwlhqppehhyoa/Build/Intermediates.noindex/QelvoraApp.build/Debug-iphonesimulator/QelvoraApp.build/Objects-normal/x86_64/QelvoraApp-Swift.h -working-directory /Users/runner/work/creator-platform/creator-platform/apps/ios -experimental-emit-module-separately -disable-cmo
2026-09-30T23:41:05.3330720Z 
2026-09-30T23:41:05.4337200Z SwiftDriverJobDiscovery normal x86_64 Compiling GrowthPreferences.swift, Identity.swift, NativeCallCoordinator.swift, NativeCallOffers.swift, NativeCallView.swift, NativeMediaClient.swift, NativeVoiceRecorder.swift, W6FanFeatures.swift, Navigation.swift (in target 'QelvoraUI' from project 'QelvoraNative')
2026-09-30T23:41:05.5337100Z 
2026-09-30T23:41:05.6342620Z SwiftExplicitDependencyGeneratePcm x86_64 /Users/runner/Library/Developer/Xcode/DerivedData/ModuleCache.noindex/_StoreKit_SwiftUI-1KS8XM9NA9T9Q15D3NBNBU350.pcm
2026-09-30T23:41:05.7348260Z 
2026-09-30T23:41:05.8353750Z SwiftExplicitDependencyGeneratePcm x86_64 /Users/runner/Library/Developer/Xcode/DerivedData/ModuleCache.noindex/_SwiftConcurrencyShims-6DYRLFKEE6J2QNC8HBPXNAD60.pcm
2026-09-30T23:41:05.9356140Z 
2026-09-30T23:41:06.0360920Z SwiftExplicitDependencyGeneratePcm x86_64 /Users/runner/Library/Developer/Xcode/DerivedData/ModuleCache.noindex/_Builtin_stddef-EIW1CGFQMESXIUJ5ZPOF5R8BT.pcm
2026-09-30T23:41:06.1360700Z 
2026-09-30T23:41:06.2365890Z SwiftExplicitDependencyGeneratePcm x86_64 /Users/runner/Library/Developer/Xcode/DerivedData/ModuleCache.noindex/SwiftShims-3YCDYPHI993O9UNGSBWTM3TID.pcm
2026-09-30T23:41:06.3373050Z 
2026-09-30T23:41:06.4378030Z SwiftExplicitDependencyGeneratePcm x86_64 /Users/runner/Library/Developer/Xcode/DerivedData/ModuleCache.noindex/_Builtin_float-5666KAY4IJA0NR4068TYDLBNZ.pcm
2026-09-30T23:41:06.4421110Z 
2026-09-30T23:41:06.5427670Z SwiftExplicitDependencyGeneratePcm x86_64 /Users/runner/Library/Developer/Xcode/DerivedData/ModuleCache.noindex/_AvailabilityInternal-93QSQMZFP47L6X0DVH375933U.pcm
2026-09-30T23:41:06.5863770Z 
2026-09-30T23:41:06.6084930Z SwiftExplicitDependencyGeneratePcm x86_64 /Users/runner/Library/Developer/Xcode/DerivedData/ModuleCache.noindex/DeveloperToolsSupport-PWDU0AQC08C41IXYMYCSNBXH.pcm
2026-09-30T23:41:06.6123230Z 
2026-09-30T23:41:06.6383470Z SwiftExplicitDependencyGeneratePcm x86_64 /Users/runner/Library/Developer/Xcode/DerivedData/ModuleCache.noindex/_Builtin_stdbool-4SRPGSNQZTQZS1AP5U5QLL0ZR.pcm
2026-09-30T23:41:06.6473640Z 
2026-09-30T23:41:06.6658930Z SwiftExplicitDependencyGeneratePcm x86_64 /Users/runner/Library/Developer/Xcode/DerivedData/ModuleCache.noindex/_Builtin_stdarg-33BAMWZ8Q3H8C19P6QH7QQM8N.pcm
2026-09-30T23:41:06.6733960Z 
2026-09-30T23:41:06.6860000Z SwiftExplicitDependencyGeneratePcm x86_64 /Users/runner/Library/Developer/Xcode/DerivedData/ModuleCache.noindex/ptrcheck-7R2ZVQ458C22SBPLHA1946LAK.pcm
2026-09-30T23:41:06.7610810Z 
2026-09-30T23:41:06.7777750Z SwiftExplicitDependencyGeneratePcm x86_64 /Users/runner/Library/Developer/Xcode/DerivedData/ModuleCache.noindex/ptrauth-7EZ04NECPOEUDYM8M5A6WMS5T.pcm
2026-09-30T23:41:06.7920730Z 
2026-09-30T23:41:06.7951620Z SwiftExplicitDependencyGeneratePcm x86_64 /Users/runner/Library/Developer/Xcode/DerivedData/ModuleCache.noindex/_DarwinFoundation1-3N67FUFQ3S0WM2ZBTZMSAZP3H.pcm
2026-09-30T23:41:06.8119880Z 
2026-09-30T23:41:06.8297640Z SwiftExplicitDependencyGeneratePcm x86_64 /Users/runner/Library/Developer/Xcode/DerivedData/ModuleCache.noindex/_Builtin_limits-4TNL0PF5B59ABEDOAHYYFF2AZ.pcm
2026-09-30T23:41:06.8317840Z 
2026-09-30T23:41:06.8336870Z SwiftExplicitDependencyGeneratePcm x86_64 /Users/runner/Library/Developer/Xcode/DerivedData/ModuleCache.noindex/ExtensionFoundation-C4XLK187I6SH7264Q2DKD0VWG.pcm
2026-09-30T23:41:06.8597230Z 
2026-09-30T23:41:06.8850830Z SwiftExplicitDependencyGeneratePcm x86_64 /Users/runner/Library/Developer/Xcode/DerivedData/ModuleCache.noindex/_DarwinFoundation2-CA3L994KG7BVRCFELUO4SNDXB.pcm
2026-09-30T23:41:06.9065610Z 
2026-09-30T23:41:06.9208810Z SwiftExplicitDependencyGeneratePcm x86_64 /Users/runner/Library/Developer/Xcode/DerivedData/ModuleCache.noindex/sys_types-DVI8ELB2FFFUZYF4TVNGYTOP0.pcm
2026-09-30T23:41:06.9362740Z 
2026-09-30T23:41:06.9404900Z SwiftExplicitDependencyGeneratePcm x86_64 /Users/runner/Library/Developer/Xcode/DerivedData/ModuleCache.noindex/_Builtin_tgmath-DQ159VY9A8KDXU5DJYR8LI82Q.pcm
2026-09-30T23:41:06.9542560Z 
2026-09-30T23:41:06.9547780Z SwiftExplicitDependencyGeneratePcm x86_64 /Users/runner/Library/Developer/Xcode/DerivedData/ModuleCache.noindex/_Builtin_stdint-8TD6RCEPL9MA9YH90A1PLSPL3.pcm
2026-09-30T23:41:06.9553040Z 
2026-09-30T23:41:06.9560860Z SwiftExplicitDependencyGeneratePcm x86_64 /Users/runner/Library/Developer/Xcode/DerivedData/ModuleCache.noindex/_DarwinFoundation3-6HUSBNKS4D5T4AT3GG56J0XX4.pcm
2026-09-30T23:41:06.9597580Z 
2026-09-30T23:41:06.9603480Z SwiftExplicitDependencyGeneratePcm x86_64 /Users/runner/Library/Developer/Xcode/DerivedData/ModuleCache.noindex/_Builtin_stdatomic-9RRU5DBC4588TCP4O7M4K8A6I.pcm
2026-09-30T23:41:06.9609240Z 
2026-09-30T23:41:06.9614150Z SwiftExplicitDependencyGeneratePcm x86_64 /Users/runner/Library/Developer/Xcode/DerivedData/ModuleCache.noindex/_Builtin_inttypes-ZCL4N7DW6VB6FDQHE8ORNGVE.pcm
2026-09-30T23:41:06.9622020Z 
2026-09-30T23:41:06.9626960Z SwiftExplicitDependencyGeneratePcm x86_64 /Users/runner/Library/Developer/Xcode/DerivedData/ModuleCache.noindex/_Builtin_intrinsics-2WO9N3TUCDBFE8YDOOUBDF55L.pcm
2026-09-30T23:41:06.9632250Z 
2026-09-30T23:41:06.9636550Z SwiftExplicitDependencyGeneratePcm x86_64 /Users/runner/Library/Developer/Xcode/DerivedData/ModuleCache.noindex/Darwin-6C2UUA7XWDL80OQ2H9H5PMGAJ.pcm
2026-09-30T23:41:06.9641570Z 
2026-09-30T23:41:06.9645830Z SwiftExplicitDependencyGeneratePcm x86_64 /Users/runner/Library/Developer/Xcode/DerivedData/ModuleCache.noindex/MachO-23JBEPXNAPC6KV1GEDV63954U.pcm
2026-09-30T23:41:06.9651060Z 
2026-09-30T23:41:06.9655420Z SwiftExplicitDependencyGeneratePcm x86_64 /Users/runner/Library/Developer/Xcode/DerivedData/ModuleCache.noindex/ObjectiveC-9I6I4FMFVYH4B135AGCOA01Y.pcm
2026-09-30T23:41:06.9660760Z 
2026-09-30T23:41:06.9666090Z SwiftExplicitDependencyGeneratePcm x86_64 /Users/runner/Library/Developer/Xcode/DerivedData/ModuleCache.noindex/os_object-DMMREA9XHJ4K4FNXDZ8QHPQ7O.pcm
2026-09-30T23:41:06.9671020Z 
2026-09-30T23:41:06.9676490Z SwiftExplicitDependencyGeneratePcm x86_64 /Users/runner/Library/Developer/Xcode/DerivedData/ModuleCache.noindex/os_workgroup-97Z0UPOV4SJWV8Z8PX86XRQZ9.pcm
2026-09-30T23:41:06.9681480Z 
2026-09-30T23:41:06.9685640Z SwiftExplicitDependencyGeneratePcm x86_64 /Users/runner/Library/Developer/Xcode/DerivedData/ModuleCache.noindex/simd-79GRXM9YHJRUU29HB2NW3YAC3.pcm
2026-09-30T23:41:06.9690410Z 
2026-09-30T23:41:06.9695980Z SwiftExplicitDependencyGeneratePcm x86_64 /Users/runner/Library/Developer/Xcode/DerivedData/ModuleCache.noindex/Dispatch-AM5IYCRP5QBV7535AYQ5V2ZOR.pcm
2026-09-30T23:41:06.9701010Z 
2026-09-30T23:41:06.9705120Z SwiftExplicitDependencyGeneratePcm x86_64 /Users/runner/Library/Developer/Xcode/DerivedData/ModuleCache.noindex/XPC-9JAZ7N5RDYQL5EBSB6QX50EZD.pcm
2026-09-30T23:41:06.9710440Z 
2026-09-30T23:41:06.9714860Z SwiftExplicitDependencyGeneratePcm x86_64 /Users/runner/Library/Developer/Xcode/DerivedData/ModuleCache.noindex/CoreFoundation-9SGJZN31WZF3B41499DYF4B2U.pcm
2026-09-30T23:41:06.9721230Z 
2026-09-30T23:41:06.9725550Z SwiftExplicitDependencyGeneratePcm x86_64 /Users/runner/Library/Developer/Xcode/DerivedData/ModuleCache.noindex/dnssd-BV82I6W1V1T4PTJBBR38IL35S.pcm
2026-09-30T23:41:06.9730610Z 
2026-09-30T23:41:06.9735080Z SwiftExplicitDependencyGeneratePcm x86_64 /Users/runner/Library/Developer/Xcode/DerivedData/ModuleCache.noindex/CFNetwork-6DO7JKH77FAI3MZQZPFI2UVB8.pcm
2026-09-30T23:41:06.9742000Z 
2026-09-30T23:41:06.9746640Z SwiftExplicitDependencyGeneratePcm x86_64 /Users/runner/Library/Developer/Xcode/DerivedData/ModuleCache.noindex/CoreAudioTypes-BKAULHVIJ8MCG79Q10RHAAVNQ.pcm
2026-09-30T23:41:06.9751620Z 
2026-09-30T23:41:06.9758200Z SwiftDriverJobDiscovery normal x86_64 Compiling resource_bundle_accessor.swift, QelvoraAPI.swift, QelvoraCopy.swift, QelvoraTokens.swift, AccessComponents.swift, Catalog.swift, CommerceClient.swift, CommerceFeature.swift, StoreMembership.swift (in target 'QelvoraUI' from project 'QelvoraNative')
2026-09-30T23:41:06.9766440Z 
2026-09-30T23:41:06.9770710Z SwiftExplicitDependencyGeneratePcm x86_64 /Users/runner/Library/Developer/Xcode/DerivedData/ModuleCache.noindex/Security-2JAXTSTQ9JPSADO7WS3OIYLA8.pcm
2026-09-30T23:41:06.9775950Z 
2026-09-30T23:41:06.9781090Z SwiftExplicitDependencyGeneratePcm x86_64 /Users/runner/Library/Developer/Xcode/DerivedData/ModuleCache.noindex/CoreGraphics-5X7YY4B0BQ81M9L1EF6YS747X.pcm
2026-09-30T23:41:06.9785920Z 
2026-09-30T23:41:06.9790120Z SwiftExplicitDependencyGeneratePcm x86_64 /Users/runner/Library/Developer/Xcode/DerivedData/ModuleCache.noindex/CoreAudio-9D0WE4UHZ0CN4PZ6548FY9LQ0.pcm
2026-09-30T23:41:06.9795210Z 
2026-09-30T23:41:06.9801000Z SwiftDriverJobDiscovery normal x86_64 Compiling StoreMembershipPane.swift, ComponentPreview.swift, Controls.swift, Conversation.swift, CredentialSettings.swift, DeliveryProtocol.swift, FanShell.swift, Glyph.swift, Growth.swift (in target 'QelvoraUI' from project 'QelvoraNative')
2026-09-30T23:41:06.9807540Z 
2026-09-30T23:41:06.9812790Z SwiftExplicitDependencyGeneratePcm x86_64 /Users/runner/Library/Developer/Xcode/DerivedData/ModuleCache.noindex/os-2U9T9ORF87T6WH85CUF1AQCWG.pcm
2026-09-30T23:41:06.9817460Z 
2026-09-30T23:41:06.9821460Z SwiftExplicitDependencyGeneratePcm x86_64 /Users/runner/Library/Developer/Xcode/DerivedData/ModuleCache.noindex/Foundation-8BM6SVJQXWOSQE1CQ3H5U3WGY.pcm
2026-09-30T23:41:06.9826380Z 
2026-09-30T23:41:06.9830730Z SwiftDriver\ Compilation QelvoraUI normal x86_64 com.apple.xcode.tools.swift.compiler (in target 'QelvoraUI' from project 'QelvoraNative')
2026-09-30T23:41:06.9837050Z     cd /Users/runner/work/creator-platform/creator-platform/apps/ios/QelvoraApp.xcodeproj
2026-09-30T23:41:06.9919100Z     builtin-Swift-Compilation -- /Applications/Xcode_26.5.app/Contents/Developer/Toolchains/XcodeDefault.xctoolchain/usr/bin/swiftc -module-name QelvoraUI -Onone @/Users/runner/Library/Developer/Xcode/DerivedData/QelvoraApp-chovwfzcihvbrjemwlhqppehhyoa/Build/Intermediates.noindex/QelvoraNative.build/Debug-iphonesimulator/QelvoraUI.build/Objects-normal/x86_64/QelvoraUI.SwiftFileList -DSWIFT_PACKAGE -DDEBUG -DSWIFT_MODULE_RESOURCE_BUNDLE_AVAILABLE -DXcode -plugin-path /Applications/Xcode_26.5.app/Contents/Developer/Toolchains/XcodeDefault.xctoolchain/usr/lib/swift/host/plugins/testing -enable-experimental-feature DebugDescriptionMacro -sdk /Applications/Xcode_26.5.app/Contents/Developer/Platforms/iPhoneSimulator.platform/Developer/SDKs/iPhoneSimulator26.5.sdk -target x86_64-apple-ios17.0-simulator -g -module-cache-path /Users/runner/Library/Developer/Xcode/DerivedData/ModuleCache.noindex -Xfrontend -serialize-debugging-options -enable-testing -index-store-path /Users/runner/Library/Developer/Xcode/DerivedData/QelvoraApp-chovwfzcihvbrjemwlhqppehhyoa/Index.noindex/DataStore -Xcc -D_LIBCPP_HARDENING_MODE\=_LIBCPP_HARDENING_MODE_DEBUG -swift-version 6 -I /Users/runner/Library/Developer/Xcode/DerivedData/QelvoraApp-chovwfzcihvbrjemwlhqppehhyoa/Build/Products/Debug-iphonesimulator -Isystem /Applications/Xcode_26.5.app/Contents/Developer/Platforms/iPhoneSimulator.platform/Developer/usr/lib -F /Users/runner/Library/Developer/Xcode/DerivedData/QelvoraApp-chovwfzcihvbrjemwlhqppehhyoa/Build/Products/Debug-iphonesimulator -F /Applications/Xcode_26.5.app/Contents/Developer/Platforms/iPhoneSimulator.platform/Developer/Library/Frameworks -F /Applications/Xcode_26.5.app/Contents/Developer/Platforms/iPhoneSimulator.platform/Developer/SDKs/iPhoneSimulator26.5.sdk/Developer/Library/Frameworks -c -j4 -enable-batch-mode -incremental -Xcc -ivfsstatcache -Xcc /Users/runner/Library/Developer/Xcode/DerivedData/SDKStatCaches.noindex/iphonesimulator26.5-23F73-688ef53f1462e2c8f657fdc38a81448ffb7d586738ff35573a713a18216ade27.sdkstatcache -output-file-map /Users/runner/Library/Developer/Xcode/DerivedData/QelvoraApp-chovwfzcihvbrjemwlhqppehhyoa/Build/Intermediates.noindex/QelvoraNative.build/Debug-iphonesimulator/QelvoraUI.build/Objects-normal/x86_64/QelvoraUI-OutputFileMap.json -use-frontend-parseable-output -save-temps -no-color-diagnostics -explicit-module-build -module-cache-path /Users/runner/Library/Developer/Xcode/DerivedData/QelvoraApp-chovwfzcihvbrjemwlhqppehhyoa/Build/Intermediates.noindex/SwiftExplicitPrecompiledModules -clang-scanner-module-cache-path /Users/runner/Library/Developer/Xcode/DerivedData/ModuleCache.noindex -sdk-module-cache-path /Users/runner/Library/Developer/Xcode/DerivedData/ModuleCache.noindex -serialize-diagnostics -emit-dependencies -emit-module -emit-module-path /Users/runner/Library/Developer/Xcode/DerivedData/QelvoraApp-chovwfzcihvbrjemwlhqppehhyoa/Build/Intermediates.noindex/QelvoraNative.build/Debug-iphonesimulator/QelvoraUI.build/Objects-normal/x86_64/QelvoraUI.swiftmodule -validate-clang-modules-once -clang-build-session-file /Users/runner/Library/Developer/Xcode/DerivedData/ModuleCache.noindex/Session.modulevalidation -package-name ios -Xcc -I/Users/runner/Library/Developer/Xcode/DerivedData/QelvoraApp-chovwfzcihvbrjemwlhqppehhyoa/Build/Intermediates.noindex/QelvoraNative.build/Debug-iphonesimulator/QelvoraUI.build/swift-overrides.hmap -emit-const-values -Xfrontend -const-gather-protocols-file -Xfrontend /Users/runner/Library/Developer/Xcode/DerivedData/QelvoraApp-chovwfzcihvbrjemwlhqppehhyoa/Build/Intermediates.noindex/QelvoraNative.build/Debug-iphonesimulator/QelvoraUI.build/Objects-normal/x86_64/QelvoraUI_const_extract_protocols.json -Xcc -I/Users/runner/Library/Developer/Xcode/DerivedData/QelvoraApp-chovwfzcihvbrjemwlhqppehhyoa/Build/Products/Debug-iphonesimulator/include -Xcc -I/Users/runner/Library/Developer/Xcode/DerivedData/QelvoraApp-chovwfzcihvbrjemwlhqppehhyoa/Build/Intermediates.noindex/QelvoraNative.build/Debug-iphonesimulator/QelvoraUI.build/DerivedSources-normal/x86_64 -Xcc -I/Users/runner/Library/Developer/Xcode/DerivedData/QelvoraApp-chovwfzcihvbrjemwlhqppehhyoa/Build/Intermediates.noindex/QelvoraNative.build/Debug-iphonesimulator/QelvoraUI.build/DerivedSources/x86_64 -Xcc -I/Users/runner/Library/Developer/Xcode/DerivedData/QelvoraApp-chovwfzcihvbrjemwlhqppehhyoa/Build/Intermediates.noindex/QelvoraNative.build/Debug-iphonesimulator/QelvoraUI.build/DerivedSources -Xcc -DSWIFT_PACKAGE -Xcc -DDEBUG\=1 -emit-objc-header -emit-objc-header-path /Users/runner/Library/Developer/Xcode/DerivedData/QelvoraApp-chovwfzcihvbrjemwlhqppehhyoa/Build/Intermediates.noindex/QelvoraNative.build/Debug-iphonesimulator/QelvoraUI.build/Objects-normal/x86_64/QelvoraUI-Swift.h -working-directory /Users/runner/work/creator-platform/creator-platform/apps/ios/QelvoraApp.xcodeproj -experimental-emit-module-separately -disable-cmo
2026-09-30T23:41:07.0007960Z 
2026-09-30T23:41:07.0013180Z Ld /Users/runner/Library/Developer/Xcode/DerivedData/QelvoraApp-chovwfzcihvbrjemwlhqppehhyoa/Build/Products/Debug-iphonesimulator/QelvoraUI.o normal (in target 'QelvoraUI' from project 'QelvoraNative')
2026-09-30T23:41:07.0018580Z     cd /Users/runner/work/creator-platform/creator-platform/apps/ios
2026-09-30T23:41:07.0061690Z     /Applications/Xcode_26.5.app/Contents/Developer/Toolchains/XcodeDefault.xctoolchain/usr/bin/clang -Xlinker -reproducible -target x86_64-apple-ios17.0-simulator -r -isysroot /Applications/Xcode_26.5.app/Contents/Developer/Platforms/iPhoneSimulator.platform/Developer/SDKs/iPhoneSimulator26.5.sdk -O0 -F/Users/runner/Library/Developer/Xcode/DerivedData/QelvoraApp-chovwfzcihvbrjemwlhqppehhyoa/Build/Intermediates.noindex/EagerLinkingTBDs/Debug-iphonesimulator -F/Users/runner/Library/Developer/Xcode/DerivedData/QelvoraApp-chovwfzcihvbrjemwlhqppehhyoa/Build/Products/Debug-iphonesimulator -iframework /Applications/Xcode_26.5.app/Contents/Developer/Platforms/iPhoneSimulator.platform/Developer/Library/Frameworks -iframework /Applications/Xcode_26.5.app/Contents/Developer/Platforms/iPhoneSimulator.platform/Developer/SDKs/iPhoneSimulator26.5.sdk/Developer/Library/Frameworks -filelist /Users/runner/Library/Developer/Xcode/DerivedData/QelvoraApp-chovwfzcihvbrjemwlhqppehhyoa/Build/Intermediates.noindex/QelvoraNative.build/Debug-iphonesimulator/QelvoraUI.build/Objects-normal/x86_64/QelvoraUI.LinkFileList -nostdlib -Xlinker -object_path_lto -Xlinker /Users/runner/Library/Developer/Xcode/DerivedData/QelvoraApp-chovwfzcihvbrjemwlhqppehhyoa/Build/Intermediates.noindex/QelvoraNative.build/Debug-iphonesimulator/QelvoraUI.build/Objects-normal/x86_64/QelvoraUI_lto.o -Xlinker -no_deduplicate -Xlinker -objc_abi_version -Xlinker 2 -Xlinker -dependency_info -Xlinker /Users/runner/Library/Developer/Xcode/DerivedData/QelvoraApp-chovwfzcihvbrjemwlhqppehhyoa/Build/Intermediates.noindex/QelvoraNative.build/Debug-iphonesimulator/QelvoraUI.build/Objects-normal/x86_64/QelvoraUI_dependency_info.dat -fobjc-link-runtime -L/Applications/Xcode_26.5.app/Contents/Developer/Toolchains/XcodeDefault.xctoolchain/usr/lib/swift/iphonesimulator -L/usr/lib/swift -Xlinker -add_ast_path -Xlinker /Users/runner/Library/Developer/Xcode/DerivedData/QelvoraApp-chovwfzcihvbrjemwlhqppehhyoa/Build/Intermediates.noindex/QelvoraNative.build/Debug-iphonesimulator/QelvoraUI.build/Objects-normal/x86_64/QelvoraUI.swiftmodule @/Users/runner/Library/Developer/Xcode/DerivedData/QelvoraApp-chovwfzcihvbrjemwlhqppehhyoa/Build/Intermediates.noindex/QelvoraNative.build/Debug-iphonesimulator/QelvoraUI.build/Objects-normal/x86_64/QelvoraUI-linker-args.resp -o /Users/runner/Library/Developer/Xcode/DerivedData/QelvoraApp-chovwfzcihvbrjemwlhqppehhyoa/Build/Products/Debug-iphonesimulator/QelvoraUI.o
2026-09-30T23:41:07.0106620Z 
2026-09-30T23:41:07.0111820Z SwiftExplicitDependencyGeneratePcm x86_64 /Users/runner/Library/Developer/Xcode/DerivedData/ModuleCache.noindex/CoreText-ENJ80G2ER7HZ0GWXUZJ50CK40.pcm
2026-09-30T23:41:07.0116320Z 
2026-09-30T23:41:07.0120040Z SwiftExplicitDependencyGeneratePcm x86_64 /Users/runner/Library/Developer/Xcode/DerivedData/ModuleCache.noindex/ImageIO-4RK5QB78WG9HYK7L6SRZ8DYKT.pcm
2026-09-30T23:41:07.0124400Z 
2026-09-30T23:41:07.0126870Z ExtractAppIntentsMetadata (in target 'QelvoraUI' from project 'QelvoraNative')
2026-09-30T23:41:07.0131620Z     cd /Users/runner/work/creator-platform/creator-platform/apps/ios
2026-09-30T23:41:07.0179250Z     /Applications/Xcode_26.5.app/Contents/Developer/Toolchains/XcodeDefault.xctoolchain/usr/bin/appintentsmetadataprocessor --toolchain-dir /Users/runner/Library/Developer/DVTDownloads/MetalToolchain/mounts/656653e63a393644d316d4c630af4cccd68d1d2f/Metal.xctoolchain --module-name QelvoraUI --sdk-root /Applications/Xcode_26.5.app/Contents/Developer/Platforms/iPhoneSimulator.platform/Developer/SDKs/iPhoneSimulator26.5.sdk --xcode-version 17F42 --platform-family iOS --deployment-target 17.0 --bundle-identifier ios.QelvoraUI --output /Users/runner/Library/Developer/Xcode/DerivedData/QelvoraApp-chovwfzcihvbrjemwlhqppehhyoa/Build/Products/Debug-iphonesimulator/QelvoraUI.appintents --target-triple x86_64-apple-ios17.0-simulator --binary-file /Users/runner/Library/Developer/Xcode/DerivedData/QelvoraApp-chovwfzcihvbrjemwlhqppehhyoa/Build/Products/Debug-iphonesimulator/QelvoraUI.o --dependency-file /Users/runner/Library/Developer/Xcode/DerivedData/QelvoraApp-chovwfzcihvbrjemwlhqppehhyoa/Build/Intermediates.noindex/QelvoraNative.build/Debug-iphonesimulator/QelvoraUI.build/Objects-normal/x86_64/QelvoraUI_dependency_info.dat --stringsdata-file /Users/runner/Library/Developer/Xcode/DerivedData/QelvoraApp-chovwfzcihvbrjemwlhqppehhyoa/Build/Intermediates.noindex/QelvoraNative.build/Debug-iphonesimulator/QelvoraUI.build/Objects-normal/x86_64/ExtractedAppShortcutsMetadata.stringsdata --source-file-list /Users/runner/Library/Developer/Xcode/DerivedData/QelvoraApp-chovwfzcihvbrjemwlhqppehhyoa/Build/Intermediates.noindex/QelvoraNative.build/Debug-iphonesimulator/QelvoraUI.build/Objects-normal/x86_64/QelvoraUI.SwiftFileList --metadata-file-list /Users/runner/Library/Developer/Xcode/DerivedData/QelvoraApp-chovwfzcihvbrjemwlhqppehhyoa/Build/Intermediates.noindex/QelvoraNative.build/Debug-iphonesimulator/QelvoraUI.build/QelvoraUI.DependencyMetadataFileList --static-metadata-file-list /Users/runner/Library/Developer/Xcode/DerivedData/QelvoraApp-chovwfzcihvbrjemwlhqppehhyoa/Build/Intermediates.noindex/QelvoraNative.build/Debug-iphonesimulator/QelvoraUI.build/QelvoraUI.DependencyStaticMetadataFileList --swift-const-vals-list /Users/runner/Library/Developer/Xcode/DerivedData/QelvoraApp-chovwfzcihvbrjemwlhqppehhyoa/Build/Intermediates.noindex/QelvoraNative.build/Debug-iphonesimulator/QelvoraUI.build/Objects-normal/x86_64/QelvoraUI.SwiftConstValuesFileList --force --compile-time-extraction --deployment-aware-processing --validate-assistant-intents --no-app-shortcuts-localization
2026-09-30T23:41:07.0231470Z 2026-09-30 23:41:01.288 appintentsmetadataprocessor[12058:38051] Starting appintentsmetadataprocessor export
2026-09-30T23:41:07.0237630Z 2026-09-30 23:41:01.431 appintentsmetadataprocessor[12058:38051] Extracted no relevant App Intents symbols, skipping writing output
2026-09-30T23:41:07.0241830Z 
2026-09-30T23:41:07.0245650Z SwiftExplicitDependencyGeneratePcm x86_64 /Users/runner/Library/Developer/Xcode/DerivedData/ModuleCache.noindex/Spatial-AO99RKF62F0XNLB1KM1I8F9WU.pcm
2026-09-30T23:41:07.0250760Z 
2026-09-30T23:41:07.0255220Z CodeSign /Users/runner/Library/Developer/Xcode/DerivedData/QelvoraApp-chovwfzcihvbrjemwlhqppehhyoa/Build/Products/Debug-iphonesimulator/QelvoraUI.o (in target 'QelvoraUI' from project 'QelvoraNative')
2026-09-30T23:41:07.0262880Z     cd /Users/runner/work/creator-platform/creator-platform/apps/ios
2026-09-30T23:41:07.0266010Z     
2026-09-30T23:41:07.0268020Z     Signing Identity:     "Sign to Run Locally"
2026-09-30T23:41:07.0270480Z     
2026-09-30T23:41:07.0275740Z     /usr/bin/codesign --force --sign - --timestamp\=none --generate-entitlement-der /Users/runner/Library/Developer/Xcode/DerivedData/QelvoraApp-chovwfzcihvbrjemwlhqppehhyoa/Build/Products/Debug-iphonesimulator/QelvoraUI.o
2026-09-30T23:41:07.0280940Z 
2026-09-30T23:41:07.0288330Z RegisterExecutionPolicyException /Users/runner/Library/Developer/Xcode/DerivedData/QelvoraApp-chovwfzcihvbrjemwlhqppehhyoa/Build/Products/Debug-iphonesimulator/QelvoraUI.o (in target 'QelvoraUI' from project 'QelvoraNative')
2026-09-30T23:41:07.0295250Z     cd /Users/runner/work/creator-platform/creator-platform/apps/ios
2026-09-30T23:41:07.0301740Z     builtin-RegisterExecutionPolicyException /Users/runner/Library/Developer/Xcode/DerivedData/QelvoraApp-chovwfzcihvbrjemwlhqppehhyoa/Build/Products/Debug-iphonesimulator/QelvoraUI.o
2026-09-30T23:41:07.0306750Z 
2026-09-30T23:41:07.0311750Z Ld /Users/runner/Library/Developer/Xcode/DerivedData/QelvoraApp-chovwfzcihvbrjemwlhqppehhyoa/Build/Products/Debug-iphonesimulator/QelvoraApp.app/__preview.dylib normal (in target 'QelvoraApp' from project 'QelvoraApp')
2026-09-30T23:41:07.0319290Z     cd /Users/runner/work/creator-platform/creator-platform/apps/ios
2026-09-30T23:41:07.0354590Z     /Applications/Xcode_26.5.app/Contents/Developer/Toolchains/XcodeDefault.xctoolchain/usr/bin/clang -Xlinker -reproducible -target x86_64-apple-ios17.0-simulator -dynamiclib -isysroot /Applications/Xcode_26.5.app/Contents/Developer/Platforms/iPhoneSimulator.platform/Developer/SDKs/iPhoneSimulator26.5.sdk -O0 -L/Users/runner/Library/Developer/Xcode/DerivedData/QelvoraApp-chovwfzcihvbrjemwlhqppehhyoa/Build/Products/Debug-iphonesimulator -F/Users/runner/Library/Developer/Xcode/DerivedData/QelvoraApp-chovwfzcihvbrjemwlhqppehhyoa/Build/Products/Debug-iphonesimulator/PackageFrameworks -F/Users/runner/Library/Developer/Xcode/DerivedData/QelvoraApp-chovwfzcihvbrjemwlhqppehhyoa/Build/Products/Debug-iphonesimulator -install_name @rpath/QelvoraApp.debug.dylib -Xlinker -dead_strip -rdynamic -Xlinker -no_deduplicate -Xlinker -objc_abi_version -Xlinker 2 -Xlinker -dependency_info -Xlinker /Users/runner/Library/Developer/Xcode/DerivedData/QelvoraApp-chovwfzcihvbrjemwlhqppehhyoa/Build/Intermediates.noindex/QelvoraApp.build/Debug-iphonesimulator/QelvoraApp.build/Objects-normal/x86_64/QelvoraApp_dependency_info.dat -Xlinker -sectcreate -Xlinker __TEXT -Xlinker __entitlements -Xlinker /Users/runner/Library/Developer/Xcode/DerivedData/QelvoraApp-chovwfzcihvbrjemwlhqppehhyoa/Build/Intermediates.noindex/QelvoraApp.build/Debug-iphonesimulator/QelvoraApp.build/QelvoraApp.app-Simulated.xcent -Xlinker -sectcreate -Xlinker __TEXT -Xlinker __ents_der -Xlinker /Users/runner/Library/Developer/Xcode/DerivedData/QelvoraApp-chovwfzcihvbrjemwlhqppehhyoa/Build/Intermediates.noindex/QelvoraApp.build/Debug-iphonesimulator/QelvoraApp.build/QelvoraApp.app-Simulated.xcent.der -Xlinker -no_adhoc_codesign -o /Users/runner/Library/Developer/Xcode/DerivedData/QelvoraApp-chovwfzcihvbrjemwlhqppehhyoa/Build/Products/Debug-iphonesimulator/QelvoraApp.app/__preview.dylib
2026-09-30T23:41:07.0391170Z 
2026-09-30T23:41:07.0398590Z Copy /Users/runner/Library/Developer/Xcode/DerivedData/QelvoraApp-chovwfzcihvbrjemwlhqppehhyoa/Build/Products/Debug-iphonesimulator/QelvoraApp.app/QelvoraNative_QelvoraUI.bundle /Users/runner/Library/Developer/Xcode/DerivedData/QelvoraApp-chovwfzcihvbrjemwlhqppehhyoa/Build/Products/Debug-iphonesimulator/QelvoraNative_QelvoraUI.bundle (in target 'QelvoraApp' from project 'QelvoraApp')
2026-09-30T23:41:07.0407590Z     cd /Users/runner/work/creator-platform/creator-platform/apps/ios
2026-09-30T23:41:07.0416520Z     builtin-copy -exclude .DS_Store -exclude CVS -exclude .svn -exclude .git -exclude .hg -resolve-src-symlinks /Users/runner/Library/Developer/Xcode/DerivedData/QelvoraApp-chovwfzcihvbrjemwlhqppehhyoa/Build/Products/Debug-iphonesimulator/QelvoraNative_QelvoraUI.bundle /Users/runner/Library/Developer/Xcode/DerivedData/QelvoraApp-chovwfzcihvbrjemwlhqppehhyoa/Build/Products/Debug-iphonesimulator/QelvoraApp.app
2026-09-30T23:41:07.0425560Z 
2026-09-30T23:41:07.0431020Z ProcessInfoPlistFile /Users/runner/Library/Developer/Xcode/DerivedData/QelvoraApp-chovwfzcihvbrjemwlhqppehhyoa/Build/Products/Debug-iphonesimulator/QelvoraApp.app/Info.plist /Users/runner/work/creator-platform/creator-platform/apps/ios/App/Info.plist (in target 'QelvoraApp' from project 'QelvoraApp')
2026-09-30T23:41:07.0438620Z     cd /Users/runner/work/creator-platform/creator-platform/apps/ios
2026-09-30T23:41:07.0455750Z     builtin-infoPlistUtility /Users/runner/work/creator-platform/creator-platform/apps/ios/App/Info.plist -producttype com.apple.product-type.application -genpkginfo /Users/runner/Library/Developer/Xcode/DerivedData/QelvoraApp-chovwfzcihvbrjemwlhqppehhyoa/Build/Products/Debug-iphonesimulator/QelvoraApp.app/PkgInfo -expandbuildsettings -format binary -platform iphonesimulator -scanforprivacyfile /Users/runner/Library/Developer/Xcode/DerivedData/QelvoraApp-chovwfzcihvbrjemwlhqppehhyoa/Build/Products/Debug-iphonesimulator/QelvoraApp.app/QelvoraNative_QelvoraUI.bundle -o /Users/runner/Library/Developer/Xcode/DerivedData/QelvoraApp-chovwfzcihvbrjemwlhqppehhyoa/Build/Products/Debug-iphonesimulator/QelvoraApp.app/Info.plist
2026-09-30T23:41:07.1970700Z 
2026-09-30T23:41:07.2281290Z SwiftExplicitDependencyGeneratePcm x86_64 /Users/runner/Library/Developer/Xcode/DerivedData/ModuleCache.noindex/FileProvider-89BZE4GPY8MMJFUEF00SZ70G3.pcm
2026-09-30T23:41:07.2286640Z 
2026-09-30T23:41:07.2290760Z SwiftExplicitDependencyGeneratePcm x86_64 /Users/runner/Library/Developer/Xcode/DerivedData/ModuleCache.noindex/OSLog-4L1MLF036DNHWXAAAQXRT154T.pcm
2026-09-30T23:41:07.2295330Z 
2026-09-30T23:41:07.2299460Z SwiftExplicitDependencyGeneratePcm x86_64 /Users/runner/Library/Developer/Xcode/DerivedData/ModuleCache.noindex/CallKit-CB94S0X1LYVRABKIXBCNMM09B.pcm
2026-09-30T23:41:07.2303960Z 
2026-09-30T23:41:07.2308050Z SwiftExplicitDependencyGeneratePcm x86_64 /Users/runner/Library/Developer/Xcode/DerivedData/ModuleCache.noindex/IOSurface-U4E4AVV4SR8KXK2CPSGJ8DZS.pcm
2026-09-30T23:41:07.2312600Z 
2026-09-30T23:41:07.2316830Z SwiftExplicitDependencyGeneratePcm x86_64 /Users/runner/Library/Developer/Xcode/DerivedData/ModuleCache.noindex/BackgroundAssets-A36529R3GIQMGVCTJQ6Z3V7R1.pcm
2026-09-30T23:41:07.2321550Z 
2026-09-30T23:41:07.2326310Z SwiftExplicitDependencyGeneratePcm x86_64 /Users/runner/Library/Developer/Xcode/DerivedData/ModuleCache.noindex/CoreData-9MQRJQRP3R746M30KZSR27PBN.pcm
2026-09-30T23:41:07.3325500Z 
2026-09-30T23:41:07.3328950Z SwiftExplicitDependencyGeneratePcm x86_64 /Users/runner/Library/Developer/Xcode/DerivedData/ModuleCache.noindex/OpenGLES-C04N3F60RLK68F2MRHAPYY7BR.pcm
2026-09-30T23:41:07.3331630Z 
2026-09-30T23:41:07.3333990Z SwiftExplicitDependencyGeneratePcm x86_64 /Users/runner/Library/Developer/Xcode/DerivedData/ModuleCache.noindex/Accessibility-AXI1BOKDOX850Y442ZWG1K8K6.pcm
2026-09-30T23:41:07.3336710Z 
2026-09-30T23:41:07.3339060Z SwiftExplicitDependencyGeneratePcm x86_64 /Users/runner/Library/Developer/Xcode/DerivedData/ModuleCache.noindex/DataDetection-BR9N3LOSSEIRZ828FOGWO0UXP.pcm
2026-09-30T23:41:07.3341830Z 
2026-09-30T23:41:07.3344200Z SwiftExplicitDependencyGeneratePcm x86_64 /Users/runner/Library/Developer/Xcode/DerivedData/ModuleCache.noindex/UserNotifications-7HZ1UZUG8XSDKPIG7H2PHCJOR.pcm
2026-09-30T23:41:07.3346990Z 
2026-09-30T23:41:07.3349270Z SwiftExplicitDependencyGeneratePcm x86_64 /Users/runner/Library/Developer/Xcode/DerivedData/ModuleCache.noindex/UIUtilities-EYCM5X0DKFQETD183723DK8ZN.pcm
2026-09-30T23:41:07.3352060Z 
2026-09-30T23:41:07.3354240Z SwiftExplicitDependencyGeneratePcm x86_64 /Users/runner/Library/Developer/Xcode/DerivedData/ModuleCache.noindex/Symbols-CUG8G4A50GQRBPVO6VSS7BLME.pcm
2026-09-30T23:41:07.3356880Z 
2026-09-30T23:41:07.3359090Z SwiftExplicitDependencyGeneratePcm x86_64 /Users/runner/Library/Developer/Xcode/DerivedData/ModuleCache.noindex/Network-KSC1MH39FCVRSE6P4AC8TAT8.pcm
2026-09-30T23:41:07.3361760Z 
2026-09-30T23:41:07.3363930Z SwiftExplicitDependencyGeneratePcm x86_64 /Users/runner/Library/Developer/Xcode/DerivedData/ModuleCache.noindex/Metal-26H0YOZQM42WOO06VOBUQBPWF.pcm
2026-09-30T23:41:07.3367100Z 
2026-09-30T23:41:07.3369450Z SwiftExplicitDependencyGeneratePcm x86_64 /Users/runner/Library/Developer/Xcode/DerivedData/ModuleCache.noindex/LocalAuthentication-BGJOPSDT0TUKB55FXBR8SJWT6.pcm
2026-09-30T23:41:07.3372290Z 
2026-09-30T23:41:07.3374370Z SwiftExplicitDependencyGeneratePcm x86_64 /Users/runner/Library/Developer/Xcode/DerivedData/ModuleCache.noindex/CoreMIDI-BVSU35AUJJVN8A28X63S0YKOZ.pcm
2026-09-30T23:41:07.3377120Z 
2026-09-30T23:41:07.3379410Z SwiftExplicitDependencyGeneratePcm x86_64 /Users/runner/Library/Developer/Xcode/DerivedData/ModuleCache.noindex/CoreTransferable-YX9LM6OHKLXTXV3L3UIWKZZ7.pcm
2026-09-30T23:41:07.3382110Z 
2026-09-30T23:41:07.3385190Z SwiftExplicitDependencyGeneratePcm x86_64 /Users/runner/Library/Developer/Xcode/DerivedData/ModuleCache.noindex/AVRouting-CVM53CZ5YOQSTAAYZKJAEWCVZ.pcm
2026-09-30T23:41:07.3387920Z 
2026-09-30T23:41:07.3390470Z SwiftExplicitDependencyGeneratePcm x86_64 /Users/runner/Library/Developer/Xcode/DerivedData/ModuleCache.noindex/UniformTypeIdentifiers-2HWUFRFIFN896QE4G0LZLHRMZ.pcm
2026-09-30T23:41:07.3393480Z 
2026-09-30T23:41:07.3396490Z SwiftExplicitDependencyGeneratePcm x86_64 /Users/runner/Library/Developer/Xcode/DerivedData/ModuleCache.noindex/AudioToolbox-CZA31OA7F8KVBY16DDAYD7BXU.pcm
2026-09-30T23:41:07.7467250Z 
2026-09-30T23:41:07.8346070Z SwiftExplicitDependencyGeneratePcm x86_64 /Users/runner/Library/Developer/Xcode/DerivedData/ModuleCache.noindex/CoreVideo-DZ0WRZ0A1YZPGIXFBUNQR72ZC.pcm
2026-09-30T23:41:07.8750510Z 
2026-09-30T23:41:07.9755930Z SwiftExplicitDependencyGeneratePcm x86_64 /Users/runner/Library/Developer/Xcode/DerivedData/ModuleCache.noindex/CoreImage-48I09XM8BAKTTXAN5P698KSDL.pcm
2026-09-30T23:41:08.7726620Z 
2026-09-30T23:41:08.7737880Z SwiftExplicitDependencyGeneratePcm x86_64 /Users/runner/Library/Developer/Xcode/DerivedData/ModuleCache.noindex/QuartzCore-3Y15QODQAK01Y3ICS5DHP2L3.pcm
2026-09-30T23:41:08.7746100Z 
2026-09-30T23:41:08.7752290Z SwiftExplicitDependencyGeneratePcm x86_64 /Users/runner/Library/Developer/Xcode/DerivedData/ModuleCache.noindex/CoreMedia-2TUN41WAPWDF9PZAPNAGRNZM2.pcm
2026-09-30T23:41:08.7836120Z 
2026-09-30T23:41:08.7858010Z SwiftExplicitDependencyGeneratePcm x86_64 /Users/runner/Library/Developer/Xcode/DerivedData/ModuleCache.noindex/SwiftUICore-DE2V5CQ1J55XOYKSAJ7RDPOIL.pcm
2026-09-30T23:41:08.7887270Z 
2026-09-30T23:41:08.8892110Z SwiftExplicitDependencyGeneratePcm x86_64 /Users/runner/Library/Developer/Xcode/DerivedData/ModuleCache.noindex/UIKit-3NWNORKP2W2FXC60PL7JRUSXW.pcm
2026-09-30T23:41:17.3199830Z 
2026-09-30T23:41:17.4204810Z SwiftExplicitDependencyGeneratePcm x86_64 /Users/runner/Library/Developer/Xcode/DerivedData/ModuleCache.noindex/AVFAudio-FVN6J8FGS3K3GWMNSBP5DJ2L.pcm
2026-09-30T23:41:17.5206250Z 
2026-09-30T23:41:17.6210920Z SwiftExplicitDependencyGeneratePcm x86_64 /Users/runner/Library/Developer/Xcode/DerivedData/ModuleCache.noindex/MediaToolbox-5IOVIAUAG5BHEDAO3PDRDBXQS.pcm
2026-09-30T23:41:17.7211350Z 
2026-09-30T23:41:17.8221920Z SwiftExplicitDependencyGeneratePcm x86_64 /Users/runner/Library/Developer/Xcode/DerivedData/ModuleCache.noindex/AVFoundation-7S9FWX6WNQOE9TP7N9HH12KKB.pcm
2026-09-30T23:41:17.9228700Z 
2026-09-30T23:41:18.0234270Z SwiftExplicitDependencyGeneratePcm x86_64 /Users/runner/Library/Developer/Xcode/DerivedData/ModuleCache.noindex/SwiftUI-9057GBL3Y857UVKJUVVS47Z74.pcm
2026-09-30T23:41:18.1234920Z 
2026-09-30T23:41:18.2241620Z SwiftExplicitDependencyGeneratePcm x86_64 /Users/runner/Library/Developer/Xcode/DerivedData/ModuleCache.noindex/AuthenticationServices-B7RBAVIPTE176Z9YYWSDTSMOJ.pcm
2026-09-30T23:41:18.7253190Z 
2026-09-30T23:41:18.8259990Z SwiftExplicitDependencyGeneratePcm x86_64 /Users/runner/Library/Developer/Xcode/DerivedData/ModuleCache.noindex/StoreKit-65O2MRDFE4NL4GBQNXA67DU5T.pcm
2026-09-30T23:41:18.9264340Z 
2026-09-30T23:41:19.0269560Z SwiftEmitModule normal x86_64 Emitting\ module\ for\ QelvoraApp (in target 'QelvoraApp' from project 'QelvoraApp')
2026-09-30T23:41:19.1272960Z 
2026-09-30T23:41:19.2279110Z SwiftCompile normal x86_64 /Users/runner/work/creator-platform/creator-platform/apps/ios/App/QelvoraApp.swift (in target 'QelvoraApp' from project 'QelvoraApp')
2026-09-30T23:41:19.3286290Z     cd /Users/runner/work/creator-platform/creator-platform/apps/ios
2026-09-30T23:41:19.4289690Z     
2026-09-30T23:41:20.0333760Z 
2026-09-30T23:41:20.1340200Z SwiftCompile normal x86_64 Compiling\ QelvoraApp.swift /Users/runner/work/creator-platform/creator-platform/apps/ios/App/QelvoraApp.swift (in target 'QelvoraApp' from project 'QelvoraApp')
2026-09-30T23:41:20.2344660Z SwiftCompile normal x86_64 /Users/runner/work/creator-platform/creator-platform/apps/ios/App/QelvoraApp.swift (in target 'QelvoraApp' from project 'QelvoraApp')
2026-09-30T23:41:20.3344890Z     cd /Users/runner/work/creator-platform/creator-platform/apps/ios
2026-09-30T23:41:20.4350120Z     
2026-09-30T23:41:23.4315770Z 
2026-09-30T23:41:23.5083170Z SwiftDriverJobDiscovery normal x86_64 Emitting module for QelvoraApp (in target 'QelvoraApp' from project 'QelvoraApp')
2026-09-30T23:41:23.5172620Z 
2026-09-30T23:41:23.5204590Z SwiftDriver\ Compilation\ Requirements QelvoraApp normal x86_64 com.apple.xcode.tools.swift.compiler (in target 'QelvoraApp' from project 'QelvoraApp')
2026-09-30T23:41:23.5253980Z     cd /Users/runner/work/creator-platform/creator-platform/apps/ios
2026-09-30T23:41:23.6363440Z     builtin-Swift-Compilation-Requirements -- /Applications/Xcode_26.5.app/Contents/Developer/Toolchains/XcodeDefault.xctoolchain/usr/bin/swiftc -module-name QelvoraApp -Onone @/Users/runner/Library/Developer/Xcode/DerivedData/QelvoraApp-chovwfzcihvbrjemwlhqppehhyoa/Build/Intermediates.noindex/QelvoraApp.build/Debug-iphonesimulator/QelvoraApp.build/Objects-normal/x86_64/QelvoraApp.SwiftFileList -DDEBUG -enable-experimental-feature DebugDescriptionMacro -sdk /Applications/Xcode_26.5.app/Contents/Developer/Platforms/iPhoneSimulator.platform/Developer/SDKs/iPhoneSimulator26.5.sdk -target x86_64-apple-ios17.0-simulator -g -module-cache-path /Users/runner/Library/Developer/Xcode/DerivedData/ModuleCache.noindex -Xfrontend -serialize-debugging-options -enable-testing -index-store-path /Users/runner/Library/Developer/Xcode/DerivedData/QelvoraApp-chovwfzcihvbrjemwlhqppehhyoa/Index.noindex/DataStore -Xcc -D_LIBCPP_HARDENING_MODE\=_LIBCPP_HARDENING_MODE_DEBUG -swift-version 6 -I /Users/runner/Library/Developer/Xcode/DerivedData/QelvoraApp-chovwfzcihvbrjemwlhqppehhyoa/Build/Products/Debug-iphonesimulator -F /Users/runner/Library/Developer/Xcode/DerivedData/QelvoraApp-chovwfzcihvbrjemwlhqppehhyoa/Build/Products/Debug-iphonesimulator/PackageFrameworks -F /Users/runner/Library/Developer/Xcode/DerivedData/QelvoraApp-chovwfzcihvbrjemwlhqppehhyoa/Build/Products/Debug-iphonesimulator -parse-as-library -c -j4 -enable-batch-mode -incremental -Xcc -ivfsstatcache -Xcc /Users/runner/Library/Developer/Xcode/DerivedData/SDKStatCaches.noindex/iphonesimulator26.5-23F73-688ef53f1462e2c8f657fdc38a81448ffb7d586738ff35573a713a18216ade27.sdkstatcache -output-file-map /Users/runner/Library/Developer/Xcode/DerivedData/QelvoraApp-chovwfzcihvbrjemwlhqppehhyoa/Build/Intermediates.noindex/QelvoraApp.build/Debug-iphonesimulator/QelvoraApp.build/Objects-normal/x86_64/QelvoraApp-OutputFileMap.json -use-frontend-parseable-output -save-temps -no-color-diagnostics -explicit-module-build -module-cache-path /Users/runner/Library/Developer/Xcode/DerivedData/QelvoraApp-chovwfzcihvbrjemwlhqppehhyoa/Build/Intermediates.noindex/SwiftExplicitPrecompiledModules -clang-scanner-module-cache-path /Users/runner/Library/Developer/Xcode/DerivedData/ModuleCache.noindex -sdk-module-cache-path /Users/runner/Library/Developer/Xcode/DerivedData/ModuleCache.noindex -serialize-diagnostics -emit-dependencies -emit-module -emit-module-path /Users/runner/Library/Developer/Xcode/DerivedData/QelvoraApp-chovwfzcihvbrjemwlhqppehhyoa/Build/Intermediates.noindex/QelvoraApp.build/Debug-iphonesimulator/QelvoraApp.build/Objects-normal/x86_64/QelvoraApp.swiftmodule -validate-clang-modules-once -clang-build-session-file /Users/runner/Library/Developer/Xcode/DerivedData/ModuleCache.noindex/Session.modulevalidation -Xcc -I/Users/runner/Library/Developer/Xcode/DerivedData/QelvoraApp-chovwfzcihvbrjemwlhqppehhyoa/Build/Intermediates.noindex/QelvoraApp.build/Debug-iphonesimulator/QelvoraApp.build/swift-overrides.hmap -emit-const-values -Xfrontend -const-gather-protocols-file -Xfrontend /Users/runner/Library/Developer/Xcode/DerivedData/QelvoraApp-chovwfzcihvbrjemwlhqppehhyoa/Build/Intermediates.noindex/QelvoraApp.build/Debug-iphonesimulator/QelvoraApp.build/Objects-normal/x86_64/QelvoraApp_const_extract_protocols.json -Xcc -iquote -Xcc /Users/runner/Library/Developer/Xcode/DerivedData/QelvoraApp-chovwfzcihvbrjemwlhqppehhyoa/Build/Intermediates.noindex/QelvoraApp.build/Debug-iphonesimulator/QelvoraApp.build/QelvoraApp-generated-files.hmap -Xcc -I/Users/runner/Library/Developer/Xcode/DerivedData/QelvoraApp-chovwfzcihvbrjemwlhqppehhyoa/Build/Intermediates.noindex/QelvoraApp.build/Debug-iphonesimulator/QelvoraApp.build/QelvoraApp-own-target-headers.hmap -Xcc -I/Users/runner/Library/Developer/Xcode/DerivedData/QelvoraApp-chovwfzcihvbrjemwlhqppehhyoa/Build/Intermediates.noindex/QelvoraApp.build/Debug-iphonesimulator/QelvoraApp.build/QelvoraApp-all-non-framework-target-headers.hmap -Xcc -ivfsoverlay -Xcc /Users/runner/Library/Developer/Xcode/DerivedData/QelvoraApp-chovwfzcihvbrjemwlhqppehhyoa/Build/Intermediates.noindex/QelvoraApp.build/Debug-iphonesimulator/QelvoraApp-29b244ef777fcfbcbef7f347c6fce175-VFS-iphonesimulator/all-product-headers.yaml -Xcc -iquote -Xcc /Users/runner/Library/Developer/Xcode/DerivedData/QelvoraApp-chovwfzcihvbrjemwlhqppehhyoa/Build/Intermediates.noindex/QelvoraApp.build/Debug-iphonesimulator/QelvoraApp.build/QelvoraApp-project-headers.hmap -Xcc -I/Users/runner/Library/Developer/Xcode/DerivedData/QelvoraApp-chovwfzcihvbrjemwlhqppehhyoa/Build/Products/Debug-iphonesimulator/include -Xcc -I/Users/runner/Library/Developer/Xcode/DerivedData/QelvoraApp-chovwfzcihvbrjemwlhqppehhyoa/Build/Intermediates.noindex/QelvoraApp.build/Debug-iphonesimulator/QelvoraApp.build/DerivedSources-normal/x86_64 -Xcc -I/Users/runner/Library/Developer/Xcode/DerivedData/QelvoraApp-chovwfzcihvbrjemwlhqppehhyoa/Build/Intermediates.noindex/QelvoraApp.build/Debug-iphonesimulator/QelvoraApp.build/DerivedSources/x86_64 -Xcc -I/Users/runner/Library/Developer/Xcode/DerivedData/QelvoraApp-chovwfzcihvbrjemwlhqppehhyoa/Build/Intermediates.noindex/QelvoraApp.build/Debug-iphonesimulator/QelvoraApp.build/DerivedSources -Xcc -DDEBUG\=1 -emit-objc-header -emit-objc-header-path /Users/runner/Library/Developer/Xcode/DerivedData/QelvoraApp-chovwfzcihvbrjemwlhqppehhyoa/Build/Intermediates.noindex/QelvoraApp.build/Debug-iphonesimulator/QelvoraApp.build/Objects-normal/x86_64/QelvoraApp-Swift.h -working-directory /Users/runner/work/creator-platform/creator-platform/apps/ios -experimental-emit-module-separately -disable-cmo
2026-09-30T23:41:23.6466580Z 
2026-09-30T23:41:23.7484870Z SwiftMergeGeneratedHeaders /Users/runner/Library/Developer/Xcode/DerivedData/QelvoraApp-chovwfzcihvbrjemwlhqppehhyoa/Build/Intermediates.noindex/QelvoraApp.build/Debug-iphonesimulator/QelvoraApp.build/DerivedSources/QelvoraApp-Swift.h /Users/runner/Library/Developer/Xcode/DerivedData/QelvoraApp-chovwfzcihvbrjemwlhqppehhyoa/Build/Intermediates.noindex/QelvoraApp.build/Debug-iphonesimulator/QelvoraApp.build/Objects-normal/x86_64/QelvoraApp-Swift.h (in target 'QelvoraApp' from project 'QelvoraApp')
2026-09-30T23:41:23.8498260Z     cd /Users/runner/work/creator-platform/creator-platform/apps/ios
2026-09-30T23:41:23.9059750Z     builtin-swiftHeaderTool -arch x86_64 /Users/runner/Library/Developer/Xcode/DerivedData/QelvoraApp-chovwfzcihvbrjemwlhqppehhyoa/Build/Intermediates.noindex/QelvoraApp.build/Debug-iphonesimulator/QelvoraApp.build/Objects-normal/x86_64/QelvoraApp-Swift.h -o /Users/runner/Library/Developer/Xcode/DerivedData/QelvoraApp-chovwfzcihvbrjemwlhqppehhyoa/Build/Intermediates.noindex/QelvoraApp.build/Debug-iphonesimulator/QelvoraApp.build/DerivedSources/QelvoraApp-Swift.h
2026-09-30T23:41:24.0073540Z 
2026-09-30T23:41:24.0546720Z Copy /Users/runner/Library/Developer/Xcode/DerivedData/QelvoraApp-chovwfzcihvbrjemwlhqppehhyoa/Build/Products/Debug-iphonesimulator/QelvoraApp.swiftmodule/x86_64-apple-ios-simulator.swiftmodule /Users/runner/Library/Developer/Xcode/DerivedData/QelvoraApp-chovwfzcihvbrjemwlhqppehhyoa/Build/Intermediates.noindex/QelvoraApp.build/Debug-iphonesimulator/QelvoraApp.build/Objects-normal/x86_64/QelvoraApp.swiftmodule (in target 'QelvoraApp' from project 'QelvoraApp')
2026-09-30T23:41:24.0726120Z     cd /Users/runner/work/creator-platform/creator-platform/apps/ios
2026-09-30T23:41:24.1745450Z     builtin-copy -exclude .DS_Store -exclude CVS -exclude .svn -exclude .git -exclude .hg -resolve-src-symlinks -rename /Users/runner/Library/Developer/Xcode/DerivedData/QelvoraApp-chovwfzcihvbrjemwlhqppehhyoa/Build/Intermediates.noindex/QelvoraApp.build/Debug-iphonesimulator/QelvoraApp.build/Objects-normal/x86_64/QelvoraApp.swiftmodule /Users/runner/Library/Developer/Xcode/DerivedData/QelvoraApp-chovwfzcihvbrjemwlhqppehhyoa/Build/Products/Debug-iphonesimulator/QelvoraApp.swiftmodule/x86_64-apple-ios-simulator.swiftmodule
2026-09-30T23:41:24.2740350Z 
2026-09-30T23:41:24.3750430Z Copy /Users/runner/Library/Developer/Xcode/DerivedData/QelvoraApp-chovwfzcihvbrjemwlhqppehhyoa/Build/Products/Debug-iphonesimulator/QelvoraApp.swiftmodule/x86_64-apple-ios-simulator.swiftdoc /Users/runner/Library/Developer/Xcode/DerivedData/QelvoraApp-chovwfzcihvbrjemwlhqppehhyoa/Build/Intermediates.noindex/QelvoraApp.build/Debug-iphonesimulator/QelvoraApp.build/Objects-normal/x86_64/QelvoraApp.swiftdoc (in target 'QelvoraApp' from project 'QelvoraApp')
2026-09-30T23:41:24.4761990Z     cd /Users/runner/work/creator-platform/creator-platform/apps/ios
2026-09-30T23:41:24.5773270Z     builtin-copy -exclude .DS_Store -exclude CVS -exclude .svn -exclude .git -exclude .hg -resolve-src-symlinks -rename /Users/runner/Library/Developer/Xcode/DerivedData/QelvoraApp-chovwfzcihvbrjemwlhqppehhyoa/Build/Intermediates.noindex/QelvoraApp.build/Debug-iphonesimulator/QelvoraApp.build/Objects-normal/x86_64/QelvoraApp.swiftdoc /Users/runner/Library/Developer/Xcode/DerivedData/QelvoraApp-chovwfzcihvbrjemwlhqppehhyoa/Build/Products/Debug-iphonesimulator/QelvoraApp.swiftmodule/x86_64-apple-ios-simulator.swiftdoc
2026-09-30T23:41:24.6767910Z 
2026-09-30T23:41:24.7797790Z Copy /Users/runner/Library/Developer/Xcode/DerivedData/QelvoraApp-chovwfzcihvbrjemwlhqppehhyoa/Build/Products/Debug-iphonesimulator/QelvoraApp.swiftmodule/x86_64-apple-ios-simulator.abi.json /Users/runner/Library/Developer/Xcode/DerivedData/QelvoraApp-chovwfzcihvbrjemwlhqppehhyoa/Build/Intermediates.noindex/QelvoraApp.build/Debug-iphonesimulator/QelvoraApp.build/Objects-normal/x86_64/QelvoraApp.abi.json (in target 'QelvoraApp' from project 'QelvoraApp')
2026-09-30T23:41:24.8079740Z     cd /Users/runner/work/creator-platform/creator-platform/apps/ios
2026-09-30T23:41:24.8336920Z     builtin-copy -exclude .DS_Store -exclude CVS -exclude .svn -exclude .git -exclude .hg -resolve-src-symlinks -rename /Users/runner/Library/Developer/Xcode/DerivedData/QelvoraApp-chovwfzcihvbrjemwlhqppehhyoa/Build/Intermediates.noindex/QelvoraApp.build/Debug-iphonesimulator/QelvoraApp.build/Objects-normal/x86_64/QelvoraApp.abi.json /Users/runner/Library/Developer/Xcode/DerivedData/QelvoraApp-chovwfzcihvbrjemwlhqppehhyoa/Build/Products/Debug-iphonesimulator/QelvoraApp.swiftmodule/x86_64-apple-ios-simulator.abi.json
2026-09-30T23:41:24.8639840Z 
2026-09-30T23:41:24.9048690Z Copy /Users/runner/Library/Developer/Xcode/DerivedData/QelvoraApp-chovwfzcihvbrjemwlhqppehhyoa/Build/Products/Debug-iphonesimulator/QelvoraApp.swiftmodule/Project/x86_64-apple-ios-simulator.swiftsourceinfo /Users/runner/Library/Developer/Xcode/DerivedData/QelvoraApp-chovwfzcihvbrjemwlhqppehhyoa/Build/Intermediates.noindex/QelvoraApp.build/Debug-iphonesimulator/QelvoraApp.build/Objects-normal/x86_64/QelvoraApp.swiftsourceinfo (in target 'QelvoraApp' from project 'QelvoraApp')
2026-09-30T23:41:25.0060100Z     cd /Users/runner/work/creator-platform/creator-platform/apps/ios
2026-09-30T23:41:25.0364350Z     builtin-copy -exclude .DS_Store -exclude CVS -exclude .svn -exclude .git -exclude .hg -resolve-src-symlinks -rename /Users/runner/Library/Developer/Xcode/DerivedData/QelvoraApp-chovwfzcihvbrjemwlhqppehhyoa/Build/Intermediates.noindex/QelvoraApp.build/Debug-iphonesimulator/QelvoraApp.build/Objects-normal/x86_64/QelvoraApp.swiftsourceinfo /Users/runner/Library/Developer/Xcode/DerivedData/QelvoraApp-chovwfzcihvbrjemwlhqppehhyoa/Build/Products/Debug-iphonesimulator/QelvoraApp.swiftmodule/Project/x86_64-apple-ios-simulator.swiftsourceinfo
2026-09-30T23:41:25.0506220Z 
2026-09-30T23:41:25.0573190Z ProcessProductPackaging "" /Users/runner/Library/Developer/Xcode/DerivedData/QelvoraApp-chovwfzcihvbrjemwlhqppehhyoa/Build/Intermediates.noindex/QelvoraApp.build/Debug-iphonesimulator/QelvoraUITests.build/QelvoraUITests.xctest-Simulated.xcent (in target 'QelvoraUITests' from project 'QelvoraApp')
2026-09-30T23:41:25.0621510Z     cd /Users/runner/work/creator-platform/creator-platform/apps/ios
2026-09-30T23:41:25.1626680Z     
2026-09-30T23:41:25.2629330Z     Entitlements:
2026-09-30T23:41:25.3561620Z     
2026-09-30T23:41:25.3738200Z     {
2026-09-30T23:41:25.3811170Z     "application-identifier" = "FAKETEAMID.com.pantopus.qelvora.uitests.xctrunner";
2026-09-30T23:41:25.3831660Z     "keychain-access-groups" =     (
2026-09-30T23:41:25.3845460Z         "FAKETEAMID.com.pantopus.qelvora.uitests.xctrunner"
2026-09-30T23:41:25.3876640Z     );
2026-09-30T23:41:25.3929570Z }
2026-09-30T23:41:25.3941110Z     
2026-09-30T23:41:25.3950510Z     builtin-productPackagingUtility -entitlements -format xml -o /Users/runner/Library/Developer/Xcode/DerivedData/QelvoraApp-chovwfzcihvbrjemwlhqppehhyoa/Build/Intermediates.noindex/QelvoraApp.build/Debug-iphonesimulator/QelvoraUITests.build/QelvoraUITests.xctest-Simulated.xcent
2026-09-30T23:41:25.3958700Z 
2026-09-30T23:41:25.3971240Z ProcessProductPackagingDER /Users/runner/Library/Developer/Xcode/DerivedData/QelvoraApp-chovwfzcihvbrjemwlhqppehhyoa/Build/Intermediates.noindex/QelvoraApp.build/Debug-iphonesimulator/QelvoraUITests.build/QelvoraUITests.xctest-Simulated.xcent /Users/runner/Library/Developer/Xcode/DerivedData/QelvoraApp-chovwfzcihvbrjemwlhqppehhyoa/Build/Intermediates.noindex/QelvoraApp.build/Debug-iphonesimulator/QelvoraUITests.build/QelvoraUITests.xctest-Simulated.xcent.der (in target 'QelvoraUITests' from project 'QelvoraApp')
2026-09-30T23:41:25.3987490Z     cd /Users/runner/work/creator-platform/creator-platform/apps/ios
2026-09-30T23:41:25.4001260Z     /usr/bin/derq query -f xml -i /Users/runner/Library/Developer/Xcode/DerivedData/QelvoraApp-chovwfzcihvbrjemwlhqppehhyoa/Build/Intermediates.noindex/QelvoraApp.build/Debug-iphonesimulator/QelvoraUITests.build/QelvoraUITests.xctest-Simulated.xcent -o /Users/runner/Library/Developer/Xcode/DerivedData/QelvoraApp-chovwfzcihvbrjemwlhqppehhyoa/Build/Intermediates.noindex/QelvoraApp.build/Debug-iphonesimulator/QelvoraUITests.build/QelvoraUITests.xctest-Simulated.xcent.der --raw
2026-09-30T23:41:25.4014780Z 
2026-09-30T23:41:25.4020830Z SwiftDriver QelvoraUITests normal x86_64 com.apple.xcode.tools.swift.compiler (in target 'QelvoraUITests' from project 'QelvoraApp')
2026-09-30T23:41:25.4028230Z     cd /Users/runner/work/creator-platform/creator-platform/apps/ios
2026-09-30T23:41:25.4140700Z     builtin-SwiftDriver -- /Applications/Xcode_26.5.app/Contents/Developer/Toolchains/XcodeDefault.xctoolchain/usr/bin/swiftc -module-name QelvoraUITests -Onone @/Users/runner/Library/Developer/Xcode/DerivedData/QelvoraApp-chovwfzcihvbrjemwlhqppehhyoa/Build/Intermediates.noindex/QelvoraApp.build/Debug-iphonesimulator/QelvoraUITests.build/Objects-normal/x86_64/QelvoraUITests.SwiftFileList -DDEBUG -module-alias Testing\=_Testing_Unavailable -plugin-path /Applications/Xcode_26.5.app/Contents/Developer/Toolchains/XcodeDefault.xctoolchain/usr/lib/swift/host/plugins/testing -enable-experimental-feature DebugDescriptionMacro -sdk /Applications/Xcode_26.5.app/Contents/Developer/Platforms/iPhoneSimulator.platform/Developer/SDKs/iPhoneSimulator26.5.sdk -target x86_64-apple-ios17.0-simulator -g -module-cache-path /Users/runner/Library/Developer/Xcode/DerivedData/ModuleCache.noindex -Xfrontend -serialize-debugging-options -enable-testing -index-store-path /Users/runner/Library/Developer/Xcode/DerivedData/QelvoraApp-chovwfzcihvbrjemwlhqppehhyoa/Index.noindex/DataStore -Xcc -D_LIBCPP_HARDENING_MODE\=_LIBCPP_HARDENING_MODE_DEBUG -swift-version 6 -I /Users/runner/Library/Developer/Xcode/DerivedData/QelvoraApp-chovwfzcihvbrjemwlhqppehhyoa/Build/Products/Debug-iphonesimulator -Isystem /Applications/Xcode_26.5.app/Contents/Developer/Platforms/iPhoneSimulator.platform/Developer/usr/lib -F /Users/runner/Library/Developer/Xcode/DerivedData/QelvoraApp-chovwfzcihvbrjemwlhqppehhyoa/Build/Products/Debug-iphonesimulator -F /Applications/Xcode_26.5.app/Contents/Developer/Platforms/iPhoneSimulator.platform/Developer/Library/Frameworks -F /Applications/Xcode_26.5.app/Contents/Developer/Platforms/iPhoneSimulator.platform/Developer/SDKs/iPhoneSimulator26.5.sdk/Developer/Library/Frameworks -parse-as-library -c -j4 -enable-batch-mode -incremental -Xcc -ivfsstatcache -Xcc /Users/runner/Library/Developer/Xcode/DerivedData/SDKStatCaches.noindex/iphonesimulator26.5-23F73-688ef53f1462e2c8f657fdc38a81448ffb7d586738ff35573a713a18216ade27.sdkstatcache -output-file-map /Users/runner/Library/Developer/Xcode/DerivedData/QelvoraApp-chovwfzcihvbrjemwlhqppehhyoa/Build/Intermediates.noindex/QelvoraApp.build/Debug-iphonesimulator/QelvoraUITests.build/Objects-normal/x86_64/QelvoraUITests-OutputFileMap.json -use-frontend-parseable-output -save-temps -no-color-diagnostics -explicit-module-build -module-cache-path /Users/runner/Library/Developer/Xcode/DerivedData/QelvoraApp-chovwfzcihvbrjemwlhqppehhyoa/Build/Intermediates.noindex/SwiftExplicitPrecompiledModules -clang-scanner-module-cache-path /Users/runner/Library/Developer/Xcode/DerivedData/ModuleCache.noindex -sdk-module-cache-path /Users/runner/Library/Developer/Xcode/DerivedData/ModuleCache.noindex -serialize-diagnostics -emit-dependencies -emit-module -emit-module-path /Users/runner/Library/Developer/Xcode/DerivedData/QelvoraApp-chovwfzcihvbrjemwlhqppehhyoa/Build/Intermediates.noindex/QelvoraApp.build/Debug-iphonesimulator/QelvoraUITests.build/Objects-normal/x86_64/QelvoraUITests.swiftmodule -validate-clang-modules-once -clang-build-session-file /Users/runner/Library/Developer/Xcode/DerivedData/ModuleCache.noindex/Session.modulevalidation -Xcc -I/Users/runner/Library/Developer/Xcode/DerivedData/QelvoraApp-chovwfzcihvbrjemwlhqppehhyoa/Build/Intermediates.noindex/QelvoraApp.build/Debug-iphonesimulator/QelvoraUITests.build/swift-overrides.hmap -emit-const-values -Xfrontend -const-gather-protocols-file -Xfrontend /Users/runner/Library/Developer/Xcode/DerivedData/QelvoraApp-chovwfzcihvbrjemwlhqppehhyoa/Build/Intermediates.noindex/QelvoraApp.build/Debug-iphonesimulator/QelvoraUITests.build/Objects-normal/x86_64/QelvoraUITests_const_extract_protocols.json -Xcc -iquote -Xcc /Users/runner/Library/Developer/Xcode/DerivedData/QelvoraApp-chovwfzcihvbrjemwlhqppehhyoa/Build/Intermediates.noindex/QelvoraApp.build/Debug-iphonesimulator/QelvoraUITests.build/QelvoraUITests-generated-files.hmap -Xcc -I/Users/runner/Library/Developer/Xcode/DerivedData/QelvoraApp-chovwfzcihvbrjemwlhqppehhyoa/Build/Intermediates.noindex/QelvoraApp.build/Debug-iphonesimulator/QelvoraUITests.build/QelvoraUITests-own-target-headers.hmap -Xcc -I/Users/runner/Library/Developer/Xcode/DerivedData/QelvoraApp-chovwfzcihvbrjemwlhqppehhyoa/Build/Intermediates.noindex/QelvoraApp.build/Debug-iphonesimulator/QelvoraUITests.build/QelvoraUITests-all-non-framework-target-headers.hmap -Xcc -ivfsoverlay -Xcc /Users/runner/Library/Developer/Xcode/DerivedData/QelvoraApp-chovwfzcihvbrjemwlhqppehhyoa/Build/Intermediates.noindex/QelvoraApp.build/Debug-iphonesimulator/QelvoraApp-29b244ef777fcfbcbef7f347c6fce175-VFS-iphonesimulator/all-product-headers.yaml -Xcc -iquote -Xcc /Users/runner/Library/Developer/Xcode/DerivedData/QelvoraApp-chovwfzcihvbrjemwlhqppehhyoa/Build/Intermediates.noindex/QelvoraApp.build/Debug-iphonesimulator/QelvoraUITests.build/QelvoraUITests-project-headers.hmap -Xcc -I/Users/runner/Library/Developer/Xcode/DerivedData/QelvoraApp-chovwfzcihvbrjemwlhqppehhyoa/Build/Products/Debug-iphonesimulator/include -Xcc -I/Users/runner/Library/Developer/Xcode/DerivedData/QelvoraApp-chovwfzcihvbrjemwlhqppehhyoa/Build/Intermediates.noindex/QelvoraApp.build/Debug-iphonesimulator/QelvoraUITests.build/DerivedSources-normal/x86_64 -Xcc -I/Users/runner/Library/Developer/Xcode/DerivedData/QelvoraApp-chovwfzcihvbrjemwlhqppehhyoa/Build/Intermediates.noindex/QelvoraApp.build/Debug-iphonesimulator/QelvoraUITests.build/DerivedSources/x86_64 -Xcc -I/Users/runner/Library/Developer/Xcode/DerivedData/QelvoraApp-chovwfzcihvbrjemwlhqppehhyoa/Build/Intermediates.noindex/QelvoraApp.build/Debug-iphonesimulator/QelvoraUITests.build/DerivedSources -Xcc -DDEBUG\=1 -emit-objc-header -emit-objc-header-path /Users/runner/Library/Developer/Xcode/DerivedData/QelvoraApp-chovwfzcihvbrjemwlhqppehhyoa/Build/Intermediates.noindex/QelvoraApp.build/Debug-iphonesimulator/QelvoraUITests.build/Objects-normal/x86_64/QelvoraUITests-Swift.h -working-directory /Users/runner/work/creator-platform/creator-platform/apps/ios -experimental-emit-module-separately -disable-cmo
2026-09-30T23:41:25.4245340Z 
2026-09-30T23:41:25.4253090Z SwiftExplicitDependencyGeneratePcm x86_64 /Users/runner/Library/Developer/Xcode/DerivedData/QelvoraApp-chovwfzcihvbrjemwlhqppehhyoa/Build/Intermediates.noindex/SwiftExplicitPrecompiledModules/XCUIAutomation-81EFOCY46XM0SDKPVPT7KBYKX.pcm
2026-09-30T23:41:25.4260720Z 
2026-09-30T23:41:25.4265910Z SwiftDriverJobDiscovery normal x86_64 Compiling QelvoraApp.swift (in target 'QelvoraApp' from project 'QelvoraApp')
2026-09-30T23:41:25.4271310Z 
2026-09-30T23:41:25.4276960Z SwiftDriver\ Compilation QelvoraApp normal x86_64 com.apple.xcode.tools.swift.compiler (in target 'QelvoraApp' from project 'QelvoraApp')
2026-09-30T23:41:25.4281920Z     cd /Users/runner/work/creator-platform/creator-platform/apps/ios
2026-09-30T23:41:25.4373290Z     builtin-Swift-Compilation -- /Applications/Xcode_26.5.app/Contents/Developer/Toolchains/XcodeDefault.xctoolchain/usr/bin/swiftc -module-name QelvoraApp -Onone @/Users/runner/Library/Developer/Xcode/DerivedData/QelvoraApp-chovwfzcihvbrjemwlhqppehhyoa/Build/Intermediates.noindex/QelvoraApp.build/Debug-iphonesimulator/QelvoraApp.build/Objects-normal/x86_64/QelvoraApp.SwiftFileList -DDEBUG -enable-experimental-feature DebugDescriptionMacro -sdk /Applications/Xcode_26.5.app/Contents/Developer/Platforms/iPhoneSimulator.platform/Developer/SDKs/iPhoneSimulator26.5.sdk -target x86_64-apple-ios17.0-simulator -g -module-cache-path /Users/runner/Library/Developer/Xcode/DerivedData/ModuleCache.noindex -Xfrontend -serialize-debugging-options -enable-testing -index-store-path /Users/runner/Library/Developer/Xcode/DerivedData/QelvoraApp-chovwfzcihvbrjemwlhqppehhyoa/Index.noindex/DataStore -Xcc -D_LIBCPP_HARDENING_MODE\=_LIBCPP_HARDENING_MODE_DEBUG -swift-version 6 -I /Users/runner/Library/Developer/Xcode/DerivedData/QelvoraApp-chovwfzcihvbrjemwlhqppehhyoa/Build/Products/Debug-iphonesimulator -F /Users/runner/Library/Developer/Xcode/DerivedData/QelvoraApp-chovwfzcihvbrjemwlhqppehhyoa/Build/Products/Debug-iphonesimulator/PackageFrameworks -F /Users/runner/Library/Developer/Xcode/DerivedData/QelvoraApp-chovwfzcihvbrjemwlhqppehhyoa/Build/Products/Debug-iphonesimulator -parse-as-library -c -j4 -enable-batch-mode -incremental -Xcc -ivfsstatcache -Xcc /Users/runner/Library/Developer/Xcode/DerivedData/SDKStatCaches.noindex/iphonesimulator26.5-23F73-688ef53f1462e2c8f657fdc38a81448ffb7d586738ff35573a713a18216ade27.sdkstatcache -output-file-map /Users/runner/Library/Developer/Xcode/DerivedData/QelvoraApp-chovwfzcihvbrjemwlhqppehhyoa/Build/Intermediates.noindex/QelvoraApp.build/Debug-iphonesimulator/QelvoraApp.build/Objects-normal/x86_64/QelvoraApp-OutputFileMap.json -use-frontend-parseable-output -save-temps -no-color-diagnostics -explicit-module-build -module-cache-path /Users/runner/Library/Developer/Xcode/DerivedData/QelvoraApp-chovwfzcihvbrjemwlhqppehhyoa/Build/Intermediates.noindex/SwiftExplicitPrecompiledModules -clang-scanner-module-cache-path /Users/runner/Library/Developer/Xcode/DerivedData/ModuleCache.noindex -sdk-module-cache-path /Users/runner/Library/Developer/Xcode/DerivedData/ModuleCache.noindex -serialize-diagnostics -emit-dependencies -emit-module -emit-module-path /Users/runner/Library/Developer/Xcode/DerivedData/QelvoraApp-chovwfzcihvbrjemwlhqppehhyoa/Build/Intermediates.noindex/QelvoraApp.build/Debug-iphonesimulator/QelvoraApp.build/Objects-normal/x86_64/QelvoraApp.swiftmodule -validate-clang-modules-once -clang-build-session-file /Users/runner/Library/Developer/Xcode/DerivedData/ModuleCache.noindex/Session.modulevalidation -Xcc -I/Users/runner/Library/Developer/Xcode/DerivedData/QelvoraApp-chovwfzcihvbrjemwlhqppehhyoa/Build/Intermediates.noindex/QelvoraApp.build/Debug-iphonesimulator/QelvoraApp.build/swift-overrides.hmap -emit-const-values -Xfrontend -const-gather-protocols-file -Xfrontend /Users/runner/Library/Developer/Xcode/DerivedData/QelvoraApp-chovwfzcihvbrjemwlhqppehhyoa/Build/Intermediates.noindex/QelvoraApp.build/Debug-iphonesimulator/QelvoraApp.build/Objects-normal/x86_64/QelvoraApp_const_extract_protocols.json -Xcc -iquote -Xcc /Users/runner/Library/Developer/Xcode/DerivedData/QelvoraApp-chovwfzcihvbrjemwlhqppehhyoa/Build/Intermediates.noindex/QelvoraApp.build/Debug-iphonesimulator/QelvoraApp.build/QelvoraApp-generated-files.hmap -Xcc -I/Users/runner/Library/Developer/Xcode/DerivedData/QelvoraApp-chovwfzcihvbrjemwlhqppehhyoa/Build/Intermediates.noindex/QelvoraApp.build/Debug-iphonesimulator/QelvoraApp.build/QelvoraApp-own-target-headers.hmap -Xcc -I/Users/runner/Library/Developer/Xcode/DerivedData/QelvoraApp-chovwfzcihvbrjemwlhqppehhyoa/Build/Intermediates.noindex/QelvoraApp.build/Debug-iphonesimulator/QelvoraApp.build/QelvoraApp-all-non-framework-target-headers.hmap -Xcc -ivfsoverlay -Xcc /Users/runner/Library/Developer/Xcode/DerivedData/QelvoraApp-chovwfzcihvbrjemwlhqppehhyoa/Build/Intermediates.noindex/QelvoraApp.build/Debug-iphonesimulator/QelvoraApp-29b244ef777fcfbcbef7f347c6fce175-VFS-iphonesimulator/all-product-headers.yaml -Xcc -iquote -Xcc /Users/runner/Library/Developer/Xcode/DerivedData/QelvoraApp-chovwfzcihvbrjemwlhqppehhyoa/Build/Intermediates.noindex/QelvoraApp.build/Debug-iphonesimulator/QelvoraApp.build/QelvoraApp-project-headers.hmap -Xcc -I/Users/runner/Library/Developer/Xcode/DerivedData/QelvoraApp-chovwfzcihvbrjemwlhqppehhyoa/Build/Products/Debug-iphonesimulator/include -Xcc -I/Users/runner/Library/Developer/Xcode/DerivedData/QelvoraApp-chovwfzcihvbrjemwlhqppehhyoa/Build/Intermediates.noindex/QelvoraApp.build/Debug-iphonesimulator/QelvoraApp.build/DerivedSources-normal/x86_64 -Xcc -I/Users/runner/Library/Developer/Xcode/DerivedData/QelvoraApp-chovwfzcihvbrjemwlhqppehhyoa/Build/Intermediates.noindex/QelvoraApp.build/Debug-iphonesimulator/QelvoraApp.build/DerivedSources/x86_64 -Xcc -I/Users/runner/Library/Developer/Xcode/DerivedData/QelvoraApp-chovwfzcihvbrjemwlhqppehhyoa/Build/Intermediates.noindex/QelvoraApp.build/Debug-iphonesimulator/QelvoraApp.build/DerivedSources -Xcc -DDEBUG\=1 -emit-objc-header -emit-objc-header-path /Users/runner/Library/Developer/Xcode/DerivedData/QelvoraApp-chovwfzcihvbrjemwlhqppehhyoa/Build/Intermediates.noindex/QelvoraApp.build/Debug-iphonesimulator/QelvoraApp.build/Objects-normal/x86_64/QelvoraApp-Swift.h -working-directory /Users/runner/work/creator-platform/creator-platform/apps/ios -experimental-emit-module-separately -disable-cmo
2026-09-30T23:41:25.4476980Z 
2026-09-30T23:41:25.4484040Z Ld /Users/runner/Library/Developer/Xcode/DerivedData/QelvoraApp-chovwfzcihvbrjemwlhqppehhyoa/Build/Products/Debug-iphonesimulator/QelvoraApp.app/QelvoraApp.debug.dylib normal (in target 'QelvoraApp' from project 'QelvoraApp')
2026-09-30T23:41:25.4492830Z     cd /Users/runner/work/creator-platform/creator-platform/apps/ios
2026-09-30T23:41:25.4559250Z     /Applications/Xcode_26.5.app/Contents/Developer/Toolchains/XcodeDefault.xctoolchain/usr/bin/clang -Xlinker -reproducible -target x86_64-apple-ios17.0-simulator -dynamiclib -isysroot /Applications/Xcode_26.5.app/Contents/Developer/Platforms/iPhoneSimulator.platform/Developer/SDKs/iPhoneSimulator26.5.sdk -O0 -L/Users/runner/Library/Developer/Xcode/DerivedData/QelvoraApp-chovwfzcihvbrjemwlhqppehhyoa/Build/Intermediates.noindex/EagerLinkingTBDs/Debug-iphonesimulator -L/Users/runner/Library/Developer/Xcode/DerivedData/QelvoraApp-chovwfzcihvbrjemwlhqppehhyoa/Build/Products/Debug-iphonesimulator -F/Users/runner/Library/Developer/Xcode/DerivedData/QelvoraApp-chovwfzcihvbrjemwlhqppehhyoa/Build/Intermediates.noindex/EagerLinkingTBDs/Debug-iphonesimulator -F/Users/runner/Library/Developer/Xcode/DerivedData/QelvoraApp-chovwfzcihvbrjemwlhqppehhyoa/Build/Products/Debug-iphonesimulator/PackageFrameworks -F/Users/runner/Library/Developer/Xcode/DerivedData/QelvoraApp-chovwfzcihvbrjemwlhqppehhyoa/Build/Products/Debug-iphonesimulator -filelist /Users/runner/Library/Developer/Xcode/DerivedData/QelvoraApp-chovwfzcihvbrjemwlhqppehhyoa/Build/Intermediates.noindex/QelvoraApp.build/Debug-iphonesimulator/QelvoraApp.build/Objects-normal/x86_64/QelvoraApp.LinkFileList -install_name @rpath/QelvoraApp.debug.dylib -Xlinker -rpath -Xlinker /usr/lib/swift -Xlinker -rpath -Xlinker /Users/runner/Library/Developer/Xcode/DerivedData/QelvoraApp-chovwfzcihvbrjemwlhqppehhyoa/Build/Products/Debug-iphonesimulator/PackageFrameworks -Xlinker -rpath -Xlinker @executable_path/Frameworks -Xlinker -dead_strip -Xlinker -object_path_lto -Xlinker /Users/runner/Library/Developer/Xcode/DerivedData/QelvoraApp-chovwfzcihvbrjemwlhqppehhyoa/Build/Intermediates.noindex/QelvoraApp.build/Debug-iphonesimulator/QelvoraApp.build/Objects-normal/x86_64/QelvoraApp_lto.o -rdynamic -Xlinker -no_deduplicate -Xlinker -objc_abi_version -Xlinker 2 -Xlinker -dependency_info -Xlinker /Users/runner/Library/Developer/Xcode/DerivedData/QelvoraApp-chovwfzcihvbrjemwlhqppehhyoa/Build/Intermediates.noindex/QelvoraApp.build/Debug-iphonesimulator/QelvoraApp.build/Objects-normal/x86_64/QelvoraApp_dependency_info.dat -fobjc-link-runtime -L/Applications/Xcode_26.5.app/Contents/Developer/Toolchains/XcodeDefault.xctoolchain/usr/lib/swift/iphonesimulator -L/usr/lib/swift -Xlinker -add_ast_path -Xlinker /Users/runner/Library/Developer/Xcode/DerivedData/QelvoraApp-chovwfzcihvbrjemwlhqppehhyoa/Build/Intermediates.noindex/QelvoraApp.build/Debug-iphonesimulator/QelvoraApp.build/Objects-normal/x86_64/QelvoraApp.swiftmodule @/Users/runner/Library/Developer/Xcode/DerivedData/QelvoraApp-chovwfzcihvbrjemwlhqppehhyoa/Build/Intermediates.noindex/QelvoraApp.build/Debug-iphonesimulator/QelvoraApp.build/Objects-normal/x86_64/QelvoraApp-linker-args.resp -Wl,-no_warn_duplicate_libraries -Xlinker -alias -Xlinker _main -Xlinker ___debug_main_executable_dylib_entry_point -Xlinker -no_adhoc_codesign -o /Users/runner/Library/Developer/Xcode/DerivedData/QelvoraApp-chovwfzcihvbrjemwlhqppehhyoa/Build/Products/Debug-iphonesimulator/QelvoraApp.app/QelvoraApp.debug.dylib -Xlinker -add_ast_path -Xlinker /Users/runner/Library/Developer/Xcode/DerivedData/QelvoraApp-chovwfzcihvbrjemwlhqppehhyoa/Build/Intermediates.noindex/QelvoraNative.build/Debug-iphonesimulator/QelvoraUI.build/Objects-normal/x86_64/QelvoraUI.swiftmodule @/Users/runner/Library/Developer/Xcode/DerivedData/QelvoraApp-chovwfzcihvbrjemwlhqppehhyoa/Build/Intermediates.noindex/QelvoraNative.build/Debug-iphonesimulator/QelvoraUI.build/Objects-normal/x86_64/QelvoraUI-linker-args.resp
2026-09-30T23:41:26.1599690Z 
2026-09-30T23:41:26.1606720Z SwiftExplicitDependencyCompileModuleFromInterface x86_64 /Users/runner/Library/Developer/Xcode/DerivedData/QelvoraApp-chovwfzcihvbrjemwlhqppehhyoa/Build/Intermediates.noindex/SwiftExplicitPrecompiledModules/XCUIAutomation-1YKV8XDFO4W95.swiftmodule
2026-09-30T23:41:26.1625490Z 
2026-09-30T23:41:26.1637220Z SwiftExplicitDependencyGeneratePcm x86_64 /Users/runner/Library/Developer/Xcode/DerivedData/QelvoraApp-chovwfzcihvbrjemwlhqppehhyoa/Build/Intermediates.noindex/SwiftExplicitPrecompiledModules/XCTest-BY0GT1GGH1GAU4TAZ6IHUX6GK.pcm
2026-09-30T23:41:26.1644500Z 
2026-09-30T23:41:26.1651220Z SwiftExplicitDependencyCompileModuleFromInterface x86_64 /Users/runner/Library/Developer/Xcode/DerivedData/QelvoraApp-chovwfzcihvbrjemwlhqppehhyoa/Build/Intermediates.noindex/SwiftExplicitPrecompiledModules/XCTest-1HKZ5M4H98QNL.swiftmodule
2026-09-30T23:41:27.2717320Z 
2026-09-30T23:41:27.3725390Z ConstructStubExecutorLinkFileList /Users/runner/Library/Developer/Xcode/DerivedData/QelvoraApp-chovwfzcihvbrjemwlhqppehhyoa/Build/Intermediates.noindex/QelvoraApp.build/Debug-iphonesimulator/QelvoraApp.build/QelvoraApp-ExecutorLinkFileList-normal-x86_64.txt (in target 'QelvoraApp' from project 'QelvoraApp')
2026-09-30T23:41:27.4739320Z     cd /Users/runner/work/creator-platform/creator-platform/apps/ios
2026-09-30T23:41:27.5770930Z     construct-stub-executor-link-file-list /Users/runner/Library/Developer/Xcode/DerivedData/QelvoraApp-chovwfzcihvbrjemwlhqppehhyoa/Build/Products/Debug-iphonesimulator/QelvoraApp.app/QelvoraApp.debug.dylib /Applications/Xcode_26.5.app/Contents/Developer/Platforms/iPhoneSimulator.platform/Developer/usr/lib/libPreviewsJITStubExecutor_no_swift_entry_point.a /Applications/Xcode_26.5.app/Contents/Developer/Platforms/iPhoneSimulator.platform/Developer/usr/lib/libPreviewsJITStubExecutor.a --output /Users/runner/Library/Developer/Xcode/DerivedData/QelvoraApp-chovwfzcihvbrjemwlhqppehhyoa/Build/Intermediates.noindex/QelvoraApp.build/Debug-iphonesimulator/QelvoraApp.build/QelvoraApp-ExecutorLinkFileList-normal-x86_64.txt
2026-09-30T23:41:27.5792010Z note: Using stub executor library with Swift entry point. (in target 'QelvoraApp' from project 'QelvoraApp')
2026-09-30T23:41:27.6124640Z 
2026-09-30T23:41:27.6131310Z Ld /Users/runner/Library/Developer/Xcode/DerivedData/QelvoraApp-chovwfzcihvbrjemwlhqppehhyoa/Build/Products/Debug-iphonesimulator/QelvoraApp.app/QelvoraApp normal (in target 'QelvoraApp' from project 'QelvoraApp')
2026-09-30T23:41:27.6137920Z     cd /Users/runner/work/creator-platform/creator-platform/apps/ios
2026-09-30T23:41:27.6190340Z     /Applications/Xcode_26.5.app/Contents/Developer/Toolchains/XcodeDefault.xctoolchain/usr/bin/clang -Xlinker -reproducible -target x86_64-apple-ios17.0-simulator -isysroot /Applications/Xcode_26.5.app/Contents/Developer/Platforms/iPhoneSimulator.platform/Developer/SDKs/iPhoneSimulator26.5.sdk -O0 -L/Users/runner/Library/Developer/Xcode/DerivedData/QelvoraApp-chovwfzcihvbrjemwlhqppehhyoa/Build/Products/Debug-iphonesimulator -F/Users/runner/Library/Developer/Xcode/DerivedData/QelvoraApp-chovwfzcihvbrjemwlhqppehhyoa/Build/Products/Debug-iphonesimulator/PackageFrameworks -F/Users/runner/Library/Developer/Xcode/DerivedData/QelvoraApp-chovwfzcihvbrjemwlhqppehhyoa/Build/Products/Debug-iphonesimulator -Xlinker -rpath -Xlinker @executable_path -Xlinker -rpath -Xlinker /Users/runner/Library/Developer/Xcode/DerivedData/QelvoraApp-chovwfzcihvbrjemwlhqppehhyoa/Build/Products/Debug-iphonesimulator/PackageFrameworks -Xlinker -rpath -Xlinker @executable_path/Frameworks -rdynamic -Xlinker -no_deduplicate -Xlinker -objc_abi_version -Xlinker 2 -e ___debug_blank_executor_main -Xlinker -sectcreate -Xlinker __TEXT -Xlinker __debug_dylib -Xlinker /Users/runner/Library/Developer/Xcode/DerivedData/QelvoraApp-chovwfzcihvbrjemwlhqppehhyoa/Build/Intermediates.noindex/QelvoraApp.build/Debug-iphonesimulator/QelvoraApp.build/QelvoraApp-DebugDylibPath-normal-x86_64.txt -Xlinker -sectcreate -Xlinker __TEXT -Xlinker __debug_instlnm -Xlinker /Users/runner/Library/Developer/Xcode/DerivedData/QelvoraApp-chovwfzcihvbrjemwlhqppehhyoa/Build/Intermediates.noindex/QelvoraApp.build/Debug-iphonesimulator/QelvoraApp.build/QelvoraApp-DebugDylibInstallName-normal-x86_64.txt -Xlinker -filelist -Xlinker /Users/runner/Library/Developer/Xcode/DerivedData/QelvoraApp-chovwfzcihvbrjemwlhqppehhyoa/Build/Intermediates.noindex/QelvoraApp.build/Debug-iphonesimulator/QelvoraApp.build/QelvoraApp-ExecutorLinkFileList-normal-x86_64.txt -Xlinker -sectcreate -Xlinker __TEXT -Xlinker __entitlements -Xlinker /Users/runner/Library/Developer/Xcode/DerivedData/QelvoraApp-chovwfzcihvbrjemwlhqppehhyoa/Build/Intermediates.noindex/QelvoraApp.build/Debug-iphonesimulator/QelvoraApp.build/QelvoraApp.app-Simulated.xcent -Xlinker -sectcreate -Xlinker __TEXT -Xlinker __ents_der -Xlinker /Users/runner/Library/Developer/Xcode/DerivedData/QelvoraApp-chovwfzcihvbrjemwlhqppehhyoa/Build/Intermediates.noindex/QelvoraApp.build/Debug-iphonesimulator/QelvoraApp.build/QelvoraApp.app-Simulated.xcent.der /Users/runner/Library/Developer/Xcode/DerivedData/QelvoraApp-chovwfzcihvbrjemwlhqppehhyoa/Build/Products/Debug-iphonesimulator/QelvoraApp.app/QelvoraApp.debug.dylib -Xlinker -no_adhoc_codesign -o /Users/runner/Library/Developer/Xcode/DerivedData/QelvoraApp-chovwfzcihvbrjemwlhqppehhyoa/Build/Products/Debug-iphonesimulator/QelvoraApp.app/QelvoraApp
2026-09-30T23:41:27.6238880Z 
2026-09-30T23:41:27.6243640Z ExtractAppIntentsMetadata (in target 'QelvoraApp' from project 'QelvoraApp')
2026-09-30T23:41:27.6250600Z     cd /Users/runner/work/creator-platform/creator-platform/apps/ios
2026-09-30T23:41:27.6300010Z     /Applications/Xcode_26.5.app/Contents/Developer/Toolchains/XcodeDefault.xctoolchain/usr/bin/appintentsmetadataprocessor --toolchain-dir /Users/runner/Library/Developer/DVTDownloads/MetalToolchain/mounts/656653e63a393644d316d4c630af4cccd68d1d2f/Metal.xctoolchain --module-name QelvoraApp --sdk-root /Applications/Xcode_26.5.app/Contents/Developer/Platforms/iPhoneSimulator.platform/Developer/SDKs/iPhoneSimulator26.5.sdk --xcode-version 17F42 --platform-family iOS --deployment-target 17.0 --bundle-identifier com.pantopus.qelvora --output /Users/runner/Library/Developer/Xcode/DerivedData/QelvoraApp-chovwfzcihvbrjemwlhqppehhyoa/Build/Products/Debug-iphonesimulator/QelvoraApp.app --target-triple x86_64-apple-ios17.0-simulator --binary-file /Users/runner/Library/Developer/Xcode/DerivedData/QelvoraApp-chovwfzcihvbrjemwlhqppehhyoa/Build/Products/Debug-iphonesimulator/QelvoraApp.app/QelvoraApp --dependency-file /Users/runner/Library/Developer/Xcode/DerivedData/QelvoraApp-chovwfzcihvbrjemwlhqppehhyoa/Build/Intermediates.noindex/QelvoraApp.build/Debug-iphonesimulator/QelvoraApp.build/Objects-normal/x86_64/QelvoraApp_dependency_info.dat --stringsdata-file /Users/runner/Library/Developer/Xcode/DerivedData/QelvoraApp-chovwfzcihvbrjemwlhqppehhyoa/Build/Intermediates.noindex/QelvoraApp.build/Debug-iphonesimulator/QelvoraApp.build/Objects-normal/x86_64/ExtractedAppShortcutsMetadata.stringsdata --source-file-list /Users/runner/Library/Developer/Xcode/DerivedData/QelvoraApp-chovwfzcihvbrjemwlhqppehhyoa/Build/Intermediates.noindex/QelvoraApp.build/Debug-iphonesimulator/QelvoraApp.build/Objects-normal/x86_64/QelvoraApp.SwiftFileList --metadata-file-list /Users/runner/Library/Developer/Xcode/DerivedData/QelvoraApp-chovwfzcihvbrjemwlhqppehhyoa/Build/Intermediates.noindex/QelvoraApp.build/Debug-iphonesimulator/QelvoraApp.build/QelvoraApp.DependencyMetadataFileList --static-metadata-file-list /Users/runner/Library/Developer/Xcode/DerivedData/QelvoraApp-chovwfzcihvbrjemwlhqppehhyoa/Build/Intermediates.noindex/QelvoraApp.build/Debug-iphonesimulator/QelvoraApp.build/QelvoraApp.DependencyStaticMetadataFileList --swift-const-vals-list /Users/runner/Library/Developer/Xcode/DerivedData/QelvoraApp-chovwfzcihvbrjemwlhqppehhyoa/Build/Intermediates.noindex/QelvoraApp.build/Debug-iphonesimulator/QelvoraApp.build/Objects-normal/x86_64/QelvoraApp.SwiftConstValuesFileList --compile-time-extraction --deployment-aware-processing --validate-assistant-intents --no-app-shortcuts-localization
2026-09-30T23:41:27.6349840Z 2026-09-30 23:41:26.430 appintentsmetadataprocessor[12969:40520] Starting appintentsmetadataprocessor export
2026-09-30T23:41:27.6355780Z 2026-09-30 23:41:26.439 appintentsmetadataprocessor[12969:40520] warning: Metadata extraction skipped. No AppIntents.framework dependency found.
2026-09-30T23:41:27.6361510Z 
2026-09-30T23:41:27.6366920Z CopySwiftLibs /Users/runner/Library/Developer/Xcode/DerivedData/QelvoraApp-chovwfzcihvbrjemwlhqppehhyoa/Build/Products/Debug-iphonesimulator/QelvoraApp.app (in target 'QelvoraApp' from project 'QelvoraApp')
2026-09-30T23:41:27.6375190Z     cd /Users/runner/work/creator-platform/creator-platform/apps/ios
2026-09-30T23:41:27.6412500Z     builtin-swiftStdLibTool --copy --verbose --sign - --scan-executable /Users/runner/Library/Developer/Xcode/DerivedData/QelvoraApp-chovwfzcihvbrjemwlhqppehhyoa/Build/Products/Debug-iphonesimulator/QelvoraApp.app/QelvoraApp.debug.dylib --scan-folder /Users/runner/Library/Developer/Xcode/DerivedData/QelvoraApp-chovwfzcihvbrjemwlhqppehhyoa/Build/Products/Debug-iphonesimulator/QelvoraApp.app/Frameworks --scan-folder /Users/runner/Library/Developer/Xcode/DerivedData/QelvoraApp-chovwfzcihvbrjemwlhqppehhyoa/Build/Products/Debug-iphonesimulator/QelvoraApp.app/PlugIns --scan-folder /Users/runner/Library/Developer/Xcode/DerivedData/QelvoraApp-chovwfzcihvbrjemwlhqppehhyoa/Build/Products/Debug-iphonesimulator/QelvoraApp.app/SystemExtensions --scan-folder /Users/runner/Library/Developer/Xcode/DerivedData/QelvoraApp-chovwfzcihvbrjemwlhqppehhyoa/Build/Products/Debug-iphonesimulator/QelvoraApp.app/Extensions --platform iphonesimulator --toolchain /Users/runner/Library/Developer/DVTDownloads/MetalToolchain/mounts/656653e63a393644d316d4c630af4cccd68d1d2f/Metal.xctoolchain --toolchain /Applications/Xcode_26.5.app/Contents/Developer/Toolchains/XcodeDefault.xctoolchain --destination /Users/runner/Library/Developer/Xcode/DerivedData/QelvoraApp-chovwfzcihvbrjemwlhqppehhyoa/Build/Products/Debug-iphonesimulator/QelvoraApp.app/Frameworks --strip-bitcode --strip-bitcode-tool /Applications/Xcode_26.5.app/Contents/Developer/Toolchains/XcodeDefault.xctoolchain/usr/bin/bitcode_strip --emit-dependency-info /Users/runner/Library/Developer/Xcode/DerivedData/QelvoraApp-chovwfzcihvbrjemwlhqppehhyoa/Build/Intermediates.noindex/QelvoraApp.build/Debug-iphonesimulator/QelvoraApp.build/SwiftStdLibToolInputDependencies.dep --filter-for-swift-os
2026-09-30T23:41:27.6447160Z 
2026-09-30T23:41:27.6452100Z AppIntentsSSUTraining (in target 'QelvoraApp' from project 'QelvoraApp')
2026-09-30T23:41:27.6457480Z     cd /Users/runner/work/creator-platform/creator-platform/apps/ios
2026-09-30T23:41:27.6484230Z     /Applications/Xcode_26.5.app/Contents/Developer/Toolchains/XcodeDefault.xctoolchain/usr/bin/appintentsnltrainingprocessor --infoplist-path /Users/runner/Library/Developer/Xcode/DerivedData/QelvoraApp-chovwfzcihvbrjemwlhqppehhyoa/Build/Products/Debug-iphonesimulator/QelvoraApp.app/Info.plist --temp-dir-path /Users/runner/Library/Developer/Xcode/DerivedData/QelvoraApp-chovwfzcihvbrjemwlhqppehhyoa/Build/Intermediates.noindex/QelvoraApp.build/Debug-iphonesimulator/QelvoraApp.build/ssu --bundle-id com.pantopus.qelvora --product-path /Users/runner/Library/Developer/Xcode/DerivedData/QelvoraApp-chovwfzcihvbrjemwlhqppehhyoa/Build/Products/Debug-iphonesimulator/QelvoraApp.app --extracted-metadata-path /Users/runner/Library/Developer/Xcode/DerivedData/QelvoraApp-chovwfzcihvbrjemwlhqppehhyoa/Build/Products/Debug-iphonesimulator/QelvoraApp.app/Metadata.appintents --metadata-file-list /Users/runner/Library/Developer/Xcode/DerivedData/QelvoraApp-chovwfzcihvbrjemwlhqppehhyoa/Build/Intermediates.noindex/QelvoraApp.build/Debug-iphonesimulator/QelvoraApp.build/QelvoraApp.DependencyMetadataFileList --source-file /Users/runner/Library/Developer/Xcode/DerivedData/QelvoraApp-chovwfzcihvbrjemwlhqppehhyoa/Build/Products/Debug-iphonesimulator/QelvoraApp.app/Info.plist --archive-ssu-assets
2026-09-30T23:41:27.6510630Z 2026-09-30 23:41:26.559 appintentsnltrainingprocessor[12970:40523] Parsing options for appintentsnltrainingprocessor
2026-09-30T23:41:27.6518600Z 2026-09-30 23:41:26.563 appintentsnltrainingprocessor[12970:40523] Starting AppIntents SSU YAML Generation
2026-09-30T23:41:27.6523190Z 2026-09-30 23:41:26.573 appintentsnltrainingprocessor[12970:40523] No AppShortcuts found - Skipping.
2026-09-30T23:41:27.6527540Z 
2026-09-30T23:41:27.6534820Z CodeSign /Users/runner/Library/Developer/Xcode/DerivedData/QelvoraApp-chovwfzcihvbrjemwlhqppehhyoa/Build/Products/Debug-iphonesimulator/QelvoraApp.app/QelvoraApp.debug.dylib (in target 'QelvoraApp' from project 'QelvoraApp')
2026-09-30T23:41:27.6546560Z     cd /Users/runner/work/creator-platform/creator-platform/apps/ios
2026-09-30T23:41:27.6551120Z     
2026-09-30T23:41:27.6558930Z     Signing Identity:     "Sign to Run Locally"
2026-09-30T23:41:27.6562660Z     
2026-09-30T23:41:27.6569000Z     /usr/bin/codesign --force --sign - --timestamp\=none --generate-entitlement-der /Users/runner/Library/Developer/Xcode/DerivedData/QelvoraApp-chovwfzcihvbrjemwlhqppehhyoa/Build/Products/Debug-iphonesimulator/QelvoraApp.app/QelvoraApp.debug.dylib
2026-09-30T23:41:27.6576270Z 
2026-09-30T23:41:27.6582960Z CodeSign /Users/runner/Library/Developer/Xcode/DerivedData/QelvoraApp-chovwfzcihvbrjemwlhqppehhyoa/Build/Products/Debug-iphonesimulator/QelvoraApp.app/__preview.dylib (in target 'QelvoraApp' from project 'QelvoraApp')
2026-09-30T23:41:27.6606370Z     cd /Users/runner/work/creator-platform/creator-platform/apps/ios
2026-09-30T23:41:27.6615170Z     
2026-09-30T23:41:27.6618800Z     Signing Identity:     "Sign to Run Locally"
2026-09-30T23:41:27.6624000Z     
2026-09-30T23:41:27.6629130Z     /usr/bin/codesign --force --sign - --timestamp\=none --generate-entitlement-der /Users/runner/Library/Developer/Xcode/DerivedData/QelvoraApp-chovwfzcihvbrjemwlhqppehhyoa/Build/Products/Debug-iphonesimulator/QelvoraApp.app/__preview.dylib
2026-09-30T23:41:27.6636050Z 
2026-09-30T23:41:27.6641650Z CodeSign /Users/runner/Library/Developer/Xcode/DerivedData/QelvoraApp-chovwfzcihvbrjemwlhqppehhyoa/Build/Products/Debug-iphonesimulator/QelvoraApp.app (in target 'QelvoraApp' from project 'QelvoraApp')
2026-09-30T23:41:27.6648760Z     cd /Users/runner/work/creator-platform/creator-platform/apps/ios
2026-09-30T23:41:27.6652750Z     
2026-09-30T23:41:27.6656940Z     Signing Identity:     "Sign to Run Locally"
2026-09-30T23:41:27.6661130Z     
2026-09-30T23:41:27.6667500Z     /usr/bin/codesign --force --sign - --timestamp\=none --generate-entitlement-der /Users/runner/Library/Developer/Xcode/DerivedData/QelvoraApp-chovwfzcihvbrjemwlhqppehhyoa/Build/Products/Debug-iphonesimulator/QelvoraApp.app
2026-09-30T23:41:27.6674270Z 
2026-09-30T23:41:27.6678800Z SwiftEmitModule normal x86_64 Emitting\ module\ for\ QelvoraUITests (in target 'QelvoraUITests' from project 'QelvoraApp')
2026-09-30T23:41:27.6685470Z SwiftCompile normal x86_64 /Users/runner/work/creator-platform/creator-platform/apps/ios/UITests/FoundationFlowTests.swift (in target 'QelvoraUITests' from project 'QelvoraApp')
2026-09-30T23:41:27.6692500Z     cd /Users/runner/work/creator-platform/creator-platform/apps/ios
2026-09-30T23:41:27.6695540Z     
2026-09-30T23:41:27.8572950Z 
2026-09-30T23:41:27.8620590Z SwiftCompile normal x86_64 Compiling\ FoundationFlowTests.swift /Users/runner/work/creator-platform/creator-platform/apps/ios/UITests/FoundationFlowTests.swift (in target 'QelvoraUITests' from project 'QelvoraApp')
2026-09-30T23:41:27.8636880Z SwiftCompile normal x86_64 /Users/runner/work/creator-platform/creator-platform/apps/ios/UITests/FoundationFlowTests.swift (in target 'QelvoraUITests' from project 'QelvoraApp')
2026-09-30T23:41:27.8811050Z     cd /Users/runner/work/creator-platform/creator-platform/apps/ios
2026-09-30T23:41:27.8848100Z     
2026-09-30T23:41:30.7449300Z 
2026-09-30T23:41:30.7637010Z RegisterExecutionPolicyException /Users/runner/Library/Developer/Xcode/DerivedData/QelvoraApp-chovwfzcihvbrjemwlhqppehhyoa/Build/Products/Debug-iphonesimulator/QelvoraApp.app (in target 'QelvoraApp' from project 'QelvoraApp')
2026-09-30T23:41:30.7860470Z     cd /Users/runner/work/creator-platform/creator-platform/apps/ios
2026-09-30T23:41:30.7866610Z     builtin-RegisterExecutionPolicyException /Users/runner/Library/Developer/Xcode/DerivedData/QelvoraApp-chovwfzcihvbrjemwlhqppehhyoa/Build/Products/Debug-iphonesimulator/QelvoraApp.app
2026-09-30T23:41:30.7872050Z 
2026-09-30T23:41:30.7876670Z Validate /Users/runner/Library/Developer/Xcode/DerivedData/QelvoraApp-chovwfzcihvbrjemwlhqppehhyoa/Build/Products/Debug-iphonesimulator/QelvoraApp.app (in target 'QelvoraApp' from project 'QelvoraApp')
2026-09-30T23:41:30.7882900Z     cd /Users/runner/work/creator-platform/creator-platform/apps/ios
2026-09-30T23:41:30.7889710Z     builtin-validationUtility /Users/runner/Library/Developer/Xcode/DerivedData/QelvoraApp-chovwfzcihvbrjemwlhqppehhyoa/Build/Products/Debug-iphonesimulator/QelvoraApp.app -shallow-bundle -infoplist-subpath Info.plist
2026-09-30T23:41:30.7895480Z 
2026-09-30T23:41:30.7904600Z Touch /Users/runner/Library/Developer/Xcode/DerivedData/QelvoraApp-chovwfzcihvbrjemwlhqppehhyoa/Build/Products/Debug-iphonesimulator/QelvoraApp.app (in target 'QelvoraApp' from project 'QelvoraApp')
2026-09-30T23:41:30.7916090Z     cd /Users/runner/work/creator-platform/creator-platform/apps/ios
2026-09-30T23:41:30.7941580Z     /usr/bin/touch -c /Users/runner/Library/Developer/Xcode/DerivedData/QelvoraApp-chovwfzcihvbrjemwlhqppehhyoa/Build/Products/Debug-iphonesimulator/QelvoraApp.app
2026-09-30T23:41:30.7944780Z 
2026-09-30T23:41:30.7955600Z ProcessInfoPlistFile /Users/runner/Library/Developer/Xcode/DerivedData/QelvoraApp-chovwfzcihvbrjemwlhqppehhyoa/Build/Products/Debug-iphonesimulator/QelvoraUITests-Runner.app/PlugIns/QelvoraUITests.xctest/Info.plist /Users/runner/Library/Developer/Xcode/DerivedData/QelvoraApp-chovwfzcihvbrjemwlhqppehhyoa/Build/Intermediates.noindex/QelvoraApp.build/Debug-iphonesimulator/QelvoraUITests.build/empty-QelvoraUITests.plist (in target 'QelvoraUITests' from project 'QelvoraApp')
2026-09-30T23:41:30.7964620Z     cd /Users/runner/work/creator-platform/creator-platform/apps/ios
2026-09-30T23:41:30.7984430Z     builtin-infoPlistUtility /Users/runner/Library/Developer/Xcode/DerivedData/QelvoraApp-chovwfzcihvbrjemwlhqppehhyoa/Build/Intermediates.noindex/QelvoraApp.build/Debug-iphonesimulator/QelvoraUITests.build/empty-QelvoraUITests.plist -producttype com.apple.product-type.bundle.ui-testing -expandbuildsettings -format binary -platform iphonesimulator -additionalcontentfile /Users/runner/Library/Developer/Xcode/DerivedData/QelvoraApp-chovwfzcihvbrjemwlhqppehhyoa/Build/Intermediates.noindex/QelvoraApp.build/Debug-iphonesimulator/QelvoraUITests.build/ProductTypeInfoPlistAdditions.plist -o /Users/runner/Library/Developer/Xcode/DerivedData/QelvoraApp-chovwfzcihvbrjemwlhqppehhyoa/Build/Products/Debug-iphonesimulator/QelvoraUITests-Runner.app/PlugIns/QelvoraUITests.xctest/Info.plist
2026-09-30T23:41:30.8000180Z 
2026-09-30T23:41:30.8005450Z SwiftDriverJobDiscovery normal x86_64 Emitting module for QelvoraUITests (in target 'QelvoraUITests' from project 'QelvoraApp')
2026-09-30T23:41:30.8011500Z 
2026-09-30T23:41:30.8017830Z SwiftDriver\ Compilation\ Requirements QelvoraUITests normal x86_64 com.apple.xcode.tools.swift.compiler (in target 'QelvoraUITests' from project 'QelvoraApp')
2026-09-30T23:41:30.8023970Z     cd /Users/runner/work/creator-platform/creator-platform/apps/ios
2026-09-30T23:41:30.8118530Z     builtin-Swift-Compilation-Requirements -- /Applications/Xcode_26.5.app/Contents/Developer/Toolchains/XcodeDefault.xctoolchain/usr/bin/swiftc -module-name QelvoraUITests -Onone @/Users/runner/Library/Developer/Xcode/DerivedData/QelvoraApp-chovwfzcihvbrjemwlhqppehhyoa/Build/Intermediates.noindex/QelvoraApp.build/Debug-iphonesimulator/QelvoraUITests.build/Objects-normal/x86_64/QelvoraUITests.SwiftFileList -DDEBUG -module-alias Testing\=_Testing_Unavailable -plugin-path /Applications/Xcode_26.5.app/Contents/Developer/Toolchains/XcodeDefault.xctoolchain/usr/lib/swift/host/plugins/testing -enable-experimental-feature DebugDescriptionMacro -sdk /Applications/Xcode_26.5.app/Contents/Developer/Platforms/iPhoneSimulator.platform/Developer/SDKs/iPhoneSimulator26.5.sdk -target x86_64-apple-ios17.0-simulator -g -module-cache-path /Users/runner/Library/Developer/Xcode/DerivedData/ModuleCache.noindex -Xfrontend -serialize-debugging-options -enable-testing -index-store-path /Users/runner/Library/Developer/Xcode/DerivedData/QelvoraApp-chovwfzcihvbrjemwlhqppehhyoa/Index.noindex/DataStore -Xcc -D_LIBCPP_HARDENING_MODE\=_LIBCPP_HARDENING_MODE_DEBUG -swift-version 6 -I /Users/runner/Library/Developer/Xcode/DerivedData/QelvoraApp-chovwfzcihvbrjemwlhqppehhyoa/Build/Products/Debug-iphonesimulator -Isystem /Applications/Xcode_26.5.app/Contents/Developer/Platforms/iPhoneSimulator.platform/Developer/usr/lib -F /Users/runner/Library/Developer/Xcode/DerivedData/QelvoraApp-chovwfzcihvbrjemwlhqppehhyoa/Build/Products/Debug-iphonesimulator -F /Applications/Xcode_26.5.app/Contents/Developer/Platforms/iPhoneSimulator.platform/Developer/Library/Frameworks -F /Applications/Xcode_26.5.app/Contents/Developer/Platforms/iPhoneSimulator.platform/Developer/SDKs/iPhoneSimulator26.5.sdk/Developer/Library/Frameworks -parse-as-library -c -j4 -enable-batch-mode -incremental -Xcc -ivfsstatcache -Xcc /Users/runner/Library/Developer/Xcode/DerivedData/SDKStatCaches.noindex/iphonesimulator26.5-23F73-688ef53f1462e2c8f657fdc38a81448ffb7d586738ff35573a713a18216ade27.sdkstatcache -output-file-map /Users/runner/Library/Developer/Xcode/DerivedData/QelvoraApp-chovwfzcihvbrjemwlhqppehhyoa/Build/Intermediates.noindex/QelvoraApp.build/Debug-iphonesimulator/QelvoraUITests.build/Objects-normal/x86_64/QelvoraUITests-OutputFileMap.json -use-frontend-parseable-output -save-temps -no-color-diagnostics -explicit-module-build -module-cache-path /Users/runner/Library/Developer/Xcode/DerivedData/QelvoraApp-chovwfzcihvbrjemwlhqppehhyoa/Build/Intermediates.noindex/SwiftExplicitPrecompiledModules -clang-scanner-module-cache-path /Users/runner/Library/Developer/Xcode/DerivedData/ModuleCache.noindex -sdk-module-cache-path /Users/runner/Library/Developer/Xcode/DerivedData/ModuleCache.noindex -serialize-diagnostics -emit-dependencies -emit-module -emit-module-path /Users/runner/Library/Developer/Xcode/DerivedData/QelvoraApp-chovwfzcihvbrjemwlhqppehhyoa/Build/Intermediates.noindex/QelvoraApp.build/Debug-iphonesimulator/QelvoraUITests.build/Objects-normal/x86_64/QelvoraUITests.swiftmodule -validate-clang-modules-once -clang-build-session-file /Users/runner/Library/Developer/Xcode/DerivedData/ModuleCache.noindex/Session.modulevalidation -Xcc -I/Users/runner/Library/Developer/Xcode/DerivedData/QelvoraApp-chovwfzcihvbrjemwlhqppehhyoa/Build/Intermediates.noindex/QelvoraApp.build/Debug-iphonesimulator/QelvoraUITests.build/swift-overrides.hmap -emit-const-values -Xfrontend -const-gather-protocols-file -Xfrontend /Users/runner/Library/Developer/Xcode/DerivedData/QelvoraApp-chovwfzcihvbrjemwlhqppehhyoa/Build/Intermediates.noindex/QelvoraApp.build/Debug-iphonesimulator/QelvoraUITests.build/Objects-normal/x86_64/QelvoraUITests_const_extract_protocols.json -Xcc -iquote -Xcc /Users/runner/Library/Developer/Xcode/DerivedData/QelvoraApp-chovwfzcihvbrjemwlhqppehhyoa/Build/Intermediates.noindex/QelvoraApp.build/Debug-iphonesimulator/QelvoraUITests.build/QelvoraUITests-generated-files.hmap -Xcc -I/Users/runner/Library/Developer/Xcode/DerivedData/QelvoraApp-chovwfzcihvbrjemwlhqppehhyoa/Build/Intermediates.noindex/QelvoraApp.build/Debug-iphonesimulator/QelvoraUITests.build/QelvoraUITests-own-target-headers.hmap -Xcc -I/Users/runner/Library/Developer/Xcode/DerivedData/QelvoraApp-chovwfzcihvbrjemwlhqppehhyoa/Build/Intermediates.noindex/QelvoraApp.build/Debug-iphonesimulator/QelvoraUITests.build/QelvoraUITests-all-non-framework-target-headers.hmap -Xcc -ivfsoverlay -Xcc /Users/runner/Library/Developer/Xcode/DerivedData/QelvoraApp-chovwfzcihvbrjemwlhqppehhyoa/Build/Intermediates.noindex/QelvoraApp.build/Debug-iphonesimulator/QelvoraApp-29b244ef777fcfbcbef7f347c6fce175-VFS-iphonesimulator/all-product-headers.yaml -Xcc -iquote -Xcc /Users/runner/Library/Developer/Xcode/DerivedData/QelvoraApp-chovwfzcihvbrjemwlhqppehhyoa/Build/Intermediates.noindex/QelvoraApp.build/Debug-iphonesimulator/QelvoraUITests.build/QelvoraUITests-project-headers.hmap -Xcc -I/Users/runner/Library/Developer/Xcode/DerivedData/QelvoraApp-chovwfzcihvbrjemwlhqppehhyoa/Build/Products/Debug-iphonesimulator/include -Xcc -I/Users/runner/Library/Developer/Xcode/DerivedData/QelvoraApp-chovwfzcihvbrjemwlhqppehhyoa/Build/Intermediates.noindex/QelvoraApp.build/Debug-iphonesimulator/QelvoraUITests.build/DerivedSources-normal/x86_64 -Xcc -I/Users/runner/Library/Developer/Xcode/DerivedData/QelvoraApp-chovwfzcihvbrjemwlhqppehhyoa/Build/Intermediates.noindex/QelvoraApp.build/Debug-iphonesimulator/QelvoraUITests.build/DerivedSources/x86_64 -Xcc -I/Users/runner/Library/Developer/Xcode/DerivedData/QelvoraApp-chovwfzcihvbrjemwlhqppehhyoa/Build/Intermediates.noindex/QelvoraApp.build/Debug-iphonesimulator/QelvoraUITests.build/DerivedSources -Xcc -DDEBUG\=1 -emit-objc-header -emit-objc-header-path /Users/runner/Library/Developer/Xcode/DerivedData/QelvoraApp-chovwfzcihvbrjemwlhqppehhyoa/Build/Intermediates.noindex/QelvoraApp.build/Debug-iphonesimulator/QelvoraUITests.build/Objects-normal/x86_64/QelvoraUITests-Swift.h -working-directory /Users/runner/work/creator-platform/creator-platform/apps/ios -experimental-emit-module-separately -disable-cmo
2026-09-30T23:41:30.8216670Z 
2026-09-30T23:41:30.8225420Z SwiftMergeGeneratedHeaders /Users/runner/Library/Developer/Xcode/DerivedData/QelvoraApp-chovwfzcihvbrjemwlhqppehhyoa/Build/Intermediates.noindex/QelvoraApp.build/Debug-iphonesimulator/QelvoraUITests.build/DerivedSources/QelvoraUITests-Swift.h /Users/runner/Library/Developer/Xcode/DerivedData/QelvoraApp-chovwfzcihvbrjemwlhqppehhyoa/Build/Intermediates.noindex/QelvoraApp.build/Debug-iphonesimulator/QelvoraUITests.build/Objects-normal/x86_64/QelvoraUITests-Swift.h (in target 'QelvoraUITests' from project 'QelvoraApp')
2026-09-30T23:41:30.8235130Z     cd /Users/runner/work/creator-platform/creator-platform/apps/ios
2026-09-30T23:41:30.8244140Z     builtin-swiftHeaderTool -arch x86_64 /Users/runner/Library/Developer/Xcode/DerivedData/QelvoraApp-chovwfzcihvbrjemwlhqppehhyoa/Build/Intermediates.noindex/QelvoraApp.build/Debug-iphonesimulator/QelvoraUITests.build/Objects-normal/x86_64/QelvoraUITests-Swift.h -o /Users/runner/Library/Developer/Xcode/DerivedData/QelvoraApp-chovwfzcihvbrjemwlhqppehhyoa/Build/Intermediates.noindex/QelvoraApp.build/Debug-iphonesimulator/QelvoraUITests.build/DerivedSources/QelvoraUITests-Swift.h
2026-09-30T23:41:30.8252410Z 
2026-09-30T23:41:30.8260170Z Copy /Users/runner/Library/Developer/Xcode/DerivedData/QelvoraApp-chovwfzcihvbrjemwlhqppehhyoa/Build/Products/Debug-iphonesimulator/QelvoraUITests.swiftmodule/x86_64-apple-ios-simulator.swiftmodule /Users/runner/Library/Developer/Xcode/DerivedData/QelvoraApp-chovwfzcihvbrjemwlhqppehhyoa/Build/Intermediates.noindex/QelvoraApp.build/Debug-iphonesimulator/QelvoraUITests.build/Objects-normal/x86_64/QelvoraUITests.swiftmodule (in target 'QelvoraUITests' from project 'QelvoraApp')
2026-09-30T23:41:30.8270260Z     cd /Users/runner/work/creator-platform/creator-platform/apps/ios
2026-09-30T23:41:30.8279970Z     builtin-copy -exclude .DS_Store -exclude CVS -exclude .svn -exclude .git -exclude .hg -resolve-src-symlinks -rename /Users/runner/Library/Developer/Xcode/DerivedData/QelvoraApp-chovwfzcihvbrjemwlhqppehhyoa/Build/Intermediates.noindex/QelvoraApp.build/Debug-iphonesimulator/QelvoraUITests.build/Objects-normal/x86_64/QelvoraUITests.swiftmodule /Users/runner/Library/Developer/Xcode/DerivedData/QelvoraApp-chovwfzcihvbrjemwlhqppehhyoa/Build/Products/Debug-iphonesimulator/QelvoraUITests.swiftmodule/x86_64-apple-ios-simulator.swiftmodule
2026-09-30T23:41:30.8289220Z 
2026-09-30T23:41:30.8294680Z Copy /Users/runner/Library/Developer/Xcode/DerivedData/QelvoraApp-chovwfzcihvbrjemwlhqppehhyoa/Build/Products/Debug-iphonesimulator/QelvoraUITests.swiftmodule/x86_64-apple-ios-simulator.swiftdoc /Users/runner/Library/Developer/Xcode/DerivedData/QelvoraApp-chovwfzcihvbrjemwlhqppehhyoa/Build/Intermediates.noindex/QelvoraApp.build/Debug-iphonesimulator/QelvoraUITests.build/Objects-normal/x86_64/QelvoraUITests.swiftdoc (in target 'QelvoraUITests' from project 'QelvoraApp')
2026-09-30T23:41:30.8300720Z     cd /Users/runner/work/creator-platform/creator-platform/apps/ios
2026-09-30T23:41:30.8309720Z     builtin-copy -exclude .DS_Store -exclude CVS -exclude .svn -exclude .git -exclude .hg -resolve-src-symlinks -rename /Users/runner/Library/Developer/Xcode/DerivedData/QelvoraApp-chovwfzcihvbrjemwlhqppehhyoa/Build/Intermediates.noindex/QelvoraApp.build/Debug-iphonesimulator/QelvoraUITests.build/Objects-normal/x86_64/QelvoraUITests.swiftdoc /Users/runner/Library/Developer/Xcode/DerivedData/QelvoraApp-chovwfzcihvbrjemwlhqppehhyoa/Build/Products/Debug-iphonesimulator/QelvoraUITests.swiftmodule/x86_64-apple-ios-simulator.swiftdoc
2026-09-30T23:41:30.8318850Z 
2026-09-30T23:41:30.8327660Z Copy /Users/runner/Library/Developer/Xcode/DerivedData/QelvoraApp-chovwfzcihvbrjemwlhqppehhyoa/Build/Products/Debug-iphonesimulator/QelvoraUITests.swiftmodule/x86_64-apple-ios-simulator.abi.json /Users/runner/Library/Developer/Xcode/DerivedData/QelvoraApp-chovwfzcihvbrjemwlhqppehhyoa/Build/Intermediates.noindex/QelvoraApp.build/Debug-iphonesimulator/QelvoraUITests.build/Objects-normal/x86_64/QelvoraUITests.abi.json (in target 'QelvoraUITests' from project 'QelvoraApp')
2026-09-30T23:41:30.8336760Z     cd /Users/runner/work/creator-platform/creator-platform/apps/ios
2026-09-30T23:41:30.8346550Z     builtin-copy -exclude .DS_Store -exclude CVS -exclude .svn -exclude .git -exclude .hg -resolve-src-symlinks -rename /Users/runner/Library/Developer/Xcode/DerivedData/QelvoraApp-chovwfzcihvbrjemwlhqppehhyoa/Build/Intermediates.noindex/QelvoraApp.build/Debug-iphonesimulator/QelvoraUITests.build/Objects-normal/x86_64/QelvoraUITests.abi.json /Users/runner/Library/Developer/Xcode/DerivedData/QelvoraApp-chovwfzcihvbrjemwlhqppehhyoa/Build/Products/Debug-iphonesimulator/QelvoraUITests.swiftmodule/x86_64-apple-ios-simulator.abi.json
2026-09-30T23:41:30.8355720Z 
2026-09-30T23:41:30.8364040Z Copy /Users/runner/Library/Developer/Xcode/DerivedData/QelvoraApp-chovwfzcihvbrjemwlhqppehhyoa/Build/Products/Debug-iphonesimulator/QelvoraUITests.swiftmodule/Project/x86_64-apple-ios-simulator.swiftsourceinfo /Users/runner/Library/Developer/Xcode/DerivedData/QelvoraApp-chovwfzcihvbrjemwlhqppehhyoa/Build/Intermediates.noindex/QelvoraApp.build/Debug-iphonesimulator/QelvoraUITests.build/Objects-normal/x86_64/QelvoraUITests.swiftsourceinfo (in target 'QelvoraUITests' from project 'QelvoraApp')
2026-09-30T23:41:30.8371240Z     cd /Users/runner/work/creator-platform/creator-platform/apps/ios
2026-09-30T23:41:30.8378840Z     builtin-copy -exclude .DS_Store -exclude CVS -exclude .svn -exclude .git -exclude .hg -resolve-src-symlinks -rename /Users/runner/Library/Developer/Xcode/DerivedData/QelvoraApp-chovwfzcihvbrjemwlhqppehhyoa/Build/Intermediates.noindex/QelvoraApp.build/Debug-iphonesimulator/QelvoraUITests.build/Objects-normal/x86_64/QelvoraUITests.swiftsourceinfo /Users/runner/Library/Developer/Xcode/DerivedData/QelvoraApp-chovwfzcihvbrjemwlhqppehhyoa/Build/Products/Debug-iphonesimulator/QelvoraUITests.swiftmodule/Project/x86_64-apple-ios-simulator.swiftsourceinfo
2026-09-30T23:41:30.8386450Z 
2026-09-30T23:41:30.8387720Z SwiftDriverJobDiscovery normal x86_64 Compiling FoundationFlowTests.swift (in target 'QelvoraUITests' from project 'QelvoraApp')
2026-09-30T23:41:30.8389540Z 
2026-09-30T23:41:30.8391150Z SwiftDriver\ Compilation QelvoraUITests normal x86_64 com.apple.xcode.tools.swift.compiler (in target 'QelvoraUITests' from project 'QelvoraApp')
2026-09-30T23:41:30.8398760Z     cd /Users/runner/work/creator-platform/creator-platform/apps/ios
2026-09-30T23:41:30.8541800Z     builtin-Swift-Compilation -- /Applications/Xcode_26.5.app/Contents/Developer/Toolchains/XcodeDefault.xctoolchain/usr/bin/swiftc -module-name QelvoraUITests -Onone @/Users/runner/Library/Developer/Xcode/DerivedData/QelvoraApp-chovwfzcihvbrjemwlhqppehhyoa/Build/Intermediates.noindex/QelvoraApp.build/Debug-iphonesimulator/QelvoraUITests.build/Objects-normal/x86_64/QelvoraUITests.SwiftFileList -DDEBUG -module-alias Testing\=_Testing_Unavailable -plugin-path /Applications/Xcode_26.5.app/Contents/Developer/Toolchains/XcodeDefault.xctoolchain/usr/lib/swift/host/plugins/testing -enable-experimental-feature DebugDescriptionMacro -sdk /Applications/Xcode_26.5.app/Contents/Developer/Platforms/iPhoneSimulator.platform/Developer/SDKs/iPhoneSimulator26.5.sdk -target x86_64-apple-ios17.0-simulator -g -module-cache-path /Users/runner/Library/Developer/Xcode/DerivedData/ModuleCache.noindex -Xfrontend -serialize-debugging-options -enable-testing -index-store-path /Users/runner/Library/Developer/Xcode/DerivedData/QelvoraApp-chovwfzcihvbrjemwlhqppehhyoa/Index.noindex/DataStore -Xcc -D_LIBCPP_HARDENING_MODE\=_LIBCPP_HARDENING_MODE_DEBUG -swift-version 6 -I /Users/runner/Library/Developer/Xcode/DerivedData/QelvoraApp-chovwfzcihvbrjemwlhqppehhyoa/Build/Products/Debug-iphonesimulator -Isystem /Applications/Xcode_26.5.app/Contents/Developer/Platforms/iPhoneSimulator.platform/Developer/usr/lib -F /Users/runner/Library/Developer/Xcode/DerivedData/QelvoraApp-chovwfzcihvbrjemwlhqppehhyoa/Build/Products/Debug-iphonesimulator -F /Applications/Xcode_26.5.app/Contents/Developer/Platforms/iPhoneSimulator.platform/Developer/Library/Frameworks -F /Applications/Xcode_26.5.app/Contents/Developer/Platforms/iPhoneSimulator.platform/Developer/SDKs/iPhoneSimulator26.5.sdk/Developer/Library/Frameworks -parse-as-library -c -j4 -enable-batch-mode -incremental -Xcc -ivfsstatcache -Xcc /Users/runner/Library/Developer/Xcode/DerivedData/SDKStatCaches.noindex/iphonesimulator26.5-23F73-688ef53f1462e2c8f657fdc38a81448ffb7d586738ff35573a713a18216ade27.sdkstatcache -output-file-map /Users/runner/Library/Developer/Xcode/DerivedData/QelvoraApp-chovwfzcihvbrjemwlhqppehhyoa/Build/Intermediates.noindex/QelvoraApp.build/Debug-iphonesimulator/QelvoraUITests.build/Objects-normal/x86_64/QelvoraUITests-OutputFileMap.json -use-frontend-parseable-output -save-temps -no-color-diagnostics -explicit-module-build -module-cache-path /Users/runner/Library/Developer/Xcode/DerivedData/QelvoraApp-chovwfzcihvbrjemwlhqppehhyoa/Build/Intermediates.noindex/SwiftExplicitPrecompiledModules -clang-scanner-module-cache-path /Users/runner/Library/Developer/Xcode/DerivedData/ModuleCache.noindex -sdk-module-cache-path /Users/runner/Library/Developer/Xcode/DerivedData/ModuleCache.noindex -serialize-diagnostics -emit-dependencies -emit-module -emit-module-path /Users/runner/Library/Developer/Xcode/DerivedData/QelvoraApp-chovwfzcihvbrjemwlhqppehhyoa/Build/Intermediates.noindex/QelvoraApp.build/Debug-iphonesimulator/QelvoraUITests.build/Objects-normal/x86_64/QelvoraUITests.swiftmodule -validate-clang-modules-once -clang-build-session-file /Users/runner/Library/Developer/Xcode/DerivedData/ModuleCache.noindex/Session.modulevalidation -Xcc -I/Users/runner/Library/Developer/Xcode/DerivedData/QelvoraApp-chovwfzcihvbrjemwlhqppehhyoa/Build/Intermediates.noindex/QelvoraApp.build/Debug-iphonesimulator/QelvoraUITests.build/swift-overrides.hmap -emit-const-values -Xfrontend -const-gather-protocols-file -Xfrontend /Users/runner/Library/Developer/Xcode/DerivedData/QelvoraApp-chovwfzcihvbrjemwlhqppehhyoa/Build/Intermediates.noindex/QelvoraApp.build/Debug-iphonesimulator/QelvoraUITests.build/Objects-normal/x86_64/QelvoraUITests_const_extract_protocols.json -Xcc -iquote -Xcc /Users/runner/Library/Developer/Xcode/DerivedData/QelvoraApp-chovwfzcihvbrjemwlhqppehhyoa/Build/Intermediates.noindex/QelvoraApp.build/Debug-iphonesimulator/QelvoraUITests.build/QelvoraUITests-generated-files.hmap -Xcc -I/Users/runner/Library/Developer/Xcode/DerivedData/QelvoraApp-chovwfzcihvbrjemwlhqppehhyoa/Build/Intermediates.noindex/QelvoraApp.build/Debug-iphonesimulator/QelvoraUITests.build/QelvoraUITests-own-target-headers.hmap -Xcc -I/Users/runner/Library/Developer/Xcode/DerivedData/QelvoraApp-chovwfzcihvbrjemwlhqppehhyoa/Build/Intermediates.noindex/QelvoraApp.build/Debug-iphonesimulator/QelvoraUITests.build/QelvoraUITests-all-non-framework-target-headers.hmap -Xcc -ivfsoverlay -Xcc /Users/runner/Library/Developer/Xcode/DerivedData/QelvoraApp-chovwfzcihvbrjemwlhqppehhyoa/Build/Intermediates.noindex/QelvoraApp.build/Debug-iphonesimulator/QelvoraApp-29b244ef777fcfbcbef7f347c6fce175-VFS-iphonesimulator/all-product-headers.yaml -Xcc -iquote -Xcc /Users/runner/Library/Developer/Xcode/DerivedData/QelvoraApp-chovwfzcihvbrjemwlhqppehhyoa/Build/Intermediates.noindex/QelvoraApp.build/Debug-iphonesimulator/QelvoraUITests.build/QelvoraUITests-project-headers.hmap -Xcc -I/Users/runner/Library/Developer/Xcode/DerivedData/QelvoraApp-chovwfzcihvbrjemwlhqppehhyoa/Build/Products/Debug-iphonesimulator/include -Xcc -I/Users/runner/Library/Developer/Xcode/DerivedData/QelvoraApp-chovwfzcihvbrjemwlhqppehhyoa/Build/Intermediates.noindex/QelvoraApp.build/Debug-iphonesimulator/QelvoraUITests.build/DerivedSources-normal/x86_64 -Xcc -I/Users/runner/Library/Developer/Xcode/DerivedData/QelvoraApp-chovwfzcihvbrjemwlhqppehhyoa/Build/Intermediates.noindex/QelvoraApp.build/Debug-iphonesimulator/QelvoraUITests.build/DerivedSources/x86_64 -Xcc -I/Users/runner/Library/Developer/Xcode/DerivedData/QelvoraApp-chovwfzcihvbrjemwlhqppehhyoa/Build/Intermediates.noindex/QelvoraApp.build/Debug-iphonesimulator/QelvoraUITests.build/DerivedSources -Xcc -DDEBUG\=1 -emit-objc-header -emit-objc-header-path /Users/runner/Library/Developer/Xcode/DerivedData/QelvoraApp-chovwfzcihvbrjemwlhqppehhyoa/Build/Intermediates.noindex/QelvoraApp.build/Debug-iphonesimulator/QelvoraUITests.build/Objects-normal/x86_64/QelvoraUITests-Swift.h -working-directory /Users/runner/work/creator-platform/creator-platform/apps/ios -experimental-emit-module-separately -disable-cmo
2026-09-30T23:41:30.8640730Z 
2026-09-30T23:41:30.8644930Z Ld /Users/runner/Library/Developer/Xcode/DerivedData/QelvoraApp-chovwfzcihvbrjemwlhqppehhyoa/Build/Products/Debug-iphonesimulator/QelvoraUITests-Runner.app/PlugIns/QelvoraUITests.xctest/QelvoraUITests normal (in target 'QelvoraUITests' from project 'QelvoraApp')
2026-09-30T23:41:30.8650240Z     cd /Users/runner/work/creator-platform/creator-platform/apps/ios
2026-09-30T23:41:30.8719030Z     /Applications/Xcode_26.5.app/Contents/Developer/Toolchains/XcodeDefault.xctoolchain/usr/bin/clang -Xlinker -reproducible -target x86_64-apple-ios17.0-simulator -bundle -isysroot /Applications/Xcode_26.5.app/Contents/Developer/Platforms/iPhoneSimulator.platform/Developer/SDKs/iPhoneSimulator26.5.sdk -O0 -L/Users/runner/Library/Developer/Xcode/DerivedData/QelvoraApp-chovwfzcihvbrjemwlhqppehhyoa/Build/Intermediates.noindex/EagerLinkingTBDs/Debug-iphonesimulator -L/Users/runner/Library/Developer/Xcode/DerivedData/QelvoraApp-chovwfzcihvbrjemwlhqppehhyoa/Build/Products/Debug-iphonesimulator -L/Applications/Xcode_26.5.app/Contents/Developer/Platforms/iPhoneSimulator.platform/Developer/usr/lib -F/Users/runner/Library/Developer/Xcode/DerivedData/QelvoraApp-chovwfzcihvbrjemwlhqppehhyoa/Build/Intermediates.noindex/EagerLinkingTBDs/Debug-iphonesimulator -F/Users/runner/Library/Developer/Xcode/DerivedData/QelvoraApp-chovwfzcihvbrjemwlhqppehhyoa/Build/Products/Debug-iphonesimulator -iframework /Applications/Xcode_26.5.app/Contents/Developer/Platforms/iPhoneSimulator.platform/Developer/Library/Frameworks -iframework /Applications/Xcode_26.5.app/Contents/Developer/Platforms/iPhoneSimulator.platform/Developer/SDKs/iPhoneSimulator26.5.sdk/Developer/Library/Frameworks -filelist /Users/runner/Library/Developer/Xcode/DerivedData/QelvoraApp-chovwfzcihvbrjemwlhqppehhyoa/Build/Intermediates.noindex/QelvoraApp.build/Debug-iphonesimulator/QelvoraUITests.build/Objects-normal/x86_64/QelvoraUITests.LinkFileList -Xlinker -rpath -Xlinker /usr/lib/swift -Xlinker -rpath -Xlinker @loader_path/Frameworks -Xlinker -rpath -Xlinker @executable_path/Frameworks -Xlinker -dead_strip -Xlinker -object_path_lto -Xlinker /Users/runner/Library/Developer/Xcode/DerivedData/QelvoraApp-chovwfzcihvbrjemwlhqppehhyoa/Build/Intermediates.noindex/QelvoraApp.build/Debug-iphonesimulator/QelvoraUITests.build/Objects-normal/x86_64/QelvoraUITests_lto.o -rdynamic -Xlinker -no_deduplicate -Xlinker -objc_abi_version -Xlinker 2 -Xlinker -dependency_info -Xlinker /Users/runner/Library/Developer/Xcode/DerivedData/QelvoraApp-chovwfzcihvbrjemwlhqppehhyoa/Build/Intermediates.noindex/QelvoraApp.build/Debug-iphonesimulator/QelvoraUITests.build/Objects-normal/x86_64/QelvoraUITests_dependency_info.dat -fobjc-link-runtime -L/Applications/Xcode_26.5.app/Contents/Developer/Toolchains/XcodeDefault.xctoolchain/usr/lib/swift/iphonesimulator -L/usr/lib/swift -Xlinker -add_ast_path -Xlinker /Users/runner/Library/Developer/Xcode/DerivedData/QelvoraApp-chovwfzcihvbrjemwlhqppehhyoa/Build/Intermediates.noindex/QelvoraApp.build/Debug-iphonesimulator/QelvoraUITests.build/Objects-normal/x86_64/QelvoraUITests.swiftmodule @/Users/runner/Library/Developer/Xcode/DerivedData/QelvoraApp-chovwfzcihvbrjemwlhqppehhyoa/Build/Intermediates.noindex/QelvoraApp.build/Debug-iphonesimulator/QelvoraUITests.build/Objects-normal/x86_64/QelvoraUITests-linker-args.resp -Xlinker -needed_framework -Xlinker XCTest -framework XCTest -Xlinker -needed-lXCTestSwiftSupport -lXCTestSwiftSupport -Xlinker -sectcreate -Xlinker __TEXT -Xlinker __entitlements -Xlinker /Users/runner/Library/Developer/Xcode/DerivedData/QelvoraApp-chovwfzcihvbrjemwlhqppehhyoa/Build/Intermediates.noindex/QelvoraApp.build/Debug-iphonesimulator/QelvoraUITests.build/QelvoraUITests.xctest-Simulated.xcent -Xlinker -sectcreate -Xlinker __TEXT -Xlinker __ents_der -Xlinker /Users/runner/Library/Developer/Xcode/DerivedData/QelvoraApp-chovwfzcihvbrjemwlhqppehhyoa/Build/Intermediates.noindex/QelvoraApp.build/Debug-iphonesimulator/QelvoraUITests.build/QelvoraUITests.xctest-Simulated.xcent.der -Xlinker -no_adhoc_codesign -o /Users/runner/Library/Developer/Xcode/DerivedData/QelvoraApp-chovwfzcihvbrjemwlhqppehhyoa/Build/Products/Debug-iphonesimulator/QelvoraUITests-Runner.app/PlugIns/QelvoraUITests.xctest/QelvoraUITests
2026-09-30T23:41:31.7072960Z 
2026-09-30T23:41:31.7128060Z CopySwiftLibs /Users/runner/Library/Developer/Xcode/DerivedData/QelvoraApp-chovwfzcihvbrjemwlhqppehhyoa/Build/Products/Debug-iphonesimulator/QelvoraUITests-Runner.app/PlugIns/QelvoraUITests.xctest (in target 'QelvoraUITests' from project 'QelvoraApp')
2026-09-30T23:41:31.7135700Z     cd /Users/runner/work/creator-platform/creator-platform/apps/ios
2026-09-30T23:41:31.7177810Z     builtin-swiftStdLibTool --copy --verbose --sign - --scan-executable /Users/runner/Library/Developer/Xcode/DerivedData/QelvoraApp-chovwfzcihvbrjemwlhqppehhyoa/Build/Products/Debug-iphonesimulator/QelvoraUITests-Runner.app/PlugIns/QelvoraUITests.xctest/QelvoraUITests --scan-folder /Users/runner/Library/Developer/Xcode/DerivedData/QelvoraApp-chovwfzcihvbrjemwlhqppehhyoa/Build/Products/Debug-iphonesimulator/QelvoraUITests-Runner.app/PlugIns/QelvoraUITests.xctest/Frameworks --scan-folder /Users/runner/Library/Developer/Xcode/DerivedData/QelvoraApp-chovwfzcihvbrjemwlhqppehhyoa/Build/Products/Debug-iphonesimulator/QelvoraUITests-Runner.app/PlugIns/QelvoraUITests.xctest/PlugIns --scan-folder /Users/runner/Library/Developer/Xcode/DerivedData/QelvoraApp-chovwfzcihvbrjemwlhqppehhyoa/Build/Products/Debug-iphonesimulator/QelvoraUITests-Runner.app/PlugIns/QelvoraUITests.xctest/SystemExtensions --scan-folder /Users/runner/Library/Developer/Xcode/DerivedData/QelvoraApp-chovwfzcihvbrjemwlhqppehhyoa/Build/Products/Debug-iphonesimulator/QelvoraUITests-Runner.app/PlugIns/QelvoraUITests.xctest/Extensions --platform iphonesimulator --toolchain /Users/runner/Library/Developer/DVTDownloads/MetalToolchain/mounts/656653e63a393644d316d4c630af4cccd68d1d2f/Metal.xctoolchain --toolchain /Applications/Xcode_26.5.app/Contents/Developer/Toolchains/XcodeDefault.xctoolchain --destination /Users/runner/Library/Developer/Xcode/DerivedData/QelvoraApp-chovwfzcihvbrjemwlhqppehhyoa/Build/Products/Debug-iphonesimulator/QelvoraUITests-Runner.app/PlugIns/QelvoraUITests.xctest/Frameworks --strip-bitcode --scan-executable /Applications/Xcode_26.5.app/Contents/Developer/Platforms/iPhoneSimulator.platform/Developer/usr/lib/libXCTestSwiftSupport.dylib --strip-bitcode-tool /Applications/Xcode_26.5.app/Contents/Developer/Toolchains/XcodeDefault.xctoolchain/usr/bin/bitcode_strip --emit-dependency-info /Users/runner/Library/Developer/Xcode/DerivedData/QelvoraApp-chovwfzcihvbrjemwlhqppehhyoa/Build/Intermediates.noindex/QelvoraApp.build/Debug-iphonesimulator/QelvoraUITests.build/SwiftStdLibToolInputDependencies.dep --filter-for-swift-os
2026-09-30T23:41:31.7802320Z 
2026-09-30T23:41:31.7804580Z ExtractAppIntentsMetadata (in target 'QelvoraUITests' from project 'QelvoraApp')
2026-09-30T23:41:31.7807930Z     cd /Users/runner/work/creator-platform/creator-platform/apps/ios
2026-09-30T23:41:31.7854740Z     /Applications/Xcode_26.5.app/Contents/Developer/Toolchains/XcodeDefault.xctoolchain/usr/bin/appintentsmetadataprocessor --toolchain-dir /Users/runner/Library/Developer/DVTDownloads/MetalToolchain/mounts/656653e63a393644d316d4c630af4cccd68d1d2f/Metal.xctoolchain --module-name QelvoraUITests --sdk-root /Applications/Xcode_26.5.app/Contents/Developer/Platforms/iPhoneSimulator.platform/Developer/SDKs/iPhoneSimulator26.5.sdk --xcode-version 17F42 --platform-family iOS --deployment-target 17.0 --bundle-identifier com.pantopus.qelvora.uitests --output /Users/runner/Library/Developer/Xcode/DerivedData/QelvoraApp-chovwfzcihvbrjemwlhqppehhyoa/Build/Products/Debug-iphonesimulator/QelvoraUITests-Runner.app/PlugIns/QelvoraUITests.xctest --target-triple x86_64-apple-ios17.0-simulator --binary-file /Users/runner/Library/Developer/Xcode/DerivedData/QelvoraApp-chovwfzcihvbrjemwlhqppehhyoa/Build/Products/Debug-iphonesimulator/QelvoraUITests-Runner.app/PlugIns/QelvoraUITests.xctest/QelvoraUITests --dependency-file /Users/runner/Library/Developer/Xcode/DerivedData/QelvoraApp-chovwfzcihvbrjemwlhqppehhyoa/Build/Intermediates.noindex/QelvoraApp.build/Debug-iphonesimulator/QelvoraUITests.build/Objects-normal/x86_64/QelvoraUITests_dependency_info.dat --stringsdata-file /Users/runner/Library/Developer/Xcode/DerivedData/QelvoraApp-chovwfzcihvbrjemwlhqppehhyoa/Build/Intermediates.noindex/QelvoraApp.build/Debug-iphonesimulator/QelvoraUITests.build/Objects-normal/x86_64/ExtractedAppShortcutsMetadata.stringsdata --source-file-list /Users/runner/Library/Developer/Xcode/DerivedData/QelvoraApp-chovwfzcihvbrjemwlhqppehhyoa/Build/Intermediates.noindex/QelvoraApp.build/Debug-iphonesimulator/QelvoraUITests.build/Objects-normal/x86_64/QelvoraUITests.SwiftFileList --metadata-file-list /Users/runner/Library/Developer/Xcode/DerivedData/QelvoraApp-chovwfzcihvbrjemwlhqppehhyoa/Build/Intermediates.noindex/QelvoraApp.build/Debug-iphonesimulator/QelvoraUITests.build/QelvoraUITests.DependencyMetadataFileList --static-metadata-file-list /Users/runner/Library/Developer/Xcode/DerivedData/QelvoraApp-chovwfzcihvbrjemwlhqppehhyoa/Build/Intermediates.noindex/QelvoraApp.build/Debug-iphonesimulator/QelvoraUITests.build/QelvoraUITests.DependencyStaticMetadataFileList --swift-const-vals-list /Users/runner/Library/Developer/Xcode/DerivedData/QelvoraApp-chovwfzcihvbrjemwlhqppehhyoa/Build/Intermediates.noindex/QelvoraApp.build/Debug-iphonesimulator/QelvoraUITests.build/Objects-normal/x86_64/QelvoraUITests.SwiftConstValuesFileList --compile-time-extraction --deployment-aware-processing --validate-assistant-intents --no-app-shortcuts-localization
2026-09-30T23:41:31.7918170Z 2026-09-30 23:41:31.755 appintentsmetadataprocessor[13159:41002] Starting appintentsmetadataprocessor export
2026-09-30T23:41:31.7931670Z 2026-09-30 23:41:31.762 appintentsmetadataprocessor[13159:41002] warning: Metadata extraction skipped. No AppIntents.framework dependency found.
2026-09-30T23:41:31.7936140Z 
2026-09-30T23:41:31.7938210Z AppIntentsSSUTraining (in target 'QelvoraUITests' from project 'QelvoraApp')
2026-09-30T23:41:31.7941830Z     cd /Users/runner/work/creator-platform/creator-platform/apps/ios
2026-09-30T23:41:31.7969990Z     /Applications/Xcode_26.5.app/Contents/Developer/Toolchains/XcodeDefault.xctoolchain/usr/bin/appintentsnltrainingprocessor --infoplist-path /Users/runner/Library/Developer/Xcode/DerivedData/QelvoraApp-chovwfzcihvbrjemwlhqppehhyoa/Build/Products/Debug-iphonesimulator/QelvoraUITests-Runner.app/PlugIns/QelvoraUITests.xctest/Info.plist --temp-dir-path /Users/runner/Library/Developer/Xcode/DerivedData/QelvoraApp-chovwfzcihvbrjemwlhqppehhyoa/Build/Intermediates.noindex/QelvoraApp.build/Debug-iphonesimulator/QelvoraUITests.build/ssu --bundle-id com.pantopus.qelvora.uitests --product-path /Users/runner/Library/Developer/Xcode/DerivedData/QelvoraApp-chovwfzcihvbrjemwlhqppehhyoa/Build/Products/Debug-iphonesimulator/QelvoraUITests-Runner.app/PlugIns/QelvoraUITests.xctest --extracted-metadata-path /Users/runner/Library/Developer/Xcode/DerivedData/QelvoraApp-chovwfzcihvbrjemwlhqppehhyoa/Build/Products/Debug-iphonesimulator/QelvoraUITests-Runner.app/PlugIns/QelvoraUITests.xctest/Metadata.appintents --metadata-file-list /Users/runner/Library/Developer/Xcode/DerivedData/QelvoraApp-chovwfzcihvbrjemwlhqppehhyoa/Build/Intermediates.noindex/QelvoraApp.build/Debug-iphonesimulator/QelvoraUITests.build/QelvoraUITests.DependencyMetadataFileList --source-file /Users/runner/Library/Developer/Xcode/DerivedData/QelvoraApp-chovwfzcihvbrjemwlhqppehhyoa/Build/Products/Debug-iphonesimulator/QelvoraUITests-Runner.app/PlugIns/QelvoraUITests.xctest/Info.plist --archive-ssu-assets
2026-09-30T23:41:31.8314730Z 2026-09-30 23:41:31.825 appintentsnltrainingprocessor[13165:41013] Parsing options for appintentsnltrainingprocessor
2026-09-30T23:41:31.8688170Z 2026-09-30 23:41:31.827 appintentsnltrainingprocessor[13165:41013] Starting AppIntents SSU YAML Generation
2026-09-30T23:41:31.9421560Z 2026-09-30 23:41:31.827 appintentsnltrainingprocessor[13165:41013] No AppShortcuts found - Skipping.
2026-09-30T23:41:31.9778700Z 
2026-09-30T23:41:31.9786530Z MkDir /Users/runner/Library/Developer/Xcode/DerivedData/QelvoraApp-chovwfzcihvbrjemwlhqppehhyoa/Build/Products/Debug-iphonesimulator/QelvoraUITests-Runner.app (in target 'QelvoraUITests' from project 'QelvoraApp')
2026-09-30T23:41:31.9800810Z     cd /Users/runner/work/creator-platform/creator-platform/apps/ios
2026-09-30T23:41:31.9814220Z     /bin/mkdir -p /Users/runner/Library/Developer/Xcode/DerivedData/QelvoraApp-chovwfzcihvbrjemwlhqppehhyoa/Build/Products/Debug-iphonesimulator/QelvoraUITests-Runner.app
2026-09-30T23:41:31.9834270Z 
2026-09-30T23:41:31.9870930Z CopyPlistFile /Users/runner/Library/Developer/Xcode/DerivedData/QelvoraApp-chovwfzcihvbrjemwlhqppehhyoa/Build/Products/Debug-iphonesimulator/QelvoraUITests-Runner.app/Info.plist /Applications/Xcode_26.5.app/Contents/Developer/Platforms/iPhoneSimulator.platform/Developer/Library/Xcode/Agents/XCTRunner.app/Info.plist (in target 'QelvoraUITests' from project 'QelvoraApp')
2026-09-30T23:41:31.9899380Z     cd /Users/runner/work/creator-platform/creator-platform/apps/ios
2026-09-30T23:41:31.9917440Z     builtin-copyPlist --validate --convert xml1 --macro-expansion WRAPPEDPRODUCTNAME QelvoraUITests-Runner --macro-expansion WRAPPEDPRODUCTBUNDLEIDENTIFIER com.pantopus.qelvora.uitests.xctrunner --macro-expansion TESTPRODUCTNAME QelvoraUITests --macro-expansion TESTPRODUCTBUNDLEIDENTIFIER com.pantopus.qelvora.uitests --copy-value UIDeviceFamily /Users/runner/Library/Developer/Xcode/DerivedData/QelvoraApp-chovwfzcihvbrjemwlhqppehhyoa/Build/Products/Debug-iphonesimulator/QelvoraUITests-Runner.app/PlugIns/QelvoraUITests.xctest/Info.plist --outdir /Users/runner/Library/Developer/Xcode/DerivedData/QelvoraApp-chovwfzcihvbrjemwlhqppehhyoa/Build/Products/Debug-iphonesimulator/QelvoraUITests-Runner.app -- /Applications/Xcode_26.5.app/Contents/Developer/Platforms/iPhoneSimulator.platform/Developer/Library/Xcode/Agents/XCTRunner.app/Info.plist
2026-09-30T23:41:31.9938480Z 
2026-09-30T23:41:31.9944050Z CopyAndPreserveArchs /Users/runner/Library/Developer/Xcode/DerivedData/QelvoraApp-chovwfzcihvbrjemwlhqppehhyoa/Build/Products/Debug-iphonesimulator/QelvoraUITests-Runner.app/QelvoraUITests-Runner (in target 'QelvoraUITests' from project 'QelvoraApp')
2026-09-30T23:41:31.9954160Z     cd /Users/runner/work/creator-platform/creator-platform/apps/ios
2026-09-30T23:41:32.0017870Z     /Applications/Xcode_26.5.app/Contents/Developer/Toolchains/XcodeDefault.xctoolchain/usr/bin/lipo /Applications/Xcode_26.5.app/Contents/Developer/Platforms/iPhoneSimulator.platform/Developer/Library/Xcode/Agents/XCTRunner.app/XCTRunner -output /Users/runner/Library/Developer/Xcode/DerivedData/QelvoraApp-chovwfzcihvbrjemwlhqppehhyoa/Build/Products/Debug-iphonesimulator/QelvoraUITests-Runner.app/QelvoraUITests-Runner -extract x86_64
2026-09-30T23:41:32.0059630Z 
2026-09-30T23:41:32.0399890Z Copy /Users/runner/Library/Developer/Xcode/DerivedData/QelvoraApp-chovwfzcihvbrjemwlhqppehhyoa/Build/Products/Debug-iphonesimulator/QelvoraUITests-Runner.app/PkgInfo /Applications/Xcode_26.5.app/Contents/Developer/Platforms/iPhoneSimulator.platform/Developer/Library/Xcode/Agents/XCTRunner.app/PkgInfo (in target 'QelvoraUITests' from project 'QelvoraApp')
2026-09-30T23:41:32.0698380Z     cd /Users/runner/work/creator-platform/creator-platform/apps/ios
2026-09-30T23:41:32.0704560Z     builtin-copy -exclude .DS_Store -exclude CVS -exclude .svn -exclude .git -exclude .hg -resolve-src-symlinks /Applications/Xcode_26.5.app/Contents/Developer/Platforms/iPhoneSimulator.platform/Developer/Library/Xcode/Agents/XCTRunner.app/PkgInfo /Users/runner/Library/Developer/Xcode/DerivedData/QelvoraApp-chovwfzcihvbrjemwlhqppehhyoa/Build/Products/Debug-iphonesimulator/QelvoraUITests-Runner.app
2026-09-30T23:41:32.0713370Z 
2026-09-30T23:41:32.0719560Z Copy /Users/runner/Library/Developer/Xcode/DerivedData/QelvoraApp-chovwfzcihvbrjemwlhqppehhyoa/Build/Products/Debug-iphonesimulator/QelvoraUITests-Runner.app/Frameworks/libXCTestSwiftSupport.dylib /Applications/Xcode_26.5.app/Contents/Developer/Platforms/iPhoneSimulator.platform/Developer/usr/lib/libXCTestSwiftSupport.dylib (in target 'QelvoraUITests' from project 'QelvoraApp')
2026-09-30T23:41:32.0726330Z     cd /Users/runner/work/creator-platform/creator-platform/apps/ios
2026-09-30T23:41:32.0735420Z     builtin-copy -exclude .DS_Store -exclude CVS -exclude .svn -exclude .git -exclude .hg -exclude Headers -exclude PrivateHeaders -exclude Modules -exclude \*.tbd -resolve-src-symlinks /Applications/Xcode_26.5.app/Contents/Developer/Platforms/iPhoneSimulator.platform/Developer/usr/lib/libXCTestSwiftSupport.dylib /Users/runner/Library/Developer/Xcode/DerivedData/QelvoraApp-chovwfzcihvbrjemwlhqppehhyoa/Build/Products/Debug-iphonesimulator/QelvoraUITests-Runner.app/Frameworks
2026-09-30T23:41:32.0751970Z 
2026-09-30T23:41:32.0770730Z Copy /Users/runner/Library/Developer/Xcode/DerivedData/QelvoraApp-chovwfzcihvbrjemwlhqppehhyoa/Build/Products/Debug-iphonesimulator/QelvoraUITests-Runner.app/Frameworks/XCUnit.framework /Applications/Xcode_26.5.app/Contents/Developer/Platforms/iPhoneSimulator.platform/Developer/Library/PrivateFrameworks/XCUnit.framework (in target 'QelvoraUITests' from project 'QelvoraApp')
2026-09-30T23:41:32.0779290Z     cd /Users/runner/work/creator-platform/creator-platform/apps/ios
2026-09-30T23:41:32.0812870Z     builtin-copy -exclude .DS_Store -exclude CVS -exclude .svn -exclude .git -exclude .hg -exclude Headers -exclude PrivateHeaders -exclude Modules -exclude \*.tbd -resolve-src-symlinks /Applications/Xcode_26.5.app/Contents/Developer/Platforms/iPhoneSimulator.platform/Developer/Library/PrivateFrameworks/XCUnit.framework /Users/runner/Library/Developer/Xcode/DerivedData/QelvoraApp-chovwfzcihvbrjemwlhqppehhyoa/Build/Products/Debug-iphonesimulator/QelvoraUITests-Runner.app/Frameworks
2026-09-30T23:41:32.0830810Z 
2026-09-30T23:41:32.0841590Z Copy /Users/runner/Library/Developer/Xcode/DerivedData/QelvoraApp-chovwfzcihvbrjemwlhqppehhyoa/Build/Products/Debug-iphonesimulator/QelvoraUITests-Runner.app/Frameworks/XCUIAutomation.framework /Applications/Xcode_26.5.app/Contents/Developer/Platforms/iPhoneSimulator.platform/Developer/Library/Frameworks/XCUIAutomation.framework (in target 'QelvoraUITests' from project 'QelvoraApp')
2026-09-30T23:41:32.0849310Z     cd /Users/runner/work/creator-platform/creator-platform/apps/ios
2026-09-30T23:41:32.0857940Z     builtin-copy -exclude .DS_Store -exclude CVS -exclude .svn -exclude .git -exclude .hg -exclude Headers -exclude PrivateHeaders -exclude Modules -exclude \*.tbd -resolve-src-symlinks /Applications/Xcode_26.5.app/Contents/Developer/Platforms/iPhoneSimulator.platform/Developer/Library/Frameworks/XCUIAutomation.framework /Users/runner/Library/Developer/Xcode/DerivedData/QelvoraApp-chovwfzcihvbrjemwlhqppehhyoa/Build/Products/Debug-iphonesimulator/QelvoraUITests-Runner.app/Frameworks
2026-09-30T23:41:32.0866270Z 
2026-09-30T23:41:32.0872780Z Copy /Users/runner/Library/Developer/Xcode/DerivedData/QelvoraApp-chovwfzcihvbrjemwlhqppehhyoa/Build/Products/Debug-iphonesimulator/QelvoraUITests-Runner.app/Frameworks/XCTestSupport.framework /Applications/Xcode_26.5.app/Contents/Developer/Platforms/iPhoneSimulator.platform/Developer/Library/PrivateFrameworks/XCTestSupport.framework (in target 'QelvoraUITests' from project 'QelvoraApp')
2026-09-30T23:41:32.0880930Z     cd /Users/runner/work/creator-platform/creator-platform/apps/ios
2026-09-30T23:41:32.0902660Z     builtin-copy -exclude .DS_Store -exclude CVS -exclude .svn -exclude .git -exclude .hg -exclude Headers -exclude PrivateHeaders -exclude Modules -exclude \*.tbd -resolve-src-symlinks /Applications/Xcode_26.5.app/Contents/Developer/Platforms/iPhoneSimulator.platform/Developer/Library/PrivateFrameworks/XCTestSupport.framework /Users/runner/Library/Developer/Xcode/DerivedData/QelvoraApp-chovwfzcihvbrjemwlhqppehhyoa/Build/Products/Debug-iphonesimulator/QelvoraUITests-Runner.app/Frameworks
2026-09-30T23:41:32.0919740Z 
2026-09-30T23:41:32.0925360Z Copy /Users/runner/Library/Developer/Xcode/DerivedData/QelvoraApp-chovwfzcihvbrjemwlhqppehhyoa/Build/Products/Debug-iphonesimulator/QelvoraUITests-Runner.app/Frameworks/XCTestCore.framework /Applications/Xcode_26.5.app/Contents/Developer/Platforms/iPhoneSimulator.platform/Developer/Library/PrivateFrameworks/XCTestCore.framework (in target 'QelvoraUITests' from project 'QelvoraApp')
2026-09-30T23:41:32.0932360Z     cd /Users/runner/work/creator-platform/creator-platform/apps/ios
2026-09-30T23:41:32.0941570Z     builtin-copy -exclude .DS_Store -exclude CVS -exclude .svn -exclude .git -exclude .hg -exclude Headers -exclude PrivateHeaders -exclude Modules -exclude \*.tbd -resolve-src-symlinks /Applications/Xcode_26.5.app/Contents/Developer/Platforms/iPhoneSimulator.platform/Developer/Library/PrivateFrameworks/XCTestCore.framework /Users/runner/Library/Developer/Xcode/DerivedData/QelvoraApp-chovwfzcihvbrjemwlhqppehhyoa/Build/Products/Debug-iphonesimulator/QelvoraUITests-Runner.app/Frameworks
2026-09-30T23:41:32.0949790Z 
2026-09-30T23:41:32.0955460Z Copy /Users/runner/Library/Developer/Xcode/DerivedData/QelvoraApp-chovwfzcihvbrjemwlhqppehhyoa/Build/Products/Debug-iphonesimulator/QelvoraUITests-Runner.app/Frameworks/XCTest.framework /Applications/Xcode_26.5.app/Contents/Developer/Platforms/iPhoneSimulator.platform/Developer/Library/Frameworks/XCTest.framework (in target 'QelvoraUITests' from project 'QelvoraApp')
2026-09-30T23:41:32.0962290Z     cd /Users/runner/work/creator-platform/creator-platform/apps/ios
2026-09-30T23:41:32.0970740Z     builtin-copy -exclude .DS_Store -exclude CVS -exclude .svn -exclude .git -exclude .hg -exclude Headers -exclude PrivateHeaders -exclude Modules -exclude \*.tbd -resolve-src-symlinks /Applications/Xcode_26.5.app/Contents/Developer/Platforms/iPhoneSimulator.platform/Developer/Library/Frameworks/XCTest.framework /Users/runner/Library/Developer/Xcode/DerivedData/QelvoraApp-chovwfzcihvbrjemwlhqppehhyoa/Build/Products/Debug-iphonesimulator/QelvoraUITests-Runner.app/Frameworks
2026-09-30T23:41:32.0981840Z 
2026-09-30T23:41:32.0990030Z Copy /Users/runner/Library/Developer/Xcode/DerivedData/QelvoraApp-chovwfzcihvbrjemwlhqppehhyoa/Build/Products/Debug-iphonesimulator/QelvoraUITests-Runner.app/Frameworks/XCTAutomationSupport.framework /Applications/Xcode_26.5.app/Contents/Developer/Platforms/iPhoneSimulator.platform/Developer/Library/PrivateFrameworks/XCTAutomationSupport.framework (in target 'QelvoraUITests' from project 'QelvoraApp')
2026-09-30T23:41:32.1003550Z     cd /Users/runner/work/creator-platform/creator-platform/apps/ios
2026-09-30T23:41:32.1014170Z     builtin-copy -exclude .DS_Store -exclude CVS -exclude .svn -exclude .git -exclude .hg -exclude Headers -exclude PrivateHeaders -exclude Modules -exclude \*.tbd -resolve-src-symlinks /Applications/Xcode_26.5.app/Contents/Developer/Platforms/iPhoneSimulator.platform/Developer/Library/PrivateFrameworks/XCTAutomationSupport.framework /Users/runner/Library/Developer/Xcode/DerivedData/QelvoraApp-chovwfzcihvbrjemwlhqppehhyoa/Build/Products/Debug-iphonesimulator/QelvoraUITests-Runner.app/Frameworks
2026-09-30T23:41:32.1024870Z 
2026-09-30T23:41:32.1031340Z Copy /Users/runner/Library/Developer/Xcode/DerivedData/QelvoraApp-chovwfzcihvbrjemwlhqppehhyoa/Build/Products/Debug-iphonesimulator/QelvoraUITests-Runner.app/Frameworks/Testing.framework /Applications/Xcode_26.5.app/Contents/Developer/Platforms/iPhoneSimulator.platform/Developer/Library/Frameworks/Testing.framework (in target 'QelvoraUITests' from project 'QelvoraApp')
2026-09-30T23:41:32.1039140Z     cd /Users/runner/work/creator-platform/creator-platform/apps/ios
2026-09-30T23:41:32.1048540Z     builtin-copy -exclude .DS_Store -exclude CVS -exclude .svn -exclude .git -exclude .hg -exclude Headers -exclude PrivateHeaders -exclude Modules -exclude \*.tbd -resolve-src-symlinks /Applications/Xcode_26.5.app/Contents/Developer/Platforms/iPhoneSimulator.platform/Developer/Library/Frameworks/Testing.framework /Users/runner/Library/Developer/Xcode/DerivedData/QelvoraApp-chovwfzcihvbrjemwlhqppehhyoa/Build/Products/Debug-iphonesimulator/QelvoraUITests-Runner.app/Frameworks
2026-09-30T23:41:32.1055740Z 
2026-09-30T23:41:32.1061870Z CodeSign /Users/runner/Library/Developer/Xcode/DerivedData/QelvoraApp-chovwfzcihvbrjemwlhqppehhyoa/Build/Products/Debug-iphonesimulator/QelvoraUITests-Runner.app/PlugIns/QelvoraUITests.xctest (in target 'QelvoraUITests' from project 'QelvoraApp')
2026-09-30T23:41:32.1067100Z     cd /Users/runner/work/creator-platform/creator-platform/apps/ios
2026-09-30T23:41:32.1068510Z     
2026-09-30T23:41:32.1069280Z     Signing Identity:     "Sign to Run Locally"
2026-09-30T23:41:32.1070410Z     
2026-09-30T23:41:32.1075110Z     /usr/bin/codesign --force --sign - --timestamp\=none --generate-entitlement-der /Users/runner/Library/Developer/Xcode/DerivedData/QelvoraApp-chovwfzcihvbrjemwlhqppehhyoa/Build/Products/Debug-iphonesimulator/QelvoraUITests-Runner.app/PlugIns/QelvoraUITests.xctest
2026-09-30T23:41:32.1079680Z 
2026-09-30T23:41:32.1084710Z RegisterExecutionPolicyException /Users/runner/Library/Developer/Xcode/DerivedData/QelvoraApp-chovwfzcihvbrjemwlhqppehhyoa/Build/Products/Debug-iphonesimulator/QelvoraUITests-Runner.app/PlugIns/QelvoraUITests.xctest (in target 'QelvoraUITests' from project 'QelvoraApp')
2026-09-30T23:41:32.1090150Z     cd /Users/runner/work/creator-platform/creator-platform/apps/ios
2026-09-30T23:41:32.1095600Z     builtin-RegisterExecutionPolicyException /Users/runner/Library/Developer/Xcode/DerivedData/QelvoraApp-chovwfzcihvbrjemwlhqppehhyoa/Build/Products/Debug-iphonesimulator/QelvoraUITests-Runner.app/PlugIns/QelvoraUITests.xctest
2026-09-30T23:41:32.1101110Z 
2026-09-30T23:41:32.1105550Z Touch /Users/runner/Library/Developer/Xcode/DerivedData/QelvoraApp-chovwfzcihvbrjemwlhqppehhyoa/Build/Products/Debug-iphonesimulator/QelvoraUITests-Runner.app/PlugIns/QelvoraUITests.xctest (in target 'QelvoraUITests' from project 'QelvoraApp')
2026-09-30T23:41:32.1110320Z     cd /Users/runner/work/creator-platform/creator-platform/apps/ios
2026-09-30T23:41:32.1114330Z     /usr/bin/touch -c /Users/runner/Library/Developer/Xcode/DerivedData/QelvoraApp-chovwfzcihvbrjemwlhqppehhyoa/Build/Products/Debug-iphonesimulator/QelvoraUITests-Runner.app/PlugIns/QelvoraUITests.xctest
2026-09-30T23:41:32.1118350Z 
2026-09-30T23:41:32.1121740Z CodeSign /Users/runner/Library/Developer/Xcode/DerivedData/QelvoraApp-chovwfzcihvbrjemwlhqppehhyoa/Build/Products/Debug-iphonesimulator/QelvoraUITests-Runner.app (in target 'QelvoraUITests' from project 'QelvoraApp')
2026-09-30T23:41:32.1127210Z     cd /Users/runner/work/creator-platform/creator-platform/apps/ios
2026-09-30T23:41:32.1128920Z     
2026-09-30T23:41:32.1129840Z     Signing Identity:     "Sign to Run Locally"
2026-09-30T23:41:32.1134920Z     
2026-09-30T23:41:32.1138510Z     /usr/bin/codesign --force --sign - --timestamp\=none --generate-entitlement-der /Users/runner/Library/Developer/Xcode/DerivedData/QelvoraApp-chovwfzcihvbrjemwlhqppehhyoa/Build/Products/Debug-iphonesimulator/QelvoraUITests-Runner.app
2026-09-30T23:41:32.3714070Z /Users/runner/Library/Developer/Xcode/DerivedData/QelvoraApp-chovwfzcihvbrjemwlhqppehhyoa/Build/Products/Debug-iphonesimulator/QelvoraUITests-Runner.app: replacing existing signature
2026-09-30T23:41:32.4166240Z 
2026-09-30T23:49:28.9902640Z 2026-09-30 23:49:26.111891+0000 QelvoraUITests-Runner[16875:53280] [Default] Running tests...
2026-09-30T23:50:39.0452170Z 2026-09-30 23:50:36.920342+0000 QelvoraUITests-Runner[16875:53280] [Default] Failed to initialize for UI testing: Error Domain=XCTDaemonErrorDomain Code=18 "Timed out waiting for AX loaded notification" UserInfo={NSLocalizedDescription=Timed out waiting for AX loaded notification}
2026-09-30T23:50:46.0529420Z 
2026-09-30T23:50:46.5794000Z 
2026-09-30T23:50:48.2968650Z *** If you believe this error represents a bug, please attach the result bundle at /Users/runner/work/creator-platform/creator-platform/artifacts/ios/FoundationFlow.xcresult
2026-09-30T23:50:48.2972190Z 
2026-09-30T23:53:46.4245540Z 2026-09-30 23:53:46.380 xcodebuild[5347:21403] [MT] IDETestOperationsObserverDebug: 733.916 elapsed -- Testing started completed.
2026-09-30T23:53:46.5321120Z 2026-09-30 23:53:46.381 xcodebuild[5347:21403] [MT] IDETestOperationsObserverDebug: 0.000 sec, +0.000 sec -- start
2026-09-30T23:53:46.6331900Z 2026-09-30 23:53:46.381 xcodebuild[5347:21403] [MT] IDETestOperationsObserverDebug: 733.916 sec, +733.916 sec -- end
2026-09-30T23:53:47.4383510Z Testing failed:
2026-09-30T23:53:47.4384710Z 
2026-09-30T23:53:47.5386650Z 	QelvoraUITests-Runner (16875) encountered an error (The test runner failed to initialize for UI testing. (Underlying Error: Timed out waiting for AX loaded notification))
2026-09-30T23:53:47.5389950Z Test session results, code coverage, and logs:
2026-09-30T23:53:47.6389500Z 
2026-09-30T23:53:47.6391160Z 	/Users/runner/work/creator-platform/creator-platform/artifacts/ios/FoundationFlow.xcresult
2026-09-30T23:53:47.7395440Z ** TEST FAILED **
2026-09-30T23:53:47.7398520Z 
2026-09-30T23:53:47.8398030Z 
2026-09-30T23:53:59.9906520Z Testing started
2026-09-30T23:54:00.3508690Z ##[error]Process completed with exit code 65.
2026-09-30T23:54:00.3984810Z ##[group]Run swift test --package-path apps/ios
2026-09-30T23:54:00.3987050Z [36;1mswift test --package-path apps/ios[0m
2026-09-30T23:54:00.6043190Z shell: /bin/bash -e {0}
2026-09-30T23:54:00.6044530Z env:
2026-09-30T23:54:00.6047430Z   DEVELOPER_DIR: /Applications/Xcode_26.5.app/Contents/Developer
2026-09-30T23:54:00.6049340Z   SNAPSHOT_ARTIFACTS: /Users/runner/work/creator-platform/creator-platform/artifacts/ios/snapshot-diffs
2026-09-30T23:54:00.6053200Z ##[endgroup]
2026-09-30T23:54:28.3198680Z Fetching https://github.com/pointfreeco/xctest-dynamic-overlay from cache
2026-09-30T23:54:28.3204340Z Fetching https://github.com/pointfreeco/swift-custom-dump from cache
2026-09-30T23:54:28.3210590Z Fetching https://github.com/swiftlang/swift-syntax from cache
2026-09-30T23:54:29.7704420Z Fetched https://github.com/swiftlang/swift-syntax from cache (1.45s)
2026-09-30T23:54:29.7944980Z Fetching https://github.com/pointfreeco/swift-snapshot-testing.git from cache
2026-09-30T23:54:30.0002580Z Fetched https://github.com/pointfreeco/xctest-dynamic-overlay from cache (1.68s)
2026-09-30T23:54:30.0041480Z Fetched https://github.com/pointfreeco/swift-custom-dump from cache (1.68s)
2026-09-30T23:54:30.2548380Z Fetched https://github.com/pointfreeco/swift-snapshot-testing.git from cache (0.46s)
2026-09-30T23:54:30.2555960Z Computing version for https://github.com/pointfreeco/swift-snapshot-testing.git
2026-09-30T23:54:31.3665940Z Computed https://github.com/pointfreeco/swift-snapshot-testing.git at 1.19.6 (3.07s)
2026-09-30T23:54:31.3675590Z Computing version for https://github.com/swiftlang/swift-syntax
2026-09-30T23:54:42.4102530Z Computed https://github.com/swiftlang/swift-syntax at 604.0.0 (11.04s)
2026-09-30T23:54:42.4107370Z Computing version for https://github.com/pointfreeco/swift-custom-dump
2026-09-30T23:54:43.5274970Z Computed https://github.com/pointfreeco/swift-custom-dump at 1.7.3 (1.12s)
2026-09-30T23:54:43.5294610Z Computing version for https://github.com/pointfreeco/xctest-dynamic-overlay
2026-09-30T23:54:45.2132330Z Computed https://github.com/pointfreeco/xctest-dynamic-overlay at 1.13.1 (1.69s)
2026-09-30T23:54:45.5404750Z Creating working copy for https://github.com/pointfreeco/swift-snapshot-testing.git
2026-09-30T23:54:46.1489100Z Working copy of https://github.com/pointfreeco/swift-snapshot-testing.git resolved at 1.19.6
2026-09-30T23:54:46.2331030Z Creating working copy for https://github.com/pointfreeco/xctest-dynamic-overlay
2026-09-30T23:54:46.5142810Z Working copy of https://github.com/pointfreeco/xctest-dynamic-overlay resolved at 1.13.1
2026-09-30T23:54:46.6261180Z Creating working copy for https://github.com/swiftlang/swift-syntax
2026-09-30T23:54:47.9012280Z Working copy of https://github.com/swiftlang/swift-syntax resolved at 604.0.0
2026-09-30T23:54:48.2143330Z Creating working copy for https://github.com/pointfreeco/swift-custom-dump
2026-09-30T23:54:48.4862780Z Working copy of https://github.com/pointfreeco/swift-custom-dump resolved at 1.7.3
2026-09-30T23:54:54.1823280Z warning: 'ios': found 110 file(s) which are unhandled; explicitly declare them as resources or exclude from the target
2026-09-30T23:54:54.1838710Z     /Users/runner/work/creator-platform/creator-platform/apps/ios/Tests/QelvoraUITests/__Snapshots__/NativeSnapshotTests/testComponentCatalogThemes.AccessLines-light.png
2026-09-30T23:54:54.1902780Z     /Users/runner/work/creator-platform/creator-platform/apps/ios/Tests/QelvoraUITests/__Snapshots__/NativeSnapshotTests/testComponentCatalogThemes.VoiceNote-night.png
2026-09-30T23:54:54.2014660Z     /Users/runner/work/creator-platform/creator-platform/apps/ios/Tests/QelvoraUITests/__Snapshots__/NativeSnapshotTests/testComponentCatalogThemes.AuditBanner-night.png
2026-09-30T23:54:54.2037320Z     /Users/runner/work/creator-platform/creator-platform/apps/ios/Tests/QelvoraUITests/__Snapshots__/NativeSnapshotTests/testComponentCatalogThemes.SpendLimit-light.png
2026-09-30T23:54:54.2085710Z     /Users/runner/work/creator-platform/creator-platform/apps/ios/Tests/QelvoraUITests/__Snapshots__/NativeSnapshotTests/testComponentCatalogThemes.AuditBanner-light.png
2026-09-30T23:54:54.2090850Z     /Users/runner/work/creator-platform/creator-platform/apps/ios/Tests/QelvoraUITests/__Snapshots__/NativeSnapshotTests/testComponentCatalogThemes.EtaLine-night.png
2026-09-30T23:54:54.2098760Z     /Users/runner/work/creator-platform/creator-platform/apps/ios/Tests/QelvoraUITests/__Snapshots__/NativeSnapshotTests/testComponentCatalogThemes.Notice-night.png
2026-09-30T23:54:54.2113080Z     /Users/runner/work/creator-platform/creator-platform/apps/ios/Tests/QelvoraUITests/__Snapshots__/NativeSnapshotTests/testComponentCatalogThemes.SigningSheet-night.png
2026-09-30T23:54:54.2116750Z     /Users/runner/work/creator-platform/creator-platform/apps/ios/Tests/QelvoraUITests/__Snapshots__/NativeSnapshotTests/testComponentCatalogThemes.Countdown-light.png
2026-09-30T23:54:54.2120270Z     /Users/runner/work/creator-platform/creator-platform/apps/ios/Tests/QelvoraUITests/__Snapshots__/NativeSnapshotTests/testComponentCatalogThemes.Skeleton-light.png
2026-09-30T23:54:54.2123530Z     /Users/runner/work/creator-platform/creator-platform/apps/ios/Tests/QelvoraUITests/__Snapshots__/NativeSnapshotTests/testWelcomeThemes.night.png
2026-09-30T23:54:54.2126800Z     /Users/runner/work/creator-platform/creator-platform/apps/ios/Tests/QelvoraUITests/__Snapshots__/NativeSnapshotTests/testComponentCatalogThemes.Sidebar-night.png
2026-09-30T23:54:54.2130290Z     /Users/runner/work/creator-platform/creator-platform/apps/ios/Tests/QelvoraUITests/__Snapshots__/NativeSnapshotTests/testComponentCatalogThemes.DigestItem-night.png
2026-09-30T23:54:54.2133730Z     /Users/runner/work/creator-platform/creator-platform/apps/ios/Tests/QelvoraUITests/__Snapshots__/NativeSnapshotTests/testComponentCatalogThemes.Mark-light.png
2026-09-30T23:54:54.2137240Z     /Users/runner/work/creator-platform/creator-platform/apps/ios/Tests/QelvoraUITests/__Snapshots__/NativeSnapshotTests/testComponentCatalogThemes.MemoryChip-light.png
2026-09-30T23:54:54.2140730Z     /Users/runner/work/creator-platform/creator-platform/apps/ios/Tests/QelvoraUITests/__Snapshots__/NativeSnapshotTests/testComponentCatalogThemes.Button-light.png
2026-09-30T23:54:54.2144170Z     /Users/runner/work/creator-platform/creator-platform/apps/ios/Tests/QelvoraUITests/__Snapshots__/NativeSnapshotTests/testComponentCatalogThemes.Message-light.png
2026-09-30T23:54:54.2147650Z     /Users/runner/work/creator-platform/creator-platform/apps/ios/Tests/QelvoraUITests/__Snapshots__/NativeSnapshotTests/testComponentCatalogThemes.Countdown-night.png
2026-09-30T23:54:54.2151220Z     /Users/runner/work/creator-platform/creator-platform/apps/ios/Tests/QelvoraUITests/__Snapshots__/NativeSnapshotTests/testComponentCatalogThemes.LabelPreview-light.png
2026-09-30T23:54:54.2155250Z     /Users/runner/work/creator-platform/creator-platform/apps/ios/Tests/QelvoraUITests/__Snapshots__/NativeSnapshotTests/testComponentCatalogThemes.Sheet-light.png
2026-09-30T23:54:54.2159100Z     /Users/runner/work/creator-platform/creator-platform/apps/ios/Tests/QelvoraUITests/__Snapshots__/NativeSnapshotTests/testComponentCatalogThemes.TestConsole-night.png
2026-09-30T23:54:54.2162650Z     /Users/runner/work/creator-platform/creator-platform/apps/ios/Tests/QelvoraUITests/__Snapshots__/NativeSnapshotTests/testComponentCatalogThemes.RequestStatus-night.png
2026-09-30T23:54:54.2166180Z     /Users/runner/work/creator-platform/creator-platform/apps/ios/Tests/QelvoraUITests/__Snapshots__/NativeSnapshotTests/testComponentCatalogThemes.TabBar-night.png
2026-09-30T23:54:54.2169640Z     /Users/runner/work/creator-platform/creator-platform/apps/ios/Tests/QelvoraUITests/__Snapshots__/NativeSnapshotTests/testComponentCatalogThemes.Button-night.png
2026-09-30T23:54:54.2173150Z     /Users/runner/work/creator-platform/creator-platform/apps/ios/Tests/QelvoraUITests/__Snapshots__/NativeSnapshotTests/testComponentCatalogThemes.VoiceNote-light.png
2026-09-30T23:54:54.2177650Z     /Users/runner/work/creator-platform/creator-platform/apps/ios/Tests/QelvoraUITests/__Snapshots__/NativeSnapshotTests/testComponentCatalogThemes.SignedMarker-light.png
2026-09-30T23:54:54.2181300Z     /Users/runner/work/creator-platform/creator-platform/apps/ios/Tests/QelvoraUITests/__Snapshots__/NativeSnapshotTests/testComponentCatalogThemes.CitationChip-night.png
2026-09-30T23:54:54.2184830Z     /Users/runner/work/creator-platform/creator-platform/apps/ios/Tests/QelvoraUITests/__Snapshots__/NativeSnapshotTests/testComponentCatalogThemes.Segmented-night.png
2026-09-30T23:54:54.2188740Z     /Users/runner/work/creator-platform/creator-platform/apps/ios/Tests/QelvoraUITests/__Snapshots__/NativeSnapshotTests/testComponentCatalogThemes.SigningSheet-light.png
2026-09-30T23:54:54.2192290Z     /Users/runner/work/creator-platform/creator-platform/apps/ios/Tests/QelvoraUITests/__Snapshots__/NativeSnapshotTests/testComponentCatalogThemes.Avatar-light.png
2026-09-30T23:54:54.2195770Z     /Users/runner/work/creator-platform/creator-platform/apps/ios/Tests/QelvoraUITests/__Snapshots__/NativeSnapshotTests/testComponentCatalogThemes.SignedMarker-night.png
2026-09-30T23:54:54.2199240Z     /Users/runner/work/creator-platform/creator-platform/apps/ios/Tests/QelvoraUITests/__Snapshots__/NativeSnapshotTests/testComponentCatalogThemes.Seal-night.png
2026-09-30T23:54:54.2202730Z     /Users/runner/work/creator-platform/creator-platform/apps/ios/Tests/QelvoraUITests/__Snapshots__/NativeSnapshotTests/testComponentCatalogThemes.ThreadHeader-light.png
2026-09-30T23:54:54.2206500Z     /Users/runner/work/creator-platform/creator-platform/apps/ios/Tests/QelvoraUITests/__Snapshots__/NativeSnapshotTests/testComponentCatalogThemes.ReservedLabel-night.png
2026-09-30T23:54:54.2210110Z     /Users/runner/work/creator-platform/creator-platform/apps/ios/Tests/QelvoraUITests/__Snapshots__/NativeSnapshotTests/testComponentCatalogThemes.Dialog-light.png
2026-09-30T23:54:54.2213620Z     /Users/runner/work/creator-platform/creator-platform/apps/ios/Tests/QelvoraUITests/__Snapshots__/NativeSnapshotTests/testComponentCatalogThemes.SourceRow-light.png
2026-09-30T23:54:54.2217160Z     /Users/runner/work/creator-platform/creator-platform/apps/ios/Tests/QelvoraUITests/__Snapshots__/NativeSnapshotTests/testComponentCatalogThemes.ThreadHeader-night.png
2026-09-30T23:54:54.2220680Z     /Users/runner/work/creator-platform/creator-platform/apps/ios/Tests/QelvoraUITests/__Snapshots__/NativeSnapshotTests/testComponentCatalogThemes.TabBar-light.png
2026-09-30T23:54:54.2225050Z     /Users/runner/work/creator-platform/creator-platform/apps/ios/Tests/QelvoraUITests/__Snapshots__/NativeSnapshotTests/testWelcomeThemes.light.png
2026-09-30T23:54:54.2228500Z     /Users/runner/work/creator-platform/creator-platform/apps/ios/Tests/QelvoraUITests/__Snapshots__/NativeSnapshotTests/testComponentCatalogThemes.ModeList-light.png
2026-09-30T23:54:54.2232310Z     /Users/runner/work/creator-platform/creator-platform/apps/ios/Tests/QelvoraUITests/__Snapshots__/NativeSnapshotTests/testComponentCatalogThemes.EtaLine-light.png
2026-09-30T23:54:54.2235780Z     /Users/runner/work/creator-platform/creator-platform/apps/ios/Tests/QelvoraUITests/__Snapshots__/NativeSnapshotTests/testComponentCatalogThemes.Message-night.png
2026-09-30T23:54:54.2239340Z     /Users/runner/work/creator-platform/creator-platform/apps/ios/Tests/QelvoraUITests/__Snapshots__/NativeSnapshotTests/testComponentCatalogThemes.LabelPreview-night.png
2026-09-30T23:54:54.2243440Z     /Users/runner/work/creator-platform/creator-platform/apps/ios/Tests/QelvoraUITests/__Snapshots__/NativeSnapshotTests/testComponentCatalogThemes.SystemLine-light.png
2026-09-30T23:54:54.2247200Z     /Users/runner/work/creator-platform/creator-platform/apps/ios/Tests/QelvoraUITests/__Snapshots__/NativeSnapshotTests/testComponentCatalogThemes.QueueCard-light.png
2026-09-30T23:54:54.2250640Z     /Users/runner/work/creator-platform/creator-platform/apps/ios/Tests/QelvoraUITests/__Snapshots__/NativeSnapshotTests/testAuthorIdentitySurfaces.light.png
2026-09-30T23:54:54.2254940Z     /Users/runner/work/creator-platform/creator-platform/apps/ios/Tests/QelvoraUITests/__Snapshots__/NativeSnapshotTests/testComponentCatalogThemes.TestConsole-light.png
2026-09-30T23:54:54.2258550Z     /Users/runner/work/creator-platform/creator-platform/apps/ios/Tests/QelvoraUITests/__Snapshots__/NativeSnapshotTests/testComponentCatalogThemes.QueueCard-night.png
2026-09-30T23:54:54.2261970Z     /Users/runner/work/creator-platform/creator-platform/apps/ios/Tests/QelvoraUITests/__Snapshots__/NativeSnapshotTests/testComponentCatalogThemes.Avatar-night.png
2026-09-30T23:54:54.2265790Z     /Users/runner/work/creator-platform/creator-platform/apps/ios/Tests/QelvoraUITests/__Snapshots__/NativeSnapshotTests/testComponentCatalogThemes.SpendLimit-night.png
2026-09-30T23:54:54.2269370Z     /Users/runner/work/creator-platform/creator-platform/apps/ios/Tests/QelvoraUITests/__Snapshots__/NativeSnapshotTests/testComponentCatalogThemes.VersionList-light.png
2026-09-30T23:54:54.2272880Z     /Users/runner/work/creator-platform/creator-platform/apps/ios/Tests/QelvoraUITests/__Snapshots__/NativeSnapshotTests/testComponentCatalogThemes.DigestItem-light.png
2026-09-30T23:54:54.2276400Z     /Users/runner/work/creator-platform/creator-platform/apps/ios/Tests/QelvoraUITests/__Snapshots__/NativeSnapshotTests/testComponentCatalogThemes.InsteadMenu-light.png
2026-09-30T23:54:54.2279830Z     /Users/runner/work/creator-platform/creator-platform/apps/ios/Tests/QelvoraUITests/__Snapshots__/NativeSnapshotTests/testComponentCatalogThemes.Note-light.png
2026-09-30T23:54:54.2283300Z     /Users/runner/work/creator-platform/creator-platform/apps/ios/Tests/QelvoraUITests/__Snapshots__/NativeSnapshotTests/testComponentCatalogThemes.ReservedLabel-light.png
2026-09-30T23:54:54.2286890Z     /Users/runner/work/creator-platform/creator-platform/apps/ios/Tests/QelvoraUITests/__Snapshots__/NativeSnapshotTests/testComponentCatalogThemes.AuthorLabel-light.png
2026-09-30T23:54:54.2290490Z     /Users/runner/work/creator-platform/creator-platform/apps/ios/Tests/QelvoraUITests/__Snapshots__/NativeSnapshotTests/testComponentCatalogThemes.NotificationRow-night.png
2026-09-30T23:54:54.2294080Z     /Users/runner/work/creator-platform/creator-platform/apps/ios/Tests/QelvoraUITests/__Snapshots__/NativeSnapshotTests/testComponentCatalogThemes.TermsBlock-light.png
2026-09-30T23:54:54.2297590Z     /Users/runner/work/creator-platform/creator-platform/apps/ios/Tests/QelvoraUITests/__Snapshots__/NativeSnapshotTests/testComponentCatalogThemes.SystemLine-night.png
2026-09-30T23:54:54.2301300Z     /Users/runner/work/creator-platform/creator-platform/apps/ios/Tests/QelvoraUITests/__Snapshots__/NativeSnapshotTests/testComponentCatalogThemes.ContextCard-light.png
2026-09-30T23:54:54.2304890Z     /Users/runner/work/creator-platform/creator-platform/apps/ios/Tests/QelvoraUITests/__Snapshots__/NativeSnapshotTests/testComponentCatalogThemes.IncludeList-night.png
2026-09-30T23:54:54.2308500Z     /Users/runner/work/creator-platform/creator-platform/apps/ios/Tests/QelvoraUITests/__Snapshots__/NativeSnapshotTests/testComponentCatalogThemes.VersionList-night.png
2026-09-30T23:54:54.2312330Z     /Users/runner/work/creator-platform/creator-platform/apps/ios/Tests/QelvoraUITests/__Snapshots__/NativeSnapshotTests/testComponentCatalogThemes.Mark-night.png
2026-09-30T23:54:54.2316460Z     /Users/runner/work/creator-platform/creator-platform/apps/ios/Tests/QelvoraUITests/__Snapshots__/NativeSnapshotTests/testComponentCatalogThemes.MemoryChip-night.png
2026-09-30T23:54:54.2320010Z     /Users/runner/work/creator-platform/creator-platform/apps/ios/Tests/QelvoraUITests/__Snapshots__/NativeSnapshotTests/testComponentCatalogThemes.ReactionChip-night.png
2026-09-30T23:54:54.2323580Z     /Users/runner/work/creator-platform/creator-platform/apps/ios/Tests/QelvoraUITests/__Snapshots__/NativeSnapshotTests/testComponentCatalogThemes.ShareCard-night.png
2026-09-30T23:54:54.2328100Z     /Users/runner/work/creator-platform/creator-platform/apps/ios/Tests/QelvoraUITests/__Snapshots__/NativeSnapshotTests/testComponentCatalogThemes.InsteadMenu-night.png
2026-09-30T23:54:54.2332360Z     /Users/runner/work/creator-platform/creator-platform/apps/ios/Tests/QelvoraUITests/__Snapshots__/NativeSnapshotTests/testComponentCatalogThemes.TermsBlock-night.png
2026-09-30T23:54:54.2335970Z     /Users/runner/work/creator-platform/creator-platform/apps/ios/Tests/QelvoraUITests/__Snapshots__/NativeSnapshotTests/testComponentCatalogThemes.IdentityStrip-night.png
2026-09-30T23:54:54.2339570Z     /Users/runner/work/creator-platform/creator-platform/apps/ios/Tests/QelvoraUITests/__Snapshots__/NativeSnapshotTests/testComponentCatalogThemes.IdentityStrip-light.png
2026-09-30T23:54:54.2343470Z     /Users/runner/work/creator-platform/creator-platform/apps/ios/Tests/QelvoraUITests/__Snapshots__/NativeSnapshotTests/testComponentCatalogThemes.ModeList-night.png
2026-09-30T23:54:54.2347980Z     /Users/runner/work/creator-platform/creator-platform/apps/ios/Tests/QelvoraUITests/__Snapshots__/NativeSnapshotTests/testComponentCatalogThemes.StudioTabBar-night.png
2026-09-30T23:54:54.2352430Z     /Users/runner/work/creator-platform/creator-platform/apps/ios/Tests/QelvoraUITests/__Snapshots__/NativeSnapshotTests/testComponentCatalogThemes.Correction-light.png
2026-09-30T23:54:54.2358310Z     /Users/runner/work/creator-platform/creator-platform/apps/ios/Tests/QelvoraUITests/__Snapshots__/NativeSnapshotTests/testComponentCatalogThemes.IncludeList-light.png
2026-09-30T23:54:54.2361890Z     /Users/runner/work/creator-platform/creator-platform/apps/ios/Tests/QelvoraUITests/__Snapshots__/NativeSnapshotTests/testComponentCatalogThemes.Skeleton-night.png
2026-09-30T23:54:54.2365460Z     /Users/runner/work/creator-platform/creator-platform/apps/ios/Tests/QelvoraUITests/__Snapshots__/NativeSnapshotTests/testComponentCatalogThemes.RequestStatus-light.png
2026-09-30T23:54:54.2369060Z     /Users/runner/work/creator-platform/creator-platform/apps/ios/Tests/QelvoraUITests/__Snapshots__/NativeSnapshotTests/testComponentCatalogThemes.EmptyState-night.png
2026-09-30T23:54:54.2372530Z     /Users/runner/work/creator-platform/creator-platform/apps/ios/Tests/QelvoraUITests/__Snapshots__/NativeSnapshotTests/testComponentCatalogThemes.Sheet-night.png
2026-09-30T23:54:54.2377530Z     /Users/runner/work/creator-platform/creator-platform/apps/ios/Tests/QelvoraUITests/__Snapshots__/NativeSnapshotTests/testComponentCatalogThemes.SourceRow-night.png
2026-09-30T23:54:54.2381440Z     /Users/runner/work/creator-platform/creator-platform/apps/ios/Tests/QelvoraUITests/__Snapshots__/NativeSnapshotTests/testComponentCatalogThemes.Composer-night.png
2026-09-30T23:54:54.2384910Z     /Users/runner/work/creator-platform/creator-platform/apps/ios/Tests/QelvoraUITests/__Snapshots__/NativeSnapshotTests/testComponentCatalogThemes.Toast-night.png
2026-09-30T23:54:54.2388420Z     /Users/runner/work/creator-platform/creator-platform/apps/ios/Tests/QelvoraUITests/__Snapshots__/NativeSnapshotTests/testComponentCatalogThemes.CapacityHeader-light.png
2026-09-30T23:54:54.2392080Z     /Users/runner/work/creator-platform/creator-platform/apps/ios/Tests/QelvoraUITests/__Snapshots__/NativeSnapshotTests/testComponentCatalogThemes.EmailFrame-night.png
2026-09-30T23:54:54.2396490Z     /Users/runner/work/creator-platform/creator-platform/apps/ios/Tests/QelvoraUITests/__Snapshots__/NativeSnapshotTests/testComponentCatalogThemes.AuthorLabel-night.png
2026-09-30T23:54:54.2400850Z     /Users/runner/work/creator-platform/creator-platform/apps/ios/Tests/QelvoraUITests/__Snapshots__/NativeSnapshotTests/testComponentCatalogThemes.CallChip-light.png
2026-09-30T23:54:54.2405160Z     /Users/runner/work/creator-platform/creator-platform/apps/ios/Tests/QelvoraUITests/__Snapshots__/NativeSnapshotTests/testComponentCatalogThemes.NotificationRow-light.png
2026-09-30T23:54:54.2408740Z     /Users/runner/work/creator-platform/creator-platform/apps/ios/Tests/QelvoraUITests/__Snapshots__/NativeSnapshotTests/testComponentCatalogThemes.Composer-light.png
2026-09-30T23:54:54.2413290Z     /Users/runner/work/creator-platform/creator-platform/apps/ios/Tests/QelvoraUITests/__Snapshots__/NativeSnapshotTests/testComponentCatalogThemes.CapacityHeader-night.png
2026-09-30T23:54:54.2416930Z     /Users/runner/work/creator-platform/creator-platform/apps/ios/Tests/QelvoraUITests/__Snapshots__/NativeSnapshotTests/testComponentCatalogThemes.AccessLines-night.png
2026-09-30T23:54:54.2421130Z     /Users/runner/work/creator-platform/creator-platform/apps/ios/Tests/QelvoraUITests/__Snapshots__/NativeSnapshotTests/testComponentCatalogThemes.EmailFrame-light.png
2026-09-30T23:54:54.2424560Z     /Users/runner/work/creator-platform/creator-platform/apps/ios/Tests/QelvoraUITests/__Snapshots__/NativeSnapshotTests/testComponentCatalogThemes.Note-night.png
2026-09-30T23:54:54.2428450Z     /Users/runner/work/creator-platform/creator-platform/apps/ios/Tests/QelvoraUITests/__Snapshots__/NativeSnapshotTests/testComponentCatalogThemes.ReactionChip-light.png
2026-09-30T23:54:54.2432020Z     /Users/runner/work/creator-platform/creator-platform/apps/ios/Tests/QelvoraUITests/__Snapshots__/NativeSnapshotTests/testComponentCatalogThemes.Receipt-light.png
2026-09-30T23:54:54.2435400Z     /Users/runner/work/creator-platform/creator-platform/apps/ios/Tests/QelvoraUITests/__Snapshots__/NativeSnapshotTests/testComponentCatalogThemes.StepIn-light.png
2026-09-30T23:54:54.2439690Z     /Users/runner/work/creator-platform/creator-platform/apps/ios/Tests/QelvoraUITests/__Snapshots__/NativeSnapshotTests/testComponentCatalogThemes.StepIn-night.png
2026-09-30T23:54:54.2443170Z     /Users/runner/work/creator-platform/creator-platform/apps/ios/Tests/QelvoraUITests/__Snapshots__/NativeSnapshotTests/testComponentCatalogThemes.Segmented-light.png
2026-09-30T23:54:54.2446670Z     /Users/runner/work/creator-platform/creator-platform/apps/ios/Tests/QelvoraUITests/__Snapshots__/NativeSnapshotTests/testComponentCatalogThemes.ShareCard-light.png
2026-09-30T23:54:54.2450140Z     /Users/runner/work/creator-platform/creator-platform/apps/ios/Tests/QelvoraUITests/__Snapshots__/NativeSnapshotTests/testComponentCatalogThemes.Notice-light.png
2026-09-30T23:54:54.2453590Z     /Users/runner/work/creator-platform/creator-platform/apps/ios/Tests/QelvoraUITests/__Snapshots__/NativeSnapshotTests/testComponentCatalogThemes.CallChip-night.png
2026-09-30T23:54:54.2456950Z     /Users/runner/work/creator-platform/creator-platform/apps/ios/Tests/QelvoraUITests/__Snapshots__/NativeSnapshotTests/testAuthorIdentitySurfaces.night.png
2026-09-30T23:54:54.2460360Z     /Users/runner/work/creator-platform/creator-platform/apps/ios/Tests/QelvoraUITests/__Snapshots__/NativeSnapshotTests/testComponentCatalogThemes.ContextCard-night.png
2026-09-30T23:54:54.2464830Z     /Users/runner/work/creator-platform/creator-platform/apps/ios/Tests/QelvoraUITests/__Snapshots__/NativeSnapshotTests/testComponentCatalogThemes.Correction-night.png
2026-09-30T23:54:54.2468310Z     /Users/runner/work/creator-platform/creator-platform/apps/ios/Tests/QelvoraUITests/__Snapshots__/NativeSnapshotTests/testComponentCatalogThemes.Toast-light.png
2026-09-30T23:54:54.2471720Z     /Users/runner/work/creator-platform/creator-platform/apps/ios/Tests/QelvoraUITests/__Snapshots__/NativeSnapshotTests/testComponentCatalogThemes.Dialog-night.png
2026-09-30T23:54:54.2475300Z     /Users/runner/work/creator-platform/creator-platform/apps/ios/Tests/QelvoraUITests/__Snapshots__/NativeSnapshotTests/testComponentCatalogThemes.Receipt-night.png
2026-09-30T23:54:54.2480020Z     /Users/runner/work/creator-platform/creator-platform/apps/ios/Tests/QelvoraUITests/__Snapshots__/NativeSnapshotTests/testComponentCatalogThemes.Sidebar-light.png
2026-09-30T23:54:54.2483520Z     /Users/runner/work/creator-platform/creator-platform/apps/ios/Tests/QelvoraUITests/__Snapshots__/NativeSnapshotTests/testComponentCatalogThemes.CitationChip-light.png
2026-09-30T23:54:54.2487100Z     /Users/runner/work/creator-platform/creator-platform/apps/ios/Tests/QelvoraUITests/__Snapshots__/NativeSnapshotTests/testComponentCatalogThemes.StudioTabBar-light.png
2026-09-30T23:54:54.2492760Z     /Users/runner/work/creator-platform/creator-platform/apps/ios/Tests/QelvoraUITests/__Snapshots__/NativeSnapshotTests/testComponentCatalogThemes.EmptyState-light.png
2026-09-30T23:54:54.2496360Z     /Users/runner/work/creator-platform/creator-platform/apps/ios/Tests/QelvoraUITests/__Snapshots__/NativeSnapshotTests/testComponentCatalogThemes.Seal-light.png
2026-09-30T23:54:54.6404820Z Building for debugging...
2026-09-30T23:54:54.6602100Z [0/24] /Users/runner/work/creator-platform/creator-platform/apps/ios/.build/x86_64-apple-macosx/debug/QelvoraNativePackageTests.derived/runner.swift
2026-09-30T23:54:54.6667920Z [1/24] Write qelvora-native-snapshots-entitlement.plist
2026-09-30T23:54:54.6670120Z [2/24] Write sources
2026-09-30T23:54:54.6671990Z [4/24] Copying Newsreader.ttf
2026-09-30T23:54:54.6674260Z [6/24] Copying Newsreader-OFL.txt
2026-09-30T23:54:54.6676190Z [6/24] Copying Localizable.xcstrings
2026-09-30T23:54:54.6678990Z [6/24] Copying Newsreader-Italic.ttf
2026-09-30T23:54:54.6681170Z [6/24] Copying Glyphs.json
2026-09-30T23:54:54.6683560Z [7/24] Copying GeistMono-OFL.txt
2026-09-30T23:54:54.6685630Z [11/24] Copying GeistMono-Italic.ttf
2026-09-30T23:54:54.6688110Z [11/24] Copying Geist-OFL.txt
2026-09-30T23:54:54.6690350Z [11/24] Copying Geist.ttf
2026-09-30T23:54:54.6692320Z [11/24] Copying Geist-Italic.ttf
2026-09-30T23:54:54.6694890Z [11/24] Write sources
2026-09-30T23:54:54.6701150Z [17/24] Copying GeistMono.ttf
2026-09-30T23:54:55.0191460Z [18/24] Write swift-version-5975E236E64FF690.txt
2026-09-30T23:56:37.7975870Z [20/79] Compiling SnapshotTesting Deprecations.swift
2026-09-30T23:56:37.9268670Z [21/79] Compiling SnapshotTesting RecordIssue.swift
2026-09-30T23:56:37.9276500Z [22/79] Compiling SnapshotTesting SnapshotTestingConfiguration.swift
2026-09-30T23:56:37.9589160Z [23/79] Compiling SnapshotTesting SnapshotsTestTrait.swift
2026-09-30T23:56:38.0013190Z [24/79] Compiling SnapshotTesting Snapshotting.swift
2026-09-30T23:56:38.0095670Z [25/79] Compiling SnapshotTesting Any.swift
2026-09-30T23:56:38.0575460Z [26/79] Compiling SnapshotTesting CALayer.swift
2026-09-30T23:56:38.0601070Z [27/79] Compiling SnapshotTesting CGPath.swift
2026-09-30T23:56:38.0669290Z [28/79] Compiling QelvoraUI GrowthPreferences.swift
2026-09-30T23:56:38.0773910Z [29/79] Compiling SnapshotTesting AssertSnapshot.swift
2026-09-30T23:56:38.0805540Z [30/79] Compiling SnapshotTesting Async.swift
2026-09-30T23:56:38.0880630Z [31/79] Compiling SnapshotTesting Internal.swift
2026-09-30T23:56:38.0908910Z [32/79] Compiling SnapshotTesting PlistEncoder.swift
2026-09-30T23:56:38.0921070Z [33/79] Compiling SnapshotTesting String+SpecialCharacters.swift
2026-09-30T23:56:38.0935690Z [34/79] Compiling SnapshotTesting View.swift
2026-09-30T23:56:38.0966980Z [35/79] Compiling SnapshotTesting XCTAttachment.swift
2026-09-30T23:56:38.0981940Z [36/79] Compiling SnapshotTesting Diff.swift
2026-09-30T23:56:38.1005850Z [37/79] Compiling SnapshotTesting Diffing.swift
2026-09-30T23:56:39.0462740Z [38/87] Compiling SnapshotTesting Wait.swift
2026-09-30T23:56:39.5668940Z [47/95] Compiling SnapshotTesting CaseIterable.swift
2026-09-30T23:56:39.5695900Z [48/95] Compiling SnapshotTesting Data.swift
2026-09-30T23:56:39.5781220Z [49/95] Compiling SnapshotTesting Encodable.swift
2026-09-30T23:56:39.6432270Z [50/95] Compiling SnapshotTesting NSBezierPath.swift
2026-09-30T23:56:39.6485110Z [51/95] Compiling SnapshotTesting NSImage.swift
2026-09-30T23:56:39.6977580Z [52/95] Compiling SnapshotTesting NSView.swift
2026-09-30T23:56:39.7051450Z [53/95] Compiling SnapshotTesting NSViewController.swift
2026-09-30T23:56:39.7065280Z [54/95] Compiling SnapshotTesting SceneKit.swift
2026-09-30T23:56:41.1957170Z [55/95] Emitting module SnapshotTesting
2026-09-30T23:56:41.4687320Z [65/95] Emitting module QelvoraUI
2026-09-30T23:56:41.5864340Z /Users/runner/work/creator-platform/creator-platform/apps/ios/Sources/QelvoraUI/Trust.swift:23:93: warning: no 'async' operations occur within 'await' expression
2026-09-30T23:56:41.5906490Z  21 |     public let baseURL: URL
2026-09-30T23:56:41.6270630Z  22 |     public let token: @Sendable () async throws -> String?
2026-09-30T23:56:41.6387420Z  23 |     public init(baseURL: URL, token: @escaping @Sendable () async throws -> String? = { try await SecureSessionStorage().read() }) { self.baseURL = baseURL; self.token = token }
2026-09-30T23:56:41.6567770Z     |                                                                                             `- warning: no 'async' operations occur within 'await' expression
2026-09-30T23:56:41.6657870Z  24 |     fileprivate func request<T: Decodable>(_ path: String, body: Data? = nil) async throws -> T {
2026-09-30T23:56:41.6664610Z  25 |         try JSONDecoder().decode(T.self, from: await bytes(path, body: body))
2026-09-30T23:56:43.2867400Z [75/95] Compiling SnapshotTesting SpriteKit.swift
2026-09-30T23:56:43.2870570Z [76/95] Compiling SnapshotTesting String.swift
2026-09-30T23:56:43.2872300Z [77/95] Compiling SnapshotTesting SwiftUIView.swift
2026-09-30T23:56:43.2873820Z [78/95] Compiling SnapshotTesting UIBezierPath.swift
2026-09-30T23:56:43.2892890Z [79/95] Compiling SnapshotTesting UIImage.swift
2026-09-30T23:56:43.2895020Z [80/95] Compiling SnapshotTesting UIView.swift
2026-09-30T23:56:43.2897300Z [81/95] Compiling SnapshotTesting UIViewController.swift
2026-09-30T23:56:43.2898340Z [82/95] Compiling SnapshotTesting URLRequest.swift
2026-09-30T23:56:57.7112340Z /Users/runner/work/creator-platform/creator-platform/apps/ios/Sources/QelvoraUI/Trust.swift:23:93: warning: no 'async' operations occur within 'await' expression
2026-09-30T23:56:57.7117620Z  21 |     public let baseURL: URL
2026-09-30T23:56:57.7121610Z  22 |     public let token: @Sendable () async throws -> String?
2026-09-30T23:56:57.7127790Z  23 |     public init(baseURL: URL, token: @escaping @Sendable () async throws -> String? = { try await SecureSessionStorage().read() }) { self.baseURL = baseURL; self.token = token }
2026-09-30T23:56:57.7139900Z     |                                                                                             `- warning: no 'async' operations occur within 'await' expression
2026-09-30T23:56:57.7145200Z  24 |     fileprivate func request<T: Decodable>(_ path: String, body: Data? = nil) async throws -> T {
2026-09-30T23:56:57.7149450Z  25 |         try JSONDecoder().decode(T.self, from: await bytes(path, body: body))
2026-09-30T23:56:57.7380320Z /Users/runner/work/creator-platform/creator-platform/apps/ios/Sources/QelvoraUI/Trust.swift:23:93: warning: no 'async' operations occur within 'await' expression
2026-09-30T23:56:57.7387680Z  21 |     public let baseURL: URL
2026-09-30T23:56:57.7390360Z  22 |     public let token: @Sendable () async throws -> String?
2026-09-30T23:56:57.7395120Z  23 |     public init(baseURL: URL, token: @escaping @Sendable () async throws -> String? = { try await SecureSessionStorage().read() }) { self.baseURL = baseURL; self.token = token }
2026-09-30T23:56:57.7401380Z     |                                                                                             `- warning: no 'async' operations occur within 'await' expression
2026-09-30T23:56:57.7405680Z  24 |     fileprivate func request<T: Decodable>(_ path: String, body: Data? = nil) async throws -> T {
2026-09-30T23:56:57.7408720Z  25 |         try JSONDecoder().decode(T.self, from: await bytes(path, body: body))
2026-09-30T23:56:57.7681980Z /Users/runner/work/creator-platform/creator-platform/apps/ios/Sources/QelvoraUI/Trust.swift:23:93: warning: no 'async' operations occur within 'await' expression
2026-09-30T23:56:57.8688100Z  21 |     public let baseURL: URL
2026-09-30T23:56:57.9691030Z  22 |     public let token: @Sendable () async throws -> String?
2026-09-30T23:56:58.0567530Z  23 |     public init(baseURL: URL, token: @escaping @Sendable () async throws -> String? = { try await SecureSessionStorage().read() }) { self.baseURL = baseURL; self.token = token }
2026-09-30T23:56:58.1576290Z     |                                                                                             `- warning: no 'async' operations occur within 'await' expression
2026-09-30T23:56:58.1604970Z  24 |     fileprivate func request<T: Decodable>(_ path: String, body: Data? = nil) async throws -> T {
2026-09-30T23:56:58.1630940Z  25 |         try JSONDecoder().decode(T.self, from: await bytes(path, body: body))
2026-09-30T23:56:58.1793090Z /Users/runner/work/creator-platform/creator-platform/apps/ios/Sources/QelvoraUI/Trust.swift:23:93: warning: no 'async' operations occur within 'await' expression
2026-09-30T23:56:58.2069670Z  21 |     public let baseURL: URL
2026-09-30T23:56:58.2546240Z  22 |     public let token: @Sendable () async throws -> String?
2026-09-30T23:56:58.2553800Z  23 |     public init(baseURL: URL, token: @escaping @Sendable () async throws -> String? = { try await SecureSessionStorage().read() }) { self.baseURL = baseURL; self.token = token }
2026-09-30T23:56:58.2559610Z     |                                                                                             `- warning: no 'async' operations occur within 'await' expression
2026-09-30T23:56:58.2563020Z  24 |     fileprivate func request<T: Decodable>(_ path: String, body: Data? = nil) async throws -> T {
2026-09-30T23:56:58.2566840Z  25 |         try JSONDecoder().decode(T.self, from: await bytes(path, body: body))
2026-09-30T23:56:58.2572090Z /Users/runner/work/creator-platform/creator-platform/apps/ios/Sources/QelvoraUI/Trust.swift:23:93: warning: no 'async' operations occur within 'await' expression
2026-09-30T23:56:58.2582120Z  21 |     public let baseURL: URL
2026-09-30T23:56:58.2585540Z  22 |     public let token: @Sendable () async throws -> String?
2026-09-30T23:56:58.2591480Z  23 |     public init(baseURL: URL, token: @escaping @Sendable () async throws -> String? = { try await SecureSessionStorage().read() }) { self.baseURL = baseURL; self.token = token }
2026-09-30T23:56:58.2598490Z     |                                                                                             `- warning: no 'async' operations occur within 'await' expression
2026-09-30T23:56:58.2604230Z  24 |     fileprivate func request<T: Decodable>(_ path: String, body: Data? = nil) async throws -> T {
2026-09-30T23:56:58.2609230Z  25 |         try JSONDecoder().decode(T.self, from: await bytes(path, body: body))
2026-09-30T23:56:58.2614890Z /Users/runner/work/creator-platform/creator-platform/apps/ios/Sources/QelvoraUI/Trust.swift:23:93: warning: no 'async' operations occur within 'await' expression
2026-09-30T23:56:58.2620220Z  21 |     public let baseURL: URL
2026-09-30T23:56:58.2624220Z  22 |     public let token: @Sendable () async throws -> String?
2026-09-30T23:56:58.2629630Z  23 |     public init(baseURL: URL, token: @escaping @Sendable () async throws -> String? = { try await SecureSessionStorage().read() }) { self.baseURL = baseURL; self.token = token }
2026-09-30T23:56:58.2637400Z     |                                                                                             `- warning: no 'async' operations occur within 'await' expression
2026-09-30T23:56:58.2642680Z  24 |     fileprivate func request<T: Decodable>(_ path: String, body: Data? = nil) async throws -> T {
2026-09-30T23:56:58.2646090Z  25 |         try JSONDecoder().decode(T.self, from: await bytes(path, body: body))
2026-09-30T23:56:58.2650050Z /Users/runner/work/creator-platform/creator-platform/apps/ios/Sources/QelvoraUI/Trust.swift:23:93: warning: no 'async' operations occur within 'await' expression
2026-09-30T23:56:58.2654330Z  21 |     public let baseURL: URL
2026-09-30T23:56:58.2657760Z  22 |     public let token: @Sendable () async throws -> String?
2026-09-30T23:56:58.2662130Z  23 |     public init(baseURL: URL, token: @escaping @Sendable () async throws -> String? = { try await SecureSessionStorage().read() }) { self.baseURL = baseURL; self.token = token }
2026-09-30T23:56:58.2666590Z     |                                                                                             `- warning: no 'async' operations occur within 'await' expression
2026-09-30T23:56:58.2670480Z  24 |     fileprivate func request<T: Decodable>(_ path: String, body: Data? = nil) async throws -> T {
2026-09-30T23:56:58.2680740Z  25 |         try JSONDecoder().decode(T.self, from: await bytes(path, body: body))
2026-09-30T23:56:58.2683180Z [90/95] Compiling QelvoraUI resource_bundle_accessor.swift
2026-09-30T23:56:58.2686400Z /Users/runner/work/creator-platform/creator-platform/apps/ios/Sources/QelvoraUI/Trust.swift:23:93: warning: no 'async' operations occur within 'await' expression
2026-09-30T23:56:58.2689900Z  21 |     public let baseURL: URL
2026-09-30T23:56:58.2692450Z  22 |     public let token: @Sendable () async throws -> String?
2026-09-30T23:56:58.2697590Z  23 |     public init(baseURL: URL, token: @escaping @Sendable () async throws -> String? = { try await SecureSessionStorage().read() }) { self.baseURL = baseURL; self.token = token }
2026-09-30T23:56:58.2702760Z     |                                                                                             `- warning: no 'async' operations occur within 'await' expression
2026-09-30T23:56:58.2706300Z  24 |     fileprivate func request<T: Decodable>(_ path: String, body: Data? = nil) async throws -> T {
2026-09-30T23:56:58.2708970Z  25 |         try JSONDecoder().decode(T.self, from: await bytes(path, body: body))
2026-09-30T23:57:00.3444550Z [91/101] Compiling NativeSnapshots main.swift
2026-09-30T23:57:00.4446800Z [92/101] Emitting module NativeSnapshots
2026-09-30T23:57:00.4868130Z [92/101] Write Objects.LinkFileList
2026-09-30T23:57:03.9899100Z [93/101] Linking qelvora-native-snapshots
2026-09-30T23:57:04.2061100Z [94/101] Applying qelvora-native-snapshots
2026-09-30T23:57:05.2850250Z [96/101] Compiling QelvoraUITests GeneratedContractTests.swift
2026-09-30T23:57:05.2851490Z [97/101] Emitting module QelvoraUITests
2026-09-30T23:57:05.2853640Z [98/101] Compiling QelvoraUITests IdentityTests.swift
2026-09-30T23:57:05.2855080Z [99/101] Compiling QelvoraUITests DeliveryProtocolTests.swift
2026-09-30T23:57:07.7315430Z [100/102] Compiling QelvoraUITests NativeSnapshotTests.swift
2026-09-30T23:57:07.7381410Z /Users/runner/work/creator-platform/creator-platform/apps/ios/Tests/QelvoraUITests/NativeSnapshotTests.swift:165:7: warning: 'assertSnapshot(of:as:named:record:timeout:fileID:file:testName:line:column:)' is deprecated: Use overload with 'record: SnapshotTestingConfiguration.Record?' [#DeprecatedDeclaration]
2026-09-30T23:57:07.7389290Z 163 |         return ("\(different) pixels exceed the native sRGB rounding bound. " + failure.0, failure.1)
2026-09-30T23:57:07.7391240Z 164 |       }
2026-09-30T23:57:07.7391990Z 165 |       assertSnapshot(
2026-09-30T23:57:07.7395440Z     |       `- warning: 'assertSnapshot(of:as:named:record:timeout:fileID:file:testName:line:column:)' is deprecated: Use overload with 'record: SnapshotTestingConfiguration.Record?' [#DeprecatedDeclaration]
2026-09-30T23:57:07.7402410Z 166 |         of: image, as: imageStrategy, named: name, record: record, file: file,
2026-09-30T23:57:07.7404080Z 167 |         testName: testName, line: line)
2026-09-30T23:57:07.7404900Z 
2026-09-30T23:57:07.7406420Z [#DeprecatedDeclaration]: <https://docs.swift.org/compiler/documentation/diagnostics/deprecated-declaration>
2026-09-30T23:57:11.1095740Z [101/104] Compiling QelvoraNativePackageTests runner.swift
2026-09-30T23:57:11.2067880Z [102/104] Emitting module QelvoraNativePackageTests
2026-09-30T23:57:11.2381670Z [102/104] Write Objects.LinkFileList
2026-09-30T23:57:16.8222250Z [103/104] Linking QelvoraNativePackageTests
2026-09-30T23:57:16.8275320Z Build complete! (168.46s)
2026-09-30T23:57:37.9009600Z Test Suite 'All tests' started at 2026-09-30 23:57:20.394.
2026-09-30T23:57:37.9268690Z Test Suite 'QelvoraNativePackageTests.xctest' started at 2026-09-30 23:57:20.403.
2026-09-30T23:57:37.9275760Z Test Suite 'DeliveryProtocolTests' started at 2026-09-30 23:57:20.403.
2026-09-30T23:57:37.9603650Z Test Case '-[QelvoraUITests.DeliveryProtocolTests testDuplicateCursorAndGenerationSequenceDoNotRepeatText]' started.
2026-09-30T23:57:37.9609410Z Test Case '-[QelvoraUITests.DeliveryProtocolTests testDuplicateCursorAndGenerationSequenceDoNotRepeatText]' passed (0.006 seconds).
2026-09-30T23:57:37.9638440Z Test Case '-[QelvoraUITests.DeliveryProtocolTests testGenerationGapDoesNotAdvanceRenderedCursor]' started.
2026-09-30T23:57:37.9641090Z Test Case '-[QelvoraUITests.DeliveryProtocolTests testGenerationGapDoesNotAdvanceRenderedCursor]' passed (0.001 seconds).
2026-09-30T23:57:37.9684470Z Test Case '-[QelvoraUITests.DeliveryProtocolTests testOldAIFrameNeverAppearsAfterTakeover]' started.
2026-09-30T23:57:37.9693210Z Test Case '-[QelvoraUITests.DeliveryProtocolTests testOldAIFrameNeverAppearsAfterTakeover]' passed (0.001 seconds).
2026-09-30T23:57:37.9822500Z Test Case '-[QelvoraUITests.DeliveryProtocolTests testPersistedCheckpointResumesGenerationAfterProcessRecreation]' started.
2026-09-30T23:57:37.9829740Z Test Case '-[QelvoraUITests.DeliveryProtocolTests testPersistedCheckpointResumesGenerationAfterProcessRecreation]' passed (0.002 seconds).
2026-09-30T23:57:37.9860100Z Test Case '-[QelvoraUITests.DeliveryProtocolTests testReconnectWaitsForMissingCursorRatherThanSkippingABoundary]' started.
2026-09-30T23:57:37.9872430Z Test Case '-[QelvoraUITests.DeliveryProtocolTests testReconnectWaitsForMissingCursorRatherThanSkippingABoundary]' passed (0.001 seconds).
2026-09-30T23:57:37.9905970Z Test Case '-[QelvoraUITests.DeliveryProtocolTests testRejectedDrainDoesNotLoseEarlierValidSentence]' started.
2026-09-30T23:57:38.0130250Z Test Case '-[QelvoraUITests.DeliveryProtocolTests testRejectedDrainDoesNotLoseEarlierValidSentence]' passed (0.001 seconds).
2026-09-30T23:57:38.0134390Z Test Case '-[QelvoraUITests.DeliveryProtocolTests testReorderedTakeoverBoundaryPrecedesLaterContent]' started.
2026-09-30T23:57:38.0138530Z Test Case '-[QelvoraUITests.DeliveryProtocolTests testReorderedTakeoverBoundaryPrecedesLaterContent]' passed (0.001 seconds).
2026-09-30T23:57:38.0144500Z Test Case '-[QelvoraUITests.DeliveryProtocolTests testWrongThreadFailsClosed]' started.
2026-09-30T23:57:38.0150670Z Test Case '-[QelvoraUITests.DeliveryProtocolTests testWrongThreadFailsClosed]' passed (0.001 seconds).
2026-09-30T23:57:38.0155310Z Test Suite 'DeliveryProtocolTests' passed at 2026-09-30 23:57:20.418.
2026-09-30T23:57:38.0174700Z 	 Executed 8 tests, with 0 failures (0 unexpected) in 0.012 (0.016) seconds
2026-09-30T23:57:38.0176540Z Test Suite 'GeneratedContractTests' started at 2026-09-30 23:57:20.418.
2026-09-30T23:57:38.0178990Z Test Case '-[QelvoraUITests.GeneratedContractTests testIdentityCapabilityRejectsIndependentAccounts]' started.
2026-09-30T23:57:38.0182510Z Test Case '-[QelvoraUITests.GeneratedContractTests testIdentityCapabilityRejectsIndependentAccounts]' passed (0.002 seconds).
2026-09-30T23:57:38.0189320Z Test Case '-[QelvoraUITests.GeneratedContractTests testRealtimeControlFrameDecodesNullableGeneration]' started.
2026-09-30T23:57:38.0193630Z Test Case '-[QelvoraUITests.GeneratedContractTests testRealtimeControlFrameDecodesNullableGeneration]' passed (0.001 seconds).
2026-09-30T23:57:38.0196710Z Test Suite 'GeneratedContractTests' passed at 2026-09-30 23:57:20.423.
2026-09-30T23:57:38.0198600Z 	 Executed 2 tests, with 0 failures (0 unexpected) in 0.003 (0.004) seconds
2026-09-30T23:57:38.0200330Z Test Suite 'IdentityTests' started at 2026-09-30 23:57:20.423.
2026-09-30T23:57:38.0202070Z Test Case '-[QelvoraUITests.IdentityTests testEveryAuthorUsesItsFixedLabel]' started.
2026-09-30T23:57:38.0204350Z Test Case '-[QelvoraUITests.IdentityTests testEveryAuthorUsesItsFixedLabel]' passed (0.002 seconds).
2026-09-30T23:57:38.0206900Z Test Case '-[QelvoraUITests.IdentityTests testOnlyCreatorAuthorshipOwnsTheCreatorSurface]' started.
2026-09-30T23:57:38.0209990Z Test Case '-[QelvoraUITests.IdentityTests testOnlyCreatorAuthorshipOwnsTheCreatorSurface]' passed (0.001 seconds).
2026-09-30T23:57:38.0212940Z Test Case '-[QelvoraUITests.IdentityTests testRegistryHonestlyTracksAll53Components]' started.
2026-09-30T23:57:38.0217980Z Test Case '-[QelvoraUITests.IdentityTests testRegistryHonestlyTracksAll53Components]' passed (0.001 seconds).
2026-09-30T23:57:38.0222410Z Test Case '-[QelvoraUITests.IdentityTests testUnconnectedPantopusAdapterDoesNotReturnAnAccount]' started.
2026-09-30T23:57:38.0225780Z Test Case '-[QelvoraUITests.IdentityTests testUnconnectedPantopusAdapterDoesNotReturnAnAccount]' passed (0.001 seconds).
2026-09-30T23:57:38.0229230Z Test Case '-[QelvoraUITests.IdentityTests testUnknownOrReservedServerMessageKindCannotRenderAsAHuman]' started.
2026-09-30T23:57:38.0233920Z Test Case '-[QelvoraUITests.IdentityTests testUnknownOrReservedServerMessageKindCannotRenderAsAHuman]' passed (0.001 seconds).
2026-09-30T23:57:38.0237560Z Test Suite 'IdentityTests' passed at 2026-09-30 23:57:20.429.
2026-09-30T23:57:38.0239180Z 	 Executed 5 tests, with 0 failures (0 unexpected) in 0.005 (0.006) seconds
2026-09-30T23:57:38.0241230Z Test Suite 'NativeSnapshotTests' started at 2026-09-30 23:57:20.429.
2026-09-30T23:57:38.0243130Z Test Case '-[QelvoraUITests.NativeSnapshotTests testAuthorIdentitySurfaces]' started.
2026-09-30T23:57:38.0247490Z /Users/runner/work/creator-platform/creator-platform/apps/ios/Tests/QelvoraUITests/NativeSnapshotTests.swift:40: error: -[QelvoraUITests.NativeSnapshotTests testAuthorIdentitySurfaces] : failed - Snapshot "light" does not match reference.
2026-09-30T23:57:38.0251370Z 
2026-09-30T23:57:38.0256280Z @−
2026-09-30T23:57:38.0258810Z "file:///Users/runner/work/creator-platform/creator-platform/apps/ios/Tests/QelvoraUITests/__Snapshots__/NativeSnapshotTests/testAuthorIdentitySurfaces.light.png"
2026-09-30T23:57:38.0261520Z @+
2026-09-30T23:57:38.0263560Z "file:///Users/runner/work/creator-platform/creator-platform/artifacts/ios/snapshot-diffs/NativeSnapshotTests/testAuthorIdentitySurfaces.light.png"
2026-09-30T23:57:38.0265770Z 
2026-09-30T23:57:38.0266560Z To configure output for a custom diff tool, use 'withSnapshotTesting'. For example:
2026-09-30T23:57:38.0267710Z 
2026-09-30T23:57:38.0268080Z     withSnapshotTesting(diffTool: .ksdiff) {
2026-09-30T23:57:38.0269010Z       // ...
2026-09-30T23:57:38.0269560Z     }
2026-09-30T23:57:38.0269900Z 
2026-09-30T23:57:38.0270880Z 72640 pixels exceed the native sRGB rounding bound. Newly-taken snapshot does not match reference.
2026-09-30T23:57:38.0275410Z /Users/runner/work/creator-platform/creator-platform/apps/ios/Tests/QelvoraUITests/NativeSnapshotTests.swift:40: error: -[QelvoraUITests.NativeSnapshotTests testAuthorIdentitySurfaces] : failed - Snapshot "night" does not match reference.
2026-09-30T23:57:38.0279150Z 
2026-09-30T23:57:38.0279660Z @−
2026-09-30T23:57:38.0282510Z "file:///Users/runner/work/creator-platform/creator-platform/apps/ios/Tests/QelvoraUITests/__Snapshots__/NativeSnapshotTests/testAuthorIdentitySurfaces.night.png"
2026-09-30T23:57:38.0286330Z @+
2026-09-30T23:57:38.0288790Z "file:///Users/runner/work/creator-platform/creator-platform/artifacts/ios/snapshot-diffs/NativeSnapshotTests/testAuthorIdentitySurfaces.night.png"
2026-09-30T23:57:38.0291930Z 
2026-09-30T23:57:38.0292800Z To configure output for a custom diff tool, use 'withSnapshotTesting'. For example:
2026-09-30T23:57:38.0295700Z 
2026-09-30T23:57:38.0296140Z     withSnapshotTesting(diffTool: .ksdiff) {
2026-09-30T23:57:38.0297050Z       // ...
2026-09-30T23:57:38.0298580Z     }
2026-09-30T23:57:38.0299460Z 
2026-09-30T23:57:38.0300990Z 70888 pixels exceed the native sRGB rounding bound. Newly-taken snapshot does not match reference.
2026-09-30T23:57:38.0303640Z Test Case '-[QelvoraUITests.NativeSnapshotTests testAuthorIdentitySurfaces]' failed (3.675 seconds).
2026-09-30T23:57:38.0306990Z Test Case '-[QelvoraUITests.NativeSnapshotTests testComponentCatalogThemes]' started.
2026-09-30T23:57:38.0314850Z /Users/runner/work/creator-platform/creator-platform/apps/ios/Tests/QelvoraUITests/NativeSnapshotTests.swift:60: error: -[QelvoraUITests.NativeSnapshotTests testComponentCatalogThemes] : failed - Snapshot "Mark.light" does not match reference.
2026-09-30T23:57:38.0319700Z 
2026-09-30T23:57:38.0320320Z @−
2026-09-30T23:57:38.0326340Z "file:///Users/runner/work/creator-platform/creator-platform/apps/ios/Tests/QelvoraUITests/__Snapshots__/NativeSnapshotTests/testComponentCatalogThemes.Mark-light.png"
2026-09-30T23:57:38.0330540Z @+
2026-09-30T23:57:38.0333550Z "file:///Users/runner/work/creator-platform/creator-platform/artifacts/ios/snapshot-diffs/NativeSnapshotTests/testComponentCatalogThemes.Mark-light.png"
2026-09-30T23:57:38.0338200Z 
2026-09-30T23:57:38.0339070Z To configure output for a custom diff tool, use 'withSnapshotTesting'. For example:
2026-09-30T23:57:38.0340220Z 
2026-09-30T23:57:38.0340560Z     withSnapshotTesting(diffTool: .ksdiff) {
2026-09-30T23:57:38.0343330Z       // ...
2026-09-30T23:57:38.0344190Z     }
2026-09-30T23:57:38.0344660Z 
2026-09-30T23:57:38.0347460Z 2526 pixels exceed the native sRGB rounding bound. Newly-taken snapshot does not match reference.
2026-09-30T23:57:38.0352280Z /Users/runner/work/creator-platform/creator-platform/apps/ios/Tests/QelvoraUITests/NativeSnapshotTests.swift:60: error: -[QelvoraUITests.NativeSnapshotTests testComponentCatalogThemes] : failed - Snapshot "Seal.light" does not match reference.
2026-09-30T23:57:38.0355950Z 
2026-09-30T23:57:38.0357350Z @−
2026-09-30T23:57:38.0360850Z "file:///Users/runner/work/creator-platform/creator-platform/apps/ios/Tests/QelvoraUITests/__Snapshots__/NativeSnapshotTests/testComponentCatalogThemes.Seal-light.png"
2026-09-30T23:57:38.0364540Z @+
2026-09-30T23:57:38.0366880Z "file:///Users/runner/work/creator-platform/creator-platform/artifacts/ios/snapshot-diffs/NativeSnapshotTests/testComponentCatalogThemes.Seal-light.png"
2026-09-30T23:57:38.0369260Z 
2026-09-30T23:57:38.0369990Z To configure output for a custom diff tool, use 'withSnapshotTesting'. For example:
2026-09-30T23:57:38.0371570Z 
2026-09-30T23:57:38.0372030Z     withSnapshotTesting(diffTool: .ksdiff) {
2026-09-30T23:57:38.0373030Z       // ...
2026-09-30T23:57:38.0374510Z     }
2026-09-30T23:57:38.0375560Z 
2026-09-30T23:57:38.0376750Z 4119 pixels exceed the native sRGB rounding bound. Newly-taken snapshot does not match reference.
2026-09-30T23:57:38.0382050Z /Users/runner/work/creator-platform/creator-platform/apps/ios/Tests/QelvoraUITests/NativeSnapshotTests.swift:60: error: -[QelvoraUITests.NativeSnapshotTests testComponentCatalogThemes] : failed - Snapshot "Avatar.light" does not match reference.
2026-09-30T23:57:38.0386710Z 
2026-09-30T23:57:38.0387240Z @−
2026-09-30T23:57:38.0389740Z "file:///Users/runner/work/creator-platform/creator-platform/apps/ios/Tests/QelvoraUITests/__Snapshots__/NativeSnapshotTests/testComponentCatalogThemes.Avatar-light.png"
2026-09-30T23:57:38.0392470Z @+
2026-09-30T23:57:38.0394760Z "file:///Users/runner/work/creator-platform/creator-platform/artifacts/ios/snapshot-diffs/NativeSnapshotTests/testComponentCatalogThemes.Avatar-light.png"
2026-09-30T23:57:38.0397220Z 
2026-09-30T23:57:38.0398000Z To configure output for a custom diff tool, use 'withSnapshotTesting'. For example:
2026-09-30T23:57:38.0399130Z 
2026-09-30T23:57:38.0399490Z     withSnapshotTesting(diffTool: .ksdiff) {
2026-09-30T23:57:38.0400390Z       // ...
2026-09-30T23:57:38.0400960Z     }
2026-09-30T23:57:38.0401270Z 
2026-09-30T23:57:38.0402220Z 3565 pixels exceed the native sRGB rounding bound. Newly-taken snapshot does not match reference.
2026-09-30T23:57:38.0407070Z /Users/runner/work/creator-platform/creator-platform/apps/ios/Tests/QelvoraUITests/NativeSnapshotTests.swift:60: error: -[QelvoraUITests.NativeSnapshotTests testComponentCatalogThemes] : failed - Snapshot "AuthorLabel.light" does not match reference.
2026-09-30T23:57:38.0411620Z 
2026-09-30T23:57:38.0412130Z @−
2026-09-30T23:57:38.0414500Z "file:///Users/runner/work/creator-platform/creator-platform/apps/ios/Tests/QelvoraUITests/__Snapshots__/NativeSnapshotTests/testComponentCatalogThemes.AuthorLabel-light.png"
2026-09-30T23:57:38.0417550Z @+
2026-09-30T23:57:38.0419910Z "file:///Users/runner/work/creator-platform/creator-platform/artifacts/ios/snapshot-diffs/NativeSnapshotTests/testComponentCatalogThemes.AuthorLabel-light.png"
2026-09-30T23:57:38.0422480Z 
2026-09-30T23:57:38.0423310Z To configure output for a custom diff tool, use 'withSnapshotTesting'. For example:
2026-09-30T23:57:38.0425890Z 
2026-09-30T23:57:38.0426360Z     withSnapshotTesting(diffTool: .ksdiff) {
2026-09-30T23:57:38.0427360Z       // ...
2026-09-30T23:57:38.0427970Z     }
2026-09-30T23:57:38.0428310Z 
2026-09-30T23:57:38.0429380Z 32196 pixels exceed the native sRGB rounding bound. Newly-taken snapshot does not match reference.
2026-09-30T23:57:38.0434530Z /Users/runner/work/creator-platform/creator-platform/apps/ios/Tests/QelvoraUITests/NativeSnapshotTests.swift:60: error: -[QelvoraUITests.NativeSnapshotTests testComponentCatalogThemes] : failed - Snapshot "IdentityStrip.light" does not match reference.
2026-09-30T23:57:38.0439560Z 
2026-09-30T23:57:38.0440080Z @−
2026-09-30T23:57:38.0444010Z "file:///Users/runner/work/creator-platform/creator-platform/apps/ios/Tests/QelvoraUITests/__Snapshots__/NativeSnapshotTests/testComponentCatalogThemes.IdentityStrip-light.png"
2026-09-30T23:57:38.0447070Z @+
2026-09-30T23:57:38.0449830Z "file:///Users/runner/work/creator-platform/creator-platform/artifacts/ios/snapshot-diffs/NativeSnapshotTests/testComponentCatalogThemes.IdentityStrip-light.png"
2026-09-30T23:57:38.0452400Z 
2026-09-30T23:57:38.0453050Z To configure output for a custom diff tool, use 'withSnapshotTesting'. For example:
2026-09-30T23:57:38.0454220Z 
2026-09-30T23:57:38.0454620Z     withSnapshotTesting(diffTool: .ksdiff) {
2026-09-30T23:57:38.0455580Z       // ...
2026-09-30T23:57:38.0456190Z     }
2026-09-30T23:57:38.0456510Z 
2026-09-30T23:57:38.0457550Z 43030 pixels exceed the native sRGB rounding bound. Newly-taken snapshot does not match reference.
2026-09-30T23:57:38.0464220Z /Users/runner/work/creator-platform/creator-platform/apps/ios/Tests/QelvoraUITests/NativeSnapshotTests.swift:60: error: -[QelvoraUITests.NativeSnapshotTests testComponentCatalogThemes] : failed - Snapshot "ThreadHeader.light" does not match reference.
2026-09-30T23:57:38.0469600Z 
2026-09-30T23:57:38.0470110Z @−
2026-09-30T23:57:38.0472820Z "file:///Users/runner/work/creator-platform/creator-platform/apps/ios/Tests/QelvoraUITests/__Snapshots__/NativeSnapshotTests/testComponentCatalogThemes.ThreadHeader-light.png"
2026-09-30T23:57:38.0475800Z @+
2026-09-30T23:57:38.0479900Z "file:///Users/runner/work/creator-platform/creator-platform/artifacts/ios/snapshot-diffs/NativeSnapshotTests/testComponentCatalogThemes.ThreadHeader-light.png"
2026-09-30T23:57:38.0483120Z 
2026-09-30T23:57:38.0484070Z To configure output for a custom diff tool, use 'withSnapshotTesting'. For example:
2026-09-30T23:57:38.0485220Z 
2026-09-30T23:57:38.0487050Z     withSnapshotTesting(diffTool: .ksdiff) {
2026-09-30T23:57:38.0488480Z       // ...
2026-09-30T23:57:38.0490860Z     }
2026-09-30T23:57:38.0492680Z 
2026-09-30T23:57:38.0493690Z 15546 pixels exceed the native sRGB rounding bound. Newly-taken snapshot does not match reference.
2026-09-30T23:57:38.0499470Z /Users/runner/work/creator-platform/creator-platform/apps/ios/Tests/QelvoraUITests/NativeSnapshotTests.swift:60: error: -[QelvoraUITests.NativeSnapshotTests testComponentCatalogThemes] : failed - Snapshot "SignedMarker.light" does not match reference.
2026-09-30T23:57:38.0504490Z 
2026-09-30T23:57:38.0506370Z @−
2026-09-30T23:57:38.0511270Z "file:///Users/runner/work/creator-platform/creator-platform/apps/ios/Tests/QelvoraUITests/__Snapshots__/NativeSnapshotTests/testComponentCatalogThemes.SignedMarker-light.png"
2026-09-30T23:57:38.0515140Z @+
2026-09-30T23:57:38.0519210Z "file:///Users/runner/work/creator-platform/creator-platform/artifacts/ios/snapshot-diffs/NativeSnapshotTests/testComponentCatalogThemes.SignedMarker-light.png"
2026-09-30T23:57:38.0547130Z 
2026-09-30T23:57:38.0547750Z To configure output for a custom diff tool, use 'withSnapshotTesting'. For example:
2026-09-30T23:57:38.0548630Z 
2026-09-30T23:57:38.0548900Z     withSnapshotTesting(diffTool: .ksdiff) {
2026-09-30T23:57:38.0549570Z       // ...
2026-09-30T23:57:38.0549990Z     }
2026-09-30T23:57:38.0550220Z 
2026-09-30T23:57:38.0550960Z 14313 pixels exceed the native sRGB rounding bound. Newly-taken snapshot does not match reference.
2026-09-30T23:57:38.0555700Z /Users/runner/work/creator-platform/creator-platform/apps/ios/Tests/QelvoraUITests/NativeSnapshotTests.swift:60: error: -[QelvoraUITests.NativeSnapshotTests testComponentCatalogThemes] : failed - Snapshot "SystemLine.light" does not match reference.
2026-09-30T23:57:38.0559640Z 
2026-09-30T23:57:38.0560190Z @−
2026-09-30T23:57:38.0562830Z "file:///Users/runner/work/creator-platform/creator-platform/apps/ios/Tests/QelvoraUITests/__Snapshots__/NativeSnapshotTests/testComponentCatalogThemes.SystemLine-light.png"
2026-09-30T23:57:38.0567070Z @+
2026-09-30T23:57:38.0569750Z "file:///Users/runner/work/creator-platform/creator-platform/artifacts/ios/snapshot-diffs/NativeSnapshotTests/testComponentCatalogThemes.SystemLine-light.png"
2026-09-30T23:57:38.0571520Z 
2026-09-30T23:57:38.0572100Z To configure output for a custom diff tool, use 'withSnapshotTesting'. For example:
2026-09-30T23:57:38.0572950Z 
2026-09-30T23:57:38.0573210Z     withSnapshotTesting(diffTool: .ksdiff) {
2026-09-30T23:57:38.0573900Z       // ...
2026-09-30T23:57:38.0574330Z     }
2026-09-30T23:57:38.0574560Z 
2026-09-30T23:57:38.0575280Z 16680 pixels exceed the native sRGB rounding bound. Newly-taken snapshot does not match reference.
2026-09-30T23:57:38.0582150Z /Users/runner/work/creator-platform/creator-platform/apps/ios/Tests/QelvoraUITests/NativeSnapshotTests.swift:60: error: -[QelvoraUITests.NativeSnapshotTests testComponentCatalogThemes] : failed - Snapshot "Message.light" does not match reference.
2026-09-30T23:57:38.0586530Z 
2026-09-30T23:57:38.0586940Z @−
2026-09-30T23:57:38.0591160Z "file:///Users/runner/work/creator-platform/creator-platform/apps/ios/Tests/QelvoraUITests/__Snapshots__/NativeSnapshotTests/testComponentCatalogThemes.Message-light.png"
2026-09-30T23:57:38.0596190Z @+
2026-09-30T23:57:38.0597880Z "file:///Users/runner/work/creator-platform/creator-platform/artifacts/ios/snapshot-diffs/NativeSnapshotTests/testComponentCatalogThemes.Message-light.png"
2026-09-30T23:57:38.0599620Z 
2026-09-30T23:57:38.0601180Z To configure output for a custom diff tool, use 'withSnapshotTesting'. For example:
2026-09-30T23:57:38.0602150Z 
2026-09-30T23:57:38.0602430Z     withSnapshotTesting(diffTool: .ksdiff) {
2026-09-30T23:57:38.0603640Z       // ...
2026-09-30T23:57:38.0604090Z     }
2026-09-30T23:57:38.0604510Z 
2026-09-30T23:57:38.0605630Z 89327 pixels exceed the native sRGB rounding bound. Newly-taken snapshot does not match reference.
2026-09-30T23:57:38.0610400Z /Users/runner/work/creator-platform/creator-platform/apps/ios/Tests/QelvoraUITests/NativeSnapshotTests.swift:60: error: -[QelvoraUITests.NativeSnapshotTests testComponentCatalogThemes] : failed - Snapshot "Note.light" does not match reference.
2026-09-30T23:57:38.0613320Z 
2026-09-30T23:57:38.0619820Z @−
2026-09-30T23:57:38.0628690Z "file:///Users/runner/work/creator-platform/creator-platform/apps/ios/Tests/QelvoraUITests/__Snapshots__/NativeSnapshotTests/testComponentCatalogThemes.Note-light.png"
2026-09-30T23:57:38.0635180Z @+
2026-09-30T23:57:38.0637500Z "file:///Users/runner/work/creator-platform/creator-platform/artifacts/ios/snapshot-diffs/NativeSnapshotTests/testComponentCatalogThemes.Note-light.png"
2026-09-30T23:57:38.0642370Z 
2026-09-30T23:57:38.0643260Z To configure output for a custom diff tool, use 'withSnapshotTesting'. For example:
2026-09-30T23:57:38.0646560Z 
2026-09-30T23:57:38.0647060Z     withSnapshotTesting(diffTool: .ksdiff) {
2026-09-30T23:57:38.0671350Z       // ...
2026-09-30T23:57:38.0671850Z     }
2026-09-30T23:57:38.0672090Z 
2026-09-30T23:57:38.0672890Z 44166 pixels exceed the native sRGB rounding bound. Newly-taken snapshot does not match reference.
2026-09-30T23:57:38.0682750Z /Users/runner/work/creator-platform/creator-platform/apps/ios/Tests/QelvoraUITests/NativeSnapshotTests.swift:60: error: -[QelvoraUITests.NativeSnapshotTests testComponentCatalogThemes] : failed - Snapshot "ReactionChip.light" does not match reference.
2026-09-30T23:57:38.0687540Z 
2026-09-30T23:57:38.0687980Z @−
2026-09-30T23:57:38.0694280Z "file:///Users/runner/work/creator-platform/creator-platform/apps/ios/Tests/QelvoraUITests/__Snapshots__/NativeSnapshotTests/testComponentCatalogThemes.ReactionChip-light.png"
2026-09-30T23:57:38.0697090Z @+
2026-09-30T23:57:38.0699460Z "file:///Users/runner/work/creator-platform/creator-platform/artifacts/ios/snapshot-diffs/NativeSnapshotTests/testComponentCatalogThemes.ReactionChip-light.png"
2026-09-30T23:57:38.0705540Z 
2026-09-30T23:57:38.0717780Z To configure output for a custom diff tool, use 'withSnapshotTesting'. For example:
2026-09-30T23:57:38.0719690Z 
2026-09-30T23:57:38.0720020Z     withSnapshotTesting(diffTool: .ksdiff) {
2026-09-30T23:57:38.0720970Z       // ...
2026-09-30T23:57:38.0721550Z     }
2026-09-30T23:57:38.0721890Z 
2026-09-30T23:57:38.0722970Z 9181 pixels exceed the native sRGB rounding bound. Newly-taken snapshot does not match reference.
2026-09-30T23:57:38.0727660Z /Users/runner/work/creator-platform/creator-platform/apps/ios/Tests/QelvoraUITests/NativeSnapshotTests.swift:60: error: -[QelvoraUITests.NativeSnapshotTests testComponentCatalogThemes] : failed - Snapshot "CitationChip.light" does not match reference.
2026-09-30T23:57:38.0735650Z 
2026-09-30T23:57:38.0736230Z @−
2026-09-30T23:57:38.0739100Z "file:///Users/runner/work/creator-platform/creator-platform/apps/ios/Tests/QelvoraUITests/__Snapshots__/NativeSnapshotTests/testComponentCatalogThemes.CitationChip-light.png"
2026-09-30T23:57:38.0742160Z @+
2026-09-30T23:57:38.0745710Z "file:///Users/runner/work/creator-platform/creator-platform/artifacts/ios/snapshot-diffs/NativeSnapshotTests/testComponentCatalogThemes.CitationChip-light.png"
2026-09-30T23:57:38.0748260Z 
2026-09-30T23:57:38.0749550Z To configure output for a custom diff tool, use 'withSnapshotTesting'. For example:
2026-09-30T23:57:38.0760190Z 
2026-09-30T23:57:38.0760800Z     withSnapshotTesting(diffTool: .ksdiff) {
2026-09-30T23:57:38.0765160Z       // ...
2026-09-30T23:57:38.0766060Z     }
2026-09-30T23:57:38.0766400Z 
2026-09-30T23:57:38.0767880Z 18447 pixels exceed the native sRGB rounding bound. Newly-taken snapshot does not match reference.
2026-09-30T23:57:55.8669840Z /Users/runner/work/creator-platform/creator-platform/apps/ios/Tests/QelvoraUITests/NativeSnapshotTests.swift:60: error: -[QelvoraUITests.NativeSnapshotTests testComponentCatalogThemes] : failed - Snapshot "MemoryChip.light" does not match reference.
2026-09-30T23:57:55.8725740Z 
2026-09-30T23:57:55.8796470Z @−
2026-09-30T23:57:55.8860060Z "file:///Users/runner/work/creator-platform/creator-platform/apps/ios/Tests/QelvoraUITests/__Snapshots__/NativeSnapshotTests/testComponentCatalogThemes.MemoryChip-light.png"
2026-09-30T23:57:55.8881360Z @+
2026-09-30T23:57:55.8890650Z "file:///Users/runner/work/creator-platform/creator-platform/artifacts/ios/snapshot-diffs/NativeSnapshotTests/testComponentCatalogThemes.MemoryChip-light.png"
2026-09-30T23:57:55.8894080Z 
2026-09-30T23:57:55.8896000Z To configure output for a custom diff tool, use 'withSnapshotTesting'. For example:
2026-09-30T23:57:55.8898070Z 
2026-09-30T23:57:55.8899330Z     withSnapshotTesting(diffTool: .ksdiff) {
2026-09-30T23:57:55.8900140Z       // ...
2026-09-30T23:57:55.8900710Z     }
2026-09-30T23:57:55.8901390Z 
2026-09-30T23:57:55.8902790Z 30983 pixels exceed the native sRGB rounding bound. Newly-taken snapshot does not match reference.
2026-09-30T23:57:55.8906910Z /Users/runner/work/creator-platform/creator-platform/apps/ios/Tests/QelvoraUITests/NativeSnapshotTests.swift:60: error: -[QelvoraUITests.NativeSnapshotTests testComponentCatalogThemes] : failed - Snapshot "Correction.light" does not match reference.
2026-09-30T23:57:55.8910230Z 
2026-09-30T23:57:55.8910760Z @−
2026-09-30T23:57:55.8913000Z "file:///Users/runner/work/creator-platform/creator-platform/apps/ios/Tests/QelvoraUITests/__Snapshots__/NativeSnapshotTests/testComponentCatalogThemes.Correction-light.png"
2026-09-30T23:57:55.8915300Z @+
2026-09-30T23:57:55.8918450Z "file:///Users/runner/work/creator-platform/creator-platform/artifacts/ios/snapshot-diffs/NativeSnapshotTests/testComponentCatalogThemes.Correction-light.png"
2026-09-30T23:57:55.8920450Z 
2026-09-30T23:57:55.8921110Z To configure output for a custom diff tool, use 'withSnapshotTesting'. For example:
2026-09-30T23:57:55.8922050Z 
2026-09-30T23:57:55.8922400Z     withSnapshotTesting(diffTool: .ksdiff) {
2026-09-30T23:57:55.8923390Z       // ...
2026-09-30T23:57:55.8923860Z     }
2026-09-30T23:57:55.8924160Z 
2026-09-30T23:57:55.8925010Z 30525 pixels exceed the native sRGB rounding bound. Newly-taken snapshot does not match reference.
2026-09-30T23:57:55.8929840Z /Users/runner/work/creator-platform/creator-platform/apps/ios/Tests/QelvoraUITests/NativeSnapshotTests.swift:60: error: -[QelvoraUITests.NativeSnapshotTests testComponentCatalogThemes] : failed - Snapshot "ContextCard.light" does not match reference.
2026-09-30T23:57:55.8933450Z 
2026-09-30T23:57:55.8934220Z @−
2026-09-30T23:57:55.8936830Z "file:///Users/runner/work/creator-platform/creator-platform/apps/ios/Tests/QelvoraUITests/__Snapshots__/NativeSnapshotTests/testComponentCatalogThemes.ContextCard-light.png"
2026-09-30T23:57:55.8939530Z @+
2026-09-30T23:57:55.8941420Z "file:///Users/runner/work/creator-platform/creator-platform/artifacts/ios/snapshot-diffs/NativeSnapshotTests/testComponentCatalogThemes.ContextCard-light.png"
2026-09-30T23:57:55.8943500Z 
2026-09-30T23:57:55.8944150Z To configure output for a custom diff tool, use 'withSnapshotTesting'. For example:
2026-09-30T23:57:55.8945130Z 
2026-09-30T23:57:55.8945500Z     withSnapshotTesting(diffTool: .ksdiff) {
2026-09-30T23:57:55.8946490Z       // ...
2026-09-30T23:57:55.8946970Z     }
2026-09-30T23:57:55.8947230Z 
2026-09-30T23:57:55.8948060Z 12615 pixels exceed the native sRGB rounding bound. Newly-taken snapshot does not match reference.
2026-09-30T23:57:55.8952750Z /Users/runner/work/creator-platform/creator-platform/apps/ios/Tests/QelvoraUITests/NativeSnapshotTests.swift:60: error: -[QelvoraUITests.NativeSnapshotTests testComponentCatalogThemes] : failed - Snapshot "VoiceNote.light" does not match reference.
2026-09-30T23:57:55.8955740Z 
2026-09-30T23:57:55.8956110Z @−
2026-09-30T23:57:55.8958120Z "file:///Users/runner/work/creator-platform/creator-platform/apps/ios/Tests/QelvoraUITests/__Snapshots__/NativeSnapshotTests/testComponentCatalogThemes.VoiceNote-light.png"
2026-09-30T23:57:55.8960360Z @+
2026-09-30T23:57:55.8962940Z "file:///Users/runner/work/creator-platform/creator-platform/artifacts/ios/snapshot-diffs/NativeSnapshotTests/testComponentCatalogThemes.VoiceNote-light.png"
2026-09-30T23:57:55.8967680Z 
2026-09-30T23:57:55.8968540Z To configure output for a custom diff tool, use 'withSnapshotTesting'. For example:
2026-09-30T23:57:55.8969970Z 
2026-09-30T23:57:55.8970590Z     withSnapshotTesting(diffTool: .ksdiff) {
2026-09-30T23:57:55.8971650Z       // ...
2026-09-30T23:57:55.8972330Z     }
2026-09-30T23:57:55.8972700Z 
2026-09-30T23:57:55.8973820Z 32026 pixels exceed the native sRGB rounding bound. Newly-taken snapshot does not match reference.
2026-09-30T23:57:55.8979270Z /Users/runner/work/creator-platform/creator-platform/apps/ios/Tests/QelvoraUITests/NativeSnapshotTests.swift:60: error: -[QelvoraUITests.NativeSnapshotTests testComponentCatalogThemes] : failed - Snapshot "Composer.light" does not match reference.
2026-09-30T23:57:55.8983530Z 
2026-09-30T23:57:55.8984080Z @−
2026-09-30T23:57:55.8986990Z "file:///Users/runner/work/creator-platform/creator-platform/apps/ios/Tests/QelvoraUITests/__Snapshots__/NativeSnapshotTests/testComponentCatalogThemes.Composer-light.png"
2026-09-30T23:57:55.8990140Z @+
2026-09-30T23:57:55.8992510Z "file:///Users/runner/work/creator-platform/creator-platform/artifacts/ios/snapshot-diffs/NativeSnapshotTests/testComponentCatalogThemes.Composer-light.png"
2026-09-30T23:57:55.8995170Z 
2026-09-30T23:57:55.8996080Z To configure output for a custom diff tool, use 'withSnapshotTesting'. For example:
2026-09-30T23:57:55.8997410Z 
2026-09-30T23:57:55.8997790Z     withSnapshotTesting(diffTool: .ksdiff) {
2026-09-30T23:57:55.8998770Z       // ...
2026-09-30T23:57:55.8999370Z     }
2026-09-30T23:57:55.8999630Z 
2026-09-30T23:57:55.9001910Z 60742 pixels exceed the native sRGB rounding bound. Newly-taken snapshot does not match reference.
2026-09-30T23:57:55.9006990Z /Users/runner/work/creator-platform/creator-platform/apps/ios/Tests/QelvoraUITests/NativeSnapshotTests.swift:60: error: -[QelvoraUITests.NativeSnapshotTests testComponentCatalogThemes] : failed - Snapshot "StepIn.light" does not match reference.
2026-09-30T23:57:55.9010850Z 
2026-09-30T23:57:55.9011330Z @−
2026-09-30T23:57:55.9013840Z "file:///Users/runner/work/creator-platform/creator-platform/apps/ios/Tests/QelvoraUITests/__Snapshots__/NativeSnapshotTests/testComponentCatalogThemes.StepIn-light.png"
2026-09-30T23:57:55.9017410Z @+
2026-09-30T23:57:55.9020090Z "file:///Users/runner/work/creator-platform/creator-platform/artifacts/ios/snapshot-diffs/NativeSnapshotTests/testComponentCatalogThemes.StepIn-light.png"
2026-09-30T23:57:55.9022820Z 
2026-09-30T23:57:55.9023750Z To configure output for a custom diff tool, use 'withSnapshotTesting'. For example:
2026-09-30T23:57:55.9025150Z 
2026-09-30T23:57:55.9025580Z     withSnapshotTesting(diffTool: .ksdiff) {
2026-09-30T23:57:55.9026640Z       // ...
2026-09-30T23:57:55.9027300Z     }
2026-09-30T23:57:55.9027680Z 
2026-09-30T23:57:55.9028820Z 14819 pixels exceed the native sRGB rounding bound. Newly-taken snapshot does not match reference.
2026-09-30T23:57:55.9034490Z /Users/runner/work/creator-platform/creator-platform/apps/ios/Tests/QelvoraUITests/NativeSnapshotTests.swift:60: error: -[QelvoraUITests.NativeSnapshotTests testComponentCatalogThemes] : failed - Snapshot "AccessLines.light" does not match reference.
2026-09-30T23:57:55.9037760Z 
2026-09-30T23:57:55.9038190Z @−
2026-09-30T23:57:55.9040250Z "file:///Users/runner/work/creator-platform/creator-platform/apps/ios/Tests/QelvoraUITests/__Snapshots__/NativeSnapshotTests/testComponentCatalogThemes.AccessLines-light.png"
2026-09-30T23:57:55.9042650Z @+
2026-09-30T23:57:55.9044710Z "file:///Users/runner/work/creator-platform/creator-platform/artifacts/ios/snapshot-diffs/NativeSnapshotTests/testComponentCatalogThemes.AccessLines-light.png"
2026-09-30T23:57:55.9046730Z 
2026-09-30T23:57:55.9047450Z To configure output for a custom diff tool, use 'withSnapshotTesting'. For example:
2026-09-30T23:57:55.9048610Z 
2026-09-30T23:57:55.9048990Z     withSnapshotTesting(diffTool: .ksdiff) {
2026-09-30T23:57:55.9049820Z       // ...
2026-09-30T23:57:55.9050370Z     }
2026-09-30T23:57:55.9050630Z 
2026-09-30T23:57:55.9051430Z 39369 pixels exceed the native sRGB rounding bound. Newly-taken snapshot does not match reference.
2026-09-30T23:57:55.9055320Z /Users/runner/work/creator-platform/creator-platform/apps/ios/Tests/QelvoraUITests/NativeSnapshotTests.swift:60: error: -[QelvoraUITests.NativeSnapshotTests testComponentCatalogThemes] : failed - Snapshot "ModeList.light" does not match reference.
2026-09-30T23:57:55.9059610Z 
2026-09-30T23:57:55.9060120Z @−
2026-09-30T23:57:55.9062930Z "file:///Users/runner/work/creator-platform/creator-platform/apps/ios/Tests/QelvoraUITests/__Snapshots__/NativeSnapshotTests/testComponentCatalogThemes.ModeList-light.png"
2026-09-30T23:57:55.9066140Z @+
2026-09-30T23:57:55.9068010Z "file:///Users/runner/work/creator-platform/creator-platform/artifacts/ios/snapshot-diffs/NativeSnapshotTests/testComponentCatalogThemes.ModeList-light.png"
2026-09-30T23:57:55.9069940Z 
2026-09-30T23:57:55.9070590Z To configure output for a custom diff tool, use 'withSnapshotTesting'. For example:
2026-09-30T23:57:55.9071530Z 
2026-09-30T23:57:55.9071860Z     withSnapshotTesting(diffTool: .ksdiff) {
2026-09-30T23:57:55.9072620Z       // ...
2026-09-30T23:57:55.9073110Z     }
2026-09-30T23:57:55.9073380Z 
2026-09-30T23:57:55.9074240Z 19187 pixels exceed the native sRGB rounding bound. Newly-taken snapshot does not match reference.
2026-09-30T23:57:55.9078980Z /Users/runner/work/creator-platform/creator-platform/apps/ios/Tests/QelvoraUITests/NativeSnapshotTests.swift:60: error: -[QelvoraUITests.NativeSnapshotTests testComponentCatalogThemes] : failed - Snapshot "IncludeList.light" does not match reference.
2026-09-30T23:57:55.9082850Z 
2026-09-30T23:57:55.9083290Z @−
2026-09-30T23:57:55.9085640Z "file:///Users/runner/work/creator-platform/creator-platform/apps/ios/Tests/QelvoraUITests/__Snapshots__/NativeSnapshotTests/testComponentCatalogThemes.IncludeList-light.png"
2026-09-30T23:57:55.9088120Z @+
2026-09-30T23:57:55.9090000Z "file:///Users/runner/work/creator-platform/creator-platform/artifacts/ios/snapshot-diffs/NativeSnapshotTests/testComponentCatalogThemes.IncludeList-light.png"
2026-09-30T23:57:55.9092610Z 
2026-09-30T23:57:55.9093520Z To configure output for a custom diff tool, use 'withSnapshotTesting'. For example:
2026-09-30T23:57:55.9094770Z 
2026-09-30T23:57:55.9095180Z     withSnapshotTesting(diffTool: .ksdiff) {
2026-09-30T23:57:55.9096180Z       // ...
2026-09-30T23:57:55.9096830Z     }
2026-09-30T23:57:55.9097200Z 
2026-09-30T23:57:55.9098340Z 33591 pixels exceed the native sRGB rounding bound. Newly-taken snapshot does not match reference.
2026-09-30T23:57:55.9102530Z /Users/runner/work/creator-platform/creator-platform/apps/ios/Tests/QelvoraUITests/NativeSnapshotTests.swift:60: error: -[QelvoraUITests.NativeSnapshotTests testComponentCatalogThemes] : failed - Snapshot "TermsBlock.light" does not match reference.
2026-09-30T23:57:55.9105510Z 
2026-09-30T23:57:55.9105990Z @−
2026-09-30T23:57:55.9108650Z "file:///Users/runner/work/creator-platform/creator-platform/apps/ios/Tests/QelvoraUITests/__Snapshots__/NativeSnapshotTests/testComponentCatalogThemes.TermsBlock-light.png"
2026-09-30T23:57:55.9111280Z @+
2026-09-30T23:57:55.9113790Z "file:///Users/runner/work/creator-platform/creator-platform/artifacts/ios/snapshot-diffs/NativeSnapshotTests/testComponentCatalogThemes.TermsBlock-light.png"
2026-09-30T23:57:55.9115750Z 
2026-09-30T23:57:55.9116480Z To configure output for a custom diff tool, use 'withSnapshotTesting'. For example:
2026-09-30T23:57:55.9117920Z 
2026-09-30T23:57:55.9118350Z     withSnapshotTesting(diffTool: .ksdiff) {
2026-09-30T23:57:55.9119360Z       // ...
2026-09-30T23:57:55.9119840Z     }
2026-09-30T23:57:55.9120120Z 
2026-09-30T23:57:55.9120960Z 41916 pixels exceed the native sRGB rounding bound. Newly-taken snapshot does not match reference.
2026-09-30T23:57:55.9125590Z /Users/runner/work/creator-platform/creator-platform/apps/ios/Tests/QelvoraUITests/NativeSnapshotTests.swift:60: error: -[QelvoraUITests.NativeSnapshotTests testComponentCatalogThemes] : failed - Snapshot "EtaLine.light" does not match reference.
2026-09-30T23:57:55.9128680Z 
2026-09-30T23:57:55.9129200Z @−
2026-09-30T23:57:55.9131220Z "file:///Users/runner/work/creator-platform/creator-platform/apps/ios/Tests/QelvoraUITests/__Snapshots__/NativeSnapshotTests/testComponentCatalogThemes.EtaLine-light.png"
2026-09-30T23:57:55.9133800Z @+
2026-09-30T23:57:55.9135630Z "file:///Users/runner/work/creator-platform/creator-platform/artifacts/ios/snapshot-diffs/NativeSnapshotTests/testComponentCatalogThemes.EtaLine-light.png"
2026-09-30T23:57:55.9137740Z 
2026-09-30T23:57:55.9138670Z To configure output for a custom diff tool, use 'withSnapshotTesting'. For example:
2026-09-30T23:57:55.9139740Z 
2026-09-30T23:57:55.9140040Z     withSnapshotTesting(diffTool: .ksdiff) {
2026-09-30T23:57:55.9140780Z       // ...
2026-09-30T23:57:55.9141250Z     }
2026-09-30T23:57:55.9141500Z 
2026-09-30T23:57:55.9142300Z 11919 pixels exceed the native sRGB rounding bound. Newly-taken snapshot does not match reference.
2026-09-30T23:57:55.9146240Z /Users/runner/work/creator-platform/creator-platform/apps/ios/Tests/QelvoraUITests/NativeSnapshotTests.swift:60: error: -[QelvoraUITests.NativeSnapshotTests testComponentCatalogThemes] : failed - Snapshot "RequestStatus.light" does not match reference.
2026-09-30T23:57:55.9150590Z 
2026-09-30T23:57:55.9151050Z @−
2026-09-30T23:57:55.9153590Z "file:///Users/runner/work/creator-platform/creator-platform/apps/ios/Tests/QelvoraUITests/__Snapshots__/NativeSnapshotTests/testComponentCatalogThemes.RequestStatus-light.png"
2026-09-30T23:57:55.9155980Z @+
2026-09-30T23:57:55.9159680Z "file:///Users/runner/work/creator-platform/creator-platform/artifacts/ios/snapshot-diffs/NativeSnapshotTests/testComponentCatalogThemes.RequestStatus-light.png"
2026-09-30T23:57:55.9161720Z 
2026-09-30T23:57:55.9162370Z To configure output for a custom diff tool, use 'withSnapshotTesting'. For example:
2026-09-30T23:57:55.9163320Z 
2026-09-30T23:57:55.9163610Z     withSnapshotTesting(diffTool: .ksdiff) {
2026-09-30T23:57:55.9164350Z       // ...
2026-09-30T23:57:55.9164810Z     }
2026-09-30T23:57:55.9165420Z 
2026-09-30T23:57:55.9166210Z 28618 pixels exceed the native sRGB rounding bound. Newly-taken snapshot does not match reference.
2026-09-30T23:57:55.9170010Z /Users/runner/work/creator-platform/creator-platform/apps/ios/Tests/QelvoraUITests/NativeSnapshotTests.swift:60: error: -[QelvoraUITests.NativeSnapshotTests testComponentCatalogThemes] : failed - Snapshot "Receipt.light" does not match reference.
2026-09-30T23:57:55.9174170Z 
2026-09-30T23:57:55.9174700Z @−
2026-09-30T23:57:55.9176910Z "file:///Users/runner/work/creator-platform/creator-platform/apps/ios/Tests/QelvoraUITests/__Snapshots__/NativeSnapshotTests/testComponentCatalogThemes.Receipt-light.png"
2026-09-30T23:57:55.9179130Z @+
2026-09-30T23:57:55.9180960Z "file:///Users/runner/work/creator-platform/creator-platform/artifacts/ios/snapshot-diffs/NativeSnapshotTests/testComponentCatalogThemes.Receipt-light.png"
2026-09-30T23:57:55.9183130Z 
2026-09-30T23:57:55.9183850Z To configure output for a custom diff tool, use 'withSnapshotTesting'. For example:
2026-09-30T23:57:55.9184830Z 
2026-09-30T23:57:55.9185130Z     withSnapshotTesting(diffTool: .ksdiff) {
2026-09-30T23:57:55.9185870Z       // ...
2026-09-30T23:57:55.9186400Z     }
2026-09-30T23:57:55.9186650Z 
2026-09-30T23:57:55.9187470Z 29172 pixels exceed the native sRGB rounding bound. Newly-taken snapshot does not match reference.
2026-09-30T23:57:55.9191470Z /Users/runner/work/creator-platform/creator-platform/apps/ios/Tests/QelvoraUITests/NativeSnapshotTests.swift:60: error: -[QelvoraUITests.NativeSnapshotTests testComponentCatalogThemes] : failed - Snapshot "SpendLimit.light" does not match reference.
2026-09-30T23:57:55.9194690Z 
2026-09-30T23:57:55.9195010Z @−
2026-09-30T23:57:55.9197120Z "file:///Users/runner/work/creator-platform/creator-platform/apps/ios/Tests/QelvoraUITests/__Snapshots__/NativeSnapshotTests/testComponentCatalogThemes.SpendLimit-light.png"
2026-09-30T23:57:55.9199430Z @+
2026-09-30T23:57:55.9201280Z "file:///Users/runner/work/creator-platform/creator-platform/artifacts/ios/snapshot-diffs/NativeSnapshotTests/testComponentCatalogThemes.SpendLimit-light.png"
2026-09-30T23:57:55.9203230Z 
2026-09-30T23:57:55.9203950Z To configure output for a custom diff tool, use 'withSnapshotTesting'. For example:
2026-09-30T23:57:55.9204920Z 
2026-09-30T23:57:55.9205220Z     withSnapshotTesting(diffTool: .ksdiff) {
2026-09-30T23:57:55.9205950Z       // ...
2026-09-30T23:57:55.9206420Z     }
2026-09-30T23:57:55.9206680Z 
2026-09-30T23:57:55.9207480Z 33335 pixels exceed the native sRGB rounding bound. Newly-taken snapshot does not match reference.
2026-09-30T23:57:55.9211240Z /Users/runner/work/creator-platform/creator-platform/apps/ios/Tests/QelvoraUITests/NativeSnapshotTests.swift:60: error: -[QelvoraUITests.NativeSnapshotTests testComponentCatalogThemes] : failed - Snapshot "QueueCard.light" does not match reference.
2026-09-30T23:57:55.9214190Z 
2026-09-30T23:57:55.9214470Z @−
2026-09-30T23:57:55.9216620Z "file:///Users/runner/work/creator-platform/creator-platform/apps/ios/Tests/QelvoraUITests/__Snapshots__/NativeSnapshotTests/testComponentCatalogThemes.QueueCard-light.png"
2026-09-30T23:57:55.9218900Z @+
2026-09-30T23:57:55.9220820Z "file:///Users/runner/work/creator-platform/creator-platform/artifacts/ios/snapshot-diffs/NativeSnapshotTests/testComponentCatalogThemes.QueueCard-light.png"
2026-09-30T23:57:55.9222750Z 
2026-09-30T23:57:55.9223380Z To configure output for a custom diff tool, use 'withSnapshotTesting'. For example:
2026-09-30T23:57:55.9224390Z 
2026-09-30T23:57:55.9225250Z     withSnapshotTesting(diffTool: .ksdiff) {
2026-09-30T23:57:55.9226040Z       // ...
2026-09-30T23:57:55.9226500Z     }
2026-09-30T23:57:55.9226760Z 
2026-09-30T23:57:55.9227550Z 41597 pixels exceed the native sRGB rounding bound. Newly-taken snapshot does not match reference.
2026-09-30T23:57:55.9231360Z /Users/runner/work/creator-platform/creator-platform/apps/ios/Tests/QelvoraUITests/NativeSnapshotTests.swift:60: error: -[QelvoraUITests.NativeSnapshotTests testComponentCatalogThemes] : failed - Snapshot "CapacityHeader.light" does not match reference.
2026-09-30T23:57:55.9234910Z 
2026-09-30T23:57:55.9235230Z @−
2026-09-30T23:57:55.9237310Z "file:///Users/runner/work/creator-platform/creator-platform/apps/ios/Tests/QelvoraUITests/__Snapshots__/NativeSnapshotTests/testComponentCatalogThemes.CapacityHeader-light.png"
2026-09-30T23:57:55.9239650Z @+
2026-09-30T23:57:55.9241580Z "file:///Users/runner/work/creator-platform/creator-platform/artifacts/ios/snapshot-diffs/NativeSnapshotTests/testComponentCatalogThemes.CapacityHeader-light.png"
2026-09-30T23:57:55.9243580Z 
2026-09-30T23:57:55.9244250Z To configure output for a custom diff tool, use 'withSnapshotTesting'. For example:
2026-09-30T23:57:55.9245610Z 
2026-09-30T23:57:55.9245990Z     withSnapshotTesting(diffTool: .ksdiff) {
2026-09-30T23:57:55.9246780Z       // ...
2026-09-30T23:57:55.9247240Z     }
2026-09-30T23:57:55.9247500Z 
2026-09-30T23:57:55.9248290Z 21516 pixels exceed the native sRGB rounding bound. Newly-taken snapshot does not match reference.
2026-09-30T23:57:55.9252170Z /Users/runner/work/creator-platform/creator-platform/apps/ios/Tests/QelvoraUITests/NativeSnapshotTests.swift:60: error: -[QelvoraUITests.NativeSnapshotTests testComponentCatalogThemes] : failed - Snapshot "LabelPreview.light" does not match reference.
2026-09-30T23:57:55.9255500Z 
2026-09-30T23:57:55.9255840Z @−
2026-09-30T23:57:55.9257920Z "file:///Users/runner/work/creator-platform/creator-platform/apps/ios/Tests/QelvoraUITests/__Snapshots__/NativeSnapshotTests/testComponentCatalogThemes.LabelPreview-light.png"
2026-09-30T23:57:55.9260240Z @+
2026-09-30T23:57:55.9262260Z "file:///Users/runner/work/creator-platform/creator-platform/artifacts/ios/snapshot-diffs/NativeSnapshotTests/testComponentCatalogThemes.LabelPreview-light.png"
2026-09-30T23:57:55.9264230Z 
2026-09-30T23:57:55.9264890Z To configure output for a custom diff tool, use 'withSnapshotTesting'. For example:
2026-09-30T23:57:55.9265850Z 
2026-09-30T23:57:55.9266130Z     withSnapshotTesting(diffTool: .ksdiff) {
2026-09-30T23:57:55.9266900Z       // ...
2026-09-30T23:57:55.9267370Z     }
2026-09-30T23:57:55.9267630Z 
2026-09-30T23:57:55.9268440Z 23232 pixels exceed the native sRGB rounding bound. Newly-taken snapshot does not match reference.
2026-09-30T23:57:55.9272400Z /Users/runner/work/creator-platform/creator-platform/apps/ios/Tests/QelvoraUITests/NativeSnapshotTests.swift:60: error: -[QelvoraUITests.NativeSnapshotTests testComponentCatalogThemes] : failed - Snapshot "SigningSheet.light" does not match reference.
2026-09-30T23:57:55.9275480Z 
2026-09-30T23:57:55.9275790Z @−
2026-09-30T23:57:55.9278600Z "file:///Users/runner/work/creator-platform/creator-platform/apps/ios/Tests/QelvoraUITests/__Snapshots__/NativeSnapshotTests/testComponentCatalogThemes.SigningSheet-light.png"
2026-09-30T23:57:55.9281960Z @+
2026-09-30T23:57:55.9297940Z "file:///Users/runner/work/creator-platform/creator-platform/artifacts/ios/snapshot-diffs/NativeSnapshotTests/testComponentCatalogThemes.SigningSheet-light.png"
2026-09-30T23:57:55.9300270Z 
2026-09-30T23:57:55.9300940Z To configure output for a custom diff tool, use 'withSnapshotTesting'. For example:
2026-09-30T23:57:55.9301890Z 
2026-09-30T23:57:55.9302200Z     withSnapshotTesting(diffTool: .ksdiff) {
2026-09-30T23:57:55.9302940Z       // ...
2026-09-30T23:57:55.9303420Z     }
2026-09-30T23:57:55.9303680Z 
2026-09-30T23:57:55.9304480Z 37006 pixels exceed the native sRGB rounding bound. Newly-taken snapshot does not match reference.
2026-09-30T23:57:55.9309030Z /Users/runner/work/creator-platform/creator-platform/apps/ios/Tests/QelvoraUITests/NativeSnapshotTests.swift:60: error: -[QelvoraUITests.NativeSnapshotTests testComponentCatalogThemes] : failed - Snapshot "AuditBanner.light" does not match reference.
2026-09-30T23:57:55.9312250Z 
2026-09-30T23:57:55.9312690Z @−
2026-09-30T23:57:55.9314990Z "file:///Users/runner/work/creator-platform/creator-platform/apps/ios/Tests/QelvoraUITests/__Snapshots__/NativeSnapshotTests/testComponentCatalogThemes.AuditBanner-light.png"
2026-09-30T23:57:55.9317750Z @+
2026-09-30T23:57:55.9319610Z "file:///Users/runner/work/creator-platform/creator-platform/artifacts/ios/snapshot-diffs/NativeSnapshotTests/testComponentCatalogThemes.AuditBanner-light.png"
2026-09-30T23:57:55.9321700Z 
2026-09-30T23:57:55.9322340Z To configure output for a custom diff tool, use 'withSnapshotTesting'. For example:
2026-09-30T23:57:55.9323300Z 
2026-09-30T23:57:55.9323590Z     withSnapshotTesting(diffTool: .ksdiff) {
2026-09-30T23:57:55.9324350Z       // ...
2026-09-30T23:57:55.9324830Z     }
2026-09-30T23:57:55.9325080Z 
2026-09-30T23:57:55.9325890Z 14377 pixels exceed the native sRGB rounding bound. Newly-taken snapshot does not match reference.
2026-09-30T23:57:55.9329630Z /Users/runner/work/creator-platform/creator-platform/apps/ios/Tests/QelvoraUITests/NativeSnapshotTests.swift:60: error: -[QelvoraUITests.NativeSnapshotTests testComponentCatalogThemes] : failed - Snapshot "SourceRow.light" does not match reference.
2026-09-30T23:57:55.9332550Z 
2026-09-30T23:57:55.9332990Z @−
2026-09-30T23:57:55.9335040Z "file:///Users/runner/work/creator-platform/creator-platform/apps/ios/Tests/QelvoraUITests/__Snapshots__/NativeSnapshotTests/testComponentCatalogThemes.SourceRow-light.png"
2026-09-30T23:57:55.9337680Z @+
2026-09-30T23:58:11.8950030Z "file:///Users/runner/work/creator-platform/creator-platform/artifacts/ios/snapshot-diffs/NativeSnapshotTests/testComponentCatalogThemes.SourceRow-light.png"
2026-09-30T23:58:11.8961310Z 
2026-09-30T23:58:11.8964020Z To configure output for a custom diff tool, use 'withSnapshotTesting'. For example:
2026-09-30T23:58:11.8967980Z 
2026-09-30T23:58:11.8970010Z     withSnapshotTesting(diffTool: .ksdiff) {
2026-09-30T23:58:11.8974930Z       // ...
2026-09-30T23:58:11.8985440Z     }
2026-09-30T23:58:11.8988770Z 
2026-09-30T23:58:11.8991680Z 24213 pixels exceed the native sRGB rounding bound. Newly-taken snapshot does not match reference.
2026-09-30T23:58:11.8997960Z /Users/runner/work/creator-platform/creator-platform/apps/ios/Tests/QelvoraUITests/NativeSnapshotTests.swift:60: error: -[QelvoraUITests.NativeSnapshotTests testComponentCatalogThemes] : failed - Snapshot "Button.light" does not match reference.
2026-09-30T23:58:11.9029510Z 
2026-09-30T23:58:11.9032790Z @−
2026-09-30T23:58:11.9038370Z "file:///Users/runner/work/creator-platform/creator-platform/apps/ios/Tests/QelvoraUITests/__Snapshots__/NativeSnapshotTests/testComponentCatalogThemes.Button-light.png"
2026-09-30T23:58:11.9044860Z @+
2026-09-30T23:58:11.9048240Z "file:///Users/runner/work/creator-platform/creator-platform/artifacts/ios/snapshot-diffs/NativeSnapshotTests/testComponentCatalogThemes.Button-light.png"
2026-09-30T23:58:11.9059440Z 
2026-09-30T23:58:11.9062180Z To configure output for a custom diff tool, use 'withSnapshotTesting'. For example:
2026-09-30T23:58:11.9066300Z 
2026-09-30T23:58:11.9068840Z     withSnapshotTesting(diffTool: .ksdiff) {
2026-09-30T23:58:11.9072150Z       // ...
2026-09-30T23:58:11.9072750Z     }
2026-09-30T23:58:11.9073090Z 
2026-09-30T23:58:11.9074110Z 26609 pixels exceed the native sRGB rounding bound. Newly-taken snapshot does not match reference.
2026-09-30T23:58:11.9078750Z /Users/runner/work/creator-platform/creator-platform/apps/ios/Tests/QelvoraUITests/NativeSnapshotTests.swift:60: error: -[QelvoraUITests.NativeSnapshotTests testComponentCatalogThemes] : failed - Snapshot "TabBar.light" does not match reference.
2026-09-30T23:58:11.9082680Z 
2026-09-30T23:58:11.9083810Z @−
2026-09-30T23:58:11.9086790Z "file:///Users/runner/work/creator-platform/creator-platform/apps/ios/Tests/QelvoraUITests/__Snapshots__/NativeSnapshotTests/testComponentCatalogThemes.TabBar-light.png"
2026-09-30T23:58:11.9088920Z @+
2026-09-30T23:58:11.9090640Z "file:///Users/runner/work/creator-platform/creator-platform/artifacts/ios/snapshot-diffs/NativeSnapshotTests/testComponentCatalogThemes.TabBar-light.png"
2026-09-30T23:58:11.9092390Z 
2026-09-30T23:58:11.9092990Z To configure output for a custom diff tool, use 'withSnapshotTesting'. For example:
2026-09-30T23:58:11.9093870Z 
2026-09-30T23:58:11.9094920Z     withSnapshotTesting(diffTool: .ksdiff) {
2026-09-30T23:58:11.9095860Z       // ...
2026-09-30T23:58:11.9096370Z     }
2026-09-30T23:58:11.9096610Z 
2026-09-30T23:58:11.9097350Z 6325 pixels exceed the native sRGB rounding bound. Newly-taken snapshot does not match reference.
2026-09-30T23:58:11.9100830Z /Users/runner/work/creator-platform/creator-platform/apps/ios/Tests/QelvoraUITests/NativeSnapshotTests.swift:60: error: -[QelvoraUITests.NativeSnapshotTests testComponentCatalogThemes] : failed - Snapshot "Segmented.light" does not match reference.
2026-09-30T23:58:11.9103590Z 
2026-09-30T23:58:11.9103980Z @−
2026-09-30T23:58:11.9105950Z "file:///Users/runner/work/creator-platform/creator-platform/apps/ios/Tests/QelvoraUITests/__Snapshots__/NativeSnapshotTests/testComponentCatalogThemes.Segmented-light.png"
2026-09-30T23:58:11.9108040Z @+
2026-09-30T23:58:11.9109780Z "file:///Users/runner/work/creator-platform/creator-platform/artifacts/ios/snapshot-diffs/NativeSnapshotTests/testComponentCatalogThemes.Segmented-light.png"
2026-09-30T23:58:11.9111590Z 
2026-09-30T23:58:11.9112190Z To configure output for a custom diff tool, use 'withSnapshotTesting'. For example:
2026-09-30T23:58:11.9113060Z 
2026-09-30T23:58:11.9113340Z     withSnapshotTesting(diffTool: .ksdiff) {
2026-09-30T23:58:11.9114030Z       // ...
2026-09-30T23:58:11.9114470Z     }
2026-09-30T23:58:11.9114720Z 
2026-09-30T23:58:11.9115460Z 8474 pixels exceed the native sRGB rounding bound. Newly-taken snapshot does not match reference.
2026-09-30T23:58:11.9118970Z /Users/runner/work/creator-platform/creator-platform/apps/ios/Tests/QelvoraUITests/NativeSnapshotTests.swift:60: error: -[QelvoraUITests.NativeSnapshotTests testComponentCatalogThemes] : failed - Snapshot "Notice.light" does not match reference.
2026-09-30T23:58:11.9121690Z 
2026-09-30T23:58:11.9121940Z @−
2026-09-30T23:58:11.9123780Z "file:///Users/runner/work/creator-platform/creator-platform/apps/ios/Tests/QelvoraUITests/__Snapshots__/NativeSnapshotTests/testComponentCatalogThemes.Notice-light.png"
2026-09-30T23:58:11.9125860Z @+
2026-09-30T23:58:11.9127530Z "file:///Users/runner/work/creator-platform/creator-platform/artifacts/ios/snapshot-diffs/NativeSnapshotTests/testComponentCatalogThemes.Notice-light.png"
2026-09-30T23:58:11.9129290Z 
2026-09-30T23:58:11.9129880Z To configure output for a custom diff tool, use 'withSnapshotTesting'. For example:
2026-09-30T23:58:11.9131100Z 
2026-09-30T23:58:11.9131640Z     withSnapshotTesting(diffTool: .ksdiff) {
2026-09-30T23:58:11.9132550Z       // ...
2026-09-30T23:58:11.9133010Z     }
2026-09-30T23:58:11.9133250Z 
2026-09-30T23:58:11.9134010Z 26391 pixels exceed the native sRGB rounding bound. Newly-taken snapshot does not match reference.
2026-09-30T23:58:11.9137560Z /Users/runner/work/creator-platform/creator-platform/apps/ios/Tests/QelvoraUITests/NativeSnapshotTests.swift:60: error: -[QelvoraUITests.NativeSnapshotTests testComponentCatalogThemes] : failed - Snapshot "NotificationRow.light" does not match reference.
2026-09-30T23:58:11.9141440Z 
2026-09-30T23:58:11.9141900Z @−
2026-09-30T23:58:11.9144700Z "file:///Users/runner/work/creator-platform/creator-platform/apps/ios/Tests/QelvoraUITests/__Snapshots__/NativeSnapshotTests/testComponentCatalogThemes.NotificationRow-light.png"
2026-09-30T23:58:11.9146910Z @+
2026-09-30T23:58:11.9148730Z "file:///Users/runner/work/creator-platform/creator-platform/artifacts/ios/snapshot-diffs/NativeSnapshotTests/testComponentCatalogThemes.NotificationRow-light.png"
2026-09-30T23:58:11.9150610Z 
2026-09-30T23:58:11.9151920Z To configure output for a custom diff tool, use 'withSnapshotTesting'. For example:
2026-09-30T23:58:11.9152840Z 
2026-09-30T23:58:11.9153120Z     withSnapshotTesting(diffTool: .ksdiff) {
2026-09-30T23:58:11.9153810Z       // ...
2026-09-30T23:58:11.9154230Z     }
2026-09-30T23:58:11.9154480Z 
2026-09-30T23:58:11.9155220Z 68408 pixels exceed the native sRGB rounding bound. Newly-taken snapshot does not match reference.
2026-09-30T23:58:11.9158720Z /Users/runner/work/creator-platform/creator-platform/apps/ios/Tests/QelvoraUITests/NativeSnapshotTests.swift:60: error: -[QelvoraUITests.NativeSnapshotTests testComponentCatalogThemes] : failed - Snapshot "EmptyState.light" does not match reference.
2026-09-30T23:58:11.9161900Z 
2026-09-30T23:58:11.9162230Z @−
2026-09-30T23:58:11.9164290Z "file:///Users/runner/work/creator-platform/creator-platform/apps/ios/Tests/QelvoraUITests/__Snapshots__/NativeSnapshotTests/testComponentCatalogThemes.EmptyState-light.png"
2026-09-30T23:58:11.9166430Z @+
2026-09-30T23:58:11.9168190Z "file:///Users/runner/work/creator-platform/creator-platform/artifacts/ios/snapshot-diffs/NativeSnapshotTests/testComponentCatalogThemes.EmptyState-light.png"
2026-09-30T23:58:11.9170010Z 
2026-09-30T23:58:11.9170610Z To configure output for a custom diff tool, use 'withSnapshotTesting'. For example:
2026-09-30T23:58:11.9171510Z 
2026-09-30T23:58:11.9171790Z     withSnapshotTesting(diffTool: .ksdiff) {
2026-09-30T23:58:11.9172480Z       // ...
2026-09-30T23:58:11.9172930Z     }
2026-09-30T23:58:11.9173170Z 
2026-09-30T23:58:11.9173930Z 23491 pixels exceed the native sRGB rounding bound. Newly-taken snapshot does not match reference.
2026-09-30T23:58:11.9177610Z /Users/runner/work/creator-platform/creator-platform/apps/ios/Tests/QelvoraUITests/NativeSnapshotTests.swift:60: error: -[QelvoraUITests.NativeSnapshotTests testComponentCatalogThemes] : failed - Snapshot "ShareCard.light" does not match reference.
2026-09-30T23:58:11.9180390Z 
2026-09-30T23:58:11.9180700Z @−
2026-09-30T23:58:11.9182630Z "file:///Users/runner/work/creator-platform/creator-platform/apps/ios/Tests/QelvoraUITests/__Snapshots__/NativeSnapshotTests/testComponentCatalogThemes.ShareCard-light.png"
2026-09-30T23:58:11.9184740Z @+
2026-09-30T23:58:11.9186460Z "file:///Users/runner/work/creator-platform/creator-platform/artifacts/ios/snapshot-diffs/NativeSnapshotTests/testComponentCatalogThemes.ShareCard-light.png"
2026-09-30T23:58:11.9188280Z 
2026-09-30T23:58:11.9188880Z To configure output for a custom diff tool, use 'withSnapshotTesting'. For example:
2026-09-30T23:58:11.9189820Z 
2026-09-30T23:58:11.9190100Z     withSnapshotTesting(diffTool: .ksdiff) {
2026-09-30T23:58:11.9191290Z       // ...
2026-09-30T23:58:11.9191790Z     }
2026-09-30T23:58:11.9192040Z 
2026-09-30T23:58:11.9192800Z 38873 pixels exceed the native sRGB rounding bound. Newly-taken snapshot does not match reference.
2026-09-30T23:58:11.9196280Z /Users/runner/work/creator-platform/creator-platform/apps/ios/Tests/QelvoraUITests/NativeSnapshotTests.swift:60: error: -[QelvoraUITests.NativeSnapshotTests testComponentCatalogThemes] : failed - Snapshot "CallChip.light" does not match reference.
2026-09-30T23:58:11.9199070Z 
2026-09-30T23:58:11.9199390Z @−
2026-09-30T23:58:11.9201270Z "file:///Users/runner/work/creator-platform/creator-platform/apps/ios/Tests/QelvoraUITests/__Snapshots__/NativeSnapshotTests/testComponentCatalogThemes.CallChip-light.png"
2026-09-30T23:58:11.9203360Z @+
2026-09-30T23:58:11.9205100Z "file:///Users/runner/work/creator-platform/creator-platform/artifacts/ios/snapshot-diffs/NativeSnapshotTests/testComponentCatalogThemes.CallChip-light.png"
2026-09-30T23:58:11.9206920Z 
2026-09-30T23:58:11.9207520Z To configure output for a custom diff tool, use 'withSnapshotTesting'. For example:
2026-09-30T23:58:11.9208430Z 
2026-09-30T23:58:11.9208710Z     withSnapshotTesting(diffTool: .ksdiff) {
2026-09-30T23:58:11.9209420Z       // ...
2026-09-30T23:58:11.9209870Z     }
2026-09-30T23:58:11.9210120Z 
2026-09-30T23:58:11.9211590Z 22249 pixels exceed the native sRGB rounding bound. Newly-taken snapshot does not match reference.
2026-09-30T23:58:11.9215230Z /Users/runner/work/creator-platform/creator-platform/apps/ios/Tests/QelvoraUITests/NativeSnapshotTests.swift:60: error: -[QelvoraUITests.NativeSnapshotTests testComponentCatalogThemes] : failed - Snapshot "ReservedLabel.light" does not match reference.
2026-09-30T23:58:11.9218030Z 
2026-09-30T23:58:11.9218340Z @−
2026-09-30T23:58:11.9220270Z "file:///Users/runner/work/creator-platform/creator-platform/apps/ios/Tests/QelvoraUITests/__Snapshots__/NativeSnapshotTests/testComponentCatalogThemes.ReservedLabel-light.png"
2026-09-30T23:58:11.9222890Z @+
2026-09-30T23:58:11.9224690Z "file:///Users/runner/work/creator-platform/creator-platform/artifacts/ios/snapshot-diffs/NativeSnapshotTests/testComponentCatalogThemes.ReservedLabel-light.png"
2026-09-30T23:58:11.9226800Z 
2026-09-30T23:58:11.9227410Z To configure output for a custom diff tool, use 'withSnapshotTesting'. For example:
2026-09-30T23:58:11.9228350Z 
2026-09-30T23:58:11.9228640Z     withSnapshotTesting(diffTool: .ksdiff) {
2026-09-30T23:58:11.9229620Z       // ...
2026-09-30T23:58:11.9230160Z     }
2026-09-30T23:58:11.9230400Z 
2026-09-30T23:58:11.9231160Z 29219 pixels exceed the native sRGB rounding bound. Newly-taken snapshot does not match reference.
2026-09-30T23:58:11.9234780Z /Users/runner/work/creator-platform/creator-platform/apps/ios/Tests/QelvoraUITests/NativeSnapshotTests.swift:60: error: -[QelvoraUITests.NativeSnapshotTests testComponentCatalogThemes] : failed - Snapshot "Countdown.light" does not match reference.
2026-09-30T23:58:11.9237580Z 
2026-09-30T23:58:11.9237950Z @−
2026-09-30T23:58:11.9240060Z "file:///Users/runner/work/creator-platform/creator-platform/apps/ios/Tests/QelvoraUITests/__Snapshots__/NativeSnapshotTests/testComponentCatalogThemes.Countdown-light.png"
2026-09-30T23:58:11.9243090Z @+
2026-09-30T23:58:11.9245580Z "file:///Users/runner/work/creator-platform/creator-platform/artifacts/ios/snapshot-diffs/NativeSnapshotTests/testComponentCatalogThemes.Countdown-light.png"
2026-09-30T23:58:11.9248140Z 
2026-09-30T23:58:11.9249020Z To configure output for a custom diff tool, use 'withSnapshotTesting'. For example:
2026-09-30T23:58:11.9250310Z 
2026-09-30T23:58:11.9250710Z     withSnapshotTesting(diffTool: .ksdiff) {
2026-09-30T23:58:11.9251710Z       // ...
2026-09-30T23:58:11.9252320Z     }
2026-09-30T23:58:11.9252680Z 
2026-09-30T23:58:11.9253720Z 9234 pixels exceed the native sRGB rounding bound. Newly-taken snapshot does not match reference.
2026-09-30T23:58:11.9258780Z /Users/runner/work/creator-platform/creator-platform/apps/ios/Tests/QelvoraUITests/NativeSnapshotTests.swift:60: error: -[QelvoraUITests.NativeSnapshotTests testComponentCatalogThemes] : failed - Snapshot "InsteadMenu.light" does not match reference.
2026-09-30T23:58:11.9262770Z 
2026-09-30T23:58:11.9263290Z @−
2026-09-30T23:58:11.9266040Z "file:///Users/runner/work/creator-platform/creator-platform/apps/ios/Tests/QelvoraUITests/__Snapshots__/NativeSnapshotTests/testComponentCatalogThemes.InsteadMenu-light.png"
2026-09-30T23:58:11.9268870Z @+
2026-09-30T23:58:11.9271090Z "file:///Users/runner/work/creator-platform/creator-platform/artifacts/ios/snapshot-diffs/NativeSnapshotTests/testComponentCatalogThemes.InsteadMenu-light.png"
2026-09-30T23:58:11.9273410Z 
2026-09-30T23:58:11.9274180Z To configure output for a custom diff tool, use 'withSnapshotTesting'. For example:
2026-09-30T23:58:11.9275290Z 
2026-09-30T23:58:11.9275640Z     withSnapshotTesting(diffTool: .ksdiff) {
2026-09-30T23:58:11.9276550Z       // ...
2026-09-30T23:58:11.9277270Z     }
2026-09-30T23:58:11.9277610Z 
2026-09-30T23:58:11.9278570Z 62728 pixels exceed the native sRGB rounding bound. Newly-taken snapshot does not match reference.
2026-09-30T23:58:11.9284380Z /Users/runner/work/creator-platform/creator-platform/apps/ios/Tests/QelvoraUITests/NativeSnapshotTests.swift:60: error: -[QelvoraUITests.NativeSnapshotTests testComponentCatalogThemes] : failed - Snapshot "TestConsole.light" does not match reference.
2026-09-30T23:58:11.9288260Z 
2026-09-30T23:58:11.9288800Z @−
2026-09-30T23:58:11.9291120Z "file:///Users/runner/work/creator-platform/creator-platform/apps/ios/Tests/QelvoraUITests/__Snapshots__/NativeSnapshotTests/testComponentCatalogThemes.TestConsole-light.png"
2026-09-30T23:58:11.9293390Z @+
2026-09-30T23:58:11.9295170Z "file:///Users/runner/work/creator-platform/creator-platform/artifacts/ios/snapshot-diffs/NativeSnapshotTests/testComponentCatalogThemes.TestConsole-light.png"
2026-09-30T23:58:11.9297660Z 
2026-09-30T23:58:11.9298260Z To configure output for a custom diff tool, use 'withSnapshotTesting'. For example:
2026-09-30T23:58:11.9299150Z 
2026-09-30T23:58:11.9299420Z     withSnapshotTesting(diffTool: .ksdiff) {
2026-09-30T23:58:11.9300110Z       // ...
2026-09-30T23:58:11.9300580Z     }
2026-09-30T23:58:11.9300920Z 
2026-09-30T23:58:11.9301810Z 56968 pixels exceed the native sRGB rounding bound. Newly-taken snapshot does not match reference.
2026-09-30T23:58:11.9305330Z /Users/runner/work/creator-platform/creator-platform/apps/ios/Tests/QelvoraUITests/NativeSnapshotTests.swift:60: error: -[QelvoraUITests.NativeSnapshotTests testComponentCatalogThemes] : failed - Snapshot "VersionList.light" does not match reference.
2026-09-30T23:58:11.9308080Z 
2026-09-30T23:58:11.9308440Z @−
2026-09-30T23:58:11.9310340Z "file:///Users/runner/work/creator-platform/creator-platform/apps/ios/Tests/QelvoraUITests/__Snapshots__/NativeSnapshotTests/testComponentCatalogThemes.VersionList-light.png"
2026-09-30T23:58:11.9312480Z @+
2026-09-30T23:58:11.9314210Z "file:///Users/runner/work/creator-platform/creator-platform/artifacts/ios/snapshot-diffs/NativeSnapshotTests/testComponentCatalogThemes.VersionList-light.png"
2026-09-30T23:58:11.9316020Z 
2026-09-30T23:58:11.9316620Z To configure output for a custom diff tool, use 'withSnapshotTesting'. For example:
2026-09-30T23:58:11.9317560Z 
2026-09-30T23:58:11.9317870Z     withSnapshotTesting(diffTool: .ksdiff) {
2026-09-30T23:58:11.9318610Z       // ...
2026-09-30T23:58:11.9319060Z     }
2026-09-30T23:58:11.9319310Z 
2026-09-30T23:58:11.9320050Z 23716 pixels exceed the native sRGB rounding bound. Newly-taken snapshot does not match reference.
2026-09-30T23:58:11.9323520Z /Users/runner/work/creator-platform/creator-platform/apps/ios/Tests/QelvoraUITests/NativeSnapshotTests.swift:60: error: -[QelvoraUITests.NativeSnapshotTests testComponentCatalogThemes] : failed - Snapshot "DigestItem.light" does not match reference.
2026-09-30T23:58:11.9326250Z 
2026-09-30T23:58:11.9326510Z @−
2026-09-30T23:58:11.9328390Z "file:///Users/runner/work/creator-platform/creator-platform/apps/ios/Tests/QelvoraUITests/__Snapshots__/NativeSnapshotTests/testComponentCatalogThemes.DigestItem-light.png"
2026-09-30T23:58:11.9330520Z @+
2026-09-30T23:58:11.9332250Z "file:///Users/runner/work/creator-platform/creator-platform/artifacts/ios/snapshot-diffs/NativeSnapshotTests/testComponentCatalogThemes.DigestItem-light.png"
2026-09-30T23:58:11.9334080Z 
2026-09-30T23:58:11.9334700Z To configure output for a custom diff tool, use 'withSnapshotTesting'. For example:
2026-09-30T23:58:11.9335650Z 
2026-09-30T23:58:11.9335940Z     withSnapshotTesting(diffTool: .ksdiff) {
2026-09-30T23:58:11.9336630Z       // ...
2026-09-30T23:58:11.9337070Z     }
2026-09-30T23:58:11.9337340Z 
2026-09-30T23:58:11.9338100Z 33424 pixels exceed the native sRGB rounding bound. Newly-taken snapshot does not match reference.
2026-09-30T23:58:11.9341620Z /Users/runner/work/creator-platform/creator-platform/apps/ios/Tests/QelvoraUITests/NativeSnapshotTests.swift:60: error: -[QelvoraUITests.NativeSnapshotTests testComponentCatalogThemes] : failed - Snapshot "StudioTabBar.light" does not match reference.
2026-09-30T23:58:11.9344420Z 
2026-09-30T23:58:11.9344680Z @−
2026-09-30T23:58:11.9346590Z "file:///Users/runner/work/creator-platform/creator-platform/apps/ios/Tests/QelvoraUITests/__Snapshots__/NativeSnapshotTests/testComponentCatalogThemes.StudioTabBar-light.png"
2026-09-30T23:58:11.9348760Z @+
2026-09-30T23:58:11.9351300Z "file:///Users/runner/work/creator-platform/creator-platform/artifacts/ios/snapshot-diffs/NativeSnapshotTests/testComponentCatalogThemes.StudioTabBar-light.png"
2026-09-30T23:58:11.9353260Z 
2026-09-30T23:58:11.9353850Z To configure output for a custom diff tool, use 'withSnapshotTesting'. For example:
2026-09-30T23:58:11.9354770Z 
2026-09-30T23:58:11.9355070Z     withSnapshotTesting(diffTool: .ksdiff) {
2026-09-30T23:58:11.9355770Z       // ...
2026-09-30T23:58:11.9356250Z     }
2026-09-30T23:58:11.9356930Z 
2026-09-30T23:58:11.9357700Z 9809 pixels exceed the native sRGB rounding bound. Newly-taken snapshot does not match reference.
2026-09-30T23:58:11.9361240Z /Users/runner/work/creator-platform/creator-platform/apps/ios/Tests/QelvoraUITests/NativeSnapshotTests.swift:60: error: -[QelvoraUITests.NativeSnapshotTests testComponentCatalogThemes] : failed - Snapshot "Sidebar.light" does not match reference.
2026-09-30T23:58:11.9364260Z 
2026-09-30T23:58:11.9364700Z @−
2026-09-30T23:58:11.9366580Z "file:///Users/runner/work/creator-platform/creator-platform/apps/ios/Tests/QelvoraUITests/__Snapshots__/NativeSnapshotTests/testComponentCatalogThemes.Sidebar-light.png"
2026-09-30T23:58:11.9368630Z @+
2026-09-30T23:58:11.9370330Z "file:///Users/runner/work/creator-platform/creator-platform/artifacts/ios/snapshot-diffs/NativeSnapshotTests/testComponentCatalogThemes.Sidebar-light.png"
2026-09-30T23:58:11.9372100Z 
2026-09-30T23:58:11.9372690Z To configure output for a custom diff tool, use 'withSnapshotTesting'. For example:
2026-09-30T23:58:11.9373590Z 
2026-09-30T23:58:11.9373870Z     withSnapshotTesting(diffTool: .ksdiff) {
2026-09-30T23:58:11.9374570Z       // ...
2026-09-30T23:58:11.9375000Z     }
2026-09-30T23:58:11.9375240Z 
2026-09-30T23:58:11.9375970Z 21596 pixels exceed the native sRGB rounding bound. Newly-taken snapshot does not match reference.
2026-09-30T23:58:11.9379590Z /Users/runner/work/creator-platform/creator-platform/apps/ios/Tests/QelvoraUITests/NativeSnapshotTests.swift:60: error: -[QelvoraUITests.NativeSnapshotTests testComponentCatalogThemes] : failed - Snapshot "Sheet.light" does not match reference.
2026-09-30T23:58:11.9382330Z 
2026-09-30T23:58:11.9382620Z @−
2026-09-30T23:58:11.9384430Z "file:///Users/runner/work/creator-platform/creator-platform/apps/ios/Tests/QelvoraUITests/__Snapshots__/NativeSnapshotTests/testComponentCatalogThemes.Sheet-light.png"
2026-09-30T23:58:11.9386480Z @+
2026-09-30T23:58:11.9388130Z "file:///Users/runner/work/creator-platform/creator-platform/artifacts/ios/snapshot-diffs/NativeSnapshotTests/testComponentCatalogThemes.Sheet-light.png"
2026-09-30T23:58:11.9389890Z 
2026-09-30T23:58:11.9390520Z To configure output for a custom diff tool, use 'withSnapshotTesting'. For example:
2026-09-30T23:58:11.9391450Z 
2026-09-30T23:58:11.9391740Z     withSnapshotTesting(diffTool: .ksdiff) {
2026-09-30T23:58:11.9392470Z       // ...
2026-09-30T23:58:11.9392910Z     }
2026-09-30T23:58:11.9393170Z 
2026-09-30T23:58:11.9393930Z 54610 pixels exceed the native sRGB rounding bound. Newly-taken snapshot does not match reference.
2026-09-30T23:58:11.9397410Z /Users/runner/work/creator-platform/creator-platform/apps/ios/Tests/QelvoraUITests/NativeSnapshotTests.swift:60: error: -[QelvoraUITests.NativeSnapshotTests testComponentCatalogThemes] : failed - Snapshot "Dialog.light" does not match reference.
2026-09-30T23:58:11.9400130Z 
2026-09-30T23:58:11.9400390Z @−
2026-09-30T23:58:11.9402210Z "file:///Users/runner/work/creator-platform/creator-platform/apps/ios/Tests/QelvoraUITests/__Snapshots__/NativeSnapshotTests/testComponentCatalogThemes.Dialog-light.png"
2026-09-30T23:58:11.9404280Z @+
2026-09-30T23:58:11.9405960Z "file:///Users/runner/work/creator-platform/creator-platform/artifacts/ios/snapshot-diffs/NativeSnapshotTests/testComponentCatalogThemes.Dialog-light.png"
2026-09-30T23:58:11.9407710Z 
2026-09-30T23:58:11.9408300Z To configure output for a custom diff tool, use 'withSnapshotTesting'. For example:
2026-09-30T23:58:11.9409180Z 
2026-09-30T23:58:11.9409460Z     withSnapshotTesting(diffTool: .ksdiff) {
2026-09-30T23:58:11.9411060Z       // ...
2026-09-30T23:58:11.9411550Z     }
2026-09-30T23:58:11.9411800Z 
2026-09-30T23:58:11.9412540Z 21422 pixels exceed the native sRGB rounding bound. Newly-taken snapshot does not match reference.
2026-09-30T23:58:11.9415970Z /Users/runner/work/creator-platform/creator-platform/apps/ios/Tests/QelvoraUITests/NativeSnapshotTests.swift:60: error: -[QelvoraUITests.NativeSnapshotTests testComponentCatalogThemes] : failed - Snapshot "Toast.light" does not match reference.
2026-09-30T23:58:11.9419050Z 
2026-09-30T23:58:11.9419340Z @−
2026-09-30T23:58:11.9421160Z "file:///Users/runner/work/creator-platform/creator-platform/apps/ios/Tests/QelvoraUITests/__Snapshots__/NativeSnapshotTests/testComponentCatalogThemes.Toast-light.png"
2026-09-30T23:58:11.9423190Z @+
2026-09-30T23:58:11.9424870Z "file:///Users/runner/work/creator-platform/creator-platform/artifacts/ios/snapshot-diffs/NativeSnapshotTests/testComponentCatalogThemes.Toast-light.png"
2026-09-30T23:58:11.9426620Z 
2026-09-30T23:58:11.9427220Z To configure output for a custom diff tool, use 'withSnapshotTesting'. For example:
2026-09-30T23:58:11.9428110Z 
2026-09-30T23:58:11.9428390Z     withSnapshotTesting(diffTool: .ksdiff) {
2026-09-30T23:58:11.9429080Z       // ...
2026-09-30T23:58:11.9429520Z     }
2026-09-30T23:58:11.9429780Z 
2026-09-30T23:58:11.9430510Z 7557 pixels exceed the native sRGB rounding bound. Newly-taken snapshot does not match reference.
2026-09-30T23:58:37.6151120Z /Users/runner/work/creator-platform/creator-platform/apps/ios/Tests/QelvoraUITests/NativeSnapshotTests.swift:57: error: -[QelvoraUITests.NativeSnapshotTests testComponentCatalogThemes] : failed - Snapshot "Skeleton.light" does not match reference.
2026-09-30T23:58:37.6155530Z 
2026-09-30T23:58:37.6158670Z @−
2026-09-30T23:58:37.6161560Z "file:///Users/runner/work/creator-platform/creator-platform/apps/ios/Tests/QelvoraUITests/__Snapshots__/NativeSnapshotTests/testComponentCatalogThemes.Skeleton-light.png"
2026-09-30T23:58:37.6164350Z @+
2026-09-30T23:58:37.6168030Z "file:///Users/runner/work/creator-platform/creator-platform/artifacts/ios/snapshot-diffs/NativeSnapshotTests/testComponentCatalogThemes.Skeleton-light.png"
2026-09-30T23:58:37.6170360Z 
2026-09-30T23:58:37.6171000Z To configure output for a custom diff tool, use 'withSnapshotTesting'. For example:
2026-09-30T23:58:37.6172820Z 
2026-09-30T23:58:37.6314750Z     withSnapshotTesting(diffTool: .ksdiff) {
2026-09-30T23:58:37.6315680Z       // ...
2026-09-30T23:58:37.6316390Z     }
2026-09-30T23:58:37.6316960Z 
2026-09-30T23:58:37.6318630Z 3172 pixels exceed the native sRGB rounding bound. Newly-taken snapshot does not match reference.
2026-09-30T23:58:37.6322710Z /Users/runner/work/creator-platform/creator-platform/apps/ios/Tests/QelvoraUITests/NativeSnapshotTests.swift:60: error: -[QelvoraUITests.NativeSnapshotTests testComponentCatalogThemes] : failed - Snapshot "EmailFrame.light" does not match reference.
2026-09-30T23:58:37.6325850Z 
2026-09-30T23:58:37.6326250Z @−
2026-09-30T23:58:37.6328230Z "file:///Users/runner/work/creator-platform/creator-platform/apps/ios/Tests/QelvoraUITests/__Snapshots__/NativeSnapshotTests/testComponentCatalogThemes.EmailFrame-light.png"
2026-09-30T23:58:37.6330620Z @+
2026-09-30T23:58:37.6332550Z "file:///Users/runner/work/creator-platform/creator-platform/artifacts/ios/snapshot-diffs/NativeSnapshotTests/testComponentCatalogThemes.EmailFrame-light.png"
2026-09-30T23:58:37.6334680Z 
2026-09-30T23:58:37.6335480Z To configure output for a custom diff tool, use 'withSnapshotTesting'. For example:
2026-09-30T23:58:37.6337130Z 
2026-09-30T23:58:37.6337430Z     withSnapshotTesting(diffTool: .ksdiff) {
2026-09-30T23:58:37.6338420Z       // ...
2026-09-30T23:58:37.6339150Z     }
2026-09-30T23:58:37.6339680Z 
2026-09-30T23:58:37.6340760Z 51375 pixels exceed the native sRGB rounding bound. Newly-taken snapshot does not match reference.
2026-09-30T23:58:37.6346480Z /Users/runner/work/creator-platform/creator-platform/apps/ios/Tests/QelvoraUITests/NativeSnapshotTests.swift:60: error: -[QelvoraUITests.NativeSnapshotTests testComponentCatalogThemes] : failed - Snapshot "Mark.night" does not match reference.
2026-09-30T23:58:37.6349730Z 
2026-09-30T23:58:37.6351010Z @−
2026-09-30T23:58:37.6353960Z "file:///Users/runner/work/creator-platform/creator-platform/apps/ios/Tests/QelvoraUITests/__Snapshots__/NativeSnapshotTests/testComponentCatalogThemes.Mark-night.png"
2026-09-30T23:58:37.6357540Z @+
2026-09-30T23:58:37.6361170Z "file:///Users/runner/work/creator-platform/creator-platform/artifacts/ios/snapshot-diffs/NativeSnapshotTests/testComponentCatalogThemes.Mark-night.png"
2026-09-30T23:58:37.6366050Z 
2026-09-30T23:58:37.6366960Z To configure output for a custom diff tool, use 'withSnapshotTesting'. For example:
2026-09-30T23:58:37.6368550Z 
2026-09-30T23:58:37.6369450Z     withSnapshotTesting(diffTool: .ksdiff) {
2026-09-30T23:58:37.6371350Z       // ...
2026-09-30T23:58:37.6373270Z     }
2026-09-30T23:58:37.6373880Z 
2026-09-30T23:58:37.6375060Z 2554 pixels exceed the native sRGB rounding bound. Newly-taken snapshot does not match reference.
2026-09-30T23:58:37.6380160Z /Users/runner/work/creator-platform/creator-platform/apps/ios/Tests/QelvoraUITests/NativeSnapshotTests.swift:60: error: -[QelvoraUITests.NativeSnapshotTests testComponentCatalogThemes] : failed - Snapshot "Seal.night" does not match reference.
2026-09-30T23:58:37.6384610Z 
2026-09-30T23:58:37.6385530Z @−
2026-09-30T23:58:37.6388910Z "file:///Users/runner/work/creator-platform/creator-platform/apps/ios/Tests/QelvoraUITests/__Snapshots__/NativeSnapshotTests/testComponentCatalogThemes.Seal-night.png"
2026-09-30T23:58:37.6393270Z @+
2026-09-30T23:58:37.6397010Z "file:///Users/runner/work/creator-platform/creator-platform/artifacts/ios/snapshot-diffs/NativeSnapshotTests/testComponentCatalogThemes.Seal-night.png"
2026-09-30T23:58:37.6399490Z 
2026-09-30T23:58:37.6400630Z To configure output for a custom diff tool, use 'withSnapshotTesting'. For example:
2026-09-30T23:58:37.6402190Z 
2026-09-30T23:58:37.6403170Z     withSnapshotTesting(diffTool: .ksdiff) {
2026-09-30T23:58:37.6405010Z       // ...
2026-09-30T23:58:37.6406450Z     }
2026-09-30T23:58:37.6407270Z 
2026-09-30T23:58:37.6408350Z 4209 pixels exceed the native sRGB rounding bound. Newly-taken snapshot does not match reference.
2026-09-30T23:58:37.6413110Z /Users/runner/work/creator-platform/creator-platform/apps/ios/Tests/QelvoraUITests/NativeSnapshotTests.swift:60: error: -[QelvoraUITests.NativeSnapshotTests testComponentCatalogThemes] : failed - Snapshot "Avatar.night" does not match reference.
2026-09-30T23:58:37.6416410Z 
2026-09-30T23:58:37.6417460Z @−
2026-09-30T23:58:37.6420450Z "file:///Users/runner/work/creator-platform/creator-platform/apps/ios/Tests/QelvoraUITests/__Snapshots__/NativeSnapshotTests/testComponentCatalogThemes.Avatar-night.png"
2026-09-30T23:58:37.6423750Z @+
2026-09-30T23:58:37.6426930Z "file:///Users/runner/work/creator-platform/creator-platform/artifacts/ios/snapshot-diffs/NativeSnapshotTests/testComponentCatalogThemes.Avatar-night.png"
2026-09-30T23:58:37.6430070Z 
2026-09-30T23:58:37.6431250Z To configure output for a custom diff tool, use 'withSnapshotTesting'. For example:
2026-09-30T23:58:37.6432780Z 
2026-09-30T23:58:37.6433310Z     withSnapshotTesting(diffTool: .ksdiff) {
2026-09-30T23:58:37.6434660Z       // ...
2026-09-30T23:58:37.6435360Z     }
2026-09-30T23:58:37.6435660Z 
2026-09-30T23:58:37.6436440Z 3506 pixels exceed the native sRGB rounding bound. Newly-taken snapshot does not match reference.
2026-09-30T23:58:37.6440820Z /Users/runner/work/creator-platform/creator-platform/apps/ios/Tests/QelvoraUITests/NativeSnapshotTests.swift:60: error: -[QelvoraUITests.NativeSnapshotTests testComponentCatalogThemes] : failed - Snapshot "AuthorLabel.night" does not match reference.
2026-09-30T23:58:37.6444510Z 
2026-09-30T23:58:37.6445350Z @−
2026-09-30T23:58:37.6448040Z "file:///Users/runner/work/creator-platform/creator-platform/apps/ios/Tests/QelvoraUITests/__Snapshots__/NativeSnapshotTests/testComponentCatalogThemes.AuthorLabel-night.png"
2026-09-30T23:58:37.6451440Z @+
2026-09-30T23:58:37.6453970Z "file:///Users/runner/work/creator-platform/creator-platform/artifacts/ios/snapshot-diffs/NativeSnapshotTests/testComponentCatalogThemes.AuthorLabel-night.png"
2026-09-30T23:58:37.6456130Z 
2026-09-30T23:58:37.6457230Z To configure output for a custom diff tool, use 'withSnapshotTesting'. For example:
2026-09-30T23:58:37.6458330Z 
2026-09-30T23:58:37.6458910Z     withSnapshotTesting(diffTool: .ksdiff) {
2026-09-30T23:58:37.6460440Z       // ...
2026-09-30T23:58:37.6461960Z     }
2026-09-30T23:58:37.6462600Z 
2026-09-30T23:58:37.6463670Z 31828 pixels exceed the native sRGB rounding bound. Newly-taken snapshot does not match reference.
2026-09-30T23:58:37.6468220Z /Users/runner/work/creator-platform/creator-platform/apps/ios/Tests/QelvoraUITests/NativeSnapshotTests.swift:60: error: -[QelvoraUITests.NativeSnapshotTests testComponentCatalogThemes] : failed - Snapshot "IdentityStrip.night" does not match reference.
2026-09-30T23:58:37.6471530Z 
2026-09-30T23:58:37.6471940Z @−
2026-09-30T23:58:37.6474000Z "file:///Users/runner/work/creator-platform/creator-platform/apps/ios/Tests/QelvoraUITests/__Snapshots__/NativeSnapshotTests/testComponentCatalogThemes.IdentityStrip-night.png"
2026-09-30T23:58:37.6477010Z @+
2026-09-30T23:58:37.6479960Z "file:///Users/runner/work/creator-platform/creator-platform/artifacts/ios/snapshot-diffs/NativeSnapshotTests/testComponentCatalogThemes.IdentityStrip-night.png"
2026-09-30T23:58:37.6482470Z 
2026-09-30T23:58:37.6483360Z To configure output for a custom diff tool, use 'withSnapshotTesting'. For example:
2026-09-30T23:58:37.6484870Z 
2026-09-30T23:58:37.6485310Z     withSnapshotTesting(diffTool: .ksdiff) {
2026-09-30T23:58:37.6486070Z       // ...
2026-09-30T23:58:37.6487350Z     }
2026-09-30T23:58:37.6487630Z 
2026-09-30T23:58:37.6488880Z 41795 pixels exceed the native sRGB rounding bound. Newly-taken snapshot does not match reference.
2026-09-30T23:58:37.6493520Z /Users/runner/work/creator-platform/creator-platform/apps/ios/Tests/QelvoraUITests/NativeSnapshotTests.swift:60: error: -[QelvoraUITests.NativeSnapshotTests testComponentCatalogThemes] : failed - Snapshot "ThreadHeader.night" does not match reference.
2026-09-30T23:58:37.6497010Z 
2026-09-30T23:58:37.6497800Z @−
2026-09-30T23:58:37.6499990Z "file:///Users/runner/work/creator-platform/creator-platform/apps/ios/Tests/QelvoraUITests/__Snapshots__/NativeSnapshotTests/testComponentCatalogThemes.ThreadHeader-night.png"
2026-09-30T23:58:37.6502270Z @+
2026-09-30T23:58:37.6504280Z "file:///Users/runner/work/creator-platform/creator-platform/artifacts/ios/snapshot-diffs/NativeSnapshotTests/testComponentCatalogThemes.ThreadHeader-night.png"
2026-09-30T23:58:37.6507010Z 
2026-09-30T23:58:37.6508500Z To configure output for a custom diff tool, use 'withSnapshotTesting'. For example:
2026-09-30T23:58:37.6510020Z 
2026-09-30T23:58:37.6510400Z     withSnapshotTesting(diffTool: .ksdiff) {
2026-09-30T23:58:37.6511570Z       // ...
2026-09-30T23:58:37.6512880Z     }
2026-09-30T23:58:37.6513210Z 
2026-09-30T23:58:37.6514310Z 15473 pixels exceed the native sRGB rounding bound. Newly-taken snapshot does not match reference.
2026-09-30T23:58:37.6520180Z /Users/runner/work/creator-platform/creator-platform/apps/ios/Tests/QelvoraUITests/NativeSnapshotTests.swift:60: error: -[QelvoraUITests.NativeSnapshotTests testComponentCatalogThemes] : failed - Snapshot "SignedMarker.night" does not match reference.
2026-09-30T23:58:37.6523680Z 
2026-09-30T23:58:37.6524730Z @−
2026-09-30T23:58:37.6527310Z "file:///Users/runner/work/creator-platform/creator-platform/apps/ios/Tests/QelvoraUITests/__Snapshots__/NativeSnapshotTests/testComponentCatalogThemes.SignedMarker-night.png"
2026-09-30T23:58:37.6530170Z @+
2026-09-30T23:58:37.6532440Z "file:///Users/runner/work/creator-platform/creator-platform/artifacts/ios/snapshot-diffs/NativeSnapshotTests/testComponentCatalogThemes.SignedMarker-night.png"
2026-09-30T23:58:37.6534980Z 
2026-09-30T23:58:37.6536550Z To configure output for a custom diff tool, use 'withSnapshotTesting'. For example:
2026-09-30T23:58:37.6537560Z 
2026-09-30T23:58:37.6538020Z     withSnapshotTesting(diffTool: .ksdiff) {
2026-09-30T23:58:37.6539560Z       // ...
2026-09-30T23:58:37.6541580Z     }
2026-09-30T23:58:37.6542570Z 
2026-09-30T23:58:37.6544410Z 13228 pixels exceed the native sRGB rounding bound. Newly-taken snapshot does not match reference.
2026-09-30T23:58:37.6549330Z /Users/runner/work/creator-platform/creator-platform/apps/ios/Tests/QelvoraUITests/NativeSnapshotTests.swift:60: error: -[QelvoraUITests.NativeSnapshotTests testComponentCatalogThemes] : failed - Snapshot "SystemLine.night" does not match reference.
2026-09-30T23:58:37.6565200Z 
2026-09-30T23:58:37.6565940Z @−
2026-09-30T23:58:37.6569420Z "file:///Users/runner/work/creator-platform/creator-platform/apps/ios/Tests/QelvoraUITests/__Snapshots__/NativeSnapshotTests/testComponentCatalogThemes.SystemLine-night.png"
2026-09-30T23:58:37.6573390Z @+
2026-09-30T23:58:37.6576860Z "file:///Users/runner/work/creator-platform/creator-platform/artifacts/ios/snapshot-diffs/NativeSnapshotTests/testComponentCatalogThemes.SystemLine-night.png"
2026-09-30T23:58:37.6578850Z 
2026-09-30T23:58:37.6579480Z To configure output for a custom diff tool, use 'withSnapshotTesting'. For example:
2026-09-30T23:58:37.6580390Z 
2026-09-30T23:58:37.6580680Z     withSnapshotTesting(diffTool: .ksdiff) {
2026-09-30T23:58:37.6581390Z       // ...
2026-09-30T23:58:37.6581840Z     }
2026-09-30T23:58:37.6582090Z 
2026-09-30T23:58:37.6583010Z 16573 pixels exceed the native sRGB rounding bound. Newly-taken snapshot does not match reference.
2026-09-30T23:58:37.6587260Z /Users/runner/work/creator-platform/creator-platform/apps/ios/Tests/QelvoraUITests/NativeSnapshotTests.swift:60: error: -[QelvoraUITests.NativeSnapshotTests testComponentCatalogThemes] : failed - Snapshot "Message.night" does not match reference.
2026-09-30T23:58:37.6591070Z 
2026-09-30T23:58:37.6591610Z @−
2026-09-30T23:58:37.6593580Z "file:///Users/runner/work/creator-platform/creator-platform/apps/ios/Tests/QelvoraUITests/__Snapshots__/NativeSnapshotTests/testComponentCatalogThemes.Message-night.png"
2026-09-30T23:58:37.6595860Z @+
2026-09-30T23:58:37.6598130Z "file:///Users/runner/work/creator-platform/creator-platform/artifacts/ios/snapshot-diffs/NativeSnapshotTests/testComponentCatalogThemes.Message-night.png"
2026-09-30T23:58:37.6600110Z 
2026-09-30T23:58:37.6600750Z To configure output for a custom diff tool, use 'withSnapshotTesting'. For example:
2026-09-30T23:58:37.6601820Z 
2026-09-30T23:58:37.6602380Z     withSnapshotTesting(diffTool: .ksdiff) {
2026-09-30T23:58:37.6603820Z       // ...
2026-09-30T23:58:37.6604990Z     }
2026-09-30T23:58:37.6605730Z 
2026-09-30T23:58:37.6607090Z 87917 pixels exceed the native sRGB rounding bound. Newly-taken snapshot does not match reference.
2026-09-30T23:58:37.6611380Z /Users/runner/work/creator-platform/creator-platform/apps/ios/Tests/QelvoraUITests/NativeSnapshotTests.swift:60: error: -[QelvoraUITests.NativeSnapshotTests testComponentCatalogThemes] : failed - Snapshot "Note.night" does not match reference.
2026-09-30T23:58:37.6614420Z 
2026-09-30T23:58:37.6615680Z @−
2026-09-30T23:58:37.6618270Z "file:///Users/runner/work/creator-platform/creator-platform/apps/ios/Tests/QelvoraUITests/__Snapshots__/NativeSnapshotTests/testComponentCatalogThemes.Note-night.png"
2026-09-30T23:58:37.6620770Z @+
2026-09-30T23:58:37.6622480Z "file:///Users/runner/work/creator-platform/creator-platform/artifacts/ios/snapshot-diffs/NativeSnapshotTests/testComponentCatalogThemes.Note-night.png"
2026-09-30T23:58:37.6624280Z 
2026-09-30T23:58:37.6624890Z To configure output for a custom diff tool, use 'withSnapshotTesting'. For example:
2026-09-30T23:58:37.6625800Z 
2026-09-30T23:58:37.6626090Z     withSnapshotTesting(diffTool: .ksdiff) {
2026-09-30T23:58:37.6626800Z       // ...
2026-09-30T23:58:37.6627250Z     }
2026-09-30T23:58:37.6627500Z 
2026-09-30T23:58:37.6628280Z 42706 pixels exceed the native sRGB rounding bound. Newly-taken snapshot does not match reference.
2026-09-30T23:58:37.6632890Z /Users/runner/work/creator-platform/creator-platform/apps/ios/Tests/QelvoraUITests/NativeSnapshotTests.swift:60: error: -[QelvoraUITests.NativeSnapshotTests testComponentCatalogThemes] : failed - Snapshot "ReactionChip.night" does not match reference.
2026-09-30T23:58:37.6635960Z 
2026-09-30T23:58:37.6636350Z @−
2026-09-30T23:58:37.6638330Z "file:///Users/runner/work/creator-platform/creator-platform/apps/ios/Tests/QelvoraUITests/__Snapshots__/NativeSnapshotTests/testComponentCatalogThemes.ReactionChip-night.png"
2026-09-30T23:58:37.6640850Z @+
2026-09-30T23:58:37.6642660Z "file:///Users/runner/work/creator-platform/creator-platform/artifacts/ios/snapshot-diffs/NativeSnapshotTests/testComponentCatalogThemes.ReactionChip-night.png"
2026-09-30T23:58:37.6644530Z 
2026-09-30T23:58:37.6645400Z To configure output for a custom diff tool, use 'withSnapshotTesting'. For example:
2026-09-30T23:58:37.6646510Z 
2026-09-30T23:58:37.6646820Z     withSnapshotTesting(diffTool: .ksdiff) {
2026-09-30T23:58:37.6647560Z       // ...
2026-09-30T23:58:37.6648010Z     }
2026-09-30T23:58:37.6648270Z 
2026-09-30T23:58:37.6649020Z 9369 pixels exceed the native sRGB rounding bound. Newly-taken snapshot does not match reference.
2026-09-30T23:58:37.6653050Z /Users/runner/work/creator-platform/creator-platform/apps/ios/Tests/QelvoraUITests/NativeSnapshotTests.swift:60: error: -[QelvoraUITests.NativeSnapshotTests testComponentCatalogThemes] : failed - Snapshot "CitationChip.night" does not match reference.
2026-09-30T23:58:37.6656080Z 
2026-09-30T23:58:37.6656410Z @−
2026-09-30T23:58:37.6658530Z "file:///Users/runner/work/creator-platform/creator-platform/apps/ios/Tests/QelvoraUITests/__Snapshots__/NativeSnapshotTests/testComponentCatalogThemes.CitationChip-night.png"
2026-09-30T23:58:37.6661220Z @+
2026-09-30T23:58:37.6663740Z "file:///Users/runner/work/creator-platform/creator-platform/artifacts/ios/snapshot-diffs/NativeSnapshotTests/testComponentCatalogThemes.CitationChip-night.png"
2026-09-30T23:58:37.6665630Z 
2026-09-30T23:58:37.6666250Z To configure output for a custom diff tool, use 'withSnapshotTesting'. For example:
2026-09-30T23:58:37.6667180Z 
2026-09-30T23:58:37.6667460Z     withSnapshotTesting(diffTool: .ksdiff) {
2026-09-30T23:58:37.6668700Z       // ...
2026-09-30T23:58:37.6669320Z     }
2026-09-30T23:58:37.6669570Z 
2026-09-30T23:58:37.6670340Z 18217 pixels exceed the native sRGB rounding bound. Newly-taken snapshot does not match reference.
2026-09-30T23:58:37.6673920Z /Users/runner/work/creator-platform/creator-platform/apps/ios/Tests/QelvoraUITests/NativeSnapshotTests.swift:60: error: -[QelvoraUITests.NativeSnapshotTests testComponentCatalogThemes] : failed - Snapshot "MemoryChip.night" does not match reference.
2026-09-30T23:58:37.6676780Z 
2026-09-30T23:58:37.6677350Z @−
2026-09-30T23:58:37.6679450Z "file:///Users/runner/work/creator-platform/creator-platform/apps/ios/Tests/QelvoraUITests/__Snapshots__/NativeSnapshotTests/testComponentCatalogThemes.MemoryChip-night.png"
2026-09-30T23:58:37.6682130Z @+
2026-09-30T23:58:37.6684600Z "file:///Users/runner/work/creator-platform/creator-platform/artifacts/ios/snapshot-diffs/NativeSnapshotTests/testComponentCatalogThemes.MemoryChip-night.png"
2026-09-30T23:58:37.6686730Z 
2026-09-30T23:58:37.6687870Z To configure output for a custom diff tool, use 'withSnapshotTesting'. For example:
2026-09-30T23:58:37.6688820Z 
2026-09-30T23:58:37.6689350Z     withSnapshotTesting(diffTool: .ksdiff) {
2026-09-30T23:58:37.6690240Z       // ...
2026-09-30T23:58:37.6691440Z     }
2026-09-30T23:58:37.6692230Z 
2026-09-30T23:58:37.6693250Z 29901 pixels exceed the native sRGB rounding bound. Newly-taken snapshot does not match reference.
2026-09-30T23:58:37.6697940Z /Users/runner/work/creator-platform/creator-platform/apps/ios/Tests/QelvoraUITests/NativeSnapshotTests.swift:60: error: -[QelvoraUITests.NativeSnapshotTests testComponentCatalogThemes] : failed - Snapshot "Correction.night" does not match reference.
2026-09-30T23:58:37.6701030Z 
2026-09-30T23:58:37.6702090Z @−
2026-09-30T23:58:37.6704810Z "file:///Users/runner/work/creator-platform/creator-platform/apps/ios/Tests/QelvoraUITests/__Snapshots__/NativeSnapshotTests/testComponentCatalogThemes.Correction-night.png"
2026-09-30T23:58:37.6707430Z @+
2026-09-30T23:58:37.6709240Z "file:///Users/runner/work/creator-platform/creator-platform/artifacts/ios/snapshot-diffs/NativeSnapshotTests/testComponentCatalogThemes.Correction-night.png"
2026-09-30T23:58:37.6711260Z 
2026-09-30T23:58:37.6712250Z To configure output for a custom diff tool, use 'withSnapshotTesting'. For example:
2026-09-30T23:58:37.6713830Z 
2026-09-30T23:58:37.6714280Z     withSnapshotTesting(diffTool: .ksdiff) {
2026-09-30T23:58:37.6715510Z       // ...
2026-09-30T23:58:37.6716360Z     }
2026-09-30T23:58:37.6716770Z 
2026-09-30T23:58:37.6717800Z 29917 pixels exceed the native sRGB rounding bound. Newly-taken snapshot does not match reference.
2026-09-30T23:58:37.6722150Z /Users/runner/work/creator-platform/creator-platform/apps/ios/Tests/QelvoraUITests/NativeSnapshotTests.swift:60: error: -[QelvoraUITests.NativeSnapshotTests testComponentCatalogThemes] : failed - Snapshot "ContextCard.night" does not match reference.
2026-09-30T23:58:37.6726050Z 
2026-09-30T23:58:37.6726660Z @−
2026-09-30T23:58:37.6729570Z "file:///Users/runner/work/creator-platform/creator-platform/apps/ios/Tests/QelvoraUITests/__Snapshots__/NativeSnapshotTests/testComponentCatalogThemes.ContextCard-night.png"
2026-09-30T23:58:37.6732460Z @+
2026-09-30T23:58:37.6734880Z "file:///Users/runner/work/creator-platform/creator-platform/artifacts/ios/snapshot-diffs/NativeSnapshotTests/testComponentCatalogThemes.ContextCard-night.png"
2026-09-30T23:58:37.6736790Z 
2026-09-30T23:58:37.6737690Z To configure output for a custom diff tool, use 'withSnapshotTesting'. For example:
2026-09-30T23:58:37.6738790Z 
2026-09-30T23:58:37.6739090Z     withSnapshotTesting(diffTool: .ksdiff) {
2026-09-30T23:58:37.6739810Z       // ...
2026-09-30T23:58:37.6740430Z     }
2026-09-30T23:58:37.6740940Z 
2026-09-30T23:58:37.6741760Z 12604 pixels exceed the native sRGB rounding bound. Newly-taken snapshot does not match reference.
2026-09-30T23:58:37.6745700Z /Users/runner/work/creator-platform/creator-platform/apps/ios/Tests/QelvoraUITests/NativeSnapshotTests.swift:60: error: -[QelvoraUITests.NativeSnapshotTests testComponentCatalogThemes] : failed - Snapshot "VoiceNote.night" does not match reference.
2026-09-30T23:58:37.6748560Z 
2026-09-30T23:58:37.6748880Z @−
2026-09-30T23:58:37.6751290Z "file:///Users/runner/work/creator-platform/creator-platform/apps/ios/Tests/QelvoraUITests/__Snapshots__/NativeSnapshotTests/testComponentCatalogThemes.VoiceNote-night.png"
2026-09-30T23:58:37.6753740Z @+
2026-09-30T23:58:37.6755910Z "file:///Users/runner/work/creator-platform/creator-platform/artifacts/ios/snapshot-diffs/NativeSnapshotTests/testComponentCatalogThemes.VoiceNote-night.png"
2026-09-30T23:58:37.6758140Z 
2026-09-30T23:58:37.6759020Z To configure output for a custom diff tool, use 'withSnapshotTesting'. For example:
2026-09-30T23:58:37.6759950Z 
2026-09-30T23:58:37.6760250Z     withSnapshotTesting(diffTool: .ksdiff) {
2026-09-30T23:58:37.6761350Z       // ...
2026-09-30T23:58:37.6761970Z     }
2026-09-30T23:58:37.6762240Z 
2026-09-30T23:58:37.6763020Z 31336 pixels exceed the native sRGB rounding bound. Newly-taken snapshot does not match reference.
2026-09-30T23:58:37.6766580Z /Users/runner/work/creator-platform/creator-platform/apps/ios/Tests/QelvoraUITests/NativeSnapshotTests.swift:60: error: -[QelvoraUITests.NativeSnapshotTests testComponentCatalogThemes] : failed - Snapshot "Composer.night" does not match reference.
2026-09-30T23:58:37.6772610Z 
2026-09-30T23:58:37.6773970Z @−
2026-09-30T23:58:37.6777830Z "file:///Users/runner/work/creator-platform/creator-platform/apps/ios/Tests/QelvoraUITests/__Snapshots__/NativeSnapshotTests/testComponentCatalogThemes.Composer-night.png"
2026-09-30T23:58:37.6781380Z @+
2026-09-30T23:58:37.6785200Z "file:///Users/runner/work/creator-platform/creator-platform/artifacts/ios/snapshot-diffs/NativeSnapshotTests/testComponentCatalogThemes.Composer-night.png"
2026-09-30T23:58:37.6788170Z 
2026-09-30T23:58:37.6789090Z To configure output for a custom diff tool, use 'withSnapshotTesting'. For example:
2026-09-30T23:58:37.6790780Z 
2026-09-30T23:58:37.6791520Z     withSnapshotTesting(diffTool: .ksdiff) {
2026-09-30T23:58:37.6792760Z       // ...
2026-09-30T23:58:37.6794060Z     }
2026-09-30T23:58:37.6794610Z 
2026-09-30T23:58:37.6796050Z 60365 pixels exceed the native sRGB rounding bound. Newly-taken snapshot does not match reference.
2026-09-30T23:58:37.6802900Z /Users/runner/work/creator-platform/creator-platform/apps/ios/Tests/QelvoraUITests/NativeSnapshotTests.swift:60: error: -[QelvoraUITests.NativeSnapshotTests testComponentCatalogThemes] : failed - Snapshot "StepIn.night" does not match reference.
2026-09-30T23:58:37.6807210Z 
2026-09-30T23:58:37.6807800Z @−
2026-09-30T23:58:37.6810780Z "file:///Users/runner/work/creator-platform/creator-platform/apps/ios/Tests/QelvoraUITests/__Snapshots__/NativeSnapshotTests/testComponentCatalogThemes.StepIn-night.png"
2026-09-30T23:58:37.6813000Z @+
2026-09-30T23:58:37.6815260Z "file:///Users/runner/work/creator-platform/creator-platform/artifacts/ios/snapshot-diffs/NativeSnapshotTests/testComponentCatalogThemes.StepIn-night.png"
2026-09-30T23:58:37.6817070Z 
2026-09-30T23:58:52.2387680Z To configure output for a custom diff tool, use 'withSnapshotTesting'. For example:
2026-09-30T23:58:52.3391920Z 
2026-09-30T23:58:52.4394540Z     withSnapshotTesting(diffTool: .ksdiff) {
2026-09-30T23:58:52.4851650Z       // ...
2026-09-30T23:58:52.5014960Z     }
2026-09-30T23:58:52.5140460Z 
2026-09-30T23:58:52.5169070Z 14565 pixels exceed the native sRGB rounding bound. Newly-taken snapshot does not match reference.
2026-09-30T23:58:52.5287800Z /Users/runner/work/creator-platform/creator-platform/apps/ios/Tests/QelvoraUITests/NativeSnapshotTests.swift:60: error: -[QelvoraUITests.NativeSnapshotTests testComponentCatalogThemes] : failed - Snapshot "AccessLines.night" does not match reference.
2026-09-30T23:58:52.5296360Z 
2026-09-30T23:58:52.5307830Z @−
2026-09-30T23:58:52.5317030Z "file:///Users/runner/work/creator-platform/creator-platform/apps/ios/Tests/QelvoraUITests/__Snapshots__/NativeSnapshotTests/testComponentCatalogThemes.AccessLines-night.png"
2026-09-30T23:58:52.5340130Z @+
2026-09-30T23:58:52.5348350Z "file:///Users/runner/work/creator-platform/creator-platform/artifacts/ios/snapshot-diffs/NativeSnapshotTests/testComponentCatalogThemes.AccessLines-night.png"
2026-09-30T23:58:52.5363140Z 
2026-09-30T23:58:52.5370390Z To configure output for a custom diff tool, use 'withSnapshotTesting'. For example:
2026-09-30T23:58:52.5374870Z 
2026-09-30T23:58:52.5377030Z     withSnapshotTesting(diffTool: .ksdiff) {
2026-09-30T23:58:52.5379650Z       // ...
2026-09-30T23:58:52.5382160Z     }
2026-09-30T23:58:52.5384620Z 
2026-09-30T23:58:52.5387680Z 40113 pixels exceed the native sRGB rounding bound. Newly-taken snapshot does not match reference.
2026-09-30T23:58:52.5394990Z /Users/runner/work/creator-platform/creator-platform/apps/ios/Tests/QelvoraUITests/NativeSnapshotTests.swift:60: error: -[QelvoraUITests.NativeSnapshotTests testComponentCatalogThemes] : failed - Snapshot "ModeList.night" does not match reference.
2026-09-30T23:58:52.5401960Z 
2026-09-30T23:58:52.5404710Z @−
2026-09-30T23:58:52.5409410Z "file:///Users/runner/work/creator-platform/creator-platform/apps/ios/Tests/QelvoraUITests/__Snapshots__/NativeSnapshotTests/testComponentCatalogThemes.ModeList-night.png"
2026-09-30T23:58:52.5414460Z @+
2026-09-30T23:58:52.5418810Z "file:///Users/runner/work/creator-platform/creator-platform/artifacts/ios/snapshot-diffs/NativeSnapshotTests/testComponentCatalogThemes.ModeList-night.png"
2026-09-30T23:58:52.5423690Z 
2026-09-30T23:58:52.5426350Z To configure output for a custom diff tool, use 'withSnapshotTesting'. For example:
2026-09-30T23:58:52.5430900Z 
2026-09-30T23:58:52.5433080Z     withSnapshotTesting(diffTool: .ksdiff) {
2026-09-30T23:58:52.5436300Z       // ...
2026-09-30T23:58:52.5438850Z     }
2026-09-30T23:58:52.5441830Z 
2026-09-30T23:58:52.5444670Z 18183 pixels exceed the native sRGB rounding bound. Newly-taken snapshot does not match reference.
2026-09-30T23:58:52.5453220Z /Users/runner/work/creator-platform/creator-platform/apps/ios/Tests/QelvoraUITests/NativeSnapshotTests.swift:60: error: -[QelvoraUITests.NativeSnapshotTests testComponentCatalogThemes] : failed - Snapshot "IncludeList.night" does not match reference.
2026-09-30T23:58:52.5459650Z 
2026-09-30T23:58:52.5461450Z @−
2026-09-30T23:58:52.5465610Z "file:///Users/runner/work/creator-platform/creator-platform/apps/ios/Tests/QelvoraUITests/__Snapshots__/NativeSnapshotTests/testComponentCatalogThemes.IncludeList-night.png"
2026-09-30T23:58:52.5469900Z @+
2026-09-30T23:58:52.5473700Z "file:///Users/runner/work/creator-platform/creator-platform/artifacts/ios/snapshot-diffs/NativeSnapshotTests/testComponentCatalogThemes.IncludeList-night.png"
2026-09-30T23:58:52.5477200Z 
2026-09-30T23:58:52.5480280Z To configure output for a custom diff tool, use 'withSnapshotTesting'. For example:
2026-09-30T23:58:52.5483290Z 
2026-09-30T23:58:52.5485420Z     withSnapshotTesting(diffTool: .ksdiff) {
2026-09-30T23:58:52.5488040Z       // ...
2026-09-30T23:58:52.5491430Z     }
2026-09-30T23:58:52.5493910Z 
2026-09-30T23:58:52.5495750Z 32977 pixels exceed the native sRGB rounding bound. Newly-taken snapshot does not match reference.
2026-09-30T23:58:52.5501310Z /Users/runner/work/creator-platform/creator-platform/apps/ios/Tests/QelvoraUITests/NativeSnapshotTests.swift:60: error: -[QelvoraUITests.NativeSnapshotTests testComponentCatalogThemes] : failed - Snapshot "TermsBlock.night" does not match reference.
2026-09-30T23:58:52.5504360Z 
2026-09-30T23:58:52.5506820Z @−
2026-09-30T23:58:52.5508890Z "file:///Users/runner/work/creator-platform/creator-platform/apps/ios/Tests/QelvoraUITests/__Snapshots__/NativeSnapshotTests/testComponentCatalogThemes.TermsBlock-night.png"
2026-09-30T23:58:52.5511540Z @+
2026-09-30T23:58:52.5513420Z "file:///Users/runner/work/creator-platform/creator-platform/artifacts/ios/snapshot-diffs/NativeSnapshotTests/testComponentCatalogThemes.TermsBlock-night.png"
2026-09-30T23:58:52.5515340Z 
2026-09-30T23:58:52.5516040Z To configure output for a custom diff tool, use 'withSnapshotTesting'. For example:
2026-09-30T23:58:52.5518790Z 
2026-09-30T23:58:52.5519300Z     withSnapshotTesting(diffTool: .ksdiff) {
2026-09-30T23:58:52.5520220Z       // ...
2026-09-30T23:58:52.5520680Z     }
2026-09-30T23:58:52.5547830Z 
2026-09-30T23:58:52.5551920Z 41191 pixels exceed the native sRGB rounding bound. Newly-taken snapshot does not match reference.
2026-09-30T23:58:52.5558180Z /Users/runner/work/creator-platform/creator-platform/apps/ios/Tests/QelvoraUITests/NativeSnapshotTests.swift:60: error: -[QelvoraUITests.NativeSnapshotTests testComponentCatalogThemes] : failed - Snapshot "EtaLine.night" does not match reference.
2026-09-30T23:58:52.5562090Z 
2026-09-30T23:58:52.5564080Z @−
2026-09-30T23:58:52.5567650Z "file:///Users/runner/work/creator-platform/creator-platform/apps/ios/Tests/QelvoraUITests/__Snapshots__/NativeSnapshotTests/testComponentCatalogThemes.EtaLine-night.png"
2026-09-30T23:58:52.5571740Z @+
2026-09-30T23:58:52.5573730Z "file:///Users/runner/work/creator-platform/creator-platform/artifacts/ios/snapshot-diffs/NativeSnapshotTests/testComponentCatalogThemes.EtaLine-night.png"
2026-09-30T23:58:52.5577210Z 
2026-09-30T23:58:52.5580270Z To configure output for a custom diff tool, use 'withSnapshotTesting'. For example:
2026-09-30T23:58:52.5584180Z 
2026-09-30T23:58:52.5587020Z     withSnapshotTesting(diffTool: .ksdiff) {
2026-09-30T23:58:52.5589850Z       // ...
2026-09-30T23:58:52.5591710Z     }
2026-09-30T23:58:52.5593750Z 
2026-09-30T23:58:52.5597690Z 11802 pixels exceed the native sRGB rounding bound. Newly-taken snapshot does not match reference.
2026-09-30T23:58:52.5603980Z /Users/runner/work/creator-platform/creator-platform/apps/ios/Tests/QelvoraUITests/NativeSnapshotTests.swift:60: error: -[QelvoraUITests.NativeSnapshotTests testComponentCatalogThemes] : failed - Snapshot "RequestStatus.night" does not match reference.
2026-09-30T23:58:52.5609420Z 
2026-09-30T23:58:52.5611090Z @−
2026-09-30T23:58:52.5615030Z "file:///Users/runner/work/creator-platform/creator-platform/apps/ios/Tests/QelvoraUITests/__Snapshots__/NativeSnapshotTests/testComponentCatalogThemes.RequestStatus-night.png"
2026-09-30T23:58:52.5618350Z @+
2026-09-30T23:58:52.5622380Z "file:///Users/runner/work/creator-platform/creator-platform/artifacts/ios/snapshot-diffs/NativeSnapshotTests/testComponentCatalogThemes.RequestStatus-night.png"
2026-09-30T23:58:52.5626540Z 
2026-09-30T23:58:52.5628200Z To configure output for a custom diff tool, use 'withSnapshotTesting'. For example:
2026-09-30T23:58:52.5630130Z 
2026-09-30T23:58:52.5631400Z     withSnapshotTesting(diffTool: .ksdiff) {
2026-09-30T23:58:52.5634440Z       // ...
2026-09-30T23:58:52.5635930Z     }
2026-09-30T23:58:52.5637140Z 
2026-09-30T23:58:52.5639020Z 28336 pixels exceed the native sRGB rounding bound. Newly-taken snapshot does not match reference.
2026-09-30T23:58:52.5644270Z /Users/runner/work/creator-platform/creator-platform/apps/ios/Tests/QelvoraUITests/NativeSnapshotTests.swift:60: error: -[QelvoraUITests.NativeSnapshotTests testComponentCatalogThemes] : failed - Snapshot "Receipt.night" does not match reference.
2026-09-30T23:58:52.5648010Z 
2026-09-30T23:58:52.5649440Z @−
2026-09-30T23:58:52.5653490Z "file:///Users/runner/work/creator-platform/creator-platform/apps/ios/Tests/QelvoraUITests/__Snapshots__/NativeSnapshotTests/testComponentCatalogThemes.Receipt-night.png"
2026-09-30T23:58:52.5655770Z @+
2026-09-30T23:58:52.5657590Z "file:///Users/runner/work/creator-platform/creator-platform/artifacts/ios/snapshot-diffs/NativeSnapshotTests/testComponentCatalogThemes.Receipt-night.png"
2026-09-30T23:58:52.5659830Z 
2026-09-30T23:58:52.5661790Z To configure output for a custom diff tool, use 'withSnapshotTesting'. For example:
2026-09-30T23:58:52.5663890Z 
2026-09-30T23:58:52.5666650Z     withSnapshotTesting(diffTool: .ksdiff) {
2026-09-30T23:58:52.5668190Z       // ...
2026-09-30T23:58:52.5670230Z     }
2026-09-30T23:58:52.5670710Z 
2026-09-30T23:58:52.5672040Z 28765 pixels exceed the native sRGB rounding bound. Newly-taken snapshot does not match reference.
2026-09-30T23:58:52.5677810Z /Users/runner/work/creator-platform/creator-platform/apps/ios/Tests/QelvoraUITests/NativeSnapshotTests.swift:60: error: -[QelvoraUITests.NativeSnapshotTests testComponentCatalogThemes] : failed - Snapshot "SpendLimit.night" does not match reference.
2026-09-30T23:58:52.5682020Z 
2026-09-30T23:58:52.5682380Z @−
2026-09-30T23:58:52.5686150Z "file:///Users/runner/work/creator-platform/creator-platform/apps/ios/Tests/QelvoraUITests/__Snapshots__/NativeSnapshotTests/testComponentCatalogThemes.SpendLimit-night.png"
2026-09-30T23:58:52.5688530Z @+
2026-09-30T23:58:52.5690550Z "file:///Users/runner/work/creator-platform/creator-platform/artifacts/ios/snapshot-diffs/NativeSnapshotTests/testComponentCatalogThemes.SpendLimit-night.png"
2026-09-30T23:58:52.5692480Z 
2026-09-30T23:58:52.5693220Z To configure output for a custom diff tool, use 'withSnapshotTesting'. For example:
2026-09-30T23:58:52.5694280Z 
2026-09-30T23:58:52.5694570Z     withSnapshotTesting(diffTool: .ksdiff) {
2026-09-30T23:58:52.5695310Z       // ...
2026-09-30T23:58:52.5695770Z     }
2026-09-30T23:58:52.5696030Z 
2026-09-30T23:58:52.5696940Z 32798 pixels exceed the native sRGB rounding bound. Newly-taken snapshot does not match reference.
2026-09-30T23:58:52.5700840Z /Users/runner/work/creator-platform/creator-platform/apps/ios/Tests/QelvoraUITests/NativeSnapshotTests.swift:60: error: -[QelvoraUITests.NativeSnapshotTests testComponentCatalogThemes] : failed - Snapshot "QueueCard.night" does not match reference.
2026-09-30T23:58:52.5704370Z 
2026-09-30T23:58:52.5704730Z @−
2026-09-30T23:58:52.5706810Z "file:///Users/runner/work/creator-platform/creator-platform/apps/ios/Tests/QelvoraUITests/__Snapshots__/NativeSnapshotTests/testComponentCatalogThemes.QueueCard-night.png"
2026-09-30T23:58:52.5709100Z @+
2026-09-30T23:58:52.5711510Z "file:///Users/runner/work/creator-platform/creator-platform/artifacts/ios/snapshot-diffs/NativeSnapshotTests/testComponentCatalogThemes.QueueCard-night.png"
2026-09-30T23:58:52.5713460Z 
2026-09-30T23:58:52.5714200Z To configure output for a custom diff tool, use 'withSnapshotTesting'. For example:
2026-09-30T23:58:52.5715320Z 
2026-09-30T23:58:52.5715620Z     withSnapshotTesting(diffTool: .ksdiff) {
2026-09-30T23:58:52.5716420Z       // ...
2026-09-30T23:58:52.5716880Z     }
2026-09-30T23:58:52.5717590Z 
2026-09-30T23:58:52.5718490Z 40939 pixels exceed the native sRGB rounding bound. Newly-taken snapshot does not match reference.
2026-09-30T23:58:52.5722280Z /Users/runner/work/creator-platform/creator-platform/apps/ios/Tests/QelvoraUITests/NativeSnapshotTests.swift:60: error: -[QelvoraUITests.NativeSnapshotTests testComponentCatalogThemes] : failed - Snapshot "CapacityHeader.night" does not match reference.
2026-09-30T23:58:52.5725400Z 
2026-09-30T23:58:52.5725790Z @−
2026-09-30T23:58:52.5727930Z "file:///Users/runner/work/creator-platform/creator-platform/apps/ios/Tests/QelvoraUITests/__Snapshots__/NativeSnapshotTests/testComponentCatalogThemes.CapacityHeader-night.png"
2026-09-30T23:58:52.5730250Z @+
2026-09-30T23:58:52.5732180Z "file:///Users/runner/work/creator-platform/creator-platform/artifacts/ios/snapshot-diffs/NativeSnapshotTests/testComponentCatalogThemes.CapacityHeader-night.png"
2026-09-30T23:58:52.5734150Z 
2026-09-30T23:58:52.5734780Z To configure output for a custom diff tool, use 'withSnapshotTesting'. For example:
2026-09-30T23:58:52.5735750Z 
2026-09-30T23:58:52.5736040Z     withSnapshotTesting(diffTool: .ksdiff) {
2026-09-30T23:58:52.5736790Z       // ...
2026-09-30T23:58:52.5737250Z     }
2026-09-30T23:58:52.5737500Z 
2026-09-30T23:58:52.5738290Z 21080 pixels exceed the native sRGB rounding bound. Newly-taken snapshot does not match reference.
2026-09-30T23:58:52.5742070Z /Users/runner/work/creator-platform/creator-platform/apps/ios/Tests/QelvoraUITests/NativeSnapshotTests.swift:60: error: -[QelvoraUITests.NativeSnapshotTests testComponentCatalogThemes] : failed - Snapshot "LabelPreview.night" does not match reference.
2026-09-30T23:58:52.5745040Z 
2026-09-30T23:58:52.5745300Z @−
2026-09-30T23:58:52.5747340Z "file:///Users/runner/work/creator-platform/creator-platform/apps/ios/Tests/QelvoraUITests/__Snapshots__/NativeSnapshotTests/testComponentCatalogThemes.LabelPreview-night.png"
2026-09-30T23:58:52.5749610Z @+
2026-09-30T23:58:52.5751470Z "file:///Users/runner/work/creator-platform/creator-platform/artifacts/ios/snapshot-diffs/NativeSnapshotTests/testComponentCatalogThemes.LabelPreview-night.png"
2026-09-30T23:58:52.5753420Z 
2026-09-30T23:58:52.5754040Z To configure output for a custom diff tool, use 'withSnapshotTesting'. For example:
2026-09-30T23:58:52.5754990Z 
2026-09-30T23:58:52.5755320Z     withSnapshotTesting(diffTool: .ksdiff) {
2026-09-30T23:58:52.5756060Z       // ...
2026-09-30T23:58:52.5756520Z     }
2026-09-30T23:58:52.5756770Z 
2026-09-30T23:58:52.5757570Z 23125 pixels exceed the native sRGB rounding bound. Newly-taken snapshot does not match reference.
2026-09-30T23:58:52.5761460Z /Users/runner/work/creator-platform/creator-platform/apps/ios/Tests/QelvoraUITests/NativeSnapshotTests.swift:60: error: -[QelvoraUITests.NativeSnapshotTests testComponentCatalogThemes] : failed - Snapshot "SigningSheet.night" does not match reference.
2026-09-30T23:58:52.5764410Z 
2026-09-30T23:58:52.5764660Z @−
2026-09-30T23:58:52.5766760Z "file:///Users/runner/work/creator-platform/creator-platform/apps/ios/Tests/QelvoraUITests/__Snapshots__/NativeSnapshotTests/testComponentCatalogThemes.SigningSheet-night.png"
2026-09-30T23:58:52.5769080Z @+
2026-09-30T23:58:52.5771030Z "file:///Users/runner/work/creator-platform/creator-platform/artifacts/ios/snapshot-diffs/NativeSnapshotTests/testComponentCatalogThemes.SigningSheet-night.png"
2026-09-30T23:58:52.5772980Z 
2026-09-30T23:58:52.5773630Z To configure output for a custom diff tool, use 'withSnapshotTesting'. For example:
2026-09-30T23:58:52.5775670Z 
2026-09-30T23:58:52.5776090Z     withSnapshotTesting(diffTool: .ksdiff) {
2026-09-30T23:58:52.5777040Z       // ...
2026-09-30T23:58:52.5777570Z     }
2026-09-30T23:58:52.5777830Z 
2026-09-30T23:58:52.5778620Z 36553 pixels exceed the native sRGB rounding bound. Newly-taken snapshot does not match reference.
2026-09-30T23:58:52.5782410Z /Users/runner/work/creator-platform/creator-platform/apps/ios/Tests/QelvoraUITests/NativeSnapshotTests.swift:60: error: -[QelvoraUITests.NativeSnapshotTests testComponentCatalogThemes] : failed - Snapshot "AuditBanner.night" does not match reference.
2026-09-30T23:58:52.5786140Z 
2026-09-30T23:58:52.5786480Z @−
2026-09-30T23:58:52.5788800Z "file:///Users/runner/work/creator-platform/creator-platform/apps/ios/Tests/QelvoraUITests/__Snapshots__/NativeSnapshotTests/testComponentCatalogThemes.AuditBanner-night.png"
2026-09-30T23:58:52.5791220Z @+
2026-09-30T23:58:52.5793090Z "file:///Users/runner/work/creator-platform/creator-platform/artifacts/ios/snapshot-diffs/NativeSnapshotTests/testComponentCatalogThemes.AuditBanner-night.png"
2026-09-30T23:58:52.5795170Z 
2026-09-30T23:58:52.5795980Z To configure output for a custom diff tool, use 'withSnapshotTesting'. For example:
2026-09-30T23:58:52.5796960Z 
2026-09-30T23:58:52.5797250Z     withSnapshotTesting(diffTool: .ksdiff) {
2026-09-30T23:58:52.5798000Z       // ...
2026-09-30T23:58:52.5798470Z     }
2026-09-30T23:58:52.5798720Z 
2026-09-30T23:58:52.5799630Z 14215 pixels exceed the native sRGB rounding bound. Newly-taken snapshot does not match reference.
2026-09-30T23:58:52.5803540Z /Users/runner/work/creator-platform/creator-platform/apps/ios/Tests/QelvoraUITests/NativeSnapshotTests.swift:60: error: -[QelvoraUITests.NativeSnapshotTests testComponentCatalogThemes] : failed - Snapshot "SourceRow.night" does not match reference.
2026-09-30T23:58:52.5806470Z 
2026-09-30T23:58:52.5806850Z @−
2026-09-30T23:58:52.5808920Z "file:///Users/runner/work/creator-platform/creator-platform/apps/ios/Tests/QelvoraUITests/__Snapshots__/NativeSnapshotTests/testComponentCatalogThemes.SourceRow-night.png"
2026-09-30T23:58:52.5811390Z @+
2026-09-30T23:58:52.5813280Z "file:///Users/runner/work/creator-platform/creator-platform/artifacts/ios/snapshot-diffs/NativeSnapshotTests/testComponentCatalogThemes.SourceRow-night.png"
2026-09-30T23:58:52.5815300Z 
2026-09-30T23:58:52.5815950Z To configure output for a custom diff tool, use 'withSnapshotTesting'. For example:
2026-09-30T23:58:52.5816930Z 
2026-09-30T23:58:52.5817280Z     withSnapshotTesting(diffTool: .ksdiff) {
2026-09-30T23:58:52.5818060Z       // ...
2026-09-30T23:58:52.5818650Z     }
2026-09-30T23:58:52.5818920Z 
2026-09-30T23:58:52.5819710Z 23356 pixels exceed the native sRGB rounding bound. Newly-taken snapshot does not match reference.
2026-09-30T23:58:52.5823420Z /Users/runner/work/creator-platform/creator-platform/apps/ios/Tests/QelvoraUITests/NativeSnapshotTests.swift:60: error: -[QelvoraUITests.NativeSnapshotTests testComponentCatalogThemes] : failed - Snapshot "Button.night" does not match reference.
2026-09-30T23:58:52.5826460Z 
2026-09-30T23:58:52.5826750Z @−
2026-09-30T23:58:52.5828800Z "file:///Users/runner/work/creator-platform/creator-platform/apps/ios/Tests/QelvoraUITests/__Snapshots__/NativeSnapshotTests/testComponentCatalogThemes.Button-night.png"
2026-09-30T23:58:52.5831160Z @+
2026-09-30T23:58:52.5832950Z "file:///Users/runner/work/creator-platform/creator-platform/artifacts/ios/snapshot-diffs/NativeSnapshotTests/testComponentCatalogThemes.Button-night.png"
2026-09-30T23:58:52.5834930Z 
2026-09-30T23:58:52.5835560Z To configure output for a custom diff tool, use 'withSnapshotTesting'. For example:
2026-09-30T23:58:52.5836510Z 
2026-09-30T23:58:52.5836800Z     withSnapshotTesting(diffTool: .ksdiff) {
2026-09-30T23:58:52.5837540Z       // ...
2026-09-30T23:58:52.5838040Z     }
2026-09-30T23:58:52.5838300Z 
2026-09-30T23:58:52.5839100Z 26539 pixels exceed the native sRGB rounding bound. Newly-taken snapshot does not match reference.
2026-09-30T23:58:52.5843410Z /Users/runner/work/creator-platform/creator-platform/apps/ios/Tests/QelvoraUITests/NativeSnapshotTests.swift:60: error: -[QelvoraUITests.NativeSnapshotTests testComponentCatalogThemes] : failed - Snapshot "TabBar.night" does not match reference.
2026-09-30T23:58:52.5846560Z 
2026-09-30T23:58:52.5846880Z @−
2026-09-30T23:58:52.5848830Z "file:///Users/runner/work/creator-platform/creator-platform/apps/ios/Tests/QelvoraUITests/__Snapshots__/NativeSnapshotTests/testComponentCatalogThemes.TabBar-night.png"
2026-09-30T23:58:52.5851620Z @+
2026-09-30T23:58:52.5853410Z "file:///Users/runner/work/creator-platform/creator-platform/artifacts/ios/snapshot-diffs/NativeSnapshotTests/testComponentCatalogThemes.TabBar-night.png"
2026-09-30T23:58:52.5855280Z 
2026-09-30T23:58:52.5855920Z To configure output for a custom diff tool, use 'withSnapshotTesting'. For example:
2026-09-30T23:58:52.5856860Z 
2026-09-30T23:58:52.5857150Z     withSnapshotTesting(diffTool: .ksdiff) {
2026-09-30T23:58:52.5857880Z       // ...
2026-09-30T23:58:52.5858400Z     }
2026-09-30T23:58:52.5858670Z 
2026-09-30T23:58:52.5859440Z 6082 pixels exceed the native sRGB rounding bound. Newly-taken snapshot does not match reference.
2026-09-30T23:58:52.5863130Z /Users/runner/work/creator-platform/creator-platform/apps/ios/Tests/QelvoraUITests/NativeSnapshotTests.swift:60: error: -[QelvoraUITests.NativeSnapshotTests testComponentCatalogThemes] : failed - Snapshot "Segmented.night" does not match reference.
2026-09-30T23:58:52.5866050Z 
2026-09-30T23:58:52.5866330Z @−
2026-09-30T23:58:52.5868320Z "file:///Users/runner/work/creator-platform/creator-platform/apps/ios/Tests/QelvoraUITests/__Snapshots__/NativeSnapshotTests/testComponentCatalogThemes.Segmented-night.png"
2026-09-30T23:58:52.5870550Z @+
2026-09-30T23:58:52.5872380Z "file:///Users/runner/work/creator-platform/creator-platform/artifacts/ios/snapshot-diffs/NativeSnapshotTests/testComponentCatalogThemes.Segmented-night.png"
2026-09-30T23:58:52.5874280Z 
2026-09-30T23:58:52.5874910Z To configure output for a custom diff tool, use 'withSnapshotTesting'. For example:
2026-09-30T23:58:52.5875860Z 
2026-09-30T23:58:52.5876140Z     withSnapshotTesting(diffTool: .ksdiff) {
2026-09-30T23:58:52.5876880Z       // ...
2026-09-30T23:58:52.5877340Z     }
2026-09-30T23:58:52.5877590Z 
2026-09-30T23:58:52.5878380Z 8192 pixels exceed the native sRGB rounding bound. Newly-taken snapshot does not match reference.
2026-09-30T23:58:52.5882050Z /Users/runner/work/creator-platform/creator-platform/apps/ios/Tests/QelvoraUITests/NativeSnapshotTests.swift:60: error: -[QelvoraUITests.NativeSnapshotTests testComponentCatalogThemes] : failed - Snapshot "Notice.night" does not match reference.
2026-09-30T23:58:52.5885220Z 
2026-09-30T23:58:52.5885510Z @−
2026-09-30T23:58:52.5887620Z "file:///Users/runner/work/creator-platform/creator-platform/apps/ios/Tests/QelvoraUITests/__Snapshots__/NativeSnapshotTests/testComponentCatalogThemes.Notice-night.png"
2026-09-30T23:58:52.5889870Z @+
2026-09-30T23:58:52.5891680Z "file:///Users/runner/work/creator-platform/creator-platform/artifacts/ios/snapshot-diffs/NativeSnapshotTests/testComponentCatalogThemes.Notice-night.png"
2026-09-30T23:58:52.5893580Z 
2026-09-30T23:58:52.5894260Z To configure output for a custom diff tool, use 'withSnapshotTesting'. For example:
2026-09-30T23:58:52.5895210Z 
2026-09-30T23:58:52.5895570Z     withSnapshotTesting(diffTool: .ksdiff) {
2026-09-30T23:58:52.5896320Z       // ...
2026-09-30T23:58:52.5896780Z     }
2026-09-30T23:58:52.5897040Z 
2026-09-30T23:58:52.5897900Z 26811 pixels exceed the native sRGB rounding bound. Newly-taken snapshot does not match reference.
2026-09-30T23:58:52.5901860Z /Users/runner/work/creator-platform/creator-platform/apps/ios/Tests/QelvoraUITests/NativeSnapshotTests.swift:60: error: -[QelvoraUITests.NativeSnapshotTests testComponentCatalogThemes] : failed - Snapshot "NotificationRow.night" does not match reference.
2026-09-30T23:58:52.5904860Z 
2026-09-30T23:58:52.5905140Z @−
2026-09-30T23:58:52.5907840Z "file:///Users/runner/work/creator-platform/creator-platform/apps/ios/Tests/QelvoraUITests/__Snapshots__/NativeSnapshotTests/testComponentCatalogThemes.NotificationRow-night.png"
2026-09-30T23:58:52.5910540Z @+
2026-09-30T23:58:52.5912460Z "file:///Users/runner/work/creator-platform/creator-platform/artifacts/ios/snapshot-diffs/NativeSnapshotTests/testComponentCatalogThemes.NotificationRow-night.png"
2026-09-30T23:58:52.5914460Z 
2026-09-30T23:58:52.5915100Z To configure output for a custom diff tool, use 'withSnapshotTesting'. For example:
2026-09-30T23:58:52.5916440Z 
2026-09-30T23:58:52.5916730Z     withSnapshotTesting(diffTool: .ksdiff) {
2026-09-30T23:58:52.5917470Z       // ...
2026-09-30T23:58:52.5917930Z     }
2026-09-30T23:58:52.5918190Z 
2026-09-30T23:58:52.5918980Z 68361 pixels exceed the native sRGB rounding bound. Newly-taken snapshot does not match reference.
2026-10-01T00:14:27.9689110Z ##[error]The operation was canceled.
2026-10-01T00:14:27.9959640Z ##[group]Run actions/upload-artifact@v4
2026-10-01T00:14:27.9960270Z with:
2026-10-01T00:14:27.9960620Z   name: ios-review
2026-10-01T00:14:27.9961030Z   path: artifacts/ios
2026-10-01T00:14:27.9961460Z   if-no-files-found: warn
2026-10-01T00:14:27.9961910Z   compression-level: 6
2026-10-01T00:14:27.9962340Z   overwrite: false
2026-10-01T00:14:27.9962750Z   include-hidden-files: false
2026-10-01T00:14:27.9963210Z env:
2026-10-01T00:14:27.9963740Z   DEVELOPER_DIR: /Applications/Xcode_26.5.app/Contents/Developer
2026-10-01T00:14:27.9964950Z   SNAPSHOT_ARTIFACTS: /Users/runner/work/creator-platform/creator-platform/artifacts/ios/snapshot-diffs
2026-10-01T00:14:27.9966020Z ##[endgroup]
2026-10-01T00:14:28.9762870Z (node:62601) [DEP0040] DeprecationWarning: The `punycode` module is deprecated. Please use a userland alternative instead.
2026-10-01T00:14:28.9767020Z (Use `node --trace-deprecation ...` to show where the warning was created)
2026-10-01T00:14:29.6183160Z With the provided path, there will be 1228 files uploaded
2026-10-01T00:14:29.6186410Z Artifact name is valid!
2026-10-01T00:14:29.6188160Z Root directory input is valid!
2026-10-01T00:14:30.0496220Z Beginning upload of artifact content to blob storage
2026-10-01T00:14:30.8491610Z (node:62601) [DEP0169] DeprecationWarning: `url.parse()` behavior is not standardized and prone to errors that have security implications. Use the WHATWG URL API instead. CVEs are not issued for `url.parse()` vulnerabilities.
2026-10-01T00:14:31.7504400Z Uploaded bytes 8388608
2026-10-01T00:14:32.3546240Z Uploaded bytes 16777216
2026-10-01T00:14:32.4324650Z Uploaded bytes 25165824
2026-10-01T00:14:33.5401310Z Uploaded bytes 33554432
2026-10-01T00:14:34.5036020Z Uploaded bytes 41943040
2026-10-01T00:14:35.0166790Z Uploaded bytes 50331648
2026-10-01T00:14:35.6346320Z Uploaded bytes 58720256
2026-10-01T00:14:36.3035160Z Uploaded bytes 67108864
2026-10-01T00:14:38.2887990Z Uploaded bytes 75497472
2026-10-01T00:14:39.0384410Z Uploaded bytes 82561900
2026-10-01T00:14:39.1154780Z Finished uploading artifact content to blob storage!
2026-10-01T00:14:39.1163380Z SHA256 digest of uploaded artifact zip is cbd9ea3e899d06c037e497934796a2aa791e25ce59a0e1b9cfc10e5be5ef2b7d
2026-10-01T00:14:39.1167310Z Finalizing artifact upload
2026-10-01T00:14:39.5543170Z Artifact ios-review.zip successfully finalized. Artifact ID 11133154565
2026-10-01T00:14:39.5545450Z Artifact ios-review has been successfully uploaded! Final size is 82561900 bytes. Artifact ID is 11133154565
2026-10-01T00:14:39.5569070Z Artifact download URL: https://github.com/WangPantopus/creator-platform/actions/runs/36790849898/artifacts/11133154565
2026-10-01T00:14:39.6142310Z Post job cleanup.
2026-10-01T00:14:39.8587770Z [command]/usr/local/bin/git version
2026-10-01T00:14:39.9326770Z git version 2.55.0
2026-10-01T00:14:39.9398110Z Copying '/Users/runner/.gitconfig' to '/Users/runner/work/_temp/acca08b4-fcaf-490e-804e-9a8da22c9d6c/.gitconfig'
2026-10-01T00:14:39.9425140Z Temporarily overriding HOME='/Users/runner/work/_temp/acca08b4-fcaf-490e-804e-9a8da22c9d6c' before making global git config changes
2026-10-01T00:14:39.9427590Z Adding repository directory to the temporary git global config as a safe directory
2026-10-01T00:14:39.9437410Z [command]/usr/local/bin/git config --global --add safe.directory /Users/runner/work/creator-platform/creator-platform
2026-10-01T00:14:40.0755620Z [command]/usr/local/bin/git config --local --name-only --get-regexp core\.sshCommand
2026-10-01T00:14:40.0769640Z [command]/usr/local/bin/git submodule foreach --recursive sh -c "git config --local --name-only --get-regexp 'core\.sshCommand' && git config --local --unset-all 'core.sshCommand' || :"
2026-10-01T00:14:40.3127390Z [command]/usr/local/bin/git config --local --name-only --get-regexp http\.https\:\/\/github\.com\/\.extraheader
2026-10-01T00:14:40.3287930Z http.https://github.com/.extraheader
2026-10-01T00:14:40.3312370Z [command]/usr/local/bin/git config --local --unset-all http.https://github.com/.extraheader
2026-10-01T00:14:40.3511670Z [command]/usr/local/bin/git submodule foreach --recursive sh -c "git config --local --name-only --get-regexp 'http\.https\:\/\/github\.com\/\.extraheader' && git config --local --unset-all 'http.https://github.com/.extraheader' || :"
2026-10-01T00:14:40.6171560Z [command]/usr/local/bin/git config --local --name-only --get-regexp ^includeIf\.gitdir:
2026-10-01T00:14:40.6179280Z [command]/usr/local/bin/git submodule foreach --recursive git config --local --show-origin --name-only --get-regexp remote.origin.url
2026-10-01T00:14:40.8596170Z Cleaning up orphan processes
2026-10-01T00:14:41.4638230Z Terminate orphan process: pid (31709) (xctest)
2026-10-01T00:14:41.6834590Z Terminate orphan process: pid (25611) (swift-package)
2026-10-01T00:14:43.3396650Z ##[warning]Node.js 20 is deprecated. The following actions target Node.js 20 but are being forced to run on Node.js 24: actions/checkout@v4, actions/upload-artifact@v4. For more information see: https://github.blog/changelog/2025-09-19-deprecation-of-node-20-on-github-actions-runners/
