Command line invocation:
    /Applications/Xcode.app/Contents/Developer/usr/bin/xcodebuild -project apps/ios/QelvoraApp.xcodeproj -scheme QelvoraApp -configuration Debug -destination "platform=iOS Simulator,id=90934313-E0DD-445C-B8AF-AA8188BD2AC0" -derivedDataPath /private/tmp/creator-w7-takeover-ios/DerivedData build CODE_SIGNING_ALLOWED=YES CODE_SIGN_IDENTITY=-

Build settings from command line:
    CODE_SIGN_IDENTITY = -
    CODE_SIGNING_ALLOWED = YES

Resolve Package Graph

Fetching from https://github.com/swiftlang/swift-syntax (cached)

Fetching from https://github.com/pointfreeco/swift-custom-dump (cached)

Fetching from https://github.com/pointfreeco/swift-issue-reporting (cached)

Fetching from https://github.com/pointfreeco/swift-snapshot-testing.git (cached)

Fetching from https://github.com/pointfreeco/xctest-dynamic-overlay (cached)

Creating working copy of package ‘swift-custom-dump’

Checking out 1.7.3 of package ‘swift-custom-dump’

Creating working copy of package ‘swift-syntax’

Checking out 604.0.0 of package ‘swift-syntax’

Creating working copy of package ‘swift-snapshot-testing’

Checking out 1.19.6 of package ‘swift-snapshot-testing’

Creating working copy of package ‘xctest-dynamic-overlay’

Checking out 1.13.1 of package ‘xctest-dynamic-overlay’


Resolved source packages:
  swift-custom-dump: https://github.com/pointfreeco/swift-custom-dump @ 1.7.3
  xctest-dynamic-overlay: https://github.com/pointfreeco/xctest-dynamic-overlay @ 1.13.1
  swift-snapshot-testing: https://github.com/pointfreeco/swift-snapshot-testing.git @ 1.19.6
  QelvoraNative: /Users/yingpengwang/.codex/worktrees/0546/creator-platform/apps/ios
  swift-syntax: https://github.com/swiftlang/swift-syntax @ 604.0.0

note: Using codesigning identity override: -
ComputePackagePrebuildTargetDependencyGraph

Prepare packages

CreateBuildRequest

SendProjectDescription

CreateBuildOperation

ComputeTargetDependencyGraph
note: Building targets in dependency order
note: Target dependency graph (4 targets)
    Target 'QelvoraApp' in project 'QelvoraApp'
        ➜ Explicit dependency on target 'QelvoraUI' in project 'QelvoraNative'
    Target 'QelvoraUI' in project 'QelvoraNative'
        ➜ Explicit dependency on target 'QelvoraUI' in project 'QelvoraNative'
        ➜ Explicit dependency on target 'QelvoraNative_QelvoraUI' in project 'QelvoraNative'
    Target 'QelvoraUI' in project 'QelvoraNative'
        ➜ Explicit dependency on target 'QelvoraNative_QelvoraUI' in project 'QelvoraNative'
    Target 'QelvoraNative_QelvoraUI' in project 'QelvoraNative' (no dependencies)

GatherProvisioningInputs

CreateBuildDescription

ExecuteExternalTool /Applications/Xcode.app/Contents/Developer/Toolchains/XcodeDefault.xctoolchain/usr/bin/clang -v -E -dM -isysroot /Applications/Xcode.app/Contents/Developer/Platforms/iPhoneSimulator.platform/Developer/SDKs/iPhoneSimulator26.5.sdk -x c -c /dev/null

ExecuteExternalTool /Applications/Xcode.app/Contents/Developer/Toolchains/XcodeDefault.xctoolchain/usr/bin/swiftc --version

ExecuteExternalTool /Applications/Xcode.app/Contents/Developer/usr/bin/xcstringstool compile --dry-run --output-directory /tmp/creator-w7-takeover-ios/DerivedData/Build/Intermediates.noindex/QelvoraNative.build/Debug-iphonesimulator/QelvoraNative_QelvoraUI.build /Users/yingpengwang/.codex/worktrees/0546/creator-platform/apps/ios/Sources/Generated/Localizable.xcstrings

ExecuteExternalTool /Applications/Xcode.app/Contents/Developer/Toolchains/XcodeDefault.xctoolchain/usr/bin/ld -version_details

Build description signature: 10c99e92466686051b4063d187e0e635
Build description path: /tmp/creator-w7-takeover-ios/DerivedData/Build/Intermediates.noindex/XCBuildData/10c99e92466686051b4063d187e0e635.xcbuilddata
ClangStatCache /Applications/Xcode.app/Contents/Developer/Toolchains/XcodeDefault.xctoolchain/usr/bin/clang-stat-cache /Applications/Xcode.app/Contents/Developer/Platforms/iPhoneSimulator.platform/Developer/SDKs/iPhoneSimulator26.5.sdk /tmp/creator-w7-takeover-ios/DerivedData/SDKStatCaches.noindex/iphonesimulator26.5-23F73-6cfe768891a92b912361537c460fe42b.sdkstatcache
    cd /Users/yingpengwang/.codex/worktrees/0546/creator-platform/apps/ios/QelvoraApp.xcodeproj
    /Applications/Xcode.app/Contents/Developer/Toolchains/XcodeDefault.xctoolchain/usr/bin/clang-stat-cache /Applications/Xcode.app/Contents/Developer/Platforms/iPhoneSimulator.platform/Developer/SDKs/iPhoneSimulator26.5.sdk -o /tmp/creator-w7-takeover-ios/DerivedData/SDKStatCaches.noindex/iphonesimulator26.5-23F73-6cfe768891a92b912361537c460fe42b.sdkstatcache

CreateBuildDirectory /tmp/creator-w7-takeover-ios/DerivedData/Build/Products
    cd /Users/yingpengwang/.codex/worktrees/0546/creator-platform/apps/ios/QelvoraApp.xcodeproj
    builtin-create-build-directory /tmp/creator-w7-takeover-ios/DerivedData/Build/Products

CreateBuildDirectory /tmp/creator-w7-takeover-ios/DerivedData/Build/Intermediates.noindex
    cd /Users/yingpengwang/.codex/worktrees/0546/creator-platform/apps/ios/QelvoraApp.xcodeproj
    builtin-create-build-directory /tmp/creator-w7-takeover-ios/DerivedData/Build/Intermediates.noindex

CreateBuildDirectory /tmp/creator-w7-takeover-ios/DerivedData/Build/Intermediates.noindex/SwiftExplicitPrecompiledModules
    cd /Users/yingpengwang/.codex/worktrees/0546/creator-platform/apps/ios/QelvoraApp.xcodeproj
    builtin-create-build-directory /tmp/creator-w7-takeover-ios/DerivedData/Build/Intermediates.noindex/SwiftExplicitPrecompiledModules

CreateBuildDirectory /tmp/creator-w7-takeover-ios/DerivedData/Build/Intermediates.noindex/ExplicitPrecompiledModules
    cd /Users/yingpengwang/.codex/worktrees/0546/creator-platform/apps/ios/QelvoraApp.xcodeproj
    builtin-create-build-directory /tmp/creator-w7-takeover-ios/DerivedData/Build/Intermediates.noindex/ExplicitPrecompiledModules

CreateBuildDirectory /tmp/creator-w7-takeover-ios/DerivedData/Build/Intermediates.noindex/EagerLinkingTBDs/Debug-iphonesimulator
    cd /Users/yingpengwang/.codex/worktrees/0546/creator-platform/apps/ios/QelvoraApp.xcodeproj
    builtin-create-build-directory /tmp/creator-w7-takeover-ios/DerivedData/Build/Intermediates.noindex/EagerLinkingTBDs/Debug-iphonesimulator

CreateBuildDirectory /tmp/creator-w7-takeover-ios/DerivedData/Build/Products/Debug-iphonesimulator
    cd /Users/yingpengwang/.codex/worktrees/0546/creator-platform/apps/ios/QelvoraApp.xcodeproj
    builtin-create-build-directory /tmp/creator-w7-takeover-ios/DerivedData/Build/Products/Debug-iphonesimulator

WriteAuxiliaryFile /tmp/creator-w7-takeover-ios/DerivedData/Build/Intermediates.noindex/QelvoraApp.build/Debug-iphonesimulator/QelvoraApp-29b244ef777fcfbcbef7f347c6fce175-VFS-iphonesimulator/all-product-headers.yaml
    cd /Users/yingpengwang/.codex/worktrees/0546/creator-platform/apps/ios/QelvoraApp.xcodeproj
    write-file /tmp/creator-w7-takeover-ios/DerivedData/Build/Intermediates.noindex/QelvoraApp.build/Debug-iphonesimulator/QelvoraApp-29b244ef777fcfbcbef7f347c6fce175-VFS-iphonesimulator/all-product-headers.yaml

CreateBuildDirectory /tmp/creator-w7-takeover-ios/DerivedData/Build/Products/Debug-iphonesimulator/PackageFrameworks
    cd /Users/yingpengwang/.codex/worktrees/0546/creator-platform/apps/ios/QelvoraApp.xcodeproj
    builtin-create-build-directory /tmp/creator-w7-takeover-ios/DerivedData/Build/Products/Debug-iphonesimulator/PackageFrameworks

MkDir /tmp/creator-w7-takeover-ios/DerivedData/Build/Products/Debug-iphonesimulator/QelvoraNative_QelvoraUI.bundle (in target 'QelvoraNative_QelvoraUI' from project 'QelvoraNative')
    cd /Users/yingpengwang/.codex/worktrees/0546/creator-platform/apps/ios
    /bin/mkdir -p /tmp/creator-w7-takeover-ios/DerivedData/Build/Products/Debug-iphonesimulator/QelvoraNative_QelvoraUI.bundle

WriteAuxiliaryFile /tmp/creator-w7-takeover-ios/DerivedData/Build/Intermediates.noindex/QelvoraNative.build/Debug-iphonesimulator/QelvoraUI.build/QelvoraUI.modulemap (in target 'QelvoraUI' from project 'QelvoraNative')
    cd /Users/yingpengwang/.codex/worktrees/0546/creator-platform/apps/ios
    write-file /tmp/creator-w7-takeover-ios/DerivedData/Build/Intermediates.noindex/QelvoraNative.build/Debug-iphonesimulator/QelvoraUI.build/QelvoraUI.modulemap

WriteAuxiliaryFile /tmp/creator-w7-takeover-ios/DerivedData/Build/Intermediates.noindex/QelvoraNative.build/Debug-iphonesimulator/QelvoraNative_QelvoraUI.build/empty-QelvoraNative_QelvoraUI.plist (in target 'QelvoraNative_QelvoraUI' from project 'QelvoraNative')
    cd /Users/yingpengwang/.codex/worktrees/0546/creator-platform/apps/ios
    write-file /tmp/creator-w7-takeover-ios/DerivedData/Build/Intermediates.noindex/QelvoraNative.build/Debug-iphonesimulator/QelvoraNative_QelvoraUI.build/empty-QelvoraNative_QelvoraUI.plist

WriteAuxiliaryFile /tmp/creator-w7-takeover-ios/DerivedData/Build/Intermediates.noindex/QelvoraNative.build/Debug-iphonesimulator/QelvoraUI.build/QelvoraUI.DependencyStaticMetadataFileList (in target 'QelvoraUI' from project 'QelvoraNative')
    cd /Users/yingpengwang/.codex/worktrees/0546/creator-platform/apps/ios
    write-file /tmp/creator-w7-takeover-ios/DerivedData/Build/Intermediates.noindex/QelvoraNative.build/Debug-iphonesimulator/QelvoraUI.build/QelvoraUI.DependencyStaticMetadataFileList

WriteAuxiliaryFile /tmp/creator-w7-takeover-ios/DerivedData/Build/Intermediates.noindex/QelvoraNative.build/Debug-iphonesimulator/QelvoraUI.build/QelvoraUI.DependencyMetadataFileList (in target 'QelvoraUI' from project 'QelvoraNative')
    cd /Users/yingpengwang/.codex/worktrees/0546/creator-platform/apps/ios
    write-file /tmp/creator-w7-takeover-ios/DerivedData/Build/Intermediates.noindex/QelvoraNative.build/Debug-iphonesimulator/QelvoraUI.build/QelvoraUI.DependencyMetadataFileList

WriteAuxiliaryFile /tmp/creator-w7-takeover-ios/DerivedData/Build/Intermediates.noindex/QelvoraNative.build/Debug-iphonesimulator/QelvoraNative_QelvoraUI.build/QelvoraNative_QelvoraUI.DependencyStaticMetadataFileList (in target 'QelvoraNative_QelvoraUI' from project 'QelvoraNative')
    cd /Users/yingpengwang/.codex/worktrees/0546/creator-platform/apps/ios
    write-file /tmp/creator-w7-takeover-ios/DerivedData/Build/Intermediates.noindex/QelvoraNative.build/Debug-iphonesimulator/QelvoraNative_QelvoraUI.build/QelvoraNative_QelvoraUI.DependencyStaticMetadataFileList

WriteAuxiliaryFile /tmp/creator-w7-takeover-ios/DerivedData/Build/Intermediates.noindex/QelvoraApp.build/Debug-iphonesimulator/QelvoraApp.build/QelvoraApp.hmap (in target 'QelvoraApp' from project 'QelvoraApp')
    cd /Users/yingpengwang/.codex/worktrees/0546/creator-platform/apps/ios
    write-file /tmp/creator-w7-takeover-ios/DerivedData/Build/Intermediates.noindex/QelvoraApp.build/Debug-iphonesimulator/QelvoraApp.build/QelvoraApp.hmap

WriteAuxiliaryFile /tmp/creator-w7-takeover-ios/DerivedData/Build/Intermediates.noindex/QelvoraNative.build/Debug-iphonesimulator/QelvoraNative_QelvoraUI.build/QelvoraNative_QelvoraUI.DependencyMetadataFileList (in target 'QelvoraNative_QelvoraUI' from project 'QelvoraNative')
    cd /Users/yingpengwang/.codex/worktrees/0546/creator-platform/apps/ios
    write-file /tmp/creator-w7-takeover-ios/DerivedData/Build/Intermediates.noindex/QelvoraNative.build/Debug-iphonesimulator/QelvoraNative_QelvoraUI.build/QelvoraNative_QelvoraUI.DependencyMetadataFileList

WriteAuxiliaryFile /tmp/creator-w7-takeover-ios/DerivedData/Build/Intermediates.noindex/QelvoraNative.build/Debug-iphonesimulator/QelvoraUI.build/DerivedSources/resource_bundle_accessor.swift (in target 'QelvoraUI' from project 'QelvoraNative')
    cd /Users/yingpengwang/.codex/worktrees/0546/creator-platform/apps/ios
    write-file /tmp/creator-w7-takeover-ios/DerivedData/Build/Intermediates.noindex/QelvoraNative.build/Debug-iphonesimulator/QelvoraUI.build/DerivedSources/resource_bundle_accessor.swift

WriteAuxiliaryFile /tmp/creator-w7-takeover-ios/DerivedData/Build/Intermediates.noindex/QelvoraNative.build/Debug-iphonesimulator/QelvoraUI.build/Objects-normal/x86_64/QelvoraUI.SwiftFileList (in target 'QelvoraUI' from project 'QelvoraNative')
    cd /Users/yingpengwang/.codex/worktrees/0546/creator-platform/apps/ios
    write-file /tmp/creator-w7-takeover-ios/DerivedData/Build/Intermediates.noindex/QelvoraNative.build/Debug-iphonesimulator/QelvoraUI.build/Objects-normal/x86_64/QelvoraUI.SwiftFileList

WriteAuxiliaryFile /tmp/creator-w7-takeover-ios/DerivedData/Build/Intermediates.noindex/QelvoraNative.build/Debug-iphonesimulator/QelvoraUI.build/Objects-normal/x86_64/QelvoraUI.LinkFileList (in target 'QelvoraUI' from project 'QelvoraNative')
    cd /Users/yingpengwang/.codex/worktrees/0546/creator-platform/apps/ios
    write-file /tmp/creator-w7-takeover-ios/DerivedData/Build/Intermediates.noindex/QelvoraNative.build/Debug-iphonesimulator/QelvoraUI.build/Objects-normal/x86_64/QelvoraUI.LinkFileList

WriteAuxiliaryFile /tmp/creator-w7-takeover-ios/DerivedData/Build/Intermediates.noindex/QelvoraNative.build/Debug-iphonesimulator/QelvoraUI.build/Objects-normal/x86_64/QelvoraUI-OutputFileMap.json (in target 'QelvoraUI' from project 'QelvoraNative')
    cd /Users/yingpengwang/.codex/worktrees/0546/creator-platform/apps/ios
    write-file /tmp/creator-w7-takeover-ios/DerivedData/Build/Intermediates.noindex/QelvoraNative.build/Debug-iphonesimulator/QelvoraUI.build/Objects-normal/x86_64/QelvoraUI-OutputFileMap.json

WriteAuxiliaryFile /tmp/creator-w7-takeover-ios/DerivedData/Build/Intermediates.noindex/QelvoraNative.build/Debug-iphonesimulator/QelvoraUI.build/Objects-normal/x86_64/QelvoraUI.SwiftConstValuesFileList (in target 'QelvoraUI' from project 'QelvoraNative')
    cd /Users/yingpengwang/.codex/worktrees/0546/creator-platform/apps/ios
    write-file /tmp/creator-w7-takeover-ios/DerivedData/Build/Intermediates.noindex/QelvoraNative.build/Debug-iphonesimulator/QelvoraUI.build/Objects-normal/x86_64/QelvoraUI.SwiftConstValuesFileList

WriteAuxiliaryFile /tmp/creator-w7-takeover-ios/DerivedData/Build/Intermediates.noindex/QelvoraNative.build/Debug-iphonesimulator/QelvoraUI.build/Objects-normal/x86_64/QelvoraUI_const_extract_protocols.json (in target 'QelvoraUI' from project 'QelvoraNative')
    cd /Users/yingpengwang/.codex/worktrees/0546/creator-platform/apps/ios
    write-file /tmp/creator-w7-takeover-ios/DerivedData/Build/Intermediates.noindex/QelvoraNative.build/Debug-iphonesimulator/QelvoraUI.build/Objects-normal/x86_64/QelvoraUI_const_extract_protocols.json

WriteAuxiliaryFile /tmp/creator-w7-takeover-ios/DerivedData/Build/Intermediates.noindex/QelvoraApp.build/Debug-iphonesimulator/QelvoraApp.build/QelvoraApp.DependencyStaticMetadataFileList (in target 'QelvoraApp' from project 'QelvoraApp')
    cd /Users/yingpengwang/.codex/worktrees/0546/creator-platform/apps/ios
    write-file /tmp/creator-w7-takeover-ios/DerivedData/Build/Intermediates.noindex/QelvoraApp.build/Debug-iphonesimulator/QelvoraApp.build/QelvoraApp.DependencyStaticMetadataFileList

WriteAuxiliaryFile /tmp/creator-w7-takeover-ios/DerivedData/Build/Intermediates.noindex/QelvoraApp.build/Debug-iphonesimulator/QelvoraApp.build/QelvoraApp.DependencyMetadataFileList (in target 'QelvoraApp' from project 'QelvoraApp')
    cd /Users/yingpengwang/.codex/worktrees/0546/creator-platform/apps/ios
    write-file /tmp/creator-w7-takeover-ios/DerivedData/Build/Intermediates.noindex/QelvoraApp.build/Debug-iphonesimulator/QelvoraApp.build/QelvoraApp.DependencyMetadataFileList

WriteAuxiliaryFile /tmp/creator-w7-takeover-ios/DerivedData/Build/Intermediates.noindex/QelvoraApp.build/Debug-iphonesimulator/QelvoraApp.build/QelvoraApp-project-headers.hmap (in target 'QelvoraApp' from project 'QelvoraApp')
    cd /Users/yingpengwang/.codex/worktrees/0546/creator-platform/apps/ios
    write-file /tmp/creator-w7-takeover-ios/DerivedData/Build/Intermediates.noindex/QelvoraApp.build/Debug-iphonesimulator/QelvoraApp.build/QelvoraApp-project-headers.hmap

WriteAuxiliaryFile /tmp/creator-w7-takeover-ios/DerivedData/Build/Intermediates.noindex/QelvoraApp.build/Debug-iphonesimulator/QelvoraApp.build/QelvoraApp-own-target-headers.hmap (in target 'QelvoraApp' from project 'QelvoraApp')
    cd /Users/yingpengwang/.codex/worktrees/0546/creator-platform/apps/ios
    write-file /tmp/creator-w7-takeover-ios/DerivedData/Build/Intermediates.noindex/QelvoraApp.build/Debug-iphonesimulator/QelvoraApp.build/QelvoraApp-own-target-headers.hmap

WriteAuxiliaryFile /tmp/creator-w7-takeover-ios/DerivedData/Build/Intermediates.noindex/QelvoraApp.build/Debug-iphonesimulator/QelvoraApp.build/QelvoraApp-generated-files.hmap (in target 'QelvoraApp' from project 'QelvoraApp')
    cd /Users/yingpengwang/.codex/worktrees/0546/creator-platform/apps/ios
    write-file /tmp/creator-w7-takeover-ios/DerivedData/Build/Intermediates.noindex/QelvoraApp.build/Debug-iphonesimulator/QelvoraApp.build/QelvoraApp-generated-files.hmap

WriteAuxiliaryFile /tmp/creator-w7-takeover-ios/DerivedData/Build/Intermediates.noindex/QelvoraApp.build/Debug-iphonesimulator/QelvoraApp.build/QelvoraApp-all-non-framework-target-headers.hmap (in target 'QelvoraApp' from project 'QelvoraApp')
    cd /Users/yingpengwang/.codex/worktrees/0546/creator-platform/apps/ios
    write-file /tmp/creator-w7-takeover-ios/DerivedData/Build/Intermediates.noindex/QelvoraApp.build/Debug-iphonesimulator/QelvoraApp.build/QelvoraApp-all-non-framework-target-headers.hmap

WriteAuxiliaryFile /tmp/creator-w7-takeover-ios/DerivedData/Build/Intermediates.noindex/QelvoraApp.build/Debug-iphonesimulator/QelvoraApp.build/QelvoraApp-all-target-headers.hmap (in target 'QelvoraApp' from project 'QelvoraApp')
    cd /Users/yingpengwang/.codex/worktrees/0546/creator-platform/apps/ios
    write-file /tmp/creator-w7-takeover-ios/DerivedData/Build/Intermediates.noindex/QelvoraApp.build/Debug-iphonesimulator/QelvoraApp.build/QelvoraApp-all-target-headers.hmap

WriteAuxiliaryFile /tmp/creator-w7-takeover-ios/DerivedData/Build/Intermediates.noindex/QelvoraApp.build/Debug-iphonesimulator/QelvoraApp.build/QelvoraApp-DebugDylibPath-normal-x86_64.txt (in target 'QelvoraApp' from project 'QelvoraApp')
    cd /Users/yingpengwang/.codex/worktrees/0546/creator-platform/apps/ios
    write-file /tmp/creator-w7-takeover-ios/DerivedData/Build/Intermediates.noindex/QelvoraApp.build/Debug-iphonesimulator/QelvoraApp.build/QelvoraApp-DebugDylibPath-normal-x86_64.txt

WriteAuxiliaryFile /tmp/creator-w7-takeover-ios/DerivedData/Build/Intermediates.noindex/QelvoraApp.build/Debug-iphonesimulator/QelvoraApp.build/QelvoraApp-DebugDylibInstallName-normal-x86_64.txt (in target 'QelvoraApp' from project 'QelvoraApp')
    cd /Users/yingpengwang/.codex/worktrees/0546/creator-platform/apps/ios
    write-file /tmp/creator-w7-takeover-ios/DerivedData/Build/Intermediates.noindex/QelvoraApp.build/Debug-iphonesimulator/QelvoraApp.build/QelvoraApp-DebugDylibInstallName-normal-x86_64.txt

WriteAuxiliaryFile /tmp/creator-w7-takeover-ios/DerivedData/Build/Intermediates.noindex/QelvoraApp.build/Debug-iphonesimulator/QelvoraApp.build/Objects-normal/x86_64/QelvoraApp_const_extract_protocols.json (in target 'QelvoraApp' from project 'QelvoraApp')
    cd /Users/yingpengwang/.codex/worktrees/0546/creator-platform/apps/ios
    write-file /tmp/creator-w7-takeover-ios/DerivedData/Build/Intermediates.noindex/QelvoraApp.build/Debug-iphonesimulator/QelvoraApp.build/Objects-normal/x86_64/QelvoraApp_const_extract_protocols.json

WriteAuxiliaryFile /tmp/creator-w7-takeover-ios/DerivedData/Build/Intermediates.noindex/QelvoraApp.build/Debug-iphonesimulator/QelvoraApp.build/Objects-normal/x86_64/QelvoraApp.SwiftFileList (in target 'QelvoraApp' from project 'QelvoraApp')
    cd /Users/yingpengwang/.codex/worktrees/0546/creator-platform/apps/ios
    write-file /tmp/creator-w7-takeover-ios/DerivedData/Build/Intermediates.noindex/QelvoraApp.build/Debug-iphonesimulator/QelvoraApp.build/Objects-normal/x86_64/QelvoraApp.SwiftFileList

WriteAuxiliaryFile /tmp/creator-w7-takeover-ios/DerivedData/Build/Intermediates.noindex/QelvoraApp.build/Debug-iphonesimulator/QelvoraApp.build/Objects-normal/x86_64/QelvoraApp.SwiftConstValuesFileList (in target 'QelvoraApp' from project 'QelvoraApp')
    cd /Users/yingpengwang/.codex/worktrees/0546/creator-platform/apps/ios
    write-file /tmp/creator-w7-takeover-ios/DerivedData/Build/Intermediates.noindex/QelvoraApp.build/Debug-iphonesimulator/QelvoraApp.build/Objects-normal/x86_64/QelvoraApp.SwiftConstValuesFileList

WriteAuxiliaryFile /tmp/creator-w7-takeover-ios/DerivedData/Build/Intermediates.noindex/QelvoraApp.build/Debug-iphonesimulator/QelvoraApp.build/Objects-normal/x86_64/QelvoraApp.LinkFileList (in target 'QelvoraApp' from project 'QelvoraApp')
    cd /Users/yingpengwang/.codex/worktrees/0546/creator-platform/apps/ios
    write-file /tmp/creator-w7-takeover-ios/DerivedData/Build/Intermediates.noindex/QelvoraApp.build/Debug-iphonesimulator/QelvoraApp.build/Objects-normal/x86_64/QelvoraApp.LinkFileList

WriteAuxiliaryFile /tmp/creator-w7-takeover-ios/DerivedData/Build/Intermediates.noindex/QelvoraApp.build/Debug-iphonesimulator/QelvoraApp.build/Objects-normal/x86_64/QelvoraApp-OutputFileMap.json (in target 'QelvoraApp' from project 'QelvoraApp')
    cd /Users/yingpengwang/.codex/worktrees/0546/creator-platform/apps/ios
    write-file /tmp/creator-w7-takeover-ios/DerivedData/Build/Intermediates.noindex/QelvoraApp.build/Debug-iphonesimulator/QelvoraApp.build/Objects-normal/x86_64/QelvoraApp-OutputFileMap.json

Copy /tmp/creator-w7-takeover-ios/DerivedData/Build/Intermediates.noindex/GeneratedModuleMaps-iphonesimulator/QelvoraUI.modulemap /tmp/creator-w7-takeover-ios/DerivedData/Build/Intermediates.noindex/QelvoraNative.build/Debug-iphonesimulator/QelvoraUI.build/QelvoraUI.modulemap (in target 'QelvoraUI' from project 'QelvoraNative')
    cd /Users/yingpengwang/.codex/worktrees/0546/creator-platform/apps/ios
    builtin-copy -exclude .DS_Store -exclude CVS -exclude .svn -exclude .git -exclude .hg -resolve-src-symlinks /tmp/creator-w7-takeover-ios/DerivedData/Build/Intermediates.noindex/QelvoraNative.build/Debug-iphonesimulator/QelvoraUI.build/QelvoraUI.modulemap /tmp/creator-w7-takeover-ios/DerivedData/Build/Intermediates.noindex/GeneratedModuleMaps-iphonesimulator

WriteAuxiliaryFile /tmp/creator-w7-takeover-ios/DerivedData/Build/Intermediates.noindex/QelvoraApp.build/Debug-iphonesimulator/QelvoraApp.build/DerivedSources/Entitlements-Simulated.plist (in target 'QelvoraApp' from project 'QelvoraApp')
    cd /Users/yingpengwang/.codex/worktrees/0546/creator-platform/apps/ios
    write-file /tmp/creator-w7-takeover-ios/DerivedData/Build/Intermediates.noindex/QelvoraApp.build/Debug-iphonesimulator/QelvoraApp.build/DerivedSources/Entitlements-Simulated.plist

MkDir /tmp/creator-w7-takeover-ios/DerivedData/Build/Products/Debug-iphonesimulator/QelvoraApp.app (in target 'QelvoraApp' from project 'QelvoraApp')
    cd /Users/yingpengwang/.codex/worktrees/0546/creator-platform/apps/ios
    /bin/mkdir -p /tmp/creator-w7-takeover-ios/DerivedData/Build/Products/Debug-iphonesimulator/QelvoraApp.app

ProcessInfoPlistFile /tmp/creator-w7-takeover-ios/DerivedData/Build/Products/Debug-iphonesimulator/QelvoraNative_QelvoraUI.bundle/Info.plist /tmp/creator-w7-takeover-ios/DerivedData/Build/Intermediates.noindex/QelvoraNative.build/Debug-iphonesimulator/QelvoraNative_QelvoraUI.build/empty-QelvoraNative_QelvoraUI.plist (in target 'QelvoraNative_QelvoraUI' from project 'QelvoraNative')
    cd /Users/yingpengwang/.codex/worktrees/0546/creator-platform/apps/ios
    builtin-infoPlistUtility /tmp/creator-w7-takeover-ios/DerivedData/Build/Intermediates.noindex/QelvoraNative.build/Debug-iphonesimulator/QelvoraNative_QelvoraUI.build/empty-QelvoraNative_QelvoraUI.plist -producttype com.apple.product-type.bundle -expandbuildsettings -format binary -platform iphonesimulator -o /tmp/creator-w7-takeover-ios/DerivedData/Build/Products/Debug-iphonesimulator/QelvoraNative_QelvoraUI.bundle/Info.plist

CpResource /tmp/creator-w7-takeover-ios/DerivedData/Build/Products/Debug-iphonesimulator/QelvoraNative_QelvoraUI.bundle/Newsreader-OFL.txt /Users/yingpengwang/.codex/worktrees/0546/creator-platform/apps/ios/Sources/Resources/Fonts/Newsreader-OFL.txt (in target 'QelvoraNative_QelvoraUI' from project 'QelvoraNative')
    cd /Users/yingpengwang/.codex/worktrees/0546/creator-platform/apps/ios
    builtin-copy -exclude .DS_Store -exclude CVS -exclude .svn -exclude .git -exclude .hg -resolve-src-symlinks /Users/yingpengwang/.codex/worktrees/0546/creator-platform/apps/ios/Sources/Resources/Fonts/Newsreader-OFL.txt /tmp/creator-w7-takeover-ios/DerivedData/Build/Products/Debug-iphonesimulator/QelvoraNative_QelvoraUI.bundle

CpResource /tmp/creator-w7-takeover-ios/DerivedData/Build/Products/Debug-iphonesimulator/QelvoraNative_QelvoraUI.bundle/Newsreader-Italic.ttf /Users/yingpengwang/.codex/worktrees/0546/creator-platform/apps/ios/Sources/Resources/Fonts/Newsreader-Italic.ttf (in target 'QelvoraNative_QelvoraUI' from project 'QelvoraNative')
    cd /Users/yingpengwang/.codex/worktrees/0546/creator-platform/apps/ios
    builtin-copy -exclude .DS_Store -exclude CVS -exclude .svn -exclude .git -exclude .hg -resolve-src-symlinks /Users/yingpengwang/.codex/worktrees/0546/creator-platform/apps/ios/Sources/Resources/Fonts/Newsreader-Italic.ttf /tmp/creator-w7-takeover-ios/DerivedData/Build/Products/Debug-iphonesimulator/QelvoraNative_QelvoraUI.bundle

CpResource /tmp/creator-w7-takeover-ios/DerivedData/Build/Products/Debug-iphonesimulator/QelvoraNative_QelvoraUI.bundle/Glyphs.json /Users/yingpengwang/.codex/worktrees/0546/creator-platform/apps/ios/Sources/Resources/Glyphs.json (in target 'QelvoraNative_QelvoraUI' from project 'QelvoraNative')
    cd /Users/yingpengwang/.codex/worktrees/0546/creator-platform/apps/ios
    builtin-copy -exclude .DS_Store -exclude CVS -exclude .svn -exclude .git -exclude .hg -resolve-src-symlinks /Users/yingpengwang/.codex/worktrees/0546/creator-platform/apps/ios/Sources/Resources/Glyphs.json /tmp/creator-w7-takeover-ios/DerivedData/Build/Products/Debug-iphonesimulator/QelvoraNative_QelvoraUI.bundle

CpResource /tmp/creator-w7-takeover-ios/DerivedData/Build/Products/Debug-iphonesimulator/QelvoraNative_QelvoraUI.bundle/GeistMono.ttf /Users/yingpengwang/.codex/worktrees/0546/creator-platform/apps/ios/Sources/Resources/Fonts/GeistMono.ttf (in target 'QelvoraNative_QelvoraUI' from project 'QelvoraNative')
    cd /Users/yingpengwang/.codex/worktrees/0546/creator-platform/apps/ios
    builtin-copy -exclude .DS_Store -exclude CVS -exclude .svn -exclude .git -exclude .hg -resolve-src-symlinks /Users/yingpengwang/.codex/worktrees/0546/creator-platform/apps/ios/Sources/Resources/Fonts/GeistMono.ttf /tmp/creator-w7-takeover-ios/DerivedData/Build/Products/Debug-iphonesimulator/QelvoraNative_QelvoraUI.bundle

CpResource /tmp/creator-w7-takeover-ios/DerivedData/Build/Products/Debug-iphonesimulator/QelvoraNative_QelvoraUI.bundle/Newsreader.ttf /Users/yingpengwang/.codex/worktrees/0546/creator-platform/apps/ios/Sources/Resources/Fonts/Newsreader.ttf (in target 'QelvoraNative_QelvoraUI' from project 'QelvoraNative')
    cd /Users/yingpengwang/.codex/worktrees/0546/creator-platform/apps/ios
    builtin-copy -exclude .DS_Store -exclude CVS -exclude .svn -exclude .git -exclude .hg -resolve-src-symlinks /Users/yingpengwang/.codex/worktrees/0546/creator-platform/apps/ios/Sources/Resources/Fonts/Newsreader.ttf /tmp/creator-w7-takeover-ios/DerivedData/Build/Products/Debug-iphonesimulator/QelvoraNative_QelvoraUI.bundle

CpResource /tmp/creator-w7-takeover-ios/DerivedData/Build/Products/Debug-iphonesimulator/QelvoraNative_QelvoraUI.bundle/GeistMono-Italic.ttf /Users/yingpengwang/.codex/worktrees/0546/creator-platform/apps/ios/Sources/Resources/Fonts/GeistMono-Italic.ttf (in target 'QelvoraNative_QelvoraUI' from project 'QelvoraNative')
    cd /Users/yingpengwang/.codex/worktrees/0546/creator-platform/apps/ios
    builtin-copy -exclude .DS_Store -exclude CVS -exclude .svn -exclude .git -exclude .hg -resolve-src-symlinks /Users/yingpengwang/.codex/worktrees/0546/creator-platform/apps/ios/Sources/Resources/Fonts/GeistMono-Italic.ttf /tmp/creator-w7-takeover-ios/DerivedData/Build/Products/Debug-iphonesimulator/QelvoraNative_QelvoraUI.bundle

CpResource /tmp/creator-w7-takeover-ios/DerivedData/Build/Products/Debug-iphonesimulator/QelvoraNative_QelvoraUI.bundle/GeistMono-OFL.txt /Users/yingpengwang/.codex/worktrees/0546/creator-platform/apps/ios/Sources/Resources/Fonts/GeistMono-OFL.txt (in target 'QelvoraNative_QelvoraUI' from project 'QelvoraNative')
    cd /Users/yingpengwang/.codex/worktrees/0546/creator-platform/apps/ios
    builtin-copy -exclude .DS_Store -exclude CVS -exclude .svn -exclude .git -exclude .hg -resolve-src-symlinks /Users/yingpengwang/.codex/worktrees/0546/creator-platform/apps/ios/Sources/Resources/Fonts/GeistMono-OFL.txt /tmp/creator-w7-takeover-ios/DerivedData/Build/Products/Debug-iphonesimulator/QelvoraNative_QelvoraUI.bundle

CpResource /tmp/creator-w7-takeover-ios/DerivedData/Build/Products/Debug-iphonesimulator/QelvoraNative_QelvoraUI.bundle/Geist.ttf /Users/yingpengwang/.codex/worktrees/0546/creator-platform/apps/ios/Sources/Resources/Fonts/Geist.ttf (in target 'QelvoraNative_QelvoraUI' from project 'QelvoraNative')
    cd /Users/yingpengwang/.codex/worktrees/0546/creator-platform/apps/ios
    builtin-copy -exclude .DS_Store -exclude CVS -exclude .svn -exclude .git -exclude .hg -resolve-src-symlinks /Users/yingpengwang/.codex/worktrees/0546/creator-platform/apps/ios/Sources/Resources/Fonts/Geist.ttf /tmp/creator-w7-takeover-ios/DerivedData/Build/Products/Debug-iphonesimulator/QelvoraNative_QelvoraUI.bundle

CpResource /tmp/creator-w7-takeover-ios/DerivedData/Build/Products/Debug-iphonesimulator/QelvoraNative_QelvoraUI.bundle/Geist-OFL.txt /Users/yingpengwang/.codex/worktrees/0546/creator-platform/apps/ios/Sources/Resources/Fonts/Geist-OFL.txt (in target 'QelvoraNative_QelvoraUI' from project 'QelvoraNative')
    cd /Users/yingpengwang/.codex/worktrees/0546/creator-platform/apps/ios
    builtin-copy -exclude .DS_Store -exclude CVS -exclude .svn -exclude .git -exclude .hg -resolve-src-symlinks /Users/yingpengwang/.codex/worktrees/0546/creator-platform/apps/ios/Sources/Resources/Fonts/Geist-OFL.txt /tmp/creator-w7-takeover-ios/DerivedData/Build/Products/Debug-iphonesimulator/QelvoraNative_QelvoraUI.bundle

CpResource /tmp/creator-w7-takeover-ios/DerivedData/Build/Products/Debug-iphonesimulator/QelvoraNative_QelvoraUI.bundle/Geist-Italic.ttf /Users/yingpengwang/.codex/worktrees/0546/creator-platform/apps/ios/Sources/Resources/Fonts/Geist-Italic.ttf (in target 'QelvoraNative_QelvoraUI' from project 'QelvoraNative')
    cd /Users/yingpengwang/.codex/worktrees/0546/creator-platform/apps/ios
    builtin-copy -exclude .DS_Store -exclude CVS -exclude .svn -exclude .git -exclude .hg -resolve-src-symlinks /Users/yingpengwang/.codex/worktrees/0546/creator-platform/apps/ios/Sources/Resources/Fonts/Geist-Italic.ttf /tmp/creator-w7-takeover-ios/DerivedData/Build/Products/Debug-iphonesimulator/QelvoraNative_QelvoraUI.bundle

CompileXCStrings /tmp/creator-w7-takeover-ios/DerivedData/Build/Intermediates.noindex/QelvoraNative.build/Debug-iphonesimulator/QelvoraNative_QelvoraUI.build/ /Users/yingpengwang/.codex/worktrees/0546/creator-platform/apps/ios/Sources/Generated/Localizable.xcstrings (in target 'QelvoraNative_QelvoraUI' from project 'QelvoraNative')
    cd /Users/yingpengwang/.codex/worktrees/0546/creator-platform/apps/ios
    /Applications/Xcode.app/Contents/Developer/usr/bin/xcstringstool compile --output-directory /tmp/creator-w7-takeover-ios/DerivedData/Build/Intermediates.noindex/QelvoraNative.build/Debug-iphonesimulator/QelvoraNative_QelvoraUI.build /Users/yingpengwang/.codex/worktrees/0546/creator-platform/apps/ios/Sources/Generated/Localizable.xcstrings

CopyStringsFile /tmp/creator-w7-takeover-ios/DerivedData/Build/Products/Debug-iphonesimulator/QelvoraNative_QelvoraUI.bundle/en.lproj/Localizable.strings /tmp/creator-w7-takeover-ios/DerivedData/Build/Intermediates.noindex/QelvoraNative.build/Debug-iphonesimulator/QelvoraNative_QelvoraUI.build/en.lproj/Localizable.strings (in target 'QelvoraNative_QelvoraUI' from project 'QelvoraNative')
    cd /Users/yingpengwang/.codex/worktrees/0546/creator-platform/apps/ios
    builtin-copyStrings --validate --outputencoding binary --outfilename Localizable.strings --outdir /tmp/creator-w7-takeover-ios/DerivedData/Build/Products/Debug-iphonesimulator/QelvoraNative_QelvoraUI.bundle/en.lproj -- /tmp/creator-w7-takeover-ios/DerivedData/Build/Intermediates.noindex/QelvoraNative.build/Debug-iphonesimulator/QelvoraNative_QelvoraUI.build/en.lproj/Localizable.strings
/tmp/creator-w7-takeover-ios/DerivedData/Build/Intermediates.noindex/QelvoraNative.build/Debug-iphonesimulator/QelvoraNative_QelvoraUI.build/en.lproj/Localizable.strings:1:1: note: detected encoding of input file as Unicode (UTF-8) (in target 'QelvoraNative_QelvoraUI' from project 'QelvoraNative')

CodeSign /tmp/creator-w7-takeover-ios/DerivedData/Build/Products/Debug-iphonesimulator/QelvoraNative_QelvoraUI.bundle (in target 'QelvoraNative_QelvoraUI' from project 'QelvoraNative')
    cd /Users/yingpengwang/.codex/worktrees/0546/creator-platform/apps/ios
    
    Signing Identity:     "Sign to Run Locally"
    
    /usr/bin/codesign --force --sign - --timestamp\=none --generate-entitlement-der /tmp/creator-w7-takeover-ios/DerivedData/Build/Products/Debug-iphonesimulator/QelvoraNative_QelvoraUI.bundle

RegisterExecutionPolicyException /tmp/creator-w7-takeover-ios/DerivedData/Build/Products/Debug-iphonesimulator/QelvoraNative_QelvoraUI.bundle (in target 'QelvoraNative_QelvoraUI' from project 'QelvoraNative')
    cd /Users/yingpengwang/.codex/worktrees/0546/creator-platform/apps/ios
    builtin-RegisterExecutionPolicyException /tmp/creator-w7-takeover-ios/DerivedData/Build/Products/Debug-iphonesimulator/QelvoraNative_QelvoraUI.bundle

Touch /tmp/creator-w7-takeover-ios/DerivedData/Build/Products/Debug-iphonesimulator/QelvoraNative_QelvoraUI.bundle (in target 'QelvoraNative_QelvoraUI' from project 'QelvoraNative')
    cd /Users/yingpengwang/.codex/worktrees/0546/creator-platform/apps/ios
    /usr/bin/touch -c /tmp/creator-w7-takeover-ios/DerivedData/Build/Products/Debug-iphonesimulator/QelvoraNative_QelvoraUI.bundle

SwiftDriver QelvoraUI normal x86_64 com.apple.xcode.tools.swift.compiler (in target 'QelvoraUI' from project 'QelvoraNative')
    cd /Users/yingpengwang/.codex/worktrees/0546/creator-platform/apps/ios/QelvoraApp.xcodeproj
    builtin-SwiftDriver -- /Applications/Xcode.app/Contents/Developer/Toolchains/XcodeDefault.xctoolchain/usr/bin/swiftc -module-name QelvoraUI -Onone @/tmp/creator-w7-takeover-ios/DerivedData/Build/Intermediates.noindex/QelvoraNative.build/Debug-iphonesimulator/QelvoraUI.build/Objects-normal/x86_64/QelvoraUI.SwiftFileList -DSWIFT_PACKAGE -DDEBUG -DSWIFT_MODULE_RESOURCE_BUNDLE_AVAILABLE -DXcode -plugin-path /Applications/Xcode.app/Contents/Developer/Toolchains/XcodeDefault.xctoolchain/usr/lib/swift/host/plugins/testing -enable-experimental-feature DebugDescriptionMacro -sdk /Applications/Xcode.app/Contents/Developer/Platforms/iPhoneSimulator.platform/Developer/SDKs/iPhoneSimulator26.5.sdk -target x86_64-apple-ios17.0-simulator -g -module-cache-path /tmp/creator-w7-takeover-ios/DerivedData/ModuleCache.noindex -Xfrontend -serialize-debugging-options -enable-testing -index-store-path /tmp/creator-w7-takeover-ios/DerivedData/Index.noindex/DataStore -Xcc -D_LIBCPP_HARDENING_MODE\=_LIBCPP_HARDENING_MODE_DEBUG -swift-version 6 -I /tmp/creator-w7-takeover-ios/DerivedData/Build/Products/Debug-iphonesimulator -Isystem /Applications/Xcode.app/Contents/Developer/Platforms/iPhoneSimulator.platform/Developer/usr/lib -F /tmp/creator-w7-takeover-ios/DerivedData/Build/Products/Debug-iphonesimulator -F /Applications/Xcode.app/Contents/Developer/Platforms/iPhoneSimulator.platform/Developer/Library/Frameworks -F /Applications/Xcode.app/Contents/Developer/Platforms/iPhoneSimulator.platform/Developer/SDKs/iPhoneSimulator26.5.sdk/Developer/Library/Frameworks -c -j16 -enable-batch-mode -incremental -Xcc -ivfsstatcache -Xcc /tmp/creator-w7-takeover-ios/DerivedData/SDKStatCaches.noindex/iphonesimulator26.5-23F73-6cfe768891a92b912361537c460fe42b.sdkstatcache -output-file-map /tmp/creator-w7-takeover-ios/DerivedData/Build/Intermediates.noindex/QelvoraNative.build/Debug-iphonesimulator/QelvoraUI.build/Objects-normal/x86_64/QelvoraUI-OutputFileMap.json -use-frontend-parseable-output -save-temps -no-color-diagnostics -explicit-module-build -module-cache-path /tmp/creator-w7-takeover-ios/DerivedData/Build/Intermediates.noindex/SwiftExplicitPrecompiledModules -clang-scanner-module-cache-path /tmp/creator-w7-takeover-ios/DerivedData/ModuleCache.noindex -sdk-module-cache-path /tmp/creator-w7-takeover-ios/DerivedData/ModuleCache.noindex -serialize-diagnostics -emit-dependencies -emit-module -emit-module-path /tmp/creator-w7-takeover-ios/DerivedData/Build/Intermediates.noindex/QelvoraNative.build/Debug-iphonesimulator/QelvoraUI.build/Objects-normal/x86_64/QelvoraUI.swiftmodule -validate-clang-modules-once -clang-build-session-file /tmp/creator-w7-takeover-ios/DerivedData/ModuleCache.noindex/Session.modulevalidation -package-name ios -Xcc -I/tmp/creator-w7-takeover-ios/DerivedData/Build/Intermediates.noindex/QelvoraNative.build/Debug-iphonesimulator/QelvoraUI.build/swift-overrides.hmap -emit-const-values -Xfrontend -const-gather-protocols-file -Xfrontend /tmp/creator-w7-takeover-ios/DerivedData/Build/Intermediates.noindex/QelvoraNative.build/Debug-iphonesimulator/QelvoraUI.build/Objects-normal/x86_64/QelvoraUI_const_extract_protocols.json -Xcc -I/tmp/creator-w7-takeover-ios/DerivedData/Build/Products/Debug-iphonesimulator/include -Xcc -I/tmp/creator-w7-takeover-ios/DerivedData/Build/Intermediates.noindex/QelvoraNative.build/Debug-iphonesimulator/QelvoraUI.build/DerivedSources-normal/x86_64 -Xcc -I/tmp/creator-w7-takeover-ios/DerivedData/Build/Intermediates.noindex/QelvoraNative.build/Debug-iphonesimulator/QelvoraUI.build/DerivedSources/x86_64 -Xcc -I/tmp/creator-w7-takeover-ios/DerivedData/Build/Intermediates.noindex/QelvoraNative.build/Debug-iphonesimulator/QelvoraUI.build/DerivedSources -Xcc -DSWIFT_PACKAGE -Xcc -DDEBUG\=1 -emit-objc-header -emit-objc-header-path /tmp/creator-w7-takeover-ios/DerivedData/Build/Intermediates.noindex/QelvoraNative.build/Debug-iphonesimulator/QelvoraUI.build/Objects-normal/x86_64/QelvoraUI-Swift.h -working-directory /Users/yingpengwang/.codex/worktrees/0546/creator-platform/apps/ios/QelvoraApp.xcodeproj -experimental-emit-module-separately -disable-cmo

SwiftExplicitDependencyGeneratePcm x86_64 /tmp/creator-w7-takeover-ios/DerivedData/ModuleCache.noindex/ptrauth-8OW2UT1NMJZJYHMGD9BQMUH2L.pcm

SwiftExplicitDependencyGeneratePcm x86_64 /tmp/creator-w7-takeover-ios/DerivedData/ModuleCache.noindex/_Builtin_stddef-5OH78KAX2KPQB5PTH61WVBVBS.pcm

SwiftExplicitDependencyGeneratePcm x86_64 /tmp/creator-w7-takeover-ios/DerivedData/ModuleCache.noindex/_Builtin_stdbool-53TU2OZJ0D42N83TBI48N6JF9.pcm

SwiftExplicitDependencyGeneratePcm x86_64 /tmp/creator-w7-takeover-ios/DerivedData/ModuleCache.noindex/_StoreKit_SwiftUI-EI4EOL8CCTMCIA431H6CULIJJ.pcm

SwiftExplicitDependencyGeneratePcm x86_64 /tmp/creator-w7-takeover-ios/DerivedData/ModuleCache.noindex/_Builtin_float-APZ6M1JRTGZ7IWRV15M7A9OYU.pcm

SwiftExplicitDependencyGeneratePcm x86_64 /tmp/creator-w7-takeover-ios/DerivedData/ModuleCache.noindex/_SwiftConcurrencyShims-AEAECTH3M76OFYFHQ6G5W74WB.pcm

SwiftExplicitDependencyGeneratePcm x86_64 /tmp/creator-w7-takeover-ios/DerivedData/ModuleCache.noindex/DeveloperToolsSupport-3BQR823J972F9Y04U0BTBWAVV.pcm

SwiftExplicitDependencyGeneratePcm x86_64 /tmp/creator-w7-takeover-ios/DerivedData/ModuleCache.noindex/ptrcheck-3M6U488HPEDF2I82S6B41O94S.pcm

SwiftExplicitDependencyGeneratePcm x86_64 /tmp/creator-w7-takeover-ios/DerivedData/ModuleCache.noindex/_AvailabilityInternal-E9EDQKV42AJSUK1WL0N1I4MN.pcm

SwiftExplicitDependencyGeneratePcm x86_64 /tmp/creator-w7-takeover-ios/DerivedData/ModuleCache.noindex/_Builtin_stdarg-4L71BFQZDRSN7WFPV8UXWMPAH.pcm

SwiftExplicitDependencyGeneratePcm x86_64 /tmp/creator-w7-takeover-ios/DerivedData/ModuleCache.noindex/SwiftShims-27DJZK8PMFGKNKMV4RG4UNU5N.pcm

SwiftExplicitDependencyGeneratePcm x86_64 /tmp/creator-w7-takeover-ios/DerivedData/ModuleCache.noindex/_DarwinFoundation1-4FE66KODKIYKP0C04J4ZLQ24D.pcm

SwiftExplicitDependencyGeneratePcm x86_64 /tmp/creator-w7-takeover-ios/DerivedData/ModuleCache.noindex/_DarwinFoundation2-BYPMVNP0BO7OL1NRITZ95KRBE.pcm

SwiftExplicitDependencyGeneratePcm x86_64 /tmp/creator-w7-takeover-ios/DerivedData/ModuleCache.noindex/ExtensionFoundation-1U2W563SFR7JFCHHJVA8D1FSV.pcm

SwiftExplicitDependencyGeneratePcm x86_64 /tmp/creator-w7-takeover-ios/DerivedData/ModuleCache.noindex/_Builtin_limits-60CWKHU5FDH6VCOKG8DFS4ZR6.pcm

SwiftExplicitDependencyGeneratePcm x86_64 /tmp/creator-w7-takeover-ios/DerivedData/ModuleCache.noindex/sys_types-8LGUASMJJ17VTPLUTR7CQYN3B.pcm

SwiftExplicitDependencyGeneratePcm x86_64 /tmp/creator-w7-takeover-ios/DerivedData/ModuleCache.noindex/_Builtin_tgmath-56M23712VPK1UZAV3BFT4IJBF.pcm

SwiftExplicitDependencyGeneratePcm x86_64 /tmp/creator-w7-takeover-ios/DerivedData/ModuleCache.noindex/_Builtin_stdint-21GUABLZ5Z07TZ014Y5Q67V39.pcm

SwiftExplicitDependencyGeneratePcm x86_64 /tmp/creator-w7-takeover-ios/DerivedData/ModuleCache.noindex/_Builtin_stdatomic-1C7PTJD86KVCN3AFTQ0UBFLSC.pcm

SwiftExplicitDependencyGeneratePcm x86_64 /tmp/creator-w7-takeover-ios/DerivedData/ModuleCache.noindex/_DarwinFoundation3-66AICUB7FSLNYJLHMN3MPR3MB.pcm

SwiftExplicitDependencyGeneratePcm x86_64 /tmp/creator-w7-takeover-ios/DerivedData/ModuleCache.noindex/_Builtin_intrinsics-AB7F1T4R3GSBBD1UVBHN6TV8O.pcm

SwiftExplicitDependencyGeneratePcm x86_64 /tmp/creator-w7-takeover-ios/DerivedData/ModuleCache.noindex/_Builtin_inttypes-4857O0RKJ6OSPPL55QN04LXVX.pcm

SwiftExplicitDependencyGeneratePcm x86_64 /tmp/creator-w7-takeover-ios/DerivedData/ModuleCache.noindex/Darwin-6KFF56YNPQFTKXHZIK2WBUP3Y.pcm

SwiftExplicitDependencyGeneratePcm x86_64 /tmp/creator-w7-takeover-ios/DerivedData/ModuleCache.noindex/ObjectiveC-9CZQUZ1HV748L5L7MKP9AYWY7.pcm

SwiftExplicitDependencyGeneratePcm x86_64 /tmp/creator-w7-takeover-ios/DerivedData/ModuleCache.noindex/MachO-1A4CM7H1AYMQK9M7VJSR4Y5BB.pcm

SwiftExplicitDependencyGeneratePcm x86_64 /tmp/creator-w7-takeover-ios/DerivedData/ModuleCache.noindex/os_object-CVONASYR2ZTZCXGZHBSKBKL0K.pcm

SwiftExplicitDependencyGeneratePcm x86_64 /tmp/creator-w7-takeover-ios/DerivedData/ModuleCache.noindex/simd-EPRG1HHRLJ8ZXW4TLTOFC7UET.pcm

SwiftExplicitDependencyGeneratePcm x86_64 /tmp/creator-w7-takeover-ios/DerivedData/ModuleCache.noindex/os_workgroup-L3H09LZFDC15OTEA3CI4OHC0.pcm

SwiftExplicitDependencyGeneratePcm x86_64 /tmp/creator-w7-takeover-ios/DerivedData/ModuleCache.noindex/Dispatch-CPN04N90F47QO8D00D4JRP9SA.pcm

SwiftExplicitDependencyGeneratePcm x86_64 /tmp/creator-w7-takeover-ios/DerivedData/ModuleCache.noindex/CoreFoundation-9PDUTXPYM7ISSC7XMN921HK30.pcm

SwiftExplicitDependencyGeneratePcm x86_64 /tmp/creator-w7-takeover-ios/DerivedData/ModuleCache.noindex/dnssd-AVYIBFXC8Y71I8YMT3JPHY1XD.pcm

SwiftExplicitDependencyGeneratePcm x86_64 /tmp/creator-w7-takeover-ios/DerivedData/ModuleCache.noindex/XPC-B7U25C6Q5XHZ4BHDASNZ7QMSB.pcm

SwiftExplicitDependencyGeneratePcm x86_64 /tmp/creator-w7-takeover-ios/DerivedData/ModuleCache.noindex/os-8YR4B07ULZHLQSJCDMZO92TQJ.pcm

SwiftExplicitDependencyGeneratePcm x86_64 /tmp/creator-w7-takeover-ios/DerivedData/ModuleCache.noindex/Security-1YGKD04C4DMORUVTJFT4X3OJ2.pcm

SwiftExplicitDependencyGeneratePcm x86_64 /tmp/creator-w7-takeover-ios/DerivedData/ModuleCache.noindex/CFNetwork-88AZZOOE1LO9LVUZ9MV8EM9AW.pcm

SwiftExplicitDependencyGeneratePcm x86_64 /tmp/creator-w7-takeover-ios/DerivedData/ModuleCache.noindex/CoreAudioTypes-BZ9JCVIKWR3D9ITWFC8VIJTQ0.pcm

SwiftExplicitDependencyGeneratePcm x86_64 /tmp/creator-w7-takeover-ios/DerivedData/ModuleCache.noindex/CoreGraphics-1ABBFX9FQZSSXKP30I3F5HV0J.pcm

SwiftExplicitDependencyGeneratePcm x86_64 /tmp/creator-w7-takeover-ios/DerivedData/ModuleCache.noindex/CoreAudio-250ES0W986XAVQX2X5GRTBVX9.pcm

SwiftExplicitDependencyGeneratePcm x86_64 /tmp/creator-w7-takeover-ios/DerivedData/ModuleCache.noindex/Foundation-BGP6MK4CCHWFH3UYH9L04LLYL.pcm

SwiftExplicitDependencyGeneratePcm x86_64 /tmp/creator-w7-takeover-ios/DerivedData/ModuleCache.noindex/CoreText-DL1G9FRX6UYGOVP13P1RHLVOB.pcm

SwiftExplicitDependencyGeneratePcm x86_64 /tmp/creator-w7-takeover-ios/DerivedData/ModuleCache.noindex/ImageIO-7TFU9MDYL4XQV4I07E631P37K.pcm

SwiftExplicitDependencyGeneratePcm x86_64 /tmp/creator-w7-takeover-ios/DerivedData/ModuleCache.noindex/Spatial-2EAWC0SKA0GF6KYL8NSE7U8.pcm

SwiftExplicitDependencyGeneratePcm x86_64 /tmp/creator-w7-takeover-ios/DerivedData/ModuleCache.noindex/OSLog-CTG6DFSMQ0C73JIKIQMM435G.pcm

SwiftExplicitDependencyGeneratePcm x86_64 /tmp/creator-w7-takeover-ios/DerivedData/ModuleCache.noindex/Network-32F8R290EA4TBM325D9OZDDET.pcm

SwiftExplicitDependencyGeneratePcm x86_64 /tmp/creator-w7-takeover-ios/DerivedData/ModuleCache.noindex/CoreMIDI-5MS38VUUGDK0UVDH2S67ET3S.pcm

SwiftExplicitDependencyGeneratePcm x86_64 /tmp/creator-w7-takeover-ios/DerivedData/ModuleCache.noindex/LocalAuthentication-BNU4J8FNJ5SAXQP1O19VAZZP0.pcm

SwiftExplicitDependencyGeneratePcm x86_64 /tmp/creator-w7-takeover-ios/DerivedData/ModuleCache.noindex/IOSurface-92O5JJKCII2YM7N98H759FM58.pcm

SwiftExplicitDependencyGeneratePcm x86_64 /tmp/creator-w7-takeover-ios/DerivedData/ModuleCache.noindex/CoreTransferable-608IJUJSRIZT3YQYU7LAAKFK6.pcm

SwiftExplicitDependencyGeneratePcm x86_64 /tmp/creator-w7-takeover-ios/DerivedData/ModuleCache.noindex/BackgroundAssets-720CGT78A075735Y0J29IABWO.pcm

SwiftExplicitDependencyGeneratePcm x86_64 /tmp/creator-w7-takeover-ios/DerivedData/ModuleCache.noindex/UniformTypeIdentifiers-1O5RV4G3PNBKJNMQYVFVWSP19.pcm

SwiftExplicitDependencyGeneratePcm x86_64 /tmp/creator-w7-takeover-ios/DerivedData/ModuleCache.noindex/UserNotifications-KWRYMOZGMI8I5Q25JSK9F8A8.pcm

SwiftExplicitDependencyGeneratePcm x86_64 /tmp/creator-w7-takeover-ios/DerivedData/ModuleCache.noindex/DataDetection-2QWM3DN3IUYUOZEPLVY8SMZKE.pcm

SwiftExplicitDependencyGeneratePcm x86_64 /tmp/creator-w7-takeover-ios/DerivedData/ModuleCache.noindex/FileProvider-9TAG3ZIBXT5W7HANDIRDET2BZ.pcm

SwiftExplicitDependencyGeneratePcm x86_64 /tmp/creator-w7-takeover-ios/DerivedData/ModuleCache.noindex/Symbols-9CN9K741KMTUIFJXWFL84UUCU.pcm

SwiftExplicitDependencyGeneratePcm x86_64 /tmp/creator-w7-takeover-ios/DerivedData/ModuleCache.noindex/CoreData-BN1D9XQ3KDFCQAYQ2K3VWW3VL.pcm

SwiftExplicitDependencyGeneratePcm x86_64 /tmp/creator-w7-takeover-ios/DerivedData/ModuleCache.noindex/CallKit-BYNB72JOT8MYCXCS9Y9WUCSYG.pcm

SwiftExplicitDependencyGeneratePcm x86_64 /tmp/creator-w7-takeover-ios/DerivedData/ModuleCache.noindex/UIUtilities-GAZSMZNISDNKZMAMTOWO6F53.pcm

SwiftExplicitDependencyGeneratePcm x86_64 /tmp/creator-w7-takeover-ios/DerivedData/ModuleCache.noindex/OpenGLES-7H0986FHDAOV57U0D7FNP12UU.pcm

SwiftExplicitDependencyGeneratePcm x86_64 /tmp/creator-w7-takeover-ios/DerivedData/ModuleCache.noindex/Accessibility-CIKXYJN3ESG0H8HUDD2OBRJ45.pcm

SwiftExplicitDependencyGeneratePcm x86_64 /tmp/creator-w7-takeover-ios/DerivedData/ModuleCache.noindex/Metal-6VF40L5ULBTL5RCF0WBAE22F7.pcm

SwiftExplicitDependencyGeneratePcm x86_64 /tmp/creator-w7-takeover-ios/DerivedData/ModuleCache.noindex/AudioToolbox-BW487LTH3DLHXZQRQE450758N.pcm

SwiftExplicitDependencyGeneratePcm x86_64 /tmp/creator-w7-takeover-ios/DerivedData/ModuleCache.noindex/AVRouting-OPEMV8VL2OE1LSJNHI1NETWY.pcm

SwiftExplicitDependencyGeneratePcm x86_64 /tmp/creator-w7-takeover-ios/DerivedData/ModuleCache.noindex/CoreVideo-2LWFC3W5B2W1PPT28Z3ILXY3F.pcm

SwiftExplicitDependencyGeneratePcm x86_64 /tmp/creator-w7-takeover-ios/DerivedData/ModuleCache.noindex/QuartzCore-1WHUMGB8WMH8O9S5QOTTN59P.pcm

SwiftExplicitDependencyGeneratePcm x86_64 /tmp/creator-w7-takeover-ios/DerivedData/ModuleCache.noindex/CoreImage-3EEJRQAP1L7SQ584YP5E6T0WG.pcm

SwiftExplicitDependencyGeneratePcm x86_64 /tmp/creator-w7-takeover-ios/DerivedData/ModuleCache.noindex/CoreMedia-MQEUH94JLMDCSKABY5KOS2CP.pcm

SwiftExplicitDependencyGeneratePcm x86_64 /tmp/creator-w7-takeover-ios/DerivedData/ModuleCache.noindex/SwiftUICore-442TW3N85WZ4H4D8QZ1I7YRAU.pcm

SwiftExplicitDependencyGeneratePcm x86_64 /tmp/creator-w7-takeover-ios/DerivedData/ModuleCache.noindex/AVFAudio-5C1OHNACHFXITDA8ISKODMLE3.pcm

SwiftExplicitDependencyGeneratePcm x86_64 /tmp/creator-w7-takeover-ios/DerivedData/ModuleCache.noindex/MediaToolbox-5GFN8AZ5CVEDPATFWJNGBP3P0.pcm

SwiftExplicitDependencyGeneratePcm x86_64 /tmp/creator-w7-takeover-ios/DerivedData/ModuleCache.noindex/UIKit-RLLAJNS78SXJMTT47HEGMLGU.pcm

SwiftExplicitDependencyGeneratePcm x86_64 /tmp/creator-w7-takeover-ios/DerivedData/ModuleCache.noindex/AVFoundation-6KSE8UZ64QM0W49EL6XJD4PI8.pcm

SwiftExplicitDependencyGeneratePcm x86_64 /tmp/creator-w7-takeover-ios/DerivedData/ModuleCache.noindex/SwiftUI-6L3NAV997AURQ4HYT82EKWBO5.pcm

SwiftExplicitDependencyGeneratePcm x86_64 /tmp/creator-w7-takeover-ios/DerivedData/ModuleCache.noindex/AuthenticationServices-7VHEZLH92UQY1E0EYUGTR492Y.pcm

SwiftExplicitDependencyGeneratePcm x86_64 /tmp/creator-w7-takeover-ios/DerivedData/ModuleCache.noindex/StoreKit-C1U7MISHZTF2KBC2U58CR2A0A.pcm

SwiftEmitModule normal x86_64 Emitting\ module\ for\ QelvoraUI (in target 'QelvoraUI' from project 'QelvoraNative')

EmitSwiftModule normal x86_64 (in target 'QelvoraUI' from project 'QelvoraNative')
    cd /Users/yingpengwang/.codex/worktrees/0546/creator-platform/apps/ios/QelvoraApp.xcodeproj
    
/Users/yingpengwang/.codex/worktrees/0546/creator-platform/apps/ios/Sources/QelvoraUI/Trust.swift:23:93: warning: no 'async' operations occur within 'await' expression
    public init(baseURL: URL, token: @escaping @Sendable () async throws -> String? = { try await SecureSessionStorage().read() }) { self.baseURL = baseURL; self.token = token }
                                                                                            ^

SwiftCompile normal x86_64 Compiling\ Theme.swift,\ ThreadComponents.swift /Users/yingpengwang/.codex/worktrees/0546/creator-platform/apps/ios/Sources/QelvoraUI/Theme.swift /Users/yingpengwang/.codex/worktrees/0546/creator-platform/apps/ios/Sources/QelvoraUI/ThreadComponents.swift (in target 'QelvoraUI' from project 'QelvoraNative')
SwiftCompile normal x86_64 /Users/yingpengwang/.codex/worktrees/0546/creator-platform/apps/ios/Sources/QelvoraUI/Theme.swift (in target 'QelvoraUI' from project 'QelvoraNative')
    cd /Users/yingpengwang/.codex/worktrees/0546/creator-platform/apps/ios/QelvoraApp.xcodeproj
    

SwiftCompile normal x86_64 /Users/yingpengwang/.codex/worktrees/0546/creator-platform/apps/ios/Sources/QelvoraUI/ThreadComponents.swift (in target 'QelvoraUI' from project 'QelvoraNative')
    cd /Users/yingpengwang/.codex/worktrees/0546/creator-platform/apps/ios/QelvoraApp.xcodeproj
    

SwiftCompile normal x86_64 Compiling\ Trust.swift,\ Welcome.swift /Users/yingpengwang/.codex/worktrees/0546/creator-platform/apps/ios/Sources/QelvoraUI/Trust.swift /Users/yingpengwang/.codex/worktrees/0546/creator-platform/apps/ios/Sources/QelvoraUI/Welcome.swift (in target 'QelvoraUI' from project 'QelvoraNative')

SwiftCompile normal x86_64 /Users/yingpengwang/.codex/worktrees/0546/creator-platform/apps/ios/Sources/QelvoraUI/Trust.swift (in target 'QelvoraUI' from project 'QelvoraNative')
    cd /Users/yingpengwang/.codex/worktrees/0546/creator-platform/apps/ios/QelvoraApp.xcodeproj
    
/Users/yingpengwang/.codex/worktrees/0546/creator-platform/apps/ios/Sources/QelvoraUI/Trust.swift:23:93: warning: no 'async' operations occur within 'await' expression
    public init(baseURL: URL, token: @escaping @Sendable () async throws -> String? = { try await SecureSessionStorage().read() }) { self.baseURL = baseURL; self.token = token }
                                                                                            ^

SwiftCompile normal x86_64 /Users/yingpengwang/.codex/worktrees/0546/creator-platform/apps/ios/Sources/QelvoraUI/Welcome.swift (in target 'QelvoraUI' from project 'QelvoraNative')
    cd /Users/yingpengwang/.codex/worktrees/0546/creator-platform/apps/ios/QelvoraApp.xcodeproj
    

SwiftCompile normal x86_64 Compiling\ W6FanFeatures.swift,\ Navigation.swift /Users/yingpengwang/.codex/worktrees/0546/creator-platform/apps/ios/Sources/QelvoraUI/Media/W6FanFeatures.swift /Users/yingpengwang/.codex/worktrees/0546/creator-platform/apps/ios/Sources/QelvoraUI/Navigation.swift (in target 'QelvoraUI' from project 'QelvoraNative')

SwiftCompile normal x86_64 /Users/yingpengwang/.codex/worktrees/0546/creator-platform/apps/ios/Sources/QelvoraUI/Media/W6FanFeatures.swift (in target 'QelvoraUI' from project 'QelvoraNative')
    cd /Users/yingpengwang/.codex/worktrees/0546/creator-platform/apps/ios/QelvoraApp.xcodeproj
    

SwiftCompile normal x86_64 /Users/yingpengwang/.codex/worktrees/0546/creator-platform/apps/ios/Sources/QelvoraUI/Navigation.swift (in target 'QelvoraUI' from project 'QelvoraNative')
    cd /Users/yingpengwang/.codex/worktrees/0546/creator-platform/apps/ios/QelvoraApp.xcodeproj
    

SwiftCompile normal x86_64 Compiling\ Overlays.swift,\ PasskeyCeremony.swift /Users/yingpengwang/.codex/worktrees/0546/creator-platform/apps/ios/Sources/QelvoraUI/Overlays.swift /Users/yingpengwang/.codex/worktrees/0546/creator-platform/apps/ios/Sources/QelvoraUI/PasskeyCeremony.swift (in target 'QelvoraUI' from project 'QelvoraNative')
SwiftCompile normal x86_64 /Users/yingpengwang/.codex/worktrees/0546/creator-platform/apps/ios/Sources/QelvoraUI/Overlays.swift (in target 'QelvoraUI' from project 'QelvoraNative')
    cd /Users/yingpengwang/.codex/worktrees/0546/creator-platform/apps/ios/QelvoraApp.xcodeproj
    
/Users/yingpengwang/.codex/worktrees/0546/creator-platform/apps/ios/Sources/QelvoraUI/Overlays.swift:325:21: warning: call to main actor-isolated static method 'post(notification:argument:)' in a synchronous nonisolated context
    UIAccessibility.post(notification: .announcement, argument: text)
                    ^
/Applications/Xcode.app/Contents/Developer/Platforms/iPhoneSimulator.platform/Developer/SDKs/iPhoneSimulator26.5.sdk/System/Library/Frameworks/UIKit.framework/Headers/UIAccessibility.h:521:19: note: calls to static method 'post(notification:argument:)' from outside of its actor context are implicitly asynchronous
UIKIT_EXTERN void UIAccessibilityPostNotification(UIAccessibilityNotifications notification, __nullable id argument) API_UNAVAILABLE(watchos) NS_SWIFT_UI_ACTOR;
                  ^
/Users/yingpengwang/.codex/worktrees/0546/creator-platform/apps/ios/Sources/QelvoraUI/Overlays.swift:323:14: note: add '@MainActor' to make global function 'announce' part of global actor 'MainActor'
private func announce(_ text: String) {
             ^
@MainActor 

SwiftCompile normal x86_64 /Users/yingpengwang/.codex/worktrees/0546/creator-platform/apps/ios/Sources/QelvoraUI/PasskeyCeremony.swift (in target 'QelvoraUI' from project 'QelvoraNative')
    cd /Users/yingpengwang/.codex/worktrees/0546/creator-platform/apps/ios/QelvoraApp.xcodeproj
    

SwiftCompile normal x86_64 Compiling\ SessionStorage.swift,\ StudioComponents.swift /Users/yingpengwang/.codex/worktrees/0546/creator-platform/apps/ios/Sources/QelvoraUI/SessionStorage.swift /Users/yingpengwang/.codex/worktrees/0546/creator-platform/apps/ios/Sources/QelvoraUI/StudioComponents.swift (in target 'QelvoraUI' from project 'QelvoraNative')

SwiftCompile normal x86_64 /Users/yingpengwang/.codex/worktrees/0546/creator-platform/apps/ios/Sources/QelvoraUI/SessionStorage.swift (in target 'QelvoraUI' from project 'QelvoraNative')
    cd /Users/yingpengwang/.codex/worktrees/0546/creator-platform/apps/ios/QelvoraApp.xcodeproj
    

SwiftCompile normal x86_64 /Users/yingpengwang/.codex/worktrees/0546/creator-platform/apps/ios/Sources/QelvoraUI/StudioComponents.swift (in target 'QelvoraUI' from project 'QelvoraNative')
    cd /Users/yingpengwang/.codex/worktrees/0546/creator-platform/apps/ios/QelvoraApp.xcodeproj
    

SwiftCompile normal x86_64 Compiling\ NativeMediaClient.swift,\ NativeVoiceRecorder.swift /Users/yingpengwang/.codex/worktrees/0546/creator-platform/apps/ios/Sources/QelvoraUI/Media/NativeMediaClient.swift /Users/yingpengwang/.codex/worktrees/0546/creator-platform/apps/ios/Sources/QelvoraUI/Media/NativeVoiceRecorder.swift (in target 'QelvoraUI' from project 'QelvoraNative')

SwiftCompile normal x86_64 /Users/yingpengwang/.codex/worktrees/0546/creator-platform/apps/ios/Sources/QelvoraUI/Media/NativeMediaClient.swift (in target 'QelvoraUI' from project 'QelvoraNative')
    cd /Users/yingpengwang/.codex/worktrees/0546/creator-platform/apps/ios/QelvoraApp.xcodeproj
    

SwiftCompile normal x86_64 /Users/yingpengwang/.codex/worktrees/0546/creator-platform/apps/ios/Sources/QelvoraUI/Media/NativeVoiceRecorder.swift (in target 'QelvoraUI' from project 'QelvoraNative')
    cd /Users/yingpengwang/.codex/worktrees/0546/creator-platform/apps/ios/QelvoraApp.xcodeproj
    

SwiftCompile normal x86_64 Compiling\ NativeCallOffers.swift,\ NativeCallView.swift /Users/yingpengwang/.codex/worktrees/0546/creator-platform/apps/ios/Sources/QelvoraUI/Media/NativeCallOffers.swift /Users/yingpengwang/.codex/worktrees/0546/creator-platform/apps/ios/Sources/QelvoraUI/Media/NativeCallView.swift (in target 'QelvoraUI' from project 'QelvoraNative')
SwiftCompile normal x86_64 /Users/yingpengwang/.codex/worktrees/0546/creator-platform/apps/ios/Sources/QelvoraUI/Media/NativeCallOffers.swift (in target 'QelvoraUI' from project 'QelvoraNative')
    cd /Users/yingpengwang/.codex/worktrees/0546/creator-platform/apps/ios/QelvoraApp.xcodeproj
    

SwiftCompile normal x86_64 /Users/yingpengwang/.codex/worktrees/0546/creator-platform/apps/ios/Sources/QelvoraUI/Media/NativeCallView.swift (in target 'QelvoraUI' from project 'QelvoraNative')
    cd /Users/yingpengwang/.codex/worktrees/0546/creator-platform/apps/ios/QelvoraApp.xcodeproj
    

SwiftCompile normal x86_64 Compiling\ CredentialSettings.swift,\ DeliveryProtocol.swift /Users/yingpengwang/.codex/worktrees/0546/creator-platform/apps/ios/Sources/QelvoraUI/CredentialSettings.swift /Users/yingpengwang/.codex/worktrees/0546/creator-platform/apps/ios/Sources/QelvoraUI/DeliveryProtocol.swift (in target 'QelvoraUI' from project 'QelvoraNative')

SwiftCompile normal x86_64 /Users/yingpengwang/.codex/worktrees/0546/creator-platform/apps/ios/Sources/QelvoraUI/CredentialSettings.swift (in target 'QelvoraUI' from project 'QelvoraNative')
    cd /Users/yingpengwang/.codex/worktrees/0546/creator-platform/apps/ios/QelvoraApp.xcodeproj
    

SwiftCompile normal x86_64 /Users/yingpengwang/.codex/worktrees/0546/creator-platform/apps/ios/Sources/QelvoraUI/DeliveryProtocol.swift (in target 'QelvoraUI' from project 'QelvoraNative')
    cd /Users/yingpengwang/.codex/worktrees/0546/creator-platform/apps/ios/QelvoraApp.xcodeproj
    

SwiftCompile normal x86_64 Compiling\ Growth.swift,\ GrowthPreferences.swift /Users/yingpengwang/.codex/worktrees/0546/creator-platform/apps/ios/Sources/QelvoraUI/Growth.swift /Users/yingpengwang/.codex/worktrees/0546/creator-platform/apps/ios/Sources/QelvoraUI/GrowthPreferences.swift (in target 'QelvoraUI' from project 'QelvoraNative')
SwiftCompile normal x86_64 /Users/yingpengwang/.codex/worktrees/0546/creator-platform/apps/ios/Sources/QelvoraUI/Growth.swift (in target 'QelvoraUI' from project 'QelvoraNative')
    cd /Users/yingpengwang/.codex/worktrees/0546/creator-platform/apps/ios/QelvoraApp.xcodeproj
    

SwiftCompile normal x86_64 /Users/yingpengwang/.codex/worktrees/0546/creator-platform/apps/ios/Sources/QelvoraUI/GrowthPreferences.swift (in target 'QelvoraUI' from project 'QelvoraNative')
    cd /Users/yingpengwang/.codex/worktrees/0546/creator-platform/apps/ios/QelvoraApp.xcodeproj
    

SwiftCompile normal x86_64 Compiling\ Identity.swift,\ NativeCallCoordinator.swift /Users/yingpengwang/.codex/worktrees/0546/creator-platform/apps/ios/Sources/QelvoraUI/Identity.swift /Users/yingpengwang/.codex/worktrees/0546/creator-platform/apps/ios/Sources/QelvoraUI/Media/NativeCallCoordinator.swift (in target 'QelvoraUI' from project 'QelvoraNative')

SwiftCompile normal x86_64 /Users/yingpengwang/.codex/worktrees/0546/creator-platform/apps/ios/Sources/QelvoraUI/Identity.swift (in target 'QelvoraUI' from project 'QelvoraNative')
    cd /Users/yingpengwang/.codex/worktrees/0546/creator-platform/apps/ios/QelvoraApp.xcodeproj
    

SwiftCompile normal x86_64 /Users/yingpengwang/.codex/worktrees/0546/creator-platform/apps/ios/Sources/QelvoraUI/Media/NativeCallCoordinator.swift (in target 'QelvoraUI' from project 'QelvoraNative')
    cd /Users/yingpengwang/.codex/worktrees/0546/creator-platform/apps/ios/QelvoraApp.xcodeproj
    
/Users/yingpengwang/.codex/worktrees/0546/creator-platform/apps/ios/Sources/QelvoraUI/Media/NativeCallCoordinator.swift:21:29: warning: 'init(localizedName:)' was deprecated in iOS 14.0
        let configuration = CXProviderConfiguration(localizedName: brandName)
                            ^

SwiftCompile normal x86_64 Compiling\ Controls.swift,\ Conversation.swift /Users/yingpengwang/.codex/worktrees/0546/creator-platform/apps/ios/Sources/QelvoraUI/Controls.swift /Users/yingpengwang/.codex/worktrees/0546/creator-platform/apps/ios/Sources/QelvoraUI/Conversation.swift (in target 'QelvoraUI' from project 'QelvoraNative')

SwiftCompile normal x86_64 /Users/yingpengwang/.codex/worktrees/0546/creator-platform/apps/ios/Sources/QelvoraUI/Controls.swift (in target 'QelvoraUI' from project 'QelvoraNative')
    cd /Users/yingpengwang/.codex/worktrees/0546/creator-platform/apps/ios/QelvoraApp.xcodeproj
    

SwiftCompile normal x86_64 /Users/yingpengwang/.codex/worktrees/0546/creator-platform/apps/ios/Sources/QelvoraUI/Conversation.swift (in target 'QelvoraUI' from project 'QelvoraNative')
    cd /Users/yingpengwang/.codex/worktrees/0546/creator-platform/apps/ios/QelvoraApp.xcodeproj
    

SwiftCompile normal x86_64 Compiling\ FanShell.swift,\ Glyph.swift /Users/yingpengwang/.codex/worktrees/0546/creator-platform/apps/ios/Sources/QelvoraUI/FanShell.swift /Users/yingpengwang/.codex/worktrees/0546/creator-platform/apps/ios/Sources/QelvoraUI/Glyph.swift (in target 'QelvoraUI' from project 'QelvoraNative')

SwiftCompile normal x86_64 /Users/yingpengwang/.codex/worktrees/0546/creator-platform/apps/ios/Sources/QelvoraUI/FanShell.swift (in target 'QelvoraUI' from project 'QelvoraNative')
    cd /Users/yingpengwang/.codex/worktrees/0546/creator-platform/apps/ios/QelvoraApp.xcodeproj
    

SwiftCompile normal x86_64 /Users/yingpengwang/.codex/worktrees/0546/creator-platform/apps/ios/Sources/QelvoraUI/Glyph.swift (in target 'QelvoraUI' from project 'QelvoraNative')
    cd /Users/yingpengwang/.codex/worktrees/0546/creator-platform/apps/ios/QelvoraApp.xcodeproj
    

SwiftCompile normal x86_64 Compiling\ resource_bundle_accessor.swift,\ QelvoraAPI.swift,\ QelvoraCopy.swift /tmp/creator-w7-takeover-ios/DerivedData/Build/Intermediates.noindex/QelvoraNative.build/Debug-iphonesimulator/QelvoraUI.build/DerivedSources/resource_bundle_accessor.swift /Users/yingpengwang/.codex/worktrees/0546/creator-platform/apps/ios/Sources/Generated/QelvoraAPI.swift /Users/yingpengwang/.codex/worktrees/0546/creator-platform/apps/ios/Sources/Generated/QelvoraCopy.swift (in target 'QelvoraUI' from project 'QelvoraNative')

SwiftCompile normal x86_64 /tmp/creator-w7-takeover-ios/DerivedData/Build/Intermediates.noindex/QelvoraNative.build/Debug-iphonesimulator/QelvoraUI.build/DerivedSources/resource_bundle_accessor.swift (in target 'QelvoraUI' from project 'QelvoraNative')
    cd /Users/yingpengwang/.codex/worktrees/0546/creator-platform/apps/ios/QelvoraApp.xcodeproj
    

SwiftCompile normal x86_64 /Users/yingpengwang/.codex/worktrees/0546/creator-platform/apps/ios/Sources/Generated/QelvoraAPI.swift (in target 'QelvoraUI' from project 'QelvoraNative')
    cd /Users/yingpengwang/.codex/worktrees/0546/creator-platform/apps/ios/QelvoraApp.xcodeproj
    

SwiftCompile normal x86_64 /Users/yingpengwang/.codex/worktrees/0546/creator-platform/apps/ios/Sources/Generated/QelvoraCopy.swift (in target 'QelvoraUI' from project 'QelvoraNative')
    cd /Users/yingpengwang/.codex/worktrees/0546/creator-platform/apps/ios/QelvoraApp.xcodeproj
    

SwiftCompile normal x86_64 Compiling\ QelvoraTokens.swift,\ AccessComponents.swift,\ Catalog.swift /Users/yingpengwang/.codex/worktrees/0546/creator-platform/apps/ios/Sources/Generated/QelvoraTokens.swift /Users/yingpengwang/.codex/worktrees/0546/creator-platform/apps/ios/Sources/QelvoraUI/AccessComponents.swift /Users/yingpengwang/.codex/worktrees/0546/creator-platform/apps/ios/Sources/QelvoraUI/Catalog.swift (in target 'QelvoraUI' from project 'QelvoraNative')

SwiftCompile normal x86_64 /Users/yingpengwang/.codex/worktrees/0546/creator-platform/apps/ios/Sources/Generated/QelvoraTokens.swift (in target 'QelvoraUI' from project 'QelvoraNative')
    cd /Users/yingpengwang/.codex/worktrees/0546/creator-platform/apps/ios/QelvoraApp.xcodeproj
    

SwiftCompile normal x86_64 /Users/yingpengwang/.codex/worktrees/0546/creator-platform/apps/ios/Sources/QelvoraUI/AccessComponents.swift (in target 'QelvoraUI' from project 'QelvoraNative')
    cd /Users/yingpengwang/.codex/worktrees/0546/creator-platform/apps/ios/QelvoraApp.xcodeproj
    

SwiftCompile normal x86_64 /Users/yingpengwang/.codex/worktrees/0546/creator-platform/apps/ios/Sources/QelvoraUI/Catalog.swift (in target 'QelvoraUI' from project 'QelvoraNative')
    cd /Users/yingpengwang/.codex/worktrees/0546/creator-platform/apps/ios/QelvoraApp.xcodeproj
    

SwiftCompile normal x86_64 Compiling\ CommerceClient.swift,\ CommerceFeature.swift,\ StoreMembership.swift /Users/yingpengwang/.codex/worktrees/0546/creator-platform/apps/ios/Sources/QelvoraUI/Commerce/CommerceClient.swift /Users/yingpengwang/.codex/worktrees/0546/creator-platform/apps/ios/Sources/QelvoraUI/Commerce/CommerceFeature.swift /Users/yingpengwang/.codex/worktrees/0546/creator-platform/apps/ios/Sources/QelvoraUI/Commerce/StoreMembership.swift (in target 'QelvoraUI' from project 'QelvoraNative')

SwiftCompile normal x86_64 /Users/yingpengwang/.codex/worktrees/0546/creator-platform/apps/ios/Sources/QelvoraUI/Commerce/CommerceClient.swift (in target 'QelvoraUI' from project 'QelvoraNative')
    cd /Users/yingpengwang/.codex/worktrees/0546/creator-platform/apps/ios/QelvoraApp.xcodeproj
    

SwiftCompile normal x86_64 /Users/yingpengwang/.codex/worktrees/0546/creator-platform/apps/ios/Sources/QelvoraUI/Commerce/CommerceFeature.swift (in target 'QelvoraUI' from project 'QelvoraNative')
    cd /Users/yingpengwang/.codex/worktrees/0546/creator-platform/apps/ios/QelvoraApp.xcodeproj
    

SwiftCompile normal x86_64 /Users/yingpengwang/.codex/worktrees/0546/creator-platform/apps/ios/Sources/QelvoraUI/Commerce/StoreMembership.swift (in target 'QelvoraUI' from project 'QelvoraNative')
    cd /Users/yingpengwang/.codex/worktrees/0546/creator-platform/apps/ios/QelvoraApp.xcodeproj
    

SwiftCompile normal x86_64 Compiling\ StoreMembershipPane.swift,\ ComponentPreview.swift /Users/yingpengwang/.codex/worktrees/0546/creator-platform/apps/ios/Sources/QelvoraUI/Commerce/StoreMembershipPane.swift /Users/yingpengwang/.codex/worktrees/0546/creator-platform/apps/ios/Sources/QelvoraUI/ComponentPreview.swift (in target 'QelvoraUI' from project 'QelvoraNative')

SwiftCompile normal x86_64 /Users/yingpengwang/.codex/worktrees/0546/creator-platform/apps/ios/Sources/QelvoraUI/Commerce/StoreMembershipPane.swift (in target 'QelvoraUI' from project 'QelvoraNative')
    cd /Users/yingpengwang/.codex/worktrees/0546/creator-platform/apps/ios/QelvoraApp.xcodeproj
    

SwiftCompile normal x86_64 /Users/yingpengwang/.codex/worktrees/0546/creator-platform/apps/ios/Sources/QelvoraUI/ComponentPreview.swift (in target 'QelvoraUI' from project 'QelvoraNative')
    cd /Users/yingpengwang/.codex/worktrees/0546/creator-platform/apps/ios/QelvoraApp.xcodeproj
    

SwiftDriverJobDiscovery normal x86_64 Emitting module for QelvoraUI (in target 'QelvoraUI' from project 'QelvoraNative')

SwiftDriver\ Compilation\ Requirements QelvoraUI normal x86_64 com.apple.xcode.tools.swift.compiler (in target 'QelvoraUI' from project 'QelvoraNative')
    cd /Users/yingpengwang/.codex/worktrees/0546/creator-platform/apps/ios/QelvoraApp.xcodeproj
    builtin-Swift-Compilation-Requirements -- /Applications/Xcode.app/Contents/Developer/Toolchains/XcodeDefault.xctoolchain/usr/bin/swiftc -module-name QelvoraUI -Onone @/tmp/creator-w7-takeover-ios/DerivedData/Build/Intermediates.noindex/QelvoraNative.build/Debug-iphonesimulator/QelvoraUI.build/Objects-normal/x86_64/QelvoraUI.SwiftFileList -DSWIFT_PACKAGE -DDEBUG -DSWIFT_MODULE_RESOURCE_BUNDLE_AVAILABLE -DXcode -plugin-path /Applications/Xcode.app/Contents/Developer/Toolchains/XcodeDefault.xctoolchain/usr/lib/swift/host/plugins/testing -enable-experimental-feature DebugDescriptionMacro -sdk /Applications/Xcode.app/Contents/Developer/Platforms/iPhoneSimulator.platform/Developer/SDKs/iPhoneSimulator26.5.sdk -target x86_64-apple-ios17.0-simulator -g -module-cache-path /tmp/creator-w7-takeover-ios/DerivedData/ModuleCache.noindex -Xfrontend -serialize-debugging-options -enable-testing -index-store-path /tmp/creator-w7-takeover-ios/DerivedData/Index.noindex/DataStore -Xcc -D_LIBCPP_HARDENING_MODE\=_LIBCPP_HARDENING_MODE_DEBUG -swift-version 6 -I /tmp/creator-w7-takeover-ios/DerivedData/Build/Products/Debug-iphonesimulator -Isystem /Applications/Xcode.app/Contents/Developer/Platforms/iPhoneSimulator.platform/Developer/usr/lib -F /tmp/creator-w7-takeover-ios/DerivedData/Build/Products/Debug-iphonesimulator -F /Applications/Xcode.app/Contents/Developer/Platforms/iPhoneSimulator.platform/Developer/Library/Frameworks -F /Applications/Xcode.app/Contents/Developer/Platforms/iPhoneSimulator.platform/Developer/SDKs/iPhoneSimulator26.5.sdk/Developer/Library/Frameworks -c -j16 -enable-batch-mode -incremental -Xcc -ivfsstatcache -Xcc /tmp/creator-w7-takeover-ios/DerivedData/SDKStatCaches.noindex/iphonesimulator26.5-23F73-6cfe768891a92b912361537c460fe42b.sdkstatcache -output-file-map /tmp/creator-w7-takeover-ios/DerivedData/Build/Intermediates.noindex/QelvoraNative.build/Debug-iphonesimulator/QelvoraUI.build/Objects-normal/x86_64/QelvoraUI-OutputFileMap.json -use-frontend-parseable-output -save-temps -no-color-diagnostics -explicit-module-build -module-cache-path /tmp/creator-w7-takeover-ios/DerivedData/Build/Intermediates.noindex/SwiftExplicitPrecompiledModules -clang-scanner-module-cache-path /tmp/creator-w7-takeover-ios/DerivedData/ModuleCache.noindex -sdk-module-cache-path /tmp/creator-w7-takeover-ios/DerivedData/ModuleCache.noindex -serialize-diagnostics -emit-dependencies -emit-module -emit-module-path /tmp/creator-w7-takeover-ios/DerivedData/Build/Intermediates.noindex/QelvoraNative.build/Debug-iphonesimulator/QelvoraUI.build/Objects-normal/x86_64/QelvoraUI.swiftmodule -validate-clang-modules-once -clang-build-session-file /tmp/creator-w7-takeover-ios/DerivedData/ModuleCache.noindex/Session.modulevalidation -package-name ios -Xcc -I/tmp/creator-w7-takeover-ios/DerivedData/Build/Intermediates.noindex/QelvoraNative.build/Debug-iphonesimulator/QelvoraUI.build/swift-overrides.hmap -emit-const-values -Xfrontend -const-gather-protocols-file -Xfrontend /tmp/creator-w7-takeover-ios/DerivedData/Build/Intermediates.noindex/QelvoraNative.build/Debug-iphonesimulator/QelvoraUI.build/Objects-normal/x86_64/QelvoraUI_const_extract_protocols.json -Xcc -I/tmp/creator-w7-takeover-ios/DerivedData/Build/Products/Debug-iphonesimulator/include -Xcc -I/tmp/creator-w7-takeover-ios/DerivedData/Build/Intermediates.noindex/QelvoraNative.build/Debug-iphonesimulator/QelvoraUI.build/DerivedSources-normal/x86_64 -Xcc -I/tmp/creator-w7-takeover-ios/DerivedData/Build/Intermediates.noindex/QelvoraNative.build/Debug-iphonesimulator/QelvoraUI.build/DerivedSources/x86_64 -Xcc -I/tmp/creator-w7-takeover-ios/DerivedData/Build/Intermediates.noindex/QelvoraNative.build/Debug-iphonesimulator/QelvoraUI.build/DerivedSources -Xcc -DSWIFT_PACKAGE -Xcc -DDEBUG\=1 -emit-objc-header -emit-objc-header-path /tmp/creator-w7-takeover-ios/DerivedData/Build/Intermediates.noindex/QelvoraNative.build/Debug-iphonesimulator/QelvoraUI.build/Objects-normal/x86_64/QelvoraUI-Swift.h -working-directory /Users/yingpengwang/.codex/worktrees/0546/creator-platform/apps/ios/QelvoraApp.xcodeproj -experimental-emit-module-separately -disable-cmo

SwiftDriverJobDiscovery normal x86_64 Compiling Controls.swift, Conversation.swift (in target 'QelvoraUI' from project 'QelvoraNative')

SwiftMergeGeneratedHeaders /tmp/creator-w7-takeover-ios/DerivedData/Build/Intermediates.noindex/GeneratedModuleMaps-iphonesimulator/QelvoraUI-Swift.h /tmp/creator-w7-takeover-ios/DerivedData/Build/Intermediates.noindex/QelvoraNative.build/Debug-iphonesimulator/QelvoraUI.build/Objects-normal/x86_64/QelvoraUI-Swift.h (in target 'QelvoraUI' from project 'QelvoraNative')
    cd /Users/yingpengwang/.codex/worktrees/0546/creator-platform/apps/ios
    builtin-swiftHeaderTool -arch x86_64 /tmp/creator-w7-takeover-ios/DerivedData/Build/Intermediates.noindex/QelvoraNative.build/Debug-iphonesimulator/QelvoraUI.build/Objects-normal/x86_64/QelvoraUI-Swift.h -o /tmp/creator-w7-takeover-ios/DerivedData/Build/Intermediates.noindex/GeneratedModuleMaps-iphonesimulator/QelvoraUI-Swift.h

Copy /tmp/creator-w7-takeover-ios/DerivedData/Build/Products/Debug-iphonesimulator/QelvoraUI.swiftmodule/x86_64-apple-ios-simulator.swiftmodule /tmp/creator-w7-takeover-ios/DerivedData/Build/Intermediates.noindex/QelvoraNative.build/Debug-iphonesimulator/QelvoraUI.build/Objects-normal/x86_64/QelvoraUI.swiftmodule (in target 'QelvoraUI' from project 'QelvoraNative')
    cd /Users/yingpengwang/.codex/worktrees/0546/creator-platform/apps/ios
    builtin-copy -exclude .DS_Store -exclude CVS -exclude .svn -exclude .git -exclude .hg -resolve-src-symlinks -rename /tmp/creator-w7-takeover-ios/DerivedData/Build/Intermediates.noindex/QelvoraNative.build/Debug-iphonesimulator/QelvoraUI.build/Objects-normal/x86_64/QelvoraUI.swiftmodule /tmp/creator-w7-takeover-ios/DerivedData/Build/Products/Debug-iphonesimulator/QelvoraUI.swiftmodule/x86_64-apple-ios-simulator.swiftmodule

Copy /tmp/creator-w7-takeover-ios/DerivedData/Build/Products/Debug-iphonesimulator/QelvoraUI.swiftmodule/x86_64-apple-ios-simulator.swiftdoc /tmp/creator-w7-takeover-ios/DerivedData/Build/Intermediates.noindex/QelvoraNative.build/Debug-iphonesimulator/QelvoraUI.build/Objects-normal/x86_64/QelvoraUI.swiftdoc (in target 'QelvoraUI' from project 'QelvoraNative')
    cd /Users/yingpengwang/.codex/worktrees/0546/creator-platform/apps/ios
    builtin-copy -exclude .DS_Store -exclude CVS -exclude .svn -exclude .git -exclude .hg -resolve-src-symlinks -rename /tmp/creator-w7-takeover-ios/DerivedData/Build/Intermediates.noindex/QelvoraNative.build/Debug-iphonesimulator/QelvoraUI.build/Objects-normal/x86_64/QelvoraUI.swiftdoc /tmp/creator-w7-takeover-ios/DerivedData/Build/Products/Debug-iphonesimulator/QelvoraUI.swiftmodule/x86_64-apple-ios-simulator.swiftdoc

Copy /tmp/creator-w7-takeover-ios/DerivedData/Build/Products/Debug-iphonesimulator/QelvoraUI.swiftmodule/x86_64-apple-ios-simulator.abi.json /tmp/creator-w7-takeover-ios/DerivedData/Build/Intermediates.noindex/QelvoraNative.build/Debug-iphonesimulator/QelvoraUI.build/Objects-normal/x86_64/QelvoraUI.abi.json (in target 'QelvoraUI' from project 'QelvoraNative')
    cd /Users/yingpengwang/.codex/worktrees/0546/creator-platform/apps/ios
    builtin-copy -exclude .DS_Store -exclude CVS -exclude .svn -exclude .git -exclude .hg -resolve-src-symlinks -rename /tmp/creator-w7-takeover-ios/DerivedData/Build/Intermediates.noindex/QelvoraNative.build/Debug-iphonesimulator/QelvoraUI.build/Objects-normal/x86_64/QelvoraUI.abi.json /tmp/creator-w7-takeover-ios/DerivedData/Build/Products/Debug-iphonesimulator/QelvoraUI.swiftmodule/x86_64-apple-ios-simulator.abi.json

Copy /tmp/creator-w7-takeover-ios/DerivedData/Build/Products/Debug-iphonesimulator/QelvoraUI.swiftmodule/Project/x86_64-apple-ios-simulator.swiftsourceinfo /tmp/creator-w7-takeover-ios/DerivedData/Build/Intermediates.noindex/QelvoraNative.build/Debug-iphonesimulator/QelvoraUI.build/Objects-normal/x86_64/QelvoraUI.swiftsourceinfo (in target 'QelvoraUI' from project 'QelvoraNative')
    cd /Users/yingpengwang/.codex/worktrees/0546/creator-platform/apps/ios
    builtin-copy -exclude .DS_Store -exclude CVS -exclude .svn -exclude .git -exclude .hg -resolve-src-symlinks -rename /tmp/creator-w7-takeover-ios/DerivedData/Build/Intermediates.noindex/QelvoraNative.build/Debug-iphonesimulator/QelvoraUI.build/Objects-normal/x86_64/QelvoraUI.swiftsourceinfo /tmp/creator-w7-takeover-ios/DerivedData/Build/Products/Debug-iphonesimulator/QelvoraUI.swiftmodule/Project/x86_64-apple-ios-simulator.swiftsourceinfo

ProcessProductPackaging "" /tmp/creator-w7-takeover-ios/DerivedData/Build/Intermediates.noindex/QelvoraApp.build/Debug-iphonesimulator/QelvoraApp.build/QelvoraApp.app-Simulated.xcent (in target 'QelvoraApp' from project 'QelvoraApp')
    cd /Users/yingpengwang/.codex/worktrees/0546/creator-platform/apps/ios
    
    Entitlements:
    
    {
    "application-identifier" = "FAKETEAMID.com.pantopus.qelvora";
}
    
    builtin-productPackagingUtility -entitlements -format xml -o /tmp/creator-w7-takeover-ios/DerivedData/Build/Intermediates.noindex/QelvoraApp.build/Debug-iphonesimulator/QelvoraApp.build/QelvoraApp.app-Simulated.xcent

ProcessProductPackagingDER /tmp/creator-w7-takeover-ios/DerivedData/Build/Intermediates.noindex/QelvoraApp.build/Debug-iphonesimulator/QelvoraApp.build/QelvoraApp.app-Simulated.xcent /tmp/creator-w7-takeover-ios/DerivedData/Build/Intermediates.noindex/QelvoraApp.build/Debug-iphonesimulator/QelvoraApp.build/QelvoraApp.app-Simulated.xcent.der (in target 'QelvoraApp' from project 'QelvoraApp')
    cd /Users/yingpengwang/.codex/worktrees/0546/creator-platform/apps/ios
    /usr/bin/derq query -f xml -i /tmp/creator-w7-takeover-ios/DerivedData/Build/Intermediates.noindex/QelvoraApp.build/Debug-iphonesimulator/QelvoraApp.build/QelvoraApp.app-Simulated.xcent -o /tmp/creator-w7-takeover-ios/DerivedData/Build/Intermediates.noindex/QelvoraApp.build/Debug-iphonesimulator/QelvoraApp.build/QelvoraApp.app-Simulated.xcent.der --raw

SwiftDriver QelvoraApp normal x86_64 com.apple.xcode.tools.swift.compiler (in target 'QelvoraApp' from project 'QelvoraApp')
    cd /Users/yingpengwang/.codex/worktrees/0546/creator-platform/apps/ios
    builtin-SwiftDriver -- /Applications/Xcode.app/Contents/Developer/Toolchains/XcodeDefault.xctoolchain/usr/bin/swiftc -module-name QelvoraApp -Onone @/tmp/creator-w7-takeover-ios/DerivedData/Build/Intermediates.noindex/QelvoraApp.build/Debug-iphonesimulator/QelvoraApp.build/Objects-normal/x86_64/QelvoraApp.SwiftFileList -DDEBUG -enable-experimental-feature DebugDescriptionMacro -sdk /Applications/Xcode.app/Contents/Developer/Platforms/iPhoneSimulator.platform/Developer/SDKs/iPhoneSimulator26.5.sdk -target x86_64-apple-ios17.0-simulator -g -module-cache-path /tmp/creator-w7-takeover-ios/DerivedData/ModuleCache.noindex -Xfrontend -serialize-debugging-options -enable-testing -index-store-path /tmp/creator-w7-takeover-ios/DerivedData/Index.noindex/DataStore -Xcc -D_LIBCPP_HARDENING_MODE\=_LIBCPP_HARDENING_MODE_DEBUG -swift-version 6 -I /tmp/creator-w7-takeover-ios/DerivedData/Build/Products/Debug-iphonesimulator -F /tmp/creator-w7-takeover-ios/DerivedData/Build/Products/Debug-iphonesimulator/PackageFrameworks -F /tmp/creator-w7-takeover-ios/DerivedData/Build/Products/Debug-iphonesimulator -parse-as-library -c -j16 -enable-batch-mode -incremental -Xcc -ivfsstatcache -Xcc /tmp/creator-w7-takeover-ios/DerivedData/SDKStatCaches.noindex/iphonesimulator26.5-23F73-6cfe768891a92b912361537c460fe42b.sdkstatcache -output-file-map /tmp/creator-w7-takeover-ios/DerivedData/Build/Intermediates.noindex/QelvoraApp.build/Debug-iphonesimulator/QelvoraApp.build/Objects-normal/x86_64/QelvoraApp-OutputFileMap.json -use-frontend-parseable-output -save-temps -no-color-diagnostics -explicit-module-build -module-cache-path /tmp/creator-w7-takeover-ios/DerivedData/Build/Intermediates.noindex/SwiftExplicitPrecompiledModules -clang-scanner-module-cache-path /tmp/creator-w7-takeover-ios/DerivedData/ModuleCache.noindex -sdk-module-cache-path /tmp/creator-w7-takeover-ios/DerivedData/ModuleCache.noindex -serialize-diagnostics -emit-dependencies -emit-module -emit-module-path /tmp/creator-w7-takeover-ios/DerivedData/Build/Intermediates.noindex/QelvoraApp.build/Debug-iphonesimulator/QelvoraApp.build/Objects-normal/x86_64/QelvoraApp.swiftmodule -validate-clang-modules-once -clang-build-session-file /tmp/creator-w7-takeover-ios/DerivedData/ModuleCache.noindex/Session.modulevalidation -Xcc -I/tmp/creator-w7-takeover-ios/DerivedData/Build/Intermediates.noindex/QelvoraApp.build/Debug-iphonesimulator/QelvoraApp.build/swift-overrides.hmap -emit-const-values -Xfrontend -const-gather-protocols-file -Xfrontend /tmp/creator-w7-takeover-ios/DerivedData/Build/Intermediates.noindex/QelvoraApp.build/Debug-iphonesimulator/QelvoraApp.build/Objects-normal/x86_64/QelvoraApp_const_extract_protocols.json -Xcc -iquote -Xcc /tmp/creator-w7-takeover-ios/DerivedData/Build/Intermediates.noindex/QelvoraApp.build/Debug-iphonesimulator/QelvoraApp.build/QelvoraApp-generated-files.hmap -Xcc -I/tmp/creator-w7-takeover-ios/DerivedData/Build/Intermediates.noindex/QelvoraApp.build/Debug-iphonesimulator/QelvoraApp.build/QelvoraApp-own-target-headers.hmap -Xcc -I/tmp/creator-w7-takeover-ios/DerivedData/Build/Intermediates.noindex/QelvoraApp.build/Debug-iphonesimulator/QelvoraApp.build/QelvoraApp-all-non-framework-target-headers.hmap -Xcc -ivfsoverlay -Xcc /tmp/creator-w7-takeover-ios/DerivedData/Build/Intermediates.noindex/QelvoraApp.build/Debug-iphonesimulator/QelvoraApp-29b244ef777fcfbcbef7f347c6fce175-VFS-iphonesimulator/all-product-headers.yaml -Xcc -iquote -Xcc /tmp/creator-w7-takeover-ios/DerivedData/Build/Intermediates.noindex/QelvoraApp.build/Debug-iphonesimulator/QelvoraApp.build/QelvoraApp-project-headers.hmap -Xcc -I/tmp/creator-w7-takeover-ios/DerivedData/Build/Products/Debug-iphonesimulator/include -Xcc -I/tmp/creator-w7-takeover-ios/DerivedData/Build/Intermediates.noindex/QelvoraApp.build/Debug-iphonesimulator/QelvoraApp.build/DerivedSources-normal/x86_64 -Xcc -I/tmp/creator-w7-takeover-ios/DerivedData/Build/Intermediates.noindex/QelvoraApp.build/Debug-iphonesimulator/QelvoraApp.build/DerivedSources/x86_64 -Xcc -I/tmp/creator-w7-takeover-ios/DerivedData/Build/Intermediates.noindex/QelvoraApp.build/Debug-iphonesimulator/QelvoraApp.build/DerivedSources -Xcc -DDEBUG\=1 -emit-objc-header -emit-objc-header-path /tmp/creator-w7-takeover-ios/DerivedData/Build/Intermediates.noindex/QelvoraApp.build/Debug-iphonesimulator/QelvoraApp.build/Objects-normal/x86_64/QelvoraApp-Swift.h -working-directory /Users/yingpengwang/.codex/worktrees/0546/creator-platform/apps/ios -experimental-emit-module-separately -disable-cmo

SwiftDriverJobDiscovery normal x86_64 Compiling SessionStorage.swift, StudioComponents.swift (in target 'QelvoraUI' from project 'QelvoraNative')

SwiftDriverJobDiscovery normal x86_64 Compiling W6FanFeatures.swift, Navigation.swift (in target 'QelvoraUI' from project 'QelvoraNative')

SwiftDriverJobDiscovery normal x86_64 Compiling FanShell.swift, Glyph.swift (in target 'QelvoraUI' from project 'QelvoraNative')

SwiftDriverJobDiscovery normal x86_64 Compiling Trust.swift, Welcome.swift (in target 'QelvoraUI' from project 'QelvoraNative')

SwiftDriverJobDiscovery normal x86_64 Compiling Theme.swift, ThreadComponents.swift (in target 'QelvoraUI' from project 'QelvoraNative')

SwiftDriverJobDiscovery normal x86_64 Compiling CredentialSettings.swift, DeliveryProtocol.swift (in target 'QelvoraUI' from project 'QelvoraNative')

SwiftDriverJobDiscovery normal x86_64 Compiling Identity.swift, NativeCallCoordinator.swift (in target 'QelvoraUI' from project 'QelvoraNative')

SwiftDriverJobDiscovery normal x86_64 Compiling QelvoraTokens.swift, AccessComponents.swift, Catalog.swift (in target 'QelvoraUI' from project 'QelvoraNative')

SwiftDriverJobDiscovery normal x86_64 Compiling NativeMediaClient.swift, NativeVoiceRecorder.swift (in target 'QelvoraUI' from project 'QelvoraNative')

SwiftDriverJobDiscovery normal x86_64 Compiling Overlays.swift, PasskeyCeremony.swift (in target 'QelvoraUI' from project 'QelvoraNative')

SwiftDriverJobDiscovery normal x86_64 Compiling NativeCallOffers.swift, NativeCallView.swift (in target 'QelvoraUI' from project 'QelvoraNative')

SwiftExplicitDependencyGeneratePcm x86_64 /tmp/creator-w7-takeover-ios/DerivedData/ModuleCache.noindex/_AvailabilityInternal-9G69LLM4UC3TL21TDC9ABSAF3.pcm

SwiftExplicitDependencyGeneratePcm x86_64 /tmp/creator-w7-takeover-ios/DerivedData/ModuleCache.noindex/DeveloperToolsSupport-2OGR9K96QO6XMLKI1P0SKE7ZR.pcm

SwiftExplicitDependencyGeneratePcm x86_64 /tmp/creator-w7-takeover-ios/DerivedData/ModuleCache.noindex/ptrcheck-AHER6BYKCEF21CUF3PO1SD3BV.pcm

SwiftExplicitDependencyGeneratePcm x86_64 /tmp/creator-w7-takeover-ios/DerivedData/ModuleCache.noindex/_SwiftConcurrencyShims-AH0G63MDL6FI2YJVO0BRQY2D1.pcm

SwiftExplicitDependencyGeneratePcm x86_64 /tmp/creator-w7-takeover-ios/DerivedData/ModuleCache.noindex/_StoreKit_SwiftUI-A2FH78VW93MBG09VFMTNSZRQO.pcm

SwiftExplicitDependencyGeneratePcm x86_64 /tmp/creator-w7-takeover-ios/DerivedData/ModuleCache.noindex/ptrauth-CTWJK13HAH63DHKG9V20NZP3W.pcm

SwiftExplicitDependencyGeneratePcm x86_64 /tmp/creator-w7-takeover-ios/DerivedData/ModuleCache.noindex/_Builtin_stdbool-CFLZWUOTVIIFVCYTNC904TZEP.pcm

SwiftExplicitDependencyGeneratePcm x86_64 /tmp/creator-w7-takeover-ios/DerivedData/ModuleCache.noindex/_Builtin_stddef-44HIZXOTLKJFVZ7OV5HIZGZ01.pcm

SwiftExplicitDependencyGeneratePcm x86_64 /tmp/creator-w7-takeover-ios/DerivedData/ModuleCache.noindex/SwiftShims-6P3C8C7TQ7OUY6K7TEUET65HU.pcm

SwiftExplicitDependencyGeneratePcm x86_64 /tmp/creator-w7-takeover-ios/DerivedData/ModuleCache.noindex/_Builtin_stdarg-36MAR5OKMT0ARJWS5MOQJ8RJV.pcm

SwiftExplicitDependencyGeneratePcm x86_64 /tmp/creator-w7-takeover-ios/DerivedData/ModuleCache.noindex/_Builtin_float-98SQAHX80OCS2K5SUG9O0IMED.pcm

SwiftExplicitDependencyGeneratePcm x86_64 /tmp/creator-w7-takeover-ios/DerivedData/ModuleCache.noindex/_DarwinFoundation1-8PYVUCXDCV23V4UNXAZ8PH0AT.pcm

SwiftExplicitDependencyGeneratePcm x86_64 /tmp/creator-w7-takeover-ios/DerivedData/ModuleCache.noindex/_Builtin_limits-1CPZA52D5DHKEW73WAEQ5NBHU.pcm

SwiftExplicitDependencyGeneratePcm x86_64 /tmp/creator-w7-takeover-ios/DerivedData/ModuleCache.noindex/ExtensionFoundation-D5A89DC4FLJJ2A2975WVMGVRR.pcm

SwiftExplicitDependencyGeneratePcm x86_64 /tmp/creator-w7-takeover-ios/DerivedData/ModuleCache.noindex/_DarwinFoundation2-DMI2BI1M5JBY2QAIWFZHPC9FU.pcm

SwiftExplicitDependencyGeneratePcm x86_64 /tmp/creator-w7-takeover-ios/DerivedData/ModuleCache.noindex/sys_types-60UE6AMBFTZOVWW3J00OVF9FV.pcm

SwiftExplicitDependencyGeneratePcm x86_64 /tmp/creator-w7-takeover-ios/DerivedData/ModuleCache.noindex/_Builtin_stdint-5Z7GJDFWH96XPDUFN5OAKUOQ9.pcm

SwiftExplicitDependencyGeneratePcm x86_64 /tmp/creator-w7-takeover-ios/DerivedData/ModuleCache.noindex/_Builtin_tgmath-2WNQ6L657LYPO4JH8VZCDDZ20.pcm

SwiftExplicitDependencyGeneratePcm x86_64 /tmp/creator-w7-takeover-ios/DerivedData/ModuleCache.noindex/_Builtin_stdatomic-5O6SMBWY6Z4VTYXEEWM64JANP.pcm

SwiftExplicitDependencyGeneratePcm x86_64 /tmp/creator-w7-takeover-ios/DerivedData/ModuleCache.noindex/_DarwinFoundation3-1WOKW27HD5BWVLF3LREH41TGY.pcm

SwiftDriverJobDiscovery normal x86_64 Compiling CommerceClient.swift, CommerceFeature.swift, StoreMembership.swift (in target 'QelvoraUI' from project 'QelvoraNative')

SwiftDriverJobDiscovery normal x86_64 Compiling StoreMembershipPane.swift, ComponentPreview.swift (in target 'QelvoraUI' from project 'QelvoraNative')

SwiftExplicitDependencyGeneratePcm x86_64 /tmp/creator-w7-takeover-ios/DerivedData/ModuleCache.noindex/_Builtin_intrinsics-DM7QXCVAF7KXUD0MC8YL0XVR6.pcm

SwiftExplicitDependencyGeneratePcm x86_64 /tmp/creator-w7-takeover-ios/DerivedData/ModuleCache.noindex/_Builtin_inttypes-4RSKNR6H76BIWQNJ0E0F1Y91T.pcm

SwiftExplicitDependencyGeneratePcm x86_64 /tmp/creator-w7-takeover-ios/DerivedData/ModuleCache.noindex/Darwin-68L7SDTFEGMT9O79X2MW4PJY0.pcm

SwiftExplicitDependencyGeneratePcm x86_64 /tmp/creator-w7-takeover-ios/DerivedData/ModuleCache.noindex/ObjectiveC-AHHQU9L8PCZ6XWR6JRV3XNP0D.pcm

SwiftExplicitDependencyGeneratePcm x86_64 /tmp/creator-w7-takeover-ios/DerivedData/ModuleCache.noindex/MachO-62VO8ZQUBJ2V84DLL4I4N53HA.pcm

SwiftExplicitDependencyGeneratePcm x86_64 /tmp/creator-w7-takeover-ios/DerivedData/ModuleCache.noindex/os_object-ATEMD6JTZDLIGHGCE2XEBF1TO.pcm

SwiftExplicitDependencyGeneratePcm x86_64 /tmp/creator-w7-takeover-ios/DerivedData/ModuleCache.noindex/simd-40TNKQOSA47IGE409OMNJ73EK.pcm

SwiftExplicitDependencyGeneratePcm x86_64 /tmp/creator-w7-takeover-ios/DerivedData/ModuleCache.noindex/os_workgroup-B66FHTWIX3BOC9EMUOQ59406J.pcm

SwiftExplicitDependencyGeneratePcm x86_64 /tmp/creator-w7-takeover-ios/DerivedData/ModuleCache.noindex/Dispatch-B7HCDYU8WVU4BTUXJOJV0FMYG.pcm

SwiftExplicitDependencyGeneratePcm x86_64 /tmp/creator-w7-takeover-ios/DerivedData/ModuleCache.noindex/dnssd-B735ZTGC19Z6O61RDL5K6DY1Q.pcm

SwiftExplicitDependencyGeneratePcm x86_64 /tmp/creator-w7-takeover-ios/DerivedData/ModuleCache.noindex/XPC-6X2RB1E7MM9OVPI52DKSC7J5S.pcm

SwiftExplicitDependencyGeneratePcm x86_64 /tmp/creator-w7-takeover-ios/DerivedData/ModuleCache.noindex/CoreFoundation-E78PJI82Z69JRF6WMAWKTD6GA.pcm

SwiftExplicitDependencyGeneratePcm x86_64 /tmp/creator-w7-takeover-ios/DerivedData/ModuleCache.noindex/os-2QYIRJ0WY1IQS3L0B26ZAYOSY.pcm

SwiftExplicitDependencyGeneratePcm x86_64 /tmp/creator-w7-takeover-ios/DerivedData/ModuleCache.noindex/CoreGraphics-6Z2VKXWY1VFZ0BXXP6HCGCOH5.pcm

SwiftExplicitDependencyGeneratePcm x86_64 /tmp/creator-w7-takeover-ios/DerivedData/ModuleCache.noindex/Security-5PV407XEND1HV3AXLDWKHN5WP.pcm

SwiftExplicitDependencyGeneratePcm x86_64 /tmp/creator-w7-takeover-ios/DerivedData/ModuleCache.noindex/CFNetwork-DPJM4GA4J6W897YDX4F3JGOFU.pcm

SwiftExplicitDependencyGeneratePcm x86_64 /tmp/creator-w7-takeover-ios/DerivedData/ModuleCache.noindex/CoreAudioTypes-5Q45XZPV1N2N7GD77UT5ABRTZ.pcm

SwiftDriverJobDiscovery normal x86_64 Compiling resource_bundle_accessor.swift, QelvoraAPI.swift, QelvoraCopy.swift (in target 'QelvoraUI' from project 'QelvoraNative')

SwiftExplicitDependencyGeneratePcm x86_64 /tmp/creator-w7-takeover-ios/DerivedData/ModuleCache.noindex/CoreAudio-5O2NWBLQALXY4KS5LWAVRLSYJ.pcm

SwiftExplicitDependencyGeneratePcm x86_64 /tmp/creator-w7-takeover-ios/DerivedData/ModuleCache.noindex/Foundation-4LNIVW7QH93FY9CY9UG3CK4PH.pcm

SwiftExplicitDependencyGeneratePcm x86_64 /tmp/creator-w7-takeover-ios/DerivedData/ModuleCache.noindex/ImageIO-91XHCDBY7W63AQXK56V337IPS.pcm

SwiftExplicitDependencyGeneratePcm x86_64 /tmp/creator-w7-takeover-ios/DerivedData/ModuleCache.noindex/CoreText-4AS2TY47IQO1IXSP4GZCDBSOL.pcm

SwiftExplicitDependencyGeneratePcm x86_64 /tmp/creator-w7-takeover-ios/DerivedData/ModuleCache.noindex/Spatial-AIQ3YP2C04E2QGFJE3DRO7BIQ.pcm

SwiftDriverJobDiscovery normal x86_64 Compiling Growth.swift, GrowthPreferences.swift (in target 'QelvoraUI' from project 'QelvoraNative')

SwiftExplicitDependencyGeneratePcm x86_64 /tmp/creator-w7-takeover-ios/DerivedData/ModuleCache.noindex/Accessibility-AELA14F8OTSMOM1UVO45HWP8O.pcm

SwiftExplicitDependencyGeneratePcm x86_64 /tmp/creator-w7-takeover-ios/DerivedData/ModuleCache.noindex/UniformTypeIdentifiers-DHI28HA15M8YD1RULOYYJB1W6.pcm

SwiftExplicitDependencyGeneratePcm x86_64 /tmp/creator-w7-takeover-ios/DerivedData/ModuleCache.noindex/UIUtilities-7WNJJSV9JZ97JL9XV81W34MOV.pcm

SwiftExplicitDependencyGeneratePcm x86_64 /tmp/creator-w7-takeover-ios/DerivedData/ModuleCache.noindex/CallKit-CBD511EZAZI9MQOS5X1S3F7O6.pcm

SwiftExplicitDependencyGeneratePcm x86_64 /tmp/creator-w7-takeover-ios/DerivedData/ModuleCache.noindex/IOSurface-EGB4E2OKIGN1SCEM1C6WQSK56.pcm

SwiftExplicitDependencyGeneratePcm x86_64 /tmp/creator-w7-takeover-ios/DerivedData/ModuleCache.noindex/Symbols-21RPA7O8F4DRSJGHNSJVEUBKM.pcm

SwiftExplicitDependencyGeneratePcm x86_64 /tmp/creator-w7-takeover-ios/DerivedData/ModuleCache.noindex/CoreMIDI-ECSH3N26YMLA56M5NH4VNEFAY.pcm

SwiftExplicitDependencyGeneratePcm x86_64 /tmp/creator-w7-takeover-ios/DerivedData/ModuleCache.noindex/BackgroundAssets-BBOJVMMQ5UVFBESOGR5XLUNDL.pcm

SwiftExplicitDependencyGeneratePcm x86_64 /tmp/creator-w7-takeover-ios/DerivedData/ModuleCache.noindex/UserNotifications-7LAYHDAF156D7A6LWBDAQVEOH.pcm

SwiftExplicitDependencyGeneratePcm x86_64 /tmp/creator-w7-takeover-ios/DerivedData/ModuleCache.noindex/DataDetection-6ZMZF578KTB28N9I1YKE424CZ.pcm

SwiftExplicitDependencyGeneratePcm x86_64 /tmp/creator-w7-takeover-ios/DerivedData/ModuleCache.noindex/Network-DLXK9N9NDRDJCOOAHO50OZMIA.pcm

SwiftExplicitDependencyGeneratePcm x86_64 /tmp/creator-w7-takeover-ios/DerivedData/ModuleCache.noindex/LocalAuthentication-6678XTPGQRZ8NSC2SU3EL695S.pcm

SwiftExplicitDependencyGeneratePcm x86_64 /tmp/creator-w7-takeover-ios/DerivedData/ModuleCache.noindex/CoreTransferable-EHQO13355V1QJWFMGEJEK4NB.pcm

SwiftExplicitDependencyGeneratePcm x86_64 /tmp/creator-w7-takeover-ios/DerivedData/ModuleCache.noindex/FileProvider-3C8AAXT3O3SZI482VSE7X8H41.pcm

SwiftExplicitDependencyGeneratePcm x86_64 /tmp/creator-w7-takeover-ios/DerivedData/ModuleCache.noindex/OSLog-A37TW97VFNHEX4WIN810JUUZL.pcm

SwiftDriver\ Compilation QelvoraUI normal x86_64 com.apple.xcode.tools.swift.compiler (in target 'QelvoraUI' from project 'QelvoraNative')
    cd /Users/yingpengwang/.codex/worktrees/0546/creator-platform/apps/ios/QelvoraApp.xcodeproj
    builtin-Swift-Compilation -- /Applications/Xcode.app/Contents/Developer/Toolchains/XcodeDefault.xctoolchain/usr/bin/swiftc -module-name QelvoraUI -Onone @/tmp/creator-w7-takeover-ios/DerivedData/Build/Intermediates.noindex/QelvoraNative.build/Debug-iphonesimulator/QelvoraUI.build/Objects-normal/x86_64/QelvoraUI.SwiftFileList -DSWIFT_PACKAGE -DDEBUG -DSWIFT_MODULE_RESOURCE_BUNDLE_AVAILABLE -DXcode -plugin-path /Applications/Xcode.app/Contents/Developer/Toolchains/XcodeDefault.xctoolchain/usr/lib/swift/host/plugins/testing -enable-experimental-feature DebugDescriptionMacro -sdk /Applications/Xcode.app/Contents/Developer/Platforms/iPhoneSimulator.platform/Developer/SDKs/iPhoneSimulator26.5.sdk -target x86_64-apple-ios17.0-simulator -g -module-cache-path /tmp/creator-w7-takeover-ios/DerivedData/ModuleCache.noindex -Xfrontend -serialize-debugging-options -enable-testing -index-store-path /tmp/creator-w7-takeover-ios/DerivedData/Index.noindex/DataStore -Xcc -D_LIBCPP_HARDENING_MODE\=_LIBCPP_HARDENING_MODE_DEBUG -swift-version 6 -I /tmp/creator-w7-takeover-ios/DerivedData/Build/Products/Debug-iphonesimulator -Isystem /Applications/Xcode.app/Contents/Developer/Platforms/iPhoneSimulator.platform/Developer/usr/lib -F /tmp/creator-w7-takeover-ios/DerivedData/Build/Products/Debug-iphonesimulator -F /Applications/Xcode.app/Contents/Developer/Platforms/iPhoneSimulator.platform/Developer/Library/Frameworks -F /Applications/Xcode.app/Contents/Developer/Platforms/iPhoneSimulator.platform/Developer/SDKs/iPhoneSimulator26.5.sdk/Developer/Library/Frameworks -c -j16 -enable-batch-mode -incremental -Xcc -ivfsstatcache -Xcc /tmp/creator-w7-takeover-ios/DerivedData/SDKStatCaches.noindex/iphonesimulator26.5-23F73-6cfe768891a92b912361537c460fe42b.sdkstatcache -output-file-map /tmp/creator-w7-takeover-ios/DerivedData/Build/Intermediates.noindex/QelvoraNative.build/Debug-iphonesimulator/QelvoraUI.build/Objects-normal/x86_64/QelvoraUI-OutputFileMap.json -use-frontend-parseable-output -save-temps -no-color-diagnostics -explicit-module-build -module-cache-path /tmp/creator-w7-takeover-ios/DerivedData/Build/Intermediates.noindex/SwiftExplicitPrecompiledModules -clang-scanner-module-cache-path /tmp/creator-w7-takeover-ios/DerivedData/ModuleCache.noindex -sdk-module-cache-path /tmp/creator-w7-takeover-ios/DerivedData/ModuleCache.noindex -serialize-diagnostics -emit-dependencies -emit-module -emit-module-path /tmp/creator-w7-takeover-ios/DerivedData/Build/Intermediates.noindex/QelvoraNative.build/Debug-iphonesimulator/QelvoraUI.build/Objects-normal/x86_64/QelvoraUI.swiftmodule -validate-clang-modules-once -clang-build-session-file /tmp/creator-w7-takeover-ios/DerivedData/ModuleCache.noindex/Session.modulevalidation -package-name ios -Xcc -I/tmp/creator-w7-takeover-ios/DerivedData/Build/Intermediates.noindex/QelvoraNative.build/Debug-iphonesimulator/QelvoraUI.build/swift-overrides.hmap -emit-const-values -Xfrontend -const-gather-protocols-file -Xfrontend /tmp/creator-w7-takeover-ios/DerivedData/Build/Intermediates.noindex/QelvoraNative.build/Debug-iphonesimulator/QelvoraUI.build/Objects-normal/x86_64/QelvoraUI_const_extract_protocols.json -Xcc -I/tmp/creator-w7-takeover-ios/DerivedData/Build/Products/Debug-iphonesimulator/include -Xcc -I/tmp/creator-w7-takeover-ios/DerivedData/Build/Intermediates.noindex/QelvoraNative.build/Debug-iphonesimulator/QelvoraUI.build/DerivedSources-normal/x86_64 -Xcc -I/tmp/creator-w7-takeover-ios/DerivedData/Build/Intermediates.noindex/QelvoraNative.build/Debug-iphonesimulator/QelvoraUI.build/DerivedSources/x86_64 -Xcc -I/tmp/creator-w7-takeover-ios/DerivedData/Build/Intermediates.noindex/QelvoraNative.build/Debug-iphonesimulator/QelvoraUI.build/DerivedSources -Xcc -DSWIFT_PACKAGE -Xcc -DDEBUG\=1 -emit-objc-header -emit-objc-header-path /tmp/creator-w7-takeover-ios/DerivedData/Build/Intermediates.noindex/QelvoraNative.build/Debug-iphonesimulator/QelvoraUI.build/Objects-normal/x86_64/QelvoraUI-Swift.h -working-directory /Users/yingpengwang/.codex/worktrees/0546/creator-platform/apps/ios/QelvoraApp.xcodeproj -experimental-emit-module-separately -disable-cmo

SwiftExplicitDependencyGeneratePcm x86_64 /tmp/creator-w7-takeover-ios/DerivedData/ModuleCache.noindex/CoreData-AGHM9ZH4ZN3S3KHQUQZ80NU6M.pcm

Ld /tmp/creator-w7-takeover-ios/DerivedData/Build/Products/Debug-iphonesimulator/QelvoraUI.o normal (in target 'QelvoraUI' from project 'QelvoraNative')
    cd /Users/yingpengwang/.codex/worktrees/0546/creator-platform/apps/ios
    /Applications/Xcode.app/Contents/Developer/Toolchains/XcodeDefault.xctoolchain/usr/bin/clang -Xlinker -reproducible -target x86_64-apple-ios17.0-simulator -r -isysroot /Applications/Xcode.app/Contents/Developer/Platforms/iPhoneSimulator.platform/Developer/SDKs/iPhoneSimulator26.5.sdk -O0 -F/tmp/creator-w7-takeover-ios/DerivedData/Build/Intermediates.noindex/EagerLinkingTBDs/Debug-iphonesimulator -F/tmp/creator-w7-takeover-ios/DerivedData/Build/Products/Debug-iphonesimulator -iframework /Applications/Xcode.app/Contents/Developer/Platforms/iPhoneSimulator.platform/Developer/Library/Frameworks -iframework /Applications/Xcode.app/Contents/Developer/Platforms/iPhoneSimulator.platform/Developer/SDKs/iPhoneSimulator26.5.sdk/Developer/Library/Frameworks -filelist /tmp/creator-w7-takeover-ios/DerivedData/Build/Intermediates.noindex/QelvoraNative.build/Debug-iphonesimulator/QelvoraUI.build/Objects-normal/x86_64/QelvoraUI.LinkFileList -nostdlib -Xlinker -object_path_lto -Xlinker /tmp/creator-w7-takeover-ios/DerivedData/Build/Intermediates.noindex/QelvoraNative.build/Debug-iphonesimulator/QelvoraUI.build/Objects-normal/x86_64/QelvoraUI_lto.o -Xlinker -no_deduplicate -Xlinker -objc_abi_version -Xlinker 2 -Xlinker -dependency_info -Xlinker /tmp/creator-w7-takeover-ios/DerivedData/Build/Intermediates.noindex/QelvoraNative.build/Debug-iphonesimulator/QelvoraUI.build/Objects-normal/x86_64/QelvoraUI_dependency_info.dat -fobjc-link-runtime -L/Applications/Xcode.app/Contents/Developer/Toolchains/XcodeDefault.xctoolchain/usr/lib/swift/iphonesimulator -L/usr/lib/swift -Xlinker -add_ast_path -Xlinker /tmp/creator-w7-takeover-ios/DerivedData/Build/Intermediates.noindex/QelvoraNative.build/Debug-iphonesimulator/QelvoraUI.build/Objects-normal/x86_64/QelvoraUI.swiftmodule @/tmp/creator-w7-takeover-ios/DerivedData/Build/Intermediates.noindex/QelvoraNative.build/Debug-iphonesimulator/QelvoraUI.build/Objects-normal/x86_64/QelvoraUI-linker-args.resp -o /tmp/creator-w7-takeover-ios/DerivedData/Build/Products/Debug-iphonesimulator/QelvoraUI.o

SwiftExplicitDependencyGeneratePcm x86_64 /tmp/creator-w7-takeover-ios/DerivedData/ModuleCache.noindex/OpenGLES-E3TLO1TXS81WBPZ2GJBL4PZPI.pcm

SwiftExplicitDependencyGeneratePcm x86_64 /tmp/creator-w7-takeover-ios/DerivedData/ModuleCache.noindex/Metal-B2FDSGD3WOL41HCBIX1LDT8U0.pcm

SwiftExplicitDependencyGeneratePcm x86_64 /tmp/creator-w7-takeover-ios/DerivedData/ModuleCache.noindex/AudioToolbox-9956C87FCQ7CMBOO02J9KXSLC.pcm

SwiftExplicitDependencyGeneratePcm x86_64 /tmp/creator-w7-takeover-ios/DerivedData/ModuleCache.noindex/AVRouting-B6IQJ7JEP6M1S9XZMHQ01TWZ.pcm

ExtractAppIntentsMetadata (in target 'QelvoraUI' from project 'QelvoraNative')
    cd /Users/yingpengwang/.codex/worktrees/0546/creator-platform/apps/ios
    /Applications/Xcode.app/Contents/Developer/Toolchains/XcodeDefault.xctoolchain/usr/bin/appintentsmetadataprocessor --toolchain-dir /Applications/Xcode.app/Contents/Developer/Toolchains/XcodeDefault.xctoolchain --module-name QelvoraUI --sdk-root /Applications/Xcode.app/Contents/Developer/Platforms/iPhoneSimulator.platform/Developer/SDKs/iPhoneSimulator26.5.sdk --xcode-version 17F42 --platform-family iOS --deployment-target 17.0 --bundle-identifier ios.QelvoraUI --output /tmp/creator-w7-takeover-ios/DerivedData/Build/Products/Debug-iphonesimulator/QelvoraUI.appintents --target-triple x86_64-apple-ios17.0-simulator --binary-file /tmp/creator-w7-takeover-ios/DerivedData/Build/Products/Debug-iphonesimulator/QelvoraUI.o --dependency-file /tmp/creator-w7-takeover-ios/DerivedData/Build/Intermediates.noindex/QelvoraNative.build/Debug-iphonesimulator/QelvoraUI.build/Objects-normal/x86_64/QelvoraUI_dependency_info.dat --stringsdata-file /tmp/creator-w7-takeover-ios/DerivedData/Build/Intermediates.noindex/QelvoraNative.build/Debug-iphonesimulator/QelvoraUI.build/Objects-normal/x86_64/ExtractedAppShortcutsMetadata.stringsdata --source-file-list /tmp/creator-w7-takeover-ios/DerivedData/Build/Intermediates.noindex/QelvoraNative.build/Debug-iphonesimulator/QelvoraUI.build/Objects-normal/x86_64/QelvoraUI.SwiftFileList --metadata-file-list /tmp/creator-w7-takeover-ios/DerivedData/Build/Intermediates.noindex/QelvoraNative.build/Debug-iphonesimulator/QelvoraUI.build/QelvoraUI.DependencyMetadataFileList --static-metadata-file-list /tmp/creator-w7-takeover-ios/DerivedData/Build/Intermediates.noindex/QelvoraNative.build/Debug-iphonesimulator/QelvoraUI.build/QelvoraUI.DependencyStaticMetadataFileList --swift-const-vals-list /tmp/creator-w7-takeover-ios/DerivedData/Build/Intermediates.noindex/QelvoraNative.build/Debug-iphonesimulator/QelvoraUI.build/Objects-normal/x86_64/QelvoraUI.SwiftConstValuesFileList --force --compile-time-extraction --deployment-aware-processing --validate-assistant-intents --no-app-shortcuts-localization
2026-09-30 16:53:08.470 appintentsmetadataprocessor[29561:227949] Starting appintentsmetadataprocessor export
2026-09-30 16:53:08.486 appintentsmetadataprocessor[29561:227949] Extracted no relevant App Intents symbols, skipping writing output

CodeSign /tmp/creator-w7-takeover-ios/DerivedData/Build/Products/Debug-iphonesimulator/QelvoraUI.o (in target 'QelvoraUI' from project 'QelvoraNative')
    cd /Users/yingpengwang/.codex/worktrees/0546/creator-platform/apps/ios
    
    Signing Identity:     "Sign to Run Locally"
    
    /usr/bin/codesign --force --sign - --timestamp\=none --generate-entitlement-der /tmp/creator-w7-takeover-ios/DerivedData/Build/Products/Debug-iphonesimulator/QelvoraUI.o

SwiftExplicitDependencyGeneratePcm x86_64 /tmp/creator-w7-takeover-ios/DerivedData/ModuleCache.noindex/CoreVideo-BUFSH9QM3O63LLVMKEUIIR81.pcm

RegisterExecutionPolicyException /tmp/creator-w7-takeover-ios/DerivedData/Build/Products/Debug-iphonesimulator/QelvoraUI.o (in target 'QelvoraUI' from project 'QelvoraNative')
    cd /Users/yingpengwang/.codex/worktrees/0546/creator-platform/apps/ios
    builtin-RegisterExecutionPolicyException /tmp/creator-w7-takeover-ios/DerivedData/Build/Products/Debug-iphonesimulator/QelvoraUI.o

SwiftExplicitDependencyGeneratePcm x86_64 /tmp/creator-w7-takeover-ios/DerivedData/ModuleCache.noindex/QuartzCore-2HT534UX0M9ZL4NTMVNTF5DQ4.pcm

SwiftExplicitDependencyGeneratePcm x86_64 /tmp/creator-w7-takeover-ios/DerivedData/ModuleCache.noindex/CoreMedia-AEL5IP5QDEKOL5XQVZZBCIUDL.pcm

SwiftExplicitDependencyGeneratePcm x86_64 /tmp/creator-w7-takeover-ios/DerivedData/ModuleCache.noindex/CoreImage-6LUBSGR8LVCFS8GVPU1YUFC0H.pcm

Copy /tmp/creator-w7-takeover-ios/DerivedData/Build/Products/Debug-iphonesimulator/QelvoraApp.app/QelvoraNative_QelvoraUI.bundle /tmp/creator-w7-takeover-ios/DerivedData/Build/Products/Debug-iphonesimulator/QelvoraNative_QelvoraUI.bundle (in target 'QelvoraApp' from project 'QelvoraApp')
    cd /Users/yingpengwang/.codex/worktrees/0546/creator-platform/apps/ios
    builtin-copy -exclude .DS_Store -exclude CVS -exclude .svn -exclude .git -exclude .hg -resolve-src-symlinks /tmp/creator-w7-takeover-ios/DerivedData/Build/Products/Debug-iphonesimulator/QelvoraNative_QelvoraUI.bundle /tmp/creator-w7-takeover-ios/DerivedData/Build/Products/Debug-iphonesimulator/QelvoraApp.app

Ld /tmp/creator-w7-takeover-ios/DerivedData/Build/Products/Debug-iphonesimulator/QelvoraApp.app/__preview.dylib normal (in target 'QelvoraApp' from project 'QelvoraApp')
    cd /Users/yingpengwang/.codex/worktrees/0546/creator-platform/apps/ios
    /Applications/Xcode.app/Contents/Developer/Toolchains/XcodeDefault.xctoolchain/usr/bin/clang -Xlinker -reproducible -target x86_64-apple-ios17.0-simulator -dynamiclib -isysroot /Applications/Xcode.app/Contents/Developer/Platforms/iPhoneSimulator.platform/Developer/SDKs/iPhoneSimulator26.5.sdk -O0 -L/tmp/creator-w7-takeover-ios/DerivedData/Build/Products/Debug-iphonesimulator -F/tmp/creator-w7-takeover-ios/DerivedData/Build/Products/Debug-iphonesimulator/PackageFrameworks -F/tmp/creator-w7-takeover-ios/DerivedData/Build/Products/Debug-iphonesimulator -install_name @rpath/QelvoraApp.debug.dylib -Xlinker -dead_strip -rdynamic -Xlinker -no_deduplicate -Xlinker -objc_abi_version -Xlinker 2 -Xlinker -dependency_info -Xlinker /tmp/creator-w7-takeover-ios/DerivedData/Build/Intermediates.noindex/QelvoraApp.build/Debug-iphonesimulator/QelvoraApp.build/Objects-normal/x86_64/QelvoraApp_dependency_info.dat -Xlinker -sectcreate -Xlinker __TEXT -Xlinker __entitlements -Xlinker /tmp/creator-w7-takeover-ios/DerivedData/Build/Intermediates.noindex/QelvoraApp.build/Debug-iphonesimulator/QelvoraApp.build/QelvoraApp.app-Simulated.xcent -Xlinker -sectcreate -Xlinker __TEXT -Xlinker __ents_der -Xlinker /tmp/creator-w7-takeover-ios/DerivedData/Build/Intermediates.noindex/QelvoraApp.build/Debug-iphonesimulator/QelvoraApp.build/QelvoraApp.app-Simulated.xcent.der -Xlinker -no_adhoc_codesign -o /tmp/creator-w7-takeover-ios/DerivedData/Build/Products/Debug-iphonesimulator/QelvoraApp.app/__preview.dylib

ProcessInfoPlistFile /tmp/creator-w7-takeover-ios/DerivedData/Build/Products/Debug-iphonesimulator/QelvoraApp.app/Info.plist /Users/yingpengwang/.codex/worktrees/0546/creator-platform/apps/ios/App/Info.plist (in target 'QelvoraApp' from project 'QelvoraApp')
    cd /Users/yingpengwang/.codex/worktrees/0546/creator-platform/apps/ios
    builtin-infoPlistUtility /Users/yingpengwang/.codex/worktrees/0546/creator-platform/apps/ios/App/Info.plist -producttype com.apple.product-type.application -genpkginfo /tmp/creator-w7-takeover-ios/DerivedData/Build/Products/Debug-iphonesimulator/QelvoraApp.app/PkgInfo -expandbuildsettings -format binary -platform iphonesimulator -scanforprivacyfile /tmp/creator-w7-takeover-ios/DerivedData/Build/Products/Debug-iphonesimulator/QelvoraApp.app/QelvoraNative_QelvoraUI.bundle -o /tmp/creator-w7-takeover-ios/DerivedData/Build/Products/Debug-iphonesimulator/QelvoraApp.app/Info.plist

SwiftExplicitDependencyGeneratePcm x86_64 /tmp/creator-w7-takeover-ios/DerivedData/ModuleCache.noindex/SwiftUICore-9NKYQ2WFDSVY90VHXLEMYRCIG.pcm

SwiftExplicitDependencyGeneratePcm x86_64 /tmp/creator-w7-takeover-ios/DerivedData/ModuleCache.noindex/UIKit-8XYEJNLZTP1JNP5KH2YFWNS8.pcm

SwiftExplicitDependencyGeneratePcm x86_64 /tmp/creator-w7-takeover-ios/DerivedData/ModuleCache.noindex/MediaToolbox-3ABXVKGIKT06GX7JAQS9D5LWZ.pcm

SwiftExplicitDependencyGeneratePcm x86_64 /tmp/creator-w7-takeover-ios/DerivedData/ModuleCache.noindex/AVFAudio-7I1WAHPK7E5FHHM163BBQWSTI.pcm

SwiftExplicitDependencyGeneratePcm x86_64 /tmp/creator-w7-takeover-ios/DerivedData/ModuleCache.noindex/AVFoundation-2E55TBXJG2P30TLRZHXY031XK.pcm

SwiftExplicitDependencyGeneratePcm x86_64 /tmp/creator-w7-takeover-ios/DerivedData/ModuleCache.noindex/StoreKit-C8BY5RUJS0HFYX3SX7P4VKE4G.pcm

SwiftExplicitDependencyGeneratePcm x86_64 /tmp/creator-w7-takeover-ios/DerivedData/ModuleCache.noindex/AuthenticationServices-9YJ8RHVK194MQFNZ85SW2KD10.pcm

SwiftExplicitDependencyGeneratePcm x86_64 /tmp/creator-w7-takeover-ios/DerivedData/ModuleCache.noindex/SwiftUI-7QXXGE1990P62C6KU94S0XVQI.pcm

SwiftEmitModule normal x86_64 Emitting\ module\ for\ QelvoraApp (in target 'QelvoraApp' from project 'QelvoraApp')

SwiftCompile normal x86_64 /Users/yingpengwang/.codex/worktrees/0546/creator-platform/apps/ios/App/QelvoraApp.swift (in target 'QelvoraApp' from project 'QelvoraApp')
    cd /Users/yingpengwang/.codex/worktrees/0546/creator-platform/apps/ios
    

SwiftCompile normal x86_64 Compiling\ QelvoraApp.swift /Users/yingpengwang/.codex/worktrees/0546/creator-platform/apps/ios/App/QelvoraApp.swift (in target 'QelvoraApp' from project 'QelvoraApp')
SwiftCompile normal x86_64 /Users/yingpengwang/.codex/worktrees/0546/creator-platform/apps/ios/App/QelvoraApp.swift (in target 'QelvoraApp' from project 'QelvoraApp')
    cd /Users/yingpengwang/.codex/worktrees/0546/creator-platform/apps/ios
    

SwiftDriverJobDiscovery normal x86_64 Emitting module for QelvoraApp (in target 'QelvoraApp' from project 'QelvoraApp')

SwiftDriver\ Compilation\ Requirements QelvoraApp normal x86_64 com.apple.xcode.tools.swift.compiler (in target 'QelvoraApp' from project 'QelvoraApp')
    cd /Users/yingpengwang/.codex/worktrees/0546/creator-platform/apps/ios
    builtin-Swift-Compilation-Requirements -- /Applications/Xcode.app/Contents/Developer/Toolchains/XcodeDefault.xctoolchain/usr/bin/swiftc -module-name QelvoraApp -Onone @/tmp/creator-w7-takeover-ios/DerivedData/Build/Intermediates.noindex/QelvoraApp.build/Debug-iphonesimulator/QelvoraApp.build/Objects-normal/x86_64/QelvoraApp.SwiftFileList -DDEBUG -enable-experimental-feature DebugDescriptionMacro -sdk /Applications/Xcode.app/Contents/Developer/Platforms/iPhoneSimulator.platform/Developer/SDKs/iPhoneSimulator26.5.sdk -target x86_64-apple-ios17.0-simulator -g -module-cache-path /tmp/creator-w7-takeover-ios/DerivedData/ModuleCache.noindex -Xfrontend -serialize-debugging-options -enable-testing -index-store-path /tmp/creator-w7-takeover-ios/DerivedData/Index.noindex/DataStore -Xcc -D_LIBCPP_HARDENING_MODE\=_LIBCPP_HARDENING_MODE_DEBUG -swift-version 6 -I /tmp/creator-w7-takeover-ios/DerivedData/Build/Products/Debug-iphonesimulator -F /tmp/creator-w7-takeover-ios/DerivedData/Build/Products/Debug-iphonesimulator/PackageFrameworks -F /tmp/creator-w7-takeover-ios/DerivedData/Build/Products/Debug-iphonesimulator -parse-as-library -c -j16 -enable-batch-mode -incremental -Xcc -ivfsstatcache -Xcc /tmp/creator-w7-takeover-ios/DerivedData/SDKStatCaches.noindex/iphonesimulator26.5-23F73-6cfe768891a92b912361537c460fe42b.sdkstatcache -output-file-map /tmp/creator-w7-takeover-ios/DerivedData/Build/Intermediates.noindex/QelvoraApp.build/Debug-iphonesimulator/QelvoraApp.build/Objects-normal/x86_64/QelvoraApp-OutputFileMap.json -use-frontend-parseable-output -save-temps -no-color-diagnostics -explicit-module-build -module-cache-path /tmp/creator-w7-takeover-ios/DerivedData/Build/Intermediates.noindex/SwiftExplicitPrecompiledModules -clang-scanner-module-cache-path /tmp/creator-w7-takeover-ios/DerivedData/ModuleCache.noindex -sdk-module-cache-path /tmp/creator-w7-takeover-ios/DerivedData/ModuleCache.noindex -serialize-diagnostics -emit-dependencies -emit-module -emit-module-path /tmp/creator-w7-takeover-ios/DerivedData/Build/Intermediates.noindex/QelvoraApp.build/Debug-iphonesimulator/QelvoraApp.build/Objects-normal/x86_64/QelvoraApp.swiftmodule -validate-clang-modules-once -clang-build-session-file /tmp/creator-w7-takeover-ios/DerivedData/ModuleCache.noindex/Session.modulevalidation -Xcc -I/tmp/creator-w7-takeover-ios/DerivedData/Build/Intermediates.noindex/QelvoraApp.build/Debug-iphonesimulator/QelvoraApp.build/swift-overrides.hmap -emit-const-values -Xfrontend -const-gather-protocols-file -Xfrontend /tmp/creator-w7-takeover-ios/DerivedData/Build/Intermediates.noindex/QelvoraApp.build/Debug-iphonesimulator/QelvoraApp.build/Objects-normal/x86_64/QelvoraApp_const_extract_protocols.json -Xcc -iquote -Xcc /tmp/creator-w7-takeover-ios/DerivedData/Build/Intermediates.noindex/QelvoraApp.build/Debug-iphonesimulator/QelvoraApp.build/QelvoraApp-generated-files.hmap -Xcc -I/tmp/creator-w7-takeover-ios/DerivedData/Build/Intermediates.noindex/QelvoraApp.build/Debug-iphonesimulator/QelvoraApp.build/QelvoraApp-own-target-headers.hmap -Xcc -I/tmp/creator-w7-takeover-ios/DerivedData/Build/Intermediates.noindex/QelvoraApp.build/Debug-iphonesimulator/QelvoraApp.build/QelvoraApp-all-non-framework-target-headers.hmap -Xcc -ivfsoverlay -Xcc /tmp/creator-w7-takeover-ios/DerivedData/Build/Intermediates.noindex/QelvoraApp.build/Debug-iphonesimulator/QelvoraApp-29b244ef777fcfbcbef7f347c6fce175-VFS-iphonesimulator/all-product-headers.yaml -Xcc -iquote -Xcc /tmp/creator-w7-takeover-ios/DerivedData/Build/Intermediates.noindex/QelvoraApp.build/Debug-iphonesimulator/QelvoraApp.build/QelvoraApp-project-headers.hmap -Xcc -I/tmp/creator-w7-takeover-ios/DerivedData/Build/Products/Debug-iphonesimulator/include -Xcc -I/tmp/creator-w7-takeover-ios/DerivedData/Build/Intermediates.noindex/QelvoraApp.build/Debug-iphonesimulator/QelvoraApp.build/DerivedSources-normal/x86_64 -Xcc -I/tmp/creator-w7-takeover-ios/DerivedData/Build/Intermediates.noindex/QelvoraApp.build/Debug-iphonesimulator/QelvoraApp.build/DerivedSources/x86_64 -Xcc -I/tmp/creator-w7-takeover-ios/DerivedData/Build/Intermediates.noindex/QelvoraApp.build/Debug-iphonesimulator/QelvoraApp.build/DerivedSources -Xcc -DDEBUG\=1 -emit-objc-header -emit-objc-header-path /tmp/creator-w7-takeover-ios/DerivedData/Build/Intermediates.noindex/QelvoraApp.build/Debug-iphonesimulator/QelvoraApp.build/Objects-normal/x86_64/QelvoraApp-Swift.h -working-directory /Users/yingpengwang/.codex/worktrees/0546/creator-platform/apps/ios -experimental-emit-module-separately -disable-cmo

SwiftMergeGeneratedHeaders /tmp/creator-w7-takeover-ios/DerivedData/Build/Intermediates.noindex/QelvoraApp.build/Debug-iphonesimulator/QelvoraApp.build/DerivedSources/QelvoraApp-Swift.h /tmp/creator-w7-takeover-ios/DerivedData/Build/Intermediates.noindex/QelvoraApp.build/Debug-iphonesimulator/QelvoraApp.build/Objects-normal/x86_64/QelvoraApp-Swift.h (in target 'QelvoraApp' from project 'QelvoraApp')
    cd /Users/yingpengwang/.codex/worktrees/0546/creator-platform/apps/ios
    builtin-swiftHeaderTool -arch x86_64 /tmp/creator-w7-takeover-ios/DerivedData/Build/Intermediates.noindex/QelvoraApp.build/Debug-iphonesimulator/QelvoraApp.build/Objects-normal/x86_64/QelvoraApp-Swift.h -o /tmp/creator-w7-takeover-ios/DerivedData/Build/Intermediates.noindex/QelvoraApp.build/Debug-iphonesimulator/QelvoraApp.build/DerivedSources/QelvoraApp-Swift.h

Copy /tmp/creator-w7-takeover-ios/DerivedData/Build/Products/Debug-iphonesimulator/QelvoraApp.swiftmodule/x86_64-apple-ios-simulator.abi.json /tmp/creator-w7-takeover-ios/DerivedData/Build/Intermediates.noindex/QelvoraApp.build/Debug-iphonesimulator/QelvoraApp.build/Objects-normal/x86_64/QelvoraApp.abi.json (in target 'QelvoraApp' from project 'QelvoraApp')
    cd /Users/yingpengwang/.codex/worktrees/0546/creator-platform/apps/ios
    builtin-copy -exclude .DS_Store -exclude CVS -exclude .svn -exclude .git -exclude .hg -resolve-src-symlinks -rename /tmp/creator-w7-takeover-ios/DerivedData/Build/Intermediates.noindex/QelvoraApp.build/Debug-iphonesimulator/QelvoraApp.build/Objects-normal/x86_64/QelvoraApp.abi.json /tmp/creator-w7-takeover-ios/DerivedData/Build/Products/Debug-iphonesimulator/QelvoraApp.swiftmodule/x86_64-apple-ios-simulator.abi.json

Copy /tmp/creator-w7-takeover-ios/DerivedData/Build/Products/Debug-iphonesimulator/QelvoraApp.swiftmodule/x86_64-apple-ios-simulator.swiftdoc /tmp/creator-w7-takeover-ios/DerivedData/Build/Intermediates.noindex/QelvoraApp.build/Debug-iphonesimulator/QelvoraApp.build/Objects-normal/x86_64/QelvoraApp.swiftdoc (in target 'QelvoraApp' from project 'QelvoraApp')
    cd /Users/yingpengwang/.codex/worktrees/0546/creator-platform/apps/ios
    builtin-copy -exclude .DS_Store -exclude CVS -exclude .svn -exclude .git -exclude .hg -resolve-src-symlinks -rename /tmp/creator-w7-takeover-ios/DerivedData/Build/Intermediates.noindex/QelvoraApp.build/Debug-iphonesimulator/QelvoraApp.build/Objects-normal/x86_64/QelvoraApp.swiftdoc /tmp/creator-w7-takeover-ios/DerivedData/Build/Products/Debug-iphonesimulator/QelvoraApp.swiftmodule/x86_64-apple-ios-simulator.swiftdoc

Copy /tmp/creator-w7-takeover-ios/DerivedData/Build/Products/Debug-iphonesimulator/QelvoraApp.swiftmodule/x86_64-apple-ios-simulator.swiftmodule /tmp/creator-w7-takeover-ios/DerivedData/Build/Intermediates.noindex/QelvoraApp.build/Debug-iphonesimulator/QelvoraApp.build/Objects-normal/x86_64/QelvoraApp.swiftmodule (in target 'QelvoraApp' from project 'QelvoraApp')
    cd /Users/yingpengwang/.codex/worktrees/0546/creator-platform/apps/ios
    builtin-copy -exclude .DS_Store -exclude CVS -exclude .svn -exclude .git -exclude .hg -resolve-src-symlinks -rename /tmp/creator-w7-takeover-ios/DerivedData/Build/Intermediates.noindex/QelvoraApp.build/Debug-iphonesimulator/QelvoraApp.build/Objects-normal/x86_64/QelvoraApp.swiftmodule /tmp/creator-w7-takeover-ios/DerivedData/Build/Products/Debug-iphonesimulator/QelvoraApp.swiftmodule/x86_64-apple-ios-simulator.swiftmodule

Copy /tmp/creator-w7-takeover-ios/DerivedData/Build/Products/Debug-iphonesimulator/QelvoraApp.swiftmodule/Project/x86_64-apple-ios-simulator.swiftsourceinfo /tmp/creator-w7-takeover-ios/DerivedData/Build/Intermediates.noindex/QelvoraApp.build/Debug-iphonesimulator/QelvoraApp.build/Objects-normal/x86_64/QelvoraApp.swiftsourceinfo (in target 'QelvoraApp' from project 'QelvoraApp')
    cd /Users/yingpengwang/.codex/worktrees/0546/creator-platform/apps/ios
    builtin-copy -exclude .DS_Store -exclude CVS -exclude .svn -exclude .git -exclude .hg -resolve-src-symlinks -rename /tmp/creator-w7-takeover-ios/DerivedData/Build/Intermediates.noindex/QelvoraApp.build/Debug-iphonesimulator/QelvoraApp.build/Objects-normal/x86_64/QelvoraApp.swiftsourceinfo /tmp/creator-w7-takeover-ios/DerivedData/Build/Products/Debug-iphonesimulator/QelvoraApp.swiftmodule/Project/x86_64-apple-ios-simulator.swiftsourceinfo

SwiftDriverJobDiscovery normal x86_64 Compiling QelvoraApp.swift (in target 'QelvoraApp' from project 'QelvoraApp')

SwiftDriver\ Compilation QelvoraApp normal x86_64 com.apple.xcode.tools.swift.compiler (in target 'QelvoraApp' from project 'QelvoraApp')
    cd /Users/yingpengwang/.codex/worktrees/0546/creator-platform/apps/ios
    builtin-Swift-Compilation -- /Applications/Xcode.app/Contents/Developer/Toolchains/XcodeDefault.xctoolchain/usr/bin/swiftc -module-name QelvoraApp -Onone @/tmp/creator-w7-takeover-ios/DerivedData/Build/Intermediates.noindex/QelvoraApp.build/Debug-iphonesimulator/QelvoraApp.build/Objects-normal/x86_64/QelvoraApp.SwiftFileList -DDEBUG -enable-experimental-feature DebugDescriptionMacro -sdk /Applications/Xcode.app/Contents/Developer/Platforms/iPhoneSimulator.platform/Developer/SDKs/iPhoneSimulator26.5.sdk -target x86_64-apple-ios17.0-simulator -g -module-cache-path /tmp/creator-w7-takeover-ios/DerivedData/ModuleCache.noindex -Xfrontend -serialize-debugging-options -enable-testing -index-store-path /tmp/creator-w7-takeover-ios/DerivedData/Index.noindex/DataStore -Xcc -D_LIBCPP_HARDENING_MODE\=_LIBCPP_HARDENING_MODE_DEBUG -swift-version 6 -I /tmp/creator-w7-takeover-ios/DerivedData/Build/Products/Debug-iphonesimulator -F /tmp/creator-w7-takeover-ios/DerivedData/Build/Products/Debug-iphonesimulator/PackageFrameworks -F /tmp/creator-w7-takeover-ios/DerivedData/Build/Products/Debug-iphonesimulator -parse-as-library -c -j16 -enable-batch-mode -incremental -Xcc -ivfsstatcache -Xcc /tmp/creator-w7-takeover-ios/DerivedData/SDKStatCaches.noindex/iphonesimulator26.5-23F73-6cfe768891a92b912361537c460fe42b.sdkstatcache -output-file-map /tmp/creator-w7-takeover-ios/DerivedData/Build/Intermediates.noindex/QelvoraApp.build/Debug-iphonesimulator/QelvoraApp.build/Objects-normal/x86_64/QelvoraApp-OutputFileMap.json -use-frontend-parseable-output -save-temps -no-color-diagnostics -explicit-module-build -module-cache-path /tmp/creator-w7-takeover-ios/DerivedData/Build/Intermediates.noindex/SwiftExplicitPrecompiledModules -clang-scanner-module-cache-path /tmp/creator-w7-takeover-ios/DerivedData/ModuleCache.noindex -sdk-module-cache-path /tmp/creator-w7-takeover-ios/DerivedData/ModuleCache.noindex -serialize-diagnostics -emit-dependencies -emit-module -emit-module-path /tmp/creator-w7-takeover-ios/DerivedData/Build/Intermediates.noindex/QelvoraApp.build/Debug-iphonesimulator/QelvoraApp.build/Objects-normal/x86_64/QelvoraApp.swiftmodule -validate-clang-modules-once -clang-build-session-file /tmp/creator-w7-takeover-ios/DerivedData/ModuleCache.noindex/Session.modulevalidation -Xcc -I/tmp/creator-w7-takeover-ios/DerivedData/Build/Intermediates.noindex/QelvoraApp.build/Debug-iphonesimulator/QelvoraApp.build/swift-overrides.hmap -emit-const-values -Xfrontend -const-gather-protocols-file -Xfrontend /tmp/creator-w7-takeover-ios/DerivedData/Build/Intermediates.noindex/QelvoraApp.build/Debug-iphonesimulator/QelvoraApp.build/Objects-normal/x86_64/QelvoraApp_const_extract_protocols.json -Xcc -iquote -Xcc /tmp/creator-w7-takeover-ios/DerivedData/Build/Intermediates.noindex/QelvoraApp.build/Debug-iphonesimulator/QelvoraApp.build/QelvoraApp-generated-files.hmap -Xcc -I/tmp/creator-w7-takeover-ios/DerivedData/Build/Intermediates.noindex/QelvoraApp.build/Debug-iphonesimulator/QelvoraApp.build/QelvoraApp-own-target-headers.hmap -Xcc -I/tmp/creator-w7-takeover-ios/DerivedData/Build/Intermediates.noindex/QelvoraApp.build/Debug-iphonesimulator/QelvoraApp.build/QelvoraApp-all-non-framework-target-headers.hmap -Xcc -ivfsoverlay -Xcc /tmp/creator-w7-takeover-ios/DerivedData/Build/Intermediates.noindex/QelvoraApp.build/Debug-iphonesimulator/QelvoraApp-29b244ef777fcfbcbef7f347c6fce175-VFS-iphonesimulator/all-product-headers.yaml -Xcc -iquote -Xcc /tmp/creator-w7-takeover-ios/DerivedData/Build/Intermediates.noindex/QelvoraApp.build/Debug-iphonesimulator/QelvoraApp.build/QelvoraApp-project-headers.hmap -Xcc -I/tmp/creator-w7-takeover-ios/DerivedData/Build/Products/Debug-iphonesimulator/include -Xcc -I/tmp/creator-w7-takeover-ios/DerivedData/Build/Intermediates.noindex/QelvoraApp.build/Debug-iphonesimulator/QelvoraApp.build/DerivedSources-normal/x86_64 -Xcc -I/tmp/creator-w7-takeover-ios/DerivedData/Build/Intermediates.noindex/QelvoraApp.build/Debug-iphonesimulator/QelvoraApp.build/DerivedSources/x86_64 -Xcc -I/tmp/creator-w7-takeover-ios/DerivedData/Build/Intermediates.noindex/QelvoraApp.build/Debug-iphonesimulator/QelvoraApp.build/DerivedSources -Xcc -DDEBUG\=1 -emit-objc-header -emit-objc-header-path /tmp/creator-w7-takeover-ios/DerivedData/Build/Intermediates.noindex/QelvoraApp.build/Debug-iphonesimulator/QelvoraApp.build/Objects-normal/x86_64/QelvoraApp-Swift.h -working-directory /Users/yingpengwang/.codex/worktrees/0546/creator-platform/apps/ios -experimental-emit-module-separately -disable-cmo

Ld /tmp/creator-w7-takeover-ios/DerivedData/Build/Products/Debug-iphonesimulator/QelvoraApp.app/QelvoraApp.debug.dylib normal (in target 'QelvoraApp' from project 'QelvoraApp')
    cd /Users/yingpengwang/.codex/worktrees/0546/creator-platform/apps/ios
    /Applications/Xcode.app/Contents/Developer/Toolchains/XcodeDefault.xctoolchain/usr/bin/clang -Xlinker -reproducible -target x86_64-apple-ios17.0-simulator -dynamiclib -isysroot /Applications/Xcode.app/Contents/Developer/Platforms/iPhoneSimulator.platform/Developer/SDKs/iPhoneSimulator26.5.sdk -O0 -L/tmp/creator-w7-takeover-ios/DerivedData/Build/Intermediates.noindex/EagerLinkingTBDs/Debug-iphonesimulator -L/tmp/creator-w7-takeover-ios/DerivedData/Build/Products/Debug-iphonesimulator -F/tmp/creator-w7-takeover-ios/DerivedData/Build/Intermediates.noindex/EagerLinkingTBDs/Debug-iphonesimulator -F/tmp/creator-w7-takeover-ios/DerivedData/Build/Products/Debug-iphonesimulator/PackageFrameworks -F/tmp/creator-w7-takeover-ios/DerivedData/Build/Products/Debug-iphonesimulator -filelist /tmp/creator-w7-takeover-ios/DerivedData/Build/Intermediates.noindex/QelvoraApp.build/Debug-iphonesimulator/QelvoraApp.build/Objects-normal/x86_64/QelvoraApp.LinkFileList -install_name @rpath/QelvoraApp.debug.dylib -Xlinker -rpath -Xlinker /usr/lib/swift -Xlinker -rpath -Xlinker /tmp/creator-w7-takeover-ios/DerivedData/Build/Products/Debug-iphonesimulator/PackageFrameworks -Xlinker -rpath -Xlinker @executable_path/Frameworks -Xlinker -dead_strip -Xlinker -object_path_lto -Xlinker /tmp/creator-w7-takeover-ios/DerivedData/Build/Intermediates.noindex/QelvoraApp.build/Debug-iphonesimulator/QelvoraApp.build/Objects-normal/x86_64/QelvoraApp_lto.o -rdynamic -Xlinker -no_deduplicate -Xlinker -objc_abi_version -Xlinker 2 -Xlinker -dependency_info -Xlinker /tmp/creator-w7-takeover-ios/DerivedData/Build/Intermediates.noindex/QelvoraApp.build/Debug-iphonesimulator/QelvoraApp.build/Objects-normal/x86_64/QelvoraApp_dependency_info.dat -fobjc-link-runtime -L/Applications/Xcode.app/Contents/Developer/Toolchains/XcodeDefault.xctoolchain/usr/lib/swift/iphonesimulator -L/usr/lib/swift -Xlinker -add_ast_path -Xlinker /tmp/creator-w7-takeover-ios/DerivedData/Build/Intermediates.noindex/QelvoraApp.build/Debug-iphonesimulator/QelvoraApp.build/Objects-normal/x86_64/QelvoraApp.swiftmodule @/tmp/creator-w7-takeover-ios/DerivedData/Build/Intermediates.noindex/QelvoraApp.build/Debug-iphonesimulator/QelvoraApp.build/Objects-normal/x86_64/QelvoraApp-linker-args.resp -Wl,-no_warn_duplicate_libraries -Xlinker -alias -Xlinker _main -Xlinker ___debug_main_executable_dylib_entry_point -Xlinker -no_adhoc_codesign -o /tmp/creator-w7-takeover-ios/DerivedData/Build/Products/Debug-iphonesimulator/QelvoraApp.app/QelvoraApp.debug.dylib -Xlinker -add_ast_path -Xlinker /tmp/creator-w7-takeover-ios/DerivedData/Build/Intermediates.noindex/QelvoraNative.build/Debug-iphonesimulator/QelvoraUI.build/Objects-normal/x86_64/QelvoraUI.swiftmodule @/tmp/creator-w7-takeover-ios/DerivedData/Build/Intermediates.noindex/QelvoraNative.build/Debug-iphonesimulator/QelvoraUI.build/Objects-normal/x86_64/QelvoraUI-linker-args.resp

ConstructStubExecutorLinkFileList /tmp/creator-w7-takeover-ios/DerivedData/Build/Intermediates.noindex/QelvoraApp.build/Debug-iphonesimulator/QelvoraApp.build/QelvoraApp-ExecutorLinkFileList-normal-x86_64.txt (in target 'QelvoraApp' from project 'QelvoraApp')
    cd /Users/yingpengwang/.codex/worktrees/0546/creator-platform/apps/ios
    construct-stub-executor-link-file-list /tmp/creator-w7-takeover-ios/DerivedData/Build/Products/Debug-iphonesimulator/QelvoraApp.app/QelvoraApp.debug.dylib /Applications/Xcode.app/Contents/Developer/Platforms/iPhoneSimulator.platform/Developer/usr/lib/libPreviewsJITStubExecutor_no_swift_entry_point.a /Applications/Xcode.app/Contents/Developer/Platforms/iPhoneSimulator.platform/Developer/usr/lib/libPreviewsJITStubExecutor.a --output /tmp/creator-w7-takeover-ios/DerivedData/Build/Intermediates.noindex/QelvoraApp.build/Debug-iphonesimulator/QelvoraApp.build/QelvoraApp-ExecutorLinkFileList-normal-x86_64.txt
note: Using stub executor library with Swift entry point. (in target 'QelvoraApp' from project 'QelvoraApp')

Ld /tmp/creator-w7-takeover-ios/DerivedData/Build/Products/Debug-iphonesimulator/QelvoraApp.app/QelvoraApp normal (in target 'QelvoraApp' from project 'QelvoraApp')
    cd /Users/yingpengwang/.codex/worktrees/0546/creator-platform/apps/ios
    /Applications/Xcode.app/Contents/Developer/Toolchains/XcodeDefault.xctoolchain/usr/bin/clang -Xlinker -reproducible -target x86_64-apple-ios17.0-simulator -isysroot /Applications/Xcode.app/Contents/Developer/Platforms/iPhoneSimulator.platform/Developer/SDKs/iPhoneSimulator26.5.sdk -O0 -L/tmp/creator-w7-takeover-ios/DerivedData/Build/Products/Debug-iphonesimulator -F/tmp/creator-w7-takeover-ios/DerivedData/Build/Products/Debug-iphonesimulator/PackageFrameworks -F/tmp/creator-w7-takeover-ios/DerivedData/Build/Products/Debug-iphonesimulator -Xlinker -rpath -Xlinker @executable_path -Xlinker -rpath -Xlinker /tmp/creator-w7-takeover-ios/DerivedData/Build/Products/Debug-iphonesimulator/PackageFrameworks -Xlinker -rpath -Xlinker @executable_path/Frameworks -rdynamic -Xlinker -no_deduplicate -Xlinker -objc_abi_version -Xlinker 2 -e ___debug_blank_executor_main -Xlinker -sectcreate -Xlinker __TEXT -Xlinker __debug_dylib -Xlinker /tmp/creator-w7-takeover-ios/DerivedData/Build/Intermediates.noindex/QelvoraApp.build/Debug-iphonesimulator/QelvoraApp.build/QelvoraApp-DebugDylibPath-normal-x86_64.txt -Xlinker -sectcreate -Xlinker __TEXT -Xlinker __debug_instlnm -Xlinker /tmp/creator-w7-takeover-ios/DerivedData/Build/Intermediates.noindex/QelvoraApp.build/Debug-iphonesimulator/QelvoraApp.build/QelvoraApp-DebugDylibInstallName-normal-x86_64.txt -Xlinker -filelist -Xlinker /tmp/creator-w7-takeover-ios/DerivedData/Build/Intermediates.noindex/QelvoraApp.build/Debug-iphonesimulator/QelvoraApp.build/QelvoraApp-ExecutorLinkFileList-normal-x86_64.txt -Xlinker -sectcreate -Xlinker __TEXT -Xlinker __entitlements -Xlinker /tmp/creator-w7-takeover-ios/DerivedData/Build/Intermediates.noindex/QelvoraApp.build/Debug-iphonesimulator/QelvoraApp.build/QelvoraApp.app-Simulated.xcent -Xlinker -sectcreate -Xlinker __TEXT -Xlinker __ents_der -Xlinker /tmp/creator-w7-takeover-ios/DerivedData/Build/Intermediates.noindex/QelvoraApp.build/Debug-iphonesimulator/QelvoraApp.build/QelvoraApp.app-Simulated.xcent.der /tmp/creator-w7-takeover-ios/DerivedData/Build/Products/Debug-iphonesimulator/QelvoraApp.app/QelvoraApp.debug.dylib -Xlinker -no_adhoc_codesign -o /tmp/creator-w7-takeover-ios/DerivedData/Build/Products/Debug-iphonesimulator/QelvoraApp.app/QelvoraApp

CopySwiftLibs /tmp/creator-w7-takeover-ios/DerivedData/Build/Products/Debug-iphonesimulator/QelvoraApp.app (in target 'QelvoraApp' from project 'QelvoraApp')
    cd /Users/yingpengwang/.codex/worktrees/0546/creator-platform/apps/ios
    builtin-swiftStdLibTool --copy --verbose --sign - --scan-executable /tmp/creator-w7-takeover-ios/DerivedData/Build/Products/Debug-iphonesimulator/QelvoraApp.app/QelvoraApp.debug.dylib --scan-folder /tmp/creator-w7-takeover-ios/DerivedData/Build/Products/Debug-iphonesimulator/QelvoraApp.app/Frameworks --scan-folder /tmp/creator-w7-takeover-ios/DerivedData/Build/Products/Debug-iphonesimulator/QelvoraApp.app/PlugIns --scan-folder /tmp/creator-w7-takeover-ios/DerivedData/Build/Products/Debug-iphonesimulator/QelvoraApp.app/SystemExtensions --scan-folder /tmp/creator-w7-takeover-ios/DerivedData/Build/Products/Debug-iphonesimulator/QelvoraApp.app/Extensions --platform iphonesimulator --toolchain /Applications/Xcode.app/Contents/Developer/Toolchains/XcodeDefault.xctoolchain --destination /tmp/creator-w7-takeover-ios/DerivedData/Build/Products/Debug-iphonesimulator/QelvoraApp.app/Frameworks --strip-bitcode --strip-bitcode-tool /Applications/Xcode.app/Contents/Developer/Toolchains/XcodeDefault.xctoolchain/usr/bin/bitcode_strip --emit-dependency-info /tmp/creator-w7-takeover-ios/DerivedData/Build/Intermediates.noindex/QelvoraApp.build/Debug-iphonesimulator/QelvoraApp.build/SwiftStdLibToolInputDependencies.dep --filter-for-swift-os

ExtractAppIntentsMetadata (in target 'QelvoraApp' from project 'QelvoraApp')
    cd /Users/yingpengwang/.codex/worktrees/0546/creator-platform/apps/ios
    /Applications/Xcode.app/Contents/Developer/Toolchains/XcodeDefault.xctoolchain/usr/bin/appintentsmetadataprocessor --toolchain-dir /Applications/Xcode.app/Contents/Developer/Toolchains/XcodeDefault.xctoolchain --module-name QelvoraApp --sdk-root /Applications/Xcode.app/Contents/Developer/Platforms/iPhoneSimulator.platform/Developer/SDKs/iPhoneSimulator26.5.sdk --xcode-version 17F42 --platform-family iOS --deployment-target 17.0 --bundle-identifier com.pantopus.qelvora --output /tmp/creator-w7-takeover-ios/DerivedData/Build/Products/Debug-iphonesimulator/QelvoraApp.app --target-triple x86_64-apple-ios17.0-simulator --binary-file /tmp/creator-w7-takeover-ios/DerivedData/Build/Products/Debug-iphonesimulator/QelvoraApp.app/QelvoraApp --dependency-file /tmp/creator-w7-takeover-ios/DerivedData/Build/Intermediates.noindex/QelvoraApp.build/Debug-iphonesimulator/QelvoraApp.build/Objects-normal/x86_64/QelvoraApp_dependency_info.dat --stringsdata-file /tmp/creator-w7-takeover-ios/DerivedData/Build/Intermediates.noindex/QelvoraApp.build/Debug-iphonesimulator/QelvoraApp.build/Objects-normal/x86_64/ExtractedAppShortcutsMetadata.stringsdata --source-file-list /tmp/creator-w7-takeover-ios/DerivedData/Build/Intermediates.noindex/QelvoraApp.build/Debug-iphonesimulator/QelvoraApp.build/Objects-normal/x86_64/QelvoraApp.SwiftFileList --metadata-file-list /tmp/creator-w7-takeover-ios/DerivedData/Build/Intermediates.noindex/QelvoraApp.build/Debug-iphonesimulator/QelvoraApp.build/QelvoraApp.DependencyMetadataFileList --static-metadata-file-list /tmp/creator-w7-takeover-ios/DerivedData/Build/Intermediates.noindex/QelvoraApp.build/Debug-iphonesimulator/QelvoraApp.build/QelvoraApp.DependencyStaticMetadataFileList --swift-const-vals-list /tmp/creator-w7-takeover-ios/DerivedData/Build/Intermediates.noindex/QelvoraApp.build/Debug-iphonesimulator/QelvoraApp.build/Objects-normal/x86_64/QelvoraApp.SwiftConstValuesFileList --compile-time-extraction --deployment-aware-processing --validate-assistant-intents --no-app-shortcuts-localization
2026-09-30 16:53:11.580 appintentsmetadataprocessor[29713:228429] Starting appintentsmetadataprocessor export
2026-09-30 16:53:11.584 appintentsmetadataprocessor[29713:228429] warning: Metadata extraction skipped. No AppIntents.framework dependency found.

AppIntentsSSUTraining (in target 'QelvoraApp' from project 'QelvoraApp')
    cd /Users/yingpengwang/.codex/worktrees/0546/creator-platform/apps/ios
    /Applications/Xcode.app/Contents/Developer/Toolchains/XcodeDefault.xctoolchain/usr/bin/appintentsnltrainingprocessor --infoplist-path /tmp/creator-w7-takeover-ios/DerivedData/Build/Products/Debug-iphonesimulator/QelvoraApp.app/Info.plist --temp-dir-path /tmp/creator-w7-takeover-ios/DerivedData/Build/Intermediates.noindex/QelvoraApp.build/Debug-iphonesimulator/QelvoraApp.build/ssu --bundle-id com.pantopus.qelvora --product-path /tmp/creator-w7-takeover-ios/DerivedData/Build/Products/Debug-iphonesimulator/QelvoraApp.app --extracted-metadata-path /tmp/creator-w7-takeover-ios/DerivedData/Build/Products/Debug-iphonesimulator/QelvoraApp.app/Metadata.appintents --metadata-file-list /tmp/creator-w7-takeover-ios/DerivedData/Build/Intermediates.noindex/QelvoraApp.build/Debug-iphonesimulator/QelvoraApp.build/QelvoraApp.DependencyMetadataFileList --source-file /tmp/creator-w7-takeover-ios/DerivedData/Build/Products/Debug-iphonesimulator/QelvoraApp.app/Info.plist --archive-ssu-assets
2026-09-30 16:53:11.618 appintentsnltrainingprocessor[29714:228430] Parsing options for appintentsnltrainingprocessor
2026-09-30 16:53:11.619 appintentsnltrainingprocessor[29714:228430] Starting AppIntents SSU YAML Generation
2026-09-30 16:53:11.620 appintentsnltrainingprocessor[29714:228430] No AppShortcuts found - Skipping.

CodeSign /tmp/creator-w7-takeover-ios/DerivedData/Build/Products/Debug-iphonesimulator/QelvoraApp.app/QelvoraApp.debug.dylib (in target 'QelvoraApp' from project 'QelvoraApp')
    cd /Users/yingpengwang/.codex/worktrees/0546/creator-platform/apps/ios
    
    Signing Identity:     "Sign to Run Locally"
    
    /usr/bin/codesign --force --sign - --timestamp\=none --generate-entitlement-der /tmp/creator-w7-takeover-ios/DerivedData/Build/Products/Debug-iphonesimulator/QelvoraApp.app/QelvoraApp.debug.dylib

CodeSign /tmp/creator-w7-takeover-ios/DerivedData/Build/Products/Debug-iphonesimulator/QelvoraApp.app/__preview.dylib (in target 'QelvoraApp' from project 'QelvoraApp')
    cd /Users/yingpengwang/.codex/worktrees/0546/creator-platform/apps/ios
    
    Signing Identity:     "Sign to Run Locally"
    
    /usr/bin/codesign --force --sign - --timestamp\=none --generate-entitlement-der /tmp/creator-w7-takeover-ios/DerivedData/Build/Products/Debug-iphonesimulator/QelvoraApp.app/__preview.dylib

CodeSign /tmp/creator-w7-takeover-ios/DerivedData/Build/Products/Debug-iphonesimulator/QelvoraApp.app (in target 'QelvoraApp' from project 'QelvoraApp')
    cd /Users/yingpengwang/.codex/worktrees/0546/creator-platform/apps/ios
    
    Signing Identity:     "Sign to Run Locally"
    
    /usr/bin/codesign --force --sign - --timestamp\=none --generate-entitlement-der /tmp/creator-w7-takeover-ios/DerivedData/Build/Products/Debug-iphonesimulator/QelvoraApp.app

RegisterExecutionPolicyException /tmp/creator-w7-takeover-ios/DerivedData/Build/Products/Debug-iphonesimulator/QelvoraApp.app (in target 'QelvoraApp' from project 'QelvoraApp')
    cd /Users/yingpengwang/.codex/worktrees/0546/creator-platform/apps/ios
    builtin-RegisterExecutionPolicyException /tmp/creator-w7-takeover-ios/DerivedData/Build/Products/Debug-iphonesimulator/QelvoraApp.app

Validate /tmp/creator-w7-takeover-ios/DerivedData/Build/Products/Debug-iphonesimulator/QelvoraApp.app (in target 'QelvoraApp' from project 'QelvoraApp')
    cd /Users/yingpengwang/.codex/worktrees/0546/creator-platform/apps/ios
    builtin-validationUtility /tmp/creator-w7-takeover-ios/DerivedData/Build/Products/Debug-iphonesimulator/QelvoraApp.app -shallow-bundle -infoplist-subpath Info.plist

Touch /tmp/creator-w7-takeover-ios/DerivedData/Build/Products/Debug-iphonesimulator/QelvoraApp.app (in target 'QelvoraApp' from project 'QelvoraApp')
    cd /Users/yingpengwang/.codex/worktrees/0546/creator-platform/apps/ios
    /usr/bin/touch -c /tmp/creator-w7-takeover-ios/DerivedData/Build/Products/Debug-iphonesimulator/QelvoraApp.app

** BUILD SUCCEEDED **

