⚙️  Generating plists...
⚙️  Generating project...
⚙️  Writing project...
Created project at /Users/yingpengwang/estimate-rescue/creator-platform/w3-fan-conversations-chat-55cfcc/apps/ios/QelvoraApp.xcodeproj
Command line invocation:
    /Applications/Xcode.app/Contents/Developer/usr/bin/xcodebuild build -project apps/ios/QelvoraApp.xcodeproj -scheme QelvoraApp -configuration Debug -destination "platform=iOS Simulator,id=E375E748-AE89-4701-AB12-44EA240D61A8" -derivedDataPath /Users/yingpengwang/Library/Caches/creator-platform-w3/ios-derived -clonedSourcePackagesDirPath /Users/yingpengwang/Library/Caches/creator-platform-w3/ios-packages -onlyUsePackageVersionsFromResolvedFile CODE_SIGNING_ALLOWED=YES CODE_SIGN_IDENTITY=- ONLY_ACTIVE_ARCH=YES

Build settings from command line:
    CODE_SIGN_IDENTITY = -
    CODE_SIGNING_ALLOWED = YES
    ONLY_ACTIVE_ARCH = YES

Resolve Package Graph


Resolved source packages:
  swift-issue-reporting: https://github.com/pointfreeco/swift-issue-reporting @ 2.1.1
  LiveKitWebRTC: https://github.com/livekit/webrtc-xcframework.git @ 150.7871.2
  LiveKit: https://github.com/livekit/client-sdk-swift.git @ 2.17.0
  QelvoraNative: /Users/yingpengwang/estimate-rescue/creator-platform/w3-fan-conversations-chat-55cfcc/apps/ios
  LiveKitUniFFI: https://github.com/livekit/livekit-uniffi-xcframework.git @ 0.1.9
  swift-snapshot-testing: https://github.com/pointfreeco/swift-snapshot-testing.git @ 1.19.6
  swift-custom-dump: https://github.com/pointfreeco/swift-custom-dump @ 1.7.3
  swift-syntax: https://github.com/swiftlang/swift-syntax @ 604.0.0

note: Using codesigning identity override: -
ComputePackagePrebuildTargetDependencyGraph

Prepare packages

CreateBuildRequest

SendProjectDescription

CreateBuildOperation

ComputeTargetDependencyGraph
note: Building targets in dependency order
note: Target dependency graph (13 targets)
    Target 'QelvoraApp' in project 'QelvoraApp'
        ➜ Explicit dependency on target 'QelvoraUI-product' in project 'QelvoraNative'
    Target 'QelvoraUI-product' in project 'QelvoraNative'
        ➜ Explicit dependency on target 'QelvoraUI' in project 'QelvoraNative'
        ➜ Explicit dependency on target 'QelvoraNative_QelvoraUI' in project 'QelvoraNative'
        ➜ Explicit dependency on target 'LiveKit-product' in project 'LiveKit'
    Target 'QelvoraUI' in project 'QelvoraNative'
        ➜ Explicit dependency on target 'QelvoraNative_QelvoraUI' in project 'QelvoraNative'
        ➜ Explicit dependency on target 'LiveKit-product' in project 'LiveKit'
    Target 'LiveKit-product' in project 'LiveKit'
        ➜ Explicit dependency on target 'LiveKit' in project 'LiveKit'
        ➜ Explicit dependency on target 'LiveKit_LiveKit' in project 'LiveKit'
        ➜ Explicit dependency on target 'CLiveKitProto' in project 'LiveKit'
        ➜ Explicit dependency on target 'LiveKitNanopb' in project 'LiveKit'
        ➜ Explicit dependency on target 'LKObjCHelpers' in project 'LiveKit'
        ➜ Explicit dependency on target 'LiveKitWebRTC-product' in project 'LiveKitWebRTC'
        ➜ Explicit dependency on target 'LiveKitUniFFI-product' in project 'LiveKitUniFFI'
    Target 'LiveKit' in project 'LiveKit'
        ➜ Explicit dependency on target 'LiveKit_LiveKit' in project 'LiveKit'
        ➜ Explicit dependency on target 'CLiveKitProto' in project 'LiveKit'
        ➜ Explicit dependency on target 'LiveKitNanopb' in project 'LiveKit'
        ➜ Explicit dependency on target 'LKObjCHelpers' in project 'LiveKit'
        ➜ Explicit dependency on target 'LiveKitWebRTC-product' in project 'LiveKitWebRTC'
        ➜ Explicit dependency on target 'LiveKitUniFFI-product' in project 'LiveKitUniFFI'
    Target 'LiveKitUniFFI-product' in project 'LiveKitUniFFI'
        ➜ Explicit dependency on target 'LiveKitUniFFI' in project 'LiveKitUniFFI'
    Target 'LiveKitUniFFI' in project 'LiveKitUniFFI' (no dependencies)
    Target 'LiveKitWebRTC-product' in project 'LiveKitWebRTC' (no dependencies)
    Target 'LKObjCHelpers' in project 'LiveKit' (no dependencies)
    Target 'LiveKitNanopb' in project 'LiveKit'
        ➜ Explicit dependency on target 'CLiveKitProto' in project 'LiveKit'
    Target 'CLiveKitProto' in project 'LiveKit' (no dependencies)
    Target 'LiveKit_LiveKit' in project 'LiveKit' (no dependencies)
    Target 'QelvoraNative_QelvoraUI' in project 'QelvoraNative' (no dependencies)

GatherProvisioningInputs

CreateBuildDescription

ExecuteExternalTool /Applications/Xcode.app/Contents/Developer/Toolchains/XcodeDefault.xctoolchain/usr/bin/swiftc --version

ExecuteExternalTool /Applications/Xcode.app/Contents/Developer/Toolchains/XcodeDefault.xctoolchain/usr/bin/clang -v -E -dM -arch arm64 -isysroot /Applications/Xcode.app/Contents/Developer/Platforms/iPhoneSimulator.platform/Developer/SDKs/iPhoneSimulator27.0.sdk -x c -c /dev/null

ExecuteExternalTool /Applications/Xcode.app/Contents/Developer/Toolchains/XcodeDefault.xctoolchain/usr/bin/clang -v -E -dM -arch arm64 -isysroot /Applications/Xcode.app/Contents/Developer/Platforms/iPhoneSimulator.platform/Developer/SDKs/iPhoneSimulator27.0.sdk -x objective-c -c /dev/null

ExecuteExternalTool /Applications/Xcode.app/Contents/Developer/usr/bin/xcstringstool compile --dry-run --output-directory /Users/yingpengwang/Library/Caches/creator-platform-w3/ios-derived/Build/Intermediates.noindex/QelvoraNative.build/Debug-iphonesimulator/QelvoraNative_QelvoraUI-b.build /Users/yingpengwang/estimate-rescue/creator-platform/w3-fan-conversations-chat-55cfcc/apps/ios/Sources/Generated/Localizable.xcstrings

ExecuteExternalTool /Applications/Xcode.app/Contents/Developer/Toolchains/XcodeDefault.xctoolchain/usr/bin/clang -v -E -dM -isysroot /Applications/Xcode.app/Contents/Developer/Platforms/iPhoneSimulator.platform/Developer/SDKs/iPhoneSimulator27.0.sdk -x c -c /dev/null

ExecuteExternalTool /Applications/Xcode.app/Contents/Developer/Toolchains/XcodeDefault.xctoolchain/usr/bin/ld -version_details

ReadFileContents /Applications/Xcode.app/Contents/Developer/Toolchains/XcodeDefault.xctoolchain/usr/share/docc/features.json

Build description signature: c917d30c5706fc4fb555eead14c30eed
Build description path: /Users/yingpengwang/Library/Caches/creator-platform-w3/ios-derived/Build/Intermediates.noindex/XCBuildData/c917d30c5706fc4fb555eead14c30eed.xcbuilddata
ClangStatCache /Applications/Xcode.app/Contents/Developer/Toolchains/XcodeDefault.xctoolchain/usr/bin/clang-stat-cache /Applications/Xcode.app/Contents/Developer/Platforms/iPhoneSimulator.platform/Developer/SDKs/iPhoneSimulator27.0.sdk /Users/yingpengwang/Library/Caches/creator-platform-w3/ios-derived/SDKStatCaches.noindex/iphonesimulator27.0-24A430-8dc58220667be655e1bcc261a7455254.sdkstatcache
    cd /Users/yingpengwang/estimate-rescue/creator-platform/w3-fan-conversations-chat-55cfcc/apps/ios/QelvoraApp.xcodeproj
    /Applications/Xcode.app/Contents/Developer/Toolchains/XcodeDefault.xctoolchain/usr/bin/clang-stat-cache /Applications/Xcode.app/Contents/Developer/Platforms/iPhoneSimulator.platform/Developer/SDKs/iPhoneSimulator27.0.sdk -o /Users/yingpengwang/Library/Caches/creator-platform-w3/ios-derived/SDKStatCaches.noindex/iphonesimulator27.0-24A430-8dc58220667be655e1bcc261a7455254.sdkstatcache

ProcessInfoPlistFile /Users/yingpengwang/Library/Caches/creator-platform-w3/ios-derived/Build/Products/Debug-iphonesimulator/LiveKit_LiveKit.bundle/Info.plist /Users/yingpengwang/Library/Caches/creator-platform-w3/ios-derived/Build/Intermediates.noindex/LiveKit.build/Debug-iphonesimulator/LiveKit_LiveKit-b.build/empty-LiveKit_LiveKit.plist (in target 'LiveKit_LiveKit' from project 'LiveKit')
    cd /Users/yingpengwang/Library/Caches/creator-platform-w3/ios-packages/checkouts/client-sdk-swift
    builtin-infoPlistUtility /Users/yingpengwang/Library/Caches/creator-platform-w3/ios-derived/Build/Intermediates.noindex/LiveKit.build/Debug-iphonesimulator/LiveKit_LiveKit-b.build/empty-LiveKit_LiveKit.plist -producttype com.apple.product-type.bundle -expandbuildsettings -format binary -platform iphonesimulator -o /Users/yingpengwang/Library/Caches/creator-platform-w3/ios-derived/Build/Products/Debug-iphonesimulator/LiveKit_LiveKit.bundle/Info.plist

WriteAuxiliaryFile /Users/yingpengwang/Library/Caches/creator-platform-w3/ios-derived/Build/Intermediates.noindex/QelvoraNative.build/Debug-iphonesimulator/QelvoraUI-t.build/Objects-normal/arm64/QelvoraUI-OutputFileMap.json (in target 'QelvoraUI' from project 'QelvoraNative')
    cd /Users/yingpengwang/estimate-rescue/creator-platform/w3-fan-conversations-chat-55cfcc/apps/ios
    write-file /Users/yingpengwang/Library/Caches/creator-platform-w3/ios-derived/Build/Intermediates.noindex/QelvoraNative.build/Debug-iphonesimulator/QelvoraUI-t.build/Objects-normal/arm64/QelvoraUI-OutputFileMap.json

WriteAuxiliaryFile /Users/yingpengwang/Library/Caches/creator-platform-w3/ios-derived/Build/Intermediates.noindex/QelvoraNative.build/Debug-iphonesimulator/QelvoraUI-t.build/Objects-normal/arm64/QelvoraUI.SwiftFileList (in target 'QelvoraUI' from project 'QelvoraNative')
    cd /Users/yingpengwang/estimate-rescue/creator-platform/w3-fan-conversations-chat-55cfcc/apps/ios
    write-file /Users/yingpengwang/Library/Caches/creator-platform-w3/ios-derived/Build/Intermediates.noindex/QelvoraNative.build/Debug-iphonesimulator/QelvoraUI-t.build/Objects-normal/arm64/QelvoraUI.SwiftFileList

SwiftDriver QelvoraUI normal arm64 com.apple.xcode.tools.swift.compiler (in target 'QelvoraUI' from project 'QelvoraNative')
    cd /Users/yingpengwang/estimate-rescue/creator-platform/w3-fan-conversations-chat-55cfcc/apps/ios/QelvoraApp.xcodeproj
    builtin-SwiftDriver -- /Applications/Xcode.app/Contents/Developer/Toolchains/XcodeDefault.xctoolchain/usr/bin/swiftc -parse-as-library -module-name QelvoraUI -Onone @/Users/yingpengwang/Library/Caches/creator-platform-w3/ios-derived/Build/Intermediates.noindex/QelvoraNative.build/Debug-iphonesimulator/QelvoraUI-t.build/Objects-normal/arm64/QelvoraUI.SwiftFileList -DSWIFT_PACKAGE -DDEBUG -DSWIFT_MODULE_RESOURCE_BUNDLE_AVAILABLE -Xcc -fmodule-map-file\=/Users/yingpengwang/Library/Caches/creator-platform-w3/ios-derived/Build/Intermediates.noindex/GeneratedModuleMaps-iphonesimulator/LKObjCHelpers.modulemap -Xcc -fmodule-map-file\=/Users/yingpengwang/Library/Caches/creator-platform-w3/ios-derived/Build/Intermediates.noindex/GeneratedModuleMaps-iphonesimulator/CLiveKitProto.modulemap -DXcode -plugin-path /Applications/Xcode.app/Contents/Developer/Toolchains/XcodeDefault.xctoolchain/usr/lib/swift/host/plugins/testing -enable-experimental-feature DebugDescriptionMacro -sdk /Applications/Xcode.app/Contents/Developer/Platforms/iPhoneSimulator.platform/Developer/SDKs/iPhoneSimulator27.0.sdk -target arm64-apple-ios17.0-simulator -g -module-cache-path /Users/yingpengwang/Library/Caches/creator-platform-w3/ios-derived/ModuleCache.noindex -Xfrontend -serialize-debugging-options -enable-testing -index-store-path /Users/yingpengwang/Library/Caches/creator-platform-w3/ios-derived/Index.noindex/DataStore -Xcc -D_LIBCPP_HARDENING_MODE\=_LIBCPP_HARDENING_MODE_DEBUG -swift-version 6 -I /Users/yingpengwang/Library/Caches/creator-platform-w3/ios-derived/Build/Products/Debug-iphonesimulator -Isystem /Applications/Xcode.app/Contents/Developer/Platforms/iPhoneSimulator.platform/Developer/usr/lib -F /Users/yingpengwang/Library/Caches/creator-platform-w3/ios-derived/Build/Products/Debug-iphonesimulator/PackageFrameworks -F /Users/yingpengwang/Library/Caches/creator-platform-w3/ios-derived/Build/Products/Debug-iphonesimulator -F /Applications/Xcode.app/Contents/Developer/Platforms/iPhoneSimulator.platform/Developer/Library/Frameworks -F /Applications/Xcode.app/Contents/Developer/Platforms/iPhoneSimulator.platform/Developer/SDKs/iPhoneSimulator27.0.sdk/Developer/Library/Frameworks -c -j12 -enable-batch-mode -incremental -Xcc -ivfsstatcache -Xcc /Users/yingpengwang/Library/Caches/creator-platform-w3/ios-derived/SDKStatCaches.noindex/iphonesimulator27.0-24A430-8dc58220667be655e1bcc261a7455254.sdkstatcache -output-file-map /Users/yingpengwang/Library/Caches/creator-platform-w3/ios-derived/Build/Intermediates.noindex/QelvoraNative.build/Debug-iphonesimulator/QelvoraUI-t.build/Objects-normal/arm64/QelvoraUI-OutputFileMap.json -save-temps -no-color-diagnostics -explicit-module-build -module-cache-path /Users/yingpengwang/Library/Caches/creator-platform-w3/ios-derived/Build/Intermediates.noindex/SwiftExplicitPrecompiledModules -clang-scanner-module-cache-path /Users/yingpengwang/Library/Caches/creator-platform-w3/ios-derived/ModuleCache.noindex -sdk-module-cache-path /Users/yingpengwang/Library/Caches/creator-platform-w3/ios-derived/SDKExplicitPrecompiledModules -emit-dependencies -emit-module -emit-module-path /Users/yingpengwang/Library/Caches/creator-platform-w3/ios-derived/Build/Intermediates.noindex/QelvoraNative.build/Debug-iphonesimulator/QelvoraUI-t.build/Objects-normal/arm64/QelvoraUI.swiftmodule -serialize-diagnostics -dependency-scan-serialize-diagnostics-path /Users/yingpengwang/Library/Caches/creator-platform-w3/ios-derived/Build/Intermediates.noindex/QelvoraNative.build/Debug-iphonesimulator/QelvoraUI-t.build/Objects-normal/arm64/QelvoraUI-dependency-scan.dia -validate-clang-modules-once -clang-build-session-file /Users/yingpengwang/Library/Caches/creator-platform-w3/ios-derived/ModuleCache.noindex/Session.modulevalidation -Xcc -fmodules-prune-interval\=86400 -Xcc -fmodules-prune-after\=345600 -package-name ios -emit-const-values -const-gather-protocols-list /Users/yingpengwang/Library/Caches/creator-platform-w3/ios-derived/Build/Intermediates.noindex/QelvoraNative.build/Debug-iphonesimulator/QelvoraUI-t.build/Objects-normal/arm64/QelvoraUI_const_extract_protocols.json -Xcc -I/Users/yingpengwang/Library/Caches/creator-platform-w3/ios-packages/checkouts/client-sdk-swift/Sources/LKObjCHelpers/include -Xcc -I/Users/yingpengwang/Library/Caches/creator-platform-w3/ios-packages/checkouts/client-sdk-swift/Sources/CLiveKitProto/include -Xcc -I/Users/yingpengwang/Library/Caches/creator-platform-w3/ios-derived/Build/Products/Debug-iphonesimulator/include -Xcc -I/Users/yingpengwang/Library/Caches/creator-platform-w3/ios-derived/Build/Intermediates.noindex/QelvoraNative.build/Debug-iphonesimulator/QelvoraUI-t.build/DerivedSources-normal/arm64 -Xcc -I/Users/yingpengwang/Library/Caches/creator-platform-w3/ios-derived/Build/Intermediates.noindex/QelvoraNative.build/Debug-iphonesimulator/QelvoraUI-t.build/DerivedSources/arm64 -Xcc -I/Users/yingpengwang/Library/Caches/creator-platform-w3/ios-derived/Build/Intermediates.noindex/QelvoraNative.build/Debug-iphonesimulator/QelvoraUI-t.build/DerivedSources -Xcc -DSWIFT_PACKAGE -Xcc -DDEBUG\=1 -emit-objc-header -emit-objc-header-path /Users/yingpengwang/Library/Caches/creator-platform-w3/ios-derived/Build/Intermediates.noindex/QelvoraNative.build/Debug-iphonesimulator/QelvoraUI-t.build/Objects-normal/arm64/QelvoraUI-Swift.h -working-directory /Users/yingpengwang/estimate-rescue/creator-platform/w3-fan-conversations-chat-55cfcc/apps/ios/QelvoraApp.xcodeproj -experimental-emit-module-separately -disable-cmo

SwiftEmitModule normal arm64 Emitting\ module\ for\ QelvoraUI (in target 'QelvoraUI' from project 'QelvoraNative')

SwiftCompile normal arm64 (in target 'QelvoraUI' from project 'QelvoraNative')
    cd /Users/yingpengwang/estimate-rescue/creator-platform/w3-fan-conversations-chat-55cfcc/apps/ios/QelvoraApp.xcodeproj
    

SwiftDriverJobDiscovery normal arm64 Emitting module for QelvoraUI (in target 'QelvoraUI' from project 'QelvoraNative')

SwiftDriver\ Compilation\ Requirements QelvoraUI normal arm64 com.apple.xcode.tools.swift.compiler (in target 'QelvoraUI' from project 'QelvoraNative')
    cd /Users/yingpengwang/estimate-rescue/creator-platform/w3-fan-conversations-chat-55cfcc/apps/ios/QelvoraApp.xcodeproj
    builtin-Swift-Compilation-Requirements -- /Applications/Xcode.app/Contents/Developer/Toolchains/XcodeDefault.xctoolchain/usr/bin/swiftc -parse-as-library -module-name QelvoraUI -Onone @/Users/yingpengwang/Library/Caches/creator-platform-w3/ios-derived/Build/Intermediates.noindex/QelvoraNative.build/Debug-iphonesimulator/QelvoraUI-t.build/Objects-normal/arm64/QelvoraUI.SwiftFileList -DSWIFT_PACKAGE -DDEBUG -DSWIFT_MODULE_RESOURCE_BUNDLE_AVAILABLE -Xcc -fmodule-map-file\=/Users/yingpengwang/Library/Caches/creator-platform-w3/ios-derived/Build/Intermediates.noindex/GeneratedModuleMaps-iphonesimulator/LKObjCHelpers.modulemap -Xcc -fmodule-map-file\=/Users/yingpengwang/Library/Caches/creator-platform-w3/ios-derived/Build/Intermediates.noindex/GeneratedModuleMaps-iphonesimulator/CLiveKitProto.modulemap -DXcode -plugin-path /Applications/Xcode.app/Contents/Developer/Toolchains/XcodeDefault.xctoolchain/usr/lib/swift/host/plugins/testing -enable-experimental-feature DebugDescriptionMacro -sdk /Applications/Xcode.app/Contents/Developer/Platforms/iPhoneSimulator.platform/Developer/SDKs/iPhoneSimulator27.0.sdk -target arm64-apple-ios17.0-simulator -g -module-cache-path /Users/yingpengwang/Library/Caches/creator-platform-w3/ios-derived/ModuleCache.noindex -Xfrontend -serialize-debugging-options -enable-testing -index-store-path /Users/yingpengwang/Library/Caches/creator-platform-w3/ios-derived/Index.noindex/DataStore -Xcc -D_LIBCPP_HARDENING_MODE\=_LIBCPP_HARDENING_MODE_DEBUG -swift-version 6 -I /Users/yingpengwang/Library/Caches/creator-platform-w3/ios-derived/Build/Products/Debug-iphonesimulator -Isystem /Applications/Xcode.app/Contents/Developer/Platforms/iPhoneSimulator.platform/Developer/usr/lib -F /Users/yingpengwang/Library/Caches/creator-platform-w3/ios-derived/Build/Products/Debug-iphonesimulator/PackageFrameworks -F /Users/yingpengwang/Library/Caches/creator-platform-w3/ios-derived/Build/Products/Debug-iphonesimulator -F /Applications/Xcode.app/Contents/Developer/Platforms/iPhoneSimulator.platform/Developer/Library/Frameworks -F /Applications/Xcode.app/Contents/Developer/Platforms/iPhoneSimulator.platform/Developer/SDKs/iPhoneSimulator27.0.sdk/Developer/Library/Frameworks -c -j12 -enable-batch-mode -incremental -Xcc -ivfsstatcache -Xcc /Users/yingpengwang/Library/Caches/creator-platform-w3/ios-derived/SDKStatCaches.noindex/iphonesimulator27.0-24A430-8dc58220667be655e1bcc261a7455254.sdkstatcache -output-file-map /Users/yingpengwang/Library/Caches/creator-platform-w3/ios-derived/Build/Intermediates.noindex/QelvoraNative.build/Debug-iphonesimulator/QelvoraUI-t.build/Objects-normal/arm64/QelvoraUI-OutputFileMap.json -save-temps -no-color-diagnostics -explicit-module-build -module-cache-path /Users/yingpengwang/Library/Caches/creator-platform-w3/ios-derived/Build/Intermediates.noindex/SwiftExplicitPrecompiledModules -clang-scanner-module-cache-path /Users/yingpengwang/Library/Caches/creator-platform-w3/ios-derived/ModuleCache.noindex -sdk-module-cache-path /Users/yingpengwang/Library/Caches/creator-platform-w3/ios-derived/SDKExplicitPrecompiledModules -emit-dependencies -emit-module -emit-module-path /Users/yingpengwang/Library/Caches/creator-platform-w3/ios-derived/Build/Intermediates.noindex/QelvoraNative.build/Debug-iphonesimulator/QelvoraUI-t.build/Objects-normal/arm64/QelvoraUI.swiftmodule -serialize-diagnostics -dependency-scan-serialize-diagnostics-path /Users/yingpengwang/Library/Caches/creator-platform-w3/ios-derived/Build/Intermediates.noindex/QelvoraNative.build/Debug-iphonesimulator/QelvoraUI-t.build/Objects-normal/arm64/QelvoraUI-dependency-scan.dia -validate-clang-modules-once -clang-build-session-file /Users/yingpengwang/Library/Caches/creator-platform-w3/ios-derived/ModuleCache.noindex/Session.modulevalidation -Xcc -fmodules-prune-interval\=86400 -Xcc -fmodules-prune-after\=345600 -package-name ios -emit-const-values -const-gather-protocols-list /Users/yingpengwang/Library/Caches/creator-platform-w3/ios-derived/Build/Intermediates.noindex/QelvoraNative.build/Debug-iphonesimulator/QelvoraUI-t.build/Objects-normal/arm64/QelvoraUI_const_extract_protocols.json -Xcc -I/Users/yingpengwang/Library/Caches/creator-platform-w3/ios-packages/checkouts/client-sdk-swift/Sources/LKObjCHelpers/include -Xcc -I/Users/yingpengwang/Library/Caches/creator-platform-w3/ios-packages/checkouts/client-sdk-swift/Sources/CLiveKitProto/include -Xcc -I/Users/yingpengwang/Library/Caches/creator-platform-w3/ios-derived/Build/Products/Debug-iphonesimulator/include -Xcc -I/Users/yingpengwang/Library/Caches/creator-platform-w3/ios-derived/Build/Intermediates.noindex/QelvoraNative.build/Debug-iphonesimulator/QelvoraUI-t.build/DerivedSources-normal/arm64 -Xcc -I/Users/yingpengwang/Library/Caches/creator-platform-w3/ios-derived/Build/Intermediates.noindex/QelvoraNative.build/Debug-iphonesimulator/QelvoraUI-t.build/DerivedSources/arm64 -Xcc -I/Users/yingpengwang/Library/Caches/creator-platform-w3/ios-derived/Build/Intermediates.noindex/QelvoraNative.build/Debug-iphonesimulator/QelvoraUI-t.build/DerivedSources -Xcc -DSWIFT_PACKAGE -Xcc -DDEBUG\=1 -emit-objc-header -emit-objc-header-path /Users/yingpengwang/Library/Caches/creator-platform-w3/ios-derived/Build/Intermediates.noindex/QelvoraNative.build/Debug-iphonesimulator/QelvoraUI-t.build/Objects-normal/arm64/QelvoraUI-Swift.h -working-directory /Users/yingpengwang/estimate-rescue/creator-platform/w3-fan-conversations-chat-55cfcc/apps/ios/QelvoraApp.xcodeproj -experimental-emit-module-separately -disable-cmo

Copy /Users/yingpengwang/Library/Caches/creator-platform-w3/ios-derived/Build/Products/Debug-iphonesimulator/QelvoraUI.swiftmodule/Project/arm64-apple-ios-simulator.swiftsourceinfo /Users/yingpengwang/Library/Caches/creator-platform-w3/ios-derived/Build/Intermediates.noindex/QelvoraNative.build/Debug-iphonesimulator/QelvoraUI-t.build/Objects-normal/arm64/QelvoraUI.swiftsourceinfo (in target 'QelvoraUI' from project 'QelvoraNative')
    cd /Users/yingpengwang/estimate-rescue/creator-platform/w3-fan-conversations-chat-55cfcc/apps/ios
    builtin-copy -exclude .DS_Store -exclude CVS -exclude .svn -exclude .git -exclude .hg -resolve-src-symlinks -rename /Users/yingpengwang/Library/Caches/creator-platform-w3/ios-derived/Build/Intermediates.noindex/QelvoraNative.build/Debug-iphonesimulator/QelvoraUI-t.build/Objects-normal/arm64/QelvoraUI.swiftsourceinfo /Users/yingpengwang/Library/Caches/creator-platform-w3/ios-derived/Build/Products/Debug-iphonesimulator/QelvoraUI.swiftmodule/Project/arm64-apple-ios-simulator.swiftsourceinfo

SwiftMergeGeneratedHeaders /Users/yingpengwang/Library/Caches/creator-platform-w3/ios-derived/Build/Intermediates.noindex/GeneratedModuleMaps-iphonesimulator/QelvoraUI-Swift.h /Users/yingpengwang/Library/Caches/creator-platform-w3/ios-derived/Build/Intermediates.noindex/QelvoraNative.build/Debug-iphonesimulator/QelvoraUI-t.build/Objects-normal/arm64/QelvoraUI-Swift.h (in target 'QelvoraUI' from project 'QelvoraNative')
    cd /Users/yingpengwang/estimate-rescue/creator-platform/w3-fan-conversations-chat-55cfcc/apps/ios
    builtin-swiftHeaderTool -arch arm64 /Users/yingpengwang/Library/Caches/creator-platform-w3/ios-derived/Build/Intermediates.noindex/QelvoraNative.build/Debug-iphonesimulator/QelvoraUI-t.build/Objects-normal/arm64/QelvoraUI-Swift.h -o /Users/yingpengwang/Library/Caches/creator-platform-w3/ios-derived/Build/Intermediates.noindex/GeneratedModuleMaps-iphonesimulator/QelvoraUI-Swift.h

Copy /Users/yingpengwang/Library/Caches/creator-platform-w3/ios-derived/Build/Products/Debug-iphonesimulator/QelvoraUI.swiftmodule/arm64-apple-ios-simulator.swiftmodule /Users/yingpengwang/Library/Caches/creator-platform-w3/ios-derived/Build/Intermediates.noindex/QelvoraNative.build/Debug-iphonesimulator/QelvoraUI-t.build/Objects-normal/arm64/QelvoraUI.swiftmodule (in target 'QelvoraUI' from project 'QelvoraNative')
    cd /Users/yingpengwang/estimate-rescue/creator-platform/w3-fan-conversations-chat-55cfcc/apps/ios
    builtin-copy -exclude .DS_Store -exclude CVS -exclude .svn -exclude .git -exclude .hg -resolve-src-symlinks -rename /Users/yingpengwang/Library/Caches/creator-platform-w3/ios-derived/Build/Intermediates.noindex/QelvoraNative.build/Debug-iphonesimulator/QelvoraUI-t.build/Objects-normal/arm64/QelvoraUI.swiftmodule /Users/yingpengwang/Library/Caches/creator-platform-w3/ios-derived/Build/Products/Debug-iphonesimulator/QelvoraUI.swiftmodule/arm64-apple-ios-simulator.swiftmodule

Copy /Users/yingpengwang/Library/Caches/creator-platform-w3/ios-derived/Build/Products/Debug-iphonesimulator/QelvoraUI.swiftmodule/arm64-apple-ios-simulator.abi.json /Users/yingpengwang/Library/Caches/creator-platform-w3/ios-derived/Build/Intermediates.noindex/QelvoraNative.build/Debug-iphonesimulator/QelvoraUI-t.build/Objects-normal/arm64/QelvoraUI.abi.json (in target 'QelvoraUI' from project 'QelvoraNative')
    cd /Users/yingpengwang/estimate-rescue/creator-platform/w3-fan-conversations-chat-55cfcc/apps/ios
    builtin-copy -exclude .DS_Store -exclude CVS -exclude .svn -exclude .git -exclude .hg -resolve-src-symlinks -rename /Users/yingpengwang/Library/Caches/creator-platform-w3/ios-derived/Build/Intermediates.noindex/QelvoraNative.build/Debug-iphonesimulator/QelvoraUI-t.build/Objects-normal/arm64/QelvoraUI.abi.json /Users/yingpengwang/Library/Caches/creator-platform-w3/ios-derived/Build/Products/Debug-iphonesimulator/QelvoraUI.swiftmodule/arm64-apple-ios-simulator.abi.json

Copy /Users/yingpengwang/Library/Caches/creator-platform-w3/ios-derived/Build/Products/Debug-iphonesimulator/QelvoraUI.swiftmodule/arm64-apple-ios-simulator.swiftdoc /Users/yingpengwang/Library/Caches/creator-platform-w3/ios-derived/Build/Intermediates.noindex/QelvoraNative.build/Debug-iphonesimulator/QelvoraUI-t.build/Objects-normal/arm64/QelvoraUI.swiftdoc (in target 'QelvoraUI' from project 'QelvoraNative')
    cd /Users/yingpengwang/estimate-rescue/creator-platform/w3-fan-conversations-chat-55cfcc/apps/ios
    builtin-copy -exclude .DS_Store -exclude CVS -exclude .svn -exclude .git -exclude .hg -resolve-src-symlinks -rename /Users/yingpengwang/Library/Caches/creator-platform-w3/ios-derived/Build/Intermediates.noindex/QelvoraNative.build/Debug-iphonesimulator/QelvoraUI-t.build/Objects-normal/arm64/QelvoraUI.swiftdoc /Users/yingpengwang/Library/Caches/creator-platform-w3/ios-derived/Build/Products/Debug-iphonesimulator/QelvoraUI.swiftmodule/arm64-apple-ios-simulator.swiftdoc

ProcessInfoPlistFile /Users/yingpengwang/Library/Caches/creator-platform-w3/ios-derived/Build/Products/Debug-iphonesimulator/QelvoraNative_QelvoraUI.bundle/Info.plist /Users/yingpengwang/Library/Caches/creator-platform-w3/ios-derived/Build/Intermediates.noindex/QelvoraNative.build/Debug-iphonesimulator/QelvoraNative_QelvoraUI-b.build/empty-QelvoraNative_QelvoraUI.plist (in target 'QelvoraNative_QelvoraUI' from project 'QelvoraNative')
    cd /Users/yingpengwang/estimate-rescue/creator-platform/w3-fan-conversations-chat-55cfcc/apps/ios
    builtin-infoPlistUtility /Users/yingpengwang/Library/Caches/creator-platform-w3/ios-derived/Build/Intermediates.noindex/QelvoraNative.build/Debug-iphonesimulator/QelvoraNative_QelvoraUI-b.build/empty-QelvoraNative_QelvoraUI.plist -producttype com.apple.product-type.bundle -expandbuildsettings -format binary -platform iphonesimulator -o /Users/yingpengwang/Library/Caches/creator-platform-w3/ios-derived/Build/Products/Debug-iphonesimulator/QelvoraNative_QelvoraUI.bundle/Info.plist

CompileXCStrings /Users/yingpengwang/Library/Caches/creator-platform-w3/ios-derived/Build/Intermediates.noindex/QelvoraNative.build/Debug-iphonesimulator/QelvoraNative_QelvoraUI-b.build/ /Users/yingpengwang/estimate-rescue/creator-platform/w3-fan-conversations-chat-55cfcc/apps/ios/Sources/Generated/Localizable.xcstrings (in target 'QelvoraNative_QelvoraUI' from project 'QelvoraNative')
    cd /Users/yingpengwang/estimate-rescue/creator-platform/w3-fan-conversations-chat-55cfcc/apps/ios
    /Applications/Xcode.app/Contents/Developer/usr/bin/xcstringstool compile --output-directory /Users/yingpengwang/Library/Caches/creator-platform-w3/ios-derived/Build/Intermediates.noindex/QelvoraNative.build/Debug-iphonesimulator/QelvoraNative_QelvoraUI-b.build /Users/yingpengwang/estimate-rescue/creator-platform/w3-fan-conversations-chat-55cfcc/apps/ios/Sources/Generated/Localizable.xcstrings

CopyStringsFile /Users/yingpengwang/Library/Caches/creator-platform-w3/ios-derived/Build/Products/Debug-iphonesimulator/QelvoraNative_QelvoraUI.bundle/en.lproj/Localizable.strings /Users/yingpengwang/Library/Caches/creator-platform-w3/ios-derived/Build/Intermediates.noindex/QelvoraNative.build/Debug-iphonesimulator/QelvoraNative_QelvoraUI-b.build/en.lproj/Localizable.strings (in target 'QelvoraNative_QelvoraUI' from project 'QelvoraNative')
    cd /Users/yingpengwang/estimate-rescue/creator-platform/w3-fan-conversations-chat-55cfcc/apps/ios
    builtin-copyStrings --validate --outputencoding binary --outfilename Localizable.strings --outdir /Users/yingpengwang/Library/Caches/creator-platform-w3/ios-derived/Build/Products/Debug-iphonesimulator/QelvoraNative_QelvoraUI.bundle/en.lproj -- /Users/yingpengwang/Library/Caches/creator-platform-w3/ios-derived/Build/Intermediates.noindex/QelvoraNative.build/Debug-iphonesimulator/QelvoraNative_QelvoraUI-b.build/en.lproj/Localizable.strings
/Users/yingpengwang/Library/Caches/creator-platform-w3/ios-derived/Build/Intermediates.noindex/QelvoraNative.build/Debug-iphonesimulator/QelvoraNative_QelvoraUI-b.build/en.lproj/Localizable.strings:1:1: note: detected encoding of input file as Unicode (UTF-8) (in target 'QelvoraNative_QelvoraUI' from project 'QelvoraNative')

CodeSign /Users/yingpengwang/Library/Caches/creator-platform-w3/ios-derived/Build/Products/Debug-iphonesimulator/QelvoraNative_QelvoraUI.bundle (in target 'QelvoraNative_QelvoraUI' from project 'QelvoraNative')
    cd /Users/yingpengwang/estimate-rescue/creator-platform/w3-fan-conversations-chat-55cfcc/apps/ios
    
    Signing Identity:     "Sign to Run Locally"
    
    /usr/bin/codesign --force --sign - --timestamp\=none --generate-entitlement-der /Users/yingpengwang/Library/Caches/creator-platform-w3/ios-derived/Build/Products/Debug-iphonesimulator/QelvoraNative_QelvoraUI.bundle
/Users/yingpengwang/Library/Caches/creator-platform-w3/ios-derived/Build/Products/Debug-iphonesimulator/QelvoraNative_QelvoraUI.bundle: replacing existing signature

WriteAuxiliaryFile /Users/yingpengwang/Library/Caches/creator-platform-w3/ios-derived/Build/Intermediates.noindex/QelvoraNative.build/Debug-iphonesimulator/QelvoraUI-t.build/Objects-normal/arm64/QelvoraUI.SwiftConstValuesFileList (in target 'QelvoraUI' from project 'QelvoraNative')
    cd /Users/yingpengwang/estimate-rescue/creator-platform/w3-fan-conversations-chat-55cfcc/apps/ios
    write-file /Users/yingpengwang/Library/Caches/creator-platform-w3/ios-derived/Build/Intermediates.noindex/QelvoraNative.build/Debug-iphonesimulator/QelvoraUI-t.build/Objects-normal/arm64/QelvoraUI.SwiftConstValuesFileList

WriteAuxiliaryFile /Users/yingpengwang/Library/Caches/creator-platform-w3/ios-derived/Build/Intermediates.noindex/QelvoraNative.build/Debug-iphonesimulator/QelvoraUI-t.build/Objects-normal/arm64/QelvoraUI.LinkFileList (in target 'QelvoraUI' from project 'QelvoraNative')
    cd /Users/yingpengwang/estimate-rescue/creator-platform/w3-fan-conversations-chat-55cfcc/apps/ios
    write-file /Users/yingpengwang/Library/Caches/creator-platform-w3/ios-derived/Build/Intermediates.noindex/QelvoraNative.build/Debug-iphonesimulator/QelvoraUI-t.build/Objects-normal/arm64/QelvoraUI.LinkFileList

SwiftCompile normal arm64 Compiling\ ContentAttachments.swift,\ ContentFeature.swift,\ W3ConversationClient.swift /Users/yingpengwang/estimate-rescue/creator-platform/w3-fan-conversations-chat-55cfcc/apps/ios/Sources/QelvoraUI/Content/ContentAttachments.swift /Users/yingpengwang/estimate-rescue/creator-platform/w3-fan-conversations-chat-55cfcc/apps/ios/Sources/QelvoraUI/Content/ContentFeature.swift /Users/yingpengwang/estimate-rescue/creator-platform/w3-fan-conversations-chat-55cfcc/apps/ios/Sources/QelvoraUI/Conversation/W3ConversationClient.swift (in target 'QelvoraUI' from project 'QelvoraNative')

SwiftCompile normal arm64 /Users/yingpengwang/estimate-rescue/creator-platform/w3-fan-conversations-chat-55cfcc/apps/ios/Sources/QelvoraUI/Content/ContentAttachments.swift (in target 'QelvoraUI' from project 'QelvoraNative')
    cd /Users/yingpengwang/estimate-rescue/creator-platform/w3-fan-conversations-chat-55cfcc/apps/ios/QelvoraApp.xcodeproj
    builtin-SwiftPerFileCompile ContentAttachments.swift

SwiftCompile normal arm64 /Users/yingpengwang/estimate-rescue/creator-platform/w3-fan-conversations-chat-55cfcc/apps/ios/Sources/QelvoraUI/Content/ContentFeature.swift (in target 'QelvoraUI' from project 'QelvoraNative')
    cd /Users/yingpengwang/estimate-rescue/creator-platform/w3-fan-conversations-chat-55cfcc/apps/ios/QelvoraApp.xcodeproj
    builtin-SwiftPerFileCompile ContentFeature.swift

SwiftCompile normal arm64 /Users/yingpengwang/estimate-rescue/creator-platform/w3-fan-conversations-chat-55cfcc/apps/ios/Sources/QelvoraUI/Conversation/W3ConversationClient.swift (in target 'QelvoraUI' from project 'QelvoraNative')
    cd /Users/yingpengwang/estimate-rescue/creator-platform/w3-fan-conversations-chat-55cfcc/apps/ios/QelvoraApp.xcodeproj
    builtin-SwiftPerFileCompile W3ConversationClient.swift

SwiftCompile normal arm64 Compiling\ W3Recording.swift,\ W3ResumeStorage.swift,\ FanShell.swift /Users/yingpengwang/estimate-rescue/creator-platform/w3-fan-conversations-chat-55cfcc/apps/ios/Sources/QelvoraUI/Conversation/W3Recording.swift /Users/yingpengwang/estimate-rescue/creator-platform/w3-fan-conversations-chat-55cfcc/apps/ios/Sources/QelvoraUI/Conversation/W3ResumeStorage.swift /Users/yingpengwang/estimate-rescue/creator-platform/w3-fan-conversations-chat-55cfcc/apps/ios/Sources/QelvoraUI/FanShell.swift (in target 'QelvoraUI' from project 'QelvoraNative')

SwiftCompile normal arm64 /Users/yingpengwang/estimate-rescue/creator-platform/w3-fan-conversations-chat-55cfcc/apps/ios/Sources/QelvoraUI/Conversation/W3Recording.swift (in target 'QelvoraUI' from project 'QelvoraNative')
    cd /Users/yingpengwang/estimate-rescue/creator-platform/w3-fan-conversations-chat-55cfcc/apps/ios/QelvoraApp.xcodeproj
    builtin-SwiftPerFileCompile W3Recording.swift

SwiftCompile normal arm64 /Users/yingpengwang/estimate-rescue/creator-platform/w3-fan-conversations-chat-55cfcc/apps/ios/Sources/QelvoraUI/Conversation/W3ResumeStorage.swift (in target 'QelvoraUI' from project 'QelvoraNative')
    cd /Users/yingpengwang/estimate-rescue/creator-platform/w3-fan-conversations-chat-55cfcc/apps/ios/QelvoraApp.xcodeproj
    builtin-SwiftPerFileCompile W3ResumeStorage.swift

SwiftCompile normal arm64 /Users/yingpengwang/estimate-rescue/creator-platform/w3-fan-conversations-chat-55cfcc/apps/ios/Sources/QelvoraUI/FanShell.swift (in target 'QelvoraUI' from project 'QelvoraNative')
    cd /Users/yingpengwang/estimate-rescue/creator-platform/w3-fan-conversations-chat-55cfcc/apps/ios/QelvoraApp.xcodeproj
    builtin-SwiftPerFileCompile FanShell.swift

SwiftCompile normal arm64 Compiling\ GrowthPush.swift,\ GrowthReplyDocument.swift /Users/yingpengwang/estimate-rescue/creator-platform/w3-fan-conversations-chat-55cfcc/apps/ios/Sources/QelvoraUI/GrowthPush.swift /Users/yingpengwang/estimate-rescue/creator-platform/w3-fan-conversations-chat-55cfcc/apps/ios/Sources/QelvoraUI/GrowthReplyDocument.swift (in target 'QelvoraUI' from project 'QelvoraNative')

SwiftCompile normal arm64 /Users/yingpengwang/estimate-rescue/creator-platform/w3-fan-conversations-chat-55cfcc/apps/ios/Sources/QelvoraUI/GrowthPush.swift (in target 'QelvoraUI' from project 'QelvoraNative')
    cd /Users/yingpengwang/estimate-rescue/creator-platform/w3-fan-conversations-chat-55cfcc/apps/ios/QelvoraApp.xcodeproj
    builtin-SwiftPerFileCompile GrowthPush.swift

SwiftCompile normal arm64 /Users/yingpengwang/estimate-rescue/creator-platform/w3-fan-conversations-chat-55cfcc/apps/ios/Sources/QelvoraUI/GrowthReplyDocument.swift (in target 'QelvoraUI' from project 'QelvoraNative')
    cd /Users/yingpengwang/estimate-rescue/creator-platform/w3-fan-conversations-chat-55cfcc/apps/ios/QelvoraApp.xcodeproj
    builtin-SwiftPerFileCompile GrowthReplyDocument.swift

SwiftCompile normal arm64 Compiling\ W3FanFeatures.swift,\ W3OfflineStorage.swift,\ W3Realtime.swift /Users/yingpengwang/estimate-rescue/creator-platform/w3-fan-conversations-chat-55cfcc/apps/ios/Sources/QelvoraUI/Conversation/W3FanFeatures.swift /Users/yingpengwang/estimate-rescue/creator-platform/w3-fan-conversations-chat-55cfcc/apps/ios/Sources/QelvoraUI/Conversation/W3OfflineStorage.swift /Users/yingpengwang/estimate-rescue/creator-platform/w3-fan-conversations-chat-55cfcc/apps/ios/Sources/QelvoraUI/Conversation/W3Realtime.swift (in target 'QelvoraUI' from project 'QelvoraNative')

SwiftCompile normal arm64 /Users/yingpengwang/estimate-rescue/creator-platform/w3-fan-conversations-chat-55cfcc/apps/ios/Sources/QelvoraUI/Conversation/W3FanFeatures.swift (in target 'QelvoraUI' from project 'QelvoraNative')
    cd /Users/yingpengwang/estimate-rescue/creator-platform/w3-fan-conversations-chat-55cfcc/apps/ios/QelvoraApp.xcodeproj
    builtin-SwiftPerFileCompile W3FanFeatures.swift

SwiftCompile normal arm64 /Users/yingpengwang/estimate-rescue/creator-platform/w3-fan-conversations-chat-55cfcc/apps/ios/Sources/QelvoraUI/Conversation/W3OfflineStorage.swift (in target 'QelvoraUI' from project 'QelvoraNative')
    cd /Users/yingpengwang/estimate-rescue/creator-platform/w3-fan-conversations-chat-55cfcc/apps/ios/QelvoraApp.xcodeproj
    builtin-SwiftPerFileCompile W3OfflineStorage.swift

SwiftCompile normal arm64 /Users/yingpengwang/estimate-rescue/creator-platform/w3-fan-conversations-chat-55cfcc/apps/ios/Sources/QelvoraUI/Conversation/W3Realtime.swift (in target 'QelvoraUI' from project 'QelvoraNative')
    cd /Users/yingpengwang/estimate-rescue/creator-platform/w3-fan-conversations-chat-55cfcc/apps/ios/QelvoraApp.xcodeproj
    builtin-SwiftPerFileCompile W3Realtime.swift

SwiftCompile normal arm64 Compiling\ NativeCallView.swift,\ NativeMediaDevicePermissions.swift /Users/yingpengwang/estimate-rescue/creator-platform/w3-fan-conversations-chat-55cfcc/apps/ios/Sources/QelvoraUI/Media/NativeCallView.swift /Users/yingpengwang/estimate-rescue/creator-platform/w3-fan-conversations-chat-55cfcc/apps/ios/Sources/QelvoraUI/Media/NativeMediaDevicePermissions.swift (in target 'QelvoraUI' from project 'QelvoraNative')

SwiftCompile normal arm64 /Users/yingpengwang/estimate-rescue/creator-platform/w3-fan-conversations-chat-55cfcc/apps/ios/Sources/QelvoraUI/Media/NativeCallView.swift (in target 'QelvoraUI' from project 'QelvoraNative')
    cd /Users/yingpengwang/estimate-rescue/creator-platform/w3-fan-conversations-chat-55cfcc/apps/ios/QelvoraApp.xcodeproj
    builtin-SwiftPerFileCompile NativeCallView.swift

SwiftCompile normal arm64 /Users/yingpengwang/estimate-rescue/creator-platform/w3-fan-conversations-chat-55cfcc/apps/ios/Sources/QelvoraUI/Media/NativeMediaDevicePermissions.swift (in target 'QelvoraUI' from project 'QelvoraNative')
    cd /Users/yingpengwang/estimate-rescue/creator-platform/w3-fan-conversations-chat-55cfcc/apps/ios/QelvoraApp.xcodeproj
    builtin-SwiftPerFileCompile NativeMediaDevicePermissions.swift

SwiftCompile normal arm64 Compiling\ NativeAvailability.swift,\ NativeCallOffers.swift /Users/yingpengwang/estimate-rescue/creator-platform/w3-fan-conversations-chat-55cfcc/apps/ios/Sources/QelvoraUI/Media/NativeAvailability.swift /Users/yingpengwang/estimate-rescue/creator-platform/w3-fan-conversations-chat-55cfcc/apps/ios/Sources/QelvoraUI/Media/NativeCallOffers.swift (in target 'QelvoraUI' from project 'QelvoraNative')

SwiftCompile normal arm64 /Users/yingpengwang/estimate-rescue/creator-platform/w3-fan-conversations-chat-55cfcc/apps/ios/Sources/QelvoraUI/Media/NativeAvailability.swift (in target 'QelvoraUI' from project 'QelvoraNative')
    cd /Users/yingpengwang/estimate-rescue/creator-platform/w3-fan-conversations-chat-55cfcc/apps/ios/QelvoraApp.xcodeproj
    builtin-SwiftPerFileCompile NativeAvailability.swift

SwiftCompile normal arm64 /Users/yingpengwang/estimate-rescue/creator-platform/w3-fan-conversations-chat-55cfcc/apps/ios/Sources/QelvoraUI/Media/NativeCallOffers.swift (in target 'QelvoraUI' from project 'QelvoraNative')
    cd /Users/yingpengwang/estimate-rescue/creator-platform/w3-fan-conversations-chat-55cfcc/apps/ios/QelvoraApp.xcodeproj
    builtin-SwiftPerFileCompile NativeCallOffers.swift

SwiftCompile normal arm64 Compiling\ QelvoraAPI.swift,\ QelvoraCopy.swift,\ CommerceClient.swift /Users/yingpengwang/estimate-rescue/creator-platform/w3-fan-conversations-chat-55cfcc/apps/ios/Sources/Generated/QelvoraAPI.swift /Users/yingpengwang/estimate-rescue/creator-platform/w3-fan-conversations-chat-55cfcc/apps/ios/Sources/Generated/QelvoraCopy.swift /Users/yingpengwang/estimate-rescue/creator-platform/w3-fan-conversations-chat-55cfcc/apps/ios/Sources/QelvoraUI/Commerce/CommerceClient.swift (in target 'QelvoraUI' from project 'QelvoraNative')

SwiftCompile normal arm64 /Users/yingpengwang/estimate-rescue/creator-platform/w3-fan-conversations-chat-55cfcc/apps/ios/Sources/Generated/QelvoraAPI.swift (in target 'QelvoraUI' from project 'QelvoraNative')
    cd /Users/yingpengwang/estimate-rescue/creator-platform/w3-fan-conversations-chat-55cfcc/apps/ios/QelvoraApp.xcodeproj
    builtin-SwiftPerFileCompile QelvoraAPI.swift

SwiftCompile normal arm64 /Users/yingpengwang/estimate-rescue/creator-platform/w3-fan-conversations-chat-55cfcc/apps/ios/Sources/Generated/QelvoraCopy.swift (in target 'QelvoraUI' from project 'QelvoraNative')
    cd /Users/yingpengwang/estimate-rescue/creator-platform/w3-fan-conversations-chat-55cfcc/apps/ios/QelvoraApp.xcodeproj
    builtin-SwiftPerFileCompile QelvoraCopy.swift

SwiftCompile normal arm64 /Users/yingpengwang/estimate-rescue/creator-platform/w3-fan-conversations-chat-55cfcc/apps/ios/Sources/QelvoraUI/Commerce/CommerceClient.swift (in target 'QelvoraUI' from project 'QelvoraNative')
    cd /Users/yingpengwang/estimate-rescue/creator-platform/w3-fan-conversations-chat-55cfcc/apps/ios/QelvoraApp.xcodeproj
    builtin-SwiftPerFileCompile CommerceClient.swift

SwiftCompile normal arm64 Compiling\ NativeVoiceRecorder.swift,\ Navigation.swift /Users/yingpengwang/estimate-rescue/creator-platform/w3-fan-conversations-chat-55cfcc/apps/ios/Sources/QelvoraUI/Media/NativeVoiceRecorder.swift /Users/yingpengwang/estimate-rescue/creator-platform/w3-fan-conversations-chat-55cfcc/apps/ios/Sources/QelvoraUI/Navigation.swift (in target 'QelvoraUI' from project 'QelvoraNative')

SwiftCompile normal arm64 /Users/yingpengwang/estimate-rescue/creator-platform/w3-fan-conversations-chat-55cfcc/apps/ios/Sources/QelvoraUI/Media/NativeVoiceRecorder.swift (in target 'QelvoraUI' from project 'QelvoraNative')
    cd /Users/yingpengwang/estimate-rescue/creator-platform/w3-fan-conversations-chat-55cfcc/apps/ios/QelvoraApp.xcodeproj
    builtin-SwiftPerFileCompile NativeVoiceRecorder.swift

SwiftCompile normal arm64 /Users/yingpengwang/estimate-rescue/creator-platform/w3-fan-conversations-chat-55cfcc/apps/ios/Sources/QelvoraUI/Navigation.swift (in target 'QelvoraUI' from project 'QelvoraNative')
    cd /Users/yingpengwang/estimate-rescue/creator-platform/w3-fan-conversations-chat-55cfcc/apps/ios/QelvoraApp.xcodeproj
    builtin-SwiftPerFileCompile Navigation.swift

SwiftCompile normal arm64 Compiling\ Growth.swift,\ GrowthPreferences.swift /Users/yingpengwang/estimate-rescue/creator-platform/w3-fan-conversations-chat-55cfcc/apps/ios/Sources/QelvoraUI/Growth.swift /Users/yingpengwang/estimate-rescue/creator-platform/w3-fan-conversations-chat-55cfcc/apps/ios/Sources/QelvoraUI/GrowthPreferences.swift (in target 'QelvoraUI' from project 'QelvoraNative')

SwiftCompile normal arm64 /Users/yingpengwang/estimate-rescue/creator-platform/w3-fan-conversations-chat-55cfcc/apps/ios/Sources/QelvoraUI/Growth.swift (in target 'QelvoraUI' from project 'QelvoraNative')
    cd /Users/yingpengwang/estimate-rescue/creator-platform/w3-fan-conversations-chat-55cfcc/apps/ios/QelvoraApp.xcodeproj
    builtin-SwiftPerFileCompile Growth.swift

SwiftCompile normal arm64 /Users/yingpengwang/estimate-rescue/creator-platform/w3-fan-conversations-chat-55cfcc/apps/ios/Sources/QelvoraUI/GrowthPreferences.swift (in target 'QelvoraUI' from project 'QelvoraNative')
    cd /Users/yingpengwang/estimate-rescue/creator-platform/w3-fan-conversations-chat-55cfcc/apps/ios/QelvoraApp.xcodeproj
    builtin-SwiftPerFileCompile GrowthPreferences.swift

SwiftCompile normal arm64 Compiling\ Overlays.swift,\ PublicVerification.swift /Users/yingpengwang/estimate-rescue/creator-platform/w3-fan-conversations-chat-55cfcc/apps/ios/Sources/QelvoraUI/Overlays.swift /Users/yingpengwang/estimate-rescue/creator-platform/w3-fan-conversations-chat-55cfcc/apps/ios/Sources/QelvoraUI/PublicVerification.swift (in target 'QelvoraUI' from project 'QelvoraNative')
/Users/yingpengwang/estimate-rescue/creator-platform/w3-fan-conversations-chat-55cfcc/apps/ios/Sources/QelvoraUI/Overlays.swift:331:21: warning: call to main actor-isolated static method 'post(notification:argument:)' in a synchronous nonisolated context [#ActorIsolatedCall]
327 | }
328 | 
329 | private func announce(_ text: String) {
    |              `- note: add '@MainActor' to make global function 'announce' part of global actor 'MainActor'
330 |   #if canImport(UIKit)
331 |     UIAccessibility.post(notification: .announcement, argument: text)
    |                     `- warning: call to main actor-isolated static method 'post(notification:argument:)' in a synchronous nonisolated context [#ActorIsolatedCall]
332 |   #endif
333 | }

/Applications/Xcode.app/Contents/Developer/Platforms/iPhoneSimulator.platform/Developer/SDKs/iPhoneSimulator27.0.sdk/System/Library/Frameworks/UIKit.framework/Headers/UIAccessibility.h:521:19: note: calls to static method 'post(notification:argument:)' from outside of its actor context are implicitly asynchronous
519 |  See UIAccessibilityConstants.h for a list of notifications.
520 |  */
521 | UIKIT_EXTERN void UIAccessibilityPostNotification(UIAccessibilityNotifications notification, __nullable id argument) API_UNAVAILABLE(watchos) NS_SWIFT_UI_ACTOR;
    |                   `- note: calls to static method 'post(notification:argument:)' from outside of its actor context are implicitly asynchronous
522 | 
523 | /* 

[#ActorIsolatedCall]: <https://docs.swift.org/compiler/documentation/diagnostics/actor-isolated-call>

SwiftCompile normal arm64 /Users/yingpengwang/estimate-rescue/creator-platform/w3-fan-conversations-chat-55cfcc/apps/ios/Sources/QelvoraUI/Overlays.swift (in target 'QelvoraUI' from project 'QelvoraNative')
    cd /Users/yingpengwang/estimate-rescue/creator-platform/w3-fan-conversations-chat-55cfcc/apps/ios/QelvoraApp.xcodeproj
    builtin-SwiftPerFileCompile Overlays.swift

SwiftCompile normal arm64 /Users/yingpengwang/estimate-rescue/creator-platform/w3-fan-conversations-chat-55cfcc/apps/ios/Sources/QelvoraUI/PublicVerification.swift (in target 'QelvoraUI' from project 'QelvoraNative')
    cd /Users/yingpengwang/estimate-rescue/creator-platform/w3-fan-conversations-chat-55cfcc/apps/ios/QelvoraApp.xcodeproj
    builtin-SwiftPerFileCompile PublicVerification.swift

SwiftCompile normal arm64 Compiling\ SessionStorage.swift,\ Trust.swift /Users/yingpengwang/estimate-rescue/creator-platform/w3-fan-conversations-chat-55cfcc/apps/ios/Sources/QelvoraUI/SessionStorage.swift /Users/yingpengwang/estimate-rescue/creator-platform/w3-fan-conversations-chat-55cfcc/apps/ios/Sources/QelvoraUI/Trust.swift (in target 'QelvoraUI' from project 'QelvoraNative')

SwiftCompile normal arm64 /Users/yingpengwang/estimate-rescue/creator-platform/w3-fan-conversations-chat-55cfcc/apps/ios/Sources/QelvoraUI/SessionStorage.swift (in target 'QelvoraUI' from project 'QelvoraNative')
    cd /Users/yingpengwang/estimate-rescue/creator-platform/w3-fan-conversations-chat-55cfcc/apps/ios/QelvoraApp.xcodeproj
    builtin-SwiftPerFileCompile SessionStorage.swift

SwiftCompile normal arm64 /Users/yingpengwang/estimate-rescue/creator-platform/w3-fan-conversations-chat-55cfcc/apps/ios/Sources/QelvoraUI/Trust.swift (in target 'QelvoraUI' from project 'QelvoraNative')
    cd /Users/yingpengwang/estimate-rescue/creator-platform/w3-fan-conversations-chat-55cfcc/apps/ios/QelvoraApp.xcodeproj
    builtin-SwiftPerFileCompile Trust.swift

SwiftCompile normal arm64 Compiling\ IntroOffer.swift,\ LiveKitNativeCallTransport.swift /Users/yingpengwang/estimate-rescue/creator-platform/w3-fan-conversations-chat-55cfcc/apps/ios/Sources/QelvoraUI/IntroOffer.swift /Users/yingpengwang/estimate-rescue/creator-platform/w3-fan-conversations-chat-55cfcc/apps/ios/Sources/QelvoraUI/Media/LiveKitNativeCallTransport.swift (in target 'QelvoraUI' from project 'QelvoraNative')

SwiftCompile normal arm64 /Users/yingpengwang/estimate-rescue/creator-platform/w3-fan-conversations-chat-55cfcc/apps/ios/Sources/QelvoraUI/IntroOffer.swift (in target 'QelvoraUI' from project 'QelvoraNative')
    cd /Users/yingpengwang/estimate-rescue/creator-platform/w3-fan-conversations-chat-55cfcc/apps/ios/QelvoraApp.xcodeproj
    builtin-SwiftPerFileCompile IntroOffer.swift

SwiftCompile normal arm64 /Users/yingpengwang/estimate-rescue/creator-platform/w3-fan-conversations-chat-55cfcc/apps/ios/Sources/QelvoraUI/Media/LiveKitNativeCallTransport.swift (in target 'QelvoraUI' from project 'QelvoraNative')
    cd /Users/yingpengwang/estimate-rescue/creator-platform/w3-fan-conversations-chat-55cfcc/apps/ios/QelvoraApp.xcodeproj
    builtin-SwiftPerFileCompile LiveKitNativeCallTransport.swift

SwiftDriverJobDiscovery normal arm64 Compiling IntroOffer.swift, LiveKitNativeCallTransport.swift (in target 'QelvoraUI' from project 'QelvoraNative')

SwiftDriverJobDiscovery normal arm64 Compiling GrowthPush.swift, GrowthReplyDocument.swift (in target 'QelvoraUI' from project 'QelvoraNative')

SwiftDriverJobDiscovery normal arm64 Compiling NativeVoiceRecorder.swift, Navigation.swift (in target 'QelvoraUI' from project 'QelvoraNative')

SwiftDriverJobDiscovery normal arm64 Compiling Overlays.swift, PublicVerification.swift (in target 'QelvoraUI' from project 'QelvoraNative')

SwiftDriverJobDiscovery normal arm64 Compiling NativeCallView.swift, NativeMediaDevicePermissions.swift (in target 'QelvoraUI' from project 'QelvoraNative')

SwiftDriverJobDiscovery normal arm64 Compiling NativeAvailability.swift, NativeCallOffers.swift (in target 'QelvoraUI' from project 'QelvoraNative')

SwiftCompile normal arm64 Compiling\ W6FanFeatures.swift /Users/yingpengwang/estimate-rescue/creator-platform/w3-fan-conversations-chat-55cfcc/apps/ios/Sources/QelvoraUI/Media/W6FanFeatures.swift (in target 'QelvoraUI' from project 'QelvoraNative')

SwiftCompile normal arm64 /Users/yingpengwang/estimate-rescue/creator-platform/w3-fan-conversations-chat-55cfcc/apps/ios/Sources/QelvoraUI/Media/W6FanFeatures.swift (in target 'QelvoraUI' from project 'QelvoraNative')
    cd /Users/yingpengwang/estimate-rescue/creator-platform/w3-fan-conversations-chat-55cfcc/apps/ios/QelvoraApp.xcodeproj
    builtin-SwiftPerFileCompile W6FanFeatures.swift

SwiftDriverJobDiscovery normal arm64 Compiling W3Recording.swift, W3ResumeStorage.swift, FanShell.swift (in target 'QelvoraUI' from project 'QelvoraNative')

SwiftCompile normal arm64 Compiling\ CommerceFeature.swift /Users/yingpengwang/estimate-rescue/creator-platform/w3-fan-conversations-chat-55cfcc/apps/ios/Sources/QelvoraUI/Commerce/CommerceFeature.swift (in target 'QelvoraUI' from project 'QelvoraNative')

SwiftCompile normal arm64 /Users/yingpengwang/estimate-rescue/creator-platform/w3-fan-conversations-chat-55cfcc/apps/ios/Sources/QelvoraUI/Commerce/CommerceFeature.swift (in target 'QelvoraUI' from project 'QelvoraNative')
    cd /Users/yingpengwang/estimate-rescue/creator-platform/w3-fan-conversations-chat-55cfcc/apps/ios/QelvoraApp.xcodeproj
    builtin-SwiftPerFileCompile CommerceFeature.swift

SwiftCompile normal arm64 Compiling\ CredentialSettings.swift /Users/yingpengwang/estimate-rescue/creator-platform/w3-fan-conversations-chat-55cfcc/apps/ios/Sources/QelvoraUI/CredentialSettings.swift (in target 'QelvoraUI' from project 'QelvoraNative')

SwiftCompile normal arm64 /Users/yingpengwang/estimate-rescue/creator-platform/w3-fan-conversations-chat-55cfcc/apps/ios/Sources/QelvoraUI/CredentialSettings.swift (in target 'QelvoraUI' from project 'QelvoraNative')
    cd /Users/yingpengwang/estimate-rescue/creator-platform/w3-fan-conversations-chat-55cfcc/apps/ios/QelvoraApp.xcodeproj
    builtin-SwiftPerFileCompile CredentialSettings.swift

SwiftDriverJobDiscovery normal arm64 Compiling W6FanFeatures.swift (in target 'QelvoraUI' from project 'QelvoraNative')

SwiftDriverJobDiscovery normal arm64 Compiling SessionStorage.swift, Trust.swift (in target 'QelvoraUI' from project 'QelvoraNative')

SwiftCompile normal arm64 Compiling\ StoreMembershipPane.swift /Users/yingpengwang/estimate-rescue/creator-platform/w3-fan-conversations-chat-55cfcc/apps/ios/Sources/QelvoraUI/Commerce/StoreMembershipPane.swift (in target 'QelvoraUI' from project 'QelvoraNative')

SwiftCompile normal arm64 /Users/yingpengwang/estimate-rescue/creator-platform/w3-fan-conversations-chat-55cfcc/apps/ios/Sources/QelvoraUI/Commerce/StoreMembershipPane.swift (in target 'QelvoraUI' from project 'QelvoraNative')
    cd /Users/yingpengwang/estimate-rescue/creator-platform/w3-fan-conversations-chat-55cfcc/apps/ios/QelvoraApp.xcodeproj
    builtin-SwiftPerFileCompile StoreMembershipPane.swift

SwiftDriverJobDiscovery normal arm64 Compiling StoreMembershipPane.swift (in target 'QelvoraUI' from project 'QelvoraNative')

SwiftDriverJobDiscovery normal arm64 Compiling CredentialSettings.swift (in target 'QelvoraUI' from project 'QelvoraNative')

SwiftDriverJobDiscovery normal arm64 Compiling ContentAttachments.swift, ContentFeature.swift, W3ConversationClient.swift (in target 'QelvoraUI' from project 'QelvoraNative')

SwiftDriverJobDiscovery normal arm64 Compiling W3FanFeatures.swift, W3OfflineStorage.swift, W3Realtime.swift (in target 'QelvoraUI' from project 'QelvoraNative')

SwiftDriverJobDiscovery normal arm64 Compiling Growth.swift, GrowthPreferences.swift (in target 'QelvoraUI' from project 'QelvoraNative')

SwiftDriverJobDiscovery normal arm64 Compiling CommerceFeature.swift (in target 'QelvoraUI' from project 'QelvoraNative')

SwiftDriverJobDiscovery normal arm64 Compiling QelvoraAPI.swift, QelvoraCopy.swift, CommerceClient.swift (in target 'QelvoraUI' from project 'QelvoraNative')

SwiftCompile normal arm64 Compiling\ Conversation.swift /Users/yingpengwang/estimate-rescue/creator-platform/w3-fan-conversations-chat-55cfcc/apps/ios/Sources/QelvoraUI/Conversation.swift (in target 'QelvoraUI' from project 'QelvoraNative')

SwiftCompile normal arm64 /Users/yingpengwang/estimate-rescue/creator-platform/w3-fan-conversations-chat-55cfcc/apps/ios/Sources/QelvoraUI/Conversation.swift (in target 'QelvoraUI' from project 'QelvoraNative')
    cd /Users/yingpengwang/estimate-rescue/creator-platform/w3-fan-conversations-chat-55cfcc/apps/ios/QelvoraApp.xcodeproj
    builtin-SwiftPerFileCompile Conversation.swift

SwiftCompile normal arm64 Compiling\ AccessComponents.swift /Users/yingpengwang/estimate-rescue/creator-platform/w3-fan-conversations-chat-55cfcc/apps/ios/Sources/QelvoraUI/AccessComponents.swift (in target 'QelvoraUI' from project 'QelvoraNative')

SwiftCompile normal arm64 /Users/yingpengwang/estimate-rescue/creator-platform/w3-fan-conversations-chat-55cfcc/apps/ios/Sources/QelvoraUI/AccessComponents.swift (in target 'QelvoraUI' from project 'QelvoraNative')
    cd /Users/yingpengwang/estimate-rescue/creator-platform/w3-fan-conversations-chat-55cfcc/apps/ios/QelvoraApp.xcodeproj
    builtin-SwiftPerFileCompile AccessComponents.swift

SwiftCompile normal arm64 Compiling\ PasskeyCeremony.swift /Users/yingpengwang/estimate-rescue/creator-platform/w3-fan-conversations-chat-55cfcc/apps/ios/Sources/QelvoraUI/PasskeyCeremony.swift (in target 'QelvoraUI' from project 'QelvoraNative')

SwiftCompile normal arm64 /Users/yingpengwang/estimate-rescue/creator-platform/w3-fan-conversations-chat-55cfcc/apps/ios/Sources/QelvoraUI/PasskeyCeremony.swift (in target 'QelvoraUI' from project 'QelvoraNative')
    cd /Users/yingpengwang/estimate-rescue/creator-platform/w3-fan-conversations-chat-55cfcc/apps/ios/QelvoraApp.xcodeproj
    builtin-SwiftPerFileCompile PasskeyCeremony.swift

SwiftCompile normal arm64 Compiling\ NativeMediaClient.swift /Users/yingpengwang/estimate-rescue/creator-platform/w3-fan-conversations-chat-55cfcc/apps/ios/Sources/QelvoraUI/Media/NativeMediaClient.swift (in target 'QelvoraUI' from project 'QelvoraNative')

SwiftCompile normal arm64 /Users/yingpengwang/estimate-rescue/creator-platform/w3-fan-conversations-chat-55cfcc/apps/ios/Sources/QelvoraUI/Media/NativeMediaClient.swift (in target 'QelvoraUI' from project 'QelvoraNative')
    cd /Users/yingpengwang/estimate-rescue/creator-platform/w3-fan-conversations-chat-55cfcc/apps/ios/QelvoraApp.xcodeproj
    builtin-SwiftPerFileCompile NativeMediaClient.swift

SwiftCompile normal arm64 Compiling\ Controls.swift /Users/yingpengwang/estimate-rescue/creator-platform/w3-fan-conversations-chat-55cfcc/apps/ios/Sources/QelvoraUI/Controls.swift (in target 'QelvoraUI' from project 'QelvoraNative')

SwiftCompile normal arm64 /Users/yingpengwang/estimate-rescue/creator-platform/w3-fan-conversations-chat-55cfcc/apps/ios/Sources/QelvoraUI/Controls.swift (in target 'QelvoraUI' from project 'QelvoraNative')
    cd /Users/yingpengwang/estimate-rescue/creator-platform/w3-fan-conversations-chat-55cfcc/apps/ios/QelvoraApp.xcodeproj
    builtin-SwiftPerFileCompile Controls.swift

SwiftCompile normal arm64 Compiling\ DeliveryProtocol.swift /Users/yingpengwang/estimate-rescue/creator-platform/w3-fan-conversations-chat-55cfcc/apps/ios/Sources/QelvoraUI/DeliveryProtocol.swift (in target 'QelvoraUI' from project 'QelvoraNative')

SwiftCompile normal arm64 /Users/yingpengwang/estimate-rescue/creator-platform/w3-fan-conversations-chat-55cfcc/apps/ios/Sources/QelvoraUI/DeliveryProtocol.swift (in target 'QelvoraUI' from project 'QelvoraNative')
    cd /Users/yingpengwang/estimate-rescue/creator-platform/w3-fan-conversations-chat-55cfcc/apps/ios/QelvoraApp.xcodeproj
    builtin-SwiftPerFileCompile DeliveryProtocol.swift

SwiftCompile normal arm64 Compiling\ Identity.swift /Users/yingpengwang/estimate-rescue/creator-platform/w3-fan-conversations-chat-55cfcc/apps/ios/Sources/QelvoraUI/Identity.swift (in target 'QelvoraUI' from project 'QelvoraNative')

SwiftCompile normal arm64 /Users/yingpengwang/estimate-rescue/creator-platform/w3-fan-conversations-chat-55cfcc/apps/ios/Sources/QelvoraUI/Identity.swift (in target 'QelvoraUI' from project 'QelvoraNative')
    cd /Users/yingpengwang/estimate-rescue/creator-platform/w3-fan-conversations-chat-55cfcc/apps/ios/QelvoraApp.xcodeproj
    builtin-SwiftPerFileCompile Identity.swift

SwiftCompile normal arm64 Compiling\ ComponentPreview.swift /Users/yingpengwang/estimate-rescue/creator-platform/w3-fan-conversations-chat-55cfcc/apps/ios/Sources/QelvoraUI/ComponentPreview.swift (in target 'QelvoraUI' from project 'QelvoraNative')

SwiftCompile normal arm64 /Users/yingpengwang/estimate-rescue/creator-platform/w3-fan-conversations-chat-55cfcc/apps/ios/Sources/QelvoraUI/ComponentPreview.swift (in target 'QelvoraUI' from project 'QelvoraNative')
    cd /Users/yingpengwang/estimate-rescue/creator-platform/w3-fan-conversations-chat-55cfcc/apps/ios/QelvoraApp.xcodeproj
    builtin-SwiftPerFileCompile ComponentPreview.swift

SwiftCompile normal arm64 Compiling\ ThreadComponents.swift /Users/yingpengwang/estimate-rescue/creator-platform/w3-fan-conversations-chat-55cfcc/apps/ios/Sources/QelvoraUI/ThreadComponents.swift (in target 'QelvoraUI' from project 'QelvoraNative')

SwiftCompile normal arm64 /Users/yingpengwang/estimate-rescue/creator-platform/w3-fan-conversations-chat-55cfcc/apps/ios/Sources/QelvoraUI/ThreadComponents.swift (in target 'QelvoraUI' from project 'QelvoraNative')
    cd /Users/yingpengwang/estimate-rescue/creator-platform/w3-fan-conversations-chat-55cfcc/apps/ios/QelvoraApp.xcodeproj
    builtin-SwiftPerFileCompile ThreadComponents.swift

SwiftCompile normal arm64 Compiling\ StudioComponents.swift /Users/yingpengwang/estimate-rescue/creator-platform/w3-fan-conversations-chat-55cfcc/apps/ios/Sources/QelvoraUI/StudioComponents.swift (in target 'QelvoraUI' from project 'QelvoraNative')

SwiftCompile normal arm64 /Users/yingpengwang/estimate-rescue/creator-platform/w3-fan-conversations-chat-55cfcc/apps/ios/Sources/QelvoraUI/StudioComponents.swift (in target 'QelvoraUI' from project 'QelvoraNative')
    cd /Users/yingpengwang/estimate-rescue/creator-platform/w3-fan-conversations-chat-55cfcc/apps/ios/QelvoraApp.xcodeproj
    builtin-SwiftPerFileCompile StudioComponents.swift

SwiftCompile normal arm64 Compiling\ Welcome.swift /Users/yingpengwang/estimate-rescue/creator-platform/w3-fan-conversations-chat-55cfcc/apps/ios/Sources/QelvoraUI/Welcome.swift (in target 'QelvoraUI' from project 'QelvoraNative')

SwiftCompile normal arm64 /Users/yingpengwang/estimate-rescue/creator-platform/w3-fan-conversations-chat-55cfcc/apps/ios/Sources/QelvoraUI/Welcome.swift (in target 'QelvoraUI' from project 'QelvoraNative')
    cd /Users/yingpengwang/estimate-rescue/creator-platform/w3-fan-conversations-chat-55cfcc/apps/ios/QelvoraApp.xcodeproj
    builtin-SwiftPerFileCompile Welcome.swift

SwiftDriverJobDiscovery normal arm64 Compiling DeliveryProtocol.swift (in target 'QelvoraUI' from project 'QelvoraNative')

SwiftDriverJobDiscovery normal arm64 Compiling PasskeyCeremony.swift (in target 'QelvoraUI' from project 'QelvoraNative')

SwiftDriverJobDiscovery normal arm64 Compiling Identity.swift (in target 'QelvoraUI' from project 'QelvoraNative')

SwiftDriverJobDiscovery normal arm64 Compiling Controls.swift (in target 'QelvoraUI' from project 'QelvoraNative')

SwiftDriverJobDiscovery normal arm64 Compiling Welcome.swift (in target 'QelvoraUI' from project 'QelvoraNative')

SwiftDriverJobDiscovery normal arm64 Compiling ComponentPreview.swift (in target 'QelvoraUI' from project 'QelvoraNative')

SwiftDriverJobDiscovery normal arm64 Compiling NativeMediaClient.swift (in target 'QelvoraUI' from project 'QelvoraNative')

SwiftDriverJobDiscovery normal arm64 Compiling Conversation.swift (in target 'QelvoraUI' from project 'QelvoraNative')

SwiftDriverJobDiscovery normal arm64 Compiling ThreadComponents.swift (in target 'QelvoraUI' from project 'QelvoraNative')

SwiftDriverJobDiscovery normal arm64 Compiling AccessComponents.swift (in target 'QelvoraUI' from project 'QelvoraNative')

SwiftDriverJobDiscovery normal arm64 Compiling StudioComponents.swift (in target 'QelvoraUI' from project 'QelvoraNative')

SwiftDriver\ Compilation QelvoraUI normal arm64 com.apple.xcode.tools.swift.compiler (in target 'QelvoraUI' from project 'QelvoraNative')
    cd /Users/yingpengwang/estimate-rescue/creator-platform/w3-fan-conversations-chat-55cfcc/apps/ios/QelvoraApp.xcodeproj
    builtin-Swift-Compilation -- /Applications/Xcode.app/Contents/Developer/Toolchains/XcodeDefault.xctoolchain/usr/bin/swiftc -parse-as-library -module-name QelvoraUI -Onone @/Users/yingpengwang/Library/Caches/creator-platform-w3/ios-derived/Build/Intermediates.noindex/QelvoraNative.build/Debug-iphonesimulator/QelvoraUI-t.build/Objects-normal/arm64/QelvoraUI.SwiftFileList -DSWIFT_PACKAGE -DDEBUG -DSWIFT_MODULE_RESOURCE_BUNDLE_AVAILABLE -Xcc -fmodule-map-file\=/Users/yingpengwang/Library/Caches/creator-platform-w3/ios-derived/Build/Intermediates.noindex/GeneratedModuleMaps-iphonesimulator/LKObjCHelpers.modulemap -Xcc -fmodule-map-file\=/Users/yingpengwang/Library/Caches/creator-platform-w3/ios-derived/Build/Intermediates.noindex/GeneratedModuleMaps-iphonesimulator/CLiveKitProto.modulemap -DXcode -plugin-path /Applications/Xcode.app/Contents/Developer/Toolchains/XcodeDefault.xctoolchain/usr/lib/swift/host/plugins/testing -enable-experimental-feature DebugDescriptionMacro -sdk /Applications/Xcode.app/Contents/Developer/Platforms/iPhoneSimulator.platform/Developer/SDKs/iPhoneSimulator27.0.sdk -target arm64-apple-ios17.0-simulator -g -module-cache-path /Users/yingpengwang/Library/Caches/creator-platform-w3/ios-derived/ModuleCache.noindex -Xfrontend -serialize-debugging-options -enable-testing -index-store-path /Users/yingpengwang/Library/Caches/creator-platform-w3/ios-derived/Index.noindex/DataStore -Xcc -D_LIBCPP_HARDENING_MODE\=_LIBCPP_HARDENING_MODE_DEBUG -swift-version 6 -I /Users/yingpengwang/Library/Caches/creator-platform-w3/ios-derived/Build/Products/Debug-iphonesimulator -Isystem /Applications/Xcode.app/Contents/Developer/Platforms/iPhoneSimulator.platform/Developer/usr/lib -F /Users/yingpengwang/Library/Caches/creator-platform-w3/ios-derived/Build/Products/Debug-iphonesimulator/PackageFrameworks -F /Users/yingpengwang/Library/Caches/creator-platform-w3/ios-derived/Build/Products/Debug-iphonesimulator -F /Applications/Xcode.app/Contents/Developer/Platforms/iPhoneSimulator.platform/Developer/Library/Frameworks -F /Applications/Xcode.app/Contents/Developer/Platforms/iPhoneSimulator.platform/Developer/SDKs/iPhoneSimulator27.0.sdk/Developer/Library/Frameworks -c -j12 -enable-batch-mode -incremental -Xcc -ivfsstatcache -Xcc /Users/yingpengwang/Library/Caches/creator-platform-w3/ios-derived/SDKStatCaches.noindex/iphonesimulator27.0-24A430-8dc58220667be655e1bcc261a7455254.sdkstatcache -output-file-map /Users/yingpengwang/Library/Caches/creator-platform-w3/ios-derived/Build/Intermediates.noindex/QelvoraNative.build/Debug-iphonesimulator/QelvoraUI-t.build/Objects-normal/arm64/QelvoraUI-OutputFileMap.json -save-temps -no-color-diagnostics -explicit-module-build -module-cache-path /Users/yingpengwang/Library/Caches/creator-platform-w3/ios-derived/Build/Intermediates.noindex/SwiftExplicitPrecompiledModules -clang-scanner-module-cache-path /Users/yingpengwang/Library/Caches/creator-platform-w3/ios-derived/ModuleCache.noindex -sdk-module-cache-path /Users/yingpengwang/Library/Caches/creator-platform-w3/ios-derived/SDKExplicitPrecompiledModules -emit-dependencies -emit-module -emit-module-path /Users/yingpengwang/Library/Caches/creator-platform-w3/ios-derived/Build/Intermediates.noindex/QelvoraNative.build/Debug-iphonesimulator/QelvoraUI-t.build/Objects-normal/arm64/QelvoraUI.swiftmodule -serialize-diagnostics -dependency-scan-serialize-diagnostics-path /Users/yingpengwang/Library/Caches/creator-platform-w3/ios-derived/Build/Intermediates.noindex/QelvoraNative.build/Debug-iphonesimulator/QelvoraUI-t.build/Objects-normal/arm64/QelvoraUI-dependency-scan.dia -validate-clang-modules-once -clang-build-session-file /Users/yingpengwang/Library/Caches/creator-platform-w3/ios-derived/ModuleCache.noindex/Session.modulevalidation -Xcc -fmodules-prune-interval\=86400 -Xcc -fmodules-prune-after\=345600 -package-name ios -emit-const-values -const-gather-protocols-list /Users/yingpengwang/Library/Caches/creator-platform-w3/ios-derived/Build/Intermediates.noindex/QelvoraNative.build/Debug-iphonesimulator/QelvoraUI-t.build/Objects-normal/arm64/QelvoraUI_const_extract_protocols.json -Xcc -I/Users/yingpengwang/Library/Caches/creator-platform-w3/ios-packages/checkouts/client-sdk-swift/Sources/LKObjCHelpers/include -Xcc -I/Users/yingpengwang/Library/Caches/creator-platform-w3/ios-packages/checkouts/client-sdk-swift/Sources/CLiveKitProto/include -Xcc -I/Users/yingpengwang/Library/Caches/creator-platform-w3/ios-derived/Build/Products/Debug-iphonesimulator/include -Xcc -I/Users/yingpengwang/Library/Caches/creator-platform-w3/ios-derived/Build/Intermediates.noindex/QelvoraNative.build/Debug-iphonesimulator/QelvoraUI-t.build/DerivedSources-normal/arm64 -Xcc -I/Users/yingpengwang/Library/Caches/creator-platform-w3/ios-derived/Build/Intermediates.noindex/QelvoraNative.build/Debug-iphonesimulator/QelvoraUI-t.build/DerivedSources/arm64 -Xcc -I/Users/yingpengwang/Library/Caches/creator-platform-w3/ios-derived/Build/Intermediates.noindex/QelvoraNative.build/Debug-iphonesimulator/QelvoraUI-t.build/DerivedSources -Xcc -DSWIFT_PACKAGE -Xcc -DDEBUG\=1 -emit-objc-header -emit-objc-header-path /Users/yingpengwang/Library/Caches/creator-platform-w3/ios-derived/Build/Intermediates.noindex/QelvoraNative.build/Debug-iphonesimulator/QelvoraUI-t.build/Objects-normal/arm64/QelvoraUI-Swift.h -working-directory /Users/yingpengwang/estimate-rescue/creator-platform/w3-fan-conversations-chat-55cfcc/apps/ios/QelvoraApp.xcodeproj -experimental-emit-module-separately -disable-cmo

Ld /Users/yingpengwang/Library/Caches/creator-platform-w3/ios-derived/Build/Products/Debug-iphonesimulator/QelvoraUI.o normal (in target 'QelvoraUI' from project 'QelvoraNative')
    cd /Users/yingpengwang/estimate-rescue/creator-platform/w3-fan-conversations-chat-55cfcc/apps/ios
    /Applications/Xcode.app/Contents/Developer/Toolchains/XcodeDefault.xctoolchain/usr/bin/clang -Xlinker -reproducible -target arm64-apple-ios17.0-simulator -r -isysroot /Applications/Xcode.app/Contents/Developer/Platforms/iPhoneSimulator.platform/Developer/SDKs/iPhoneSimulator27.0.sdk -O0 -Xlinker -no_warn_duplicate_libraries -F/Users/yingpengwang/Library/Caches/creator-platform-w3/ios-derived/Build/Intermediates.noindex/EagerLinkingTBDs/Debug-iphonesimulator -F/Users/yingpengwang/Library/Caches/creator-platform-w3/ios-derived/Build/Products/Debug-iphonesimulator/PackageFrameworks -F/Users/yingpengwang/Library/Caches/creator-platform-w3/ios-derived/Build/Products/Debug-iphonesimulator -iframework /Applications/Xcode.app/Contents/Developer/Platforms/iPhoneSimulator.platform/Developer/Library/Frameworks -iframework /Applications/Xcode.app/Contents/Developer/Platforms/iPhoneSimulator.platform/Developer/SDKs/iPhoneSimulator27.0.sdk/Developer/Library/Frameworks -filelist /Users/yingpengwang/Library/Caches/creator-platform-w3/ios-derived/Build/Intermediates.noindex/QelvoraNative.build/Debug-iphonesimulator/QelvoraUI-t.build/Objects-normal/arm64/QelvoraUI.LinkFileList -nostdlib -Xlinker -object_path_lto -Xlinker /Users/yingpengwang/Library/Caches/creator-platform-w3/ios-derived/Build/Intermediates.noindex/QelvoraNative.build/Debug-iphonesimulator/QelvoraUI-t.build/Objects-normal/arm64/QelvoraUI_lto.o -Xlinker -no_deduplicate -Xlinker -objc_abi_version -Xlinker 2 -Xlinker -dependency_info -Xlinker /Users/yingpengwang/Library/Caches/creator-platform-w3/ios-derived/Build/Intermediates.noindex/QelvoraNative.build/Debug-iphonesimulator/QelvoraUI-t.build/Objects-normal/arm64/QelvoraUI_dependency_info.dat -fobjc-link-runtime -L/Applications/Xcode.app/Contents/Developer/Toolchains/XcodeDefault.xctoolchain/usr/lib/swift/iphonesimulator -L/usr/lib/swift -Xlinker -add_ast_path -Xlinker /Users/yingpengwang/Library/Caches/creator-platform-w3/ios-derived/Build/Intermediates.noindex/QelvoraNative.build/Debug-iphonesimulator/QelvoraUI-t.build/Objects-normal/arm64/QelvoraUI.swiftmodule -o /Users/yingpengwang/Library/Caches/creator-platform-w3/ios-derived/Build/Products/Debug-iphonesimulator/QelvoraUI.o

ExtractAppIntentsMetadata (in target 'QelvoraUI' from project 'QelvoraNative')
    cd /Users/yingpengwang/estimate-rescue/creator-platform/w3-fan-conversations-chat-55cfcc/apps/ios
    /Applications/Xcode.app/Contents/Developer/Toolchains/XcodeDefault.xctoolchain/usr/bin/appintentsmetadataprocessor --toolchain-dir /Applications/Xcode.app/Contents/Developer/Toolchains/XcodeDefault.xctoolchain --module-name QelvoraUI --sdk-root /Applications/Xcode.app/Contents/Developer/Platforms/iPhoneSimulator.platform/Developer/SDKs/iPhoneSimulator27.0.sdk --xcode-version 27A266a --platform-family iOS --deployment-target 17.0 --bundle-identifier ios.QelvoraUI --output /Users/yingpengwang/Library/Caches/creator-platform-w3/ios-derived/Build/Products/Debug-iphonesimulator/QelvoraUI.appintents --target-triple arm64-apple-ios17.0-simulator --binary-file /Users/yingpengwang/Library/Caches/creator-platform-w3/ios-derived/Build/Products/Debug-iphonesimulator/QelvoraUI.o --dependency-file /Users/yingpengwang/Library/Caches/creator-platform-w3/ios-derived/Build/Intermediates.noindex/QelvoraNative.build/Debug-iphonesimulator/QelvoraUI-t.build/Objects-normal/arm64/QelvoraUI_dependency_info.dat --stringsdata-file /Users/yingpengwang/Library/Caches/creator-platform-w3/ios-derived/Build/Intermediates.noindex/QelvoraNative.build/Debug-iphonesimulator/QelvoraUI-t.build/Objects-normal/arm64/ExtractedAppShortcutsMetadata.stringsdata --source-file-list /Users/yingpengwang/Library/Caches/creator-platform-w3/ios-derived/Build/Intermediates.noindex/QelvoraNative.build/Debug-iphonesimulator/QelvoraUI-t.build/Objects-normal/arm64/QelvoraUI.SwiftFileList --metadata-file-list /Users/yingpengwang/Library/Caches/creator-platform-w3/ios-derived/Build/Intermediates.noindex/QelvoraNative.build/Debug-iphonesimulator/QelvoraUI-t.build/QelvoraUI.DependencyMetadataFileList --static-metadata-file-list /Users/yingpengwang/Library/Caches/creator-platform-w3/ios-derived/Build/Intermediates.noindex/QelvoraNative.build/Debug-iphonesimulator/QelvoraUI-t.build/QelvoraUI.DependencyStaticMetadataFileList --swift-const-vals-list /Users/yingpengwang/Library/Caches/creator-platform-w3/ios-derived/Build/Intermediates.noindex/QelvoraNative.build/Debug-iphonesimulator/QelvoraUI-t.build/Objects-normal/arm64/QelvoraUI.SwiftConstValuesFileList --force --compile-time-extraction --deployment-aware-processing --no-app-shortcuts-localization
2026-10-02 12:17:27.455 appintentsmetadataprocessor[28477:45524075] Starting appintentsmetadataprocessor export
2026-10-02 12:17:27.518 appintentsmetadataprocessor[28477:45524075] Extracted no relevant App Intents symbols, skipping writing output

CodeSign /Users/yingpengwang/Library/Caches/creator-platform-w3/ios-derived/Build/Products/Debug-iphonesimulator/QelvoraUI.o (in target 'QelvoraUI' from project 'QelvoraNative')
    cd /Users/yingpengwang/estimate-rescue/creator-platform/w3-fan-conversations-chat-55cfcc/apps/ios
    
    Signing Identity:     "Sign to Run Locally"
    
    /usr/bin/codesign --force --sign - --timestamp\=none --generate-entitlement-der /Users/yingpengwang/Library/Caches/creator-platform-w3/ios-derived/Build/Products/Debug-iphonesimulator/QelvoraUI.o

SwiftDriver QelvoraApp normal arm64 com.apple.xcode.tools.swift.compiler (in target 'QelvoraApp' from project 'QelvoraApp')
    cd /Users/yingpengwang/estimate-rescue/creator-platform/w3-fan-conversations-chat-55cfcc/apps/ios
    builtin-SwiftDriver -- /Applications/Xcode.app/Contents/Developer/Toolchains/XcodeDefault.xctoolchain/usr/bin/swiftc -module-name QelvoraApp -Onone @/Users/yingpengwang/Library/Caches/creator-platform-w3/ios-derived/Build/Intermediates.noindex/QelvoraApp.build/Debug-iphonesimulator/QelvoraApp.build/Objects-normal/arm64/QelvoraApp.SwiftFileList -DDEBUG -Xcc -fmodule-map-file\=/Users/yingpengwang/Library/Caches/creator-platform-w3/ios-derived/Build/Intermediates.noindex/GeneratedModuleMaps-iphonesimulator/LKObjCHelpers.modulemap -Xcc -fmodule-map-file\=/Users/yingpengwang/Library/Caches/creator-platform-w3/ios-derived/Build/Intermediates.noindex/GeneratedModuleMaps-iphonesimulator/CLiveKitProto.modulemap -enable-experimental-feature DebugDescriptionMacro -sdk /Applications/Xcode.app/Contents/Developer/Platforms/iPhoneSimulator.platform/Developer/SDKs/iPhoneSimulator27.0.sdk -target arm64-apple-ios17.0-simulator -g -module-cache-path /Users/yingpengwang/Library/Caches/creator-platform-w3/ios-derived/ModuleCache.noindex -Xfrontend -serialize-debugging-options -enable-testing -index-store-path /Users/yingpengwang/Library/Caches/creator-platform-w3/ios-derived/Index.noindex/DataStore -Xcc -D_LIBCPP_HARDENING_MODE\=_LIBCPP_HARDENING_MODE_DEBUG -swift-version 6 -I /Users/yingpengwang/Library/Caches/creator-platform-w3/ios-derived/Build/Products/Debug-iphonesimulator -F /Users/yingpengwang/Library/Caches/creator-platform-w3/ios-derived/Build/Products/Debug-iphonesimulator/PackageFrameworks -F /Users/yingpengwang/Library/Caches/creator-platform-w3/ios-derived/Build/Products/Debug-iphonesimulator -parse-as-library -c -j12 -enable-batch-mode -incremental -Xcc -ivfsstatcache -Xcc /Users/yingpengwang/Library/Caches/creator-platform-w3/ios-derived/SDKStatCaches.noindex/iphonesimulator27.0-24A430-8dc58220667be655e1bcc261a7455254.sdkstatcache -output-file-map /Users/yingpengwang/Library/Caches/creator-platform-w3/ios-derived/Build/Intermediates.noindex/QelvoraApp.build/Debug-iphonesimulator/QelvoraApp.build/Objects-normal/arm64/QelvoraApp-OutputFileMap.json -save-temps -no-color-diagnostics -explicit-module-build -module-cache-path /Users/yingpengwang/Library/Caches/creator-platform-w3/ios-derived/Build/Intermediates.noindex/SwiftExplicitPrecompiledModules -clang-scanner-module-cache-path /Users/yingpengwang/Library/Caches/creator-platform-w3/ios-derived/ModuleCache.noindex -sdk-module-cache-path /Users/yingpengwang/Library/Caches/creator-platform-w3/ios-derived/SDKExplicitPrecompiledModules -emit-dependencies -emit-module -emit-module-path /Users/yingpengwang/Library/Caches/creator-platform-w3/ios-derived/Build/Intermediates.noindex/QelvoraApp.build/Debug-iphonesimulator/QelvoraApp.build/Objects-normal/arm64/QelvoraApp.swiftmodule -serialize-diagnostics -dependency-scan-serialize-diagnostics-path /Users/yingpengwang/Library/Caches/creator-platform-w3/ios-derived/Build/Intermediates.noindex/QelvoraApp.build/Debug-iphonesimulator/QelvoraApp.build/Objects-normal/arm64/QelvoraApp-dependency-scan.dia -validate-clang-modules-once -clang-build-session-file /Users/yingpengwang/Library/Caches/creator-platform-w3/ios-derived/ModuleCache.noindex/Session.modulevalidation -Xcc -fmodules-prune-interval\=86400 -Xcc -fmodules-prune-after\=345600 -emit-const-values -const-gather-protocols-list /Users/yingpengwang/Library/Caches/creator-platform-w3/ios-derived/Build/Intermediates.noindex/QelvoraApp.build/Debug-iphonesimulator/QelvoraApp.build/Objects-normal/arm64/QelvoraApp_const_extract_protocols.json -Xcc -iquote -Xcc /Users/yingpengwang/Library/Caches/creator-platform-w3/ios-derived/Build/Intermediates.noindex/QelvoraApp.build/Debug-iphonesimulator/QelvoraApp.build/QelvoraApp-generated-files.hmap -Xcc -I/Users/yingpengwang/Library/Caches/creator-platform-w3/ios-derived/Build/Intermediates.noindex/QelvoraApp.build/Debug-iphonesimulator/QelvoraApp.build/QelvoraApp-own-target-headers.hmap -Xcc -I/Users/yingpengwang/Library/Caches/creator-platform-w3/ios-derived/Build/Intermediates.noindex/QelvoraApp.build/Debug-iphonesimulator/QelvoraApp.build/QelvoraApp-all-non-framework-target-headers.hmap -Xcc -ivfsoverlay -Xcc /Users/yingpengwang/Library/Caches/creator-platform-w3/ios-derived/Build/Intermediates.noindex/QelvoraApp.build/Debug-iphonesimulator/QelvoraApp-29b244ef777fcfbcbef7f347c6fce175-VFS-iphonesimulator/all-product-headers.yaml -Xcc -iquote -Xcc /Users/yingpengwang/Library/Caches/creator-platform-w3/ios-derived/Build/Intermediates.noindex/QelvoraApp.build/Debug-iphonesimulator/QelvoraApp.build/QelvoraApp-project-headers.hmap -Xcc -I/Users/yingpengwang/Library/Caches/creator-platform-w3/ios-packages/checkouts/client-sdk-swift/Sources/LKObjCHelpers/include -Xcc -I/Users/yingpengwang/Library/Caches/creator-platform-w3/ios-packages/checkouts/client-sdk-swift/Sources/CLiveKitProto/include -Xcc -I/Users/yingpengwang/Library/Caches/creator-platform-w3/ios-derived/Build/Products/Debug-iphonesimulator/include -Xcc -I/Users/yingpengwang/Library/Caches/creator-platform-w3/ios-derived/Build/Intermediates.noindex/QelvoraApp.build/Debug-iphonesimulator/QelvoraApp.build/DerivedSources-normal/arm64 -Xcc -I/Users/yingpengwang/Library/Caches/creator-platform-w3/ios-derived/Build/Intermediates.noindex/QelvoraApp.build/Debug-iphonesimulator/QelvoraApp.build/DerivedSources/arm64 -Xcc -I/Users/yingpengwang/Library/Caches/creator-platform-w3/ios-derived/Build/Intermediates.noindex/QelvoraApp.build/Debug-iphonesimulator/QelvoraApp.build/DerivedSources -Xcc -DDEBUG\=1 -emit-objc-header -emit-objc-header-path /Users/yingpengwang/Library/Caches/creator-platform-w3/ios-derived/Build/Intermediates.noindex/QelvoraApp.build/Debug-iphonesimulator/QelvoraApp.build/Objects-normal/arm64/QelvoraApp-Swift.h -working-directory /Users/yingpengwang/estimate-rescue/creator-platform/w3-fan-conversations-chat-55cfcc/apps/ios -experimental-emit-module-separately -disable-cmo

Copy /Users/yingpengwang/Library/Caches/creator-platform-w3/ios-derived/Build/Products/Debug-iphonesimulator/QelvoraApp.app/QelvoraNative_QelvoraUI.bundle /Users/yingpengwang/Library/Caches/creator-platform-w3/ios-derived/Build/Products/Debug-iphonesimulator/QelvoraNative_QelvoraUI.bundle (in target 'QelvoraApp' from project 'QelvoraApp')
    cd /Users/yingpengwang/estimate-rescue/creator-platform/w3-fan-conversations-chat-55cfcc/apps/ios
    builtin-copy -exclude .DS_Store -exclude CVS -exclude .svn -exclude .git -exclude .hg -resolve-src-symlinks /Users/yingpengwang/Library/Caches/creator-platform-w3/ios-derived/Build/Products/Debug-iphonesimulator/QelvoraNative_QelvoraUI.bundle /Users/yingpengwang/Library/Caches/creator-platform-w3/ios-derived/Build/Products/Debug-iphonesimulator/QelvoraApp.app

ProcessInfoPlistFile /Users/yingpengwang/Library/Caches/creator-platform-w3/ios-derived/Build/Products/Debug-iphonesimulator/QelvoraApp.app/Info.plist /Users/yingpengwang/estimate-rescue/creator-platform/w3-fan-conversations-chat-55cfcc/apps/ios/App/Info.plist (in target 'QelvoraApp' from project 'QelvoraApp')
    cd /Users/yingpengwang/estimate-rescue/creator-platform/w3-fan-conversations-chat-55cfcc/apps/ios
    builtin-infoPlistUtility /Users/yingpengwang/estimate-rescue/creator-platform/w3-fan-conversations-chat-55cfcc/apps/ios/App/Info.plist -producttype com.apple.product-type.application -genpkginfo /Users/yingpengwang/Library/Caches/creator-platform-w3/ios-derived/Build/Products/Debug-iphonesimulator/QelvoraApp.app/PkgInfo -expandbuildsettings -format binary -platform iphonesimulator -scanforprivacyfile /Users/yingpengwang/Library/Caches/creator-platform-w3/ios-derived/Build/Products/Debug-iphonesimulator/QelvoraApp.app/Frameworks/LiveKitWebRTC.framework -scanforprivacyfile /Users/yingpengwang/Library/Caches/creator-platform-w3/ios-derived/Build/Products/Debug-iphonesimulator/QelvoraApp.app/Frameworks/RustLiveKitUniFFI.framework -scanforprivacyfile /Users/yingpengwang/Library/Caches/creator-platform-w3/ios-derived/Build/Products/Debug-iphonesimulator/QelvoraApp.app/LiveKit_LiveKit.bundle -scanforprivacyfile /Users/yingpengwang/Library/Caches/creator-platform-w3/ios-derived/Build/Products/Debug-iphonesimulator/QelvoraApp.app/QelvoraNative_QelvoraUI.bundle -o /Users/yingpengwang/Library/Caches/creator-platform-w3/ios-derived/Build/Products/Debug-iphonesimulator/QelvoraApp.app/Info.plist

SwiftCompile normal arm64 Compiling\ QelvoraApp.swift /Users/yingpengwang/estimate-rescue/creator-platform/w3-fan-conversations-chat-55cfcc/apps/ios/App/QelvoraApp.swift (in target 'QelvoraApp' from project 'QelvoraApp')

SwiftCompile normal arm64 /Users/yingpengwang/estimate-rescue/creator-platform/w3-fan-conversations-chat-55cfcc/apps/ios/App/QelvoraApp.swift (in target 'QelvoraApp' from project 'QelvoraApp')
    cd /Users/yingpengwang/estimate-rescue/creator-platform/w3-fan-conversations-chat-55cfcc/apps/ios
    builtin-SwiftPerFileCompile QelvoraApp.swift

SwiftEmitModule normal arm64 Emitting\ module\ for\ QelvoraApp (in target 'QelvoraApp' from project 'QelvoraApp')

SwiftCompile normal arm64 (in target 'QelvoraApp' from project 'QelvoraApp')
    cd /Users/yingpengwang/estimate-rescue/creator-platform/w3-fan-conversations-chat-55cfcc/apps/ios
    

SwiftDriverJobDiscovery normal arm64 Emitting module for QelvoraApp (in target 'QelvoraApp' from project 'QelvoraApp')

SwiftDriver\ Compilation\ Requirements QelvoraApp normal arm64 com.apple.xcode.tools.swift.compiler (in target 'QelvoraApp' from project 'QelvoraApp')
    cd /Users/yingpengwang/estimate-rescue/creator-platform/w3-fan-conversations-chat-55cfcc/apps/ios
    builtin-Swift-Compilation-Requirements -- /Applications/Xcode.app/Contents/Developer/Toolchains/XcodeDefault.xctoolchain/usr/bin/swiftc -module-name QelvoraApp -Onone @/Users/yingpengwang/Library/Caches/creator-platform-w3/ios-derived/Build/Intermediates.noindex/QelvoraApp.build/Debug-iphonesimulator/QelvoraApp.build/Objects-normal/arm64/QelvoraApp.SwiftFileList -DDEBUG -Xcc -fmodule-map-file\=/Users/yingpengwang/Library/Caches/creator-platform-w3/ios-derived/Build/Intermediates.noindex/GeneratedModuleMaps-iphonesimulator/LKObjCHelpers.modulemap -Xcc -fmodule-map-file\=/Users/yingpengwang/Library/Caches/creator-platform-w3/ios-derived/Build/Intermediates.noindex/GeneratedModuleMaps-iphonesimulator/CLiveKitProto.modulemap -enable-experimental-feature DebugDescriptionMacro -sdk /Applications/Xcode.app/Contents/Developer/Platforms/iPhoneSimulator.platform/Developer/SDKs/iPhoneSimulator27.0.sdk -target arm64-apple-ios17.0-simulator -g -module-cache-path /Users/yingpengwang/Library/Caches/creator-platform-w3/ios-derived/ModuleCache.noindex -Xfrontend -serialize-debugging-options -enable-testing -index-store-path /Users/yingpengwang/Library/Caches/creator-platform-w3/ios-derived/Index.noindex/DataStore -Xcc -D_LIBCPP_HARDENING_MODE\=_LIBCPP_HARDENING_MODE_DEBUG -swift-version 6 -I /Users/yingpengwang/Library/Caches/creator-platform-w3/ios-derived/Build/Products/Debug-iphonesimulator -F /Users/yingpengwang/Library/Caches/creator-platform-w3/ios-derived/Build/Products/Debug-iphonesimulator/PackageFrameworks -F /Users/yingpengwang/Library/Caches/creator-platform-w3/ios-derived/Build/Products/Debug-iphonesimulator -parse-as-library -c -j12 -enable-batch-mode -incremental -Xcc -ivfsstatcache -Xcc /Users/yingpengwang/Library/Caches/creator-platform-w3/ios-derived/SDKStatCaches.noindex/iphonesimulator27.0-24A430-8dc58220667be655e1bcc261a7455254.sdkstatcache -output-file-map /Users/yingpengwang/Library/Caches/creator-platform-w3/ios-derived/Build/Intermediates.noindex/QelvoraApp.build/Debug-iphonesimulator/QelvoraApp.build/Objects-normal/arm64/QelvoraApp-OutputFileMap.json -save-temps -no-color-diagnostics -explicit-module-build -module-cache-path /Users/yingpengwang/Library/Caches/creator-platform-w3/ios-derived/Build/Intermediates.noindex/SwiftExplicitPrecompiledModules -clang-scanner-module-cache-path /Users/yingpengwang/Library/Caches/creator-platform-w3/ios-derived/ModuleCache.noindex -sdk-module-cache-path /Users/yingpengwang/Library/Caches/creator-platform-w3/ios-derived/SDKExplicitPrecompiledModules -emit-dependencies -emit-module -emit-module-path /Users/yingpengwang/Library/Caches/creator-platform-w3/ios-derived/Build/Intermediates.noindex/QelvoraApp.build/Debug-iphonesimulator/QelvoraApp.build/Objects-normal/arm64/QelvoraApp.swiftmodule -serialize-diagnostics -dependency-scan-serialize-diagnostics-path /Users/yingpengwang/Library/Caches/creator-platform-w3/ios-derived/Build/Intermediates.noindex/QelvoraApp.build/Debug-iphonesimulator/QelvoraApp.build/Objects-normal/arm64/QelvoraApp-dependency-scan.dia -validate-clang-modules-once -clang-build-session-file /Users/yingpengwang/Library/Caches/creator-platform-w3/ios-derived/ModuleCache.noindex/Session.modulevalidation -Xcc -fmodules-prune-interval\=86400 -Xcc -fmodules-prune-after\=345600 -emit-const-values -const-gather-protocols-list /Users/yingpengwang/Library/Caches/creator-platform-w3/ios-derived/Build/Intermediates.noindex/QelvoraApp.build/Debug-iphonesimulator/QelvoraApp.build/Objects-normal/arm64/QelvoraApp_const_extract_protocols.json -Xcc -iquote -Xcc /Users/yingpengwang/Library/Caches/creator-platform-w3/ios-derived/Build/Intermediates.noindex/QelvoraApp.build/Debug-iphonesimulator/QelvoraApp.build/QelvoraApp-generated-files.hmap -Xcc -I/Users/yingpengwang/Library/Caches/creator-platform-w3/ios-derived/Build/Intermediates.noindex/QelvoraApp.build/Debug-iphonesimulator/QelvoraApp.build/QelvoraApp-own-target-headers.hmap -Xcc -I/Users/yingpengwang/Library/Caches/creator-platform-w3/ios-derived/Build/Intermediates.noindex/QelvoraApp.build/Debug-iphonesimulator/QelvoraApp.build/QelvoraApp-all-non-framework-target-headers.hmap -Xcc -ivfsoverlay -Xcc /Users/yingpengwang/Library/Caches/creator-platform-w3/ios-derived/Build/Intermediates.noindex/QelvoraApp.build/Debug-iphonesimulator/QelvoraApp-29b244ef777fcfbcbef7f347c6fce175-VFS-iphonesimulator/all-product-headers.yaml -Xcc -iquote -Xcc /Users/yingpengwang/Library/Caches/creator-platform-w3/ios-derived/Build/Intermediates.noindex/QelvoraApp.build/Debug-iphonesimulator/QelvoraApp.build/QelvoraApp-project-headers.hmap -Xcc -I/Users/yingpengwang/Library/Caches/creator-platform-w3/ios-packages/checkouts/client-sdk-swift/Sources/LKObjCHelpers/include -Xcc -I/Users/yingpengwang/Library/Caches/creator-platform-w3/ios-packages/checkouts/client-sdk-swift/Sources/CLiveKitProto/include -Xcc -I/Users/yingpengwang/Library/Caches/creator-platform-w3/ios-derived/Build/Products/Debug-iphonesimulator/include -Xcc -I/Users/yingpengwang/Library/Caches/creator-platform-w3/ios-derived/Build/Intermediates.noindex/QelvoraApp.build/Debug-iphonesimulator/QelvoraApp.build/DerivedSources-normal/arm64 -Xcc -I/Users/yingpengwang/Library/Caches/creator-platform-w3/ios-derived/Build/Intermediates.noindex/QelvoraApp.build/Debug-iphonesimulator/QelvoraApp.build/DerivedSources/arm64 -Xcc -I/Users/yingpengwang/Library/Caches/creator-platform-w3/ios-derived/Build/Intermediates.noindex/QelvoraApp.build/Debug-iphonesimulator/QelvoraApp.build/DerivedSources -Xcc -DDEBUG\=1 -emit-objc-header -emit-objc-header-path /Users/yingpengwang/Library/Caches/creator-platform-w3/ios-derived/Build/Intermediates.noindex/QelvoraApp.build/Debug-iphonesimulator/QelvoraApp.build/Objects-normal/arm64/QelvoraApp-Swift.h -working-directory /Users/yingpengwang/estimate-rescue/creator-platform/w3-fan-conversations-chat-55cfcc/apps/ios -experimental-emit-module-separately -disable-cmo

Copy /Users/yingpengwang/Library/Caches/creator-platform-w3/ios-derived/Build/Products/Debug-iphonesimulator/QelvoraApp.swiftmodule/Project/arm64-apple-ios-simulator.swiftsourceinfo /Users/yingpengwang/Library/Caches/creator-platform-w3/ios-derived/Build/Intermediates.noindex/QelvoraApp.build/Debug-iphonesimulator/QelvoraApp.build/Objects-normal/arm64/QelvoraApp.swiftsourceinfo (in target 'QelvoraApp' from project 'QelvoraApp')
    cd /Users/yingpengwang/estimate-rescue/creator-platform/w3-fan-conversations-chat-55cfcc/apps/ios
    builtin-copy -exclude .DS_Store -exclude CVS -exclude .svn -exclude .git -exclude .hg -resolve-src-symlinks -rename /Users/yingpengwang/Library/Caches/creator-platform-w3/ios-derived/Build/Intermediates.noindex/QelvoraApp.build/Debug-iphonesimulator/QelvoraApp.build/Objects-normal/arm64/QelvoraApp.swiftsourceinfo /Users/yingpengwang/Library/Caches/creator-platform-w3/ios-derived/Build/Products/Debug-iphonesimulator/QelvoraApp.swiftmodule/Project/arm64-apple-ios-simulator.swiftsourceinfo

Copy /Users/yingpengwang/Library/Caches/creator-platform-w3/ios-derived/Build/Products/Debug-iphonesimulator/QelvoraApp.swiftmodule/arm64-apple-ios-simulator.abi.json /Users/yingpengwang/Library/Caches/creator-platform-w3/ios-derived/Build/Intermediates.noindex/QelvoraApp.build/Debug-iphonesimulator/QelvoraApp.build/Objects-normal/arm64/QelvoraApp.abi.json (in target 'QelvoraApp' from project 'QelvoraApp')
    cd /Users/yingpengwang/estimate-rescue/creator-platform/w3-fan-conversations-chat-55cfcc/apps/ios
    builtin-copy -exclude .DS_Store -exclude CVS -exclude .svn -exclude .git -exclude .hg -resolve-src-symlinks -rename /Users/yingpengwang/Library/Caches/creator-platform-w3/ios-derived/Build/Intermediates.noindex/QelvoraApp.build/Debug-iphonesimulator/QelvoraApp.build/Objects-normal/arm64/QelvoraApp.abi.json /Users/yingpengwang/Library/Caches/creator-platform-w3/ios-derived/Build/Products/Debug-iphonesimulator/QelvoraApp.swiftmodule/arm64-apple-ios-simulator.abi.json

Copy /Users/yingpengwang/Library/Caches/creator-platform-w3/ios-derived/Build/Products/Debug-iphonesimulator/QelvoraApp.swiftmodule/arm64-apple-ios-simulator.swiftmodule /Users/yingpengwang/Library/Caches/creator-platform-w3/ios-derived/Build/Intermediates.noindex/QelvoraApp.build/Debug-iphonesimulator/QelvoraApp.build/Objects-normal/arm64/QelvoraApp.swiftmodule (in target 'QelvoraApp' from project 'QelvoraApp')
    cd /Users/yingpengwang/estimate-rescue/creator-platform/w3-fan-conversations-chat-55cfcc/apps/ios
    builtin-copy -exclude .DS_Store -exclude CVS -exclude .svn -exclude .git -exclude .hg -resolve-src-symlinks -rename /Users/yingpengwang/Library/Caches/creator-platform-w3/ios-derived/Build/Intermediates.noindex/QelvoraApp.build/Debug-iphonesimulator/QelvoraApp.build/Objects-normal/arm64/QelvoraApp.swiftmodule /Users/yingpengwang/Library/Caches/creator-platform-w3/ios-derived/Build/Products/Debug-iphonesimulator/QelvoraApp.swiftmodule/arm64-apple-ios-simulator.swiftmodule

SwiftDriverJobDiscovery normal arm64 Compiling QelvoraApp.swift (in target 'QelvoraApp' from project 'QelvoraApp')

SwiftDriver\ Compilation QelvoraApp normal arm64 com.apple.xcode.tools.swift.compiler (in target 'QelvoraApp' from project 'QelvoraApp')
    cd /Users/yingpengwang/estimate-rescue/creator-platform/w3-fan-conversations-chat-55cfcc/apps/ios
    builtin-Swift-Compilation -- /Applications/Xcode.app/Contents/Developer/Toolchains/XcodeDefault.xctoolchain/usr/bin/swiftc -module-name QelvoraApp -Onone @/Users/yingpengwang/Library/Caches/creator-platform-w3/ios-derived/Build/Intermediates.noindex/QelvoraApp.build/Debug-iphonesimulator/QelvoraApp.build/Objects-normal/arm64/QelvoraApp.SwiftFileList -DDEBUG -Xcc -fmodule-map-file\=/Users/yingpengwang/Library/Caches/creator-platform-w3/ios-derived/Build/Intermediates.noindex/GeneratedModuleMaps-iphonesimulator/LKObjCHelpers.modulemap -Xcc -fmodule-map-file\=/Users/yingpengwang/Library/Caches/creator-platform-w3/ios-derived/Build/Intermediates.noindex/GeneratedModuleMaps-iphonesimulator/CLiveKitProto.modulemap -enable-experimental-feature DebugDescriptionMacro -sdk /Applications/Xcode.app/Contents/Developer/Platforms/iPhoneSimulator.platform/Developer/SDKs/iPhoneSimulator27.0.sdk -target arm64-apple-ios17.0-simulator -g -module-cache-path /Users/yingpengwang/Library/Caches/creator-platform-w3/ios-derived/ModuleCache.noindex -Xfrontend -serialize-debugging-options -enable-testing -index-store-path /Users/yingpengwang/Library/Caches/creator-platform-w3/ios-derived/Index.noindex/DataStore -Xcc -D_LIBCPP_HARDENING_MODE\=_LIBCPP_HARDENING_MODE_DEBUG -swift-version 6 -I /Users/yingpengwang/Library/Caches/creator-platform-w3/ios-derived/Build/Products/Debug-iphonesimulator -F /Users/yingpengwang/Library/Caches/creator-platform-w3/ios-derived/Build/Products/Debug-iphonesimulator/PackageFrameworks -F /Users/yingpengwang/Library/Caches/creator-platform-w3/ios-derived/Build/Products/Debug-iphonesimulator -parse-as-library -c -j12 -enable-batch-mode -incremental -Xcc -ivfsstatcache -Xcc /Users/yingpengwang/Library/Caches/creator-platform-w3/ios-derived/SDKStatCaches.noindex/iphonesimulator27.0-24A430-8dc58220667be655e1bcc261a7455254.sdkstatcache -output-file-map /Users/yingpengwang/Library/Caches/creator-platform-w3/ios-derived/Build/Intermediates.noindex/QelvoraApp.build/Debug-iphonesimulator/QelvoraApp.build/Objects-normal/arm64/QelvoraApp-OutputFileMap.json -save-temps -no-color-diagnostics -explicit-module-build -module-cache-path /Users/yingpengwang/Library/Caches/creator-platform-w3/ios-derived/Build/Intermediates.noindex/SwiftExplicitPrecompiledModules -clang-scanner-module-cache-path /Users/yingpengwang/Library/Caches/creator-platform-w3/ios-derived/ModuleCache.noindex -sdk-module-cache-path /Users/yingpengwang/Library/Caches/creator-platform-w3/ios-derived/SDKExplicitPrecompiledModules -emit-dependencies -emit-module -emit-module-path /Users/yingpengwang/Library/Caches/creator-platform-w3/ios-derived/Build/Intermediates.noindex/QelvoraApp.build/Debug-iphonesimulator/QelvoraApp.build/Objects-normal/arm64/QelvoraApp.swiftmodule -serialize-diagnostics -dependency-scan-serialize-diagnostics-path /Users/yingpengwang/Library/Caches/creator-platform-w3/ios-derived/Build/Intermediates.noindex/QelvoraApp.build/Debug-iphonesimulator/QelvoraApp.build/Objects-normal/arm64/QelvoraApp-dependency-scan.dia -validate-clang-modules-once -clang-build-session-file /Users/yingpengwang/Library/Caches/creator-platform-w3/ios-derived/ModuleCache.noindex/Session.modulevalidation -Xcc -fmodules-prune-interval\=86400 -Xcc -fmodules-prune-after\=345600 -emit-const-values -const-gather-protocols-list /Users/yingpengwang/Library/Caches/creator-platform-w3/ios-derived/Build/Intermediates.noindex/QelvoraApp.build/Debug-iphonesimulator/QelvoraApp.build/Objects-normal/arm64/QelvoraApp_const_extract_protocols.json -Xcc -iquote -Xcc /Users/yingpengwang/Library/Caches/creator-platform-w3/ios-derived/Build/Intermediates.noindex/QelvoraApp.build/Debug-iphonesimulator/QelvoraApp.build/QelvoraApp-generated-files.hmap -Xcc -I/Users/yingpengwang/Library/Caches/creator-platform-w3/ios-derived/Build/Intermediates.noindex/QelvoraApp.build/Debug-iphonesimulator/QelvoraApp.build/QelvoraApp-own-target-headers.hmap -Xcc -I/Users/yingpengwang/Library/Caches/creator-platform-w3/ios-derived/Build/Intermediates.noindex/QelvoraApp.build/Debug-iphonesimulator/QelvoraApp.build/QelvoraApp-all-non-framework-target-headers.hmap -Xcc -ivfsoverlay -Xcc /Users/yingpengwang/Library/Caches/creator-platform-w3/ios-derived/Build/Intermediates.noindex/QelvoraApp.build/Debug-iphonesimulator/QelvoraApp-29b244ef777fcfbcbef7f347c6fce175-VFS-iphonesimulator/all-product-headers.yaml -Xcc -iquote -Xcc /Users/yingpengwang/Library/Caches/creator-platform-w3/ios-derived/Build/Intermediates.noindex/QelvoraApp.build/Debug-iphonesimulator/QelvoraApp.build/QelvoraApp-project-headers.hmap -Xcc -I/Users/yingpengwang/Library/Caches/creator-platform-w3/ios-packages/checkouts/client-sdk-swift/Sources/LKObjCHelpers/include -Xcc -I/Users/yingpengwang/Library/Caches/creator-platform-w3/ios-packages/checkouts/client-sdk-swift/Sources/CLiveKitProto/include -Xcc -I/Users/yingpengwang/Library/Caches/creator-platform-w3/ios-derived/Build/Products/Debug-iphonesimulator/include -Xcc -I/Users/yingpengwang/Library/Caches/creator-platform-w3/ios-derived/Build/Intermediates.noindex/QelvoraApp.build/Debug-iphonesimulator/QelvoraApp.build/DerivedSources-normal/arm64 -Xcc -I/Users/yingpengwang/Library/Caches/creator-platform-w3/ios-derived/Build/Intermediates.noindex/QelvoraApp.build/Debug-iphonesimulator/QelvoraApp.build/DerivedSources/arm64 -Xcc -I/Users/yingpengwang/Library/Caches/creator-platform-w3/ios-derived/Build/Intermediates.noindex/QelvoraApp.build/Debug-iphonesimulator/QelvoraApp.build/DerivedSources -Xcc -DDEBUG\=1 -emit-objc-header -emit-objc-header-path /Users/yingpengwang/Library/Caches/creator-platform-w3/ios-derived/Build/Intermediates.noindex/QelvoraApp.build/Debug-iphonesimulator/QelvoraApp.build/Objects-normal/arm64/QelvoraApp-Swift.h -working-directory /Users/yingpengwang/estimate-rescue/creator-platform/w3-fan-conversations-chat-55cfcc/apps/ios -experimental-emit-module-separately -disable-cmo

Ld /Users/yingpengwang/Library/Caches/creator-platform-w3/ios-derived/Build/Products/Debug-iphonesimulator/QelvoraApp.app/QelvoraApp.debug.dylib normal (in target 'QelvoraApp' from project 'QelvoraApp')
    cd /Users/yingpengwang/estimate-rescue/creator-platform/w3-fan-conversations-chat-55cfcc/apps/ios
    /Applications/Xcode.app/Contents/Developer/Toolchains/XcodeDefault.xctoolchain/usr/bin/clang -Xlinker -reproducible -target arm64-apple-ios17.0-simulator -dynamiclib -isysroot /Applications/Xcode.app/Contents/Developer/Platforms/iPhoneSimulator.platform/Developer/SDKs/iPhoneSimulator27.0.sdk -O0 -Xlinker -no_warn_duplicate_libraries -L/Users/yingpengwang/Library/Caches/creator-platform-w3/ios-derived/Build/Intermediates.noindex/EagerLinkingTBDs/Debug-iphonesimulator -L/Users/yingpengwang/Library/Caches/creator-platform-w3/ios-derived/Build/Products/Debug-iphonesimulator -F/Users/yingpengwang/Library/Caches/creator-platform-w3/ios-derived/Build/Intermediates.noindex/EagerLinkingTBDs/Debug-iphonesimulator -F/Users/yingpengwang/Library/Caches/creator-platform-w3/ios-derived/Build/Products/Debug-iphonesimulator/PackageFrameworks -F/Users/yingpengwang/Library/Caches/creator-platform-w3/ios-derived/Build/Products/Debug-iphonesimulator -filelist /Users/yingpengwang/Library/Caches/creator-platform-w3/ios-derived/Build/Intermediates.noindex/QelvoraApp.build/Debug-iphonesimulator/QelvoraApp.build/Objects-normal/arm64/QelvoraApp.LinkFileList -install_name @rpath/QelvoraApp.debug.dylib -Xlinker -rpath -Xlinker /usr/lib/swift -Xlinker -rpath -Xlinker @loader_path -Xlinker -rpath -Xlinker /Users/yingpengwang/Library/Caches/creator-platform-w3/ios-derived/Build/Products/Debug-iphonesimulator/PackageFrameworks -Xlinker -rpath -Xlinker @executable_path/Frameworks -Xlinker -dead_strip -Xlinker -object_path_lto -Xlinker /Users/yingpengwang/Library/Caches/creator-platform-w3/ios-derived/Build/Intermediates.noindex/QelvoraApp.build/Debug-iphonesimulator/QelvoraApp.build/Objects-normal/arm64/QelvoraApp_lto.o -rdynamic -Xlinker -no_deduplicate -Xlinker -objc_abi_version -Xlinker 2 -Xlinker -dependency_info -Xlinker /Users/yingpengwang/Library/Caches/creator-platform-w3/ios-derived/Build/Intermediates.noindex/QelvoraApp.build/Debug-iphonesimulator/QelvoraApp.build/Objects-normal/arm64/QelvoraApp_dependency_info.dat -fobjc-link-runtime -L/Applications/Xcode.app/Contents/Developer/Toolchains/XcodeDefault.xctoolchain/usr/lib/swift/iphonesimulator -L/usr/lib/swift -Xlinker -add_ast_path -Xlinker /Users/yingpengwang/Library/Caches/creator-platform-w3/ios-derived/Build/Intermediates.noindex/QelvoraApp.build/Debug-iphonesimulator/QelvoraApp.build/Objects-normal/arm64/QelvoraApp.swiftmodule -Xlinker -alias -Xlinker _main -Xlinker ___debug_main_executable_dylib_entry_point -framework LiveKitWebRTC -framework LiveKitWebRTC -framework RustLiveKitUniFFI -Xlinker -no_adhoc_codesign -o /Users/yingpengwang/Library/Caches/creator-platform-w3/ios-derived/Build/Products/Debug-iphonesimulator/QelvoraApp.app/QelvoraApp.debug.dylib

ConstructStubExecutorLinkFileList /Users/yingpengwang/Library/Caches/creator-platform-w3/ios-derived/Build/Intermediates.noindex/QelvoraApp.build/Debug-iphonesimulator/QelvoraApp.build/QelvoraApp-ExecutorLinkFileList-normal-arm64.txt (in target 'QelvoraApp' from project 'QelvoraApp')
    cd /Users/yingpengwang/estimate-rescue/creator-platform/w3-fan-conversations-chat-55cfcc/apps/ios
    construct-stub-executor-link-file-list /Users/yingpengwang/Library/Caches/creator-platform-w3/ios-derived/Build/Products/Debug-iphonesimulator/QelvoraApp.app/QelvoraApp.debug.dylib /Applications/Xcode.app/Contents/Developer/Platforms/iPhoneSimulator.platform/Developer/usr/lib/libPreviewsJITStubExecutor_no_swift_entry_point.a /Applications/Xcode.app/Contents/Developer/Platforms/iPhoneSimulator.platform/Developer/usr/lib/libPreviewsJITStubExecutor.a --output /Users/yingpengwang/Library/Caches/creator-platform-w3/ios-derived/Build/Intermediates.noindex/QelvoraApp.build/Debug-iphonesimulator/QelvoraApp.build/QelvoraApp-ExecutorLinkFileList-normal-arm64.txt
note: Using stub executor library with Swift entry point. (in target 'QelvoraApp' from project 'QelvoraApp')

Ld /Users/yingpengwang/Library/Caches/creator-platform-w3/ios-derived/Build/Products/Debug-iphonesimulator/QelvoraApp.app/QelvoraApp normal (in target 'QelvoraApp' from project 'QelvoraApp')
    cd /Users/yingpengwang/estimate-rescue/creator-platform/w3-fan-conversations-chat-55cfcc/apps/ios
    /Applications/Xcode.app/Contents/Developer/Toolchains/XcodeDefault.xctoolchain/usr/bin/clang -Xlinker -reproducible -target arm64-apple-ios17.0-simulator -isysroot /Applications/Xcode.app/Contents/Developer/Platforms/iPhoneSimulator.platform/Developer/SDKs/iPhoneSimulator27.0.sdk -O0 -Xlinker -no_warn_duplicate_libraries -L/Users/yingpengwang/Library/Caches/creator-platform-w3/ios-derived/Build/Products/Debug-iphonesimulator -F/Users/yingpengwang/Library/Caches/creator-platform-w3/ios-derived/Build/Products/Debug-iphonesimulator/PackageFrameworks -F/Users/yingpengwang/Library/Caches/creator-platform-w3/ios-derived/Build/Products/Debug-iphonesimulator -Xlinker -rpath -Xlinker @executable_path -Xlinker -rpath -Xlinker @loader_path -Xlinker -rpath -Xlinker /Users/yingpengwang/Library/Caches/creator-platform-w3/ios-derived/Build/Products/Debug-iphonesimulator/PackageFrameworks -Xlinker -rpath -Xlinker @executable_path/Frameworks -rdynamic -Xlinker -no_deduplicate -Xlinker -objc_abi_version -Xlinker 2 -e ___debug_blank_executor_main -Xlinker -sectcreate -Xlinker __TEXT -Xlinker __debug_dylib -Xlinker /Users/yingpengwang/Library/Caches/creator-platform-w3/ios-derived/Build/Intermediates.noindex/QelvoraApp.build/Debug-iphonesimulator/QelvoraApp.build/QelvoraApp-DebugDylibPath-normal-arm64.txt -Xlinker -sectcreate -Xlinker __TEXT -Xlinker __debug_instlnm -Xlinker /Users/yingpengwang/Library/Caches/creator-platform-w3/ios-derived/Build/Intermediates.noindex/QelvoraApp.build/Debug-iphonesimulator/QelvoraApp.build/QelvoraApp-DebugDylibInstallName-normal-arm64.txt -Xlinker -filelist -Xlinker /Users/yingpengwang/Library/Caches/creator-platform-w3/ios-derived/Build/Intermediates.noindex/QelvoraApp.build/Debug-iphonesimulator/QelvoraApp.build/QelvoraApp-ExecutorLinkFileList-normal-arm64.txt -Xlinker -sectcreate -Xlinker __TEXT -Xlinker __entitlements -Xlinker /Users/yingpengwang/Library/Caches/creator-platform-w3/ios-derived/Build/Intermediates.noindex/QelvoraApp.build/Debug-iphonesimulator/QelvoraApp.build/QelvoraApp.app-Simulated.xcent -Xlinker -sectcreate -Xlinker __TEXT -Xlinker __ents_der -Xlinker /Users/yingpengwang/Library/Caches/creator-platform-w3/ios-derived/Build/Intermediates.noindex/QelvoraApp.build/Debug-iphonesimulator/QelvoraApp.build/QelvoraApp.app-Simulated.xcent.der /Users/yingpengwang/Library/Caches/creator-platform-w3/ios-derived/Build/Products/Debug-iphonesimulator/QelvoraApp.app/QelvoraApp.debug.dylib -Xlinker -no_adhoc_codesign -o /Users/yingpengwang/Library/Caches/creator-platform-w3/ios-derived/Build/Products/Debug-iphonesimulator/QelvoraApp.app/QelvoraApp

CopySwiftLibs /Users/yingpengwang/Library/Caches/creator-platform-w3/ios-derived/Build/Products/Debug-iphonesimulator/QelvoraApp.app (in target 'QelvoraApp' from project 'QelvoraApp')
    cd /Users/yingpengwang/estimate-rescue/creator-platform/w3-fan-conversations-chat-55cfcc/apps/ios
    builtin-swiftStdLibTool --copy --verbose --sign - --scan-executable /Users/yingpengwang/Library/Caches/creator-platform-w3/ios-derived/Build/Products/Debug-iphonesimulator/QelvoraApp.app/QelvoraApp.debug.dylib --scan-folder /Users/yingpengwang/Library/Caches/creator-platform-w3/ios-derived/Build/Products/Debug-iphonesimulator/QelvoraApp.app/Frameworks --scan-folder /Users/yingpengwang/Library/Caches/creator-platform-w3/ios-derived/Build/Products/Debug-iphonesimulator/QelvoraApp.app/PlugIns --scan-folder /Users/yingpengwang/Library/Caches/creator-platform-w3/ios-derived/Build/Products/Debug-iphonesimulator/QelvoraApp.app/SystemExtensions --scan-folder /Users/yingpengwang/Library/Caches/creator-platform-w3/ios-derived/Build/Products/Debug-iphonesimulator/QelvoraApp.app/Extensions --platform iphonesimulator --toolchain /Applications/Xcode.app/Contents/Developer/Toolchains/XcodeDefault.xctoolchain --destination /Users/yingpengwang/Library/Caches/creator-platform-w3/ios-derived/Build/Products/Debug-iphonesimulator/QelvoraApp.app/Frameworks --strip-bitcode --strip-bitcode-tool /Applications/Xcode.app/Contents/Developer/Toolchains/XcodeDefault.xctoolchain/usr/bin/bitcode_strip --emit-dependency-info /Users/yingpengwang/Library/Caches/creator-platform-w3/ios-derived/Build/Intermediates.noindex/QelvoraApp.build/Debug-iphonesimulator/QelvoraApp.build/SwiftStdLibToolInputDependencies.dep --filter-for-swift-os

ExtractAppIntentsMetadata (in target 'QelvoraApp' from project 'QelvoraApp')
    cd /Users/yingpengwang/estimate-rescue/creator-platform/w3-fan-conversations-chat-55cfcc/apps/ios
    /Applications/Xcode.app/Contents/Developer/Toolchains/XcodeDefault.xctoolchain/usr/bin/appintentsmetadataprocessor --toolchain-dir /Applications/Xcode.app/Contents/Developer/Toolchains/XcodeDefault.xctoolchain --module-name QelvoraApp --sdk-root /Applications/Xcode.app/Contents/Developer/Platforms/iPhoneSimulator.platform/Developer/SDKs/iPhoneSimulator27.0.sdk --xcode-version 27A266a --platform-family iOS --deployment-target 17.0 --bundle-identifier com.pantopus.qelvora --output /Users/yingpengwang/Library/Caches/creator-platform-w3/ios-derived/Build/Products/Debug-iphonesimulator/QelvoraApp.app --target-triple arm64-apple-ios17.0-simulator --binary-file /Users/yingpengwang/Library/Caches/creator-platform-w3/ios-derived/Build/Products/Debug-iphonesimulator/QelvoraApp.app/QelvoraApp --dependency-file /Users/yingpengwang/Library/Caches/creator-platform-w3/ios-derived/Build/Intermediates.noindex/QelvoraApp.build/Debug-iphonesimulator/QelvoraApp.build/Objects-normal/arm64/QelvoraApp_dependency_info.dat --stringsdata-file /Users/yingpengwang/Library/Caches/creator-platform-w3/ios-derived/Build/Intermediates.noindex/QelvoraApp.build/Debug-iphonesimulator/QelvoraApp.build/Objects-normal/arm64/ExtractedAppShortcutsMetadata.stringsdata --source-file-list /Users/yingpengwang/Library/Caches/creator-platform-w3/ios-derived/Build/Intermediates.noindex/QelvoraApp.build/Debug-iphonesimulator/QelvoraApp.build/Objects-normal/arm64/QelvoraApp.SwiftFileList --metadata-file-list /Users/yingpengwang/Library/Caches/creator-platform-w3/ios-derived/Build/Intermediates.noindex/QelvoraApp.build/Debug-iphonesimulator/QelvoraApp.build/QelvoraApp.DependencyMetadataFileList --static-metadata-file-list /Users/yingpengwang/Library/Caches/creator-platform-w3/ios-derived/Build/Intermediates.noindex/QelvoraApp.build/Debug-iphonesimulator/QelvoraApp.build/QelvoraApp.DependencyStaticMetadataFileList --swift-const-vals-list /Users/yingpengwang/Library/Caches/creator-platform-w3/ios-derived/Build/Intermediates.noindex/QelvoraApp.build/Debug-iphonesimulator/QelvoraApp.build/Objects-normal/arm64/QelvoraApp.SwiftConstValuesFileList --compile-time-extraction --deployment-aware-processing --no-app-shortcuts-localization
2026-10-02 12:17:28.778 appintentsmetadataprocessor[28488:45524206] Starting appintentsmetadataprocessor export
2026-10-02 12:17:28.779 appintentsmetadataprocessor[28488:45524206] warning: Metadata extraction skipped, no AppIntents.framework dependency found

AppIntentsSSUTraining (in target 'QelvoraApp' from project 'QelvoraApp')
    cd /Users/yingpengwang/estimate-rescue/creator-platform/w3-fan-conversations-chat-55cfcc/apps/ios
    /Applications/Xcode.app/Contents/Developer/Toolchains/XcodeDefault.xctoolchain/usr/bin/appintentsnltrainingprocessor --infoplist-path /Users/yingpengwang/Library/Caches/creator-platform-w3/ios-derived/Build/Products/Debug-iphonesimulator/QelvoraApp.app/Info.plist --temp-dir-path /Users/yingpengwang/Library/Caches/creator-platform-w3/ios-derived/Build/Intermediates.noindex/QelvoraApp.build/Debug-iphonesimulator/QelvoraApp.build/ssu --bundle-id com.pantopus.qelvora --product-path /Users/yingpengwang/Library/Caches/creator-platform-w3/ios-derived/Build/Products/Debug-iphonesimulator/QelvoraApp.app --extracted-metadata-path /Users/yingpengwang/Library/Caches/creator-platform-w3/ios-derived/Build/Products/Debug-iphonesimulator/QelvoraApp.app/Metadata.appintents --metadata-file-list /Users/yingpengwang/Library/Caches/creator-platform-w3/ios-derived/Build/Intermediates.noindex/QelvoraApp.build/Debug-iphonesimulator/QelvoraApp.build/QelvoraApp.DependencyMetadataFileList --source-file /Users/yingpengwang/Library/Caches/creator-platform-w3/ios-derived/Build/Products/Debug-iphonesimulator/QelvoraApp.app/Info.plist --archive-ssu-assets
2026-10-02 12:17:28.807 appintentsnltrainingprocessor[28489:45524207] Parsing options for appintentsnltrainingprocessor
2026-10-02 12:17:28.808 appintentsnltrainingprocessor[28489:45524207] Starting AppIntents SSU YAML Generation
2026-10-02 12:17:28.809 appintentsnltrainingprocessor[28489:45524207] No AppShortcuts found - Skipping.

CodeSign /Users/yingpengwang/Library/Caches/creator-platform-w3/ios-derived/Build/Products/Debug-iphonesimulator/QelvoraApp.app/QelvoraApp.debug.dylib (in target 'QelvoraApp' from project 'QelvoraApp')
    cd /Users/yingpengwang/estimate-rescue/creator-platform/w3-fan-conversations-chat-55cfcc/apps/ios
    
    Signing Identity:     "Sign to Run Locally"
    
    /usr/bin/codesign --force --sign - --timestamp\=none --generate-entitlement-der /Users/yingpengwang/Library/Caches/creator-platform-w3/ios-derived/Build/Products/Debug-iphonesimulator/QelvoraApp.app/QelvoraApp.debug.dylib

CodeSign /Users/yingpengwang/Library/Caches/creator-platform-w3/ios-derived/Build/Products/Debug-iphonesimulator/QelvoraApp.app/__preview.dylib (in target 'QelvoraApp' from project 'QelvoraApp')
    cd /Users/yingpengwang/estimate-rescue/creator-platform/w3-fan-conversations-chat-55cfcc/apps/ios
    
    Signing Identity:     "Sign to Run Locally"
    
    /usr/bin/codesign --force --sign - --timestamp\=none --generate-entitlement-der /Users/yingpengwang/Library/Caches/creator-platform-w3/ios-derived/Build/Products/Debug-iphonesimulator/QelvoraApp.app/__preview.dylib
/Users/yingpengwang/Library/Caches/creator-platform-w3/ios-derived/Build/Products/Debug-iphonesimulator/QelvoraApp.app/__preview.dylib: replacing existing signature

CodeSign /Users/yingpengwang/Library/Caches/creator-platform-w3/ios-derived/Build/Products/Debug-iphonesimulator/QelvoraApp.app (in target 'QelvoraApp' from project 'QelvoraApp')
    cd /Users/yingpengwang/estimate-rescue/creator-platform/w3-fan-conversations-chat-55cfcc/apps/ios
    
    Signing Identity:     "Sign to Run Locally"
    
    /usr/bin/codesign --force --sign - --timestamp\=none --generate-entitlement-der /Users/yingpengwang/Library/Caches/creator-platform-w3/ios-derived/Build/Products/Debug-iphonesimulator/QelvoraApp.app

Validate /Users/yingpengwang/Library/Caches/creator-platform-w3/ios-derived/Build/Products/Debug-iphonesimulator/QelvoraApp.app (in target 'QelvoraApp' from project 'QelvoraApp')
    cd /Users/yingpengwang/estimate-rescue/creator-platform/w3-fan-conversations-chat-55cfcc/apps/ios
    builtin-validationUtility /Users/yingpengwang/Library/Caches/creator-platform-w3/ios-derived/Build/Products/Debug-iphonesimulator/QelvoraApp.app -shallow-bundle -infoplist-subpath Info.plist

PruneExplicitPrecompiledModules /Users/yingpengwang/Library/Caches/creator-platform-w3/ios-derived/Build/Intermediates.noindex/ExplicitPrecompiledModules

PruneExplicitPrecompiledModules /Users/yingpengwang/Library/Caches/creator-platform-w3/ios-derived/SDKExplicitPrecompiledModules

PruneExplicitPrecompiledModules /Users/yingpengwang/Library/Caches/creator-platform-w3/ios-derived/Build/Intermediates.noindex/SwiftExplicitPrecompiledModules

** BUILD SUCCEEDED **

