Command line invocation:
    /Applications/Xcode.app/Contents/Developer/usr/bin/xcodebuild build -project apps/ios/QelvoraApp.xcodeproj -scheme QelvoraApp -configuration Debug -destination "platform=iOS Simulator,id=FAB31883-2F36-4E50-83B3-D9654B60FF00" -derivedDataPath /private/tmp/creator-platform-w7-active-20261001/ios-derived CODE_SIGNING_ALLOWED=NO

Build settings from command line:
    CODE_SIGNING_ALLOWED = NO

Resolve Package Graph

Fetching from https://github.com/pointfreeco/swift-custom-dump (cached)

Fetching from https://github.com/pointfreeco/swift-issue-reporting (cached)

Fetching from https://github.com/pointfreeco/swift-snapshot-testing.git (cached)

Fetching from https://github.com/swiftlang/swift-syntax (cached)

Creating working copy of package ‘swift-issue-reporting’

Checking out 2.1.1 of package ‘swift-issue-reporting’

Creating working copy of package ‘swift-syntax’

Checking out 604.0.0 of package ‘swift-syntax’

Creating working copy of package ‘swift-snapshot-testing’

Checking out 1.19.6 of package ‘swift-snapshot-testing’

Creating working copy of package ‘swift-custom-dump’

Checking out 1.7.3 of package ‘swift-custom-dump’


Resolved source packages:
  swift-issue-reporting: https://github.com/pointfreeco/swift-issue-reporting @ 2.1.1
  QelvoraNative: /Users/yingpengwang/estimate-rescue/creator-platform/w7-completion-840545/apps/ios
  swift-custom-dump: https://github.com/pointfreeco/swift-custom-dump @ 1.7.3
  swift-snapshot-testing: https://github.com/pointfreeco/swift-snapshot-testing.git @ 1.19.6
  swift-syntax: https://github.com/swiftlang/swift-syntax @ 604.0.0

ComputePackagePrebuildTargetDependencyGraph

Prepare packages

CreateBuildRequest

SendProjectDescription

CreateBuildOperation

ComputeTargetDependencyGraph
note: Building targets in dependency order
note: Target dependency graph (4 targets)
    Target 'QelvoraApp' in project 'QelvoraApp'
        ➜ Explicit dependency on target 'QelvoraUI-product' in project 'QelvoraNative'
    Target 'QelvoraUI-product' in project 'QelvoraNative'
        ➜ Explicit dependency on target 'QelvoraUI' in project 'QelvoraNative'
        ➜ Explicit dependency on target 'QelvoraNative_QelvoraUI' in project 'QelvoraNative'
    Target 'QelvoraUI' in project 'QelvoraNative'
        ➜ Explicit dependency on target 'QelvoraNative_QelvoraUI' in project 'QelvoraNative'
    Target 'QelvoraNative_QelvoraUI' in project 'QelvoraNative' (no dependencies)

GatherProvisioningInputs

CreateBuildDescription

ExecuteExternalTool /Applications/Xcode.app/Contents/Developer/Toolchains/XcodeDefault.xctoolchain/usr/bin/clang -v -E -dM -isysroot /Applications/Xcode.app/Contents/Developer/Platforms/iPhoneSimulator.platform/Developer/SDKs/iPhoneSimulator27.0.sdk -x c -c /dev/null

ExecuteExternalTool /Applications/Xcode.app/Contents/Developer/Toolchains/XcodeDefault.xctoolchain/usr/bin/swiftc --version

ExecuteExternalTool /Applications/Xcode.app/Contents/Developer/usr/bin/xcstringstool compile --dry-run --output-directory /tmp/creator-platform-w7-active-20261001/ios-derived/Build/Intermediates.noindex/QelvoraNative.build/Debug-iphonesimulator/QelvoraNative_QelvoraUI-b.build /Users/yingpengwang/estimate-rescue/creator-platform/w7-completion-840545/apps/ios/Sources/Generated/Localizable.xcstrings

ExecuteExternalTool /Applications/Xcode.app/Contents/Developer/Toolchains/XcodeDefault.xctoolchain/usr/bin/ld -version_details

Build description signature: fd9d43010bea2e7507292dbcb5f395e9
Build description path: /tmp/creator-platform-w7-active-20261001/ios-derived/Build/Intermediates.noindex/XCBuildData/fd9d43010bea2e7507292dbcb5f395e9.xcbuilddata
CreateBuildDirectory /tmp/creator-platform-w7-active-20261001/ios-derived/ModuleCache.noindex
    cd /Users/yingpengwang/estimate-rescue/creator-platform/w7-completion-840545/apps/ios/QelvoraApp.xcodeproj
    builtin-create-build-directory /tmp/creator-platform-w7-active-20261001/ios-derived/ModuleCache.noindex

CreateBuildDirectory /tmp/creator-platform-w7-active-20261001/ios-derived/SDKExplicitPrecompiledModules
    cd /Users/yingpengwang/estimate-rescue/creator-platform/w7-completion-840545/apps/ios/QelvoraApp.xcodeproj
    builtin-create-build-directory /tmp/creator-platform-w7-active-20261001/ios-derived/SDKExplicitPrecompiledModules

CreateBuildDirectory /tmp/creator-platform-w7-active-20261001/ios-derived/CompilationCache.noindex
    cd /Users/yingpengwang/estimate-rescue/creator-platform/w7-completion-840545/apps/ios/QelvoraApp.xcodeproj
    builtin-create-build-directory /tmp/creator-platform-w7-active-20261001/ios-derived/CompilationCache.noindex

ClangStatCache /Applications/Xcode.app/Contents/Developer/Toolchains/XcodeDefault.xctoolchain/usr/bin/clang-stat-cache /Applications/Xcode.app/Contents/Developer/Platforms/iPhoneSimulator.platform/Developer/SDKs/iPhoneSimulator27.0.sdk /tmp/creator-platform-w7-active-20261001/ios-derived/SDKStatCaches.noindex/iphonesimulator27.0-24A430-8dc58220667be655e1bcc261a7455254.sdkstatcache
    cd /Users/yingpengwang/estimate-rescue/creator-platform/w7-completion-840545/apps/ios/QelvoraApp.xcodeproj
    /Applications/Xcode.app/Contents/Developer/Toolchains/XcodeDefault.xctoolchain/usr/bin/clang-stat-cache /Applications/Xcode.app/Contents/Developer/Platforms/iPhoneSimulator.platform/Developer/SDKs/iPhoneSimulator27.0.sdk -o /tmp/creator-platform-w7-active-20261001/ios-derived/SDKStatCaches.noindex/iphonesimulator27.0-24A430-8dc58220667be655e1bcc261a7455254.sdkstatcache

CreateBuildDirectory /tmp/creator-platform-w7-active-20261001/ios-derived/Build/Products
    cd /Users/yingpengwang/estimate-rescue/creator-platform/w7-completion-840545/apps/ios/QelvoraApp.xcodeproj
    builtin-create-build-directory /tmp/creator-platform-w7-active-20261001/ios-derived/Build/Products

CreateBuildDirectory /tmp/creator-platform-w7-active-20261001/ios-derived/Build/Intermediates.noindex
    cd /Users/yingpengwang/estimate-rescue/creator-platform/w7-completion-840545/apps/ios/QelvoraApp.xcodeproj
    builtin-create-build-directory /tmp/creator-platform-w7-active-20261001/ios-derived/Build/Intermediates.noindex

CreateBuildDirectory /tmp/creator-platform-w7-active-20261001/ios-derived/Build/Intermediates.noindex/SwiftExplicitPrecompiledModules
    cd /Users/yingpengwang/estimate-rescue/creator-platform/w7-completion-840545/apps/ios/QelvoraApp.xcodeproj
    builtin-create-build-directory /tmp/creator-platform-w7-active-20261001/ios-derived/Build/Intermediates.noindex/SwiftExplicitPrecompiledModules

CreateBuildDirectory /tmp/creator-platform-w7-active-20261001/ios-derived/Build/Intermediates.noindex/PrecompiledHeaders
    cd /Users/yingpengwang/estimate-rescue/creator-platform/w7-completion-840545/apps/ios/QelvoraApp.xcodeproj
    builtin-create-build-directory /tmp/creator-platform-w7-active-20261001/ios-derived/Build/Intermediates.noindex/PrecompiledHeaders

CreateBuildDirectory /tmp/creator-platform-w7-active-20261001/ios-derived/Build/Intermediates.noindex/ExplicitPrecompiledModules
    cd /Users/yingpengwang/estimate-rescue/creator-platform/w7-completion-840545/apps/ios/QelvoraApp.xcodeproj
    builtin-create-build-directory /tmp/creator-platform-w7-active-20261001/ios-derived/Build/Intermediates.noindex/ExplicitPrecompiledModules

CreateBuildDirectory /tmp/creator-platform-w7-active-20261001/ios-derived/Build/Intermediates.noindex/EagerLinkingTBDs/Debug-iphonesimulator
    cd /Users/yingpengwang/estimate-rescue/creator-platform/w7-completion-840545/apps/ios/QelvoraApp.xcodeproj
    builtin-create-build-directory /tmp/creator-platform-w7-active-20261001/ios-derived/Build/Intermediates.noindex/EagerLinkingTBDs/Debug-iphonesimulator

WriteAuxiliaryFile /tmp/creator-platform-w7-active-20261001/ios-derived/Build/Intermediates.noindex/QelvoraApp.build/Debug-iphonesimulator/QelvoraApp-29b244ef777fcfbcbef7f347c6fce175-VFS-iphonesimulator/all-product-headers.yaml
    cd /Users/yingpengwang/estimate-rescue/creator-platform/w7-completion-840545/apps/ios/QelvoraApp.xcodeproj
    write-file /tmp/creator-platform-w7-active-20261001/ios-derived/Build/Intermediates.noindex/QelvoraApp.build/Debug-iphonesimulator/QelvoraApp-29b244ef777fcfbcbef7f347c6fce175-VFS-iphonesimulator/all-product-headers.yaml

CreateBuildDirectory /tmp/creator-platform-w7-active-20261001/ios-derived/Build/Products/Debug-iphonesimulator
    cd /Users/yingpengwang/estimate-rescue/creator-platform/w7-completion-840545/apps/ios/QelvoraApp.xcodeproj
    builtin-create-build-directory /tmp/creator-platform-w7-active-20261001/ios-derived/Build/Products/Debug-iphonesimulator

CreateBuildDirectory /tmp/creator-platform-w7-active-20261001/ios-derived/Build/Products/Debug-iphonesimulator/PackageFrameworks
    cd /Users/yingpengwang/estimate-rescue/creator-platform/w7-completion-840545/apps/ios/QelvoraApp.xcodeproj
    builtin-create-build-directory /tmp/creator-platform-w7-active-20261001/ios-derived/Build/Products/Debug-iphonesimulator/PackageFrameworks

WriteAuxiliaryFile /tmp/creator-platform-w7-active-20261001/ios-derived/Build/Intermediates.noindex/QelvoraNative.build/Debug-iphonesimulator/QelvoraUI-t.build/QelvoraUI.DependencyMetadataFileList (in target 'QelvoraUI' from project 'QelvoraNative')
    cd /Users/yingpengwang/estimate-rescue/creator-platform/w7-completion-840545/apps/ios
    write-file /tmp/creator-platform-w7-active-20261001/ios-derived/Build/Intermediates.noindex/QelvoraNative.build/Debug-iphonesimulator/QelvoraUI-t.build/QelvoraUI.DependencyMetadataFileList

WriteAuxiliaryFile /tmp/creator-platform-w7-active-20261001/ios-derived/Build/Intermediates.noindex/QelvoraNative.build/Debug-iphonesimulator/QelvoraUI-t.build/QelvoraUI.modulemap (in target 'QelvoraUI' from project 'QelvoraNative')
    cd /Users/yingpengwang/estimate-rescue/creator-platform/w7-completion-840545/apps/ios
    write-file /tmp/creator-platform-w7-active-20261001/ios-derived/Build/Intermediates.noindex/QelvoraNative.build/Debug-iphonesimulator/QelvoraUI-t.build/QelvoraUI.modulemap

WriteAuxiliaryFile /tmp/creator-platform-w7-active-20261001/ios-derived/Build/Intermediates.noindex/QelvoraNative.build/Debug-iphonesimulator/QelvoraUI-t.build/QelvoraUI.DependencyStaticMetadataFileList (in target 'QelvoraUI' from project 'QelvoraNative')
    cd /Users/yingpengwang/estimate-rescue/creator-platform/w7-completion-840545/apps/ios
    write-file /tmp/creator-platform-w7-active-20261001/ios-derived/Build/Intermediates.noindex/QelvoraNative.build/Debug-iphonesimulator/QelvoraUI-t.build/QelvoraUI.DependencyStaticMetadataFileList

WriteAuxiliaryFile /tmp/creator-platform-w7-active-20261001/ios-derived/Build/Intermediates.noindex/QelvoraNative.build/Debug-iphonesimulator/QelvoraUI-t.build/Objects-normal/arm64/QelvoraUI.SwiftFileList (in target 'QelvoraUI' from project 'QelvoraNative')
    cd /Users/yingpengwang/estimate-rescue/creator-platform/w7-completion-840545/apps/ios
    write-file /tmp/creator-platform-w7-active-20261001/ios-derived/Build/Intermediates.noindex/QelvoraNative.build/Debug-iphonesimulator/QelvoraUI-t.build/Objects-normal/arm64/QelvoraUI.SwiftFileList

WriteAuxiliaryFile /tmp/creator-platform-w7-active-20261001/ios-derived/Build/Intermediates.noindex/QelvoraNative.build/Debug-iphonesimulator/QelvoraUI-t.build/Objects-normal/arm64/QelvoraUI.SwiftConstValuesFileList (in target 'QelvoraUI' from project 'QelvoraNative')
    cd /Users/yingpengwang/estimate-rescue/creator-platform/w7-completion-840545/apps/ios
    write-file /tmp/creator-platform-w7-active-20261001/ios-derived/Build/Intermediates.noindex/QelvoraNative.build/Debug-iphonesimulator/QelvoraUI-t.build/Objects-normal/arm64/QelvoraUI.SwiftConstValuesFileList

WriteAuxiliaryFile /tmp/creator-platform-w7-active-20261001/ios-derived/Build/Intermediates.noindex/QelvoraNative.build/Debug-iphonesimulator/QelvoraUI-t.build/Objects-normal/arm64/QelvoraUI_const_extract_protocols.json (in target 'QelvoraUI' from project 'QelvoraNative')
    cd /Users/yingpengwang/estimate-rescue/creator-platform/w7-completion-840545/apps/ios
    write-file /tmp/creator-platform-w7-active-20261001/ios-derived/Build/Intermediates.noindex/QelvoraNative.build/Debug-iphonesimulator/QelvoraUI-t.build/Objects-normal/arm64/QelvoraUI_const_extract_protocols.json

WriteAuxiliaryFile /tmp/creator-platform-w7-active-20261001/ios-derived/Build/Intermediates.noindex/QelvoraNative.build/Debug-iphonesimulator/QelvoraUI-t.build/Objects-normal/arm64/QelvoraUI.LinkFileList (in target 'QelvoraUI' from project 'QelvoraNative')
    cd /Users/yingpengwang/estimate-rescue/creator-platform/w7-completion-840545/apps/ios
    write-file /tmp/creator-platform-w7-active-20261001/ios-derived/Build/Intermediates.noindex/QelvoraNative.build/Debug-iphonesimulator/QelvoraUI-t.build/Objects-normal/arm64/QelvoraUI.LinkFileList

WriteAuxiliaryFile /tmp/creator-platform-w7-active-20261001/ios-derived/Build/Intermediates.noindex/QelvoraNative.build/Debug-iphonesimulator/QelvoraUI-t.build/Objects-normal/arm64/QelvoraUI-OutputFileMap.json (in target 'QelvoraUI' from project 'QelvoraNative')
    cd /Users/yingpengwang/estimate-rescue/creator-platform/w7-completion-840545/apps/ios
    write-file /tmp/creator-platform-w7-active-20261001/ios-derived/Build/Intermediates.noindex/QelvoraNative.build/Debug-iphonesimulator/QelvoraUI-t.build/Objects-normal/arm64/QelvoraUI-OutputFileMap.json

WriteAuxiliaryFile /tmp/creator-platform-w7-active-20261001/ios-derived/Build/Intermediates.noindex/QelvoraNative.build/Debug-iphonesimulator/QelvoraUI-t.build/DerivedSources/resource_bundle_accessor.swift (in target 'QelvoraUI' from project 'QelvoraNative')
    cd /Users/yingpengwang/estimate-rescue/creator-platform/w7-completion-840545/apps/ios
    write-file /tmp/creator-platform-w7-active-20261001/ios-derived/Build/Intermediates.noindex/QelvoraNative.build/Debug-iphonesimulator/QelvoraUI-t.build/DerivedSources/resource_bundle_accessor.swift

WriteAuxiliaryFile /tmp/creator-platform-w7-active-20261001/ios-derived/Build/Intermediates.noindex/QelvoraNative.build/Debug-iphonesimulator/QelvoraNative_QelvoraUI-b.build/empty-QelvoraNative_QelvoraUI.plist (in target 'QelvoraNative_QelvoraUI' from project 'QelvoraNative')
    cd /Users/yingpengwang/estimate-rescue/creator-platform/w7-completion-840545/apps/ios
    write-file /tmp/creator-platform-w7-active-20261001/ios-derived/Build/Intermediates.noindex/QelvoraNative.build/Debug-iphonesimulator/QelvoraNative_QelvoraUI-b.build/empty-QelvoraNative_QelvoraUI.plist

WriteAuxiliaryFile /tmp/creator-platform-w7-active-20261001/ios-derived/Build/Intermediates.noindex/QelvoraNative.build/Debug-iphonesimulator/QelvoraNative_QelvoraUI-b.build/QelvoraNative_QelvoraUI.DependencyStaticMetadataFileList (in target 'QelvoraNative_QelvoraUI' from project 'QelvoraNative')
    cd /Users/yingpengwang/estimate-rescue/creator-platform/w7-completion-840545/apps/ios
    write-file /tmp/creator-platform-w7-active-20261001/ios-derived/Build/Intermediates.noindex/QelvoraNative.build/Debug-iphonesimulator/QelvoraNative_QelvoraUI-b.build/QelvoraNative_QelvoraUI.DependencyStaticMetadataFileList

WriteAuxiliaryFile /tmp/creator-platform-w7-active-20261001/ios-derived/Build/Intermediates.noindex/QelvoraNative.build/Debug-iphonesimulator/QelvoraNative_QelvoraUI-b.build/QelvoraNative_QelvoraUI.DependencyMetadataFileList (in target 'QelvoraNative_QelvoraUI' from project 'QelvoraNative')
    cd /Users/yingpengwang/estimate-rescue/creator-platform/w7-completion-840545/apps/ios
    write-file /tmp/creator-platform-w7-active-20261001/ios-derived/Build/Intermediates.noindex/QelvoraNative.build/Debug-iphonesimulator/QelvoraNative_QelvoraUI-b.build/QelvoraNative_QelvoraUI.DependencyMetadataFileList

WriteAuxiliaryFile /tmp/creator-platform-w7-active-20261001/ios-derived/Build/Intermediates.noindex/QelvoraApp.build/Debug-iphonesimulator/QelvoraApp.build/QelvoraApp.DependencyStaticMetadataFileList (in target 'QelvoraApp' from project 'QelvoraApp')
    cd /Users/yingpengwang/estimate-rescue/creator-platform/w7-completion-840545/apps/ios
    write-file /tmp/creator-platform-w7-active-20261001/ios-derived/Build/Intermediates.noindex/QelvoraApp.build/Debug-iphonesimulator/QelvoraApp.build/QelvoraApp.DependencyStaticMetadataFileList

WriteAuxiliaryFile /tmp/creator-platform-w7-active-20261001/ios-derived/Build/Intermediates.noindex/QelvoraApp.build/Debug-iphonesimulator/QelvoraApp.build/QelvoraApp.hmap (in target 'QelvoraApp' from project 'QelvoraApp')
    cd /Users/yingpengwang/estimate-rescue/creator-platform/w7-completion-840545/apps/ios
    write-file /tmp/creator-platform-w7-active-20261001/ios-derived/Build/Intermediates.noindex/QelvoraApp.build/Debug-iphonesimulator/QelvoraApp.build/QelvoraApp.hmap

WriteAuxiliaryFile /tmp/creator-platform-w7-active-20261001/ios-derived/Build/Intermediates.noindex/QelvoraApp.build/Debug-iphonesimulator/QelvoraApp.build/QelvoraApp.DependencyMetadataFileList (in target 'QelvoraApp' from project 'QelvoraApp')
    cd /Users/yingpengwang/estimate-rescue/creator-platform/w7-completion-840545/apps/ios
    write-file /tmp/creator-platform-w7-active-20261001/ios-derived/Build/Intermediates.noindex/QelvoraApp.build/Debug-iphonesimulator/QelvoraApp.build/QelvoraApp.DependencyMetadataFileList

WriteAuxiliaryFile /tmp/creator-platform-w7-active-20261001/ios-derived/Build/Intermediates.noindex/QelvoraApp.build/Debug-iphonesimulator/QelvoraApp.build/QelvoraApp-project-headers.hmap (in target 'QelvoraApp' from project 'QelvoraApp')
    cd /Users/yingpengwang/estimate-rescue/creator-platform/w7-completion-840545/apps/ios
    write-file /tmp/creator-platform-w7-active-20261001/ios-derived/Build/Intermediates.noindex/QelvoraApp.build/Debug-iphonesimulator/QelvoraApp.build/QelvoraApp-project-headers.hmap

Copy /tmp/creator-platform-w7-active-20261001/ios-derived/Build/Intermediates.noindex/GeneratedModuleMaps-iphonesimulator/QelvoraUI.modulemap /tmp/creator-platform-w7-active-20261001/ios-derived/Build/Intermediates.noindex/QelvoraNative.build/Debug-iphonesimulator/QelvoraUI-t.build/QelvoraUI.modulemap (in target 'QelvoraUI' from project 'QelvoraNative')
    cd /Users/yingpengwang/estimate-rescue/creator-platform/w7-completion-840545/apps/ios
    builtin-copy -exclude .DS_Store -exclude CVS -exclude .svn -exclude .git -exclude .hg -resolve-src-symlinks /tmp/creator-platform-w7-active-20261001/ios-derived/Build/Intermediates.noindex/QelvoraNative.build/Debug-iphonesimulator/QelvoraUI-t.build/QelvoraUI.modulemap /tmp/creator-platform-w7-active-20261001/ios-derived/Build/Intermediates.noindex/GeneratedModuleMaps-iphonesimulator

WriteAuxiliaryFile /tmp/creator-platform-w7-active-20261001/ios-derived/Build/Intermediates.noindex/QelvoraApp.build/Debug-iphonesimulator/QelvoraApp.build/QelvoraApp-own-target-headers.hmap (in target 'QelvoraApp' from project 'QelvoraApp')
    cd /Users/yingpengwang/estimate-rescue/creator-platform/w7-completion-840545/apps/ios
    write-file /tmp/creator-platform-w7-active-20261001/ios-derived/Build/Intermediates.noindex/QelvoraApp.build/Debug-iphonesimulator/QelvoraApp.build/QelvoraApp-own-target-headers.hmap

WriteAuxiliaryFile /tmp/creator-platform-w7-active-20261001/ios-derived/Build/Intermediates.noindex/QelvoraApp.build/Debug-iphonesimulator/QelvoraApp.build/QelvoraApp-generated-files.hmap (in target 'QelvoraApp' from project 'QelvoraApp')
    cd /Users/yingpengwang/estimate-rescue/creator-platform/w7-completion-840545/apps/ios
    write-file /tmp/creator-platform-w7-active-20261001/ios-derived/Build/Intermediates.noindex/QelvoraApp.build/Debug-iphonesimulator/QelvoraApp.build/QelvoraApp-generated-files.hmap

WriteAuxiliaryFile /tmp/creator-platform-w7-active-20261001/ios-derived/Build/Intermediates.noindex/QelvoraApp.build/Debug-iphonesimulator/QelvoraApp.build/QelvoraApp-all-target-headers.hmap (in target 'QelvoraApp' from project 'QelvoraApp')
    cd /Users/yingpengwang/estimate-rescue/creator-platform/w7-completion-840545/apps/ios
    write-file /tmp/creator-platform-w7-active-20261001/ios-derived/Build/Intermediates.noindex/QelvoraApp.build/Debug-iphonesimulator/QelvoraApp.build/QelvoraApp-all-target-headers.hmap

WriteAuxiliaryFile /tmp/creator-platform-w7-active-20261001/ios-derived/Build/Intermediates.noindex/QelvoraApp.build/Debug-iphonesimulator/QelvoraApp.build/QelvoraApp-all-non-framework-target-headers.hmap (in target 'QelvoraApp' from project 'QelvoraApp')
    cd /Users/yingpengwang/estimate-rescue/creator-platform/w7-completion-840545/apps/ios
    write-file /tmp/creator-platform-w7-active-20261001/ios-derived/Build/Intermediates.noindex/QelvoraApp.build/Debug-iphonesimulator/QelvoraApp.build/QelvoraApp-all-non-framework-target-headers.hmap

WriteAuxiliaryFile /tmp/creator-platform-w7-active-20261001/ios-derived/Build/Intermediates.noindex/QelvoraApp.build/Debug-iphonesimulator/QelvoraApp.build/QelvoraApp-DebugDylibPath-normal-arm64.txt (in target 'QelvoraApp' from project 'QelvoraApp')
    cd /Users/yingpengwang/estimate-rescue/creator-platform/w7-completion-840545/apps/ios
    write-file /tmp/creator-platform-w7-active-20261001/ios-derived/Build/Intermediates.noindex/QelvoraApp.build/Debug-iphonesimulator/QelvoraApp.build/QelvoraApp-DebugDylibPath-normal-arm64.txt

WriteAuxiliaryFile /tmp/creator-platform-w7-active-20261001/ios-derived/Build/Intermediates.noindex/QelvoraApp.build/Debug-iphonesimulator/QelvoraApp.build/QelvoraApp-DebugDylibInstallName-normal-arm64.txt (in target 'QelvoraApp' from project 'QelvoraApp')
    cd /Users/yingpengwang/estimate-rescue/creator-platform/w7-completion-840545/apps/ios
    write-file /tmp/creator-platform-w7-active-20261001/ios-derived/Build/Intermediates.noindex/QelvoraApp.build/Debug-iphonesimulator/QelvoraApp.build/QelvoraApp-DebugDylibInstallName-normal-arm64.txt

WriteAuxiliaryFile /tmp/creator-platform-w7-active-20261001/ios-derived/Build/Intermediates.noindex/QelvoraApp.build/Debug-iphonesimulator/QelvoraApp.build/Objects-normal/arm64/QelvoraApp.SwiftConstValuesFileList (in target 'QelvoraApp' from project 'QelvoraApp')
    cd /Users/yingpengwang/estimate-rescue/creator-platform/w7-completion-840545/apps/ios
    write-file /tmp/creator-platform-w7-active-20261001/ios-derived/Build/Intermediates.noindex/QelvoraApp.build/Debug-iphonesimulator/QelvoraApp.build/Objects-normal/arm64/QelvoraApp.SwiftConstValuesFileList

WriteAuxiliaryFile /tmp/creator-platform-w7-active-20261001/ios-derived/Build/Intermediates.noindex/QelvoraApp.build/Debug-iphonesimulator/QelvoraApp.build/Objects-normal/arm64/QelvoraApp_const_extract_protocols.json (in target 'QelvoraApp' from project 'QelvoraApp')
    cd /Users/yingpengwang/estimate-rescue/creator-platform/w7-completion-840545/apps/ios
    write-file /tmp/creator-platform-w7-active-20261001/ios-derived/Build/Intermediates.noindex/QelvoraApp.build/Debug-iphonesimulator/QelvoraApp.build/Objects-normal/arm64/QelvoraApp_const_extract_protocols.json

WriteAuxiliaryFile /tmp/creator-platform-w7-active-20261001/ios-derived/Build/Intermediates.noindex/QelvoraApp.build/Debug-iphonesimulator/QelvoraApp.build/Objects-normal/arm64/QelvoraApp.SwiftFileList (in target 'QelvoraApp' from project 'QelvoraApp')
    cd /Users/yingpengwang/estimate-rescue/creator-platform/w7-completion-840545/apps/ios
    write-file /tmp/creator-platform-w7-active-20261001/ios-derived/Build/Intermediates.noindex/QelvoraApp.build/Debug-iphonesimulator/QelvoraApp.build/Objects-normal/arm64/QelvoraApp.SwiftFileList

WriteAuxiliaryFile /tmp/creator-platform-w7-active-20261001/ios-derived/Build/Intermediates.noindex/QelvoraApp.build/Debug-iphonesimulator/QelvoraApp.build/Objects-normal/arm64/QelvoraApp.LinkFileList (in target 'QelvoraApp' from project 'QelvoraApp')
    cd /Users/yingpengwang/estimate-rescue/creator-platform/w7-completion-840545/apps/ios
    write-file /tmp/creator-platform-w7-active-20261001/ios-derived/Build/Intermediates.noindex/QelvoraApp.build/Debug-iphonesimulator/QelvoraApp.build/Objects-normal/arm64/QelvoraApp.LinkFileList

WriteAuxiliaryFile /tmp/creator-platform-w7-active-20261001/ios-derived/Build/Intermediates.noindex/QelvoraApp.build/Debug-iphonesimulator/QelvoraApp.build/Objects-normal/arm64/QelvoraApp-OutputFileMap.json (in target 'QelvoraApp' from project 'QelvoraApp')
    cd /Users/yingpengwang/estimate-rescue/creator-platform/w7-completion-840545/apps/ios
    write-file /tmp/creator-platform-w7-active-20261001/ios-derived/Build/Intermediates.noindex/QelvoraApp.build/Debug-iphonesimulator/QelvoraApp.build/Objects-normal/arm64/QelvoraApp-OutputFileMap.json

MkDir /tmp/creator-platform-w7-active-20261001/ios-derived/Build/Products/Debug-iphonesimulator/QelvoraNative_QelvoraUI.bundle (in target 'QelvoraNative_QelvoraUI' from project 'QelvoraNative')
    cd /Users/yingpengwang/estimate-rescue/creator-platform/w7-completion-840545/apps/ios
    /bin/mkdir -p /tmp/creator-platform-w7-active-20261001/ios-derived/Build/Products/Debug-iphonesimulator/QelvoraNative_QelvoraUI.bundle

MkDir /tmp/creator-platform-w7-active-20261001/ios-derived/Build/Products/Debug-iphonesimulator/QelvoraApp.app (in target 'QelvoraApp' from project 'QelvoraApp')
    cd /Users/yingpengwang/estimate-rescue/creator-platform/w7-completion-840545/apps/ios
    /bin/mkdir -p /tmp/creator-platform-w7-active-20261001/ios-derived/Build/Products/Debug-iphonesimulator/QelvoraApp.app

ProcessInfoPlistFile /tmp/creator-platform-w7-active-20261001/ios-derived/Build/Products/Debug-iphonesimulator/QelvoraNative_QelvoraUI.bundle/Info.plist /tmp/creator-platform-w7-active-20261001/ios-derived/Build/Intermediates.noindex/QelvoraNative.build/Debug-iphonesimulator/QelvoraNative_QelvoraUI-b.build/empty-QelvoraNative_QelvoraUI.plist (in target 'QelvoraNative_QelvoraUI' from project 'QelvoraNative')
    cd /Users/yingpengwang/estimate-rescue/creator-platform/w7-completion-840545/apps/ios
    builtin-infoPlistUtility /tmp/creator-platform-w7-active-20261001/ios-derived/Build/Intermediates.noindex/QelvoraNative.build/Debug-iphonesimulator/QelvoraNative_QelvoraUI-b.build/empty-QelvoraNative_QelvoraUI.plist -producttype com.apple.product-type.bundle -expandbuildsettings -format binary -platform iphonesimulator -o /tmp/creator-platform-w7-active-20261001/ios-derived/Build/Products/Debug-iphonesimulator/QelvoraNative_QelvoraUI.bundle/Info.plist

CpResource /tmp/creator-platform-w7-active-20261001/ios-derived/Build/Products/Debug-iphonesimulator/QelvoraNative_QelvoraUI.bundle/Newsreader.ttf /Users/yingpengwang/estimate-rescue/creator-platform/w7-completion-840545/apps/ios/Sources/Resources/Fonts/Newsreader.ttf (in target 'QelvoraNative_QelvoraUI' from project 'QelvoraNative')
    cd /Users/yingpengwang/estimate-rescue/creator-platform/w7-completion-840545/apps/ios
    builtin-copy -exclude .DS_Store -exclude CVS -exclude .svn -exclude .git -exclude .hg -resolve-src-symlinks /Users/yingpengwang/estimate-rescue/creator-platform/w7-completion-840545/apps/ios/Sources/Resources/Fonts/Newsreader.ttf /tmp/creator-platform-w7-active-20261001/ios-derived/Build/Products/Debug-iphonesimulator/QelvoraNative_QelvoraUI.bundle

CpResource /tmp/creator-platform-w7-active-20261001/ios-derived/Build/Products/Debug-iphonesimulator/QelvoraNative_QelvoraUI.bundle/Newsreader-OFL.txt /Users/yingpengwang/estimate-rescue/creator-platform/w7-completion-840545/apps/ios/Sources/Resources/Fonts/Newsreader-OFL.txt (in target 'QelvoraNative_QelvoraUI' from project 'QelvoraNative')
    cd /Users/yingpengwang/estimate-rescue/creator-platform/w7-completion-840545/apps/ios
    builtin-copy -exclude .DS_Store -exclude CVS -exclude .svn -exclude .git -exclude .hg -resolve-src-symlinks /Users/yingpengwang/estimate-rescue/creator-platform/w7-completion-840545/apps/ios/Sources/Resources/Fonts/Newsreader-OFL.txt /tmp/creator-platform-w7-active-20261001/ios-derived/Build/Products/Debug-iphonesimulator/QelvoraNative_QelvoraUI.bundle

CpResource /tmp/creator-platform-w7-active-20261001/ios-derived/Build/Products/Debug-iphonesimulator/QelvoraNative_QelvoraUI.bundle/Glyphs.json /Users/yingpengwang/estimate-rescue/creator-platform/w7-completion-840545/apps/ios/Sources/Resources/Glyphs.json (in target 'QelvoraNative_QelvoraUI' from project 'QelvoraNative')
    cd /Users/yingpengwang/estimate-rescue/creator-platform/w7-completion-840545/apps/ios
    builtin-copy -exclude .DS_Store -exclude CVS -exclude .svn -exclude .git -exclude .hg -resolve-src-symlinks /Users/yingpengwang/estimate-rescue/creator-platform/w7-completion-840545/apps/ios/Sources/Resources/Glyphs.json /tmp/creator-platform-w7-active-20261001/ios-derived/Build/Products/Debug-iphonesimulator/QelvoraNative_QelvoraUI.bundle

CpResource /tmp/creator-platform-w7-active-20261001/ios-derived/Build/Products/Debug-iphonesimulator/QelvoraNative_QelvoraUI.bundle/Newsreader-Italic.ttf /Users/yingpengwang/estimate-rescue/creator-platform/w7-completion-840545/apps/ios/Sources/Resources/Fonts/Newsreader-Italic.ttf (in target 'QelvoraNative_QelvoraUI' from project 'QelvoraNative')
    cd /Users/yingpengwang/estimate-rescue/creator-platform/w7-completion-840545/apps/ios
    builtin-copy -exclude .DS_Store -exclude CVS -exclude .svn -exclude .git -exclude .hg -resolve-src-symlinks /Users/yingpengwang/estimate-rescue/creator-platform/w7-completion-840545/apps/ios/Sources/Resources/Fonts/Newsreader-Italic.ttf /tmp/creator-platform-w7-active-20261001/ios-derived/Build/Products/Debug-iphonesimulator/QelvoraNative_QelvoraUI.bundle

CpResource /tmp/creator-platform-w7-active-20261001/ios-derived/Build/Products/Debug-iphonesimulator/QelvoraNative_QelvoraUI.bundle/GeistMono.ttf /Users/yingpengwang/estimate-rescue/creator-platform/w7-completion-840545/apps/ios/Sources/Resources/Fonts/GeistMono.ttf (in target 'QelvoraNative_QelvoraUI' from project 'QelvoraNative')
    cd /Users/yingpengwang/estimate-rescue/creator-platform/w7-completion-840545/apps/ios
    builtin-copy -exclude .DS_Store -exclude CVS -exclude .svn -exclude .git -exclude .hg -resolve-src-symlinks /Users/yingpengwang/estimate-rescue/creator-platform/w7-completion-840545/apps/ios/Sources/Resources/Fonts/GeistMono.ttf /tmp/creator-platform-w7-active-20261001/ios-derived/Build/Products/Debug-iphonesimulator/QelvoraNative_QelvoraUI.bundle

CpResource /tmp/creator-platform-w7-active-20261001/ios-derived/Build/Products/Debug-iphonesimulator/QelvoraNative_QelvoraUI.bundle/GeistMono-Italic.ttf /Users/yingpengwang/estimate-rescue/creator-platform/w7-completion-840545/apps/ios/Sources/Resources/Fonts/GeistMono-Italic.ttf (in target 'QelvoraNative_QelvoraUI' from project 'QelvoraNative')
    cd /Users/yingpengwang/estimate-rescue/creator-platform/w7-completion-840545/apps/ios
    builtin-copy -exclude .DS_Store -exclude CVS -exclude .svn -exclude .git -exclude .hg -resolve-src-symlinks /Users/yingpengwang/estimate-rescue/creator-platform/w7-completion-840545/apps/ios/Sources/Resources/Fonts/GeistMono-Italic.ttf /tmp/creator-platform-w7-active-20261001/ios-derived/Build/Products/Debug-iphonesimulator/QelvoraNative_QelvoraUI.bundle

CpResource /tmp/creator-platform-w7-active-20261001/ios-derived/Build/Products/Debug-iphonesimulator/QelvoraNative_QelvoraUI.bundle/GeistMono-OFL.txt /Users/yingpengwang/estimate-rescue/creator-platform/w7-completion-840545/apps/ios/Sources/Resources/Fonts/GeistMono-OFL.txt (in target 'QelvoraNative_QelvoraUI' from project 'QelvoraNative')
    cd /Users/yingpengwang/estimate-rescue/creator-platform/w7-completion-840545/apps/ios
    builtin-copy -exclude .DS_Store -exclude CVS -exclude .svn -exclude .git -exclude .hg -resolve-src-symlinks /Users/yingpengwang/estimate-rescue/creator-platform/w7-completion-840545/apps/ios/Sources/Resources/Fonts/GeistMono-OFL.txt /tmp/creator-platform-w7-active-20261001/ios-derived/Build/Products/Debug-iphonesimulator/QelvoraNative_QelvoraUI.bundle

CpResource /tmp/creator-platform-w7-active-20261001/ios-derived/Build/Products/Debug-iphonesimulator/QelvoraNative_QelvoraUI.bundle/Geist.ttf /Users/yingpengwang/estimate-rescue/creator-platform/w7-completion-840545/apps/ios/Sources/Resources/Fonts/Geist.ttf (in target 'QelvoraNative_QelvoraUI' from project 'QelvoraNative')
    cd /Users/yingpengwang/estimate-rescue/creator-platform/w7-completion-840545/apps/ios
    builtin-copy -exclude .DS_Store -exclude CVS -exclude .svn -exclude .git -exclude .hg -resolve-src-symlinks /Users/yingpengwang/estimate-rescue/creator-platform/w7-completion-840545/apps/ios/Sources/Resources/Fonts/Geist.ttf /tmp/creator-platform-w7-active-20261001/ios-derived/Build/Products/Debug-iphonesimulator/QelvoraNative_QelvoraUI.bundle

CpResource /tmp/creator-platform-w7-active-20261001/ios-derived/Build/Products/Debug-iphonesimulator/QelvoraNative_QelvoraUI.bundle/Geist-OFL.txt /Users/yingpengwang/estimate-rescue/creator-platform/w7-completion-840545/apps/ios/Sources/Resources/Fonts/Geist-OFL.txt (in target 'QelvoraNative_QelvoraUI' from project 'QelvoraNative')
    cd /Users/yingpengwang/estimate-rescue/creator-platform/w7-completion-840545/apps/ios
    builtin-copy -exclude .DS_Store -exclude CVS -exclude .svn -exclude .git -exclude .hg -resolve-src-symlinks /Users/yingpengwang/estimate-rescue/creator-platform/w7-completion-840545/apps/ios/Sources/Resources/Fonts/Geist-OFL.txt /tmp/creator-platform-w7-active-20261001/ios-derived/Build/Products/Debug-iphonesimulator/QelvoraNative_QelvoraUI.bundle

CpResource /tmp/creator-platform-w7-active-20261001/ios-derived/Build/Products/Debug-iphonesimulator/QelvoraNative_QelvoraUI.bundle/Geist-Italic.ttf /Users/yingpengwang/estimate-rescue/creator-platform/w7-completion-840545/apps/ios/Sources/Resources/Fonts/Geist-Italic.ttf (in target 'QelvoraNative_QelvoraUI' from project 'QelvoraNative')
    cd /Users/yingpengwang/estimate-rescue/creator-platform/w7-completion-840545/apps/ios
    builtin-copy -exclude .DS_Store -exclude CVS -exclude .svn -exclude .git -exclude .hg -resolve-src-symlinks /Users/yingpengwang/estimate-rescue/creator-platform/w7-completion-840545/apps/ios/Sources/Resources/Fonts/Geist-Italic.ttf /tmp/creator-platform-w7-active-20261001/ios-derived/Build/Products/Debug-iphonesimulator/QelvoraNative_QelvoraUI.bundle

CompileXCStrings /tmp/creator-platform-w7-active-20261001/ios-derived/Build/Intermediates.noindex/QelvoraNative.build/Debug-iphonesimulator/QelvoraNative_QelvoraUI-b.build/ /Users/yingpengwang/estimate-rescue/creator-platform/w7-completion-840545/apps/ios/Sources/Generated/Localizable.xcstrings (in target 'QelvoraNative_QelvoraUI' from project 'QelvoraNative')
    cd /Users/yingpengwang/estimate-rescue/creator-platform/w7-completion-840545/apps/ios
    /Applications/Xcode.app/Contents/Developer/usr/bin/xcstringstool compile --output-directory /tmp/creator-platform-w7-active-20261001/ios-derived/Build/Intermediates.noindex/QelvoraNative.build/Debug-iphonesimulator/QelvoraNative_QelvoraUI-b.build /Users/yingpengwang/estimate-rescue/creator-platform/w7-completion-840545/apps/ios/Sources/Generated/Localizable.xcstrings

CopyStringsFile /tmp/creator-platform-w7-active-20261001/ios-derived/Build/Products/Debug-iphonesimulator/QelvoraNative_QelvoraUI.bundle/en.lproj/Localizable.strings /tmp/creator-platform-w7-active-20261001/ios-derived/Build/Intermediates.noindex/QelvoraNative.build/Debug-iphonesimulator/QelvoraNative_QelvoraUI-b.build/en.lproj/Localizable.strings (in target 'QelvoraNative_QelvoraUI' from project 'QelvoraNative')
    cd /Users/yingpengwang/estimate-rescue/creator-platform/w7-completion-840545/apps/ios
    builtin-copyStrings --validate --outputencoding binary --outfilename Localizable.strings --outdir /tmp/creator-platform-w7-active-20261001/ios-derived/Build/Products/Debug-iphonesimulator/QelvoraNative_QelvoraUI.bundle/en.lproj -- /tmp/creator-platform-w7-active-20261001/ios-derived/Build/Intermediates.noindex/QelvoraNative.build/Debug-iphonesimulator/QelvoraNative_QelvoraUI-b.build/en.lproj/Localizable.strings
/tmp/creator-platform-w7-active-20261001/ios-derived/Build/Intermediates.noindex/QelvoraNative.build/Debug-iphonesimulator/QelvoraNative_QelvoraUI-b.build/en.lproj/Localizable.strings:1:1: note: detected encoding of input file as Unicode (UTF-8) (in target 'QelvoraNative_QelvoraUI' from project 'QelvoraNative')

RegisterExecutionPolicyException /tmp/creator-platform-w7-active-20261001/ios-derived/Build/Products/Debug-iphonesimulator/QelvoraNative_QelvoraUI.bundle (in target 'QelvoraNative_QelvoraUI' from project 'QelvoraNative')
    cd /Users/yingpengwang/estimate-rescue/creator-platform/w7-completion-840545/apps/ios
    builtin-RegisterExecutionPolicyException /tmp/creator-platform-w7-active-20261001/ios-derived/Build/Products/Debug-iphonesimulator/QelvoraNative_QelvoraUI.bundle

Touch /tmp/creator-platform-w7-active-20261001/ios-derived/Build/Products/Debug-iphonesimulator/QelvoraNative_QelvoraUI.bundle (in target 'QelvoraNative_QelvoraUI' from project 'QelvoraNative')
    cd /Users/yingpengwang/estimate-rescue/creator-platform/w7-completion-840545/apps/ios
    /usr/bin/touch -c /tmp/creator-platform-w7-active-20261001/ios-derived/Build/Products/Debug-iphonesimulator/QelvoraNative_QelvoraUI.bundle

SwiftDriver QelvoraUI normal arm64 com.apple.xcode.tools.swift.compiler (in target 'QelvoraUI' from project 'QelvoraNative')
    cd /Users/yingpengwang/estimate-rescue/creator-platform/w7-completion-840545/apps/ios/QelvoraApp.xcodeproj
    builtin-SwiftDriver -- /Applications/Xcode.app/Contents/Developer/Toolchains/XcodeDefault.xctoolchain/usr/bin/swiftc -parse-as-library -module-name QelvoraUI -Onone @/tmp/creator-platform-w7-active-20261001/ios-derived/Build/Intermediates.noindex/QelvoraNative.build/Debug-iphonesimulator/QelvoraUI-t.build/Objects-normal/arm64/QelvoraUI.SwiftFileList -DSWIFT_PACKAGE -DDEBUG -DSWIFT_MODULE_RESOURCE_BUNDLE_AVAILABLE -DXcode -plugin-path /Applications/Xcode.app/Contents/Developer/Toolchains/XcodeDefault.xctoolchain/usr/lib/swift/host/plugins/testing -enable-experimental-feature DebugDescriptionMacro -sdk /Applications/Xcode.app/Contents/Developer/Platforms/iPhoneSimulator.platform/Developer/SDKs/iPhoneSimulator27.0.sdk -target arm64-apple-ios17.0-simulator -g -module-cache-path /tmp/creator-platform-w7-active-20261001/ios-derived/ModuleCache.noindex -Xfrontend -serialize-debugging-options -enable-testing -index-store-path /tmp/creator-platform-w7-active-20261001/ios-derived/Index.noindex/DataStore -Xcc -D_LIBCPP_HARDENING_MODE\=_LIBCPP_HARDENING_MODE_DEBUG -swift-version 6 -I /tmp/creator-platform-w7-active-20261001/ios-derived/Build/Products/Debug-iphonesimulator -Isystem /Applications/Xcode.app/Contents/Developer/Platforms/iPhoneSimulator.platform/Developer/usr/lib -F /tmp/creator-platform-w7-active-20261001/ios-derived/Build/Products/Debug-iphonesimulator -F /Applications/Xcode.app/Contents/Developer/Platforms/iPhoneSimulator.platform/Developer/Library/Frameworks -F /Applications/Xcode.app/Contents/Developer/Platforms/iPhoneSimulator.platform/Developer/SDKs/iPhoneSimulator27.0.sdk/Developer/Library/Frameworks -c -j12 -enable-batch-mode -incremental -Xcc -ivfsstatcache -Xcc /tmp/creator-platform-w7-active-20261001/ios-derived/SDKStatCaches.noindex/iphonesimulator27.0-24A430-8dc58220667be655e1bcc261a7455254.sdkstatcache -output-file-map /tmp/creator-platform-w7-active-20261001/ios-derived/Build/Intermediates.noindex/QelvoraNative.build/Debug-iphonesimulator/QelvoraUI-t.build/Objects-normal/arm64/QelvoraUI-OutputFileMap.json -save-temps -no-color-diagnostics -explicit-module-build -module-cache-path /tmp/creator-platform-w7-active-20261001/ios-derived/Build/Intermediates.noindex/SwiftExplicitPrecompiledModules -clang-scanner-module-cache-path /tmp/creator-platform-w7-active-20261001/ios-derived/ModuleCache.noindex -sdk-module-cache-path /tmp/creator-platform-w7-active-20261001/ios-derived/SDKExplicitPrecompiledModules -emit-dependencies -emit-module -emit-module-path /tmp/creator-platform-w7-active-20261001/ios-derived/Build/Intermediates.noindex/QelvoraNative.build/Debug-iphonesimulator/QelvoraUI-t.build/Objects-normal/arm64/QelvoraUI.swiftmodule -serialize-diagnostics -dependency-scan-serialize-diagnostics-path /tmp/creator-platform-w7-active-20261001/ios-derived/Build/Intermediates.noindex/QelvoraNative.build/Debug-iphonesimulator/QelvoraUI-t.build/Objects-normal/arm64/QelvoraUI-dependency-scan.dia -validate-clang-modules-once -clang-build-session-file /tmp/creator-platform-w7-active-20261001/ios-derived/ModuleCache.noindex/Session.modulevalidation -Xcc -fmodules-prune-interval\=86400 -Xcc -fmodules-prune-after\=345600 -package-name ios -emit-const-values -const-gather-protocols-list /tmp/creator-platform-w7-active-20261001/ios-derived/Build/Intermediates.noindex/QelvoraNative.build/Debug-iphonesimulator/QelvoraUI-t.build/Objects-normal/arm64/QelvoraUI_const_extract_protocols.json -Xcc -I/tmp/creator-platform-w7-active-20261001/ios-derived/Build/Products/Debug-iphonesimulator/include -Xcc -I/tmp/creator-platform-w7-active-20261001/ios-derived/Build/Intermediates.noindex/QelvoraNative.build/Debug-iphonesimulator/QelvoraUI-t.build/DerivedSources-normal/arm64 -Xcc -I/tmp/creator-platform-w7-active-20261001/ios-derived/Build/Intermediates.noindex/QelvoraNative.build/Debug-iphonesimulator/QelvoraUI-t.build/DerivedSources/arm64 -Xcc -I/tmp/creator-platform-w7-active-20261001/ios-derived/Build/Intermediates.noindex/QelvoraNative.build/Debug-iphonesimulator/QelvoraUI-t.build/DerivedSources -Xcc -DSWIFT_PACKAGE -Xcc -DDEBUG\=1 -emit-objc-header -emit-objc-header-path /tmp/creator-platform-w7-active-20261001/ios-derived/Build/Intermediates.noindex/QelvoraNative.build/Debug-iphonesimulator/QelvoraUI-t.build/Objects-normal/arm64/QelvoraUI-Swift.h -working-directory /Users/yingpengwang/estimate-rescue/creator-platform/w7-completion-840545/apps/ios/QelvoraApp.xcodeproj -experimental-emit-module-separately -disable-cmo

SwiftExplicitDependencyGeneratePcm arm64 /tmp/creator-platform-w7-active-20261001/ios-derived/SDKExplicitPrecompiledModules/_Builtin_stdbool-7CXJZ7XYNSL6CJKEZILH0PO8I.pcm

SwiftExplicitDependencyGeneratePcm arm64 /tmp/creator-platform-w7-active-20261001/ios-derived/SDKExplicitPrecompiledModules/_StoreKit_SwiftUI-AH5PO30IL9O1T2YP00MA5NCQ2.pcm

SwiftExplicitDependencyGeneratePcm arm64 /tmp/creator-platform-w7-active-20261001/ios-derived/SDKExplicitPrecompiledModules/ptrcheck-AAIBON3HCYBBWX4L0SD99SCQ0.pcm

SwiftExplicitDependencyGeneratePcm arm64 /tmp/creator-platform-w7-active-20261001/ios-derived/SDKExplicitPrecompiledModules/_SwiftConcurrencyShims-DZWPPDU2DKVJXS0TKU99WP5E2.pcm

SwiftExplicitDependencyGeneratePcm arm64 /tmp/creator-platform-w7-active-20261001/ios-derived/SDKExplicitPrecompiledModules/_Builtin_stddef-ED9XU30VXKU1R2F53A9SVU342.pcm

SwiftExplicitDependencyGeneratePcm arm64 /tmp/creator-platform-w7-active-20261001/ios-derived/SDKExplicitPrecompiledModules/_AvailabilityInternal-9EPAN247ZVIF547FWSKEGYA24.pcm

SwiftExplicitDependencyGeneratePcm arm64 /tmp/creator-platform-w7-active-20261001/ios-derived/SDKExplicitPrecompiledModules/_Builtin_float-2764B7UE7FY7F0D32T66B45TR.pcm

SwiftExplicitDependencyGeneratePcm arm64 /tmp/creator-platform-w7-active-20261001/ios-derived/SDKExplicitPrecompiledModules/ptrauth-47BY537RG13STS6A857KQPMA.pcm

SwiftExplicitDependencyGeneratePcm arm64 /tmp/creator-platform-w7-active-20261001/ios-derived/SDKExplicitPrecompiledModules/SwiftShims-EL9GZD8T62L4IB747A8WTDIN.pcm

SwiftExplicitDependencyGeneratePcm arm64 /tmp/creator-platform-w7-active-20261001/ios-derived/SDKExplicitPrecompiledModules/_Builtin_stdarg-D5H02T6BWSJBB96K2XKDEYKCE.pcm

SwiftExplicitDependencyGeneratePcm arm64 /tmp/creator-platform-w7-active-20261001/ios-derived/SDKExplicitPrecompiledModules/DeveloperToolsSupport-6PKDPBK2R4ZKT3H2KY27E321T.pcm

SwiftExplicitDependencyGeneratePcm arm64 /tmp/creator-platform-w7-active-20261001/ios-derived/SDKExplicitPrecompiledModules/_DarwinFoundation1-2BJMTUQIU3BF9ISOWMITW1N0N.pcm

SwiftExplicitDependencyGeneratePcm arm64 /tmp/creator-platform-w7-active-20261001/ios-derived/SDKExplicitPrecompiledModules/_DarwinFoundation2-BC6A1HCK8ZZ8JWFWYLNNHT37Y.pcm

SwiftExplicitDependencyGeneratePcm arm64 /tmp/creator-platform-w7-active-20261001/ios-derived/SDKExplicitPrecompiledModules/ExtensionFoundation-6JHW3CFK8ATQVJWBJ8ZV0SWV.pcm

SwiftExplicitDependencyGeneratePcm arm64 /tmp/creator-platform-w7-active-20261001/ios-derived/SDKExplicitPrecompiledModules/_Builtin_limits-9QZR4BLB0FQYDP1LP757QCOS9.pcm

SwiftExplicitDependencyGeneratePcm arm64 /tmp/creator-platform-w7-active-20261001/ios-derived/SDKExplicitPrecompiledModules/_Builtin_stdint-KE8H1A003RLE2Z0NADK89S17.pcm

SwiftExplicitDependencyGeneratePcm arm64 /tmp/creator-platform-w7-active-20261001/ios-derived/SDKExplicitPrecompiledModules/sys_types-7U3E3QZQDBZVWWUR6ZO3X0O5A.pcm

SwiftExplicitDependencyGeneratePcm arm64 /tmp/creator-platform-w7-active-20261001/ios-derived/SDKExplicitPrecompiledModules/_Builtin_tgmath-5FL9LCUUUNN91OXIEILNA5SG2.pcm

SwiftExplicitDependencyGeneratePcm arm64 /tmp/creator-platform-w7-active-20261001/ios-derived/SDKExplicitPrecompiledModules/string_h-CUP9YPJDLYZMXWVEPSRNH9VUN.pcm

SwiftExplicitDependencyGeneratePcm arm64 /tmp/creator-platform-w7-active-20261001/ios-derived/SDKExplicitPrecompiledModules/_Builtin_stdatomic-DK8Z30ATBQIVI536079UGVD9H.pcm

SwiftExplicitDependencyGeneratePcm arm64 /tmp/creator-platform-w7-active-20261001/ios-derived/SDKExplicitPrecompiledModules/_DarwinFoundation3-2XVT1Y25S3G436LM4MCW5QL9J.pcm

SwiftExplicitDependencyGeneratePcm arm64 /tmp/creator-platform-w7-active-20261001/ios-derived/SDKExplicitPrecompiledModules/_Builtin_intrinsics-8U27YKO91TSYA9NIN24XVMEPB.pcm

SwiftExplicitDependencyGeneratePcm arm64 /tmp/creator-platform-w7-active-20261001/ios-derived/SDKExplicitPrecompiledModules/_Builtin_inttypes-3IPUP6LVMBSUNEL4ULLXAQA2F.pcm

SwiftExplicitDependencyGeneratePcm arm64 /tmp/creator-platform-w7-active-20261001/ios-derived/SDKExplicitPrecompiledModules/Darwin-87AJ087THE13FODA74HKKBWCW.pcm

SwiftExplicitDependencyGeneratePcm arm64 /tmp/creator-platform-w7-active-20261001/ios-derived/SDKExplicitPrecompiledModules/simd-3MFXT6PPX2SKTR34SXX91LXN5.pcm

SwiftExplicitDependencyGeneratePcm arm64 /tmp/creator-platform-w7-active-20261001/ios-derived/SDKExplicitPrecompiledModules/ObjectiveC-DNZ9PI5TKI8FRPVIBSMM5WT1L.pcm

SwiftExplicitDependencyGeneratePcm arm64 /tmp/creator-platform-w7-active-20261001/ios-derived/SDKExplicitPrecompiledModules/MachO-BO3FXQS5U1YW3R2Z39I46NBQ1.pcm

SwiftExplicitDependencyGeneratePcm arm64 /tmp/creator-platform-w7-active-20261001/ios-derived/SDKExplicitPrecompiledModules/os_object-4NE8Y0QRIX9I5TANA33LD55SJ.pcm

SwiftExplicitDependencyGeneratePcm arm64 /tmp/creator-platform-w7-active-20261001/ios-derived/SDKExplicitPrecompiledModules/os_workgroup-BXTX55CPILPJJEV8AINZPOFUC.pcm

SwiftExplicitDependencyGeneratePcm arm64 /tmp/creator-platform-w7-active-20261001/ios-derived/SDKExplicitPrecompiledModules/Spatial-72JAV0LCZ7WBVLNJD960VNUS3.pcm

SwiftExplicitDependencyGeneratePcm arm64 /tmp/creator-platform-w7-active-20261001/ios-derived/SDKExplicitPrecompiledModules/Dispatch-2ZIPIMSLG7SBQ3OFGBH508IF8.pcm

SwiftExplicitDependencyGeneratePcm arm64 /tmp/creator-platform-w7-active-20261001/ios-derived/SDKExplicitPrecompiledModules/XPC-387XTDQCG10I9TP1A1ND7NTR4.pcm

SwiftExplicitDependencyGeneratePcm arm64 /tmp/creator-platform-w7-active-20261001/ios-derived/SDKExplicitPrecompiledModules/dnssd-YC1NVPJTAO9LMBFPWQS4LLAJ.pcm

SwiftExplicitDependencyGeneratePcm arm64 /tmp/creator-platform-w7-active-20261001/ios-derived/SDKExplicitPrecompiledModules/CoreFoundation-1AJNNZ1CH542T50CSPGNDQ5N2.pcm

SwiftExplicitDependencyGeneratePcm arm64 /tmp/creator-platform-w7-active-20261001/ios-derived/SDKExplicitPrecompiledModules/os-54IVZ8L0U934Y7JS7ZSHXKGVO.pcm

SwiftExplicitDependencyGeneratePcm arm64 /tmp/creator-platform-w7-active-20261001/ios-derived/SDKExplicitPrecompiledModules/Security-8CGEAD1RJHBF8RYPCVNZZ4PF6.pcm

SwiftExplicitDependencyGeneratePcm arm64 /tmp/creator-platform-w7-active-20261001/ios-derived/SDKExplicitPrecompiledModules/CoreGraphics-98CRU5DUJHV56ADP246L8I8CM.pcm

SwiftExplicitDependencyGeneratePcm arm64 /tmp/creator-platform-w7-active-20261001/ios-derived/SDKExplicitPrecompiledModules/CoreAudioTypes-71CLKJNY1X75BM8L7PE8XK73O.pcm

SwiftExplicitDependencyGeneratePcm arm64 /tmp/creator-platform-w7-active-20261001/ios-derived/SDKExplicitPrecompiledModules/CFNetwork-GIQGW7DA3OBWFPGLD7X9EYNL.pcm

SwiftExplicitDependencyGeneratePcm arm64 /tmp/creator-platform-w7-active-20261001/ios-derived/SDKExplicitPrecompiledModules/CoreAudio-EYZDINVPMLBT7A4GDJTFGUO81.pcm

SwiftExplicitDependencyGeneratePcm arm64 /tmp/creator-platform-w7-active-20261001/ios-derived/SDKExplicitPrecompiledModules/Foundation-4STIHVRD6C0KPYZLH5JBH58EY.pcm

SwiftExplicitDependencyGeneratePcm arm64 /tmp/creator-platform-w7-active-20261001/ios-derived/SDKExplicitPrecompiledModules/CoreText-7NZS5SC4CQET59I8NHPB43N9C.pcm

SwiftExplicitDependencyGeneratePcm arm64 /tmp/creator-platform-w7-active-20261001/ios-derived/SDKExplicitPrecompiledModules/ImageIO-2H4JB3LDTA5Q6HAB0KISUYG60.pcm

SwiftExplicitDependencyGeneratePcm arm64 /tmp/creator-platform-w7-active-20261001/ios-derived/SDKExplicitPrecompiledModules/BackgroundAssets-A5LSLMPURRQIV44RHXO6ICVSJ.pcm

SwiftExplicitDependencyGeneratePcm arm64 /tmp/creator-platform-w7-active-20261001/ios-derived/SDKExplicitPrecompiledModules/Accessibility-6OTON1TOSY8VW1M1V3XLLIP2V.pcm

SwiftExplicitDependencyGeneratePcm arm64 /tmp/creator-platform-w7-active-20261001/ios-derived/SDKExplicitPrecompiledModules/Symbols-3S8D3QPWL3TFFXTO6MUIQ2BUQ.pcm

SwiftExplicitDependencyGeneratePcm arm64 /tmp/creator-platform-w7-active-20261001/ios-derived/SDKExplicitPrecompiledModules/UniformTypeIdentifiers-EFQLNMFLB8Y7NOT9ZAXVAWVDQ.pcm

SwiftExplicitDependencyGeneratePcm arm64 /tmp/creator-platform-w7-active-20261001/ios-derived/SDKExplicitPrecompiledModules/DataDetection-B3KNO82XTZRJELV1NFTBUC77U.pcm

SwiftExplicitDependencyGeneratePcm arm64 /tmp/creator-platform-w7-active-20261001/ios-derived/SDKExplicitPrecompiledModules/_LocationEssentials-ECJ5UAT62BBYRLDGQNKS783W4.pcm

SwiftExplicitDependencyGeneratePcm arm64 /tmp/creator-platform-w7-active-20261001/ios-derived/SDKExplicitPrecompiledModules/UserNotifications-9KKY7F2KDHH5VZQ4Z6FBKW4WO.pcm

SwiftExplicitDependencyGeneratePcm arm64 /tmp/creator-platform-w7-active-20261001/ios-derived/SDKExplicitPrecompiledModules/Network-EGN4A77UYQZTPDKYJ26W03X01.pcm

SwiftExplicitDependencyGeneratePcm arm64 /tmp/creator-platform-w7-active-20261001/ios-derived/SDKExplicitPrecompiledModules/CoreTransferable-4LM2IIN8E50CKDN5PHMOJAPHB.pcm

SwiftExplicitDependencyGeneratePcm arm64 /tmp/creator-platform-w7-active-20261001/ios-derived/SDKExplicitPrecompiledModules/CallKit-40E5KSHKV6SZ9IJSFZPJ7NE1X.pcm

SwiftExplicitDependencyGeneratePcm arm64 /tmp/creator-platform-w7-active-20261001/ios-derived/SDKExplicitPrecompiledModules/LocalAuthentication-AEGEM8I2PW12MHV2COWW5Z8SG.pcm

SwiftExplicitDependencyGeneratePcm arm64 /tmp/creator-platform-w7-active-20261001/ios-derived/SDKExplicitPrecompiledModules/FileProvider-BWL6U0EQTHY3932V40C5CVW7D.pcm

SwiftExplicitDependencyGeneratePcm arm64 /tmp/creator-platform-w7-active-20261001/ios-derived/SDKExplicitPrecompiledModules/UIUtilities-B9BT0PD9K6O0T7LQAEHHK5RZL.pcm

SwiftExplicitDependencyGeneratePcm arm64 /tmp/creator-platform-w7-active-20261001/ios-derived/SDKExplicitPrecompiledModules/OpenGLES-1I0435F5VCJD64WR43TRHXRC7.pcm

SwiftExplicitDependencyGeneratePcm arm64 /tmp/creator-platform-w7-active-20261001/ios-derived/SDKExplicitPrecompiledModules/CoreLocation-C3GIL4AT90AT7ZNVJD7AJZYFX.pcm

SwiftExplicitDependencyGeneratePcm arm64 /tmp/creator-platform-w7-active-20261001/ios-derived/SDKExplicitPrecompiledModules/OSLog-3AXIJ5HLN1ZYU0EG2HL6L37LR.pcm

SwiftExplicitDependencyGeneratePcm arm64 /tmp/creator-platform-w7-active-20261001/ios-derived/SDKExplicitPrecompiledModules/CoreMIDI-CX3PVITGJ75QSSPMV3FQOB09P.pcm

SwiftExplicitDependencyGeneratePcm arm64 /tmp/creator-platform-w7-active-20261001/ios-derived/SDKExplicitPrecompiledModules/IOSurface-912DZWRG150MASJP01FPSBMV8.pcm

SwiftExplicitDependencyGeneratePcm arm64 /tmp/creator-platform-w7-active-20261001/ios-derived/SDKExplicitPrecompiledModules/CoreData-6EAYPWBWG1GCZ1Z2PTOE63O1O.pcm

SwiftExplicitDependencyGeneratePcm arm64 /tmp/creator-platform-w7-active-20261001/ios-derived/SDKExplicitPrecompiledModules/AVRouting-5BZHVTC73JFU0V49VLR5AJBHW.pcm

SwiftExplicitDependencyGeneratePcm arm64 /tmp/creator-platform-w7-active-20261001/ios-derived/SDKExplicitPrecompiledModules/Metal-8HMUZTCS190254CF6RC7XTRV.pcm

SwiftExplicitDependencyGeneratePcm arm64 /tmp/creator-platform-w7-active-20261001/ios-derived/SDKExplicitPrecompiledModules/CoreMotion-9R2WH85IUAMK3I7LPGNIVLMZI.pcm

SwiftExplicitDependencyGeneratePcm arm64 /tmp/creator-platform-w7-active-20261001/ios-derived/SDKExplicitPrecompiledModules/AudioToolbox-5CMJ87ZS7TSIA47SXT57WKRJT.pcm

SwiftExplicitDependencyGeneratePcm arm64 /tmp/creator-platform-w7-active-20261001/ios-derived/SDKExplicitPrecompiledModules/CoreVideo-7GNAZ947M78XKO4ZFB0E0DRBO.pcm

SwiftExplicitDependencyGeneratePcm arm64 /tmp/creator-platform-w7-active-20261001/ios-derived/SDKExplicitPrecompiledModules/CoreMedia-8ZGOI5ATJ8L517QWUY9090A1J.pcm

SwiftExplicitDependencyGeneratePcm arm64 /tmp/creator-platform-w7-active-20261001/ios-derived/SDKExplicitPrecompiledModules/CoreImage-9QJF5OLF46RJVL4HL76IEV5D7.pcm

SwiftExplicitDependencyGeneratePcm arm64 /tmp/creator-platform-w7-active-20261001/ios-derived/SDKExplicitPrecompiledModules/QuartzCore-MWRZZKK9E2C2VGCHTE0OUIUK.pcm

SwiftExplicitDependencyGeneratePcm arm64 /tmp/creator-platform-w7-active-20261001/ios-derived/SDKExplicitPrecompiledModules/SwiftUICore-EW7VTTNCEFIH0KZ2OIROAMMJP.pcm

SwiftExplicitDependencyGeneratePcm arm64 /tmp/creator-platform-w7-active-20261001/ios-derived/SDKExplicitPrecompiledModules/UIKit-BBWKI6Y522SW0ZX0KG7DKKY6O.pcm

SwiftExplicitDependencyGeneratePcm arm64 /tmp/creator-platform-w7-active-20261001/ios-derived/SDKExplicitPrecompiledModules/MediaToolbox-4E3B8XSXRKXJNAG9PO0XB2SX1.pcm

SwiftExplicitDependencyGeneratePcm arm64 /tmp/creator-platform-w7-active-20261001/ios-derived/SDKExplicitPrecompiledModules/AVFAudio-DVAN8COTSK2G1YFLABUYF6O5E.pcm

SwiftExplicitDependencyGeneratePcm arm64 /tmp/creator-platform-w7-active-20261001/ios-derived/SDKExplicitPrecompiledModules/VideoToolbox-17CG597E3LNAKMM74Z5GUUQF8.pcm

SwiftExplicitDependencyGeneratePcm arm64 /tmp/creator-platform-w7-active-20261001/ios-derived/SDKExplicitPrecompiledModules/AVFoundation-A2HUZ288Q35LX9TDKV3KJTTAU.pcm

SwiftExplicitDependencyGeneratePcm arm64 /tmp/creator-platform-w7-active-20261001/ios-derived/SDKExplicitPrecompiledModules/SwiftUI-E2YSWBFMJ6150TB4NFT8ZQ07Q.pcm

SwiftExplicitDependencyGeneratePcm arm64 /tmp/creator-platform-w7-active-20261001/ios-derived/SDKExplicitPrecompiledModules/AuthenticationServices-E9CCTNRSYSURTTRR0VOP3K5DR.pcm

SwiftExplicitDependencyGeneratePcm arm64 /tmp/creator-platform-w7-active-20261001/ios-derived/SDKExplicitPrecompiledModules/StoreKit-YSAB9FIE8TNWIR4YL7SCU6S2.pcm

SwiftEmitModule normal arm64 Emitting\ module\ for\ QelvoraUI (in target 'QelvoraUI' from project 'QelvoraNative')

SwiftCompile normal arm64 (in target 'QelvoraUI' from project 'QelvoraNative')
    cd /Users/yingpengwang/estimate-rescue/creator-platform/w7-completion-840545/apps/ios/QelvoraApp.xcodeproj
    

/Users/yingpengwang/estimate-rescue/creator-platform/w7-completion-840545/apps/ios/Sources/QelvoraUI/Trust.swift:23:93: warning: no 'async' operations occur within 'await' expression [#UnnecessaryEffectMarker]
 21 |     public let baseURL: URL
 22 |     public let token: @Sendable () async throws -> String?
 23 |     public init(baseURL: URL, token: @escaping @Sendable () async throws -> String? = { try await SecureSessionStorage().read() }) { self.baseURL = baseURL; self.token = token }
    |                                                                                             `- warning: no 'async' operations occur within 'await' expression [#UnnecessaryEffectMarker]
 24 |     fileprivate func request<T: Decodable>(_ path: String, body: Data? = nil) async throws -> T {
 25 |         try JSONDecoder().decode(T.self, from: await bytes(path, body: body))

/Users/yingpengwang/estimate-rescue/creator-platform/w7-completion-840545/apps/ios/Sources/QelvoraUI/Trust.swift:76:128: warning: no 'async' operations occur within 'await' expression [#UnnecessaryEffectMarker]
 74 |     @State private var feedbackConsent = false
 75 |     @Environment(\.colorScheme) private var scheme
 76 |     public init(baseURL: URL?, destination: String = "/support", token: @escaping @Sendable () async throws -> String? = { try await SecureSessionStorage().read() }) {
    |                                                                                                                                `- warning: no 'async' operations occur within 'await' expression [#UnnecessaryEffectMarker]
 77 |         client = baseURL.map { TrustClient(baseURL: $0, token: token) }; _route = State(initialValue: destination)
 78 |         let query = URLComponents(string: destination)?.queryItems ?? []

[#UnnecessaryEffectMarker]: <https://docs.swift.org/compiler/documentation/diagnostics/unnecessary-effect-marker>
SwiftCompile normal arm64 Compiling\ SessionStorage.swift,\ StudioComponents.swift,\ Theme.swift /Users/yingpengwang/estimate-rescue/creator-platform/w7-completion-840545/apps/ios/Sources/QelvoraUI/SessionStorage.swift /Users/yingpengwang/estimate-rescue/creator-platform/w7-completion-840545/apps/ios/Sources/QelvoraUI/StudioComponents.swift /Users/yingpengwang/estimate-rescue/creator-platform/w7-completion-840545/apps/ios/Sources/QelvoraUI/Theme.swift (in target 'QelvoraUI' from project 'QelvoraNative')

SwiftCompile normal arm64 /Users/yingpengwang/estimate-rescue/creator-platform/w7-completion-840545/apps/ios/Sources/QelvoraUI/SessionStorage.swift (in target 'QelvoraUI' from project 'QelvoraNative')
    cd /Users/yingpengwang/estimate-rescue/creator-platform/w7-completion-840545/apps/ios/QelvoraApp.xcodeproj
    builtin-SwiftPerFileCompile SessionStorage.swift

SwiftCompile normal arm64 /Users/yingpengwang/estimate-rescue/creator-platform/w7-completion-840545/apps/ios/Sources/QelvoraUI/StudioComponents.swift (in target 'QelvoraUI' from project 'QelvoraNative')
    cd /Users/yingpengwang/estimate-rescue/creator-platform/w7-completion-840545/apps/ios/QelvoraApp.xcodeproj
    builtin-SwiftPerFileCompile StudioComponents.swift

SwiftCompile normal arm64 /Users/yingpengwang/estimate-rescue/creator-platform/w7-completion-840545/apps/ios/Sources/QelvoraUI/Theme.swift (in target 'QelvoraUI' from project 'QelvoraNative')
    cd /Users/yingpengwang/estimate-rescue/creator-platform/w7-completion-840545/apps/ios/QelvoraApp.xcodeproj
    builtin-SwiftPerFileCompile Theme.swift

SwiftCompile normal arm64 Compiling\ ContentFeature.swift,\ Controls.swift,\ Conversation.swift,\ W3ConversationClient.swift /Users/yingpengwang/estimate-rescue/creator-platform/w7-completion-840545/apps/ios/Sources/QelvoraUI/Content/ContentFeature.swift /Users/yingpengwang/estimate-rescue/creator-platform/w7-completion-840545/apps/ios/Sources/QelvoraUI/Controls.swift /Users/yingpengwang/estimate-rescue/creator-platform/w7-completion-840545/apps/ios/Sources/QelvoraUI/Conversation.swift /Users/yingpengwang/estimate-rescue/creator-platform/w7-completion-840545/apps/ios/Sources/QelvoraUI/Conversation/W3ConversationClient.swift (in target 'QelvoraUI' from project 'QelvoraNative')

SwiftCompile normal arm64 /Users/yingpengwang/estimate-rescue/creator-platform/w7-completion-840545/apps/ios/Sources/QelvoraUI/Content/ContentFeature.swift (in target 'QelvoraUI' from project 'QelvoraNative')
    cd /Users/yingpengwang/estimate-rescue/creator-platform/w7-completion-840545/apps/ios/QelvoraApp.xcodeproj
    builtin-SwiftPerFileCompile ContentFeature.swift

SwiftCompile normal arm64 /Users/yingpengwang/estimate-rescue/creator-platform/w7-completion-840545/apps/ios/Sources/QelvoraUI/Controls.swift (in target 'QelvoraUI' from project 'QelvoraNative')
    cd /Users/yingpengwang/estimate-rescue/creator-platform/w7-completion-840545/apps/ios/QelvoraApp.xcodeproj
    builtin-SwiftPerFileCompile Controls.swift

SwiftCompile normal arm64 /Users/yingpengwang/estimate-rescue/creator-platform/w7-completion-840545/apps/ios/Sources/QelvoraUI/Conversation.swift (in target 'QelvoraUI' from project 'QelvoraNative')
    cd /Users/yingpengwang/estimate-rescue/creator-platform/w7-completion-840545/apps/ios/QelvoraApp.xcodeproj
    builtin-SwiftPerFileCompile Conversation.swift

SwiftCompile normal arm64 /Users/yingpengwang/estimate-rescue/creator-platform/w7-completion-840545/apps/ios/Sources/QelvoraUI/Conversation/W3ConversationClient.swift (in target 'QelvoraUI' from project 'QelvoraNative')
    cd /Users/yingpengwang/estimate-rescue/creator-platform/w7-completion-840545/apps/ios/QelvoraApp.xcodeproj
    builtin-SwiftPerFileCompile W3ConversationClient.swift

SwiftCompile normal arm64 Compiling\ AccessComponents.swift,\ Catalog.swift,\ CommerceClient.swift,\ CommerceFeature.swift /Users/yingpengwang/estimate-rescue/creator-platform/w7-completion-840545/apps/ios/Sources/QelvoraUI/AccessComponents.swift /Users/yingpengwang/estimate-rescue/creator-platform/w7-completion-840545/apps/ios/Sources/QelvoraUI/Catalog.swift /Users/yingpengwang/estimate-rescue/creator-platform/w7-completion-840545/apps/ios/Sources/QelvoraUI/Commerce/CommerceClient.swift /Users/yingpengwang/estimate-rescue/creator-platform/w7-completion-840545/apps/ios/Sources/QelvoraUI/Commerce/CommerceFeature.swift (in target 'QelvoraUI' from project 'QelvoraNative')

SwiftCompile normal arm64 /Users/yingpengwang/estimate-rescue/creator-platform/w7-completion-840545/apps/ios/Sources/QelvoraUI/AccessComponents.swift (in target 'QelvoraUI' from project 'QelvoraNative')
    cd /Users/yingpengwang/estimate-rescue/creator-platform/w7-completion-840545/apps/ios/QelvoraApp.xcodeproj
    builtin-SwiftPerFileCompile AccessComponents.swift

SwiftCompile normal arm64 /Users/yingpengwang/estimate-rescue/creator-platform/w7-completion-840545/apps/ios/Sources/QelvoraUI/Catalog.swift (in target 'QelvoraUI' from project 'QelvoraNative')
    cd /Users/yingpengwang/estimate-rescue/creator-platform/w7-completion-840545/apps/ios/QelvoraApp.xcodeproj
    builtin-SwiftPerFileCompile Catalog.swift

SwiftCompile normal arm64 /Users/yingpengwang/estimate-rescue/creator-platform/w7-completion-840545/apps/ios/Sources/QelvoraUI/Commerce/CommerceClient.swift (in target 'QelvoraUI' from project 'QelvoraNative')
    cd /Users/yingpengwang/estimate-rescue/creator-platform/w7-completion-840545/apps/ios/QelvoraApp.xcodeproj
    builtin-SwiftPerFileCompile CommerceClient.swift

SwiftCompile normal arm64 /Users/yingpengwang/estimate-rescue/creator-platform/w7-completion-840545/apps/ios/Sources/QelvoraUI/Commerce/CommerceFeature.swift (in target 'QelvoraUI' from project 'QelvoraNative')
    cd /Users/yingpengwang/estimate-rescue/creator-platform/w7-completion-840545/apps/ios/QelvoraApp.xcodeproj
    builtin-SwiftPerFileCompile CommerceFeature.swift

SwiftCompile normal arm64 Compiling\ Growth.swift,\ GrowthPreferences.swift,\ GrowthPush.swift,\ GrowthReplyDocument.swift /Users/yingpengwang/estimate-rescue/creator-platform/w7-completion-840545/apps/ios/Sources/QelvoraUI/Growth.swift /Users/yingpengwang/estimate-rescue/creator-platform/w7-completion-840545/apps/ios/Sources/QelvoraUI/GrowthPreferences.swift /Users/yingpengwang/estimate-rescue/creator-platform/w7-completion-840545/apps/ios/Sources/QelvoraUI/GrowthPush.swift /Users/yingpengwang/estimate-rescue/creator-platform/w7-completion-840545/apps/ios/Sources/QelvoraUI/GrowthReplyDocument.swift (in target 'QelvoraUI' from project 'QelvoraNative')

SwiftCompile normal arm64 /Users/yingpengwang/estimate-rescue/creator-platform/w7-completion-840545/apps/ios/Sources/QelvoraUI/Growth.swift (in target 'QelvoraUI' from project 'QelvoraNative')
    cd /Users/yingpengwang/estimate-rescue/creator-platform/w7-completion-840545/apps/ios/QelvoraApp.xcodeproj
    builtin-SwiftPerFileCompile Growth.swift

SwiftCompile normal arm64 /Users/yingpengwang/estimate-rescue/creator-platform/w7-completion-840545/apps/ios/Sources/QelvoraUI/GrowthPreferences.swift (in target 'QelvoraUI' from project 'QelvoraNative')
    cd /Users/yingpengwang/estimate-rescue/creator-platform/w7-completion-840545/apps/ios/QelvoraApp.xcodeproj
    builtin-SwiftPerFileCompile GrowthPreferences.swift

SwiftCompile normal arm64 /Users/yingpengwang/estimate-rescue/creator-platform/w7-completion-840545/apps/ios/Sources/QelvoraUI/GrowthPush.swift (in target 'QelvoraUI' from project 'QelvoraNative')
    cd /Users/yingpengwang/estimate-rescue/creator-platform/w7-completion-840545/apps/ios/QelvoraApp.xcodeproj
    builtin-SwiftPerFileCompile GrowthPush.swift

SwiftCompile normal arm64 /Users/yingpengwang/estimate-rescue/creator-platform/w7-completion-840545/apps/ios/Sources/QelvoraUI/GrowthReplyDocument.swift (in target 'QelvoraUI' from project 'QelvoraNative')
    cd /Users/yingpengwang/estimate-rescue/creator-platform/w7-completion-840545/apps/ios/QelvoraApp.xcodeproj
    builtin-SwiftPerFileCompile GrowthReplyDocument.swift

SwiftCompile normal arm64 Compiling\ Navigation.swift,\ Overlays.swift,\ PasskeyCeremony.swift /Users/yingpengwang/estimate-rescue/creator-platform/w7-completion-840545/apps/ios/Sources/QelvoraUI/Navigation.swift /Users/yingpengwang/estimate-rescue/creator-platform/w7-completion-840545/apps/ios/Sources/QelvoraUI/Overlays.swift /Users/yingpengwang/estimate-rescue/creator-platform/w7-completion-840545/apps/ios/Sources/QelvoraUI/PasskeyCeremony.swift (in target 'QelvoraUI' from project 'QelvoraNative')
/Users/yingpengwang/estimate-rescue/creator-platform/w7-completion-840545/apps/ios/Sources/QelvoraUI/Overlays.swift:331:21: warning: call to main actor-isolated static method 'post(notification:argument:)' in a synchronous nonisolated context [#ActorIsolatedCall]
327 | }
328 | 
329 | private func announce(_ text: String) {
    |              `- note: add '@MainActor' to make global function 'announce' part of global actor 'MainActor'
330 |   #if canImport(UIKit)
331 |     UIAccessibility.post(notification: .announcement, argument: text)
    |                     `- warning: call to main actor-isolated static method 'post(notification:argument:)' in a synchronous nonisolated context [#ActorIsolatedCall]
332 |   #endif
333 | }

/Applications/Xcode.app/Contents/Developer/Platforms/iPhoneSimulator.platform/Developer/SDKs/iPhoneSimulator27.0.sdk/System/Library/Frameworks/UIKit.framework/Headers/UIAccessibility.h:521:19: note: calls to static method 'post(notification:argument:)' from outside of its actor context are implicitly asynchronous
519 |  See UIAccessibilityConstants.h for a list of notifications.
520 |  */
521 | UIKIT_EXTERN void UIAccessibilityPostNotification(UIAccessibilityNotifications notification, __nullable id argument) API_UNAVAILABLE(watchos) NS_SWIFT_UI_ACTOR;
    |                   `- note: calls to static method 'post(notification:argument:)' from outside of its actor context are implicitly asynchronous
522 | 
523 | /* 

[#ActorIsolatedCall]: <https://docs.swift.org/compiler/documentation/diagnostics/actor-isolated-call>

SwiftCompile normal arm64 /Users/yingpengwang/estimate-rescue/creator-platform/w7-completion-840545/apps/ios/Sources/QelvoraUI/Navigation.swift (in target 'QelvoraUI' from project 'QelvoraNative')
    cd /Users/yingpengwang/estimate-rescue/creator-platform/w7-completion-840545/apps/ios/QelvoraApp.xcodeproj
    builtin-SwiftPerFileCompile Navigation.swift

SwiftCompile normal arm64 /Users/yingpengwang/estimate-rescue/creator-platform/w7-completion-840545/apps/ios/Sources/QelvoraUI/Overlays.swift (in target 'QelvoraUI' from project 'QelvoraNative')
    cd /Users/yingpengwang/estimate-rescue/creator-platform/w7-completion-840545/apps/ios/QelvoraApp.xcodeproj
    builtin-SwiftPerFileCompile Overlays.swift

SwiftCompile normal arm64 /Users/yingpengwang/estimate-rescue/creator-platform/w7-completion-840545/apps/ios/Sources/QelvoraUI/PasskeyCeremony.swift (in target 'QelvoraUI' from project 'QelvoraNative')
    cd /Users/yingpengwang/estimate-rescue/creator-platform/w7-completion-840545/apps/ios/QelvoraApp.xcodeproj
    builtin-SwiftPerFileCompile PasskeyCeremony.swift

SwiftCompile normal arm64 Compiling\ W3FanFeatures.swift,\ W3Realtime.swift,\ W3Recording.swift,\ W3ResumeStorage.swift /Users/yingpengwang/estimate-rescue/creator-platform/w7-completion-840545/apps/ios/Sources/QelvoraUI/Conversation/W3FanFeatures.swift /Users/yingpengwang/estimate-rescue/creator-platform/w7-completion-840545/apps/ios/Sources/QelvoraUI/Conversation/W3Realtime.swift /Users/yingpengwang/estimate-rescue/creator-platform/w7-completion-840545/apps/ios/Sources/QelvoraUI/Conversation/W3Recording.swift /Users/yingpengwang/estimate-rescue/creator-platform/w7-completion-840545/apps/ios/Sources/QelvoraUI/Conversation/W3ResumeStorage.swift (in target 'QelvoraUI' from project 'QelvoraNative')

SwiftCompile normal arm64 /Users/yingpengwang/estimate-rescue/creator-platform/w7-completion-840545/apps/ios/Sources/QelvoraUI/Conversation/W3FanFeatures.swift (in target 'QelvoraUI' from project 'QelvoraNative')
    cd /Users/yingpengwang/estimate-rescue/creator-platform/w7-completion-840545/apps/ios/QelvoraApp.xcodeproj
    builtin-SwiftPerFileCompile W3FanFeatures.swift

SwiftCompile normal arm64 /Users/yingpengwang/estimate-rescue/creator-platform/w7-completion-840545/apps/ios/Sources/QelvoraUI/Conversation/W3Realtime.swift (in target 'QelvoraUI' from project 'QelvoraNative')
    cd /Users/yingpengwang/estimate-rescue/creator-platform/w7-completion-840545/apps/ios/QelvoraApp.xcodeproj
    builtin-SwiftPerFileCompile W3Realtime.swift

SwiftCompile normal arm64 /Users/yingpengwang/estimate-rescue/creator-platform/w7-completion-840545/apps/ios/Sources/QelvoraUI/Conversation/W3Recording.swift (in target 'QelvoraUI' from project 'QelvoraNative')
    cd /Users/yingpengwang/estimate-rescue/creator-platform/w7-completion-840545/apps/ios/QelvoraApp.xcodeproj
    builtin-SwiftPerFileCompile W3Recording.swift

SwiftCompile normal arm64 /Users/yingpengwang/estimate-rescue/creator-platform/w7-completion-840545/apps/ios/Sources/QelvoraUI/Conversation/W3ResumeStorage.swift (in target 'QelvoraUI' from project 'QelvoraNative')
    cd /Users/yingpengwang/estimate-rescue/creator-platform/w7-completion-840545/apps/ios/QelvoraApp.xcodeproj
    builtin-SwiftPerFileCompile W3ResumeStorage.swift

SwiftCompile normal arm64 Compiling\ NativeMediaClient.swift,\ NativeVoiceRecorder.swift,\ W6FanFeatures.swift /Users/yingpengwang/estimate-rescue/creator-platform/w7-completion-840545/apps/ios/Sources/QelvoraUI/Media/NativeMediaClient.swift /Users/yingpengwang/estimate-rescue/creator-platform/w7-completion-840545/apps/ios/Sources/QelvoraUI/Media/NativeVoiceRecorder.swift /Users/yingpengwang/estimate-rescue/creator-platform/w7-completion-840545/apps/ios/Sources/QelvoraUI/Media/W6FanFeatures.swift (in target 'QelvoraUI' from project 'QelvoraNative')

SwiftCompile normal arm64 /Users/yingpengwang/estimate-rescue/creator-platform/w7-completion-840545/apps/ios/Sources/QelvoraUI/Media/NativeMediaClient.swift (in target 'QelvoraUI' from project 'QelvoraNative')
    cd /Users/yingpengwang/estimate-rescue/creator-platform/w7-completion-840545/apps/ios/QelvoraApp.xcodeproj
    builtin-SwiftPerFileCompile NativeMediaClient.swift

SwiftCompile normal arm64 /Users/yingpengwang/estimate-rescue/creator-platform/w7-completion-840545/apps/ios/Sources/QelvoraUI/Media/NativeVoiceRecorder.swift (in target 'QelvoraUI' from project 'QelvoraNative')
    cd /Users/yingpengwang/estimate-rescue/creator-platform/w7-completion-840545/apps/ios/QelvoraApp.xcodeproj
    builtin-SwiftPerFileCompile NativeVoiceRecorder.swift

SwiftCompile normal arm64 /Users/yingpengwang/estimate-rescue/creator-platform/w7-completion-840545/apps/ios/Sources/QelvoraUI/Media/W6FanFeatures.swift (in target 'QelvoraUI' from project 'QelvoraNative')
    cd /Users/yingpengwang/estimate-rescue/creator-platform/w7-completion-840545/apps/ios/QelvoraApp.xcodeproj
    builtin-SwiftPerFileCompile W6FanFeatures.swift

SwiftCompile normal arm64 Compiling\ resource_bundle_accessor.swift,\ QelvoraAPI.swift,\ QelvoraCopy.swift,\ QelvoraTokens.swift /tmp/creator-platform-w7-active-20261001/ios-derived/Build/Intermediates.noindex/QelvoraNative.build/Debug-iphonesimulator/QelvoraUI-t.build/DerivedSources/resource_bundle_accessor.swift /Users/yingpengwang/estimate-rescue/creator-platform/w7-completion-840545/apps/ios/Sources/Generated/QelvoraAPI.swift /Users/yingpengwang/estimate-rescue/creator-platform/w7-completion-840545/apps/ios/Sources/Generated/QelvoraCopy.swift /Users/yingpengwang/estimate-rescue/creator-platform/w7-completion-840545/apps/ios/Sources/Generated/QelvoraTokens.swift (in target 'QelvoraUI' from project 'QelvoraNative')

SwiftCompile normal arm64 /tmp/creator-platform-w7-active-20261001/ios-derived/Build/Intermediates.noindex/QelvoraNative.build/Debug-iphonesimulator/QelvoraUI-t.build/DerivedSources/resource_bundle_accessor.swift (in target 'QelvoraUI' from project 'QelvoraNative')
    cd /Users/yingpengwang/estimate-rescue/creator-platform/w7-completion-840545/apps/ios/QelvoraApp.xcodeproj
    builtin-SwiftPerFileCompile resource_bundle_accessor.swift

SwiftCompile normal arm64 /Users/yingpengwang/estimate-rescue/creator-platform/w7-completion-840545/apps/ios/Sources/Generated/QelvoraAPI.swift (in target 'QelvoraUI' from project 'QelvoraNative')
    cd /Users/yingpengwang/estimate-rescue/creator-platform/w7-completion-840545/apps/ios/QelvoraApp.xcodeproj
    builtin-SwiftPerFileCompile QelvoraAPI.swift

SwiftCompile normal arm64 /Users/yingpengwang/estimate-rescue/creator-platform/w7-completion-840545/apps/ios/Sources/Generated/QelvoraCopy.swift (in target 'QelvoraUI' from project 'QelvoraNative')
    cd /Users/yingpengwang/estimate-rescue/creator-platform/w7-completion-840545/apps/ios/QelvoraApp.xcodeproj
    builtin-SwiftPerFileCompile QelvoraCopy.swift

SwiftCompile normal arm64 /Users/yingpengwang/estimate-rescue/creator-platform/w7-completion-840545/apps/ios/Sources/Generated/QelvoraTokens.swift (in target 'QelvoraUI' from project 'QelvoraNative')
    cd /Users/yingpengwang/estimate-rescue/creator-platform/w7-completion-840545/apps/ios/QelvoraApp.xcodeproj
    builtin-SwiftPerFileCompile QelvoraTokens.swift

SwiftCompile normal arm64 Compiling\ Identity.swift,\ NativeCallCoordinator.swift,\ NativeCallOffers.swift,\ NativeCallView.swift /Users/yingpengwang/estimate-rescue/creator-platform/w7-completion-840545/apps/ios/Sources/QelvoraUI/Identity.swift /Users/yingpengwang/estimate-rescue/creator-platform/w7-completion-840545/apps/ios/Sources/QelvoraUI/Media/NativeCallCoordinator.swift /Users/yingpengwang/estimate-rescue/creator-platform/w7-completion-840545/apps/ios/Sources/QelvoraUI/Media/NativeCallOffers.swift /Users/yingpengwang/estimate-rescue/creator-platform/w7-completion-840545/apps/ios/Sources/QelvoraUI/Media/NativeCallView.swift (in target 'QelvoraUI' from project 'QelvoraNative')
/Users/yingpengwang/estimate-rescue/creator-platform/w7-completion-840545/apps/ios/Sources/QelvoraUI/Media/NativeCallCoordinator.swift:21:29: warning: 'init(localizedName:)' was deprecated in iOS 14.0 [#DeprecatedDeclaration]
19 |     private var sessions: [UUID: UUID] = [:]
20 |     public init(brandName: String, transport: any NativeRoomTransport, authorize: @escaping @MainActor (UUID) async throws -> (name: String, video: Bool)) {
21 |         let configuration = CXProviderConfiguration(localizedName: brandName)
   |                             `- warning: 'init(localizedName:)' was deprecated in iOS 14.0 [#DeprecatedDeclaration]
22 |         configuration.maximumCallGroups = 1; configuration.maximumCallsPerCallGroup = 1
23 |         configuration.supportsVideo = true; configuration.supportedHandleTypes = [.generic]

[#DeprecatedDeclaration]: <https://docs.swift.org/compiler/documentation/diagnostics/deprecated-declaration>

SwiftCompile normal arm64 /Users/yingpengwang/estimate-rescue/creator-platform/w7-completion-840545/apps/ios/Sources/QelvoraUI/Identity.swift (in target 'QelvoraUI' from project 'QelvoraNative')
    cd /Users/yingpengwang/estimate-rescue/creator-platform/w7-completion-840545/apps/ios/QelvoraApp.xcodeproj
    builtin-SwiftPerFileCompile Identity.swift

SwiftCompile normal arm64 /Users/yingpengwang/estimate-rescue/creator-platform/w7-completion-840545/apps/ios/Sources/QelvoraUI/Media/NativeCallCoordinator.swift (in target 'QelvoraUI' from project 'QelvoraNative')
    cd /Users/yingpengwang/estimate-rescue/creator-platform/w7-completion-840545/apps/ios/QelvoraApp.xcodeproj
    builtin-SwiftPerFileCompile NativeCallCoordinator.swift

SwiftCompile normal arm64 /Users/yingpengwang/estimate-rescue/creator-platform/w7-completion-840545/apps/ios/Sources/QelvoraUI/Media/NativeCallOffers.swift (in target 'QelvoraUI' from project 'QelvoraNative')
    cd /Users/yingpengwang/estimate-rescue/creator-platform/w7-completion-840545/apps/ios/QelvoraApp.xcodeproj
    builtin-SwiftPerFileCompile NativeCallOffers.swift

SwiftCompile normal arm64 /Users/yingpengwang/estimate-rescue/creator-platform/w7-completion-840545/apps/ios/Sources/QelvoraUI/Media/NativeCallView.swift (in target 'QelvoraUI' from project 'QelvoraNative')
    cd /Users/yingpengwang/estimate-rescue/creator-platform/w7-completion-840545/apps/ios/QelvoraApp.xcodeproj
    builtin-SwiftPerFileCompile NativeCallView.swift

SwiftCompile normal arm64 Compiling\ ThreadComponents.swift,\ Trust.swift,\ Welcome.swift /Users/yingpengwang/estimate-rescue/creator-platform/w7-completion-840545/apps/ios/Sources/QelvoraUI/ThreadComponents.swift /Users/yingpengwang/estimate-rescue/creator-platform/w7-completion-840545/apps/ios/Sources/QelvoraUI/Trust.swift /Users/yingpengwang/estimate-rescue/creator-platform/w7-completion-840545/apps/ios/Sources/QelvoraUI/Welcome.swift (in target 'QelvoraUI' from project 'QelvoraNative')
/Users/yingpengwang/estimate-rescue/creator-platform/w7-completion-840545/apps/ios/Sources/QelvoraUI/Trust.swift:23:93: warning: no 'async' operations occur within 'await' expression [#UnnecessaryEffectMarker]
 21 |     public let baseURL: URL
 22 |     public let token: @Sendable () async throws -> String?
 23 |     public init(baseURL: URL, token: @escaping @Sendable () async throws -> String? = { try await SecureSessionStorage().read() }) { self.baseURL = baseURL; self.token = token }
    |                                                                                             `- warning: no 'async' operations occur within 'await' expression [#UnnecessaryEffectMarker]
 24 |     fileprivate func request<T: Decodable>(_ path: String, body: Data? = nil) async throws -> T {
 25 |         try JSONDecoder().decode(T.self, from: await bytes(path, body: body))

/Users/yingpengwang/estimate-rescue/creator-platform/w7-completion-840545/apps/ios/Sources/QelvoraUI/Trust.swift:76:128: warning: no 'async' operations occur within 'await' expression [#UnnecessaryEffectMarker]
 74 |     @State private var feedbackConsent = false
 75 |     @Environment(\.colorScheme) private var scheme
 76 |     public init(baseURL: URL?, destination: String = "/support", token: @escaping @Sendable () async throws -> String? = { try await SecureSessionStorage().read() }) {
    |                                                                                                                                `- warning: no 'async' operations occur within 'await' expression [#UnnecessaryEffectMarker]
 77 |         client = baseURL.map { TrustClient(baseURL: $0, token: token) }; _route = State(initialValue: destination)
 78 |         let query = URLComponents(string: destination)?.queryItems ?? []

[#UnnecessaryEffectMarker]: <https://docs.swift.org/compiler/documentation/diagnostics/unnecessary-effect-marker>

SwiftCompile normal arm64 /Users/yingpengwang/estimate-rescue/creator-platform/w7-completion-840545/apps/ios/Sources/QelvoraUI/ThreadComponents.swift (in target 'QelvoraUI' from project 'QelvoraNative')
    cd /Users/yingpengwang/estimate-rescue/creator-platform/w7-completion-840545/apps/ios/QelvoraApp.xcodeproj
    builtin-SwiftPerFileCompile ThreadComponents.swift

SwiftCompile normal arm64 /Users/yingpengwang/estimate-rescue/creator-platform/w7-completion-840545/apps/ios/Sources/QelvoraUI/Trust.swift (in target 'QelvoraUI' from project 'QelvoraNative')
    cd /Users/yingpengwang/estimate-rescue/creator-platform/w7-completion-840545/apps/ios/QelvoraApp.xcodeproj
    builtin-SwiftPerFileCompile Trust.swift

SwiftCompile normal arm64 /Users/yingpengwang/estimate-rescue/creator-platform/w7-completion-840545/apps/ios/Sources/QelvoraUI/Welcome.swift (in target 'QelvoraUI' from project 'QelvoraNative')
    cd /Users/yingpengwang/estimate-rescue/creator-platform/w7-completion-840545/apps/ios/QelvoraApp.xcodeproj
    builtin-SwiftPerFileCompile Welcome.swift

SwiftCompile normal arm64 Compiling\ StoreMembership.swift,\ StoreMembershipPane.swift,\ ComponentPreview.swift,\ ContentAttachments.swift /Users/yingpengwang/estimate-rescue/creator-platform/w7-completion-840545/apps/ios/Sources/QelvoraUI/Commerce/StoreMembership.swift /Users/yingpengwang/estimate-rescue/creator-platform/w7-completion-840545/apps/ios/Sources/QelvoraUI/Commerce/StoreMembershipPane.swift /Users/yingpengwang/estimate-rescue/creator-platform/w7-completion-840545/apps/ios/Sources/QelvoraUI/ComponentPreview.swift /Users/yingpengwang/estimate-rescue/creator-platform/w7-completion-840545/apps/ios/Sources/QelvoraUI/Content/ContentAttachments.swift (in target 'QelvoraUI' from project 'QelvoraNative')

SwiftCompile normal arm64 /Users/yingpengwang/estimate-rescue/creator-platform/w7-completion-840545/apps/ios/Sources/QelvoraUI/Commerce/StoreMembership.swift (in target 'QelvoraUI' from project 'QelvoraNative')
    cd /Users/yingpengwang/estimate-rescue/creator-platform/w7-completion-840545/apps/ios/QelvoraApp.xcodeproj
    builtin-SwiftPerFileCompile StoreMembership.swift

SwiftCompile normal arm64 /Users/yingpengwang/estimate-rescue/creator-platform/w7-completion-840545/apps/ios/Sources/QelvoraUI/Commerce/StoreMembershipPane.swift (in target 'QelvoraUI' from project 'QelvoraNative')
    cd /Users/yingpengwang/estimate-rescue/creator-platform/w7-completion-840545/apps/ios/QelvoraApp.xcodeproj
    builtin-SwiftPerFileCompile StoreMembershipPane.swift

SwiftCompile normal arm64 /Users/yingpengwang/estimate-rescue/creator-platform/w7-completion-840545/apps/ios/Sources/QelvoraUI/ComponentPreview.swift (in target 'QelvoraUI' from project 'QelvoraNative')
    cd /Users/yingpengwang/estimate-rescue/creator-platform/w7-completion-840545/apps/ios/QelvoraApp.xcodeproj
    builtin-SwiftPerFileCompile ComponentPreview.swift

SwiftCompile normal arm64 /Users/yingpengwang/estimate-rescue/creator-platform/w7-completion-840545/apps/ios/Sources/QelvoraUI/Content/ContentAttachments.swift (in target 'QelvoraUI' from project 'QelvoraNative')
    cd /Users/yingpengwang/estimate-rescue/creator-platform/w7-completion-840545/apps/ios/QelvoraApp.xcodeproj
    builtin-SwiftPerFileCompile ContentAttachments.swift

SwiftCompile normal arm64 Compiling\ CredentialSettings.swift,\ DeliveryProtocol.swift,\ FanShell.swift,\ Glyph.swift /Users/yingpengwang/estimate-rescue/creator-platform/w7-completion-840545/apps/ios/Sources/QelvoraUI/CredentialSettings.swift /Users/yingpengwang/estimate-rescue/creator-platform/w7-completion-840545/apps/ios/Sources/QelvoraUI/DeliveryProtocol.swift /Users/yingpengwang/estimate-rescue/creator-platform/w7-completion-840545/apps/ios/Sources/QelvoraUI/FanShell.swift /Users/yingpengwang/estimate-rescue/creator-platform/w7-completion-840545/apps/ios/Sources/QelvoraUI/Glyph.swift (in target 'QelvoraUI' from project 'QelvoraNative')

SwiftCompile normal arm64 /Users/yingpengwang/estimate-rescue/creator-platform/w7-completion-840545/apps/ios/Sources/QelvoraUI/CredentialSettings.swift (in target 'QelvoraUI' from project 'QelvoraNative')
    cd /Users/yingpengwang/estimate-rescue/creator-platform/w7-completion-840545/apps/ios/QelvoraApp.xcodeproj
    builtin-SwiftPerFileCompile CredentialSettings.swift

SwiftCompile normal arm64 /Users/yingpengwang/estimate-rescue/creator-platform/w7-completion-840545/apps/ios/Sources/QelvoraUI/DeliveryProtocol.swift (in target 'QelvoraUI' from project 'QelvoraNative')
    cd /Users/yingpengwang/estimate-rescue/creator-platform/w7-completion-840545/apps/ios/QelvoraApp.xcodeproj
    builtin-SwiftPerFileCompile DeliveryProtocol.swift

SwiftCompile normal arm64 /Users/yingpengwang/estimate-rescue/creator-platform/w7-completion-840545/apps/ios/Sources/QelvoraUI/FanShell.swift (in target 'QelvoraUI' from project 'QelvoraNative')
    cd /Users/yingpengwang/estimate-rescue/creator-platform/w7-completion-840545/apps/ios/QelvoraApp.xcodeproj
    builtin-SwiftPerFileCompile FanShell.swift

SwiftCompile normal arm64 /Users/yingpengwang/estimate-rescue/creator-platform/w7-completion-840545/apps/ios/Sources/QelvoraUI/Glyph.swift (in target 'QelvoraUI' from project 'QelvoraNative')
    cd /Users/yingpengwang/estimate-rescue/creator-platform/w7-completion-840545/apps/ios/QelvoraApp.xcodeproj
    builtin-SwiftPerFileCompile Glyph.swift

SwiftDriverJobDiscovery normal arm64 Compiling NativeMediaClient.swift, NativeVoiceRecorder.swift, W6FanFeatures.swift (in target 'QelvoraUI' from project 'QelvoraNative')

SwiftDriverJobDiscovery normal arm64 Compiling Navigation.swift, Overlays.swift, PasskeyCeremony.swift (in target 'QelvoraUI' from project 'QelvoraNative')

SwiftDriverJobDiscovery normal arm64 Compiling SessionStorage.swift, StudioComponents.swift, Theme.swift (in target 'QelvoraUI' from project 'QelvoraNative')

SwiftDriverJobDiscovery normal arm64 Compiling StoreMembership.swift, StoreMembershipPane.swift, ComponentPreview.swift, ContentAttachments.swift (in target 'QelvoraUI' from project 'QelvoraNative')

SwiftDriverJobDiscovery normal arm64 Compiling Identity.swift, NativeCallCoordinator.swift, NativeCallOffers.swift, NativeCallView.swift (in target 'QelvoraUI' from project 'QelvoraNative')

SwiftDriverJobDiscovery normal arm64 Compiling ThreadComponents.swift, Trust.swift, Welcome.swift (in target 'QelvoraUI' from project 'QelvoraNative')

SwiftDriverJobDiscovery normal arm64 Compiling W3FanFeatures.swift, W3Realtime.swift, W3Recording.swift, W3ResumeStorage.swift (in target 'QelvoraUI' from project 'QelvoraNative')

SwiftDriverJobDiscovery normal arm64 Emitting module for QelvoraUI (in target 'QelvoraUI' from project 'QelvoraNative')

SwiftDriver\ Compilation\ Requirements QelvoraUI normal arm64 com.apple.xcode.tools.swift.compiler (in target 'QelvoraUI' from project 'QelvoraNative')
    cd /Users/yingpengwang/estimate-rescue/creator-platform/w7-completion-840545/apps/ios/QelvoraApp.xcodeproj
    builtin-Swift-Compilation-Requirements -- /Applications/Xcode.app/Contents/Developer/Toolchains/XcodeDefault.xctoolchain/usr/bin/swiftc -parse-as-library -module-name QelvoraUI -Onone @/tmp/creator-platform-w7-active-20261001/ios-derived/Build/Intermediates.noindex/QelvoraNative.build/Debug-iphonesimulator/QelvoraUI-t.build/Objects-normal/arm64/QelvoraUI.SwiftFileList -DSWIFT_PACKAGE -DDEBUG -DSWIFT_MODULE_RESOURCE_BUNDLE_AVAILABLE -DXcode -plugin-path /Applications/Xcode.app/Contents/Developer/Toolchains/XcodeDefault.xctoolchain/usr/lib/swift/host/plugins/testing -enable-experimental-feature DebugDescriptionMacro -sdk /Applications/Xcode.app/Contents/Developer/Platforms/iPhoneSimulator.platform/Developer/SDKs/iPhoneSimulator27.0.sdk -target arm64-apple-ios17.0-simulator -g -module-cache-path /tmp/creator-platform-w7-active-20261001/ios-derived/ModuleCache.noindex -Xfrontend -serialize-debugging-options -enable-testing -index-store-path /tmp/creator-platform-w7-active-20261001/ios-derived/Index.noindex/DataStore -Xcc -D_LIBCPP_HARDENING_MODE\=_LIBCPP_HARDENING_MODE_DEBUG -swift-version 6 -I /tmp/creator-platform-w7-active-20261001/ios-derived/Build/Products/Debug-iphonesimulator -Isystem /Applications/Xcode.app/Contents/Developer/Platforms/iPhoneSimulator.platform/Developer/usr/lib -F /tmp/creator-platform-w7-active-20261001/ios-derived/Build/Products/Debug-iphonesimulator -F /Applications/Xcode.app/Contents/Developer/Platforms/iPhoneSimulator.platform/Developer/Library/Frameworks -F /Applications/Xcode.app/Contents/Developer/Platforms/iPhoneSimulator.platform/Developer/SDKs/iPhoneSimulator27.0.sdk/Developer/Library/Frameworks -c -j12 -enable-batch-mode -incremental -Xcc -ivfsstatcache -Xcc /tmp/creator-platform-w7-active-20261001/ios-derived/SDKStatCaches.noindex/iphonesimulator27.0-24A430-8dc58220667be655e1bcc261a7455254.sdkstatcache -output-file-map /tmp/creator-platform-w7-active-20261001/ios-derived/Build/Intermediates.noindex/QelvoraNative.build/Debug-iphonesimulator/QelvoraUI-t.build/Objects-normal/arm64/QelvoraUI-OutputFileMap.json -save-temps -no-color-diagnostics -explicit-module-build -module-cache-path /tmp/creator-platform-w7-active-20261001/ios-derived/Build/Intermediates.noindex/SwiftExplicitPrecompiledModules -clang-scanner-module-cache-path /tmp/creator-platform-w7-active-20261001/ios-derived/ModuleCache.noindex -sdk-module-cache-path /tmp/creator-platform-w7-active-20261001/ios-derived/SDKExplicitPrecompiledModules -emit-dependencies -emit-module -emit-module-path /tmp/creator-platform-w7-active-20261001/ios-derived/Build/Intermediates.noindex/QelvoraNative.build/Debug-iphonesimulator/QelvoraUI-t.build/Objects-normal/arm64/QelvoraUI.swiftmodule -serialize-diagnostics -dependency-scan-serialize-diagnostics-path /tmp/creator-platform-w7-active-20261001/ios-derived/Build/Intermediates.noindex/QelvoraNative.build/Debug-iphonesimulator/QelvoraUI-t.build/Objects-normal/arm64/QelvoraUI-dependency-scan.dia -validate-clang-modules-once -clang-build-session-file /tmp/creator-platform-w7-active-20261001/ios-derived/ModuleCache.noindex/Session.modulevalidation -Xcc -fmodules-prune-interval\=86400 -Xcc -fmodules-prune-after\=345600 -package-name ios -emit-const-values -const-gather-protocols-list /tmp/creator-platform-w7-active-20261001/ios-derived/Build/Intermediates.noindex/QelvoraNative.build/Debug-iphonesimulator/QelvoraUI-t.build/Objects-normal/arm64/QelvoraUI_const_extract_protocols.json -Xcc -I/tmp/creator-platform-w7-active-20261001/ios-derived/Build/Products/Debug-iphonesimulator/include -Xcc -I/tmp/creator-platform-w7-active-20261001/ios-derived/Build/Intermediates.noindex/QelvoraNative.build/Debug-iphonesimulator/QelvoraUI-t.build/DerivedSources-normal/arm64 -Xcc -I/tmp/creator-platform-w7-active-20261001/ios-derived/Build/Intermediates.noindex/QelvoraNative.build/Debug-iphonesimulator/QelvoraUI-t.build/DerivedSources/arm64 -Xcc -I/tmp/creator-platform-w7-active-20261001/ios-derived/Build/Intermediates.noindex/QelvoraNative.build/Debug-iphonesimulator/QelvoraUI-t.build/DerivedSources -Xcc -DSWIFT_PACKAGE -Xcc -DDEBUG\=1 -emit-objc-header -emit-objc-header-path /tmp/creator-platform-w7-active-20261001/ios-derived/Build/Intermediates.noindex/QelvoraNative.build/Debug-iphonesimulator/QelvoraUI-t.build/Objects-normal/arm64/QelvoraUI-Swift.h -working-directory /Users/yingpengwang/estimate-rescue/creator-platform/w7-completion-840545/apps/ios/QelvoraApp.xcodeproj -experimental-emit-module-separately -disable-cmo

SwiftMergeGeneratedHeaders /tmp/creator-platform-w7-active-20261001/ios-derived/Build/Intermediates.noindex/GeneratedModuleMaps-iphonesimulator/QelvoraUI-Swift.h /tmp/creator-platform-w7-active-20261001/ios-derived/Build/Intermediates.noindex/QelvoraNative.build/Debug-iphonesimulator/QelvoraUI-t.build/Objects-normal/arm64/QelvoraUI-Swift.h (in target 'QelvoraUI' from project 'QelvoraNative')
    cd /Users/yingpengwang/estimate-rescue/creator-platform/w7-completion-840545/apps/ios
    builtin-swiftHeaderTool -arch arm64 /tmp/creator-platform-w7-active-20261001/ios-derived/Build/Intermediates.noindex/QelvoraNative.build/Debug-iphonesimulator/QelvoraUI-t.build/Objects-normal/arm64/QelvoraUI-Swift.h -o /tmp/creator-platform-w7-active-20261001/ios-derived/Build/Intermediates.noindex/GeneratedModuleMaps-iphonesimulator/QelvoraUI-Swift.h

Copy /tmp/creator-platform-w7-active-20261001/ios-derived/Build/Products/Debug-iphonesimulator/QelvoraUI.swiftmodule/arm64-apple-ios-simulator.swiftmodule /tmp/creator-platform-w7-active-20261001/ios-derived/Build/Intermediates.noindex/QelvoraNative.build/Debug-iphonesimulator/QelvoraUI-t.build/Objects-normal/arm64/QelvoraUI.swiftmodule (in target 'QelvoraUI' from project 'QelvoraNative')
    cd /Users/yingpengwang/estimate-rescue/creator-platform/w7-completion-840545/apps/ios
    builtin-copy -exclude .DS_Store -exclude CVS -exclude .svn -exclude .git -exclude .hg -resolve-src-symlinks -rename /tmp/creator-platform-w7-active-20261001/ios-derived/Build/Intermediates.noindex/QelvoraNative.build/Debug-iphonesimulator/QelvoraUI-t.build/Objects-normal/arm64/QelvoraUI.swiftmodule /tmp/creator-platform-w7-active-20261001/ios-derived/Build/Products/Debug-iphonesimulator/QelvoraUI.swiftmodule/arm64-apple-ios-simulator.swiftmodule

Copy /tmp/creator-platform-w7-active-20261001/ios-derived/Build/Products/Debug-iphonesimulator/QelvoraUI.swiftmodule/arm64-apple-ios-simulator.swiftdoc /tmp/creator-platform-w7-active-20261001/ios-derived/Build/Intermediates.noindex/QelvoraNative.build/Debug-iphonesimulator/QelvoraUI-t.build/Objects-normal/arm64/QelvoraUI.swiftdoc (in target 'QelvoraUI' from project 'QelvoraNative')
    cd /Users/yingpengwang/estimate-rescue/creator-platform/w7-completion-840545/apps/ios
    builtin-copy -exclude .DS_Store -exclude CVS -exclude .svn -exclude .git -exclude .hg -resolve-src-symlinks -rename /tmp/creator-platform-w7-active-20261001/ios-derived/Build/Intermediates.noindex/QelvoraNative.build/Debug-iphonesimulator/QelvoraUI-t.build/Objects-normal/arm64/QelvoraUI.swiftdoc /tmp/creator-platform-w7-active-20261001/ios-derived/Build/Products/Debug-iphonesimulator/QelvoraUI.swiftmodule/arm64-apple-ios-simulator.swiftdoc

Copy /tmp/creator-platform-w7-active-20261001/ios-derived/Build/Products/Debug-iphonesimulator/QelvoraUI.swiftmodule/arm64-apple-ios-simulator.abi.json /tmp/creator-platform-w7-active-20261001/ios-derived/Build/Intermediates.noindex/QelvoraNative.build/Debug-iphonesimulator/QelvoraUI-t.build/Objects-normal/arm64/QelvoraUI.abi.json (in target 'QelvoraUI' from project 'QelvoraNative')
    cd /Users/yingpengwang/estimate-rescue/creator-platform/w7-completion-840545/apps/ios
    builtin-copy -exclude .DS_Store -exclude CVS -exclude .svn -exclude .git -exclude .hg -resolve-src-symlinks -rename /tmp/creator-platform-w7-active-20261001/ios-derived/Build/Intermediates.noindex/QelvoraNative.build/Debug-iphonesimulator/QelvoraUI-t.build/Objects-normal/arm64/QelvoraUI.abi.json /tmp/creator-platform-w7-active-20261001/ios-derived/Build/Products/Debug-iphonesimulator/QelvoraUI.swiftmodule/arm64-apple-ios-simulator.abi.json

Copy /tmp/creator-platform-w7-active-20261001/ios-derived/Build/Products/Debug-iphonesimulator/QelvoraUI.swiftmodule/Project/arm64-apple-ios-simulator.swiftsourceinfo /tmp/creator-platform-w7-active-20261001/ios-derived/Build/Intermediates.noindex/QelvoraNative.build/Debug-iphonesimulator/QelvoraUI-t.build/Objects-normal/arm64/QelvoraUI.swiftsourceinfo (in target 'QelvoraUI' from project 'QelvoraNative')
    cd /Users/yingpengwang/estimate-rescue/creator-platform/w7-completion-840545/apps/ios
    builtin-copy -exclude .DS_Store -exclude CVS -exclude .svn -exclude .git -exclude .hg -resolve-src-symlinks -rename /tmp/creator-platform-w7-active-20261001/ios-derived/Build/Intermediates.noindex/QelvoraNative.build/Debug-iphonesimulator/QelvoraUI-t.build/Objects-normal/arm64/QelvoraUI.swiftsourceinfo /tmp/creator-platform-w7-active-20261001/ios-derived/Build/Products/Debug-iphonesimulator/QelvoraUI.swiftmodule/Project/arm64-apple-ios-simulator.swiftsourceinfo

SwiftDriver QelvoraApp normal arm64 com.apple.xcode.tools.swift.compiler (in target 'QelvoraApp' from project 'QelvoraApp')
    cd /Users/yingpengwang/estimate-rescue/creator-platform/w7-completion-840545/apps/ios
    builtin-SwiftDriver -- /Applications/Xcode.app/Contents/Developer/Toolchains/XcodeDefault.xctoolchain/usr/bin/swiftc -module-name QelvoraApp -Onone @/tmp/creator-platform-w7-active-20261001/ios-derived/Build/Intermediates.noindex/QelvoraApp.build/Debug-iphonesimulator/QelvoraApp.build/Objects-normal/arm64/QelvoraApp.SwiftFileList -DDEBUG -enable-experimental-feature DebugDescriptionMacro -sdk /Applications/Xcode.app/Contents/Developer/Platforms/iPhoneSimulator.platform/Developer/SDKs/iPhoneSimulator27.0.sdk -target arm64-apple-ios17.0-simulator -g -module-cache-path /tmp/creator-platform-w7-active-20261001/ios-derived/ModuleCache.noindex -Xfrontend -serialize-debugging-options -enable-testing -index-store-path /tmp/creator-platform-w7-active-20261001/ios-derived/Index.noindex/DataStore -Xcc -D_LIBCPP_HARDENING_MODE\=_LIBCPP_HARDENING_MODE_DEBUG -swift-version 6 -I /tmp/creator-platform-w7-active-20261001/ios-derived/Build/Products/Debug-iphonesimulator -F /tmp/creator-platform-w7-active-20261001/ios-derived/Build/Products/Debug-iphonesimulator/PackageFrameworks -F /tmp/creator-platform-w7-active-20261001/ios-derived/Build/Products/Debug-iphonesimulator -parse-as-library -c -j12 -enable-batch-mode -incremental -Xcc -ivfsstatcache -Xcc /tmp/creator-platform-w7-active-20261001/ios-derived/SDKStatCaches.noindex/iphonesimulator27.0-24A430-8dc58220667be655e1bcc261a7455254.sdkstatcache -output-file-map /tmp/creator-platform-w7-active-20261001/ios-derived/Build/Intermediates.noindex/QelvoraApp.build/Debug-iphonesimulator/QelvoraApp.build/Objects-normal/arm64/QelvoraApp-OutputFileMap.json -save-temps -no-color-diagnostics -explicit-module-build -module-cache-path /tmp/creator-platform-w7-active-20261001/ios-derived/Build/Intermediates.noindex/SwiftExplicitPrecompiledModules -clang-scanner-module-cache-path /tmp/creator-platform-w7-active-20261001/ios-derived/ModuleCache.noindex -sdk-module-cache-path /tmp/creator-platform-w7-active-20261001/ios-derived/SDKExplicitPrecompiledModules -emit-dependencies -emit-module -emit-module-path /tmp/creator-platform-w7-active-20261001/ios-derived/Build/Intermediates.noindex/QelvoraApp.build/Debug-iphonesimulator/QelvoraApp.build/Objects-normal/arm64/QelvoraApp.swiftmodule -serialize-diagnostics -dependency-scan-serialize-diagnostics-path /tmp/creator-platform-w7-active-20261001/ios-derived/Build/Intermediates.noindex/QelvoraApp.build/Debug-iphonesimulator/QelvoraApp.build/Objects-normal/arm64/QelvoraApp-dependency-scan.dia -validate-clang-modules-once -clang-build-session-file /tmp/creator-platform-w7-active-20261001/ios-derived/ModuleCache.noindex/Session.modulevalidation -Xcc -fmodules-prune-interval\=86400 -Xcc -fmodules-prune-after\=345600 -emit-const-values -const-gather-protocols-list /tmp/creator-platform-w7-active-20261001/ios-derived/Build/Intermediates.noindex/QelvoraApp.build/Debug-iphonesimulator/QelvoraApp.build/Objects-normal/arm64/QelvoraApp_const_extract_protocols.json -Xcc -iquote -Xcc /tmp/creator-platform-w7-active-20261001/ios-derived/Build/Intermediates.noindex/QelvoraApp.build/Debug-iphonesimulator/QelvoraApp.build/QelvoraApp-generated-files.hmap -Xcc -I/tmp/creator-platform-w7-active-20261001/ios-derived/Build/Intermediates.noindex/QelvoraApp.build/Debug-iphonesimulator/QelvoraApp.build/QelvoraApp-own-target-headers.hmap -Xcc -I/tmp/creator-platform-w7-active-20261001/ios-derived/Build/Intermediates.noindex/QelvoraApp.build/Debug-iphonesimulator/QelvoraApp.build/QelvoraApp-all-non-framework-target-headers.hmap -Xcc -ivfsoverlay -Xcc /tmp/creator-platform-w7-active-20261001/ios-derived/Build/Intermediates.noindex/QelvoraApp.build/Debug-iphonesimulator/QelvoraApp-29b244ef777fcfbcbef7f347c6fce175-VFS-iphonesimulator/all-product-headers.yaml -Xcc -iquote -Xcc /tmp/creator-platform-w7-active-20261001/ios-derived/Build/Intermediates.noindex/QelvoraApp.build/Debug-iphonesimulator/QelvoraApp.build/QelvoraApp-project-headers.hmap -Xcc -I/tmp/creator-platform-w7-active-20261001/ios-derived/Build/Products/Debug-iphonesimulator/include -Xcc -I/tmp/creator-platform-w7-active-20261001/ios-derived/Build/Intermediates.noindex/QelvoraApp.build/Debug-iphonesimulator/QelvoraApp.build/DerivedSources-normal/arm64 -Xcc -I/tmp/creator-platform-w7-active-20261001/ios-derived/Build/Intermediates.noindex/QelvoraApp.build/Debug-iphonesimulator/QelvoraApp.build/DerivedSources/arm64 -Xcc -I/tmp/creator-platform-w7-active-20261001/ios-derived/Build/Intermediates.noindex/QelvoraApp.build/Debug-iphonesimulator/QelvoraApp.build/DerivedSources -Xcc -DDEBUG\=1 -emit-objc-header -emit-objc-header-path /tmp/creator-platform-w7-active-20261001/ios-derived/Build/Intermediates.noindex/QelvoraApp.build/Debug-iphonesimulator/QelvoraApp.build/Objects-normal/arm64/QelvoraApp-Swift.h -working-directory /Users/yingpengwang/estimate-rescue/creator-platform/w7-completion-840545/apps/ios -experimental-emit-module-separately -disable-cmo

SwiftDriverJobDiscovery normal arm64 Compiling ContentFeature.swift, Controls.swift, Conversation.swift, W3ConversationClient.swift (in target 'QelvoraUI' from project 'QelvoraNative')

SwiftDriverJobDiscovery normal arm64 Compiling CredentialSettings.swift, DeliveryProtocol.swift, FanShell.swift, Glyph.swift (in target 'QelvoraUI' from project 'QelvoraNative')

SwiftExplicitDependencyGeneratePcm arm64 /tmp/creator-platform-w7-active-20261001/ios-derived/SDKExplicitPrecompiledModules/_Builtin_stdbool-9EM57TYKNUHG1LFCSPOSGB2YY.pcm

SwiftExplicitDependencyGeneratePcm arm64 /tmp/creator-platform-w7-active-20261001/ios-derived/SDKExplicitPrecompiledModules/ptrcheck-88N7M3VOCXI4S5PAIQHC1HE27.pcm

SwiftExplicitDependencyGeneratePcm arm64 /tmp/creator-platform-w7-active-20261001/ios-derived/SDKExplicitPrecompiledModules/_Builtin_float-8O8UVB12BWO6RIZCVRAGJWAXD.pcm

SwiftExplicitDependencyGeneratePcm arm64 /tmp/creator-platform-w7-active-20261001/ios-derived/SDKExplicitPrecompiledModules/_Builtin_stdarg-2LE0B2R4NYRJ6WECQJ0JT7Q81.pcm

SwiftExplicitDependencyGeneratePcm arm64 /tmp/creator-platform-w7-active-20261001/ios-derived/SDKExplicitPrecompiledModules/_AvailabilityInternal-EW79ZABY1ZLH7GZ4AUPHR0LMW.pcm

SwiftExplicitDependencyGeneratePcm arm64 /tmp/creator-platform-w7-active-20261001/ios-derived/SDKExplicitPrecompiledModules/ptrauth-1DJYO3OKTFI95A0FQMOXNNUF4.pcm

SwiftExplicitDependencyGeneratePcm arm64 /tmp/creator-platform-w7-active-20261001/ios-derived/SDKExplicitPrecompiledModules/_StoreKit_SwiftUI-80J2IN2YK46T1FM6U6O3F5VPA.pcm

SwiftExplicitDependencyGeneratePcm arm64 /tmp/creator-platform-w7-active-20261001/ios-derived/SDKExplicitPrecompiledModules/_SwiftConcurrencyShims-7TULABBO5ZFTV07LEU5IMUBL3.pcm

SwiftExplicitDependencyGeneratePcm arm64 /tmp/creator-platform-w7-active-20261001/ios-derived/SDKExplicitPrecompiledModules/_Builtin_stddef-CFHATZ6M59ZGHCDJZMLCGBUPF.pcm

SwiftExplicitDependencyGeneratePcm arm64 /tmp/creator-platform-w7-active-20261001/ios-derived/SDKExplicitPrecompiledModules/DeveloperToolsSupport-AV21KBR0K1JCW2P2XANN5AP8N.pcm

SwiftExplicitDependencyGeneratePcm arm64 /tmp/creator-platform-w7-active-20261001/ios-derived/SDKExplicitPrecompiledModules/SwiftShims-EFJ5QAVJ6PYA3P57E7CRP7VRK.pcm

SwiftExplicitDependencyGeneratePcm arm64 /tmp/creator-platform-w7-active-20261001/ios-derived/SDKExplicitPrecompiledModules/_DarwinFoundation1-BK0EOLA88OL2S7GBDNJF1SZDO.pcm

SwiftExplicitDependencyGeneratePcm arm64 /tmp/creator-platform-w7-active-20261001/ios-derived/SDKExplicitPrecompiledModules/_DarwinFoundation2-6I7JQQBCB6OBOX403JQ4FUTSM.pcm

SwiftExplicitDependencyGeneratePcm arm64 /tmp/creator-platform-w7-active-20261001/ios-derived/SDKExplicitPrecompiledModules/ExtensionFoundation-97KNB7V9Q5W4KSO09DBZTTJ3U.pcm

SwiftExplicitDependencyGeneratePcm arm64 /tmp/creator-platform-w7-active-20261001/ios-derived/SDKExplicitPrecompiledModules/_Builtin_limits-8EB3OE5T0XLIET75G43V7FM3M.pcm

SwiftExplicitDependencyGeneratePcm arm64 /tmp/creator-platform-w7-active-20261001/ios-derived/SDKExplicitPrecompiledModules/string_h-53935PGHKN0NSALDIHG797W3O.pcm

SwiftExplicitDependencyGeneratePcm arm64 /tmp/creator-platform-w7-active-20261001/ios-derived/SDKExplicitPrecompiledModules/sys_types-3RTKTJS1NXQXN25JN6E2XL4J6.pcm

SwiftExplicitDependencyGeneratePcm arm64 /tmp/creator-platform-w7-active-20261001/ios-derived/SDKExplicitPrecompiledModules/_Builtin_tgmath-CLK6MLGZ8B267HJPBGIBC7A7C.pcm

SwiftExplicitDependencyGeneratePcm arm64 /tmp/creator-platform-w7-active-20261001/ios-derived/SDKExplicitPrecompiledModules/_Builtin_stdint-4ROPBFTVP3ERVH5ZNYW8CNHJK.pcm

SwiftExplicitDependencyGeneratePcm arm64 /tmp/creator-platform-w7-active-20261001/ios-derived/SDKExplicitPrecompiledModules/_Builtin_stdatomic-66G3V9S8HIKJ2N68XXMGVIJDS.pcm

SwiftExplicitDependencyGeneratePcm arm64 /tmp/creator-platform-w7-active-20261001/ios-derived/SDKExplicitPrecompiledModules/_Builtin_intrinsics-884DOFRNWVJDM4YE51W88Z9T0.pcm

SwiftExplicitDependencyGeneratePcm arm64 /tmp/creator-platform-w7-active-20261001/ios-derived/SDKExplicitPrecompiledModules/_DarwinFoundation3-ESSMUNTTFKZW9C0PDESMQTA1L.pcm

SwiftExplicitDependencyGeneratePcm arm64 /tmp/creator-platform-w7-active-20261001/ios-derived/SDKExplicitPrecompiledModules/_Builtin_inttypes-5YKJ1KVHSYKKJIBJJ6Q60BRFW.pcm

SwiftExplicitDependencyGeneratePcm arm64 /tmp/creator-platform-w7-active-20261001/ios-derived/SDKExplicitPrecompiledModules/Darwin-C7C70M2MNFIP5L55TL9MB6JQZ.pcm

SwiftExplicitDependencyGeneratePcm arm64 /tmp/creator-platform-w7-active-20261001/ios-derived/SDKExplicitPrecompiledModules/simd-EXFX1Z0SB49XD8O609F5QTYCI.pcm

SwiftDriverJobDiscovery normal arm64 Compiling AccessComponents.swift, Catalog.swift, CommerceClient.swift, CommerceFeature.swift (in target 'QelvoraUI' from project 'QelvoraNative')

SwiftExplicitDependencyGeneratePcm arm64 /tmp/creator-platform-w7-active-20261001/ios-derived/SDKExplicitPrecompiledModules/ObjectiveC-DCKVKJB9ONDI9HO1PBX45K9YV.pcm

SwiftExplicitDependencyGeneratePcm arm64 /tmp/creator-platform-w7-active-20261001/ios-derived/SDKExplicitPrecompiledModules/MachO-5RX9NCPCB9AR5Q5HY95LED004.pcm

SwiftExplicitDependencyGeneratePcm arm64 /tmp/creator-platform-w7-active-20261001/ios-derived/SDKExplicitPrecompiledModules/os_object-9ROS8YFPE4UYCNITV3LTVZHN6.pcm

SwiftExplicitDependencyGeneratePcm arm64 /tmp/creator-platform-w7-active-20261001/ios-derived/SDKExplicitPrecompiledModules/Spatial-6O5B130SORAMGFUPHI51RGYZQ.pcm

SwiftExplicitDependencyGeneratePcm arm64 /tmp/creator-platform-w7-active-20261001/ios-derived/SDKExplicitPrecompiledModules/os_workgroup-9ILOTWCUGXX93B47NYQKR1MYL.pcm

SwiftExplicitDependencyGeneratePcm arm64 /tmp/creator-platform-w7-active-20261001/ios-derived/SDKExplicitPrecompiledModules/Dispatch-8DIBXVZ4MM7G6JY5L2OYFLL5K.pcm

SwiftDriverJobDiscovery normal arm64 Compiling Growth.swift, GrowthPreferences.swift, GrowthPush.swift, GrowthReplyDocument.swift (in target 'QelvoraUI' from project 'QelvoraNative')

SwiftExplicitDependencyGeneratePcm arm64 /tmp/creator-platform-w7-active-20261001/ios-derived/SDKExplicitPrecompiledModules/CoreFoundation-4I8ZF2ZSERKJA6TN5GJKNERE3.pcm

SwiftExplicitDependencyGeneratePcm arm64 /tmp/creator-platform-w7-active-20261001/ios-derived/SDKExplicitPrecompiledModules/dnssd-2HX77LLDE5CYONILIP59GYN4P.pcm

SwiftExplicitDependencyGeneratePcm arm64 /tmp/creator-platform-w7-active-20261001/ios-derived/SDKExplicitPrecompiledModules/XPC-VQMZP83PKN2DGVAWZB77R19B.pcm

SwiftExplicitDependencyGeneratePcm arm64 /tmp/creator-platform-w7-active-20261001/ios-derived/SDKExplicitPrecompiledModules/os-5D5QZMD69UHIZGKDCT9UCCD2D.pcm

SwiftExplicitDependencyGeneratePcm arm64 /tmp/creator-platform-w7-active-20261001/ios-derived/SDKExplicitPrecompiledModules/CFNetwork-BTCX4HKGSV1LTPEKJX2X58WDA.pcm

SwiftExplicitDependencyGeneratePcm arm64 /tmp/creator-platform-w7-active-20261001/ios-derived/SDKExplicitPrecompiledModules/CoreAudioTypes-DLSSP1OOEG6KJ8AFLYQO408GH.pcm

SwiftExplicitDependencyGeneratePcm arm64 /tmp/creator-platform-w7-active-20261001/ios-derived/SDKExplicitPrecompiledModules/Security-3E4YIR65998OV97RCW6T2Z93C.pcm

SwiftExplicitDependencyGeneratePcm arm64 /tmp/creator-platform-w7-active-20261001/ios-derived/SDKExplicitPrecompiledModules/CoreGraphics-8JNX0Z29NE7XY57HCTRS56P4O.pcm

SwiftExplicitDependencyGeneratePcm arm64 /tmp/creator-platform-w7-active-20261001/ios-derived/SDKExplicitPrecompiledModules/CoreAudio-3KHW1HCRY5VYFINJQLX82AZO8.pcm

SwiftExplicitDependencyGeneratePcm arm64 /tmp/creator-platform-w7-active-20261001/ios-derived/SDKExplicitPrecompiledModules/Foundation-6O4GSGRGTRPN6KUMBW794E3BR.pcm

SwiftExplicitDependencyGeneratePcm arm64 /tmp/creator-platform-w7-active-20261001/ios-derived/SDKExplicitPrecompiledModules/CoreText-40X14QATXAIXJFEGR5FM9V7HH.pcm

SwiftExplicitDependencyGeneratePcm arm64 /tmp/creator-platform-w7-active-20261001/ios-derived/SDKExplicitPrecompiledModules/ImageIO-8POMPKWY9JKMVGWL31RZ5DOVA.pcm

SwiftExplicitDependencyGeneratePcm arm64 /tmp/creator-platform-w7-active-20261001/ios-derived/SDKExplicitPrecompiledModules/UIUtilities-57HXAS6G1TLNFUL5SJRXFU9G5.pcm

SwiftExplicitDependencyGeneratePcm arm64 /tmp/creator-platform-w7-active-20261001/ios-derived/SDKExplicitPrecompiledModules/OpenGLES-2LDEY1L3HPR2DBA2BAQ3O01YY.pcm

SwiftExplicitDependencyGeneratePcm arm64 /tmp/creator-platform-w7-active-20261001/ios-derived/SDKExplicitPrecompiledModules/Accessibility-ESKV26Z0G05J2NIB1ILGMB2KF.pcm

SwiftExplicitDependencyGeneratePcm arm64 /tmp/creator-platform-w7-active-20261001/ios-derived/SDKExplicitPrecompiledModules/_LocationEssentials-735KGI0I2UM61G5U9MHH0HWGI.pcm

SwiftExplicitDependencyGeneratePcm arm64 /tmp/creator-platform-w7-active-20261001/ios-derived/SDKExplicitPrecompiledModules/FileProvider-EAX3HRQIMRDBS8YNRI2W26S35.pcm

SwiftExplicitDependencyGeneratePcm arm64 /tmp/creator-platform-w7-active-20261001/ios-derived/SDKExplicitPrecompiledModules/BackgroundAssets-DTG02BF379DH57ED6VM2AFXFE.pcm

SwiftExplicitDependencyGeneratePcm arm64 /tmp/creator-platform-w7-active-20261001/ios-derived/SDKExplicitPrecompiledModules/IOSurface-2LCENC4PA72UO65DDD0P2YZT4.pcm

SwiftExplicitDependencyGeneratePcm arm64 /tmp/creator-platform-w7-active-20261001/ios-derived/SDKExplicitPrecompiledModules/CallKit-EG2T9QQQAX61JYPYP9JSVFD1.pcm

SwiftExplicitDependencyGeneratePcm arm64 /tmp/creator-platform-w7-active-20261001/ios-derived/SDKExplicitPrecompiledModules/DataDetection-86P57QJF9IX77H7XKSIXRD9OU.pcm

SwiftExplicitDependencyGeneratePcm arm64 /tmp/creator-platform-w7-active-20261001/ios-derived/SDKExplicitPrecompiledModules/UserNotifications-HT5SZ874TGWBNVBDN6E919IC.pcm

SwiftExplicitDependencyGeneratePcm arm64 /tmp/creator-platform-w7-active-20261001/ios-derived/SDKExplicitPrecompiledModules/Symbols-2NAVOVL3YAYEYMS940JD5H37C.pcm

SwiftExplicitDependencyGeneratePcm arm64 /tmp/creator-platform-w7-active-20261001/ios-derived/SDKExplicitPrecompiledModules/OSLog-6O1HBBB6Z2V0B7INS0KI8XSAM.pcm

SwiftExplicitDependencyGeneratePcm arm64 /tmp/creator-platform-w7-active-20261001/ios-derived/SDKExplicitPrecompiledModules/UniformTypeIdentifiers-CB8XPM2AHNC4VTMS5UFXZJF4U.pcm

SwiftExplicitDependencyGeneratePcm arm64 /tmp/creator-platform-w7-active-20261001/ios-derived/SDKExplicitPrecompiledModules/CoreData-DMDF5RHIKEBYSEXPRWFJFB8AB.pcm

SwiftExplicitDependencyGeneratePcm arm64 /tmp/creator-platform-w7-active-20261001/ios-derived/SDKExplicitPrecompiledModules/CoreMIDI-25VSDXSLK1X61ED1VP5WVMKK8.pcm

SwiftExplicitDependencyGeneratePcm arm64 /tmp/creator-platform-w7-active-20261001/ios-derived/SDKExplicitPrecompiledModules/Metal-4NLH23MPF7BYZD9H6B4VAANAB.pcm

SwiftExplicitDependencyGeneratePcm arm64 /tmp/creator-platform-w7-active-20261001/ios-derived/SDKExplicitPrecompiledModules/CoreLocation-EL7TGB7YA7X6PE4EO0YD0CX1C.pcm

SwiftExplicitDependencyGeneratePcm arm64 /tmp/creator-platform-w7-active-20261001/ios-derived/SDKExplicitPrecompiledModules/CoreTransferable-3ZWEAIR50PWIHMDGTEBGRGNVV.pcm

SwiftExplicitDependencyGeneratePcm arm64 /tmp/creator-platform-w7-active-20261001/ios-derived/SDKExplicitPrecompiledModules/LocalAuthentication-CL2ISLZUJREWVIJD6JG8HDB5L.pcm

SwiftExplicitDependencyGeneratePcm arm64 /tmp/creator-platform-w7-active-20261001/ios-derived/SDKExplicitPrecompiledModules/Network-5H9AY9DBQUW2V6L5QVISK6UDK.pcm

SwiftExplicitDependencyGeneratePcm arm64 /tmp/creator-platform-w7-active-20261001/ios-derived/SDKExplicitPrecompiledModules/AudioToolbox-16NU3UV9Q25H7W0Y1LG6RQMVT.pcm

SwiftExplicitDependencyGeneratePcm arm64 /tmp/creator-platform-w7-active-20261001/ios-derived/SDKExplicitPrecompiledModules/CoreMotion-855GMA4PCAEEWASIGK0EADYEQ.pcm

SwiftExplicitDependencyGeneratePcm arm64 /tmp/creator-platform-w7-active-20261001/ios-derived/SDKExplicitPrecompiledModules/AVRouting-C2IM52UFUL7G788L73Y4NANBO.pcm

SwiftExplicitDependencyGeneratePcm arm64 /tmp/creator-platform-w7-active-20261001/ios-derived/SDKExplicitPrecompiledModules/CoreVideo-A20XMO2DCIET9OYTHDW89GJF2.pcm

SwiftExplicitDependencyGeneratePcm arm64 /tmp/creator-platform-w7-active-20261001/ios-derived/SDKExplicitPrecompiledModules/CoreImage-5P8YEK2DIG91Q785HUGJJSVVS.pcm

SwiftExplicitDependencyGeneratePcm arm64 /tmp/creator-platform-w7-active-20261001/ios-derived/SDKExplicitPrecompiledModules/CoreMedia-3MTREBTHH8KW2CWDQURO99ISC.pcm

SwiftExplicitDependencyGeneratePcm arm64 /tmp/creator-platform-w7-active-20261001/ios-derived/SDKExplicitPrecompiledModules/QuartzCore-A02HE4J4UMX4TSBOCD794F2E.pcm

SwiftExplicitDependencyGeneratePcm arm64 /tmp/creator-platform-w7-active-20261001/ios-derived/SDKExplicitPrecompiledModules/SwiftUICore-448N5VGJFNDKX1191XS9E85S4.pcm

SwiftExplicitDependencyGeneratePcm arm64 /tmp/creator-platform-w7-active-20261001/ios-derived/SDKExplicitPrecompiledModules/MediaToolbox-D66JKPEMDNRTR8YGJUV4K2J8M.pcm

SwiftExplicitDependencyGeneratePcm arm64 /tmp/creator-platform-w7-active-20261001/ios-derived/SDKExplicitPrecompiledModules/AVFAudio-9PEI2YX7S4MTW0OBEIK78FZL.pcm

SwiftExplicitDependencyGeneratePcm arm64 /tmp/creator-platform-w7-active-20261001/ios-derived/SDKExplicitPrecompiledModules/VideoToolbox-88J4RRNR73QMLHSIXC4628NDF.pcm

SwiftExplicitDependencyGeneratePcm arm64 /tmp/creator-platform-w7-active-20261001/ios-derived/SDKExplicitPrecompiledModules/UIKit-35X0WB6GNLSXYP6T5PT5TBR7D.pcm

SwiftExplicitDependencyGeneratePcm arm64 /tmp/creator-platform-w7-active-20261001/ios-derived/SDKExplicitPrecompiledModules/AVFoundation-ALQDZAPK9OZ5K4XPMH17YAWYZ.pcm

SwiftExplicitDependencyGeneratePcm arm64 /tmp/creator-platform-w7-active-20261001/ios-derived/SDKExplicitPrecompiledModules/SwiftUI-BDB36PBFMSOYFTDBSW44NH6L7.pcm

SwiftExplicitDependencyGeneratePcm arm64 /tmp/creator-platform-w7-active-20261001/ios-derived/SDKExplicitPrecompiledModules/StoreKit-DI2IYYKYWBK08YCDGF9FSQR0O.pcm

SwiftExplicitDependencyGeneratePcm arm64 /tmp/creator-platform-w7-active-20261001/ios-derived/SDKExplicitPrecompiledModules/AuthenticationServices-6YMSKVTAIZXJ7U4KU8484P2D8.pcm

SwiftEmitModule normal arm64 Emitting\ module\ for\ QelvoraApp (in target 'QelvoraApp' from project 'QelvoraApp')

SwiftCompile normal arm64 (in target 'QelvoraApp' from project 'QelvoraApp')
    cd /Users/yingpengwang/estimate-rescue/creator-platform/w7-completion-840545/apps/ios
    

SwiftCompile normal arm64 Compiling\ QelvoraApp.swift /Users/yingpengwang/estimate-rescue/creator-platform/w7-completion-840545/apps/ios/App/QelvoraApp.swift (in target 'QelvoraApp' from project 'QelvoraApp')

SwiftCompile normal arm64 /Users/yingpengwang/estimate-rescue/creator-platform/w7-completion-840545/apps/ios/App/QelvoraApp.swift (in target 'QelvoraApp' from project 'QelvoraApp')
    cd /Users/yingpengwang/estimate-rescue/creator-platform/w7-completion-840545/apps/ios
    builtin-SwiftPerFileCompile QelvoraApp.swift

SwiftDriverJobDiscovery normal arm64 Emitting module for QelvoraApp (in target 'QelvoraApp' from project 'QelvoraApp')

SwiftDriver\ Compilation\ Requirements QelvoraApp normal arm64 com.apple.xcode.tools.swift.compiler (in target 'QelvoraApp' from project 'QelvoraApp')
    cd /Users/yingpengwang/estimate-rescue/creator-platform/w7-completion-840545/apps/ios
    builtin-Swift-Compilation-Requirements -- /Applications/Xcode.app/Contents/Developer/Toolchains/XcodeDefault.xctoolchain/usr/bin/swiftc -module-name QelvoraApp -Onone @/tmp/creator-platform-w7-active-20261001/ios-derived/Build/Intermediates.noindex/QelvoraApp.build/Debug-iphonesimulator/QelvoraApp.build/Objects-normal/arm64/QelvoraApp.SwiftFileList -DDEBUG -enable-experimental-feature DebugDescriptionMacro -sdk /Applications/Xcode.app/Contents/Developer/Platforms/iPhoneSimulator.platform/Developer/SDKs/iPhoneSimulator27.0.sdk -target arm64-apple-ios17.0-simulator -g -module-cache-path /tmp/creator-platform-w7-active-20261001/ios-derived/ModuleCache.noindex -Xfrontend -serialize-debugging-options -enable-testing -index-store-path /tmp/creator-platform-w7-active-20261001/ios-derived/Index.noindex/DataStore -Xcc -D_LIBCPP_HARDENING_MODE\=_LIBCPP_HARDENING_MODE_DEBUG -swift-version 6 -I /tmp/creator-platform-w7-active-20261001/ios-derived/Build/Products/Debug-iphonesimulator -F /tmp/creator-platform-w7-active-20261001/ios-derived/Build/Products/Debug-iphonesimulator/PackageFrameworks -F /tmp/creator-platform-w7-active-20261001/ios-derived/Build/Products/Debug-iphonesimulator -parse-as-library -c -j12 -enable-batch-mode -incremental -Xcc -ivfsstatcache -Xcc /tmp/creator-platform-w7-active-20261001/ios-derived/SDKStatCaches.noindex/iphonesimulator27.0-24A430-8dc58220667be655e1bcc261a7455254.sdkstatcache -output-file-map /tmp/creator-platform-w7-active-20261001/ios-derived/Build/Intermediates.noindex/QelvoraApp.build/Debug-iphonesimulator/QelvoraApp.build/Objects-normal/arm64/QelvoraApp-OutputFileMap.json -save-temps -no-color-diagnostics -explicit-module-build -module-cache-path /tmp/creator-platform-w7-active-20261001/ios-derived/Build/Intermediates.noindex/SwiftExplicitPrecompiledModules -clang-scanner-module-cache-path /tmp/creator-platform-w7-active-20261001/ios-derived/ModuleCache.noindex -sdk-module-cache-path /tmp/creator-platform-w7-active-20261001/ios-derived/SDKExplicitPrecompiledModules -emit-dependencies -emit-module -emit-module-path /tmp/creator-platform-w7-active-20261001/ios-derived/Build/Intermediates.noindex/QelvoraApp.build/Debug-iphonesimulator/QelvoraApp.build/Objects-normal/arm64/QelvoraApp.swiftmodule -serialize-diagnostics -dependency-scan-serialize-diagnostics-path /tmp/creator-platform-w7-active-20261001/ios-derived/Build/Intermediates.noindex/QelvoraApp.build/Debug-iphonesimulator/QelvoraApp.build/Objects-normal/arm64/QelvoraApp-dependency-scan.dia -validate-clang-modules-once -clang-build-session-file /tmp/creator-platform-w7-active-20261001/ios-derived/ModuleCache.noindex/Session.modulevalidation -Xcc -fmodules-prune-interval\=86400 -Xcc -fmodules-prune-after\=345600 -emit-const-values -const-gather-protocols-list /tmp/creator-platform-w7-active-20261001/ios-derived/Build/Intermediates.noindex/QelvoraApp.build/Debug-iphonesimulator/QelvoraApp.build/Objects-normal/arm64/QelvoraApp_const_extract_protocols.json -Xcc -iquote -Xcc /tmp/creator-platform-w7-active-20261001/ios-derived/Build/Intermediates.noindex/QelvoraApp.build/Debug-iphonesimulator/QelvoraApp.build/QelvoraApp-generated-files.hmap -Xcc -I/tmp/creator-platform-w7-active-20261001/ios-derived/Build/Intermediates.noindex/QelvoraApp.build/Debug-iphonesimulator/QelvoraApp.build/QelvoraApp-own-target-headers.hmap -Xcc -I/tmp/creator-platform-w7-active-20261001/ios-derived/Build/Intermediates.noindex/QelvoraApp.build/Debug-iphonesimulator/QelvoraApp.build/QelvoraApp-all-non-framework-target-headers.hmap -Xcc -ivfsoverlay -Xcc /tmp/creator-platform-w7-active-20261001/ios-derived/Build/Intermediates.noindex/QelvoraApp.build/Debug-iphonesimulator/QelvoraApp-29b244ef777fcfbcbef7f347c6fce175-VFS-iphonesimulator/all-product-headers.yaml -Xcc -iquote -Xcc /tmp/creator-platform-w7-active-20261001/ios-derived/Build/Intermediates.noindex/QelvoraApp.build/Debug-iphonesimulator/QelvoraApp.build/QelvoraApp-project-headers.hmap -Xcc -I/tmp/creator-platform-w7-active-20261001/ios-derived/Build/Products/Debug-iphonesimulator/include -Xcc -I/tmp/creator-platform-w7-active-20261001/ios-derived/Build/Intermediates.noindex/QelvoraApp.build/Debug-iphonesimulator/QelvoraApp.build/DerivedSources-normal/arm64 -Xcc -I/tmp/creator-platform-w7-active-20261001/ios-derived/Build/Intermediates.noindex/QelvoraApp.build/Debug-iphonesimulator/QelvoraApp.build/DerivedSources/arm64 -Xcc -I/tmp/creator-platform-w7-active-20261001/ios-derived/Build/Intermediates.noindex/QelvoraApp.build/Debug-iphonesimulator/QelvoraApp.build/DerivedSources -Xcc -DDEBUG\=1 -emit-objc-header -emit-objc-header-path /tmp/creator-platform-w7-active-20261001/ios-derived/Build/Intermediates.noindex/QelvoraApp.build/Debug-iphonesimulator/QelvoraApp.build/Objects-normal/arm64/QelvoraApp-Swift.h -working-directory /Users/yingpengwang/estimate-rescue/creator-platform/w7-completion-840545/apps/ios -experimental-emit-module-separately -disable-cmo

SwiftMergeGeneratedHeaders /tmp/creator-platform-w7-active-20261001/ios-derived/Build/Intermediates.noindex/QelvoraApp.build/Debug-iphonesimulator/QelvoraApp.build/DerivedSources/QelvoraApp-Swift.h /tmp/creator-platform-w7-active-20261001/ios-derived/Build/Intermediates.noindex/QelvoraApp.build/Debug-iphonesimulator/QelvoraApp.build/Objects-normal/arm64/QelvoraApp-Swift.h (in target 'QelvoraApp' from project 'QelvoraApp')
    cd /Users/yingpengwang/estimate-rescue/creator-platform/w7-completion-840545/apps/ios
    builtin-swiftHeaderTool -arch arm64 /tmp/creator-platform-w7-active-20261001/ios-derived/Build/Intermediates.noindex/QelvoraApp.build/Debug-iphonesimulator/QelvoraApp.build/Objects-normal/arm64/QelvoraApp-Swift.h -o /tmp/creator-platform-w7-active-20261001/ios-derived/Build/Intermediates.noindex/QelvoraApp.build/Debug-iphonesimulator/QelvoraApp.build/DerivedSources/QelvoraApp-Swift.h

Copy /tmp/creator-platform-w7-active-20261001/ios-derived/Build/Products/Debug-iphonesimulator/QelvoraApp.swiftmodule/arm64-apple-ios-simulator.swiftmodule /tmp/creator-platform-w7-active-20261001/ios-derived/Build/Intermediates.noindex/QelvoraApp.build/Debug-iphonesimulator/QelvoraApp.build/Objects-normal/arm64/QelvoraApp.swiftmodule (in target 'QelvoraApp' from project 'QelvoraApp')
    cd /Users/yingpengwang/estimate-rescue/creator-platform/w7-completion-840545/apps/ios
    builtin-copy -exclude .DS_Store -exclude CVS -exclude .svn -exclude .git -exclude .hg -resolve-src-symlinks -rename /tmp/creator-platform-w7-active-20261001/ios-derived/Build/Intermediates.noindex/QelvoraApp.build/Debug-iphonesimulator/QelvoraApp.build/Objects-normal/arm64/QelvoraApp.swiftmodule /tmp/creator-platform-w7-active-20261001/ios-derived/Build/Products/Debug-iphonesimulator/QelvoraApp.swiftmodule/arm64-apple-ios-simulator.swiftmodule

Copy /tmp/creator-platform-w7-active-20261001/ios-derived/Build/Products/Debug-iphonesimulator/QelvoraApp.swiftmodule/arm64-apple-ios-simulator.swiftdoc /tmp/creator-platform-w7-active-20261001/ios-derived/Build/Intermediates.noindex/QelvoraApp.build/Debug-iphonesimulator/QelvoraApp.build/Objects-normal/arm64/QelvoraApp.swiftdoc (in target 'QelvoraApp' from project 'QelvoraApp')
    cd /Users/yingpengwang/estimate-rescue/creator-platform/w7-completion-840545/apps/ios
    builtin-copy -exclude .DS_Store -exclude CVS -exclude .svn -exclude .git -exclude .hg -resolve-src-symlinks -rename /tmp/creator-platform-w7-active-20261001/ios-derived/Build/Intermediates.noindex/QelvoraApp.build/Debug-iphonesimulator/QelvoraApp.build/Objects-normal/arm64/QelvoraApp.swiftdoc /tmp/creator-platform-w7-active-20261001/ios-derived/Build/Products/Debug-iphonesimulator/QelvoraApp.swiftmodule/arm64-apple-ios-simulator.swiftdoc

Copy /tmp/creator-platform-w7-active-20261001/ios-derived/Build/Products/Debug-iphonesimulator/QelvoraApp.swiftmodule/arm64-apple-ios-simulator.abi.json /tmp/creator-platform-w7-active-20261001/ios-derived/Build/Intermediates.noindex/QelvoraApp.build/Debug-iphonesimulator/QelvoraApp.build/Objects-normal/arm64/QelvoraApp.abi.json (in target 'QelvoraApp' from project 'QelvoraApp')
    cd /Users/yingpengwang/estimate-rescue/creator-platform/w7-completion-840545/apps/ios
    builtin-copy -exclude .DS_Store -exclude CVS -exclude .svn -exclude .git -exclude .hg -resolve-src-symlinks -rename /tmp/creator-platform-w7-active-20261001/ios-derived/Build/Intermediates.noindex/QelvoraApp.build/Debug-iphonesimulator/QelvoraApp.build/Objects-normal/arm64/QelvoraApp.abi.json /tmp/creator-platform-w7-active-20261001/ios-derived/Build/Products/Debug-iphonesimulator/QelvoraApp.swiftmodule/arm64-apple-ios-simulator.abi.json

Copy /tmp/creator-platform-w7-active-20261001/ios-derived/Build/Products/Debug-iphonesimulator/QelvoraApp.swiftmodule/Project/arm64-apple-ios-simulator.swiftsourceinfo /tmp/creator-platform-w7-active-20261001/ios-derived/Build/Intermediates.noindex/QelvoraApp.build/Debug-iphonesimulator/QelvoraApp.build/Objects-normal/arm64/QelvoraApp.swiftsourceinfo (in target 'QelvoraApp' from project 'QelvoraApp')
    cd /Users/yingpengwang/estimate-rescue/creator-platform/w7-completion-840545/apps/ios
    builtin-copy -exclude .DS_Store -exclude CVS -exclude .svn -exclude .git -exclude .hg -resolve-src-symlinks -rename /tmp/creator-platform-w7-active-20261001/ios-derived/Build/Intermediates.noindex/QelvoraApp.build/Debug-iphonesimulator/QelvoraApp.build/Objects-normal/arm64/QelvoraApp.swiftsourceinfo /tmp/creator-platform-w7-active-20261001/ios-derived/Build/Products/Debug-iphonesimulator/QelvoraApp.swiftmodule/Project/arm64-apple-ios-simulator.swiftsourceinfo

SwiftDriverJobDiscovery normal arm64 Compiling QelvoraApp.swift (in target 'QelvoraApp' from project 'QelvoraApp')

SwiftDriver\ Compilation QelvoraApp normal arm64 com.apple.xcode.tools.swift.compiler (in target 'QelvoraApp' from project 'QelvoraApp')
    cd /Users/yingpengwang/estimate-rescue/creator-platform/w7-completion-840545/apps/ios
    builtin-Swift-Compilation -- /Applications/Xcode.app/Contents/Developer/Toolchains/XcodeDefault.xctoolchain/usr/bin/swiftc -module-name QelvoraApp -Onone @/tmp/creator-platform-w7-active-20261001/ios-derived/Build/Intermediates.noindex/QelvoraApp.build/Debug-iphonesimulator/QelvoraApp.build/Objects-normal/arm64/QelvoraApp.SwiftFileList -DDEBUG -enable-experimental-feature DebugDescriptionMacro -sdk /Applications/Xcode.app/Contents/Developer/Platforms/iPhoneSimulator.platform/Developer/SDKs/iPhoneSimulator27.0.sdk -target arm64-apple-ios17.0-simulator -g -module-cache-path /tmp/creator-platform-w7-active-20261001/ios-derived/ModuleCache.noindex -Xfrontend -serialize-debugging-options -enable-testing -index-store-path /tmp/creator-platform-w7-active-20261001/ios-derived/Index.noindex/DataStore -Xcc -D_LIBCPP_HARDENING_MODE\=_LIBCPP_HARDENING_MODE_DEBUG -swift-version 6 -I /tmp/creator-platform-w7-active-20261001/ios-derived/Build/Products/Debug-iphonesimulator -F /tmp/creator-platform-w7-active-20261001/ios-derived/Build/Products/Debug-iphonesimulator/PackageFrameworks -F /tmp/creator-platform-w7-active-20261001/ios-derived/Build/Products/Debug-iphonesimulator -parse-as-library -c -j12 -enable-batch-mode -incremental -Xcc -ivfsstatcache -Xcc /tmp/creator-platform-w7-active-20261001/ios-derived/SDKStatCaches.noindex/iphonesimulator27.0-24A430-8dc58220667be655e1bcc261a7455254.sdkstatcache -output-file-map /tmp/creator-platform-w7-active-20261001/ios-derived/Build/Intermediates.noindex/QelvoraApp.build/Debug-iphonesimulator/QelvoraApp.build/Objects-normal/arm64/QelvoraApp-OutputFileMap.json -save-temps -no-color-diagnostics -explicit-module-build -module-cache-path /tmp/creator-platform-w7-active-20261001/ios-derived/Build/Intermediates.noindex/SwiftExplicitPrecompiledModules -clang-scanner-module-cache-path /tmp/creator-platform-w7-active-20261001/ios-derived/ModuleCache.noindex -sdk-module-cache-path /tmp/creator-platform-w7-active-20261001/ios-derived/SDKExplicitPrecompiledModules -emit-dependencies -emit-module -emit-module-path /tmp/creator-platform-w7-active-20261001/ios-derived/Build/Intermediates.noindex/QelvoraApp.build/Debug-iphonesimulator/QelvoraApp.build/Objects-normal/arm64/QelvoraApp.swiftmodule -serialize-diagnostics -dependency-scan-serialize-diagnostics-path /tmp/creator-platform-w7-active-20261001/ios-derived/Build/Intermediates.noindex/QelvoraApp.build/Debug-iphonesimulator/QelvoraApp.build/Objects-normal/arm64/QelvoraApp-dependency-scan.dia -validate-clang-modules-once -clang-build-session-file /tmp/creator-platform-w7-active-20261001/ios-derived/ModuleCache.noindex/Session.modulevalidation -Xcc -fmodules-prune-interval\=86400 -Xcc -fmodules-prune-after\=345600 -emit-const-values -const-gather-protocols-list /tmp/creator-platform-w7-active-20261001/ios-derived/Build/Intermediates.noindex/QelvoraApp.build/Debug-iphonesimulator/QelvoraApp.build/Objects-normal/arm64/QelvoraApp_const_extract_protocols.json -Xcc -iquote -Xcc /tmp/creator-platform-w7-active-20261001/ios-derived/Build/Intermediates.noindex/QelvoraApp.build/Debug-iphonesimulator/QelvoraApp.build/QelvoraApp-generated-files.hmap -Xcc -I/tmp/creator-platform-w7-active-20261001/ios-derived/Build/Intermediates.noindex/QelvoraApp.build/Debug-iphonesimulator/QelvoraApp.build/QelvoraApp-own-target-headers.hmap -Xcc -I/tmp/creator-platform-w7-active-20261001/ios-derived/Build/Intermediates.noindex/QelvoraApp.build/Debug-iphonesimulator/QelvoraApp.build/QelvoraApp-all-non-framework-target-headers.hmap -Xcc -ivfsoverlay -Xcc /tmp/creator-platform-w7-active-20261001/ios-derived/Build/Intermediates.noindex/QelvoraApp.build/Debug-iphonesimulator/QelvoraApp-29b244ef777fcfbcbef7f347c6fce175-VFS-iphonesimulator/all-product-headers.yaml -Xcc -iquote -Xcc /tmp/creator-platform-w7-active-20261001/ios-derived/Build/Intermediates.noindex/QelvoraApp.build/Debug-iphonesimulator/QelvoraApp.build/QelvoraApp-project-headers.hmap -Xcc -I/tmp/creator-platform-w7-active-20261001/ios-derived/Build/Products/Debug-iphonesimulator/include -Xcc -I/tmp/creator-platform-w7-active-20261001/ios-derived/Build/Intermediates.noindex/QelvoraApp.build/Debug-iphonesimulator/QelvoraApp.build/DerivedSources-normal/arm64 -Xcc -I/tmp/creator-platform-w7-active-20261001/ios-derived/Build/Intermediates.noindex/QelvoraApp.build/Debug-iphonesimulator/QelvoraApp.build/DerivedSources/arm64 -Xcc -I/tmp/creator-platform-w7-active-20261001/ios-derived/Build/Intermediates.noindex/QelvoraApp.build/Debug-iphonesimulator/QelvoraApp.build/DerivedSources -Xcc -DDEBUG\=1 -emit-objc-header -emit-objc-header-path /tmp/creator-platform-w7-active-20261001/ios-derived/Build/Intermediates.noindex/QelvoraApp.build/Debug-iphonesimulator/QelvoraApp.build/Objects-normal/arm64/QelvoraApp-Swift.h -working-directory /Users/yingpengwang/estimate-rescue/creator-platform/w7-completion-840545/apps/ios -experimental-emit-module-separately -disable-cmo

SwiftDriverJobDiscovery normal arm64 Compiling resource_bundle_accessor.swift, QelvoraAPI.swift, QelvoraCopy.swift, QelvoraTokens.swift (in target 'QelvoraUI' from project 'QelvoraNative')

SwiftDriver\ Compilation QelvoraUI normal arm64 com.apple.xcode.tools.swift.compiler (in target 'QelvoraUI' from project 'QelvoraNative')
    cd /Users/yingpengwang/estimate-rescue/creator-platform/w7-completion-840545/apps/ios/QelvoraApp.xcodeproj
    builtin-Swift-Compilation -- /Applications/Xcode.app/Contents/Developer/Toolchains/XcodeDefault.xctoolchain/usr/bin/swiftc -parse-as-library -module-name QelvoraUI -Onone @/tmp/creator-platform-w7-active-20261001/ios-derived/Build/Intermediates.noindex/QelvoraNative.build/Debug-iphonesimulator/QelvoraUI-t.build/Objects-normal/arm64/QelvoraUI.SwiftFileList -DSWIFT_PACKAGE -DDEBUG -DSWIFT_MODULE_RESOURCE_BUNDLE_AVAILABLE -DXcode -plugin-path /Applications/Xcode.app/Contents/Developer/Toolchains/XcodeDefault.xctoolchain/usr/lib/swift/host/plugins/testing -enable-experimental-feature DebugDescriptionMacro -sdk /Applications/Xcode.app/Contents/Developer/Platforms/iPhoneSimulator.platform/Developer/SDKs/iPhoneSimulator27.0.sdk -target arm64-apple-ios17.0-simulator -g -module-cache-path /tmp/creator-platform-w7-active-20261001/ios-derived/ModuleCache.noindex -Xfrontend -serialize-debugging-options -enable-testing -index-store-path /tmp/creator-platform-w7-active-20261001/ios-derived/Index.noindex/DataStore -Xcc -D_LIBCPP_HARDENING_MODE\=_LIBCPP_HARDENING_MODE_DEBUG -swift-version 6 -I /tmp/creator-platform-w7-active-20261001/ios-derived/Build/Products/Debug-iphonesimulator -Isystem /Applications/Xcode.app/Contents/Developer/Platforms/iPhoneSimulator.platform/Developer/usr/lib -F /tmp/creator-platform-w7-active-20261001/ios-derived/Build/Products/Debug-iphonesimulator -F /Applications/Xcode.app/Contents/Developer/Platforms/iPhoneSimulator.platform/Developer/Library/Frameworks -F /Applications/Xcode.app/Contents/Developer/Platforms/iPhoneSimulator.platform/Developer/SDKs/iPhoneSimulator27.0.sdk/Developer/Library/Frameworks -c -j12 -enable-batch-mode -incremental -Xcc -ivfsstatcache -Xcc /tmp/creator-platform-w7-active-20261001/ios-derived/SDKStatCaches.noindex/iphonesimulator27.0-24A430-8dc58220667be655e1bcc261a7455254.sdkstatcache -output-file-map /tmp/creator-platform-w7-active-20261001/ios-derived/Build/Intermediates.noindex/QelvoraNative.build/Debug-iphonesimulator/QelvoraUI-t.build/Objects-normal/arm64/QelvoraUI-OutputFileMap.json -save-temps -no-color-diagnostics -explicit-module-build -module-cache-path /tmp/creator-platform-w7-active-20261001/ios-derived/Build/Intermediates.noindex/SwiftExplicitPrecompiledModules -clang-scanner-module-cache-path /tmp/creator-platform-w7-active-20261001/ios-derived/ModuleCache.noindex -sdk-module-cache-path /tmp/creator-platform-w7-active-20261001/ios-derived/SDKExplicitPrecompiledModules -emit-dependencies -emit-module -emit-module-path /tmp/creator-platform-w7-active-20261001/ios-derived/Build/Intermediates.noindex/QelvoraNative.build/Debug-iphonesimulator/QelvoraUI-t.build/Objects-normal/arm64/QelvoraUI.swiftmodule -serialize-diagnostics -dependency-scan-serialize-diagnostics-path /tmp/creator-platform-w7-active-20261001/ios-derived/Build/Intermediates.noindex/QelvoraNative.build/Debug-iphonesimulator/QelvoraUI-t.build/Objects-normal/arm64/QelvoraUI-dependency-scan.dia -validate-clang-modules-once -clang-build-session-file /tmp/creator-platform-w7-active-20261001/ios-derived/ModuleCache.noindex/Session.modulevalidation -Xcc -fmodules-prune-interval\=86400 -Xcc -fmodules-prune-after\=345600 -package-name ios -emit-const-values -const-gather-protocols-list /tmp/creator-platform-w7-active-20261001/ios-derived/Build/Intermediates.noindex/QelvoraNative.build/Debug-iphonesimulator/QelvoraUI-t.build/Objects-normal/arm64/QelvoraUI_const_extract_protocols.json -Xcc -I/tmp/creator-platform-w7-active-20261001/ios-derived/Build/Products/Debug-iphonesimulator/include -Xcc -I/tmp/creator-platform-w7-active-20261001/ios-derived/Build/Intermediates.noindex/QelvoraNative.build/Debug-iphonesimulator/QelvoraUI-t.build/DerivedSources-normal/arm64 -Xcc -I/tmp/creator-platform-w7-active-20261001/ios-derived/Build/Intermediates.noindex/QelvoraNative.build/Debug-iphonesimulator/QelvoraUI-t.build/DerivedSources/arm64 -Xcc -I/tmp/creator-platform-w7-active-20261001/ios-derived/Build/Intermediates.noindex/QelvoraNative.build/Debug-iphonesimulator/QelvoraUI-t.build/DerivedSources -Xcc -DSWIFT_PACKAGE -Xcc -DDEBUG\=1 -emit-objc-header -emit-objc-header-path /tmp/creator-platform-w7-active-20261001/ios-derived/Build/Intermediates.noindex/QelvoraNative.build/Debug-iphonesimulator/QelvoraUI-t.build/Objects-normal/arm64/QelvoraUI-Swift.h -working-directory /Users/yingpengwang/estimate-rescue/creator-platform/w7-completion-840545/apps/ios/QelvoraApp.xcodeproj -experimental-emit-module-separately -disable-cmo

Ld /tmp/creator-platform-w7-active-20261001/ios-derived/Build/Products/Debug-iphonesimulator/QelvoraUI.o normal (in target 'QelvoraUI' from project 'QelvoraNative')
    cd /Users/yingpengwang/estimate-rescue/creator-platform/w7-completion-840545/apps/ios
    /Applications/Xcode.app/Contents/Developer/Toolchains/XcodeDefault.xctoolchain/usr/bin/clang -Xlinker -reproducible -target arm64-apple-ios17.0-simulator -r -isysroot /Applications/Xcode.app/Contents/Developer/Platforms/iPhoneSimulator.platform/Developer/SDKs/iPhoneSimulator27.0.sdk -O0 -Xlinker -no_warn_duplicate_libraries -F/tmp/creator-platform-w7-active-20261001/ios-derived/Build/Intermediates.noindex/EagerLinkingTBDs/Debug-iphonesimulator -F/tmp/creator-platform-w7-active-20261001/ios-derived/Build/Products/Debug-iphonesimulator -iframework /Applications/Xcode.app/Contents/Developer/Platforms/iPhoneSimulator.platform/Developer/Library/Frameworks -iframework /Applications/Xcode.app/Contents/Developer/Platforms/iPhoneSimulator.platform/Developer/SDKs/iPhoneSimulator27.0.sdk/Developer/Library/Frameworks -filelist /tmp/creator-platform-w7-active-20261001/ios-derived/Build/Intermediates.noindex/QelvoraNative.build/Debug-iphonesimulator/QelvoraUI-t.build/Objects-normal/arm64/QelvoraUI.LinkFileList -nostdlib -Xlinker -object_path_lto -Xlinker /tmp/creator-platform-w7-active-20261001/ios-derived/Build/Intermediates.noindex/QelvoraNative.build/Debug-iphonesimulator/QelvoraUI-t.build/Objects-normal/arm64/QelvoraUI_lto.o -Xlinker -no_deduplicate -Xlinker -objc_abi_version -Xlinker 2 -Xlinker -dependency_info -Xlinker /tmp/creator-platform-w7-active-20261001/ios-derived/Build/Intermediates.noindex/QelvoraNative.build/Debug-iphonesimulator/QelvoraUI-t.build/Objects-normal/arm64/QelvoraUI_dependency_info.dat -fobjc-link-runtime -L/Applications/Xcode.app/Contents/Developer/Toolchains/XcodeDefault.xctoolchain/usr/lib/swift/iphonesimulator -L/usr/lib/swift -Xlinker -add_ast_path -Xlinker /tmp/creator-platform-w7-active-20261001/ios-derived/Build/Intermediates.noindex/QelvoraNative.build/Debug-iphonesimulator/QelvoraUI-t.build/Objects-normal/arm64/QelvoraUI.swiftmodule -o /tmp/creator-platform-w7-active-20261001/ios-derived/Build/Products/Debug-iphonesimulator/QelvoraUI.o

ExtractAppIntentsMetadata (in target 'QelvoraUI' from project 'QelvoraNative')
    cd /Users/yingpengwang/estimate-rescue/creator-platform/w7-completion-840545/apps/ios
    /Applications/Xcode.app/Contents/Developer/Toolchains/XcodeDefault.xctoolchain/usr/bin/appintentsmetadataprocessor --toolchain-dir /Applications/Xcode.app/Contents/Developer/Toolchains/XcodeDefault.xctoolchain --module-name QelvoraUI --sdk-root /Applications/Xcode.app/Contents/Developer/Platforms/iPhoneSimulator.platform/Developer/SDKs/iPhoneSimulator27.0.sdk --xcode-version 27A266a --platform-family iOS --deployment-target 17.0 --bundle-identifier ios.QelvoraUI --output /tmp/creator-platform-w7-active-20261001/ios-derived/Build/Products/Debug-iphonesimulator/QelvoraUI.appintents --target-triple arm64-apple-ios17.0-simulator --binary-file /tmp/creator-platform-w7-active-20261001/ios-derived/Build/Products/Debug-iphonesimulator/QelvoraUI.o --dependency-file /tmp/creator-platform-w7-active-20261001/ios-derived/Build/Intermediates.noindex/QelvoraNative.build/Debug-iphonesimulator/QelvoraUI-t.build/Objects-normal/arm64/QelvoraUI_dependency_info.dat --stringsdata-file /tmp/creator-platform-w7-active-20261001/ios-derived/Build/Intermediates.noindex/QelvoraNative.build/Debug-iphonesimulator/QelvoraUI-t.build/Objects-normal/arm64/ExtractedAppShortcutsMetadata.stringsdata --source-file-list /tmp/creator-platform-w7-active-20261001/ios-derived/Build/Intermediates.noindex/QelvoraNative.build/Debug-iphonesimulator/QelvoraUI-t.build/Objects-normal/arm64/QelvoraUI.SwiftFileList --metadata-file-list /tmp/creator-platform-w7-active-20261001/ios-derived/Build/Intermediates.noindex/QelvoraNative.build/Debug-iphonesimulator/QelvoraUI-t.build/QelvoraUI.DependencyMetadataFileList --static-metadata-file-list /tmp/creator-platform-w7-active-20261001/ios-derived/Build/Intermediates.noindex/QelvoraNative.build/Debug-iphonesimulator/QelvoraUI-t.build/QelvoraUI.DependencyStaticMetadataFileList --swift-const-vals-list /tmp/creator-platform-w7-active-20261001/ios-derived/Build/Intermediates.noindex/QelvoraNative.build/Debug-iphonesimulator/QelvoraUI-t.build/Objects-normal/arm64/QelvoraUI.SwiftConstValuesFileList --force --compile-time-extraction --deployment-aware-processing --no-app-shortcuts-localization
2026-10-01 21:33:45.362 appintentsmetadataprocessor[20526:37763145] Starting appintentsmetadataprocessor export
2026-10-01 21:33:45.440 appintentsmetadataprocessor[20526:37763145] Extracted no relevant App Intents symbols, skipping writing output

Copy /tmp/creator-platform-w7-active-20261001/ios-derived/Build/Products/Debug-iphonesimulator/QelvoraApp.app/QelvoraNative_QelvoraUI.bundle /tmp/creator-platform-w7-active-20261001/ios-derived/Build/Products/Debug-iphonesimulator/QelvoraNative_QelvoraUI.bundle (in target 'QelvoraApp' from project 'QelvoraApp')
    cd /Users/yingpengwang/estimate-rescue/creator-platform/w7-completion-840545/apps/ios
    builtin-copy -exclude .DS_Store -exclude CVS -exclude .svn -exclude .git -exclude .hg -resolve-src-symlinks /tmp/creator-platform-w7-active-20261001/ios-derived/Build/Products/Debug-iphonesimulator/QelvoraNative_QelvoraUI.bundle /tmp/creator-platform-w7-active-20261001/ios-derived/Build/Products/Debug-iphonesimulator/QelvoraApp.app

Ld /tmp/creator-platform-w7-active-20261001/ios-derived/Build/Products/Debug-iphonesimulator/QelvoraApp.app/__preview.dylib normal (in target 'QelvoraApp' from project 'QelvoraApp')
    cd /Users/yingpengwang/estimate-rescue/creator-platform/w7-completion-840545/apps/ios
    /Applications/Xcode.app/Contents/Developer/Toolchains/XcodeDefault.xctoolchain/usr/bin/clang -Xlinker -reproducible -target arm64-apple-ios17.0-simulator -dynamiclib -isysroot /Applications/Xcode.app/Contents/Developer/Platforms/iPhoneSimulator.platform/Developer/SDKs/iPhoneSimulator27.0.sdk -O0 -Xlinker -no_warn_duplicate_libraries -L/tmp/creator-platform-w7-active-20261001/ios-derived/Build/Products/Debug-iphonesimulator -F/tmp/creator-platform-w7-active-20261001/ios-derived/Build/Products/Debug-iphonesimulator/PackageFrameworks -F/tmp/creator-platform-w7-active-20261001/ios-derived/Build/Products/Debug-iphonesimulator -install_name @rpath/QelvoraApp.debug.dylib -Xlinker -dead_strip -rdynamic -Xlinker -no_deduplicate -Xlinker -objc_abi_version -Xlinker 2 -Xlinker -dependency_info -Xlinker /tmp/creator-platform-w7-active-20261001/ios-derived/Build/Intermediates.noindex/QelvoraApp.build/Debug-iphonesimulator/QelvoraApp.build/Objects-normal/arm64/QelvoraApp_dependency_info.dat -o /tmp/creator-platform-w7-active-20261001/ios-derived/Build/Products/Debug-iphonesimulator/QelvoraApp.app/__preview.dylib

Ld /tmp/creator-platform-w7-active-20261001/ios-derived/Build/Products/Debug-iphonesimulator/QelvoraApp.app/QelvoraApp.debug.dylib normal (in target 'QelvoraApp' from project 'QelvoraApp')
    cd /Users/yingpengwang/estimate-rescue/creator-platform/w7-completion-840545/apps/ios
    /Applications/Xcode.app/Contents/Developer/Toolchains/XcodeDefault.xctoolchain/usr/bin/clang -Xlinker -reproducible -target arm64-apple-ios17.0-simulator -dynamiclib -isysroot /Applications/Xcode.app/Contents/Developer/Platforms/iPhoneSimulator.platform/Developer/SDKs/iPhoneSimulator27.0.sdk -O0 -Xlinker -no_warn_duplicate_libraries -L/tmp/creator-platform-w7-active-20261001/ios-derived/Build/Intermediates.noindex/EagerLinkingTBDs/Debug-iphonesimulator -L/tmp/creator-platform-w7-active-20261001/ios-derived/Build/Products/Debug-iphonesimulator -F/tmp/creator-platform-w7-active-20261001/ios-derived/Build/Intermediates.noindex/EagerLinkingTBDs/Debug-iphonesimulator -F/tmp/creator-platform-w7-active-20261001/ios-derived/Build/Products/Debug-iphonesimulator/PackageFrameworks -F/tmp/creator-platform-w7-active-20261001/ios-derived/Build/Products/Debug-iphonesimulator -filelist /tmp/creator-platform-w7-active-20261001/ios-derived/Build/Intermediates.noindex/QelvoraApp.build/Debug-iphonesimulator/QelvoraApp.build/Objects-normal/arm64/QelvoraApp.LinkFileList -install_name @rpath/QelvoraApp.debug.dylib -Xlinker -rpath -Xlinker /usr/lib/swift -Xlinker -rpath -Xlinker @loader_path -Xlinker -rpath -Xlinker /tmp/creator-platform-w7-active-20261001/ios-derived/Build/Products/Debug-iphonesimulator/PackageFrameworks -Xlinker -rpath -Xlinker @executable_path/Frameworks -Xlinker -dead_strip -Xlinker -object_path_lto -Xlinker /tmp/creator-platform-w7-active-20261001/ios-derived/Build/Intermediates.noindex/QelvoraApp.build/Debug-iphonesimulator/QelvoraApp.build/Objects-normal/arm64/QelvoraApp_lto.o -rdynamic -Xlinker -no_deduplicate -Xlinker -objc_abi_version -Xlinker 2 -Xlinker -dependency_info -Xlinker /tmp/creator-platform-w7-active-20261001/ios-derived/Build/Intermediates.noindex/QelvoraApp.build/Debug-iphonesimulator/QelvoraApp.build/Objects-normal/arm64/QelvoraApp_dependency_info.dat -fobjc-link-runtime -L/Applications/Xcode.app/Contents/Developer/Toolchains/XcodeDefault.xctoolchain/usr/lib/swift/iphonesimulator -L/usr/lib/swift -Xlinker -add_ast_path -Xlinker /tmp/creator-platform-w7-active-20261001/ios-derived/Build/Intermediates.noindex/QelvoraApp.build/Debug-iphonesimulator/QelvoraApp.build/Objects-normal/arm64/QelvoraApp.swiftmodule -Xlinker -alias -Xlinker _main -Xlinker ___debug_main_executable_dylib_entry_point -o /tmp/creator-platform-w7-active-20261001/ios-derived/Build/Products/Debug-iphonesimulator/QelvoraApp.app/QelvoraApp.debug.dylib

ProcessInfoPlistFile /tmp/creator-platform-w7-active-20261001/ios-derived/Build/Products/Debug-iphonesimulator/QelvoraApp.app/Info.plist /Users/yingpengwang/estimate-rescue/creator-platform/w7-completion-840545/apps/ios/App/Info.plist (in target 'QelvoraApp' from project 'QelvoraApp')
    cd /Users/yingpengwang/estimate-rescue/creator-platform/w7-completion-840545/apps/ios
    builtin-infoPlistUtility /Users/yingpengwang/estimate-rescue/creator-platform/w7-completion-840545/apps/ios/App/Info.plist -producttype com.apple.product-type.application -genpkginfo /tmp/creator-platform-w7-active-20261001/ios-derived/Build/Products/Debug-iphonesimulator/QelvoraApp.app/PkgInfo -expandbuildsettings -format binary -platform iphonesimulator -scanforprivacyfile /tmp/creator-platform-w7-active-20261001/ios-derived/Build/Products/Debug-iphonesimulator/QelvoraApp.app/QelvoraNative_QelvoraUI.bundle -o /tmp/creator-platform-w7-active-20261001/ios-derived/Build/Products/Debug-iphonesimulator/QelvoraApp.app/Info.plist

ConstructStubExecutorLinkFileList /tmp/creator-platform-w7-active-20261001/ios-derived/Build/Intermediates.noindex/QelvoraApp.build/Debug-iphonesimulator/QelvoraApp.build/QelvoraApp-ExecutorLinkFileList-normal-arm64.txt (in target 'QelvoraApp' from project 'QelvoraApp')
    cd /Users/yingpengwang/estimate-rescue/creator-platform/w7-completion-840545/apps/ios
    construct-stub-executor-link-file-list /tmp/creator-platform-w7-active-20261001/ios-derived/Build/Products/Debug-iphonesimulator/QelvoraApp.app/QelvoraApp.debug.dylib /Applications/Xcode.app/Contents/Developer/Platforms/iPhoneSimulator.platform/Developer/usr/lib/libPreviewsJITStubExecutor_no_swift_entry_point.a /Applications/Xcode.app/Contents/Developer/Platforms/iPhoneSimulator.platform/Developer/usr/lib/libPreviewsJITStubExecutor.a --output /tmp/creator-platform-w7-active-20261001/ios-derived/Build/Intermediates.noindex/QelvoraApp.build/Debug-iphonesimulator/QelvoraApp.build/QelvoraApp-ExecutorLinkFileList-normal-arm64.txt
note: Using stub executor library with Swift entry point. (in target 'QelvoraApp' from project 'QelvoraApp')

Ld /tmp/creator-platform-w7-active-20261001/ios-derived/Build/Products/Debug-iphonesimulator/QelvoraApp.app/QelvoraApp normal (in target 'QelvoraApp' from project 'QelvoraApp')
    cd /Users/yingpengwang/estimate-rescue/creator-platform/w7-completion-840545/apps/ios
    /Applications/Xcode.app/Contents/Developer/Toolchains/XcodeDefault.xctoolchain/usr/bin/clang -Xlinker -reproducible -target arm64-apple-ios17.0-simulator -isysroot /Applications/Xcode.app/Contents/Developer/Platforms/iPhoneSimulator.platform/Developer/SDKs/iPhoneSimulator27.0.sdk -O0 -Xlinker -no_warn_duplicate_libraries -L/tmp/creator-platform-w7-active-20261001/ios-derived/Build/Products/Debug-iphonesimulator -F/tmp/creator-platform-w7-active-20261001/ios-derived/Build/Products/Debug-iphonesimulator/PackageFrameworks -F/tmp/creator-platform-w7-active-20261001/ios-derived/Build/Products/Debug-iphonesimulator -Xlinker -rpath -Xlinker @executable_path -Xlinker -rpath -Xlinker @loader_path -Xlinker -rpath -Xlinker /tmp/creator-platform-w7-active-20261001/ios-derived/Build/Products/Debug-iphonesimulator/PackageFrameworks -Xlinker -rpath -Xlinker @executable_path/Frameworks -rdynamic -Xlinker -no_deduplicate -Xlinker -objc_abi_version -Xlinker 2 -e ___debug_blank_executor_main -Xlinker -sectcreate -Xlinker __TEXT -Xlinker __debug_dylib -Xlinker /tmp/creator-platform-w7-active-20261001/ios-derived/Build/Intermediates.noindex/QelvoraApp.build/Debug-iphonesimulator/QelvoraApp.build/QelvoraApp-DebugDylibPath-normal-arm64.txt -Xlinker -sectcreate -Xlinker __TEXT -Xlinker __debug_instlnm -Xlinker /tmp/creator-platform-w7-active-20261001/ios-derived/Build/Intermediates.noindex/QelvoraApp.build/Debug-iphonesimulator/QelvoraApp.build/QelvoraApp-DebugDylibInstallName-normal-arm64.txt -Xlinker -filelist -Xlinker /tmp/creator-platform-w7-active-20261001/ios-derived/Build/Intermediates.noindex/QelvoraApp.build/Debug-iphonesimulator/QelvoraApp.build/QelvoraApp-ExecutorLinkFileList-normal-arm64.txt /tmp/creator-platform-w7-active-20261001/ios-derived/Build/Products/Debug-iphonesimulator/QelvoraApp.app/QelvoraApp.debug.dylib -o /tmp/creator-platform-w7-active-20261001/ios-derived/Build/Products/Debug-iphonesimulator/QelvoraApp.app/QelvoraApp

CopySwiftLibs /tmp/creator-platform-w7-active-20261001/ios-derived/Build/Products/Debug-iphonesimulator/QelvoraApp.app (in target 'QelvoraApp' from project 'QelvoraApp')
    cd /Users/yingpengwang/estimate-rescue/creator-platform/w7-completion-840545/apps/ios
    builtin-swiftStdLibTool --copy --verbose --scan-executable /tmp/creator-platform-w7-active-20261001/ios-derived/Build/Products/Debug-iphonesimulator/QelvoraApp.app/QelvoraApp.debug.dylib --scan-folder /tmp/creator-platform-w7-active-20261001/ios-derived/Build/Products/Debug-iphonesimulator/QelvoraApp.app/Frameworks --scan-folder /tmp/creator-platform-w7-active-20261001/ios-derived/Build/Products/Debug-iphonesimulator/QelvoraApp.app/PlugIns --scan-folder /tmp/creator-platform-w7-active-20261001/ios-derived/Build/Products/Debug-iphonesimulator/QelvoraApp.app/SystemExtensions --scan-folder /tmp/creator-platform-w7-active-20261001/ios-derived/Build/Products/Debug-iphonesimulator/QelvoraApp.app/Extensions --platform iphonesimulator --toolchain /Applications/Xcode.app/Contents/Developer/Toolchains/XcodeDefault.xctoolchain --destination /tmp/creator-platform-w7-active-20261001/ios-derived/Build/Products/Debug-iphonesimulator/QelvoraApp.app/Frameworks --strip-bitcode --strip-bitcode-tool /Applications/Xcode.app/Contents/Developer/Toolchains/XcodeDefault.xctoolchain/usr/bin/bitcode_strip --emit-dependency-info /tmp/creator-platform-w7-active-20261001/ios-derived/Build/Intermediates.noindex/QelvoraApp.build/Debug-iphonesimulator/QelvoraApp.build/SwiftStdLibToolInputDependencies.dep --filter-for-swift-os
Ignoring --strip-bitcode because --sign was not passed

ExtractAppIntentsMetadata (in target 'QelvoraApp' from project 'QelvoraApp')
    cd /Users/yingpengwang/estimate-rescue/creator-platform/w7-completion-840545/apps/ios
    /Applications/Xcode.app/Contents/Developer/Toolchains/XcodeDefault.xctoolchain/usr/bin/appintentsmetadataprocessor --toolchain-dir /Applications/Xcode.app/Contents/Developer/Toolchains/XcodeDefault.xctoolchain --module-name QelvoraApp --sdk-root /Applications/Xcode.app/Contents/Developer/Platforms/iPhoneSimulator.platform/Developer/SDKs/iPhoneSimulator27.0.sdk --xcode-version 27A266a --platform-family iOS --deployment-target 17.0 --bundle-identifier com.pantopus.qelvora --output /tmp/creator-platform-w7-active-20261001/ios-derived/Build/Products/Debug-iphonesimulator/QelvoraApp.app --target-triple arm64-apple-ios17.0-simulator --binary-file /tmp/creator-platform-w7-active-20261001/ios-derived/Build/Products/Debug-iphonesimulator/QelvoraApp.app/QelvoraApp --dependency-file /tmp/creator-platform-w7-active-20261001/ios-derived/Build/Intermediates.noindex/QelvoraApp.build/Debug-iphonesimulator/QelvoraApp.build/Objects-normal/arm64/QelvoraApp_dependency_info.dat --stringsdata-file /tmp/creator-platform-w7-active-20261001/ios-derived/Build/Intermediates.noindex/QelvoraApp.build/Debug-iphonesimulator/QelvoraApp.build/Objects-normal/arm64/ExtractedAppShortcutsMetadata.stringsdata --source-file-list /tmp/creator-platform-w7-active-20261001/ios-derived/Build/Intermediates.noindex/QelvoraApp.build/Debug-iphonesimulator/QelvoraApp.build/Objects-normal/arm64/QelvoraApp.SwiftFileList --metadata-file-list /tmp/creator-platform-w7-active-20261001/ios-derived/Build/Intermediates.noindex/QelvoraApp.build/Debug-iphonesimulator/QelvoraApp.build/QelvoraApp.DependencyMetadataFileList --static-metadata-file-list /tmp/creator-platform-w7-active-20261001/ios-derived/Build/Intermediates.noindex/QelvoraApp.build/Debug-iphonesimulator/QelvoraApp.build/QelvoraApp.DependencyStaticMetadataFileList --swift-const-vals-list /tmp/creator-platform-w7-active-20261001/ios-derived/Build/Intermediates.noindex/QelvoraApp.build/Debug-iphonesimulator/QelvoraApp.build/Objects-normal/arm64/QelvoraApp.SwiftConstValuesFileList --compile-time-extraction --deployment-aware-processing --no-app-shortcuts-localization
2026-10-01 21:33:45.845 appintentsmetadataprocessor[20550:37763234] Starting appintentsmetadataprocessor export
2026-10-01 21:33:45.847 appintentsmetadataprocessor[20550:37763234] warning: Metadata extraction skipped, no AppIntents.framework dependency found

AppIntentsSSUTraining (in target 'QelvoraApp' from project 'QelvoraApp')
    cd /Users/yingpengwang/estimate-rescue/creator-platform/w7-completion-840545/apps/ios
    /Applications/Xcode.app/Contents/Developer/Toolchains/XcodeDefault.xctoolchain/usr/bin/appintentsnltrainingprocessor --infoplist-path /tmp/creator-platform-w7-active-20261001/ios-derived/Build/Products/Debug-iphonesimulator/QelvoraApp.app/Info.plist --temp-dir-path /tmp/creator-platform-w7-active-20261001/ios-derived/Build/Intermediates.noindex/QelvoraApp.build/Debug-iphonesimulator/QelvoraApp.build/ssu --bundle-id com.pantopus.qelvora --product-path /tmp/creator-platform-w7-active-20261001/ios-derived/Build/Products/Debug-iphonesimulator/QelvoraApp.app --extracted-metadata-path /tmp/creator-platform-w7-active-20261001/ios-derived/Build/Products/Debug-iphonesimulator/QelvoraApp.app/Metadata.appintents --metadata-file-list /tmp/creator-platform-w7-active-20261001/ios-derived/Build/Intermediates.noindex/QelvoraApp.build/Debug-iphonesimulator/QelvoraApp.build/QelvoraApp.DependencyMetadataFileList --source-file /tmp/creator-platform-w7-active-20261001/ios-derived/Build/Products/Debug-iphonesimulator/QelvoraApp.app/Info.plist --archive-ssu-assets
2026-10-01 21:33:45.884 appintentsnltrainingprocessor[20559:37763251] Parsing options for appintentsnltrainingprocessor
2026-10-01 21:33:45.884 appintentsnltrainingprocessor[20559:37763251] Starting AppIntents SSU YAML Generation
2026-10-01 21:33:45.885 appintentsnltrainingprocessor[20559:37763251] No AppShortcuts found - Skipping.

RegisterExecutionPolicyException /tmp/creator-platform-w7-active-20261001/ios-derived/Build/Products/Debug-iphonesimulator/QelvoraApp.app (in target 'QelvoraApp' from project 'QelvoraApp')
    cd /Users/yingpengwang/estimate-rescue/creator-platform/w7-completion-840545/apps/ios
    builtin-RegisterExecutionPolicyException /tmp/creator-platform-w7-active-20261001/ios-derived/Build/Products/Debug-iphonesimulator/QelvoraApp.app

Validate /tmp/creator-platform-w7-active-20261001/ios-derived/Build/Products/Debug-iphonesimulator/QelvoraApp.app (in target 'QelvoraApp' from project 'QelvoraApp')
    cd /Users/yingpengwang/estimate-rescue/creator-platform/w7-completion-840545/apps/ios
    builtin-validationUtility /tmp/creator-platform-w7-active-20261001/ios-derived/Build/Products/Debug-iphonesimulator/QelvoraApp.app -shallow-bundle -infoplist-subpath Info.plist

Touch /tmp/creator-platform-w7-active-20261001/ios-derived/Build/Products/Debug-iphonesimulator/QelvoraApp.app (in target 'QelvoraApp' from project 'QelvoraApp')
    cd /Users/yingpengwang/estimate-rescue/creator-platform/w7-completion-840545/apps/ios
    /usr/bin/touch -c /tmp/creator-platform-w7-active-20261001/ios-derived/Build/Products/Debug-iphonesimulator/QelvoraApp.app

PruneExplicitPrecompiledModules /tmp/creator-platform-w7-active-20261001/ios-derived/SDKExplicitPrecompiledModules

PruneExplicitPrecompiledModules /tmp/creator-platform-w7-active-20261001/ios-derived/Build/Intermediates.noindex/ExplicitPrecompiledModules

PruneExplicitPrecompiledModules /tmp/creator-platform-w7-active-20261001/ios-derived/Build/Intermediates.noindex/SwiftExplicitPrecompiledModules

** BUILD SUCCEEDED **

