Command line invocation:
    /Applications/Xcode.app/Contents/Developer/usr/bin/xcodebuild -project QelvoraApp.xcodeproj -scheme QelvoraApp -configuration Debug -destination "platform=iOS Simulator,id=52CCD549-B74F-4958-A181-A0D354FD5AE2" -derivedDataPath ../../tmp/w3-resume-20261001/ios-derived -clonedSourcePackagesDirPath ../../tmp/w3-resume-20261001/ios-packages -disableAutomaticPackageResolution -onlyUsePackageVersionsFromResolvedFile -skipPackageUpdates -jobs 2 CODE_SIGNING_ALLOWED=NO build

Build settings from command line:
    CODE_SIGNING_ALLOWED = NO

Resolve Package Graph

Fetching from https://github.com/swiftlang/swift-syntax (cached)

Fetching from https://github.com/pointfreeco/xctest-dynamic-overlay (cached)

Fetching from https://github.com/pointfreeco/swift-custom-dump (cached)

Fetching from https://github.com/pointfreeco/swift-snapshot-testing.git (cached)

Creating working copy of package ‘swift-snapshot-testing’

Creating working copy of package ‘xctest-dynamic-overlay’

Creating working copy of package ‘swift-syntax’

Creating working copy of package ‘swift-custom-dump’

Checking out 1.7.3 of package ‘swift-custom-dump’

Checking out 604.0.0 of package ‘swift-syntax’

Checking out 1.13.1 of package ‘xctest-dynamic-overlay’

Checking out 1.19.6 of package ‘swift-snapshot-testing’

Resolve Package Graph


Resolved source packages:
  QelvoraNative: /Users/yingpengwang/.codex/worktrees/w3-conversations/creator-platform/apps/ios
  swift-custom-dump: https://github.com/pointfreeco/swift-custom-dump @ 1.7.3
  swift-snapshot-testing: https://github.com/pointfreeco/swift-snapshot-testing.git @ 1.19.6
  xctest-dynamic-overlay: https://github.com/pointfreeco/xctest-dynamic-overlay @ 1.13.1
  swift-syntax: https://github.com/swiftlang/swift-syntax @ 604.0.0

Build Preparation
Build task concurrency set to 2 via user default IDEBuildOperationMaxNumberOfConcurrentCompileTasks

ComputePackagePrebuildTargetDependencyGraph

Prepare packages

CreateBuildRequest

SendProjectDescription

CreateBuildOperation

ComputeTargetDependencyGraph
note: Building targets in dependency order
note: Target dependency graph (4 targets)
    Target 'QelvoraApp' in project 'QelvoraApp'
        ➜ Explicit dependency on target 'QelvoraUI' in project 'QelvoraNative'
    Target 'QelvoraUI' in project 'QelvoraNative'
        ➜ Explicit dependency on target 'QelvoraUI' in project 'QelvoraNative'
        ➜ Explicit dependency on target 'QelvoraNative_QelvoraUI' in project 'QelvoraNative'
    Target 'QelvoraUI' in project 'QelvoraNative'
        ➜ Explicit dependency on target 'QelvoraNative_QelvoraUI' in project 'QelvoraNative'
    Target 'QelvoraNative_QelvoraUI' in project 'QelvoraNative' (no dependencies)

GatherProvisioningInputs

CreateBuildDescription

ExecuteExternalTool /Applications/Xcode.app/Contents/Developer/Toolchains/XcodeDefault.xctoolchain/usr/bin/clang -v -E -dM -isysroot /Applications/Xcode.app/Contents/Developer/Platforms/iPhoneSimulator.platform/Developer/SDKs/iPhoneSimulator26.5.sdk -x c -c /dev/null

ExecuteExternalTool /Applications/Xcode.app/Contents/Developer/Toolchains/XcodeDefault.xctoolchain/usr/bin/swiftc --version

ExecuteExternalTool /Applications/Xcode.app/Contents/Developer/usr/bin/xcstringstool compile --dry-run --output-directory /Users/yingpengwang/.codex/worktrees/w3-conversations/creator-platform/tmp/w3-resume-20261001/ios-derived/Build/Intermediates.noindex/QelvoraNative.build/Debug-iphonesimulator/QelvoraNative_QelvoraUI.build /Users/yingpengwang/.codex/worktrees/w3-conversations/creator-platform/apps/ios/Sources/Generated/Localizable.xcstrings

ExecuteExternalTool /Applications/Xcode.app/Contents/Developer/Toolchains/XcodeDefault.xctoolchain/usr/bin/ld -version_details

Build description signature: 13f832e6bbdfe0eec503085ba3e253c4
Build description path: /Users/yingpengwang/.codex/worktrees/w3-conversations/creator-platform/tmp/w3-resume-20261001/ios-derived/Build/Intermediates.noindex/XCBuildData/13f832e6bbdfe0eec503085ba3e253c4.xcbuilddata
ClangStatCache /Applications/Xcode.app/Contents/Developer/Toolchains/XcodeDefault.xctoolchain/usr/bin/clang-stat-cache /Applications/Xcode.app/Contents/Developer/Platforms/iPhoneSimulator.platform/Developer/SDKs/iPhoneSimulator26.5.sdk /Users/yingpengwang/.codex/worktrees/w3-conversations/creator-platform/tmp/w3-resume-20261001/ios-derived/SDKStatCaches.noindex/iphonesimulator26.5-23F73-6cfe768891a92b912361537c460fe42b.sdkstatcache
    cd /Users/yingpengwang/.codex/worktrees/w3-conversations/creator-platform/apps/ios/QelvoraApp.xcodeproj
    /Applications/Xcode.app/Contents/Developer/Toolchains/XcodeDefault.xctoolchain/usr/bin/clang-stat-cache /Applications/Xcode.app/Contents/Developer/Platforms/iPhoneSimulator.platform/Developer/SDKs/iPhoneSimulator26.5.sdk -o /Users/yingpengwang/.codex/worktrees/w3-conversations/creator-platform/tmp/w3-resume-20261001/ios-derived/SDKStatCaches.noindex/iphonesimulator26.5-23F73-6cfe768891a92b912361537c460fe42b.sdkstatcache

CreateBuildDirectory /Users/yingpengwang/.codex/worktrees/w3-conversations/creator-platform/tmp/w3-resume-20261001/ios-derived/Build/Products
    cd /Users/yingpengwang/.codex/worktrees/w3-conversations/creator-platform/apps/ios/QelvoraApp.xcodeproj
    builtin-create-build-directory /Users/yingpengwang/.codex/worktrees/w3-conversations/creator-platform/tmp/w3-resume-20261001/ios-derived/Build/Products

CreateBuildDirectory /Users/yingpengwang/.codex/worktrees/w3-conversations/creator-platform/tmp/w3-resume-20261001/ios-derived/Build/Intermediates.noindex
    cd /Users/yingpengwang/.codex/worktrees/w3-conversations/creator-platform/apps/ios/QelvoraApp.xcodeproj
    builtin-create-build-directory /Users/yingpengwang/.codex/worktrees/w3-conversations/creator-platform/tmp/w3-resume-20261001/ios-derived/Build/Intermediates.noindex

WriteAuxiliaryFile /Users/yingpengwang/.codex/worktrees/w3-conversations/creator-platform/tmp/w3-resume-20261001/ios-derived/Build/Intermediates.noindex/QelvoraApp.build/Debug-iphonesimulator/QelvoraApp-29b244ef777fcfbcbef7f347c6fce175-VFS-iphonesimulator/all-product-headers.yaml
    cd /Users/yingpengwang/.codex/worktrees/w3-conversations/creator-platform/apps/ios/QelvoraApp.xcodeproj
    write-file /Users/yingpengwang/.codex/worktrees/w3-conversations/creator-platform/tmp/w3-resume-20261001/ios-derived/Build/Intermediates.noindex/QelvoraApp.build/Debug-iphonesimulator/QelvoraApp-29b244ef777fcfbcbef7f347c6fce175-VFS-iphonesimulator/all-product-headers.yaml

CreateBuildDirectory /Users/yingpengwang/.codex/worktrees/w3-conversations/creator-platform/tmp/w3-resume-20261001/ios-derived/Build/Products/Debug-iphonesimulator
    cd /Users/yingpengwang/.codex/worktrees/w3-conversations/creator-platform/apps/ios/QelvoraApp.xcodeproj
    builtin-create-build-directory /Users/yingpengwang/.codex/worktrees/w3-conversations/creator-platform/tmp/w3-resume-20261001/ios-derived/Build/Products/Debug-iphonesimulator

CreateBuildDirectory /Users/yingpengwang/.codex/worktrees/w3-conversations/creator-platform/tmp/w3-resume-20261001/ios-derived/Build/Products/Debug-iphonesimulator/PackageFrameworks
    cd /Users/yingpengwang/.codex/worktrees/w3-conversations/creator-platform/apps/ios/QelvoraApp.xcodeproj
    builtin-create-build-directory /Users/yingpengwang/.codex/worktrees/w3-conversations/creator-platform/tmp/w3-resume-20261001/ios-derived/Build/Products/Debug-iphonesimulator/PackageFrameworks

CreateBuildDirectory /Users/yingpengwang/.codex/worktrees/w3-conversations/creator-platform/tmp/w3-resume-20261001/ios-derived/Build/Intermediates.noindex/SwiftExplicitPrecompiledModules
    cd /Users/yingpengwang/.codex/worktrees/w3-conversations/creator-platform/apps/ios/QelvoraApp.xcodeproj
    builtin-create-build-directory /Users/yingpengwang/.codex/worktrees/w3-conversations/creator-platform/tmp/w3-resume-20261001/ios-derived/Build/Intermediates.noindex/SwiftExplicitPrecompiledModules

CreateBuildDirectory /Users/yingpengwang/.codex/worktrees/w3-conversations/creator-platform/tmp/w3-resume-20261001/ios-derived/Build/Intermediates.noindex/ExplicitPrecompiledModules
    cd /Users/yingpengwang/.codex/worktrees/w3-conversations/creator-platform/apps/ios/QelvoraApp.xcodeproj
    builtin-create-build-directory /Users/yingpengwang/.codex/worktrees/w3-conversations/creator-platform/tmp/w3-resume-20261001/ios-derived/Build/Intermediates.noindex/ExplicitPrecompiledModules

CreateBuildDirectory /Users/yingpengwang/.codex/worktrees/w3-conversations/creator-platform/tmp/w3-resume-20261001/ios-derived/Build/Intermediates.noindex/EagerLinkingTBDs/Debug-iphonesimulator
    cd /Users/yingpengwang/.codex/worktrees/w3-conversations/creator-platform/apps/ios/QelvoraApp.xcodeproj
    builtin-create-build-directory /Users/yingpengwang/.codex/worktrees/w3-conversations/creator-platform/tmp/w3-resume-20261001/ios-derived/Build/Intermediates.noindex/EagerLinkingTBDs/Debug-iphonesimulator

WriteAuxiliaryFile /Users/yingpengwang/.codex/worktrees/w3-conversations/creator-platform/tmp/w3-resume-20261001/ios-derived/Build/Intermediates.noindex/QelvoraNative.build/Debug-iphonesimulator/QelvoraUI.build/QelvoraUI.modulemap (in target 'QelvoraUI' from project 'QelvoraNative')
    cd /Users/yingpengwang/.codex/worktrees/w3-conversations/creator-platform/apps/ios
    write-file /Users/yingpengwang/.codex/worktrees/w3-conversations/creator-platform/tmp/w3-resume-20261001/ios-derived/Build/Intermediates.noindex/QelvoraNative.build/Debug-iphonesimulator/QelvoraUI.build/QelvoraUI.modulemap

WriteAuxiliaryFile /Users/yingpengwang/.codex/worktrees/w3-conversations/creator-platform/tmp/w3-resume-20261001/ios-derived/Build/Intermediates.noindex/QelvoraNative.build/Debug-iphonesimulator/QelvoraUI.build/QelvoraUI.DependencyStaticMetadataFileList (in target 'QelvoraUI' from project 'QelvoraNative')
    cd /Users/yingpengwang/.codex/worktrees/w3-conversations/creator-platform/apps/ios
    write-file /Users/yingpengwang/.codex/worktrees/w3-conversations/creator-platform/tmp/w3-resume-20261001/ios-derived/Build/Intermediates.noindex/QelvoraNative.build/Debug-iphonesimulator/QelvoraUI.build/QelvoraUI.DependencyStaticMetadataFileList

WriteAuxiliaryFile /Users/yingpengwang/.codex/worktrees/w3-conversations/creator-platform/tmp/w3-resume-20261001/ios-derived/Build/Intermediates.noindex/QelvoraNative.build/Debug-iphonesimulator/QelvoraUI.build/QelvoraUI.DependencyMetadataFileList (in target 'QelvoraUI' from project 'QelvoraNative')
    cd /Users/yingpengwang/.codex/worktrees/w3-conversations/creator-platform/apps/ios
    write-file /Users/yingpengwang/.codex/worktrees/w3-conversations/creator-platform/tmp/w3-resume-20261001/ios-derived/Build/Intermediates.noindex/QelvoraNative.build/Debug-iphonesimulator/QelvoraUI.build/QelvoraUI.DependencyMetadataFileList

WriteAuxiliaryFile /Users/yingpengwang/.codex/worktrees/w3-conversations/creator-platform/tmp/w3-resume-20261001/ios-derived/Build/Intermediates.noindex/QelvoraNative.build/Debug-iphonesimulator/QelvoraUI.build/Objects-normal/x86_64/QelvoraUI_const_extract_protocols.json (in target 'QelvoraUI' from project 'QelvoraNative')
    cd /Users/yingpengwang/.codex/worktrees/w3-conversations/creator-platform/apps/ios
    write-file /Users/yingpengwang/.codex/worktrees/w3-conversations/creator-platform/tmp/w3-resume-20261001/ios-derived/Build/Intermediates.noindex/QelvoraNative.build/Debug-iphonesimulator/QelvoraUI.build/Objects-normal/x86_64/QelvoraUI_const_extract_protocols.json

WriteAuxiliaryFile /Users/yingpengwang/.codex/worktrees/w3-conversations/creator-platform/tmp/w3-resume-20261001/ios-derived/Build/Intermediates.noindex/QelvoraNative.build/Debug-iphonesimulator/QelvoraUI.build/Objects-normal/x86_64/QelvoraUI.SwiftFileList (in target 'QelvoraUI' from project 'QelvoraNative')
    cd /Users/yingpengwang/.codex/worktrees/w3-conversations/creator-platform/apps/ios
    write-file /Users/yingpengwang/.codex/worktrees/w3-conversations/creator-platform/tmp/w3-resume-20261001/ios-derived/Build/Intermediates.noindex/QelvoraNative.build/Debug-iphonesimulator/QelvoraUI.build/Objects-normal/x86_64/QelvoraUI.SwiftFileList

WriteAuxiliaryFile /Users/yingpengwang/.codex/worktrees/w3-conversations/creator-platform/tmp/w3-resume-20261001/ios-derived/Build/Intermediates.noindex/QelvoraNative.build/Debug-iphonesimulator/QelvoraUI.build/Objects-normal/x86_64/QelvoraUI.SwiftConstValuesFileList (in target 'QelvoraUI' from project 'QelvoraNative')
    cd /Users/yingpengwang/.codex/worktrees/w3-conversations/creator-platform/apps/ios
    write-file /Users/yingpengwang/.codex/worktrees/w3-conversations/creator-platform/tmp/w3-resume-20261001/ios-derived/Build/Intermediates.noindex/QelvoraNative.build/Debug-iphonesimulator/QelvoraUI.build/Objects-normal/x86_64/QelvoraUI.SwiftConstValuesFileList

WriteAuxiliaryFile /Users/yingpengwang/.codex/worktrees/w3-conversations/creator-platform/tmp/w3-resume-20261001/ios-derived/Build/Intermediates.noindex/QelvoraNative.build/Debug-iphonesimulator/QelvoraUI.build/Objects-normal/x86_64/QelvoraUI.LinkFileList (in target 'QelvoraUI' from project 'QelvoraNative')
    cd /Users/yingpengwang/.codex/worktrees/w3-conversations/creator-platform/apps/ios
    write-file /Users/yingpengwang/.codex/worktrees/w3-conversations/creator-platform/tmp/w3-resume-20261001/ios-derived/Build/Intermediates.noindex/QelvoraNative.build/Debug-iphonesimulator/QelvoraUI.build/Objects-normal/x86_64/QelvoraUI.LinkFileList

WriteAuxiliaryFile /Users/yingpengwang/.codex/worktrees/w3-conversations/creator-platform/tmp/w3-resume-20261001/ios-derived/Build/Intermediates.noindex/QelvoraNative.build/Debug-iphonesimulator/QelvoraUI.build/Objects-normal/x86_64/QelvoraUI-OutputFileMap.json (in target 'QelvoraUI' from project 'QelvoraNative')
    cd /Users/yingpengwang/.codex/worktrees/w3-conversations/creator-platform/apps/ios
    write-file /Users/yingpengwang/.codex/worktrees/w3-conversations/creator-platform/tmp/w3-resume-20261001/ios-derived/Build/Intermediates.noindex/QelvoraNative.build/Debug-iphonesimulator/QelvoraUI.build/Objects-normal/x86_64/QelvoraUI-OutputFileMap.json

WriteAuxiliaryFile /Users/yingpengwang/.codex/worktrees/w3-conversations/creator-platform/tmp/w3-resume-20261001/ios-derived/Build/Intermediates.noindex/QelvoraNative.build/Debug-iphonesimulator/QelvoraUI.build/DerivedSources/resource_bundle_accessor.swift (in target 'QelvoraUI' from project 'QelvoraNative')
    cd /Users/yingpengwang/.codex/worktrees/w3-conversations/creator-platform/apps/ios
    write-file /Users/yingpengwang/.codex/worktrees/w3-conversations/creator-platform/tmp/w3-resume-20261001/ios-derived/Build/Intermediates.noindex/QelvoraNative.build/Debug-iphonesimulator/QelvoraUI.build/DerivedSources/resource_bundle_accessor.swift

Copy /Users/yingpengwang/.codex/worktrees/w3-conversations/creator-platform/tmp/w3-resume-20261001/ios-derived/Build/Intermediates.noindex/GeneratedModuleMaps-iphonesimulator/QelvoraUI.modulemap /Users/yingpengwang/.codex/worktrees/w3-conversations/creator-platform/tmp/w3-resume-20261001/ios-derived/Build/Intermediates.noindex/QelvoraNative.build/Debug-iphonesimulator/QelvoraUI.build/QelvoraUI.modulemap (in target 'QelvoraUI' from project 'QelvoraNative')
    cd /Users/yingpengwang/.codex/worktrees/w3-conversations/creator-platform/apps/ios
    builtin-copy -exclude .DS_Store -exclude CVS -exclude .svn -exclude .git -exclude .hg -resolve-src-symlinks /Users/yingpengwang/.codex/worktrees/w3-conversations/creator-platform/tmp/w3-resume-20261001/ios-derived/Build/Intermediates.noindex/QelvoraNative.build/Debug-iphonesimulator/QelvoraUI.build/QelvoraUI.modulemap /Users/yingpengwang/.codex/worktrees/w3-conversations/creator-platform/tmp/w3-resume-20261001/ios-derived/Build/Intermediates.noindex/GeneratedModuleMaps-iphonesimulator

WriteAuxiliaryFile /Users/yingpengwang/.codex/worktrees/w3-conversations/creator-platform/tmp/w3-resume-20261001/ios-derived/Build/Intermediates.noindex/QelvoraNative.build/Debug-iphonesimulator/QelvoraNative_QelvoraUI.build/empty-QelvoraNative_QelvoraUI.plist (in target 'QelvoraNative_QelvoraUI' from project 'QelvoraNative')
    cd /Users/yingpengwang/.codex/worktrees/w3-conversations/creator-platform/apps/ios
    write-file /Users/yingpengwang/.codex/worktrees/w3-conversations/creator-platform/tmp/w3-resume-20261001/ios-derived/Build/Intermediates.noindex/QelvoraNative.build/Debug-iphonesimulator/QelvoraNative_QelvoraUI.build/empty-QelvoraNative_QelvoraUI.plist

WriteAuxiliaryFile /Users/yingpengwang/.codex/worktrees/w3-conversations/creator-platform/tmp/w3-resume-20261001/ios-derived/Build/Intermediates.noindex/QelvoraNative.build/Debug-iphonesimulator/QelvoraNative_QelvoraUI.build/QelvoraNative_QelvoraUI.DependencyStaticMetadataFileList (in target 'QelvoraNative_QelvoraUI' from project 'QelvoraNative')
    cd /Users/yingpengwang/.codex/worktrees/w3-conversations/creator-platform/apps/ios
    write-file /Users/yingpengwang/.codex/worktrees/w3-conversations/creator-platform/tmp/w3-resume-20261001/ios-derived/Build/Intermediates.noindex/QelvoraNative.build/Debug-iphonesimulator/QelvoraNative_QelvoraUI.build/QelvoraNative_QelvoraUI.DependencyStaticMetadataFileList

WriteAuxiliaryFile /Users/yingpengwang/.codex/worktrees/w3-conversations/creator-platform/tmp/w3-resume-20261001/ios-derived/Build/Intermediates.noindex/QelvoraNative.build/Debug-iphonesimulator/QelvoraNative_QelvoraUI.build/QelvoraNative_QelvoraUI.DependencyMetadataFileList (in target 'QelvoraNative_QelvoraUI' from project 'QelvoraNative')
    cd /Users/yingpengwang/.codex/worktrees/w3-conversations/creator-platform/apps/ios
    write-file /Users/yingpengwang/.codex/worktrees/w3-conversations/creator-platform/tmp/w3-resume-20261001/ios-derived/Build/Intermediates.noindex/QelvoraNative.build/Debug-iphonesimulator/QelvoraNative_QelvoraUI.build/QelvoraNative_QelvoraUI.DependencyMetadataFileList

MkDir /Users/yingpengwang/.codex/worktrees/w3-conversations/creator-platform/tmp/w3-resume-20261001/ios-derived/Build/Products/Debug-iphonesimulator/QelvoraNative_QelvoraUI.bundle (in target 'QelvoraNative_QelvoraUI' from project 'QelvoraNative')
    cd /Users/yingpengwang/.codex/worktrees/w3-conversations/creator-platform/apps/ios
    /bin/mkdir -p /Users/yingpengwang/.codex/worktrees/w3-conversations/creator-platform/tmp/w3-resume-20261001/ios-derived/Build/Products/Debug-iphonesimulator/QelvoraNative_QelvoraUI.bundle

WriteAuxiliaryFile /Users/yingpengwang/.codex/worktrees/w3-conversations/creator-platform/tmp/w3-resume-20261001/ios-derived/Build/Intermediates.noindex/QelvoraApp.build/Debug-iphonesimulator/QelvoraApp.build/QelvoraApp.hmap (in target 'QelvoraApp' from project 'QelvoraApp')
    cd /Users/yingpengwang/.codex/worktrees/w3-conversations/creator-platform/apps/ios
    write-file /Users/yingpengwang/.codex/worktrees/w3-conversations/creator-platform/tmp/w3-resume-20261001/ios-derived/Build/Intermediates.noindex/QelvoraApp.build/Debug-iphonesimulator/QelvoraApp.build/QelvoraApp.hmap

WriteAuxiliaryFile /Users/yingpengwang/.codex/worktrees/w3-conversations/creator-platform/tmp/w3-resume-20261001/ios-derived/Build/Intermediates.noindex/QelvoraApp.build/Debug-iphonesimulator/QelvoraApp.build/QelvoraApp.DependencyStaticMetadataFileList (in target 'QelvoraApp' from project 'QelvoraApp')
    cd /Users/yingpengwang/.codex/worktrees/w3-conversations/creator-platform/apps/ios
    write-file /Users/yingpengwang/.codex/worktrees/w3-conversations/creator-platform/tmp/w3-resume-20261001/ios-derived/Build/Intermediates.noindex/QelvoraApp.build/Debug-iphonesimulator/QelvoraApp.build/QelvoraApp.DependencyStaticMetadataFileList

WriteAuxiliaryFile /Users/yingpengwang/.codex/worktrees/w3-conversations/creator-platform/tmp/w3-resume-20261001/ios-derived/Build/Intermediates.noindex/QelvoraApp.build/Debug-iphonesimulator/QelvoraApp.build/QelvoraApp.DependencyMetadataFileList (in target 'QelvoraApp' from project 'QelvoraApp')
    cd /Users/yingpengwang/.codex/worktrees/w3-conversations/creator-platform/apps/ios
    write-file /Users/yingpengwang/.codex/worktrees/w3-conversations/creator-platform/tmp/w3-resume-20261001/ios-derived/Build/Intermediates.noindex/QelvoraApp.build/Debug-iphonesimulator/QelvoraApp.build/QelvoraApp.DependencyMetadataFileList

WriteAuxiliaryFile /Users/yingpengwang/.codex/worktrees/w3-conversations/creator-platform/tmp/w3-resume-20261001/ios-derived/Build/Intermediates.noindex/QelvoraApp.build/Debug-iphonesimulator/QelvoraApp.build/QelvoraApp-project-headers.hmap (in target 'QelvoraApp' from project 'QelvoraApp')
    cd /Users/yingpengwang/.codex/worktrees/w3-conversations/creator-platform/apps/ios
    write-file /Users/yingpengwang/.codex/worktrees/w3-conversations/creator-platform/tmp/w3-resume-20261001/ios-derived/Build/Intermediates.noindex/QelvoraApp.build/Debug-iphonesimulator/QelvoraApp.build/QelvoraApp-project-headers.hmap

WriteAuxiliaryFile /Users/yingpengwang/.codex/worktrees/w3-conversations/creator-platform/tmp/w3-resume-20261001/ios-derived/Build/Intermediates.noindex/QelvoraApp.build/Debug-iphonesimulator/QelvoraApp.build/QelvoraApp-own-target-headers.hmap (in target 'QelvoraApp' from project 'QelvoraApp')
    cd /Users/yingpengwang/.codex/worktrees/w3-conversations/creator-platform/apps/ios
    write-file /Users/yingpengwang/.codex/worktrees/w3-conversations/creator-platform/tmp/w3-resume-20261001/ios-derived/Build/Intermediates.noindex/QelvoraApp.build/Debug-iphonesimulator/QelvoraApp.build/QelvoraApp-own-target-headers.hmap

WriteAuxiliaryFile /Users/yingpengwang/.codex/worktrees/w3-conversations/creator-platform/tmp/w3-resume-20261001/ios-derived/Build/Intermediates.noindex/QelvoraApp.build/Debug-iphonesimulator/QelvoraApp.build/QelvoraApp-generated-files.hmap (in target 'QelvoraApp' from project 'QelvoraApp')
    cd /Users/yingpengwang/.codex/worktrees/w3-conversations/creator-platform/apps/ios
    write-file /Users/yingpengwang/.codex/worktrees/w3-conversations/creator-platform/tmp/w3-resume-20261001/ios-derived/Build/Intermediates.noindex/QelvoraApp.build/Debug-iphonesimulator/QelvoraApp.build/QelvoraApp-generated-files.hmap

WriteAuxiliaryFile /Users/yingpengwang/.codex/worktrees/w3-conversations/creator-platform/tmp/w3-resume-20261001/ios-derived/Build/Intermediates.noindex/QelvoraApp.build/Debug-iphonesimulator/QelvoraApp.build/QelvoraApp-all-target-headers.hmap (in target 'QelvoraApp' from project 'QelvoraApp')
    cd /Users/yingpengwang/.codex/worktrees/w3-conversations/creator-platform/apps/ios
    write-file /Users/yingpengwang/.codex/worktrees/w3-conversations/creator-platform/tmp/w3-resume-20261001/ios-derived/Build/Intermediates.noindex/QelvoraApp.build/Debug-iphonesimulator/QelvoraApp.build/QelvoraApp-all-target-headers.hmap

WriteAuxiliaryFile /Users/yingpengwang/.codex/worktrees/w3-conversations/creator-platform/tmp/w3-resume-20261001/ios-derived/Build/Intermediates.noindex/QelvoraApp.build/Debug-iphonesimulator/QelvoraApp.build/QelvoraApp-all-non-framework-target-headers.hmap (in target 'QelvoraApp' from project 'QelvoraApp')
    cd /Users/yingpengwang/.codex/worktrees/w3-conversations/creator-platform/apps/ios
    write-file /Users/yingpengwang/.codex/worktrees/w3-conversations/creator-platform/tmp/w3-resume-20261001/ios-derived/Build/Intermediates.noindex/QelvoraApp.build/Debug-iphonesimulator/QelvoraApp.build/QelvoraApp-all-non-framework-target-headers.hmap

WriteAuxiliaryFile /Users/yingpengwang/.codex/worktrees/w3-conversations/creator-platform/tmp/w3-resume-20261001/ios-derived/Build/Intermediates.noindex/QelvoraApp.build/Debug-iphonesimulator/QelvoraApp.build/QelvoraApp-DebugDylibPath-normal-x86_64.txt (in target 'QelvoraApp' from project 'QelvoraApp')
    cd /Users/yingpengwang/.codex/worktrees/w3-conversations/creator-platform/apps/ios
    write-file /Users/yingpengwang/.codex/worktrees/w3-conversations/creator-platform/tmp/w3-resume-20261001/ios-derived/Build/Intermediates.noindex/QelvoraApp.build/Debug-iphonesimulator/QelvoraApp.build/QelvoraApp-DebugDylibPath-normal-x86_64.txt

WriteAuxiliaryFile /Users/yingpengwang/.codex/worktrees/w3-conversations/creator-platform/tmp/w3-resume-20261001/ios-derived/Build/Intermediates.noindex/QelvoraApp.build/Debug-iphonesimulator/QelvoraApp.build/QelvoraApp-DebugDylibInstallName-normal-x86_64.txt (in target 'QelvoraApp' from project 'QelvoraApp')
    cd /Users/yingpengwang/.codex/worktrees/w3-conversations/creator-platform/apps/ios
    write-file /Users/yingpengwang/.codex/worktrees/w3-conversations/creator-platform/tmp/w3-resume-20261001/ios-derived/Build/Intermediates.noindex/QelvoraApp.build/Debug-iphonesimulator/QelvoraApp.build/QelvoraApp-DebugDylibInstallName-normal-x86_64.txt

WriteAuxiliaryFile /Users/yingpengwang/.codex/worktrees/w3-conversations/creator-platform/tmp/w3-resume-20261001/ios-derived/Build/Intermediates.noindex/QelvoraApp.build/Debug-iphonesimulator/QelvoraApp.build/Objects-normal/x86_64/QelvoraApp_const_extract_protocols.json (in target 'QelvoraApp' from project 'QelvoraApp')
    cd /Users/yingpengwang/.codex/worktrees/w3-conversations/creator-platform/apps/ios
    write-file /Users/yingpengwang/.codex/worktrees/w3-conversations/creator-platform/tmp/w3-resume-20261001/ios-derived/Build/Intermediates.noindex/QelvoraApp.build/Debug-iphonesimulator/QelvoraApp.build/Objects-normal/x86_64/QelvoraApp_const_extract_protocols.json

WriteAuxiliaryFile /Users/yingpengwang/.codex/worktrees/w3-conversations/creator-platform/tmp/w3-resume-20261001/ios-derived/Build/Intermediates.noindex/QelvoraApp.build/Debug-iphonesimulator/QelvoraApp.build/Objects-normal/x86_64/QelvoraApp.SwiftFileList (in target 'QelvoraApp' from project 'QelvoraApp')
    cd /Users/yingpengwang/.codex/worktrees/w3-conversations/creator-platform/apps/ios
    write-file /Users/yingpengwang/.codex/worktrees/w3-conversations/creator-platform/tmp/w3-resume-20261001/ios-derived/Build/Intermediates.noindex/QelvoraApp.build/Debug-iphonesimulator/QelvoraApp.build/Objects-normal/x86_64/QelvoraApp.SwiftFileList

WriteAuxiliaryFile /Users/yingpengwang/.codex/worktrees/w3-conversations/creator-platform/tmp/w3-resume-20261001/ios-derived/Build/Intermediates.noindex/QelvoraApp.build/Debug-iphonesimulator/QelvoraApp.build/Objects-normal/x86_64/QelvoraApp.SwiftConstValuesFileList (in target 'QelvoraApp' from project 'QelvoraApp')
    cd /Users/yingpengwang/.codex/worktrees/w3-conversations/creator-platform/apps/ios
    write-file /Users/yingpengwang/.codex/worktrees/w3-conversations/creator-platform/tmp/w3-resume-20261001/ios-derived/Build/Intermediates.noindex/QelvoraApp.build/Debug-iphonesimulator/QelvoraApp.build/Objects-normal/x86_64/QelvoraApp.SwiftConstValuesFileList

WriteAuxiliaryFile /Users/yingpengwang/.codex/worktrees/w3-conversations/creator-platform/tmp/w3-resume-20261001/ios-derived/Build/Intermediates.noindex/QelvoraApp.build/Debug-iphonesimulator/QelvoraApp.build/Objects-normal/x86_64/QelvoraApp.LinkFileList (in target 'QelvoraApp' from project 'QelvoraApp')
    cd /Users/yingpengwang/.codex/worktrees/w3-conversations/creator-platform/apps/ios
    write-file /Users/yingpengwang/.codex/worktrees/w3-conversations/creator-platform/tmp/w3-resume-20261001/ios-derived/Build/Intermediates.noindex/QelvoraApp.build/Debug-iphonesimulator/QelvoraApp.build/Objects-normal/x86_64/QelvoraApp.LinkFileList

WriteAuxiliaryFile /Users/yingpengwang/.codex/worktrees/w3-conversations/creator-platform/tmp/w3-resume-20261001/ios-derived/Build/Intermediates.noindex/QelvoraApp.build/Debug-iphonesimulator/QelvoraApp.build/Objects-normal/x86_64/QelvoraApp-OutputFileMap.json (in target 'QelvoraApp' from project 'QelvoraApp')
    cd /Users/yingpengwang/.codex/worktrees/w3-conversations/creator-platform/apps/ios
    write-file /Users/yingpengwang/.codex/worktrees/w3-conversations/creator-platform/tmp/w3-resume-20261001/ios-derived/Build/Intermediates.noindex/QelvoraApp.build/Debug-iphonesimulator/QelvoraApp.build/Objects-normal/x86_64/QelvoraApp-OutputFileMap.json

MkDir /Users/yingpengwang/.codex/worktrees/w3-conversations/creator-platform/tmp/w3-resume-20261001/ios-derived/Build/Products/Debug-iphonesimulator/QelvoraApp.app (in target 'QelvoraApp' from project 'QelvoraApp')
    cd /Users/yingpengwang/.codex/worktrees/w3-conversations/creator-platform/apps/ios
    /bin/mkdir -p /Users/yingpengwang/.codex/worktrees/w3-conversations/creator-platform/tmp/w3-resume-20261001/ios-derived/Build/Products/Debug-iphonesimulator/QelvoraApp.app

ProcessInfoPlistFile /Users/yingpengwang/.codex/worktrees/w3-conversations/creator-platform/tmp/w3-resume-20261001/ios-derived/Build/Products/Debug-iphonesimulator/QelvoraNative_QelvoraUI.bundle/Info.plist /Users/yingpengwang/.codex/worktrees/w3-conversations/creator-platform/tmp/w3-resume-20261001/ios-derived/Build/Intermediates.noindex/QelvoraNative.build/Debug-iphonesimulator/QelvoraNative_QelvoraUI.build/empty-QelvoraNative_QelvoraUI.plist (in target 'QelvoraNative_QelvoraUI' from project 'QelvoraNative')
    cd /Users/yingpengwang/.codex/worktrees/w3-conversations/creator-platform/apps/ios
    builtin-infoPlistUtility /Users/yingpengwang/.codex/worktrees/w3-conversations/creator-platform/tmp/w3-resume-20261001/ios-derived/Build/Intermediates.noindex/QelvoraNative.build/Debug-iphonesimulator/QelvoraNative_QelvoraUI.build/empty-QelvoraNative_QelvoraUI.plist -producttype com.apple.product-type.bundle -expandbuildsettings -format binary -platform iphonesimulator -o /Users/yingpengwang/.codex/worktrees/w3-conversations/creator-platform/tmp/w3-resume-20261001/ios-derived/Build/Products/Debug-iphonesimulator/QelvoraNative_QelvoraUI.bundle/Info.plist

CpResource /Users/yingpengwang/.codex/worktrees/w3-conversations/creator-platform/tmp/w3-resume-20261001/ios-derived/Build/Products/Debug-iphonesimulator/QelvoraNative_QelvoraUI.bundle/Newsreader.ttf /Users/yingpengwang/.codex/worktrees/w3-conversations/creator-platform/apps/ios/Sources/Resources/Fonts/Newsreader.ttf (in target 'QelvoraNative_QelvoraUI' from project 'QelvoraNative')
    cd /Users/yingpengwang/.codex/worktrees/w3-conversations/creator-platform/apps/ios
    builtin-copy -exclude .DS_Store -exclude CVS -exclude .svn -exclude .git -exclude .hg -resolve-src-symlinks /Users/yingpengwang/.codex/worktrees/w3-conversations/creator-platform/apps/ios/Sources/Resources/Fonts/Newsreader.ttf /Users/yingpengwang/.codex/worktrees/w3-conversations/creator-platform/tmp/w3-resume-20261001/ios-derived/Build/Products/Debug-iphonesimulator/QelvoraNative_QelvoraUI.bundle

CpResource /Users/yingpengwang/.codex/worktrees/w3-conversations/creator-platform/tmp/w3-resume-20261001/ios-derived/Build/Products/Debug-iphonesimulator/QelvoraNative_QelvoraUI.bundle/Newsreader-OFL.txt /Users/yingpengwang/.codex/worktrees/w3-conversations/creator-platform/apps/ios/Sources/Resources/Fonts/Newsreader-OFL.txt (in target 'QelvoraNative_QelvoraUI' from project 'QelvoraNative')
    cd /Users/yingpengwang/.codex/worktrees/w3-conversations/creator-platform/apps/ios
    builtin-copy -exclude .DS_Store -exclude CVS -exclude .svn -exclude .git -exclude .hg -resolve-src-symlinks /Users/yingpengwang/.codex/worktrees/w3-conversations/creator-platform/apps/ios/Sources/Resources/Fonts/Newsreader-OFL.txt /Users/yingpengwang/.codex/worktrees/w3-conversations/creator-platform/tmp/w3-resume-20261001/ios-derived/Build/Products/Debug-iphonesimulator/QelvoraNative_QelvoraUI.bundle

CpResource /Users/yingpengwang/.codex/worktrees/w3-conversations/creator-platform/tmp/w3-resume-20261001/ios-derived/Build/Products/Debug-iphonesimulator/QelvoraNative_QelvoraUI.bundle/Newsreader-Italic.ttf /Users/yingpengwang/.codex/worktrees/w3-conversations/creator-platform/apps/ios/Sources/Resources/Fonts/Newsreader-Italic.ttf (in target 'QelvoraNative_QelvoraUI' from project 'QelvoraNative')
    cd /Users/yingpengwang/.codex/worktrees/w3-conversations/creator-platform/apps/ios
    builtin-copy -exclude .DS_Store -exclude CVS -exclude .svn -exclude .git -exclude .hg -resolve-src-symlinks /Users/yingpengwang/.codex/worktrees/w3-conversations/creator-platform/apps/ios/Sources/Resources/Fonts/Newsreader-Italic.ttf /Users/yingpengwang/.codex/worktrees/w3-conversations/creator-platform/tmp/w3-resume-20261001/ios-derived/Build/Products/Debug-iphonesimulator/QelvoraNative_QelvoraUI.bundle

CpResource /Users/yingpengwang/.codex/worktrees/w3-conversations/creator-platform/tmp/w3-resume-20261001/ios-derived/Build/Products/Debug-iphonesimulator/QelvoraNative_QelvoraUI.bundle/Glyphs.json /Users/yingpengwang/.codex/worktrees/w3-conversations/creator-platform/apps/ios/Sources/Resources/Glyphs.json (in target 'QelvoraNative_QelvoraUI' from project 'QelvoraNative')
    cd /Users/yingpengwang/.codex/worktrees/w3-conversations/creator-platform/apps/ios
    builtin-copy -exclude .DS_Store -exclude CVS -exclude .svn -exclude .git -exclude .hg -resolve-src-symlinks /Users/yingpengwang/.codex/worktrees/w3-conversations/creator-platform/apps/ios/Sources/Resources/Glyphs.json /Users/yingpengwang/.codex/worktrees/w3-conversations/creator-platform/tmp/w3-resume-20261001/ios-derived/Build/Products/Debug-iphonesimulator/QelvoraNative_QelvoraUI.bundle

CpResource /Users/yingpengwang/.codex/worktrees/w3-conversations/creator-platform/tmp/w3-resume-20261001/ios-derived/Build/Products/Debug-iphonesimulator/QelvoraNative_QelvoraUI.bundle/GeistMono.ttf /Users/yingpengwang/.codex/worktrees/w3-conversations/creator-platform/apps/ios/Sources/Resources/Fonts/GeistMono.ttf (in target 'QelvoraNative_QelvoraUI' from project 'QelvoraNative')
    cd /Users/yingpengwang/.codex/worktrees/w3-conversations/creator-platform/apps/ios
    builtin-copy -exclude .DS_Store -exclude CVS -exclude .svn -exclude .git -exclude .hg -resolve-src-symlinks /Users/yingpengwang/.codex/worktrees/w3-conversations/creator-platform/apps/ios/Sources/Resources/Fonts/GeistMono.ttf /Users/yingpengwang/.codex/worktrees/w3-conversations/creator-platform/tmp/w3-resume-20261001/ios-derived/Build/Products/Debug-iphonesimulator/QelvoraNative_QelvoraUI.bundle

CpResource /Users/yingpengwang/.codex/worktrees/w3-conversations/creator-platform/tmp/w3-resume-20261001/ios-derived/Build/Products/Debug-iphonesimulator/QelvoraNative_QelvoraUI.bundle/GeistMono-OFL.txt /Users/yingpengwang/.codex/worktrees/w3-conversations/creator-platform/apps/ios/Sources/Resources/Fonts/GeistMono-OFL.txt (in target 'QelvoraNative_QelvoraUI' from project 'QelvoraNative')
    cd /Users/yingpengwang/.codex/worktrees/w3-conversations/creator-platform/apps/ios
    builtin-copy -exclude .DS_Store -exclude CVS -exclude .svn -exclude .git -exclude .hg -resolve-src-symlinks /Users/yingpengwang/.codex/worktrees/w3-conversations/creator-platform/apps/ios/Sources/Resources/Fonts/GeistMono-OFL.txt /Users/yingpengwang/.codex/worktrees/w3-conversations/creator-platform/tmp/w3-resume-20261001/ios-derived/Build/Products/Debug-iphonesimulator/QelvoraNative_QelvoraUI.bundle

CpResource /Users/yingpengwang/.codex/worktrees/w3-conversations/creator-platform/tmp/w3-resume-20261001/ios-derived/Build/Products/Debug-iphonesimulator/QelvoraNative_QelvoraUI.bundle/GeistMono-Italic.ttf /Users/yingpengwang/.codex/worktrees/w3-conversations/creator-platform/apps/ios/Sources/Resources/Fonts/GeistMono-Italic.ttf (in target 'QelvoraNative_QelvoraUI' from project 'QelvoraNative')
    cd /Users/yingpengwang/.codex/worktrees/w3-conversations/creator-platform/apps/ios
    builtin-copy -exclude .DS_Store -exclude CVS -exclude .svn -exclude .git -exclude .hg -resolve-src-symlinks /Users/yingpengwang/.codex/worktrees/w3-conversations/creator-platform/apps/ios/Sources/Resources/Fonts/GeistMono-Italic.ttf /Users/yingpengwang/.codex/worktrees/w3-conversations/creator-platform/tmp/w3-resume-20261001/ios-derived/Build/Products/Debug-iphonesimulator/QelvoraNative_QelvoraUI.bundle

CpResource /Users/yingpengwang/.codex/worktrees/w3-conversations/creator-platform/tmp/w3-resume-20261001/ios-derived/Build/Products/Debug-iphonesimulator/QelvoraNative_QelvoraUI.bundle/Geist.ttf /Users/yingpengwang/.codex/worktrees/w3-conversations/creator-platform/apps/ios/Sources/Resources/Fonts/Geist.ttf (in target 'QelvoraNative_QelvoraUI' from project 'QelvoraNative')
    cd /Users/yingpengwang/.codex/worktrees/w3-conversations/creator-platform/apps/ios
    builtin-copy -exclude .DS_Store -exclude CVS -exclude .svn -exclude .git -exclude .hg -resolve-src-symlinks /Users/yingpengwang/.codex/worktrees/w3-conversations/creator-platform/apps/ios/Sources/Resources/Fonts/Geist.ttf /Users/yingpengwang/.codex/worktrees/w3-conversations/creator-platform/tmp/w3-resume-20261001/ios-derived/Build/Products/Debug-iphonesimulator/QelvoraNative_QelvoraUI.bundle

CpResource /Users/yingpengwang/.codex/worktrees/w3-conversations/creator-platform/tmp/w3-resume-20261001/ios-derived/Build/Products/Debug-iphonesimulator/QelvoraNative_QelvoraUI.bundle/Geist-OFL.txt /Users/yingpengwang/.codex/worktrees/w3-conversations/creator-platform/apps/ios/Sources/Resources/Fonts/Geist-OFL.txt (in target 'QelvoraNative_QelvoraUI' from project 'QelvoraNative')
    cd /Users/yingpengwang/.codex/worktrees/w3-conversations/creator-platform/apps/ios
    builtin-copy -exclude .DS_Store -exclude CVS -exclude .svn -exclude .git -exclude .hg -resolve-src-symlinks /Users/yingpengwang/.codex/worktrees/w3-conversations/creator-platform/apps/ios/Sources/Resources/Fonts/Geist-OFL.txt /Users/yingpengwang/.codex/worktrees/w3-conversations/creator-platform/tmp/w3-resume-20261001/ios-derived/Build/Products/Debug-iphonesimulator/QelvoraNative_QelvoraUI.bundle

CpResource /Users/yingpengwang/.codex/worktrees/w3-conversations/creator-platform/tmp/w3-resume-20261001/ios-derived/Build/Products/Debug-iphonesimulator/QelvoraNative_QelvoraUI.bundle/Geist-Italic.ttf /Users/yingpengwang/.codex/worktrees/w3-conversations/creator-platform/apps/ios/Sources/Resources/Fonts/Geist-Italic.ttf (in target 'QelvoraNative_QelvoraUI' from project 'QelvoraNative')
    cd /Users/yingpengwang/.codex/worktrees/w3-conversations/creator-platform/apps/ios
    builtin-copy -exclude .DS_Store -exclude CVS -exclude .svn -exclude .git -exclude .hg -resolve-src-symlinks /Users/yingpengwang/.codex/worktrees/w3-conversations/creator-platform/apps/ios/Sources/Resources/Fonts/Geist-Italic.ttf /Users/yingpengwang/.codex/worktrees/w3-conversations/creator-platform/tmp/w3-resume-20261001/ios-derived/Build/Products/Debug-iphonesimulator/QelvoraNative_QelvoraUI.bundle

CompileXCStrings /Users/yingpengwang/.codex/worktrees/w3-conversations/creator-platform/tmp/w3-resume-20261001/ios-derived/Build/Intermediates.noindex/QelvoraNative.build/Debug-iphonesimulator/QelvoraNative_QelvoraUI.build/ /Users/yingpengwang/.codex/worktrees/w3-conversations/creator-platform/apps/ios/Sources/Generated/Localizable.xcstrings (in target 'QelvoraNative_QelvoraUI' from project 'QelvoraNative')
    cd /Users/yingpengwang/.codex/worktrees/w3-conversations/creator-platform/apps/ios
    /Applications/Xcode.app/Contents/Developer/usr/bin/xcstringstool compile --output-directory /Users/yingpengwang/.codex/worktrees/w3-conversations/creator-platform/tmp/w3-resume-20261001/ios-derived/Build/Intermediates.noindex/QelvoraNative.build/Debug-iphonesimulator/QelvoraNative_QelvoraUI.build /Users/yingpengwang/.codex/worktrees/w3-conversations/creator-platform/apps/ios/Sources/Generated/Localizable.xcstrings

SwiftDriver QelvoraUI normal x86_64 com.apple.xcode.tools.swift.compiler (in target 'QelvoraUI' from project 'QelvoraNative')
    cd /Users/yingpengwang/.codex/worktrees/w3-conversations/creator-platform/apps/ios/QelvoraApp.xcodeproj
    builtin-SwiftDriver -- /Applications/Xcode.app/Contents/Developer/Toolchains/XcodeDefault.xctoolchain/usr/bin/swiftc -module-name QelvoraUI -Onone @/Users/yingpengwang/.codex/worktrees/w3-conversations/creator-platform/tmp/w3-resume-20261001/ios-derived/Build/Intermediates.noindex/QelvoraNative.build/Debug-iphonesimulator/QelvoraUI.build/Objects-normal/x86_64/QelvoraUI.SwiftFileList -DSWIFT_PACKAGE -DDEBUG -DSWIFT_MODULE_RESOURCE_BUNDLE_AVAILABLE -DXcode -plugin-path /Applications/Xcode.app/Contents/Developer/Toolchains/XcodeDefault.xctoolchain/usr/lib/swift/host/plugins/testing -enable-experimental-feature DebugDescriptionMacro -sdk /Applications/Xcode.app/Contents/Developer/Platforms/iPhoneSimulator.platform/Developer/SDKs/iPhoneSimulator26.5.sdk -target x86_64-apple-ios17.0-simulator -g -module-cache-path /Users/yingpengwang/.codex/worktrees/w3-conversations/creator-platform/tmp/w3-resume-20261001/ios-derived/ModuleCache.noindex -Xfrontend -serialize-debugging-options -enable-testing -index-store-path /Users/yingpengwang/.codex/worktrees/w3-conversations/creator-platform/tmp/w3-resume-20261001/ios-derived/Index.noindex/DataStore -Xcc -D_LIBCPP_HARDENING_MODE\=_LIBCPP_HARDENING_MODE_DEBUG -swift-version 6 -I /Users/yingpengwang/.codex/worktrees/w3-conversations/creator-platform/tmp/w3-resume-20261001/ios-derived/Build/Products/Debug-iphonesimulator -Isystem /Applications/Xcode.app/Contents/Developer/Platforms/iPhoneSimulator.platform/Developer/usr/lib -F /Users/yingpengwang/.codex/worktrees/w3-conversations/creator-platform/tmp/w3-resume-20261001/ios-derived/Build/Products/Debug-iphonesimulator -F /Applications/Xcode.app/Contents/Developer/Platforms/iPhoneSimulator.platform/Developer/Library/Frameworks -F /Applications/Xcode.app/Contents/Developer/Platforms/iPhoneSimulator.platform/Developer/SDKs/iPhoneSimulator26.5.sdk/Developer/Library/Frameworks -c -j16 -enable-batch-mode -incremental -Xcc -ivfsstatcache -Xcc /Users/yingpengwang/.codex/worktrees/w3-conversations/creator-platform/tmp/w3-resume-20261001/ios-derived/SDKStatCaches.noindex/iphonesimulator26.5-23F73-6cfe768891a92b912361537c460fe42b.sdkstatcache -output-file-map /Users/yingpengwang/.codex/worktrees/w3-conversations/creator-platform/tmp/w3-resume-20261001/ios-derived/Build/Intermediates.noindex/QelvoraNative.build/Debug-iphonesimulator/QelvoraUI.build/Objects-normal/x86_64/QelvoraUI-OutputFileMap.json -use-frontend-parseable-output -save-temps -no-color-diagnostics -explicit-module-build -module-cache-path /Users/yingpengwang/.codex/worktrees/w3-conversations/creator-platform/tmp/w3-resume-20261001/ios-derived/Build/Intermediates.noindex/SwiftExplicitPrecompiledModules -clang-scanner-module-cache-path /Users/yingpengwang/.codex/worktrees/w3-conversations/creator-platform/tmp/w3-resume-20261001/ios-derived/ModuleCache.noindex -sdk-module-cache-path /Users/yingpengwang/.codex/worktrees/w3-conversations/creator-platform/tmp/w3-resume-20261001/ios-derived/ModuleCache.noindex -serialize-diagnostics -emit-dependencies -emit-module -emit-module-path /Users/yingpengwang/.codex/worktrees/w3-conversations/creator-platform/tmp/w3-resume-20261001/ios-derived/Build/Intermediates.noindex/QelvoraNative.build/Debug-iphonesimulator/QelvoraUI.build/Objects-normal/x86_64/QelvoraUI.swiftmodule -validate-clang-modules-once -clang-build-session-file /Users/yingpengwang/.codex/worktrees/w3-conversations/creator-platform/tmp/w3-resume-20261001/ios-derived/ModuleCache.noindex/Session.modulevalidation -package-name ios -Xcc -I/Users/yingpengwang/.codex/worktrees/w3-conversations/creator-platform/tmp/w3-resume-20261001/ios-derived/Build/Intermediates.noindex/QelvoraNative.build/Debug-iphonesimulator/QelvoraUI.build/swift-overrides.hmap -emit-const-values -Xfrontend -const-gather-protocols-file -Xfrontend /Users/yingpengwang/.codex/worktrees/w3-conversations/creator-platform/tmp/w3-resume-20261001/ios-derived/Build/Intermediates.noindex/QelvoraNative.build/Debug-iphonesimulator/QelvoraUI.build/Objects-normal/x86_64/QelvoraUI_const_extract_protocols.json -Xcc -I/Users/yingpengwang/.codex/worktrees/w3-conversations/creator-platform/tmp/w3-resume-20261001/ios-derived/Build/Products/Debug-iphonesimulator/include -Xcc -I/Users/yingpengwang/.codex/worktrees/w3-conversations/creator-platform/tmp/w3-resume-20261001/ios-derived/Build/Intermediates.noindex/QelvoraNative.build/Debug-iphonesimulator/QelvoraUI.build/DerivedSources-normal/x86_64 -Xcc -I/Users/yingpengwang/.codex/worktrees/w3-conversations/creator-platform/tmp/w3-resume-20261001/ios-derived/Build/Intermediates.noindex/QelvoraNative.build/Debug-iphonesimulator/QelvoraUI.build/DerivedSources/x86_64 -Xcc -I/Users/yingpengwang/.codex/worktrees/w3-conversations/creator-platform/tmp/w3-resume-20261001/ios-derived/Build/Intermediates.noindex/QelvoraNative.build/Debug-iphonesimulator/QelvoraUI.build/DerivedSources -Xcc -DSWIFT_PACKAGE -Xcc -DDEBUG\=1 -emit-objc-header -emit-objc-header-path /Users/yingpengwang/.codex/worktrees/w3-conversations/creator-platform/tmp/w3-resume-20261001/ios-derived/Build/Intermediates.noindex/QelvoraNative.build/Debug-iphonesimulator/QelvoraUI.build/Objects-normal/x86_64/QelvoraUI-Swift.h -working-directory /Users/yingpengwang/.codex/worktrees/w3-conversations/creator-platform/apps/ios/QelvoraApp.xcodeproj -experimental-emit-module-separately -disable-cmo

CopyStringsFile /Users/yingpengwang/.codex/worktrees/w3-conversations/creator-platform/tmp/w3-resume-20261001/ios-derived/Build/Products/Debug-iphonesimulator/QelvoraNative_QelvoraUI.bundle/en.lproj/Localizable.strings /Users/yingpengwang/.codex/worktrees/w3-conversations/creator-platform/tmp/w3-resume-20261001/ios-derived/Build/Intermediates.noindex/QelvoraNative.build/Debug-iphonesimulator/QelvoraNative_QelvoraUI.build/en.lproj/Localizable.strings (in target 'QelvoraNative_QelvoraUI' from project 'QelvoraNative')
    cd /Users/yingpengwang/.codex/worktrees/w3-conversations/creator-platform/apps/ios
    builtin-copyStrings --validate --outputencoding binary --outfilename Localizable.strings --outdir /Users/yingpengwang/.codex/worktrees/w3-conversations/creator-platform/tmp/w3-resume-20261001/ios-derived/Build/Products/Debug-iphonesimulator/QelvoraNative_QelvoraUI.bundle/en.lproj -- /Users/yingpengwang/.codex/worktrees/w3-conversations/creator-platform/tmp/w3-resume-20261001/ios-derived/Build/Intermediates.noindex/QelvoraNative.build/Debug-iphonesimulator/QelvoraNative_QelvoraUI.build/en.lproj/Localizable.strings
/Users/yingpengwang/.codex/worktrees/w3-conversations/creator-platform/tmp/w3-resume-20261001/ios-derived/Build/Intermediates.noindex/QelvoraNative.build/Debug-iphonesimulator/QelvoraNative_QelvoraUI.build/en.lproj/Localizable.strings:1:1: note: detected encoding of input file as Unicode (UTF-8) (in target 'QelvoraNative_QelvoraUI' from project 'QelvoraNative')

RegisterExecutionPolicyException /Users/yingpengwang/.codex/worktrees/w3-conversations/creator-platform/tmp/w3-resume-20261001/ios-derived/Build/Products/Debug-iphonesimulator/QelvoraNative_QelvoraUI.bundle (in target 'QelvoraNative_QelvoraUI' from project 'QelvoraNative')
    cd /Users/yingpengwang/.codex/worktrees/w3-conversations/creator-platform/apps/ios
    builtin-RegisterExecutionPolicyException /Users/yingpengwang/.codex/worktrees/w3-conversations/creator-platform/tmp/w3-resume-20261001/ios-derived/Build/Products/Debug-iphonesimulator/QelvoraNative_QelvoraUI.bundle

Touch /Users/yingpengwang/.codex/worktrees/w3-conversations/creator-platform/tmp/w3-resume-20261001/ios-derived/Build/Products/Debug-iphonesimulator/QelvoraNative_QelvoraUI.bundle (in target 'QelvoraNative_QelvoraUI' from project 'QelvoraNative')
    cd /Users/yingpengwang/.codex/worktrees/w3-conversations/creator-platform/apps/ios
    /usr/bin/touch -c /Users/yingpengwang/.codex/worktrees/w3-conversations/creator-platform/tmp/w3-resume-20261001/ios-derived/Build/Products/Debug-iphonesimulator/QelvoraNative_QelvoraUI.bundle

SwiftExplicitDependencyGeneratePcm x86_64 /Users/yingpengwang/.codex/worktrees/w3-conversations/creator-platform/tmp/w3-resume-20261001/ios-derived/ModuleCache.noindex/_Builtin_stddef-EUK7KJIDDDT3X0WI17R18AK6K.pcm

SwiftExplicitDependencyGeneratePcm x86_64 /Users/yingpengwang/.codex/worktrees/w3-conversations/creator-platform/tmp/w3-resume-20261001/ios-derived/ModuleCache.noindex/ptrauth-ESCZJF06E0BRMG4JGOBO734D5.pcm

SwiftExplicitDependencyGeneratePcm x86_64 /Users/yingpengwang/.codex/worktrees/w3-conversations/creator-platform/tmp/w3-resume-20261001/ios-derived/ModuleCache.noindex/_AvailabilityInternal-1NIS63AT64DIHA5FG0CEM10BG.pcm

SwiftExplicitDependencyGeneratePcm x86_64 /Users/yingpengwang/.codex/worktrees/w3-conversations/creator-platform/tmp/w3-resume-20261001/ios-derived/ModuleCache.noindex/SwiftShims-7BOXQBAZBX20S6L3UXCN80RJE.pcm

SwiftExplicitDependencyGeneratePcm x86_64 /Users/yingpengwang/.codex/worktrees/w3-conversations/creator-platform/tmp/w3-resume-20261001/ios-derived/ModuleCache.noindex/_Builtin_float-D4Y8JKEER5LKMB77RNTYW5J62.pcm

SwiftExplicitDependencyGeneratePcm x86_64 /Users/yingpengwang/.codex/worktrees/w3-conversations/creator-platform/tmp/w3-resume-20261001/ios-derived/ModuleCache.noindex/_Builtin_stdbool-AKX5EM777AHLIG1Q97TLRXXQJ.pcm

SwiftExplicitDependencyGeneratePcm x86_64 /Users/yingpengwang/.codex/worktrees/w3-conversations/creator-platform/tmp/w3-resume-20261001/ios-derived/ModuleCache.noindex/DeveloperToolsSupport-413DLVT38BLA2BR50WK0CE455.pcm

SwiftExplicitDependencyGeneratePcm x86_64 /Users/yingpengwang/.codex/worktrees/w3-conversations/creator-platform/tmp/w3-resume-20261001/ios-derived/ModuleCache.noindex/_Builtin_stdarg-3BD2YNJ1S8A4TX1AK18RJ6JN8.pcm

SwiftExplicitDependencyGeneratePcm x86_64 /Users/yingpengwang/.codex/worktrees/w3-conversations/creator-platform/tmp/w3-resume-20261001/ios-derived/ModuleCache.noindex/_SwiftConcurrencyShims-71958HTL6L2REIPZ859M6KS17.pcm

SwiftExplicitDependencyGeneratePcm x86_64 /Users/yingpengwang/.codex/worktrees/w3-conversations/creator-platform/tmp/w3-resume-20261001/ios-derived/ModuleCache.noindex/ptrcheck-1BGF9X1J8TW4FMH5DTRBWKF6E.pcm

SwiftExplicitDependencyGeneratePcm x86_64 /Users/yingpengwang/.codex/worktrees/w3-conversations/creator-platform/tmp/w3-resume-20261001/ios-derived/ModuleCache.noindex/_StoreKit_SwiftUI-AB8JAD9I62LSKUDIO61V5OPWF.pcm

SwiftExplicitDependencyGeneratePcm x86_64 /Users/yingpengwang/.codex/worktrees/w3-conversations/creator-platform/tmp/w3-resume-20261001/ios-derived/ModuleCache.noindex/_DarwinFoundation1-87216S7JYAHYB40S8L51DXCTO.pcm

SwiftExplicitDependencyGeneratePcm x86_64 /Users/yingpengwang/.codex/worktrees/w3-conversations/creator-platform/tmp/w3-resume-20261001/ios-derived/ModuleCache.noindex/_Builtin_limits-B25DAKDMUGGQQ96NEUE5P2ZSL.pcm

SwiftExplicitDependencyGeneratePcm x86_64 /Users/yingpengwang/.codex/worktrees/w3-conversations/creator-platform/tmp/w3-resume-20261001/ios-derived/ModuleCache.noindex/_DarwinFoundation2-1KF9D2NLHCUPZP1C207T5QHJA.pcm

SwiftExplicitDependencyGeneratePcm x86_64 /Users/yingpengwang/.codex/worktrees/w3-conversations/creator-platform/tmp/w3-resume-20261001/ios-derived/ModuleCache.noindex/ExtensionFoundation-3J3K04NP13XIDRN56NQ7UTUH7.pcm

SwiftExplicitDependencyGeneratePcm x86_64 /Users/yingpengwang/.codex/worktrees/w3-conversations/creator-platform/tmp/w3-resume-20261001/ios-derived/ModuleCache.noindex/_Builtin_stdint-6Z6WYO1W4PZZNX36Q7N3C9FL8.pcm

SwiftExplicitDependencyGeneratePcm x86_64 /Users/yingpengwang/.codex/worktrees/w3-conversations/creator-platform/tmp/w3-resume-20261001/ios-derived/ModuleCache.noindex/_Builtin_tgmath-30AM84F4IOQAYSP1K7HMK4HUY.pcm

SwiftExplicitDependencyGeneratePcm x86_64 /Users/yingpengwang/.codex/worktrees/w3-conversations/creator-platform/tmp/w3-resume-20261001/ios-derived/ModuleCache.noindex/sys_types-937UT6T5I1S3MGWLYU4292MZW.pcm

SwiftExplicitDependencyGeneratePcm x86_64 /Users/yingpengwang/.codex/worktrees/w3-conversations/creator-platform/tmp/w3-resume-20261001/ios-derived/ModuleCache.noindex/_Builtin_stdatomic-9DOVN88XOLBWC3ANHT2MO3DDZ.pcm

SwiftExplicitDependencyGeneratePcm x86_64 /Users/yingpengwang/.codex/worktrees/w3-conversations/creator-platform/tmp/w3-resume-20261001/ios-derived/ModuleCache.noindex/_DarwinFoundation3-1T0H7BEFS4EVZ1A1680QQQKC7.pcm

SwiftExplicitDependencyGeneratePcm x86_64 /Users/yingpengwang/.codex/worktrees/w3-conversations/creator-platform/tmp/w3-resume-20261001/ios-derived/ModuleCache.noindex/_Builtin_intrinsics-7M6RXJLUGLL6UM75XSJFGQ7GK.pcm

SwiftExplicitDependencyGeneratePcm x86_64 /Users/yingpengwang/.codex/worktrees/w3-conversations/creator-platform/tmp/w3-resume-20261001/ios-derived/ModuleCache.noindex/_Builtin_inttypes-D69ZYGC6AKE7RSOGWM0H4YG4G.pcm

SwiftExplicitDependencyGeneratePcm x86_64 /Users/yingpengwang/.codex/worktrees/w3-conversations/creator-platform/tmp/w3-resume-20261001/ios-derived/ModuleCache.noindex/Darwin-7ETZJB7H15I8VXD310ZYNREQX.pcm

SwiftExplicitDependencyGeneratePcm x86_64 /Users/yingpengwang/.codex/worktrees/w3-conversations/creator-platform/tmp/w3-resume-20261001/ios-derived/ModuleCache.noindex/ObjectiveC-AF85QUTB92XNWMO0MVLIOXMZF.pcm

SwiftExplicitDependencyGeneratePcm x86_64 /Users/yingpengwang/.codex/worktrees/w3-conversations/creator-platform/tmp/w3-resume-20261001/ios-derived/ModuleCache.noindex/MachO-6UP2Q5813W1SJ5WZQF0S485GW.pcm

SwiftExplicitDependencyGeneratePcm x86_64 /Users/yingpengwang/.codex/worktrees/w3-conversations/creator-platform/tmp/w3-resume-20261001/ios-derived/ModuleCache.noindex/os_object-1RF1ZT8DX4UCHLCA0G0SX1X3L.pcm

SwiftExplicitDependencyGeneratePcm x86_64 /Users/yingpengwang/.codex/worktrees/w3-conversations/creator-platform/tmp/w3-resume-20261001/ios-derived/ModuleCache.noindex/simd-92MZZS1IJTXCXQHJZ3CPUHCDS.pcm

SwiftExplicitDependencyGeneratePcm x86_64 /Users/yingpengwang/.codex/worktrees/w3-conversations/creator-platform/tmp/w3-resume-20261001/ios-derived/ModuleCache.noindex/os_workgroup-9TW0FEUA1DJ7YF8LN0EIIU0OZ.pcm

SwiftExplicitDependencyGeneratePcm x86_64 /Users/yingpengwang/.codex/worktrees/w3-conversations/creator-platform/tmp/w3-resume-20261001/ios-derived/ModuleCache.noindex/Dispatch-3KFCLK843EIEYZ1IQ9VR1L3FW.pcm

SwiftExplicitDependencyGeneratePcm x86_64 /Users/yingpengwang/.codex/worktrees/w3-conversations/creator-platform/tmp/w3-resume-20261001/ios-derived/ModuleCache.noindex/XPC-EN724BXI1KXTLTYDDSWM5JD3I.pcm

SwiftExplicitDependencyGeneratePcm x86_64 /Users/yingpengwang/.codex/worktrees/w3-conversations/creator-platform/tmp/w3-resume-20261001/ios-derived/ModuleCache.noindex/CoreFoundation-DOO0DUSMBG3XX0EGG1ARPSW6E.pcm

SwiftExplicitDependencyGeneratePcm x86_64 /Users/yingpengwang/.codex/worktrees/w3-conversations/creator-platform/tmp/w3-resume-20261001/ios-derived/ModuleCache.noindex/os-CHXY74W51VOJ8B8BM7OJQ6DIQ.pcm

SwiftExplicitDependencyGeneratePcm x86_64 /Users/yingpengwang/.codex/worktrees/w3-conversations/creator-platform/tmp/w3-resume-20261001/ios-derived/ModuleCache.noindex/CoreAudioTypes-AKBB1M2SO4L52GW45VWDXF679.pcm

SwiftExplicitDependencyGeneratePcm x86_64 /Users/yingpengwang/.codex/worktrees/w3-conversations/creator-platform/tmp/w3-resume-20261001/ios-derived/ModuleCache.noindex/CoreGraphics-11LZZG805LWC9VOP2LI3VBD4S.pcm

SwiftExplicitDependencyGeneratePcm x86_64 /Users/yingpengwang/.codex/worktrees/w3-conversations/creator-platform/tmp/w3-resume-20261001/ios-derived/ModuleCache.noindex/CoreAudio-1ZIGKMX40F371OM8UA1BO1Q9V.pcm

SwiftExplicitDependencyGeneratePcm x86_64 /Users/yingpengwang/.codex/worktrees/w3-conversations/creator-platform/tmp/w3-resume-20261001/ios-derived/ModuleCache.noindex/Spatial-24IB0B03J4ALD40DUTYM3Y6RJ.pcm

SwiftExplicitDependencyGeneratePcm x86_64 /Users/yingpengwang/.codex/worktrees/w3-conversations/creator-platform/tmp/w3-resume-20261001/ios-derived/ModuleCache.noindex/Security-A3DDXK8VEWQJXB97UU5ZD29X4.pcm

SwiftExplicitDependencyGeneratePcm x86_64 /Users/yingpengwang/.codex/worktrees/w3-conversations/creator-platform/tmp/w3-resume-20261001/ios-derived/ModuleCache.noindex/ImageIO-7MGLW5L8FPPOV8MOBCXXZMST1.pcm

SwiftExplicitDependencyGeneratePcm x86_64 /Users/yingpengwang/.codex/worktrees/w3-conversations/creator-platform/tmp/w3-resume-20261001/ios-derived/ModuleCache.noindex/dnssd-BTD2LIZAKUI58AEUY8AYE2AGP.pcm

SwiftExplicitDependencyGeneratePcm x86_64 /Users/yingpengwang/.codex/worktrees/w3-conversations/creator-platform/tmp/w3-resume-20261001/ios-derived/ModuleCache.noindex/CFNetwork-1D0OJN2G7ZUO4PFGFO5N02HE7.pcm

SwiftExplicitDependencyGeneratePcm x86_64 /Users/yingpengwang/.codex/worktrees/w3-conversations/creator-platform/tmp/w3-resume-20261001/ios-derived/ModuleCache.noindex/CoreText-94YF191FVRYIT6Y01SLOFJZAS.pcm

SwiftExplicitDependencyGeneratePcm x86_64 /Users/yingpengwang/.codex/worktrees/w3-conversations/creator-platform/tmp/w3-resume-20261001/ios-derived/ModuleCache.noindex/Foundation-9P9FFR2F2FL5QC56ZNNLF4AE0.pcm

SwiftExplicitDependencyGeneratePcm x86_64 /Users/yingpengwang/.codex/worktrees/w3-conversations/creator-platform/tmp/w3-resume-20261001/ios-derived/ModuleCache.noindex/CallKit-BGVT9MIHU7DUZTSMX4JSBCURF.pcm

SwiftExplicitDependencyGeneratePcm x86_64 /Users/yingpengwang/.codex/worktrees/w3-conversations/creator-platform/tmp/w3-resume-20261001/ios-derived/ModuleCache.noindex/CoreTransferable-AFAHQPL6SNSO8TXWVGGXCB186.pcm

SwiftExplicitDependencyGeneratePcm x86_64 /Users/yingpengwang/.codex/worktrees/w3-conversations/creator-platform/tmp/w3-resume-20261001/ios-derived/ModuleCache.noindex/FileProvider-6GROO3YW97KEHB4N4D96ED026.pcm

SwiftExplicitDependencyGeneratePcm x86_64 /Users/yingpengwang/.codex/worktrees/w3-conversations/creator-platform/tmp/w3-resume-20261001/ios-derived/ModuleCache.noindex/LocalAuthentication-54K02UAGFYVHKZ39OOS3LNET5.pcm

SwiftExplicitDependencyGeneratePcm x86_64 /Users/yingpengwang/.codex/worktrees/w3-conversations/creator-platform/tmp/w3-resume-20261001/ios-derived/ModuleCache.noindex/Accessibility-63HQC13NXOBZ7LZFSMDJ74WSA.pcm

SwiftExplicitDependencyGeneratePcm x86_64 /Users/yingpengwang/.codex/worktrees/w3-conversations/creator-platform/tmp/w3-resume-20261001/ios-derived/ModuleCache.noindex/OpenGLES-1KBUMGWB90CD4MNCP74YBFRJX.pcm

SwiftExplicitDependencyGeneratePcm x86_64 /Users/yingpengwang/.codex/worktrees/w3-conversations/creator-platform/tmp/w3-resume-20261001/ios-derived/ModuleCache.noindex/UserNotifications-8SM5Z1EX2XBN71K5TWTVC9SVF.pcm

SwiftExplicitDependencyGeneratePcm x86_64 /Users/yingpengwang/.codex/worktrees/w3-conversations/creator-platform/tmp/w3-resume-20261001/ios-derived/ModuleCache.noindex/CoreMIDI-BRZ7XZZWI3KSBZM61Q4BPON3C.pcm

SwiftExplicitDependencyGeneratePcm x86_64 /Users/yingpengwang/.codex/worktrees/w3-conversations/creator-platform/tmp/w3-resume-20261001/ios-derived/ModuleCache.noindex/DataDetection-B6IIFC27K4DM5X4QJFIGUGEYB.pcm

SwiftExplicitDependencyGeneratePcm x86_64 /Users/yingpengwang/.codex/worktrees/w3-conversations/creator-platform/tmp/w3-resume-20261001/ios-derived/ModuleCache.noindex/IOSurface-CLKTYZT55511W7EID96AIR2VD.pcm

SwiftExplicitDependencyGeneratePcm x86_64 /Users/yingpengwang/.codex/worktrees/w3-conversations/creator-platform/tmp/w3-resume-20261001/ios-derived/ModuleCache.noindex/OSLog-26HYX9V77TFIVWKTVXXF12U6R.pcm

SwiftExplicitDependencyGeneratePcm x86_64 /Users/yingpengwang/.codex/worktrees/w3-conversations/creator-platform/tmp/w3-resume-20261001/ios-derived/ModuleCache.noindex/UniformTypeIdentifiers-5AO39MNB2EM15MMBM70HJQS2T.pcm

SwiftExplicitDependencyGeneratePcm x86_64 /Users/yingpengwang/.codex/worktrees/w3-conversations/creator-platform/tmp/w3-resume-20261001/ios-derived/ModuleCache.noindex/UIUtilities-7AQJO1JSIA7V1YPB14Y8L57AB.pcm

SwiftExplicitDependencyGeneratePcm x86_64 /Users/yingpengwang/.codex/worktrees/w3-conversations/creator-platform/tmp/w3-resume-20261001/ios-derived/ModuleCache.noindex/CoreData-A4RF7WZ13TDRP3T1Z6ESGA5VM.pcm

SwiftExplicitDependencyGeneratePcm x86_64 /Users/yingpengwang/.codex/worktrees/w3-conversations/creator-platform/tmp/w3-resume-20261001/ios-derived/ModuleCache.noindex/Network-3GLK412OFOU1JUW4MV6XOT9M6.pcm

SwiftExplicitDependencyGeneratePcm x86_64 /Users/yingpengwang/.codex/worktrees/w3-conversations/creator-platform/tmp/w3-resume-20261001/ios-derived/ModuleCache.noindex/Symbols-7QKGPA4P062P8VWCXYMBSVDOG.pcm

SwiftExplicitDependencyGeneratePcm x86_64 /Users/yingpengwang/.codex/worktrees/w3-conversations/creator-platform/tmp/w3-resume-20261001/ios-derived/ModuleCache.noindex/AVRouting-D1MRENOHEXSNTHCGKDZ5JTM8N.pcm

SwiftExplicitDependencyGeneratePcm x86_64 /Users/yingpengwang/.codex/worktrees/w3-conversations/creator-platform/tmp/w3-resume-20261001/ios-derived/ModuleCache.noindex/AudioToolbox-53XJPVL8XKMN9CQGINRMAI7B4.pcm

SwiftExplicitDependencyGeneratePcm x86_64 /Users/yingpengwang/.codex/worktrees/w3-conversations/creator-platform/tmp/w3-resume-20261001/ios-derived/ModuleCache.noindex/BackgroundAssets-4PVX2C8ZJCGRVY2A4JJ0FC3MO.pcm

SwiftExplicitDependencyGeneratePcm x86_64 /Users/yingpengwang/.codex/worktrees/w3-conversations/creator-platform/tmp/w3-resume-20261001/ios-derived/ModuleCache.noindex/Metal-CCQR8BELP67WENTQVO8YEA9CX.pcm

SwiftExplicitDependencyGeneratePcm x86_64 /Users/yingpengwang/.codex/worktrees/w3-conversations/creator-platform/tmp/w3-resume-20261001/ios-derived/ModuleCache.noindex/CoreVideo-CX35ZIDIRXF1M8H1RWOOY932Y.pcm

SwiftExplicitDependencyGeneratePcm x86_64 /Users/yingpengwang/.codex/worktrees/w3-conversations/creator-platform/tmp/w3-resume-20261001/ios-derived/ModuleCache.noindex/CoreImage-3AQ6C5G5G4M7H1HTJ2PPN21OP.pcm

SwiftExplicitDependencyGeneratePcm x86_64 /Users/yingpengwang/.codex/worktrees/w3-conversations/creator-platform/tmp/w3-resume-20261001/ios-derived/ModuleCache.noindex/QuartzCore-524F9KSO7IYKWX0E0G1NJJFZQ.pcm

SwiftExplicitDependencyGeneratePcm x86_64 /Users/yingpengwang/.codex/worktrees/w3-conversations/creator-platform/tmp/w3-resume-20261001/ios-derived/ModuleCache.noindex/CoreMedia-4P479HMIEDLAKTGSTPJ7Z6F56.pcm

SwiftExplicitDependencyGeneratePcm x86_64 /Users/yingpengwang/.codex/worktrees/w3-conversations/creator-platform/tmp/w3-resume-20261001/ios-derived/ModuleCache.noindex/SwiftUICore-9BOORQODL7G674Q0D3Y37JB01.pcm

SwiftExplicitDependencyGeneratePcm x86_64 /Users/yingpengwang/.codex/worktrees/w3-conversations/creator-platform/tmp/w3-resume-20261001/ios-derived/ModuleCache.noindex/UIKit-95NGMX5UVBATJAHBO837PLMM5.pcm

SwiftExplicitDependencyGeneratePcm x86_64 /Users/yingpengwang/.codex/worktrees/w3-conversations/creator-platform/tmp/w3-resume-20261001/ios-derived/ModuleCache.noindex/AVFAudio-9GTAA1UWE2X4VGG3N8RA1ZKFV.pcm

SwiftExplicitDependencyGeneratePcm x86_64 /Users/yingpengwang/.codex/worktrees/w3-conversations/creator-platform/tmp/w3-resume-20261001/ios-derived/ModuleCache.noindex/MediaToolbox-1V0JRF9W3BZHWBEII3YR1Q2K0.pcm

SwiftExplicitDependencyGeneratePcm x86_64 /Users/yingpengwang/.codex/worktrees/w3-conversations/creator-platform/tmp/w3-resume-20261001/ios-derived/ModuleCache.noindex/AVFoundation-39F7Y9Y120WFDGFUBH4LPKQ9T.pcm

SwiftExplicitDependencyGeneratePcm x86_64 /Users/yingpengwang/.codex/worktrees/w3-conversations/creator-platform/tmp/w3-resume-20261001/ios-derived/ModuleCache.noindex/AuthenticationServices-26I35DIBULCRKZVG7Z7M5ZTQF.pcm

SwiftExplicitDependencyGeneratePcm x86_64 /Users/yingpengwang/.codex/worktrees/w3-conversations/creator-platform/tmp/w3-resume-20261001/ios-derived/ModuleCache.noindex/SwiftUI-1UQX1Q8NWC0Q3MBWB0TSZUUDH.pcm

SwiftExplicitDependencyGeneratePcm x86_64 /Users/yingpengwang/.codex/worktrees/w3-conversations/creator-platform/tmp/w3-resume-20261001/ios-derived/ModuleCache.noindex/StoreKit-AOS1AJAGCVAHZMUWYI75JMBWG.pcm

SwiftEmitModule normal x86_64 Emitting\ module\ for\ QelvoraUI (in target 'QelvoraUI' from project 'QelvoraNative')

EmitSwiftModule normal x86_64 (in target 'QelvoraUI' from project 'QelvoraNative')
    cd /Users/yingpengwang/.codex/worktrees/w3-conversations/creator-platform/apps/ios/QelvoraApp.xcodeproj
    
/Users/yingpengwang/.codex/worktrees/w3-conversations/creator-platform/apps/ios/Sources/QelvoraUI/Trust.swift:23:93: warning: no 'async' operations occur within 'await' expression
    public init(baseURL: URL, token: @escaping @Sendable () async throws -> String? = { try await SecureSessionStorage().read() }) { self.baseURL = baseURL; self.token = token }
                                                                                            ^
/Users/yingpengwang/.codex/worktrees/w3-conversations/creator-platform/apps/ios/Sources/QelvoraUI/Trust.swift:76:128: warning: no 'async' operations occur within 'await' expression
    public init(baseURL: URL?, destination: String = "/support", token: @escaping @Sendable () async throws -> String? = { try await SecureSessionStorage().read() }) {
                                                                                                                               ^

SwiftCompile normal x86_64 Compiling\ DeliveryProtocol.swift,\ FanShell.swift,\ Glyph.swift /Users/yingpengwang/.codex/worktrees/w3-conversations/creator-platform/apps/ios/Sources/QelvoraUI/DeliveryProtocol.swift /Users/yingpengwang/.codex/worktrees/w3-conversations/creator-platform/apps/ios/Sources/QelvoraUI/FanShell.swift /Users/yingpengwang/.codex/worktrees/w3-conversations/creator-platform/apps/ios/Sources/QelvoraUI/Glyph.swift (in target 'QelvoraUI' from project 'QelvoraNative')
SwiftCompile normal x86_64 /Users/yingpengwang/.codex/worktrees/w3-conversations/creator-platform/apps/ios/Sources/QelvoraUI/DeliveryProtocol.swift (in target 'QelvoraUI' from project 'QelvoraNative')
    cd /Users/yingpengwang/.codex/worktrees/w3-conversations/creator-platform/apps/ios/QelvoraApp.xcodeproj
    

SwiftCompile normal x86_64 /Users/yingpengwang/.codex/worktrees/w3-conversations/creator-platform/apps/ios/Sources/QelvoraUI/FanShell.swift (in target 'QelvoraUI' from project 'QelvoraNative')
    cd /Users/yingpengwang/.codex/worktrees/w3-conversations/creator-platform/apps/ios/QelvoraApp.xcodeproj
    

SwiftCompile normal x86_64 /Users/yingpengwang/.codex/worktrees/w3-conversations/creator-platform/apps/ios/Sources/QelvoraUI/Glyph.swift (in target 'QelvoraUI' from project 'QelvoraNative')
    cd /Users/yingpengwang/.codex/worktrees/w3-conversations/creator-platform/apps/ios/QelvoraApp.xcodeproj
    

SwiftCompile normal x86_64 Compiling\ Overlays.swift,\ PasskeyCeremony.swift /Users/yingpengwang/.codex/worktrees/w3-conversations/creator-platform/apps/ios/Sources/QelvoraUI/Overlays.swift /Users/yingpengwang/.codex/worktrees/w3-conversations/creator-platform/apps/ios/Sources/QelvoraUI/PasskeyCeremony.swift (in target 'QelvoraUI' from project 'QelvoraNative')
SwiftCompile normal x86_64 /Users/yingpengwang/.codex/worktrees/w3-conversations/creator-platform/apps/ios/Sources/QelvoraUI/Overlays.swift (in target 'QelvoraUI' from project 'QelvoraNative')
    cd /Users/yingpengwang/.codex/worktrees/w3-conversations/creator-platform/apps/ios/QelvoraApp.xcodeproj
    
/Users/yingpengwang/.codex/worktrees/w3-conversations/creator-platform/apps/ios/Sources/QelvoraUI/Overlays.swift:331:21: warning: call to main actor-isolated static method 'post(notification:argument:)' in a synchronous nonisolated context
    UIAccessibility.post(notification: .announcement, argument: text)
                    ^
/Applications/Xcode.app/Contents/Developer/Platforms/iPhoneSimulator.platform/Developer/SDKs/iPhoneSimulator26.5.sdk/System/Library/Frameworks/UIKit.framework/Headers/UIAccessibility.h:521:19: note: calls to static method 'post(notification:argument:)' from outside of its actor context are implicitly asynchronous
UIKIT_EXTERN void UIAccessibilityPostNotification(UIAccessibilityNotifications notification, __nullable id argument) API_UNAVAILABLE(watchos) NS_SWIFT_UI_ACTOR;
                  ^
/Users/yingpengwang/.codex/worktrees/w3-conversations/creator-platform/apps/ios/Sources/QelvoraUI/Overlays.swift:329:14: note: add '@MainActor' to make global function 'announce' part of global actor 'MainActor'
private func announce(_ text: String) {
             ^
@MainActor 

SwiftCompile normal x86_64 /Users/yingpengwang/.codex/worktrees/w3-conversations/creator-platform/apps/ios/Sources/QelvoraUI/PasskeyCeremony.swift (in target 'QelvoraUI' from project 'QelvoraNative')
    cd /Users/yingpengwang/.codex/worktrees/w3-conversations/creator-platform/apps/ios/QelvoraApp.xcodeproj
    

SwiftDriverJobDiscovery normal x86_64 Emitting module for QelvoraUI (in target 'QelvoraUI' from project 'QelvoraNative')

SwiftDriver\ Compilation\ Requirements QelvoraUI normal x86_64 com.apple.xcode.tools.swift.compiler (in target 'QelvoraUI' from project 'QelvoraNative')
    cd /Users/yingpengwang/.codex/worktrees/w3-conversations/creator-platform/apps/ios/QelvoraApp.xcodeproj
    builtin-Swift-Compilation-Requirements -- /Applications/Xcode.app/Contents/Developer/Toolchains/XcodeDefault.xctoolchain/usr/bin/swiftc -module-name QelvoraUI -Onone @/Users/yingpengwang/.codex/worktrees/w3-conversations/creator-platform/tmp/w3-resume-20261001/ios-derived/Build/Intermediates.noindex/QelvoraNative.build/Debug-iphonesimulator/QelvoraUI.build/Objects-normal/x86_64/QelvoraUI.SwiftFileList -DSWIFT_PACKAGE -DDEBUG -DSWIFT_MODULE_RESOURCE_BUNDLE_AVAILABLE -DXcode -plugin-path /Applications/Xcode.app/Contents/Developer/Toolchains/XcodeDefault.xctoolchain/usr/lib/swift/host/plugins/testing -enable-experimental-feature DebugDescriptionMacro -sdk /Applications/Xcode.app/Contents/Developer/Platforms/iPhoneSimulator.platform/Developer/SDKs/iPhoneSimulator26.5.sdk -target x86_64-apple-ios17.0-simulator -g -module-cache-path /Users/yingpengwang/.codex/worktrees/w3-conversations/creator-platform/tmp/w3-resume-20261001/ios-derived/ModuleCache.noindex -Xfrontend -serialize-debugging-options -enable-testing -index-store-path /Users/yingpengwang/.codex/worktrees/w3-conversations/creator-platform/tmp/w3-resume-20261001/ios-derived/Index.noindex/DataStore -Xcc -D_LIBCPP_HARDENING_MODE\=_LIBCPP_HARDENING_MODE_DEBUG -swift-version 6 -I /Users/yingpengwang/.codex/worktrees/w3-conversations/creator-platform/tmp/w3-resume-20261001/ios-derived/Build/Products/Debug-iphonesimulator -Isystem /Applications/Xcode.app/Contents/Developer/Platforms/iPhoneSimulator.platform/Developer/usr/lib -F /Users/yingpengwang/.codex/worktrees/w3-conversations/creator-platform/tmp/w3-resume-20261001/ios-derived/Build/Products/Debug-iphonesimulator -F /Applications/Xcode.app/Contents/Developer/Platforms/iPhoneSimulator.platform/Developer/Library/Frameworks -F /Applications/Xcode.app/Contents/Developer/Platforms/iPhoneSimulator.platform/Developer/SDKs/iPhoneSimulator26.5.sdk/Developer/Library/Frameworks -c -j16 -enable-batch-mode -incremental -Xcc -ivfsstatcache -Xcc /Users/yingpengwang/.codex/worktrees/w3-conversations/creator-platform/tmp/w3-resume-20261001/ios-derived/SDKStatCaches.noindex/iphonesimulator26.5-23F73-6cfe768891a92b912361537c460fe42b.sdkstatcache -output-file-map /Users/yingpengwang/.codex/worktrees/w3-conversations/creator-platform/tmp/w3-resume-20261001/ios-derived/Build/Intermediates.noindex/QelvoraNative.build/Debug-iphonesimulator/QelvoraUI.build/Objects-normal/x86_64/QelvoraUI-OutputFileMap.json -use-frontend-parseable-output -save-temps -no-color-diagnostics -explicit-module-build -module-cache-path /Users/yingpengwang/.codex/worktrees/w3-conversations/creator-platform/tmp/w3-resume-20261001/ios-derived/Build/Intermediates.noindex/SwiftExplicitPrecompiledModules -clang-scanner-module-cache-path /Users/yingpengwang/.codex/worktrees/w3-conversations/creator-platform/tmp/w3-resume-20261001/ios-derived/ModuleCache.noindex -sdk-module-cache-path /Users/yingpengwang/.codex/worktrees/w3-conversations/creator-platform/tmp/w3-resume-20261001/ios-derived/ModuleCache.noindex -serialize-diagnostics -emit-dependencies -emit-module -emit-module-path /Users/yingpengwang/.codex/worktrees/w3-conversations/creator-platform/tmp/w3-resume-20261001/ios-derived/Build/Intermediates.noindex/QelvoraNative.build/Debug-iphonesimulator/QelvoraUI.build/Objects-normal/x86_64/QelvoraUI.swiftmodule -validate-clang-modules-once -clang-build-session-file /Users/yingpengwang/.codex/worktrees/w3-conversations/creator-platform/tmp/w3-resume-20261001/ios-derived/ModuleCache.noindex/Session.modulevalidation -package-name ios -Xcc -I/Users/yingpengwang/.codex/worktrees/w3-conversations/creator-platform/tmp/w3-resume-20261001/ios-derived/Build/Intermediates.noindex/QelvoraNative.build/Debug-iphonesimulator/QelvoraUI.build/swift-overrides.hmap -emit-const-values -Xfrontend -const-gather-protocols-file -Xfrontend /Users/yingpengwang/.codex/worktrees/w3-conversations/creator-platform/tmp/w3-resume-20261001/ios-derived/Build/Intermediates.noindex/QelvoraNative.build/Debug-iphonesimulator/QelvoraUI.build/Objects-normal/x86_64/QelvoraUI_const_extract_protocols.json -Xcc -I/Users/yingpengwang/.codex/worktrees/w3-conversations/creator-platform/tmp/w3-resume-20261001/ios-derived/Build/Products/Debug-iphonesimulator/include -Xcc -I/Users/yingpengwang/.codex/worktrees/w3-conversations/creator-platform/tmp/w3-resume-20261001/ios-derived/Build/Intermediates.noindex/QelvoraNative.build/Debug-iphonesimulator/QelvoraUI.build/DerivedSources-normal/x86_64 -Xcc -I/Users/yingpengwang/.codex/worktrees/w3-conversations/creator-platform/tmp/w3-resume-20261001/ios-derived/Build/Intermediates.noindex/QelvoraNative.build/Debug-iphonesimulator/QelvoraUI.build/DerivedSources/x86_64 -Xcc -I/Users/yingpengwang/.codex/worktrees/w3-conversations/creator-platform/tmp/w3-resume-20261001/ios-derived/Build/Intermediates.noindex/QelvoraNative.build/Debug-iphonesimulator/QelvoraUI.build/DerivedSources -Xcc -DSWIFT_PACKAGE -Xcc -DDEBUG\=1 -emit-objc-header -emit-objc-header-path /Users/yingpengwang/.codex/worktrees/w3-conversations/creator-platform/tmp/w3-resume-20261001/ios-derived/Build/Intermediates.noindex/QelvoraNative.build/Debug-iphonesimulator/QelvoraUI.build/Objects-normal/x86_64/QelvoraUI-Swift.h -working-directory /Users/yingpengwang/.codex/worktrees/w3-conversations/creator-platform/apps/ios/QelvoraApp.xcodeproj -experimental-emit-module-separately -disable-cmo

SwiftDriverJobDiscovery normal x86_64 Compiling DeliveryProtocol.swift, FanShell.swift, Glyph.swift (in target 'QelvoraUI' from project 'QelvoraNative')

SwiftCompile normal x86_64 Compiling\ NativeMediaClient.swift,\ NativeVoiceRecorder.swift /Users/yingpengwang/.codex/worktrees/w3-conversations/creator-platform/apps/ios/Sources/QelvoraUI/Media/NativeMediaClient.swift /Users/yingpengwang/.codex/worktrees/w3-conversations/creator-platform/apps/ios/Sources/QelvoraUI/Media/NativeVoiceRecorder.swift (in target 'QelvoraUI' from project 'QelvoraNative')
SwiftCompile normal x86_64 /Users/yingpengwang/.codex/worktrees/w3-conversations/creator-platform/apps/ios/Sources/QelvoraUI/Media/NativeMediaClient.swift (in target 'QelvoraUI' from project 'QelvoraNative')
    cd /Users/yingpengwang/.codex/worktrees/w3-conversations/creator-platform/apps/ios/QelvoraApp.xcodeproj
    

SwiftCompile normal x86_64 /Users/yingpengwang/.codex/worktrees/w3-conversations/creator-platform/apps/ios/Sources/QelvoraUI/Media/NativeVoiceRecorder.swift (in target 'QelvoraUI' from project 'QelvoraNative')
    cd /Users/yingpengwang/.codex/worktrees/w3-conversations/creator-platform/apps/ios/QelvoraApp.xcodeproj
    

SwiftMergeGeneratedHeaders /Users/yingpengwang/.codex/worktrees/w3-conversations/creator-platform/tmp/w3-resume-20261001/ios-derived/Build/Intermediates.noindex/GeneratedModuleMaps-iphonesimulator/QelvoraUI-Swift.h /Users/yingpengwang/.codex/worktrees/w3-conversations/creator-platform/tmp/w3-resume-20261001/ios-derived/Build/Intermediates.noindex/QelvoraNative.build/Debug-iphonesimulator/QelvoraUI.build/Objects-normal/x86_64/QelvoraUI-Swift.h (in target 'QelvoraUI' from project 'QelvoraNative')
    cd /Users/yingpengwang/.codex/worktrees/w3-conversations/creator-platform/apps/ios
    builtin-swiftHeaderTool -arch x86_64 /Users/yingpengwang/.codex/worktrees/w3-conversations/creator-platform/tmp/w3-resume-20261001/ios-derived/Build/Intermediates.noindex/QelvoraNative.build/Debug-iphonesimulator/QelvoraUI.build/Objects-normal/x86_64/QelvoraUI-Swift.h -o /Users/yingpengwang/.codex/worktrees/w3-conversations/creator-platform/tmp/w3-resume-20261001/ios-derived/Build/Intermediates.noindex/GeneratedModuleMaps-iphonesimulator/QelvoraUI-Swift.h

SwiftDriverJobDiscovery normal x86_64 Compiling Overlays.swift, PasskeyCeremony.swift (in target 'QelvoraUI' from project 'QelvoraNative')

Copy /Users/yingpengwang/.codex/worktrees/w3-conversations/creator-platform/tmp/w3-resume-20261001/ios-derived/Build/Products/Debug-iphonesimulator/QelvoraUI.swiftmodule/x86_64-apple-ios-simulator.swiftmodule /Users/yingpengwang/.codex/worktrees/w3-conversations/creator-platform/tmp/w3-resume-20261001/ios-derived/Build/Intermediates.noindex/QelvoraNative.build/Debug-iphonesimulator/QelvoraUI.build/Objects-normal/x86_64/QelvoraUI.swiftmodule (in target 'QelvoraUI' from project 'QelvoraNative')
    cd /Users/yingpengwang/.codex/worktrees/w3-conversations/creator-platform/apps/ios
    builtin-copy -exclude .DS_Store -exclude CVS -exclude .svn -exclude .git -exclude .hg -resolve-src-symlinks -rename /Users/yingpengwang/.codex/worktrees/w3-conversations/creator-platform/tmp/w3-resume-20261001/ios-derived/Build/Intermediates.noindex/QelvoraNative.build/Debug-iphonesimulator/QelvoraUI.build/Objects-normal/x86_64/QelvoraUI.swiftmodule /Users/yingpengwang/.codex/worktrees/w3-conversations/creator-platform/tmp/w3-resume-20261001/ios-derived/Build/Products/Debug-iphonesimulator/QelvoraUI.swiftmodule/x86_64-apple-ios-simulator.swiftmodule

Copy /Users/yingpengwang/.codex/worktrees/w3-conversations/creator-platform/tmp/w3-resume-20261001/ios-derived/Build/Products/Debug-iphonesimulator/QelvoraUI.swiftmodule/x86_64-apple-ios-simulator.swiftdoc /Users/yingpengwang/.codex/worktrees/w3-conversations/creator-platform/tmp/w3-resume-20261001/ios-derived/Build/Intermediates.noindex/QelvoraNative.build/Debug-iphonesimulator/QelvoraUI.build/Objects-normal/x86_64/QelvoraUI.swiftdoc (in target 'QelvoraUI' from project 'QelvoraNative')
    cd /Users/yingpengwang/.codex/worktrees/w3-conversations/creator-platform/apps/ios
    builtin-copy -exclude .DS_Store -exclude CVS -exclude .svn -exclude .git -exclude .hg -resolve-src-symlinks -rename /Users/yingpengwang/.codex/worktrees/w3-conversations/creator-platform/tmp/w3-resume-20261001/ios-derived/Build/Intermediates.noindex/QelvoraNative.build/Debug-iphonesimulator/QelvoraUI.build/Objects-normal/x86_64/QelvoraUI.swiftdoc /Users/yingpengwang/.codex/worktrees/w3-conversations/creator-platform/tmp/w3-resume-20261001/ios-derived/Build/Products/Debug-iphonesimulator/QelvoraUI.swiftmodule/x86_64-apple-ios-simulator.swiftdoc

Copy /Users/yingpengwang/.codex/worktrees/w3-conversations/creator-platform/tmp/w3-resume-20261001/ios-derived/Build/Products/Debug-iphonesimulator/QelvoraUI.swiftmodule/x86_64-apple-ios-simulator.abi.json /Users/yingpengwang/.codex/worktrees/w3-conversations/creator-platform/tmp/w3-resume-20261001/ios-derived/Build/Intermediates.noindex/QelvoraNative.build/Debug-iphonesimulator/QelvoraUI.build/Objects-normal/x86_64/QelvoraUI.abi.json (in target 'QelvoraUI' from project 'QelvoraNative')
    cd /Users/yingpengwang/.codex/worktrees/w3-conversations/creator-platform/apps/ios
    builtin-copy -exclude .DS_Store -exclude CVS -exclude .svn -exclude .git -exclude .hg -resolve-src-symlinks -rename /Users/yingpengwang/.codex/worktrees/w3-conversations/creator-platform/tmp/w3-resume-20261001/ios-derived/Build/Intermediates.noindex/QelvoraNative.build/Debug-iphonesimulator/QelvoraUI.build/Objects-normal/x86_64/QelvoraUI.abi.json /Users/yingpengwang/.codex/worktrees/w3-conversations/creator-platform/tmp/w3-resume-20261001/ios-derived/Build/Products/Debug-iphonesimulator/QelvoraUI.swiftmodule/x86_64-apple-ios-simulator.abi.json

Copy /Users/yingpengwang/.codex/worktrees/w3-conversations/creator-platform/tmp/w3-resume-20261001/ios-derived/Build/Products/Debug-iphonesimulator/QelvoraUI.swiftmodule/Project/x86_64-apple-ios-simulator.swiftsourceinfo /Users/yingpengwang/.codex/worktrees/w3-conversations/creator-platform/tmp/w3-resume-20261001/ios-derived/Build/Intermediates.noindex/QelvoraNative.build/Debug-iphonesimulator/QelvoraUI.build/Objects-normal/x86_64/QelvoraUI.swiftsourceinfo (in target 'QelvoraUI' from project 'QelvoraNative')
    cd /Users/yingpengwang/.codex/worktrees/w3-conversations/creator-platform/apps/ios
    builtin-copy -exclude .DS_Store -exclude CVS -exclude .svn -exclude .git -exclude .hg -resolve-src-symlinks -rename /Users/yingpengwang/.codex/worktrees/w3-conversations/creator-platform/tmp/w3-resume-20261001/ios-derived/Build/Intermediates.noindex/QelvoraNative.build/Debug-iphonesimulator/QelvoraUI.build/Objects-normal/x86_64/QelvoraUI.swiftsourceinfo /Users/yingpengwang/.codex/worktrees/w3-conversations/creator-platform/tmp/w3-resume-20261001/ios-derived/Build/Products/Debug-iphonesimulator/QelvoraUI.swiftmodule/Project/x86_64-apple-ios-simulator.swiftsourceinfo

SwiftCompile normal x86_64 Compiling\ W6FanFeatures.swift,\ Navigation.swift /Users/yingpengwang/.codex/worktrees/w3-conversations/creator-platform/apps/ios/Sources/QelvoraUI/Media/W6FanFeatures.swift /Users/yingpengwang/.codex/worktrees/w3-conversations/creator-platform/apps/ios/Sources/QelvoraUI/Navigation.swift (in target 'QelvoraUI' from project 'QelvoraNative')

SwiftCompile normal x86_64 /Users/yingpengwang/.codex/worktrees/w3-conversations/creator-platform/apps/ios/Sources/QelvoraUI/Media/W6FanFeatures.swift (in target 'QelvoraUI' from project 'QelvoraNative')
    cd /Users/yingpengwang/.codex/worktrees/w3-conversations/creator-platform/apps/ios/QelvoraApp.xcodeproj
    

SwiftCompile normal x86_64 /Users/yingpengwang/.codex/worktrees/w3-conversations/creator-platform/apps/ios/Sources/QelvoraUI/Navigation.swift (in target 'QelvoraUI' from project 'QelvoraNative')
    cd /Users/yingpengwang/.codex/worktrees/w3-conversations/creator-platform/apps/ios/QelvoraApp.xcodeproj
    

SwiftDriverJobDiscovery normal x86_64 Compiling W6FanFeatures.swift, Navigation.swift (in target 'QelvoraUI' from project 'QelvoraNative')

SwiftCompile normal x86_64 Compiling\ resource_bundle_accessor.swift,\ QelvoraAPI.swift,\ QelvoraCopy.swift /Users/yingpengwang/.codex/worktrees/w3-conversations/creator-platform/tmp/w3-resume-20261001/ios-derived/Build/Intermediates.noindex/QelvoraNative.build/Debug-iphonesimulator/QelvoraUI.build/DerivedSources/resource_bundle_accessor.swift /Users/yingpengwang/.codex/worktrees/w3-conversations/creator-platform/apps/ios/Sources/Generated/QelvoraAPI.swift /Users/yingpengwang/.codex/worktrees/w3-conversations/creator-platform/apps/ios/Sources/Generated/QelvoraCopy.swift (in target 'QelvoraUI' from project 'QelvoraNative')
SwiftCompile normal x86_64 /Users/yingpengwang/.codex/worktrees/w3-conversations/creator-platform/tmp/w3-resume-20261001/ios-derived/Build/Intermediates.noindex/QelvoraNative.build/Debug-iphonesimulator/QelvoraUI.build/DerivedSources/resource_bundle_accessor.swift (in target 'QelvoraUI' from project 'QelvoraNative')
    cd /Users/yingpengwang/.codex/worktrees/w3-conversations/creator-platform/apps/ios/QelvoraApp.xcodeproj
    

SwiftCompile normal x86_64 /Users/yingpengwang/.codex/worktrees/w3-conversations/creator-platform/apps/ios/Sources/Generated/QelvoraAPI.swift (in target 'QelvoraUI' from project 'QelvoraNative')
    cd /Users/yingpengwang/.codex/worktrees/w3-conversations/creator-platform/apps/ios/QelvoraApp.xcodeproj
    

SwiftCompile normal x86_64 /Users/yingpengwang/.codex/worktrees/w3-conversations/creator-platform/apps/ios/Sources/Generated/QelvoraCopy.swift (in target 'QelvoraUI' from project 'QelvoraNative')
    cd /Users/yingpengwang/.codex/worktrees/w3-conversations/creator-platform/apps/ios/QelvoraApp.xcodeproj
    

SwiftCompile normal x86_64 Compiling\ QelvoraTokens.swift,\ AccessComponents.swift,\ Catalog.swift /Users/yingpengwang/.codex/worktrees/w3-conversations/creator-platform/apps/ios/Sources/Generated/QelvoraTokens.swift /Users/yingpengwang/.codex/worktrees/w3-conversations/creator-platform/apps/ios/Sources/QelvoraUI/AccessComponents.swift /Users/yingpengwang/.codex/worktrees/w3-conversations/creator-platform/apps/ios/Sources/QelvoraUI/Catalog.swift (in target 'QelvoraUI' from project 'QelvoraNative')

SwiftCompile normal x86_64 /Users/yingpengwang/.codex/worktrees/w3-conversations/creator-platform/apps/ios/Sources/Generated/QelvoraTokens.swift (in target 'QelvoraUI' from project 'QelvoraNative')
    cd /Users/yingpengwang/.codex/worktrees/w3-conversations/creator-platform/apps/ios/QelvoraApp.xcodeproj
    

SwiftCompile normal x86_64 /Users/yingpengwang/.codex/worktrees/w3-conversations/creator-platform/apps/ios/Sources/QelvoraUI/AccessComponents.swift (in target 'QelvoraUI' from project 'QelvoraNative')
    cd /Users/yingpengwang/.codex/worktrees/w3-conversations/creator-platform/apps/ios/QelvoraApp.xcodeproj
    

SwiftCompile normal x86_64 /Users/yingpengwang/.codex/worktrees/w3-conversations/creator-platform/apps/ios/Sources/QelvoraUI/Catalog.swift (in target 'QelvoraUI' from project 'QelvoraNative')
    cd /Users/yingpengwang/.codex/worktrees/w3-conversations/creator-platform/apps/ios/QelvoraApp.xcodeproj
    

SwiftDriverJobDiscovery normal x86_64 Compiling NativeMediaClient.swift, NativeVoiceRecorder.swift (in target 'QelvoraUI' from project 'QelvoraNative')

SwiftCompile normal x86_64 Compiling\ Growth.swift,\ GrowthPreferences.swift,\ Identity.swift /Users/yingpengwang/.codex/worktrees/w3-conversations/creator-platform/apps/ios/Sources/QelvoraUI/Growth.swift /Users/yingpengwang/.codex/worktrees/w3-conversations/creator-platform/apps/ios/Sources/QelvoraUI/GrowthPreferences.swift /Users/yingpengwang/.codex/worktrees/w3-conversations/creator-platform/apps/ios/Sources/QelvoraUI/Identity.swift (in target 'QelvoraUI' from project 'QelvoraNative')

SwiftCompile normal x86_64 /Users/yingpengwang/.codex/worktrees/w3-conversations/creator-platform/apps/ios/Sources/QelvoraUI/Growth.swift (in target 'QelvoraUI' from project 'QelvoraNative')
    cd /Users/yingpengwang/.codex/worktrees/w3-conversations/creator-platform/apps/ios/QelvoraApp.xcodeproj
    

SwiftCompile normal x86_64 /Users/yingpengwang/.codex/worktrees/w3-conversations/creator-platform/apps/ios/Sources/QelvoraUI/GrowthPreferences.swift (in target 'QelvoraUI' from project 'QelvoraNative')
    cd /Users/yingpengwang/.codex/worktrees/w3-conversations/creator-platform/apps/ios/QelvoraApp.xcodeproj
    

SwiftCompile normal x86_64 /Users/yingpengwang/.codex/worktrees/w3-conversations/creator-platform/apps/ios/Sources/QelvoraUI/Identity.swift (in target 'QelvoraUI' from project 'QelvoraNative')
    cd /Users/yingpengwang/.codex/worktrees/w3-conversations/creator-platform/apps/ios/QelvoraApp.xcodeproj
    

SwiftDriverJobDiscovery normal x86_64 Compiling QelvoraTokens.swift, AccessComponents.swift, Catalog.swift (in target 'QelvoraUI' from project 'QelvoraNative')

SwiftCompile normal x86_64 Compiling\ Trust.swift,\ Welcome.swift /Users/yingpengwang/.codex/worktrees/w3-conversations/creator-platform/apps/ios/Sources/QelvoraUI/Trust.swift /Users/yingpengwang/.codex/worktrees/w3-conversations/creator-platform/apps/ios/Sources/QelvoraUI/Welcome.swift (in target 'QelvoraUI' from project 'QelvoraNative')

SwiftCompile normal x86_64 /Users/yingpengwang/.codex/worktrees/w3-conversations/creator-platform/apps/ios/Sources/QelvoraUI/Trust.swift (in target 'QelvoraUI' from project 'QelvoraNative')
    cd /Users/yingpengwang/.codex/worktrees/w3-conversations/creator-platform/apps/ios/QelvoraApp.xcodeproj
    
/Users/yingpengwang/.codex/worktrees/w3-conversations/creator-platform/apps/ios/Sources/QelvoraUI/Trust.swift:23:93: warning: no 'async' operations occur within 'await' expression
    public init(baseURL: URL, token: @escaping @Sendable () async throws -> String? = { try await SecureSessionStorage().read() }) { self.baseURL = baseURL; self.token = token }
                                                                                            ^
/Users/yingpengwang/.codex/worktrees/w3-conversations/creator-platform/apps/ios/Sources/QelvoraUI/Trust.swift:76:128: warning: no 'async' operations occur within 'await' expression
    public init(baseURL: URL?, destination: String = "/support", token: @escaping @Sendable () async throws -> String? = { try await SecureSessionStorage().read() }) {
                                                                                                                               ^

SwiftCompile normal x86_64 /Users/yingpengwang/.codex/worktrees/w3-conversations/creator-platform/apps/ios/Sources/QelvoraUI/Welcome.swift (in target 'QelvoraUI' from project 'QelvoraNative')
    cd /Users/yingpengwang/.codex/worktrees/w3-conversations/creator-platform/apps/ios/QelvoraApp.xcodeproj
    

SwiftDriverJobDiscovery normal x86_64 Compiling Growth.swift, GrowthPreferences.swift, Identity.swift (in target 'QelvoraUI' from project 'QelvoraNative')

SwiftCompile normal x86_64 Compiling\ StoreMembershipPane.swift,\ ComponentPreview.swift,\ ContentAttachments.swift /Users/yingpengwang/.codex/worktrees/w3-conversations/creator-platform/apps/ios/Sources/QelvoraUI/Commerce/StoreMembershipPane.swift /Users/yingpengwang/.codex/worktrees/w3-conversations/creator-platform/apps/ios/Sources/QelvoraUI/ComponentPreview.swift /Users/yingpengwang/.codex/worktrees/w3-conversations/creator-platform/apps/ios/Sources/QelvoraUI/Content/ContentAttachments.swift (in target 'QelvoraUI' from project 'QelvoraNative')

SwiftCompile normal x86_64 /Users/yingpengwang/.codex/worktrees/w3-conversations/creator-platform/apps/ios/Sources/QelvoraUI/Commerce/StoreMembershipPane.swift (in target 'QelvoraUI' from project 'QelvoraNative')
    cd /Users/yingpengwang/.codex/worktrees/w3-conversations/creator-platform/apps/ios/QelvoraApp.xcodeproj
    

SwiftCompile normal x86_64 /Users/yingpengwang/.codex/worktrees/w3-conversations/creator-platform/apps/ios/Sources/QelvoraUI/ComponentPreview.swift (in target 'QelvoraUI' from project 'QelvoraNative')
    cd /Users/yingpengwang/.codex/worktrees/w3-conversations/creator-platform/apps/ios/QelvoraApp.xcodeproj
    

SwiftCompile normal x86_64 /Users/yingpengwang/.codex/worktrees/w3-conversations/creator-platform/apps/ios/Sources/QelvoraUI/Content/ContentAttachments.swift (in target 'QelvoraUI' from project 'QelvoraNative')
    cd /Users/yingpengwang/.codex/worktrees/w3-conversations/creator-platform/apps/ios/QelvoraApp.xcodeproj
    

SwiftDriverJobDiscovery normal x86_64 Compiling Trust.swift, Welcome.swift (in target 'QelvoraUI' from project 'QelvoraNative')

SwiftCompile normal x86_64 Compiling\ W3Recording.swift,\ W3ResumeStorage.swift,\ CredentialSettings.swift /Users/yingpengwang/.codex/worktrees/w3-conversations/creator-platform/apps/ios/Sources/QelvoraUI/Conversation/W3Recording.swift /Users/yingpengwang/.codex/worktrees/w3-conversations/creator-platform/apps/ios/Sources/QelvoraUI/Conversation/W3ResumeStorage.swift /Users/yingpengwang/.codex/worktrees/w3-conversations/creator-platform/apps/ios/Sources/QelvoraUI/CredentialSettings.swift (in target 'QelvoraUI' from project 'QelvoraNative')
SwiftCompile normal x86_64 /Users/yingpengwang/.codex/worktrees/w3-conversations/creator-platform/apps/ios/Sources/QelvoraUI/Conversation/W3Recording.swift (in target 'QelvoraUI' from project 'QelvoraNative')
    cd /Users/yingpengwang/.codex/worktrees/w3-conversations/creator-platform/apps/ios/QelvoraApp.xcodeproj
    

SwiftCompile normal x86_64 /Users/yingpengwang/.codex/worktrees/w3-conversations/creator-platform/apps/ios/Sources/QelvoraUI/Conversation/W3ResumeStorage.swift (in target 'QelvoraUI' from project 'QelvoraNative')
    cd /Users/yingpengwang/.codex/worktrees/w3-conversations/creator-platform/apps/ios/QelvoraApp.xcodeproj
    

SwiftCompile normal x86_64 /Users/yingpengwang/.codex/worktrees/w3-conversations/creator-platform/apps/ios/Sources/QelvoraUI/CredentialSettings.swift (in target 'QelvoraUI' from project 'QelvoraNative')
    cd /Users/yingpengwang/.codex/worktrees/w3-conversations/creator-platform/apps/ios/QelvoraApp.xcodeproj
    

SwiftDriverJobDiscovery normal x86_64 Compiling StoreMembershipPane.swift, ComponentPreview.swift, ContentAttachments.swift (in target 'QelvoraUI' from project 'QelvoraNative')

SwiftCompile normal x86_64 Compiling\ W3ConversationClient.swift,\ W3FanFeatures.swift,\ W3Realtime.swift /Users/yingpengwang/.codex/worktrees/w3-conversations/creator-platform/apps/ios/Sources/QelvoraUI/Conversation/W3ConversationClient.swift /Users/yingpengwang/.codex/worktrees/w3-conversations/creator-platform/apps/ios/Sources/QelvoraUI/Conversation/W3FanFeatures.swift /Users/yingpengwang/.codex/worktrees/w3-conversations/creator-platform/apps/ios/Sources/QelvoraUI/Conversation/W3Realtime.swift (in target 'QelvoraUI' from project 'QelvoraNative')
SwiftCompile normal x86_64 /Users/yingpengwang/.codex/worktrees/w3-conversations/creator-platform/apps/ios/Sources/QelvoraUI/Conversation/W3ConversationClient.swift (in target 'QelvoraUI' from project 'QelvoraNative')
    cd /Users/yingpengwang/.codex/worktrees/w3-conversations/creator-platform/apps/ios/QelvoraApp.xcodeproj
    

SwiftCompile normal x86_64 /Users/yingpengwang/.codex/worktrees/w3-conversations/creator-platform/apps/ios/Sources/QelvoraUI/Conversation/W3FanFeatures.swift (in target 'QelvoraUI' from project 'QelvoraNative')
    cd /Users/yingpengwang/.codex/worktrees/w3-conversations/creator-platform/apps/ios/QelvoraApp.xcodeproj
    

SwiftCompile normal x86_64 /Users/yingpengwang/.codex/worktrees/w3-conversations/creator-platform/apps/ios/Sources/QelvoraUI/Conversation/W3Realtime.swift (in target 'QelvoraUI' from project 'QelvoraNative')
    cd /Users/yingpengwang/.codex/worktrees/w3-conversations/creator-platform/apps/ios/QelvoraApp.xcodeproj
    

SwiftDriverJobDiscovery normal x86_64 Compiling resource_bundle_accessor.swift, QelvoraAPI.swift, QelvoraCopy.swift (in target 'QelvoraUI' from project 'QelvoraNative')

SwiftCompile normal x86_64 Compiling\ Theme.swift,\ ThreadComponents.swift /Users/yingpengwang/.codex/worktrees/w3-conversations/creator-platform/apps/ios/Sources/QelvoraUI/Theme.swift /Users/yingpengwang/.codex/worktrees/w3-conversations/creator-platform/apps/ios/Sources/QelvoraUI/ThreadComponents.swift (in target 'QelvoraUI' from project 'QelvoraNative')

SwiftCompile normal x86_64 /Users/yingpengwang/.codex/worktrees/w3-conversations/creator-platform/apps/ios/Sources/QelvoraUI/Theme.swift (in target 'QelvoraUI' from project 'QelvoraNative')
    cd /Users/yingpengwang/.codex/worktrees/w3-conversations/creator-platform/apps/ios/QelvoraApp.xcodeproj
    

SwiftCompile normal x86_64 /Users/yingpengwang/.codex/worktrees/w3-conversations/creator-platform/apps/ios/Sources/QelvoraUI/ThreadComponents.swift (in target 'QelvoraUI' from project 'QelvoraNative')
    cd /Users/yingpengwang/.codex/worktrees/w3-conversations/creator-platform/apps/ios/QelvoraApp.xcodeproj
    

SwiftDriverJobDiscovery normal x86_64 Compiling W3Recording.swift, W3ResumeStorage.swift, CredentialSettings.swift (in target 'QelvoraUI' from project 'QelvoraNative')

SwiftCompile normal x86_64 Compiling\ ContentFeature.swift,\ Controls.swift,\ Conversation.swift /Users/yingpengwang/.codex/worktrees/w3-conversations/creator-platform/apps/ios/Sources/QelvoraUI/Content/ContentFeature.swift /Users/yingpengwang/.codex/worktrees/w3-conversations/creator-platform/apps/ios/Sources/QelvoraUI/Controls.swift /Users/yingpengwang/.codex/worktrees/w3-conversations/creator-platform/apps/ios/Sources/QelvoraUI/Conversation.swift (in target 'QelvoraUI' from project 'QelvoraNative')
SwiftCompile normal x86_64 /Users/yingpengwang/.codex/worktrees/w3-conversations/creator-platform/apps/ios/Sources/QelvoraUI/Content/ContentFeature.swift (in target 'QelvoraUI' from project 'QelvoraNative')
    cd /Users/yingpengwang/.codex/worktrees/w3-conversations/creator-platform/apps/ios/QelvoraApp.xcodeproj
    

SwiftCompile normal x86_64 /Users/yingpengwang/.codex/worktrees/w3-conversations/creator-platform/apps/ios/Sources/QelvoraUI/Controls.swift (in target 'QelvoraUI' from project 'QelvoraNative')
    cd /Users/yingpengwang/.codex/worktrees/w3-conversations/creator-platform/apps/ios/QelvoraApp.xcodeproj
    

SwiftCompile normal x86_64 /Users/yingpengwang/.codex/worktrees/w3-conversations/creator-platform/apps/ios/Sources/QelvoraUI/Conversation.swift (in target 'QelvoraUI' from project 'QelvoraNative')
    cd /Users/yingpengwang/.codex/worktrees/w3-conversations/creator-platform/apps/ios/QelvoraApp.xcodeproj
    

SwiftDriverJobDiscovery normal x86_64 Compiling Theme.swift, ThreadComponents.swift (in target 'QelvoraUI' from project 'QelvoraNative')

SwiftCompile normal x86_64 Compiling\ CommerceClient.swift,\ CommerceFeature.swift,\ StoreMembership.swift /Users/yingpengwang/.codex/worktrees/w3-conversations/creator-platform/apps/ios/Sources/QelvoraUI/Commerce/CommerceClient.swift /Users/yingpengwang/.codex/worktrees/w3-conversations/creator-platform/apps/ios/Sources/QelvoraUI/Commerce/CommerceFeature.swift /Users/yingpengwang/.codex/worktrees/w3-conversations/creator-platform/apps/ios/Sources/QelvoraUI/Commerce/StoreMembership.swift (in target 'QelvoraUI' from project 'QelvoraNative')
SwiftCompile normal x86_64 /Users/yingpengwang/.codex/worktrees/w3-conversations/creator-platform/apps/ios/Sources/QelvoraUI/Commerce/CommerceClient.swift (in target 'QelvoraUI' from project 'QelvoraNative')
    cd /Users/yingpengwang/.codex/worktrees/w3-conversations/creator-platform/apps/ios/QelvoraApp.xcodeproj
    

SwiftCompile normal x86_64 /Users/yingpengwang/.codex/worktrees/w3-conversations/creator-platform/apps/ios/Sources/QelvoraUI/Commerce/CommerceFeature.swift (in target 'QelvoraUI' from project 'QelvoraNative')
    cd /Users/yingpengwang/.codex/worktrees/w3-conversations/creator-platform/apps/ios/QelvoraApp.xcodeproj
    

SwiftCompile normal x86_64 /Users/yingpengwang/.codex/worktrees/w3-conversations/creator-platform/apps/ios/Sources/QelvoraUI/Commerce/StoreMembership.swift (in target 'QelvoraUI' from project 'QelvoraNative')
    cd /Users/yingpengwang/.codex/worktrees/w3-conversations/creator-platform/apps/ios/QelvoraApp.xcodeproj
    

SwiftDriverJobDiscovery normal x86_64 Compiling W3ConversationClient.swift, W3FanFeatures.swift, W3Realtime.swift (in target 'QelvoraUI' from project 'QelvoraNative')

SwiftCompile normal x86_64 Compiling\ NativeCallCoordinator.swift,\ NativeCallOffers.swift,\ NativeCallView.swift /Users/yingpengwang/.codex/worktrees/w3-conversations/creator-platform/apps/ios/Sources/QelvoraUI/Media/NativeCallCoordinator.swift /Users/yingpengwang/.codex/worktrees/w3-conversations/creator-platform/apps/ios/Sources/QelvoraUI/Media/NativeCallOffers.swift /Users/yingpengwang/.codex/worktrees/w3-conversations/creator-platform/apps/ios/Sources/QelvoraUI/Media/NativeCallView.swift (in target 'QelvoraUI' from project 'QelvoraNative')

SwiftCompile normal x86_64 /Users/yingpengwang/.codex/worktrees/w3-conversations/creator-platform/apps/ios/Sources/QelvoraUI/Media/NativeCallCoordinator.swift (in target 'QelvoraUI' from project 'QelvoraNative')
    cd /Users/yingpengwang/.codex/worktrees/w3-conversations/creator-platform/apps/ios/QelvoraApp.xcodeproj
    
/Users/yingpengwang/.codex/worktrees/w3-conversations/creator-platform/apps/ios/Sources/QelvoraUI/Media/NativeCallCoordinator.swift:21:29: warning: 'init(localizedName:)' was deprecated in iOS 14.0
        let configuration = CXProviderConfiguration(localizedName: brandName)
                            ^

SwiftCompile normal x86_64 /Users/yingpengwang/.codex/worktrees/w3-conversations/creator-platform/apps/ios/Sources/QelvoraUI/Media/NativeCallOffers.swift (in target 'QelvoraUI' from project 'QelvoraNative')
    cd /Users/yingpengwang/.codex/worktrees/w3-conversations/creator-platform/apps/ios/QelvoraApp.xcodeproj
    

SwiftCompile normal x86_64 /Users/yingpengwang/.codex/worktrees/w3-conversations/creator-platform/apps/ios/Sources/QelvoraUI/Media/NativeCallView.swift (in target 'QelvoraUI' from project 'QelvoraNative')
    cd /Users/yingpengwang/.codex/worktrees/w3-conversations/creator-platform/apps/ios/QelvoraApp.xcodeproj
    

SwiftDriverJobDiscovery normal x86_64 Compiling ContentFeature.swift, Controls.swift, Conversation.swift (in target 'QelvoraUI' from project 'QelvoraNative')

SwiftCompile normal x86_64 Compiling\ SessionStorage.swift,\ StudioComponents.swift /Users/yingpengwang/.codex/worktrees/w3-conversations/creator-platform/apps/ios/Sources/QelvoraUI/SessionStorage.swift /Users/yingpengwang/.codex/worktrees/w3-conversations/creator-platform/apps/ios/Sources/QelvoraUI/StudioComponents.swift (in target 'QelvoraUI' from project 'QelvoraNative')
SwiftCompile normal x86_64 /Users/yingpengwang/.codex/worktrees/w3-conversations/creator-platform/apps/ios/Sources/QelvoraUI/SessionStorage.swift (in target 'QelvoraUI' from project 'QelvoraNative')
    cd /Users/yingpengwang/.codex/worktrees/w3-conversations/creator-platform/apps/ios/QelvoraApp.xcodeproj
    

SwiftCompile normal x86_64 /Users/yingpengwang/.codex/worktrees/w3-conversations/creator-platform/apps/ios/Sources/QelvoraUI/StudioComponents.swift (in target 'QelvoraUI' from project 'QelvoraNative')
    cd /Users/yingpengwang/.codex/worktrees/w3-conversations/creator-platform/apps/ios/QelvoraApp.xcodeproj
    

SwiftDriverJobDiscovery normal x86_64 Compiling NativeCallCoordinator.swift, NativeCallOffers.swift, NativeCallView.swift (in target 'QelvoraUI' from project 'QelvoraNative')

SwiftDriverJobDiscovery normal x86_64 Compiling CommerceClient.swift, CommerceFeature.swift, StoreMembership.swift (in target 'QelvoraUI' from project 'QelvoraNative')

SwiftDriver QelvoraApp normal x86_64 com.apple.xcode.tools.swift.compiler (in target 'QelvoraApp' from project 'QelvoraApp')
    cd /Users/yingpengwang/.codex/worktrees/w3-conversations/creator-platform/apps/ios
    builtin-SwiftDriver -- /Applications/Xcode.app/Contents/Developer/Toolchains/XcodeDefault.xctoolchain/usr/bin/swiftc -module-name QelvoraApp -Onone @/Users/yingpengwang/.codex/worktrees/w3-conversations/creator-platform/tmp/w3-resume-20261001/ios-derived/Build/Intermediates.noindex/QelvoraApp.build/Debug-iphonesimulator/QelvoraApp.build/Objects-normal/x86_64/QelvoraApp.SwiftFileList -DDEBUG -enable-experimental-feature DebugDescriptionMacro -sdk /Applications/Xcode.app/Contents/Developer/Platforms/iPhoneSimulator.platform/Developer/SDKs/iPhoneSimulator26.5.sdk -target x86_64-apple-ios17.0-simulator -g -module-cache-path /Users/yingpengwang/.codex/worktrees/w3-conversations/creator-platform/tmp/w3-resume-20261001/ios-derived/ModuleCache.noindex -Xfrontend -serialize-debugging-options -enable-testing -index-store-path /Users/yingpengwang/.codex/worktrees/w3-conversations/creator-platform/tmp/w3-resume-20261001/ios-derived/Index.noindex/DataStore -Xcc -D_LIBCPP_HARDENING_MODE\=_LIBCPP_HARDENING_MODE_DEBUG -swift-version 6 -I /Users/yingpengwang/.codex/worktrees/w3-conversations/creator-platform/tmp/w3-resume-20261001/ios-derived/Build/Products/Debug-iphonesimulator -F /Users/yingpengwang/.codex/worktrees/w3-conversations/creator-platform/tmp/w3-resume-20261001/ios-derived/Build/Products/Debug-iphonesimulator/PackageFrameworks -F /Users/yingpengwang/.codex/worktrees/w3-conversations/creator-platform/tmp/w3-resume-20261001/ios-derived/Build/Products/Debug-iphonesimulator -parse-as-library -c -j16 -enable-batch-mode -incremental -Xcc -ivfsstatcache -Xcc /Users/yingpengwang/.codex/worktrees/w3-conversations/creator-platform/tmp/w3-resume-20261001/ios-derived/SDKStatCaches.noindex/iphonesimulator26.5-23F73-6cfe768891a92b912361537c460fe42b.sdkstatcache -output-file-map /Users/yingpengwang/.codex/worktrees/w3-conversations/creator-platform/tmp/w3-resume-20261001/ios-derived/Build/Intermediates.noindex/QelvoraApp.build/Debug-iphonesimulator/QelvoraApp.build/Objects-normal/x86_64/QelvoraApp-OutputFileMap.json -use-frontend-parseable-output -save-temps -no-color-diagnostics -explicit-module-build -module-cache-path /Users/yingpengwang/.codex/worktrees/w3-conversations/creator-platform/tmp/w3-resume-20261001/ios-derived/Build/Intermediates.noindex/SwiftExplicitPrecompiledModules -clang-scanner-module-cache-path /Users/yingpengwang/.codex/worktrees/w3-conversations/creator-platform/tmp/w3-resume-20261001/ios-derived/ModuleCache.noindex -sdk-module-cache-path /Users/yingpengwang/.codex/worktrees/w3-conversations/creator-platform/tmp/w3-resume-20261001/ios-derived/ModuleCache.noindex -serialize-diagnostics -emit-dependencies -emit-module -emit-module-path /Users/yingpengwang/.codex/worktrees/w3-conversations/creator-platform/tmp/w3-resume-20261001/ios-derived/Build/Intermediates.noindex/QelvoraApp.build/Debug-iphonesimulator/QelvoraApp.build/Objects-normal/x86_64/QelvoraApp.swiftmodule -validate-clang-modules-once -clang-build-session-file /Users/yingpengwang/.codex/worktrees/w3-conversations/creator-platform/tmp/w3-resume-20261001/ios-derived/ModuleCache.noindex/Session.modulevalidation -Xcc -I/Users/yingpengwang/.codex/worktrees/w3-conversations/creator-platform/tmp/w3-resume-20261001/ios-derived/Build/Intermediates.noindex/QelvoraApp.build/Debug-iphonesimulator/QelvoraApp.build/swift-overrides.hmap -emit-const-values -Xfrontend -const-gather-protocols-file -Xfrontend /Users/yingpengwang/.codex/worktrees/w3-conversations/creator-platform/tmp/w3-resume-20261001/ios-derived/Build/Intermediates.noindex/QelvoraApp.build/Debug-iphonesimulator/QelvoraApp.build/Objects-normal/x86_64/QelvoraApp_const_extract_protocols.json -Xcc -iquote -Xcc /Users/yingpengwang/.codex/worktrees/w3-conversations/creator-platform/tmp/w3-resume-20261001/ios-derived/Build/Intermediates.noindex/QelvoraApp.build/Debug-iphonesimulator/QelvoraApp.build/QelvoraApp-generated-files.hmap -Xcc -I/Users/yingpengwang/.codex/worktrees/w3-conversations/creator-platform/tmp/w3-resume-20261001/ios-derived/Build/Intermediates.noindex/QelvoraApp.build/Debug-iphonesimulator/QelvoraApp.build/QelvoraApp-own-target-headers.hmap -Xcc -I/Users/yingpengwang/.codex/worktrees/w3-conversations/creator-platform/tmp/w3-resume-20261001/ios-derived/Build/Intermediates.noindex/QelvoraApp.build/Debug-iphonesimulator/QelvoraApp.build/QelvoraApp-all-non-framework-target-headers.hmap -Xcc -ivfsoverlay -Xcc /Users/yingpengwang/.codex/worktrees/w3-conversations/creator-platform/tmp/w3-resume-20261001/ios-derived/Build/Intermediates.noindex/QelvoraApp.build/Debug-iphonesimulator/QelvoraApp-29b244ef777fcfbcbef7f347c6fce175-VFS-iphonesimulator/all-product-headers.yaml -Xcc -iquote -Xcc /Users/yingpengwang/.codex/worktrees/w3-conversations/creator-platform/tmp/w3-resume-20261001/ios-derived/Build/Intermediates.noindex/QelvoraApp.build/Debug-iphonesimulator/QelvoraApp.build/QelvoraApp-project-headers.hmap -Xcc -I/Users/yingpengwang/.codex/worktrees/w3-conversations/creator-platform/tmp/w3-resume-20261001/ios-derived/Build/Products/Debug-iphonesimulator/include -Xcc -I/Users/yingpengwang/.codex/worktrees/w3-conversations/creator-platform/tmp/w3-resume-20261001/ios-derived/Build/Intermediates.noindex/QelvoraApp.build/Debug-iphonesimulator/QelvoraApp.build/DerivedSources-normal/x86_64 -Xcc -I/Users/yingpengwang/.codex/worktrees/w3-conversations/creator-platform/tmp/w3-resume-20261001/ios-derived/Build/Intermediates.noindex/QelvoraApp.build/Debug-iphonesimulator/QelvoraApp.build/DerivedSources/x86_64 -Xcc -I/Users/yingpengwang/.codex/worktrees/w3-conversations/creator-platform/tmp/w3-resume-20261001/ios-derived/Build/Intermediates.noindex/QelvoraApp.build/Debug-iphonesimulator/QelvoraApp.build/DerivedSources -Xcc -DDEBUG\=1 -emit-objc-header -emit-objc-header-path /Users/yingpengwang/.codex/worktrees/w3-conversations/creator-platform/tmp/w3-resume-20261001/ios-derived/Build/Intermediates.noindex/QelvoraApp.build/Debug-iphonesimulator/QelvoraApp.build/Objects-normal/x86_64/QelvoraApp-Swift.h -working-directory /Users/yingpengwang/.codex/worktrees/w3-conversations/creator-platform/apps/ios -experimental-emit-module-separately -disable-cmo

SwiftExplicitDependencyGeneratePcm x86_64 /Users/yingpengwang/.codex/worktrees/w3-conversations/creator-platform/tmp/w3-resume-20261001/ios-derived/ModuleCache.noindex/_AvailabilityInternal-6MVOX0R2N64E420SIP2OSPYPY.pcm

SwiftExplicitDependencyGeneratePcm x86_64 /Users/yingpengwang/.codex/worktrees/w3-conversations/creator-platform/tmp/w3-resume-20261001/ios-derived/ModuleCache.noindex/ptrauth-3P7WQ4EZQXOKGTMEWME8P7LY9.pcm

SwiftExplicitDependencyGeneratePcm x86_64 /Users/yingpengwang/.codex/worktrees/w3-conversations/creator-platform/tmp/w3-resume-20261001/ios-derived/ModuleCache.noindex/_Builtin_stddef-4T0RGVCFQM0MCAW7DMABPRSEL.pcm

SwiftExplicitDependencyGeneratePcm x86_64 /Users/yingpengwang/.codex/worktrees/w3-conversations/creator-platform/tmp/w3-resume-20261001/ios-derived/ModuleCache.noindex/_Builtin_float-29L4ZP9RYXMLHB8FQ4THIQ2GQ.pcm

SwiftExplicitDependencyGeneratePcm x86_64 /Users/yingpengwang/.codex/worktrees/w3-conversations/creator-platform/tmp/w3-resume-20261001/ios-derived/ModuleCache.noindex/DeveloperToolsSupport-D1W3UHOCIPF7928D6TKNMN65K.pcm

SwiftExplicitDependencyGeneratePcm x86_64 /Users/yingpengwang/.codex/worktrees/w3-conversations/creator-platform/tmp/w3-resume-20261001/ios-derived/ModuleCache.noindex/ptrcheck-3DUKDCJ8EFKWL8DMIUMXR43XI.pcm

SwiftExplicitDependencyGeneratePcm x86_64 /Users/yingpengwang/.codex/worktrees/w3-conversations/creator-platform/tmp/w3-resume-20261001/ios-derived/ModuleCache.noindex/_StoreKit_SwiftUI-A9M6TBDSR0YX94PBPF5CIDWFN.pcm

SwiftExplicitDependencyGeneratePcm x86_64 /Users/yingpengwang/.codex/worktrees/w3-conversations/creator-platform/tmp/w3-resume-20261001/ios-derived/ModuleCache.noindex/_DarwinFoundation1-B9EEEABW6QCQNHK03TTTCPVSC.pcm

SwiftExplicitDependencyGeneratePcm x86_64 /Users/yingpengwang/.codex/worktrees/w3-conversations/creator-platform/tmp/w3-resume-20261001/ios-derived/ModuleCache.noindex/_Builtin_stdbool-789KL1QT1Y4K4UCU0BNMHWHQQ.pcm

SwiftExplicitDependencyGeneratePcm x86_64 /Users/yingpengwang/.codex/worktrees/w3-conversations/creator-platform/tmp/w3-resume-20261001/ios-derived/ModuleCache.noindex/ExtensionFoundation-8B6MM70DATFSN4NQI8TD8ZGQM.pcm

SwiftExplicitDependencyGeneratePcm x86_64 /Users/yingpengwang/.codex/worktrees/w3-conversations/creator-platform/tmp/w3-resume-20261001/ios-derived/ModuleCache.noindex/_Builtin_limits-B6VE6DKZNQQME0U3M9EI11XJD.pcm

SwiftExplicitDependencyGeneratePcm x86_64 /Users/yingpengwang/.codex/worktrees/w3-conversations/creator-platform/tmp/w3-resume-20261001/ios-derived/ModuleCache.noindex/SwiftShims-A4EVPHUGNV09BR0X4Y3G37ML7.pcm

SwiftExplicitDependencyGeneratePcm x86_64 /Users/yingpengwang/.codex/worktrees/w3-conversations/creator-platform/tmp/w3-resume-20261001/ios-derived/ModuleCache.noindex/_SwiftConcurrencyShims-BGP3V4PO9HOCO055B70HOEZZV.pcm

SwiftExplicitDependencyGeneratePcm x86_64 /Users/yingpengwang/.codex/worktrees/w3-conversations/creator-platform/tmp/w3-resume-20261001/ios-derived/ModuleCache.noindex/_Builtin_stdarg-GGC3R2SHOCRD4MKE84GRLDWF.pcm

SwiftExplicitDependencyGeneratePcm x86_64 /Users/yingpengwang/.codex/worktrees/w3-conversations/creator-platform/tmp/w3-resume-20261001/ios-derived/ModuleCache.noindex/_DarwinFoundation2-E0OI0B2SX4NMUJJFYWLWVOOEM.pcm

SwiftExplicitDependencyGeneratePcm x86_64 /Users/yingpengwang/.codex/worktrees/w3-conversations/creator-platform/tmp/w3-resume-20261001/ios-derived/ModuleCache.noindex/_Builtin_stdint-3OMP2AD5QZ2RY34QC9WECGMBH.pcm

SwiftExplicitDependencyGeneratePcm x86_64 /Users/yingpengwang/.codex/worktrees/w3-conversations/creator-platform/tmp/w3-resume-20261001/ios-derived/ModuleCache.noindex/_Builtin_tgmath-F3C2JGFU3DDVRN3YA1LLQ48VZ.pcm

SwiftExplicitDependencyGeneratePcm x86_64 /Users/yingpengwang/.codex/worktrees/w3-conversations/creator-platform/tmp/w3-resume-20261001/ios-derived/ModuleCache.noindex/_DarwinFoundation3-88IN7OZXEJ1GFZ97EM28SN1I.pcm

SwiftExplicitDependencyGeneratePcm x86_64 /Users/yingpengwang/.codex/worktrees/w3-conversations/creator-platform/tmp/w3-resume-20261001/ios-derived/ModuleCache.noindex/sys_types-6HGUUQDFKF0PN5PYPUK6NBK37.pcm

SwiftExplicitDependencyGeneratePcm x86_64 /Users/yingpengwang/.codex/worktrees/w3-conversations/creator-platform/tmp/w3-resume-20261001/ios-derived/ModuleCache.noindex/_Builtin_intrinsics-C6SFF229BKNAIA047YB29GML6.pcm

SwiftExplicitDependencyGeneratePcm x86_64 /Users/yingpengwang/.codex/worktrees/w3-conversations/creator-platform/tmp/w3-resume-20261001/ios-derived/ModuleCache.noindex/_Builtin_inttypes-8575EKYVIEN1GEEXCLENZKWSU.pcm

SwiftDriverJobDiscovery normal x86_64 Compiling SessionStorage.swift, StudioComponents.swift (in target 'QelvoraUI' from project 'QelvoraNative')

SwiftExplicitDependencyGeneratePcm x86_64 /Users/yingpengwang/.codex/worktrees/w3-conversations/creator-platform/tmp/w3-resume-20261001/ios-derived/ModuleCache.noindex/_Builtin_stdatomic-C5W8CCL81YH86ADR60KWX0QQ7.pcm

SwiftExplicitDependencyGeneratePcm x86_64 /Users/yingpengwang/.codex/worktrees/w3-conversations/creator-platform/tmp/w3-resume-20261001/ios-derived/ModuleCache.noindex/Darwin-ITZZXSAOLN232M4RIRBIY1AS.pcm

SwiftDriver\ Compilation QelvoraUI normal x86_64 com.apple.xcode.tools.swift.compiler (in target 'QelvoraUI' from project 'QelvoraNative')
    cd /Users/yingpengwang/.codex/worktrees/w3-conversations/creator-platform/apps/ios/QelvoraApp.xcodeproj
    builtin-Swift-Compilation -- /Applications/Xcode.app/Contents/Developer/Toolchains/XcodeDefault.xctoolchain/usr/bin/swiftc -module-name QelvoraUI -Onone @/Users/yingpengwang/.codex/worktrees/w3-conversations/creator-platform/tmp/w3-resume-20261001/ios-derived/Build/Intermediates.noindex/QelvoraNative.build/Debug-iphonesimulator/QelvoraUI.build/Objects-normal/x86_64/QelvoraUI.SwiftFileList -DSWIFT_PACKAGE -DDEBUG -DSWIFT_MODULE_RESOURCE_BUNDLE_AVAILABLE -DXcode -plugin-path /Applications/Xcode.app/Contents/Developer/Toolchains/XcodeDefault.xctoolchain/usr/lib/swift/host/plugins/testing -enable-experimental-feature DebugDescriptionMacro -sdk /Applications/Xcode.app/Contents/Developer/Platforms/iPhoneSimulator.platform/Developer/SDKs/iPhoneSimulator26.5.sdk -target x86_64-apple-ios17.0-simulator -g -module-cache-path /Users/yingpengwang/.codex/worktrees/w3-conversations/creator-platform/tmp/w3-resume-20261001/ios-derived/ModuleCache.noindex -Xfrontend -serialize-debugging-options -enable-testing -index-store-path /Users/yingpengwang/.codex/worktrees/w3-conversations/creator-platform/tmp/w3-resume-20261001/ios-derived/Index.noindex/DataStore -Xcc -D_LIBCPP_HARDENING_MODE\=_LIBCPP_HARDENING_MODE_DEBUG -swift-version 6 -I /Users/yingpengwang/.codex/worktrees/w3-conversations/creator-platform/tmp/w3-resume-20261001/ios-derived/Build/Products/Debug-iphonesimulator -Isystem /Applications/Xcode.app/Contents/Developer/Platforms/iPhoneSimulator.platform/Developer/usr/lib -F /Users/yingpengwang/.codex/worktrees/w3-conversations/creator-platform/tmp/w3-resume-20261001/ios-derived/Build/Products/Debug-iphonesimulator -F /Applications/Xcode.app/Contents/Developer/Platforms/iPhoneSimulator.platform/Developer/Library/Frameworks -F /Applications/Xcode.app/Contents/Developer/Platforms/iPhoneSimulator.platform/Developer/SDKs/iPhoneSimulator26.5.sdk/Developer/Library/Frameworks -c -j16 -enable-batch-mode -incremental -Xcc -ivfsstatcache -Xcc /Users/yingpengwang/.codex/worktrees/w3-conversations/creator-platform/tmp/w3-resume-20261001/ios-derived/SDKStatCaches.noindex/iphonesimulator26.5-23F73-6cfe768891a92b912361537c460fe42b.sdkstatcache -output-file-map /Users/yingpengwang/.codex/worktrees/w3-conversations/creator-platform/tmp/w3-resume-20261001/ios-derived/Build/Intermediates.noindex/QelvoraNative.build/Debug-iphonesimulator/QelvoraUI.build/Objects-normal/x86_64/QelvoraUI-OutputFileMap.json -use-frontend-parseable-output -save-temps -no-color-diagnostics -explicit-module-build -module-cache-path /Users/yingpengwang/.codex/worktrees/w3-conversations/creator-platform/tmp/w3-resume-20261001/ios-derived/Build/Intermediates.noindex/SwiftExplicitPrecompiledModules -clang-scanner-module-cache-path /Users/yingpengwang/.codex/worktrees/w3-conversations/creator-platform/tmp/w3-resume-20261001/ios-derived/ModuleCache.noindex -sdk-module-cache-path /Users/yingpengwang/.codex/worktrees/w3-conversations/creator-platform/tmp/w3-resume-20261001/ios-derived/ModuleCache.noindex -serialize-diagnostics -emit-dependencies -emit-module -emit-module-path /Users/yingpengwang/.codex/worktrees/w3-conversations/creator-platform/tmp/w3-resume-20261001/ios-derived/Build/Intermediates.noindex/QelvoraNative.build/Debug-iphonesimulator/QelvoraUI.build/Objects-normal/x86_64/QelvoraUI.swiftmodule -validate-clang-modules-once -clang-build-session-file /Users/yingpengwang/.codex/worktrees/w3-conversations/creator-platform/tmp/w3-resume-20261001/ios-derived/ModuleCache.noindex/Session.modulevalidation -package-name ios -Xcc -I/Users/yingpengwang/.codex/worktrees/w3-conversations/creator-platform/tmp/w3-resume-20261001/ios-derived/Build/Intermediates.noindex/QelvoraNative.build/Debug-iphonesimulator/QelvoraUI.build/swift-overrides.hmap -emit-const-values -Xfrontend -const-gather-protocols-file -Xfrontend /Users/yingpengwang/.codex/worktrees/w3-conversations/creator-platform/tmp/w3-resume-20261001/ios-derived/Build/Intermediates.noindex/QelvoraNative.build/Debug-iphonesimulator/QelvoraUI.build/Objects-normal/x86_64/QelvoraUI_const_extract_protocols.json -Xcc -I/Users/yingpengwang/.codex/worktrees/w3-conversations/creator-platform/tmp/w3-resume-20261001/ios-derived/Build/Products/Debug-iphonesimulator/include -Xcc -I/Users/yingpengwang/.codex/worktrees/w3-conversations/creator-platform/tmp/w3-resume-20261001/ios-derived/Build/Intermediates.noindex/QelvoraNative.build/Debug-iphonesimulator/QelvoraUI.build/DerivedSources-normal/x86_64 -Xcc -I/Users/yingpengwang/.codex/worktrees/w3-conversations/creator-platform/tmp/w3-resume-20261001/ios-derived/Build/Intermediates.noindex/QelvoraNative.build/Debug-iphonesimulator/QelvoraUI.build/DerivedSources/x86_64 -Xcc -I/Users/yingpengwang/.codex/worktrees/w3-conversations/creator-platform/tmp/w3-resume-20261001/ios-derived/Build/Intermediates.noindex/QelvoraNative.build/Debug-iphonesimulator/QelvoraUI.build/DerivedSources -Xcc -DSWIFT_PACKAGE -Xcc -DDEBUG\=1 -emit-objc-header -emit-objc-header-path /Users/yingpengwang/.codex/worktrees/w3-conversations/creator-platform/tmp/w3-resume-20261001/ios-derived/Build/Intermediates.noindex/QelvoraNative.build/Debug-iphonesimulator/QelvoraUI.build/Objects-normal/x86_64/QelvoraUI-Swift.h -working-directory /Users/yingpengwang/.codex/worktrees/w3-conversations/creator-platform/apps/ios/QelvoraApp.xcodeproj -experimental-emit-module-separately -disable-cmo

SwiftExplicitDependencyGeneratePcm x86_64 /Users/yingpengwang/.codex/worktrees/w3-conversations/creator-platform/tmp/w3-resume-20261001/ios-derived/ModuleCache.noindex/simd-9YQDIM0DLGNG47XGWCRX64VLP.pcm

Ld /Users/yingpengwang/.codex/worktrees/w3-conversations/creator-platform/tmp/w3-resume-20261001/ios-derived/Build/Products/Debug-iphonesimulator/QelvoraUI.o normal (in target 'QelvoraUI' from project 'QelvoraNative')
    cd /Users/yingpengwang/.codex/worktrees/w3-conversations/creator-platform/apps/ios
    /Applications/Xcode.app/Contents/Developer/Toolchains/XcodeDefault.xctoolchain/usr/bin/clang -Xlinker -reproducible -target x86_64-apple-ios17.0-simulator -r -isysroot /Applications/Xcode.app/Contents/Developer/Platforms/iPhoneSimulator.platform/Developer/SDKs/iPhoneSimulator26.5.sdk -O0 -F/Users/yingpengwang/.codex/worktrees/w3-conversations/creator-platform/tmp/w3-resume-20261001/ios-derived/Build/Intermediates.noindex/EagerLinkingTBDs/Debug-iphonesimulator -F/Users/yingpengwang/.codex/worktrees/w3-conversations/creator-platform/tmp/w3-resume-20261001/ios-derived/Build/Products/Debug-iphonesimulator -iframework /Applications/Xcode.app/Contents/Developer/Platforms/iPhoneSimulator.platform/Developer/Library/Frameworks -iframework /Applications/Xcode.app/Contents/Developer/Platforms/iPhoneSimulator.platform/Developer/SDKs/iPhoneSimulator26.5.sdk/Developer/Library/Frameworks -filelist /Users/yingpengwang/.codex/worktrees/w3-conversations/creator-platform/tmp/w3-resume-20261001/ios-derived/Build/Intermediates.noindex/QelvoraNative.build/Debug-iphonesimulator/QelvoraUI.build/Objects-normal/x86_64/QelvoraUI.LinkFileList -nostdlib -Xlinker -object_path_lto -Xlinker /Users/yingpengwang/.codex/worktrees/w3-conversations/creator-platform/tmp/w3-resume-20261001/ios-derived/Build/Intermediates.noindex/QelvoraNative.build/Debug-iphonesimulator/QelvoraUI.build/Objects-normal/x86_64/QelvoraUI_lto.o -Xlinker -no_deduplicate -Xlinker -objc_abi_version -Xlinker 2 -Xlinker -dependency_info -Xlinker /Users/yingpengwang/.codex/worktrees/w3-conversations/creator-platform/tmp/w3-resume-20261001/ios-derived/Build/Intermediates.noindex/QelvoraNative.build/Debug-iphonesimulator/QelvoraUI.build/Objects-normal/x86_64/QelvoraUI_dependency_info.dat -fobjc-link-runtime -L/Applications/Xcode.app/Contents/Developer/Toolchains/XcodeDefault.xctoolchain/usr/lib/swift/iphonesimulator -L/usr/lib/swift -Xlinker -add_ast_path -Xlinker /Users/yingpengwang/.codex/worktrees/w3-conversations/creator-platform/tmp/w3-resume-20261001/ios-derived/Build/Intermediates.noindex/QelvoraNative.build/Debug-iphonesimulator/QelvoraUI.build/Objects-normal/x86_64/QelvoraUI.swiftmodule @/Users/yingpengwang/.codex/worktrees/w3-conversations/creator-platform/tmp/w3-resume-20261001/ios-derived/Build/Intermediates.noindex/QelvoraNative.build/Debug-iphonesimulator/QelvoraUI.build/Objects-normal/x86_64/QelvoraUI-linker-args.resp -o /Users/yingpengwang/.codex/worktrees/w3-conversations/creator-platform/tmp/w3-resume-20261001/ios-derived/Build/Products/Debug-iphonesimulator/QelvoraUI.o

SwiftExplicitDependencyGeneratePcm x86_64 /Users/yingpengwang/.codex/worktrees/w3-conversations/creator-platform/tmp/w3-resume-20261001/ios-derived/ModuleCache.noindex/ObjectiveC-DXPY6GFH5L4DMC4MIMG2QYQG9.pcm

SwiftExplicitDependencyGeneratePcm x86_64 /Users/yingpengwang/.codex/worktrees/w3-conversations/creator-platform/tmp/w3-resume-20261001/ios-derived/ModuleCache.noindex/MachO-37JXD09S7V7WHAZ6JCN3LO5AT.pcm

SwiftExplicitDependencyGeneratePcm x86_64 /Users/yingpengwang/.codex/worktrees/w3-conversations/creator-platform/tmp/w3-resume-20261001/ios-derived/ModuleCache.noindex/os_object-90UVKZD9F18IW0D6WL668AHSQ.pcm

SwiftExplicitDependencyGeneratePcm x86_64 /Users/yingpengwang/.codex/worktrees/w3-conversations/creator-platform/tmp/w3-resume-20261001/ios-derived/ModuleCache.noindex/Spatial-819FVDAIBUOG2P92BBFKQA6ZA.pcm

SwiftExplicitDependencyGeneratePcm x86_64 /Users/yingpengwang/.codex/worktrees/w3-conversations/creator-platform/tmp/w3-resume-20261001/ios-derived/ModuleCache.noindex/os_workgroup-AQKX4C471L6YC09OJV70G69AR.pcm

ExtractAppIntentsMetadata (in target 'QelvoraUI' from project 'QelvoraNative')
    cd /Users/yingpengwang/.codex/worktrees/w3-conversations/creator-platform/apps/ios
    /Applications/Xcode.app/Contents/Developer/Toolchains/XcodeDefault.xctoolchain/usr/bin/appintentsmetadataprocessor --toolchain-dir /Applications/Xcode.app/Contents/Developer/Toolchains/XcodeDefault.xctoolchain --module-name QelvoraUI --sdk-root /Applications/Xcode.app/Contents/Developer/Platforms/iPhoneSimulator.platform/Developer/SDKs/iPhoneSimulator26.5.sdk --xcode-version 17F42 --platform-family iOS --deployment-target 17.0 --bundle-identifier ios.QelvoraUI --output /Users/yingpengwang/.codex/worktrees/w3-conversations/creator-platform/tmp/w3-resume-20261001/ios-derived/Build/Products/Debug-iphonesimulator/QelvoraUI.appintents --target-triple x86_64-apple-ios17.0-simulator --binary-file /Users/yingpengwang/.codex/worktrees/w3-conversations/creator-platform/tmp/w3-resume-20261001/ios-derived/Build/Products/Debug-iphonesimulator/QelvoraUI.o --dependency-file /Users/yingpengwang/.codex/worktrees/w3-conversations/creator-platform/tmp/w3-resume-20261001/ios-derived/Build/Intermediates.noindex/QelvoraNative.build/Debug-iphonesimulator/QelvoraUI.build/Objects-normal/x86_64/QelvoraUI_dependency_info.dat --stringsdata-file /Users/yingpengwang/.codex/worktrees/w3-conversations/creator-platform/tmp/w3-resume-20261001/ios-derived/Build/Intermediates.noindex/QelvoraNative.build/Debug-iphonesimulator/QelvoraUI.build/Objects-normal/x86_64/ExtractedAppShortcutsMetadata.stringsdata --source-file-list /Users/yingpengwang/.codex/worktrees/w3-conversations/creator-platform/tmp/w3-resume-20261001/ios-derived/Build/Intermediates.noindex/QelvoraNative.build/Debug-iphonesimulator/QelvoraUI.build/Objects-normal/x86_64/QelvoraUI.SwiftFileList --metadata-file-list /Users/yingpengwang/.codex/worktrees/w3-conversations/creator-platform/tmp/w3-resume-20261001/ios-derived/Build/Intermediates.noindex/QelvoraNative.build/Debug-iphonesimulator/QelvoraUI.build/QelvoraUI.DependencyMetadataFileList --static-metadata-file-list /Users/yingpengwang/.codex/worktrees/w3-conversations/creator-platform/tmp/w3-resume-20261001/ios-derived/Build/Intermediates.noindex/QelvoraNative.build/Debug-iphonesimulator/QelvoraUI.build/QelvoraUI.DependencyStaticMetadataFileList --swift-const-vals-list /Users/yingpengwang/.codex/worktrees/w3-conversations/creator-platform/tmp/w3-resume-20261001/ios-derived/Build/Intermediates.noindex/QelvoraNative.build/Debug-iphonesimulator/QelvoraUI.build/Objects-normal/x86_64/QelvoraUI.SwiftConstValuesFileList --force --compile-time-extraction --deployment-aware-processing --validate-assistant-intents --no-app-shortcuts-localization
2026-10-01 02:28:25.986 appintentsmetadataprocessor[56537:2393685] Starting appintentsmetadataprocessor export
2026-10-01 02:28:26.003 appintentsmetadataprocessor[56537:2393685] Extracted no relevant App Intents symbols, skipping writing output

SwiftExplicitDependencyGeneratePcm x86_64 /Users/yingpengwang/.codex/worktrees/w3-conversations/creator-platform/tmp/w3-resume-20261001/ios-derived/ModuleCache.noindex/Dispatch-CENUVRDUGQCDMVA5OX39MY3YM.pcm

SwiftExplicitDependencyGeneratePcm x86_64 /Users/yingpengwang/.codex/worktrees/w3-conversations/creator-platform/tmp/w3-resume-20261001/ios-derived/ModuleCache.noindex/CoreFoundation-88QLFJAWUJQFYSHQRFF9U0P5B.pcm

SwiftExplicitDependencyGeneratePcm x86_64 /Users/yingpengwang/.codex/worktrees/w3-conversations/creator-platform/tmp/w3-resume-20261001/ios-derived/ModuleCache.noindex/XPC-BA792OXWT8SNO0EJIXJ0D06KT.pcm

SwiftExplicitDependencyGeneratePcm x86_64 /Users/yingpengwang/.codex/worktrees/w3-conversations/creator-platform/tmp/w3-resume-20261001/ios-derived/ModuleCache.noindex/dnssd-AISJNEHPQI39LDV7H149YGOYQ.pcm

SwiftExplicitDependencyGeneratePcm x86_64 /Users/yingpengwang/.codex/worktrees/w3-conversations/creator-platform/tmp/w3-resume-20261001/ios-derived/ModuleCache.noindex/os-8K9D228ZCKEILRGJ1ZFDDX3I6.pcm

SwiftExplicitDependencyGeneratePcm x86_64 /Users/yingpengwang/.codex/worktrees/w3-conversations/creator-platform/tmp/w3-resume-20261001/ios-derived/ModuleCache.noindex/CoreGraphics-9NGK4OMP3VMIRUHJXE07QOOAC.pcm

SwiftExplicitDependencyGeneratePcm x86_64 /Users/yingpengwang/.codex/worktrees/w3-conversations/creator-platform/tmp/w3-resume-20261001/ios-derived/ModuleCache.noindex/Security-8YFCPW51TQSIEZHAZA7U45AYP.pcm

SwiftExplicitDependencyGeneratePcm x86_64 /Users/yingpengwang/.codex/worktrees/w3-conversations/creator-platform/tmp/w3-resume-20261001/ios-derived/ModuleCache.noindex/CFNetwork-8BKPQNNC8GFM6OV4J0PP1RXJF.pcm

SwiftExplicitDependencyGeneratePcm x86_64 /Users/yingpengwang/.codex/worktrees/w3-conversations/creator-platform/tmp/w3-resume-20261001/ios-derived/ModuleCache.noindex/ImageIO-E0CCGE8TJY0784DUKTE5V12R4.pcm

SwiftExplicitDependencyGeneratePcm x86_64 /Users/yingpengwang/.codex/worktrees/w3-conversations/creator-platform/tmp/w3-resume-20261001/ios-derived/ModuleCache.noindex/CoreAudioTypes-BRHGC7P8MNQN8Y74Z0BOFY3D0.pcm

SwiftExplicitDependencyGeneratePcm x86_64 /Users/yingpengwang/.codex/worktrees/w3-conversations/creator-platform/tmp/w3-resume-20261001/ios-derived/ModuleCache.noindex/CoreText-BDINALEHUQDHMV2GGH70MAP0A.pcm

SwiftExplicitDependencyGeneratePcm x86_64 /Users/yingpengwang/.codex/worktrees/w3-conversations/creator-platform/tmp/w3-resume-20261001/ios-derived/ModuleCache.noindex/Foundation-3QED4F0RLKKMMIF5JPC4D999V.pcm

SwiftExplicitDependencyGeneratePcm x86_64 /Users/yingpengwang/.codex/worktrees/w3-conversations/creator-platform/tmp/w3-resume-20261001/ios-derived/ModuleCache.noindex/CoreAudio-7KQR4SFJOA4ZQH2KRYM51FFZB.pcm

RegisterExecutionPolicyException /Users/yingpengwang/.codex/worktrees/w3-conversations/creator-platform/tmp/w3-resume-20261001/ios-derived/Build/Products/Debug-iphonesimulator/QelvoraUI.o (in target 'QelvoraUI' from project 'QelvoraNative')
    cd /Users/yingpengwang/.codex/worktrees/w3-conversations/creator-platform/apps/ios
    builtin-RegisterExecutionPolicyException /Users/yingpengwang/.codex/worktrees/w3-conversations/creator-platform/tmp/w3-resume-20261001/ios-derived/Build/Products/Debug-iphonesimulator/QelvoraUI.o

Copy /Users/yingpengwang/.codex/worktrees/w3-conversations/creator-platform/tmp/w3-resume-20261001/ios-derived/Build/Products/Debug-iphonesimulator/QelvoraApp.app/QelvoraNative_QelvoraUI.bundle /Users/yingpengwang/.codex/worktrees/w3-conversations/creator-platform/tmp/w3-resume-20261001/ios-derived/Build/Products/Debug-iphonesimulator/QelvoraNative_QelvoraUI.bundle (in target 'QelvoraApp' from project 'QelvoraApp')
    cd /Users/yingpengwang/.codex/worktrees/w3-conversations/creator-platform/apps/ios
    builtin-copy -exclude .DS_Store -exclude CVS -exclude .svn -exclude .git -exclude .hg -resolve-src-symlinks /Users/yingpengwang/.codex/worktrees/w3-conversations/creator-platform/tmp/w3-resume-20261001/ios-derived/Build/Products/Debug-iphonesimulator/QelvoraNative_QelvoraUI.bundle /Users/yingpengwang/.codex/worktrees/w3-conversations/creator-platform/tmp/w3-resume-20261001/ios-derived/Build/Products/Debug-iphonesimulator/QelvoraApp.app

Ld /Users/yingpengwang/.codex/worktrees/w3-conversations/creator-platform/tmp/w3-resume-20261001/ios-derived/Build/Products/Debug-iphonesimulator/QelvoraApp.app/__preview.dylib normal (in target 'QelvoraApp' from project 'QelvoraApp')
    cd /Users/yingpengwang/.codex/worktrees/w3-conversations/creator-platform/apps/ios
    /Applications/Xcode.app/Contents/Developer/Toolchains/XcodeDefault.xctoolchain/usr/bin/clang -Xlinker -reproducible -target x86_64-apple-ios17.0-simulator -dynamiclib -isysroot /Applications/Xcode.app/Contents/Developer/Platforms/iPhoneSimulator.platform/Developer/SDKs/iPhoneSimulator26.5.sdk -O0 -L/Users/yingpengwang/.codex/worktrees/w3-conversations/creator-platform/tmp/w3-resume-20261001/ios-derived/Build/Products/Debug-iphonesimulator -F/Users/yingpengwang/.codex/worktrees/w3-conversations/creator-platform/tmp/w3-resume-20261001/ios-derived/Build/Products/Debug-iphonesimulator/PackageFrameworks -F/Users/yingpengwang/.codex/worktrees/w3-conversations/creator-platform/tmp/w3-resume-20261001/ios-derived/Build/Products/Debug-iphonesimulator -install_name @rpath/QelvoraApp.debug.dylib -Xlinker -dead_strip -rdynamic -Xlinker -no_deduplicate -Xlinker -objc_abi_version -Xlinker 2 -Xlinker -dependency_info -Xlinker /Users/yingpengwang/.codex/worktrees/w3-conversations/creator-platform/tmp/w3-resume-20261001/ios-derived/Build/Intermediates.noindex/QelvoraApp.build/Debug-iphonesimulator/QelvoraApp.build/Objects-normal/x86_64/QelvoraApp_dependency_info.dat -o /Users/yingpengwang/.codex/worktrees/w3-conversations/creator-platform/tmp/w3-resume-20261001/ios-derived/Build/Products/Debug-iphonesimulator/QelvoraApp.app/__preview.dylib

ProcessInfoPlistFile /Users/yingpengwang/.codex/worktrees/w3-conversations/creator-platform/tmp/w3-resume-20261001/ios-derived/Build/Products/Debug-iphonesimulator/QelvoraApp.app/Info.plist /Users/yingpengwang/.codex/worktrees/w3-conversations/creator-platform/apps/ios/App/Info.plist (in target 'QelvoraApp' from project 'QelvoraApp')
    cd /Users/yingpengwang/.codex/worktrees/w3-conversations/creator-platform/apps/ios
    builtin-infoPlistUtility /Users/yingpengwang/.codex/worktrees/w3-conversations/creator-platform/apps/ios/App/Info.plist -producttype com.apple.product-type.application -genpkginfo /Users/yingpengwang/.codex/worktrees/w3-conversations/creator-platform/tmp/w3-resume-20261001/ios-derived/Build/Products/Debug-iphonesimulator/QelvoraApp.app/PkgInfo -expandbuildsettings -format binary -platform iphonesimulator -scanforprivacyfile /Users/yingpengwang/.codex/worktrees/w3-conversations/creator-platform/tmp/w3-resume-20261001/ios-derived/Build/Products/Debug-iphonesimulator/QelvoraApp.app/QelvoraNative_QelvoraUI.bundle -o /Users/yingpengwang/.codex/worktrees/w3-conversations/creator-platform/tmp/w3-resume-20261001/ios-derived/Build/Products/Debug-iphonesimulator/QelvoraApp.app/Info.plist

SwiftExplicitDependencyGeneratePcm x86_64 /Users/yingpengwang/.codex/worktrees/w3-conversations/creator-platform/tmp/w3-resume-20261001/ios-derived/ModuleCache.noindex/FileProvider-1MYHM42MED3JJ33EBGFX21XW6.pcm

SwiftExplicitDependencyGeneratePcm x86_64 /Users/yingpengwang/.codex/worktrees/w3-conversations/creator-platform/tmp/w3-resume-20261001/ios-derived/ModuleCache.noindex/BackgroundAssets-54F57STOCQEIBF86X90DJHPTE.pcm

SwiftExplicitDependencyGeneratePcm x86_64 /Users/yingpengwang/.codex/worktrees/w3-conversations/creator-platform/tmp/w3-resume-20261001/ios-derived/ModuleCache.noindex/UserNotifications-X0HMELMCCC6T69ZDKBDUWF1Q.pcm

SwiftExplicitDependencyGeneratePcm x86_64 /Users/yingpengwang/.codex/worktrees/w3-conversations/creator-platform/tmp/w3-resume-20261001/ios-derived/ModuleCache.noindex/CoreMIDI-D2DZ6OXGUOA4LY30XQYFUBHDM.pcm

SwiftExplicitDependencyGeneratePcm x86_64 /Users/yingpengwang/.codex/worktrees/w3-conversations/creator-platform/tmp/w3-resume-20261001/ios-derived/ModuleCache.noindex/UniformTypeIdentifiers-6A6DZCSS6SJ0TO7BLQZNH2CZG.pcm

SwiftExplicitDependencyGeneratePcm x86_64 /Users/yingpengwang/.codex/worktrees/w3-conversations/creator-platform/tmp/w3-resume-20261001/ios-derived/ModuleCache.noindex/LocalAuthentication-A31LNOJYW9TP1NX3ATD210X3H.pcm

SwiftExplicitDependencyGeneratePcm x86_64 /Users/yingpengwang/.codex/worktrees/w3-conversations/creator-platform/tmp/w3-resume-20261001/ios-derived/ModuleCache.noindex/AudioToolbox-5XG6LTO0ISLVG5EJLXF4UY6J4.pcm

SwiftExplicitDependencyGeneratePcm x86_64 /Users/yingpengwang/.codex/worktrees/w3-conversations/creator-platform/tmp/w3-resume-20261001/ios-derived/ModuleCache.noindex/DataDetection-EF7RPLI0NU49G9DDU2UPJ4XP2.pcm

SwiftExplicitDependencyGeneratePcm x86_64 /Users/yingpengwang/.codex/worktrees/w3-conversations/creator-platform/tmp/w3-resume-20261001/ios-derived/ModuleCache.noindex/Network-8T6IFOUZNKT0J3MFFIL265XUJ.pcm

SwiftExplicitDependencyGeneratePcm x86_64 /Users/yingpengwang/.codex/worktrees/w3-conversations/creator-platform/tmp/w3-resume-20261001/ios-derived/ModuleCache.noindex/CoreData-2P2P6C5CR9RUO39Q0663BZ6HB.pcm

SwiftExplicitDependencyGeneratePcm x86_64 /Users/yingpengwang/.codex/worktrees/w3-conversations/creator-platform/tmp/w3-resume-20261001/ios-derived/ModuleCache.noindex/UIUtilities-7U0OAM9T4EHWWBQ35W65FVR9G.pcm

SwiftExplicitDependencyGeneratePcm x86_64 /Users/yingpengwang/.codex/worktrees/w3-conversations/creator-platform/tmp/w3-resume-20261001/ios-derived/ModuleCache.noindex/AVRouting-20U7DERIEOHBW2R8UF1AS5AC4.pcm

SwiftExplicitDependencyGeneratePcm x86_64 /Users/yingpengwang/.codex/worktrees/w3-conversations/creator-platform/tmp/w3-resume-20261001/ios-derived/ModuleCache.noindex/OSLog-1MPJBSUL54O0QTBY5ZI65JJ7.pcm

SwiftExplicitDependencyGeneratePcm x86_64 /Users/yingpengwang/.codex/worktrees/w3-conversations/creator-platform/tmp/w3-resume-20261001/ios-derived/ModuleCache.noindex/CallKit-V1WHD19FC1174AKRK3WQ6FCS.pcm

SwiftExplicitDependencyGeneratePcm x86_64 /Users/yingpengwang/.codex/worktrees/w3-conversations/creator-platform/tmp/w3-resume-20261001/ios-derived/ModuleCache.noindex/CoreTransferable-8WIW5ISOR8297S5FJCOV2YUH7.pcm

SwiftExplicitDependencyGeneratePcm x86_64 /Users/yingpengwang/.codex/worktrees/w3-conversations/creator-platform/tmp/w3-resume-20261001/ios-derived/ModuleCache.noindex/IOSurface-5AQGF9QJ24CFNVLBNN10NLLB3.pcm

SwiftExplicitDependencyGeneratePcm x86_64 /Users/yingpengwang/.codex/worktrees/w3-conversations/creator-platform/tmp/w3-resume-20261001/ios-derived/ModuleCache.noindex/Accessibility-1IGM90146OC9ME4MK9F7AZCJA.pcm

SwiftExplicitDependencyGeneratePcm x86_64 /Users/yingpengwang/.codex/worktrees/w3-conversations/creator-platform/tmp/w3-resume-20261001/ios-derived/ModuleCache.noindex/Symbols-ECHX3P7TOYI888U34XR4N7XOP.pcm

SwiftExplicitDependencyGeneratePcm x86_64 /Users/yingpengwang/.codex/worktrees/w3-conversations/creator-platform/tmp/w3-resume-20261001/ios-derived/ModuleCache.noindex/Metal-3C6QZJ7ZMMF71S6JYIWAWBLQ9.pcm

SwiftExplicitDependencyGeneratePcm x86_64 /Users/yingpengwang/.codex/worktrees/w3-conversations/creator-platform/tmp/w3-resume-20261001/ios-derived/ModuleCache.noindex/OpenGLES-5XE64NDIB2Y5CTG3M0APPWOOK.pcm

SwiftExplicitDependencyGeneratePcm x86_64 /Users/yingpengwang/.codex/worktrees/w3-conversations/creator-platform/tmp/w3-resume-20261001/ios-derived/ModuleCache.noindex/CoreVideo-EC0SRXLQ0LURHZ9QNW2EGKME1.pcm

SwiftExplicitDependencyGeneratePcm x86_64 /Users/yingpengwang/.codex/worktrees/w3-conversations/creator-platform/tmp/w3-resume-20261001/ios-derived/ModuleCache.noindex/QuartzCore-5TLOYW52NEOAA5WZ3KHYL6X3P.pcm

SwiftExplicitDependencyGeneratePcm x86_64 /Users/yingpengwang/.codex/worktrees/w3-conversations/creator-platform/tmp/w3-resume-20261001/ios-derived/ModuleCache.noindex/CoreMedia-AU6EWOSH5V9L3LRGBLIPFW686.pcm

SwiftExplicitDependencyGeneratePcm x86_64 /Users/yingpengwang/.codex/worktrees/w3-conversations/creator-platform/tmp/w3-resume-20261001/ios-derived/ModuleCache.noindex/CoreImage-1CJJOA6W2Q7MBVT2DBEUW5XBT.pcm

SwiftExplicitDependencyGeneratePcm x86_64 /Users/yingpengwang/.codex/worktrees/w3-conversations/creator-platform/tmp/w3-resume-20261001/ios-derived/ModuleCache.noindex/SwiftUICore-3RIDA5HBTXISADNUBH1AKD67M.pcm

SwiftExplicitDependencyGeneratePcm x86_64 /Users/yingpengwang/.codex/worktrees/w3-conversations/creator-platform/tmp/w3-resume-20261001/ios-derived/ModuleCache.noindex/MediaToolbox-20N0W19MPXFMBUIO0PNDQ9GG7.pcm

SwiftExplicitDependencyGeneratePcm x86_64 /Users/yingpengwang/.codex/worktrees/w3-conversations/creator-platform/tmp/w3-resume-20261001/ios-derived/ModuleCache.noindex/AVFAudio-EVSJETF44SPQMHE1FX52M4U26.pcm

SwiftExplicitDependencyGeneratePcm x86_64 /Users/yingpengwang/.codex/worktrees/w3-conversations/creator-platform/tmp/w3-resume-20261001/ios-derived/ModuleCache.noindex/UIKit-8KX063SX5IOWRGU56GUIHLNZK.pcm

SwiftExplicitDependencyGeneratePcm x86_64 /Users/yingpengwang/.codex/worktrees/w3-conversations/creator-platform/tmp/w3-resume-20261001/ios-derived/ModuleCache.noindex/AVFoundation-8TW4ECM126LUT70GBXEZ8M42Z.pcm

SwiftExplicitDependencyGeneratePcm x86_64 /Users/yingpengwang/.codex/worktrees/w3-conversations/creator-platform/tmp/w3-resume-20261001/ios-derived/ModuleCache.noindex/SwiftUI-96U4EJIZRYO0EJHZYA2WNHSR1.pcm

SwiftExplicitDependencyGeneratePcm x86_64 /Users/yingpengwang/.codex/worktrees/w3-conversations/creator-platform/tmp/w3-resume-20261001/ios-derived/ModuleCache.noindex/AuthenticationServices-DAHH3Y1NFK9A3AHAQO0YC5A3S.pcm

SwiftExplicitDependencyGeneratePcm x86_64 /Users/yingpengwang/.codex/worktrees/w3-conversations/creator-platform/tmp/w3-resume-20261001/ios-derived/ModuleCache.noindex/StoreKit-CMX1VNQJTFEBEQWZNQZ75J9WM.pcm

SwiftEmitModule normal x86_64 Emitting\ module\ for\ QelvoraApp (in target 'QelvoraApp' from project 'QelvoraApp')

SwiftCompile normal x86_64 /Users/yingpengwang/.codex/worktrees/w3-conversations/creator-platform/apps/ios/App/QelvoraApp.swift (in target 'QelvoraApp' from project 'QelvoraApp')
    cd /Users/yingpengwang/.codex/worktrees/w3-conversations/creator-platform/apps/ios
    

SwiftCompile normal x86_64 Compiling\ QelvoraApp.swift /Users/yingpengwang/.codex/worktrees/w3-conversations/creator-platform/apps/ios/App/QelvoraApp.swift (in target 'QelvoraApp' from project 'QelvoraApp')
SwiftCompile normal x86_64 /Users/yingpengwang/.codex/worktrees/w3-conversations/creator-platform/apps/ios/App/QelvoraApp.swift (in target 'QelvoraApp' from project 'QelvoraApp')
    cd /Users/yingpengwang/.codex/worktrees/w3-conversations/creator-platform/apps/ios
    

SwiftDriverJobDiscovery normal x86_64 Emitting module for QelvoraApp (in target 'QelvoraApp' from project 'QelvoraApp')

SwiftDriver\ Compilation\ Requirements QelvoraApp normal x86_64 com.apple.xcode.tools.swift.compiler (in target 'QelvoraApp' from project 'QelvoraApp')
    cd /Users/yingpengwang/.codex/worktrees/w3-conversations/creator-platform/apps/ios
    builtin-Swift-Compilation-Requirements -- /Applications/Xcode.app/Contents/Developer/Toolchains/XcodeDefault.xctoolchain/usr/bin/swiftc -module-name QelvoraApp -Onone @/Users/yingpengwang/.codex/worktrees/w3-conversations/creator-platform/tmp/w3-resume-20261001/ios-derived/Build/Intermediates.noindex/QelvoraApp.build/Debug-iphonesimulator/QelvoraApp.build/Objects-normal/x86_64/QelvoraApp.SwiftFileList -DDEBUG -enable-experimental-feature DebugDescriptionMacro -sdk /Applications/Xcode.app/Contents/Developer/Platforms/iPhoneSimulator.platform/Developer/SDKs/iPhoneSimulator26.5.sdk -target x86_64-apple-ios17.0-simulator -g -module-cache-path /Users/yingpengwang/.codex/worktrees/w3-conversations/creator-platform/tmp/w3-resume-20261001/ios-derived/ModuleCache.noindex -Xfrontend -serialize-debugging-options -enable-testing -index-store-path /Users/yingpengwang/.codex/worktrees/w3-conversations/creator-platform/tmp/w3-resume-20261001/ios-derived/Index.noindex/DataStore -Xcc -D_LIBCPP_HARDENING_MODE\=_LIBCPP_HARDENING_MODE_DEBUG -swift-version 6 -I /Users/yingpengwang/.codex/worktrees/w3-conversations/creator-platform/tmp/w3-resume-20261001/ios-derived/Build/Products/Debug-iphonesimulator -F /Users/yingpengwang/.codex/worktrees/w3-conversations/creator-platform/tmp/w3-resume-20261001/ios-derived/Build/Products/Debug-iphonesimulator/PackageFrameworks -F /Users/yingpengwang/.codex/worktrees/w3-conversations/creator-platform/tmp/w3-resume-20261001/ios-derived/Build/Products/Debug-iphonesimulator -parse-as-library -c -j16 -enable-batch-mode -incremental -Xcc -ivfsstatcache -Xcc /Users/yingpengwang/.codex/worktrees/w3-conversations/creator-platform/tmp/w3-resume-20261001/ios-derived/SDKStatCaches.noindex/iphonesimulator26.5-23F73-6cfe768891a92b912361537c460fe42b.sdkstatcache -output-file-map /Users/yingpengwang/.codex/worktrees/w3-conversations/creator-platform/tmp/w3-resume-20261001/ios-derived/Build/Intermediates.noindex/QelvoraApp.build/Debug-iphonesimulator/QelvoraApp.build/Objects-normal/x86_64/QelvoraApp-OutputFileMap.json -use-frontend-parseable-output -save-temps -no-color-diagnostics -explicit-module-build -module-cache-path /Users/yingpengwang/.codex/worktrees/w3-conversations/creator-platform/tmp/w3-resume-20261001/ios-derived/Build/Intermediates.noindex/SwiftExplicitPrecompiledModules -clang-scanner-module-cache-path /Users/yingpengwang/.codex/worktrees/w3-conversations/creator-platform/tmp/w3-resume-20261001/ios-derived/ModuleCache.noindex -sdk-module-cache-path /Users/yingpengwang/.codex/worktrees/w3-conversations/creator-platform/tmp/w3-resume-20261001/ios-derived/ModuleCache.noindex -serialize-diagnostics -emit-dependencies -emit-module -emit-module-path /Users/yingpengwang/.codex/worktrees/w3-conversations/creator-platform/tmp/w3-resume-20261001/ios-derived/Build/Intermediates.noindex/QelvoraApp.build/Debug-iphonesimulator/QelvoraApp.build/Objects-normal/x86_64/QelvoraApp.swiftmodule -validate-clang-modules-once -clang-build-session-file /Users/yingpengwang/.codex/worktrees/w3-conversations/creator-platform/tmp/w3-resume-20261001/ios-derived/ModuleCache.noindex/Session.modulevalidation -Xcc -I/Users/yingpengwang/.codex/worktrees/w3-conversations/creator-platform/tmp/w3-resume-20261001/ios-derived/Build/Intermediates.noindex/QelvoraApp.build/Debug-iphonesimulator/QelvoraApp.build/swift-overrides.hmap -emit-const-values -Xfrontend -const-gather-protocols-file -Xfrontend /Users/yingpengwang/.codex/worktrees/w3-conversations/creator-platform/tmp/w3-resume-20261001/ios-derived/Build/Intermediates.noindex/QelvoraApp.build/Debug-iphonesimulator/QelvoraApp.build/Objects-normal/x86_64/QelvoraApp_const_extract_protocols.json -Xcc -iquote -Xcc /Users/yingpengwang/.codex/worktrees/w3-conversations/creator-platform/tmp/w3-resume-20261001/ios-derived/Build/Intermediates.noindex/QelvoraApp.build/Debug-iphonesimulator/QelvoraApp.build/QelvoraApp-generated-files.hmap -Xcc -I/Users/yingpengwang/.codex/worktrees/w3-conversations/creator-platform/tmp/w3-resume-20261001/ios-derived/Build/Intermediates.noindex/QelvoraApp.build/Debug-iphonesimulator/QelvoraApp.build/QelvoraApp-own-target-headers.hmap -Xcc -I/Users/yingpengwang/.codex/worktrees/w3-conversations/creator-platform/tmp/w3-resume-20261001/ios-derived/Build/Intermediates.noindex/QelvoraApp.build/Debug-iphonesimulator/QelvoraApp.build/QelvoraApp-all-non-framework-target-headers.hmap -Xcc -ivfsoverlay -Xcc /Users/yingpengwang/.codex/worktrees/w3-conversations/creator-platform/tmp/w3-resume-20261001/ios-derived/Build/Intermediates.noindex/QelvoraApp.build/Debug-iphonesimulator/QelvoraApp-29b244ef777fcfbcbef7f347c6fce175-VFS-iphonesimulator/all-product-headers.yaml -Xcc -iquote -Xcc /Users/yingpengwang/.codex/worktrees/w3-conversations/creator-platform/tmp/w3-resume-20261001/ios-derived/Build/Intermediates.noindex/QelvoraApp.build/Debug-iphonesimulator/QelvoraApp.build/QelvoraApp-project-headers.hmap -Xcc -I/Users/yingpengwang/.codex/worktrees/w3-conversations/creator-platform/tmp/w3-resume-20261001/ios-derived/Build/Products/Debug-iphonesimulator/include -Xcc -I/Users/yingpengwang/.codex/worktrees/w3-conversations/creator-platform/tmp/w3-resume-20261001/ios-derived/Build/Intermediates.noindex/QelvoraApp.build/Debug-iphonesimulator/QelvoraApp.build/DerivedSources-normal/x86_64 -Xcc -I/Users/yingpengwang/.codex/worktrees/w3-conversations/creator-platform/tmp/w3-resume-20261001/ios-derived/Build/Intermediates.noindex/QelvoraApp.build/Debug-iphonesimulator/QelvoraApp.build/DerivedSources/x86_64 -Xcc -I/Users/yingpengwang/.codex/worktrees/w3-conversations/creator-platform/tmp/w3-resume-20261001/ios-derived/Build/Intermediates.noindex/QelvoraApp.build/Debug-iphonesimulator/QelvoraApp.build/DerivedSources -Xcc -DDEBUG\=1 -emit-objc-header -emit-objc-header-path /Users/yingpengwang/.codex/worktrees/w3-conversations/creator-platform/tmp/w3-resume-20261001/ios-derived/Build/Intermediates.noindex/QelvoraApp.build/Debug-iphonesimulator/QelvoraApp.build/Objects-normal/x86_64/QelvoraApp-Swift.h -working-directory /Users/yingpengwang/.codex/worktrees/w3-conversations/creator-platform/apps/ios -experimental-emit-module-separately -disable-cmo

SwiftMergeGeneratedHeaders /Users/yingpengwang/.codex/worktrees/w3-conversations/creator-platform/tmp/w3-resume-20261001/ios-derived/Build/Intermediates.noindex/QelvoraApp.build/Debug-iphonesimulator/QelvoraApp.build/DerivedSources/QelvoraApp-Swift.h /Users/yingpengwang/.codex/worktrees/w3-conversations/creator-platform/tmp/w3-resume-20261001/ios-derived/Build/Intermediates.noindex/QelvoraApp.build/Debug-iphonesimulator/QelvoraApp.build/Objects-normal/x86_64/QelvoraApp-Swift.h (in target 'QelvoraApp' from project 'QelvoraApp')
    cd /Users/yingpengwang/.codex/worktrees/w3-conversations/creator-platform/apps/ios
    builtin-swiftHeaderTool -arch x86_64 /Users/yingpengwang/.codex/worktrees/w3-conversations/creator-platform/tmp/w3-resume-20261001/ios-derived/Build/Intermediates.noindex/QelvoraApp.build/Debug-iphonesimulator/QelvoraApp.build/Objects-normal/x86_64/QelvoraApp-Swift.h -o /Users/yingpengwang/.codex/worktrees/w3-conversations/creator-platform/tmp/w3-resume-20261001/ios-derived/Build/Intermediates.noindex/QelvoraApp.build/Debug-iphonesimulator/QelvoraApp.build/DerivedSources/QelvoraApp-Swift.h

Copy /Users/yingpengwang/.codex/worktrees/w3-conversations/creator-platform/tmp/w3-resume-20261001/ios-derived/Build/Products/Debug-iphonesimulator/QelvoraApp.swiftmodule/x86_64-apple-ios-simulator.swiftmodule /Users/yingpengwang/.codex/worktrees/w3-conversations/creator-platform/tmp/w3-resume-20261001/ios-derived/Build/Intermediates.noindex/QelvoraApp.build/Debug-iphonesimulator/QelvoraApp.build/Objects-normal/x86_64/QelvoraApp.swiftmodule (in target 'QelvoraApp' from project 'QelvoraApp')
    cd /Users/yingpengwang/.codex/worktrees/w3-conversations/creator-platform/apps/ios
    builtin-copy -exclude .DS_Store -exclude CVS -exclude .svn -exclude .git -exclude .hg -resolve-src-symlinks -rename /Users/yingpengwang/.codex/worktrees/w3-conversations/creator-platform/tmp/w3-resume-20261001/ios-derived/Build/Intermediates.noindex/QelvoraApp.build/Debug-iphonesimulator/QelvoraApp.build/Objects-normal/x86_64/QelvoraApp.swiftmodule /Users/yingpengwang/.codex/worktrees/w3-conversations/creator-platform/tmp/w3-resume-20261001/ios-derived/Build/Products/Debug-iphonesimulator/QelvoraApp.swiftmodule/x86_64-apple-ios-simulator.swiftmodule

Copy /Users/yingpengwang/.codex/worktrees/w3-conversations/creator-platform/tmp/w3-resume-20261001/ios-derived/Build/Products/Debug-iphonesimulator/QelvoraApp.swiftmodule/x86_64-apple-ios-simulator.swiftdoc /Users/yingpengwang/.codex/worktrees/w3-conversations/creator-platform/tmp/w3-resume-20261001/ios-derived/Build/Intermediates.noindex/QelvoraApp.build/Debug-iphonesimulator/QelvoraApp.build/Objects-normal/x86_64/QelvoraApp.swiftdoc (in target 'QelvoraApp' from project 'QelvoraApp')
    cd /Users/yingpengwang/.codex/worktrees/w3-conversations/creator-platform/apps/ios
    builtin-copy -exclude .DS_Store -exclude CVS -exclude .svn -exclude .git -exclude .hg -resolve-src-symlinks -rename /Users/yingpengwang/.codex/worktrees/w3-conversations/creator-platform/tmp/w3-resume-20261001/ios-derived/Build/Intermediates.noindex/QelvoraApp.build/Debug-iphonesimulator/QelvoraApp.build/Objects-normal/x86_64/QelvoraApp.swiftdoc /Users/yingpengwang/.codex/worktrees/w3-conversations/creator-platform/tmp/w3-resume-20261001/ios-derived/Build/Products/Debug-iphonesimulator/QelvoraApp.swiftmodule/x86_64-apple-ios-simulator.swiftdoc

Copy /Users/yingpengwang/.codex/worktrees/w3-conversations/creator-platform/tmp/w3-resume-20261001/ios-derived/Build/Products/Debug-iphonesimulator/QelvoraApp.swiftmodule/x86_64-apple-ios-simulator.abi.json /Users/yingpengwang/.codex/worktrees/w3-conversations/creator-platform/tmp/w3-resume-20261001/ios-derived/Build/Intermediates.noindex/QelvoraApp.build/Debug-iphonesimulator/QelvoraApp.build/Objects-normal/x86_64/QelvoraApp.abi.json (in target 'QelvoraApp' from project 'QelvoraApp')
    cd /Users/yingpengwang/.codex/worktrees/w3-conversations/creator-platform/apps/ios
    builtin-copy -exclude .DS_Store -exclude CVS -exclude .svn -exclude .git -exclude .hg -resolve-src-symlinks -rename /Users/yingpengwang/.codex/worktrees/w3-conversations/creator-platform/tmp/w3-resume-20261001/ios-derived/Build/Intermediates.noindex/QelvoraApp.build/Debug-iphonesimulator/QelvoraApp.build/Objects-normal/x86_64/QelvoraApp.abi.json /Users/yingpengwang/.codex/worktrees/w3-conversations/creator-platform/tmp/w3-resume-20261001/ios-derived/Build/Products/Debug-iphonesimulator/QelvoraApp.swiftmodule/x86_64-apple-ios-simulator.abi.json

Copy /Users/yingpengwang/.codex/worktrees/w3-conversations/creator-platform/tmp/w3-resume-20261001/ios-derived/Build/Products/Debug-iphonesimulator/QelvoraApp.swiftmodule/Project/x86_64-apple-ios-simulator.swiftsourceinfo /Users/yingpengwang/.codex/worktrees/w3-conversations/creator-platform/tmp/w3-resume-20261001/ios-derived/Build/Intermediates.noindex/QelvoraApp.build/Debug-iphonesimulator/QelvoraApp.build/Objects-normal/x86_64/QelvoraApp.swiftsourceinfo (in target 'QelvoraApp' from project 'QelvoraApp')
    cd /Users/yingpengwang/.codex/worktrees/w3-conversations/creator-platform/apps/ios
    builtin-copy -exclude .DS_Store -exclude CVS -exclude .svn -exclude .git -exclude .hg -resolve-src-symlinks -rename /Users/yingpengwang/.codex/worktrees/w3-conversations/creator-platform/tmp/w3-resume-20261001/ios-derived/Build/Intermediates.noindex/QelvoraApp.build/Debug-iphonesimulator/QelvoraApp.build/Objects-normal/x86_64/QelvoraApp.swiftsourceinfo /Users/yingpengwang/.codex/worktrees/w3-conversations/creator-platform/tmp/w3-resume-20261001/ios-derived/Build/Products/Debug-iphonesimulator/QelvoraApp.swiftmodule/Project/x86_64-apple-ios-simulator.swiftsourceinfo

SwiftDriverJobDiscovery normal x86_64 Compiling QelvoraApp.swift (in target 'QelvoraApp' from project 'QelvoraApp')

SwiftDriver\ Compilation QelvoraApp normal x86_64 com.apple.xcode.tools.swift.compiler (in target 'QelvoraApp' from project 'QelvoraApp')
    cd /Users/yingpengwang/.codex/worktrees/w3-conversations/creator-platform/apps/ios
    builtin-Swift-Compilation -- /Applications/Xcode.app/Contents/Developer/Toolchains/XcodeDefault.xctoolchain/usr/bin/swiftc -module-name QelvoraApp -Onone @/Users/yingpengwang/.codex/worktrees/w3-conversations/creator-platform/tmp/w3-resume-20261001/ios-derived/Build/Intermediates.noindex/QelvoraApp.build/Debug-iphonesimulator/QelvoraApp.build/Objects-normal/x86_64/QelvoraApp.SwiftFileList -DDEBUG -enable-experimental-feature DebugDescriptionMacro -sdk /Applications/Xcode.app/Contents/Developer/Platforms/iPhoneSimulator.platform/Developer/SDKs/iPhoneSimulator26.5.sdk -target x86_64-apple-ios17.0-simulator -g -module-cache-path /Users/yingpengwang/.codex/worktrees/w3-conversations/creator-platform/tmp/w3-resume-20261001/ios-derived/ModuleCache.noindex -Xfrontend -serialize-debugging-options -enable-testing -index-store-path /Users/yingpengwang/.codex/worktrees/w3-conversations/creator-platform/tmp/w3-resume-20261001/ios-derived/Index.noindex/DataStore -Xcc -D_LIBCPP_HARDENING_MODE\=_LIBCPP_HARDENING_MODE_DEBUG -swift-version 6 -I /Users/yingpengwang/.codex/worktrees/w3-conversations/creator-platform/tmp/w3-resume-20261001/ios-derived/Build/Products/Debug-iphonesimulator -F /Users/yingpengwang/.codex/worktrees/w3-conversations/creator-platform/tmp/w3-resume-20261001/ios-derived/Build/Products/Debug-iphonesimulator/PackageFrameworks -F /Users/yingpengwang/.codex/worktrees/w3-conversations/creator-platform/tmp/w3-resume-20261001/ios-derived/Build/Products/Debug-iphonesimulator -parse-as-library -c -j16 -enable-batch-mode -incremental -Xcc -ivfsstatcache -Xcc /Users/yingpengwang/.codex/worktrees/w3-conversations/creator-platform/tmp/w3-resume-20261001/ios-derived/SDKStatCaches.noindex/iphonesimulator26.5-23F73-6cfe768891a92b912361537c460fe42b.sdkstatcache -output-file-map /Users/yingpengwang/.codex/worktrees/w3-conversations/creator-platform/tmp/w3-resume-20261001/ios-derived/Build/Intermediates.noindex/QelvoraApp.build/Debug-iphonesimulator/QelvoraApp.build/Objects-normal/x86_64/QelvoraApp-OutputFileMap.json -use-frontend-parseable-output -save-temps -no-color-diagnostics -explicit-module-build -module-cache-path /Users/yingpengwang/.codex/worktrees/w3-conversations/creator-platform/tmp/w3-resume-20261001/ios-derived/Build/Intermediates.noindex/SwiftExplicitPrecompiledModules -clang-scanner-module-cache-path /Users/yingpengwang/.codex/worktrees/w3-conversations/creator-platform/tmp/w3-resume-20261001/ios-derived/ModuleCache.noindex -sdk-module-cache-path /Users/yingpengwang/.codex/worktrees/w3-conversations/creator-platform/tmp/w3-resume-20261001/ios-derived/ModuleCache.noindex -serialize-diagnostics -emit-dependencies -emit-module -emit-module-path /Users/yingpengwang/.codex/worktrees/w3-conversations/creator-platform/tmp/w3-resume-20261001/ios-derived/Build/Intermediates.noindex/QelvoraApp.build/Debug-iphonesimulator/QelvoraApp.build/Objects-normal/x86_64/QelvoraApp.swiftmodule -validate-clang-modules-once -clang-build-session-file /Users/yingpengwang/.codex/worktrees/w3-conversations/creator-platform/tmp/w3-resume-20261001/ios-derived/ModuleCache.noindex/Session.modulevalidation -Xcc -I/Users/yingpengwang/.codex/worktrees/w3-conversations/creator-platform/tmp/w3-resume-20261001/ios-derived/Build/Intermediates.noindex/QelvoraApp.build/Debug-iphonesimulator/QelvoraApp.build/swift-overrides.hmap -emit-const-values -Xfrontend -const-gather-protocols-file -Xfrontend /Users/yingpengwang/.codex/worktrees/w3-conversations/creator-platform/tmp/w3-resume-20261001/ios-derived/Build/Intermediates.noindex/QelvoraApp.build/Debug-iphonesimulator/QelvoraApp.build/Objects-normal/x86_64/QelvoraApp_const_extract_protocols.json -Xcc -iquote -Xcc /Users/yingpengwang/.codex/worktrees/w3-conversations/creator-platform/tmp/w3-resume-20261001/ios-derived/Build/Intermediates.noindex/QelvoraApp.build/Debug-iphonesimulator/QelvoraApp.build/QelvoraApp-generated-files.hmap -Xcc -I/Users/yingpengwang/.codex/worktrees/w3-conversations/creator-platform/tmp/w3-resume-20261001/ios-derived/Build/Intermediates.noindex/QelvoraApp.build/Debug-iphonesimulator/QelvoraApp.build/QelvoraApp-own-target-headers.hmap -Xcc -I/Users/yingpengwang/.codex/worktrees/w3-conversations/creator-platform/tmp/w3-resume-20261001/ios-derived/Build/Intermediates.noindex/QelvoraApp.build/Debug-iphonesimulator/QelvoraApp.build/QelvoraApp-all-non-framework-target-headers.hmap -Xcc -ivfsoverlay -Xcc /Users/yingpengwang/.codex/worktrees/w3-conversations/creator-platform/tmp/w3-resume-20261001/ios-derived/Build/Intermediates.noindex/QelvoraApp.build/Debug-iphonesimulator/QelvoraApp-29b244ef777fcfbcbef7f347c6fce175-VFS-iphonesimulator/all-product-headers.yaml -Xcc -iquote -Xcc /Users/yingpengwang/.codex/worktrees/w3-conversations/creator-platform/tmp/w3-resume-20261001/ios-derived/Build/Intermediates.noindex/QelvoraApp.build/Debug-iphonesimulator/QelvoraApp.build/QelvoraApp-project-headers.hmap -Xcc -I/Users/yingpengwang/.codex/worktrees/w3-conversations/creator-platform/tmp/w3-resume-20261001/ios-derived/Build/Products/Debug-iphonesimulator/include -Xcc -I/Users/yingpengwang/.codex/worktrees/w3-conversations/creator-platform/tmp/w3-resume-20261001/ios-derived/Build/Intermediates.noindex/QelvoraApp.build/Debug-iphonesimulator/QelvoraApp.build/DerivedSources-normal/x86_64 -Xcc -I/Users/yingpengwang/.codex/worktrees/w3-conversations/creator-platform/tmp/w3-resume-20261001/ios-derived/Build/Intermediates.noindex/QelvoraApp.build/Debug-iphonesimulator/QelvoraApp.build/DerivedSources/x86_64 -Xcc -I/Users/yingpengwang/.codex/worktrees/w3-conversations/creator-platform/tmp/w3-resume-20261001/ios-derived/Build/Intermediates.noindex/QelvoraApp.build/Debug-iphonesimulator/QelvoraApp.build/DerivedSources -Xcc -DDEBUG\=1 -emit-objc-header -emit-objc-header-path /Users/yingpengwang/.codex/worktrees/w3-conversations/creator-platform/tmp/w3-resume-20261001/ios-derived/Build/Intermediates.noindex/QelvoraApp.build/Debug-iphonesimulator/QelvoraApp.build/Objects-normal/x86_64/QelvoraApp-Swift.h -working-directory /Users/yingpengwang/.codex/worktrees/w3-conversations/creator-platform/apps/ios -experimental-emit-module-separately -disable-cmo

Ld /Users/yingpengwang/.codex/worktrees/w3-conversations/creator-platform/tmp/w3-resume-20261001/ios-derived/Build/Products/Debug-iphonesimulator/QelvoraApp.app/QelvoraApp.debug.dylib normal (in target 'QelvoraApp' from project 'QelvoraApp')
    cd /Users/yingpengwang/.codex/worktrees/w3-conversations/creator-platform/apps/ios
    /Applications/Xcode.app/Contents/Developer/Toolchains/XcodeDefault.xctoolchain/usr/bin/clang -Xlinker -reproducible -target x86_64-apple-ios17.0-simulator -dynamiclib -isysroot /Applications/Xcode.app/Contents/Developer/Platforms/iPhoneSimulator.platform/Developer/SDKs/iPhoneSimulator26.5.sdk -O0 -L/Users/yingpengwang/.codex/worktrees/w3-conversations/creator-platform/tmp/w3-resume-20261001/ios-derived/Build/Intermediates.noindex/EagerLinkingTBDs/Debug-iphonesimulator -L/Users/yingpengwang/.codex/worktrees/w3-conversations/creator-platform/tmp/w3-resume-20261001/ios-derived/Build/Products/Debug-iphonesimulator -F/Users/yingpengwang/.codex/worktrees/w3-conversations/creator-platform/tmp/w3-resume-20261001/ios-derived/Build/Intermediates.noindex/EagerLinkingTBDs/Debug-iphonesimulator -F/Users/yingpengwang/.codex/worktrees/w3-conversations/creator-platform/tmp/w3-resume-20261001/ios-derived/Build/Products/Debug-iphonesimulator/PackageFrameworks -F/Users/yingpengwang/.codex/worktrees/w3-conversations/creator-platform/tmp/w3-resume-20261001/ios-derived/Build/Products/Debug-iphonesimulator -filelist /Users/yingpengwang/.codex/worktrees/w3-conversations/creator-platform/tmp/w3-resume-20261001/ios-derived/Build/Intermediates.noindex/QelvoraApp.build/Debug-iphonesimulator/QelvoraApp.build/Objects-normal/x86_64/QelvoraApp.LinkFileList -install_name @rpath/QelvoraApp.debug.dylib -Xlinker -rpath -Xlinker /usr/lib/swift -Xlinker -rpath -Xlinker /Users/yingpengwang/.codex/worktrees/w3-conversations/creator-platform/tmp/w3-resume-20261001/ios-derived/Build/Products/Debug-iphonesimulator/PackageFrameworks -Xlinker -rpath -Xlinker @executable_path/Frameworks -Xlinker -dead_strip -Xlinker -object_path_lto -Xlinker /Users/yingpengwang/.codex/worktrees/w3-conversations/creator-platform/tmp/w3-resume-20261001/ios-derived/Build/Intermediates.noindex/QelvoraApp.build/Debug-iphonesimulator/QelvoraApp.build/Objects-normal/x86_64/QelvoraApp_lto.o -rdynamic -Xlinker -no_deduplicate -Xlinker -objc_abi_version -Xlinker 2 -Xlinker -dependency_info -Xlinker /Users/yingpengwang/.codex/worktrees/w3-conversations/creator-platform/tmp/w3-resume-20261001/ios-derived/Build/Intermediates.noindex/QelvoraApp.build/Debug-iphonesimulator/QelvoraApp.build/Objects-normal/x86_64/QelvoraApp_dependency_info.dat -fobjc-link-runtime -L/Applications/Xcode.app/Contents/Developer/Toolchains/XcodeDefault.xctoolchain/usr/lib/swift/iphonesimulator -L/usr/lib/swift -Xlinker -add_ast_path -Xlinker /Users/yingpengwang/.codex/worktrees/w3-conversations/creator-platform/tmp/w3-resume-20261001/ios-derived/Build/Intermediates.noindex/QelvoraApp.build/Debug-iphonesimulator/QelvoraApp.build/Objects-normal/x86_64/QelvoraApp.swiftmodule @/Users/yingpengwang/.codex/worktrees/w3-conversations/creator-platform/tmp/w3-resume-20261001/ios-derived/Build/Intermediates.noindex/QelvoraApp.build/Debug-iphonesimulator/QelvoraApp.build/Objects-normal/x86_64/QelvoraApp-linker-args.resp -Wl,-no_warn_duplicate_libraries -Xlinker -alias -Xlinker _main -Xlinker ___debug_main_executable_dylib_entry_point -o /Users/yingpengwang/.codex/worktrees/w3-conversations/creator-platform/tmp/w3-resume-20261001/ios-derived/Build/Products/Debug-iphonesimulator/QelvoraApp.app/QelvoraApp.debug.dylib -Xlinker -add_ast_path -Xlinker /Users/yingpengwang/.codex/worktrees/w3-conversations/creator-platform/tmp/w3-resume-20261001/ios-derived/Build/Intermediates.noindex/QelvoraNative.build/Debug-iphonesimulator/QelvoraUI.build/Objects-normal/x86_64/QelvoraUI.swiftmodule @/Users/yingpengwang/.codex/worktrees/w3-conversations/creator-platform/tmp/w3-resume-20261001/ios-derived/Build/Intermediates.noindex/QelvoraNative.build/Debug-iphonesimulator/QelvoraUI.build/Objects-normal/x86_64/QelvoraUI-linker-args.resp

ConstructStubExecutorLinkFileList /Users/yingpengwang/.codex/worktrees/w3-conversations/creator-platform/tmp/w3-resume-20261001/ios-derived/Build/Intermediates.noindex/QelvoraApp.build/Debug-iphonesimulator/QelvoraApp.build/QelvoraApp-ExecutorLinkFileList-normal-x86_64.txt (in target 'QelvoraApp' from project 'QelvoraApp')
    cd /Users/yingpengwang/.codex/worktrees/w3-conversations/creator-platform/apps/ios
    construct-stub-executor-link-file-list /Users/yingpengwang/.codex/worktrees/w3-conversations/creator-platform/tmp/w3-resume-20261001/ios-derived/Build/Products/Debug-iphonesimulator/QelvoraApp.app/QelvoraApp.debug.dylib /Applications/Xcode.app/Contents/Developer/Platforms/iPhoneSimulator.platform/Developer/usr/lib/libPreviewsJITStubExecutor_no_swift_entry_point.a /Applications/Xcode.app/Contents/Developer/Platforms/iPhoneSimulator.platform/Developer/usr/lib/libPreviewsJITStubExecutor.a --output /Users/yingpengwang/.codex/worktrees/w3-conversations/creator-platform/tmp/w3-resume-20261001/ios-derived/Build/Intermediates.noindex/QelvoraApp.build/Debug-iphonesimulator/QelvoraApp.build/QelvoraApp-ExecutorLinkFileList-normal-x86_64.txt
note: Using stub executor library with Swift entry point. (in target 'QelvoraApp' from project 'QelvoraApp')

Ld /Users/yingpengwang/.codex/worktrees/w3-conversations/creator-platform/tmp/w3-resume-20261001/ios-derived/Build/Products/Debug-iphonesimulator/QelvoraApp.app/QelvoraApp normal (in target 'QelvoraApp' from project 'QelvoraApp')
    cd /Users/yingpengwang/.codex/worktrees/w3-conversations/creator-platform/apps/ios
    /Applications/Xcode.app/Contents/Developer/Toolchains/XcodeDefault.xctoolchain/usr/bin/clang -Xlinker -reproducible -target x86_64-apple-ios17.0-simulator -isysroot /Applications/Xcode.app/Contents/Developer/Platforms/iPhoneSimulator.platform/Developer/SDKs/iPhoneSimulator26.5.sdk -O0 -L/Users/yingpengwang/.codex/worktrees/w3-conversations/creator-platform/tmp/w3-resume-20261001/ios-derived/Build/Products/Debug-iphonesimulator -F/Users/yingpengwang/.codex/worktrees/w3-conversations/creator-platform/tmp/w3-resume-20261001/ios-derived/Build/Products/Debug-iphonesimulator/PackageFrameworks -F/Users/yingpengwang/.codex/worktrees/w3-conversations/creator-platform/tmp/w3-resume-20261001/ios-derived/Build/Products/Debug-iphonesimulator -Xlinker -rpath -Xlinker @executable_path -Xlinker -rpath -Xlinker /Users/yingpengwang/.codex/worktrees/w3-conversations/creator-platform/tmp/w3-resume-20261001/ios-derived/Build/Products/Debug-iphonesimulator/PackageFrameworks -Xlinker -rpath -Xlinker @executable_path/Frameworks -rdynamic -Xlinker -no_deduplicate -Xlinker -objc_abi_version -Xlinker 2 -e ___debug_blank_executor_main -Xlinker -sectcreate -Xlinker __TEXT -Xlinker __debug_dylib -Xlinker /Users/yingpengwang/.codex/worktrees/w3-conversations/creator-platform/tmp/w3-resume-20261001/ios-derived/Build/Intermediates.noindex/QelvoraApp.build/Debug-iphonesimulator/QelvoraApp.build/QelvoraApp-DebugDylibPath-normal-x86_64.txt -Xlinker -sectcreate -Xlinker __TEXT -Xlinker __debug_instlnm -Xlinker /Users/yingpengwang/.codex/worktrees/w3-conversations/creator-platform/tmp/w3-resume-20261001/ios-derived/Build/Intermediates.noindex/QelvoraApp.build/Debug-iphonesimulator/QelvoraApp.build/QelvoraApp-DebugDylibInstallName-normal-x86_64.txt -Xlinker -filelist -Xlinker /Users/yingpengwang/.codex/worktrees/w3-conversations/creator-platform/tmp/w3-resume-20261001/ios-derived/Build/Intermediates.noindex/QelvoraApp.build/Debug-iphonesimulator/QelvoraApp.build/QelvoraApp-ExecutorLinkFileList-normal-x86_64.txt /Users/yingpengwang/.codex/worktrees/w3-conversations/creator-platform/tmp/w3-resume-20261001/ios-derived/Build/Products/Debug-iphonesimulator/QelvoraApp.app/QelvoraApp.debug.dylib -o /Users/yingpengwang/.codex/worktrees/w3-conversations/creator-platform/tmp/w3-resume-20261001/ios-derived/Build/Products/Debug-iphonesimulator/QelvoraApp.app/QelvoraApp

CopySwiftLibs /Users/yingpengwang/.codex/worktrees/w3-conversations/creator-platform/tmp/w3-resume-20261001/ios-derived/Build/Products/Debug-iphonesimulator/QelvoraApp.app (in target 'QelvoraApp' from project 'QelvoraApp')
    cd /Users/yingpengwang/.codex/worktrees/w3-conversations/creator-platform/apps/ios
    builtin-swiftStdLibTool --copy --verbose --scan-executable /Users/yingpengwang/.codex/worktrees/w3-conversations/creator-platform/tmp/w3-resume-20261001/ios-derived/Build/Products/Debug-iphonesimulator/QelvoraApp.app/QelvoraApp.debug.dylib --scan-folder /Users/yingpengwang/.codex/worktrees/w3-conversations/creator-platform/tmp/w3-resume-20261001/ios-derived/Build/Products/Debug-iphonesimulator/QelvoraApp.app/Frameworks --scan-folder /Users/yingpengwang/.codex/worktrees/w3-conversations/creator-platform/tmp/w3-resume-20261001/ios-derived/Build/Products/Debug-iphonesimulator/QelvoraApp.app/PlugIns --scan-folder /Users/yingpengwang/.codex/worktrees/w3-conversations/creator-platform/tmp/w3-resume-20261001/ios-derived/Build/Products/Debug-iphonesimulator/QelvoraApp.app/SystemExtensions --scan-folder /Users/yingpengwang/.codex/worktrees/w3-conversations/creator-platform/tmp/w3-resume-20261001/ios-derived/Build/Products/Debug-iphonesimulator/QelvoraApp.app/Extensions --platform iphonesimulator --toolchain /Applications/Xcode.app/Contents/Developer/Toolchains/XcodeDefault.xctoolchain --destination /Users/yingpengwang/.codex/worktrees/w3-conversations/creator-platform/tmp/w3-resume-20261001/ios-derived/Build/Products/Debug-iphonesimulator/QelvoraApp.app/Frameworks --strip-bitcode --strip-bitcode-tool /Applications/Xcode.app/Contents/Developer/Toolchains/XcodeDefault.xctoolchain/usr/bin/bitcode_strip --emit-dependency-info /Users/yingpengwang/.codex/worktrees/w3-conversations/creator-platform/tmp/w3-resume-20261001/ios-derived/Build/Intermediates.noindex/QelvoraApp.build/Debug-iphonesimulator/QelvoraApp.build/SwiftStdLibToolInputDependencies.dep --filter-for-swift-os
Ignoring --strip-bitcode because --sign was not passed

ExtractAppIntentsMetadata (in target 'QelvoraApp' from project 'QelvoraApp')
    cd /Users/yingpengwang/.codex/worktrees/w3-conversations/creator-platform/apps/ios
    /Applications/Xcode.app/Contents/Developer/Toolchains/XcodeDefault.xctoolchain/usr/bin/appintentsmetadataprocessor --toolchain-dir /Applications/Xcode.app/Contents/Developer/Toolchains/XcodeDefault.xctoolchain --module-name QelvoraApp --sdk-root /Applications/Xcode.app/Contents/Developer/Platforms/iPhoneSimulator.platform/Developer/SDKs/iPhoneSimulator26.5.sdk --xcode-version 17F42 --platform-family iOS --deployment-target 17.0 --bundle-identifier com.pantopus.qelvora --output /Users/yingpengwang/.codex/worktrees/w3-conversations/creator-platform/tmp/w3-resume-20261001/ios-derived/Build/Products/Debug-iphonesimulator/QelvoraApp.app --target-triple x86_64-apple-ios17.0-simulator --binary-file /Users/yingpengwang/.codex/worktrees/w3-conversations/creator-platform/tmp/w3-resume-20261001/ios-derived/Build/Products/Debug-iphonesimulator/QelvoraApp.app/QelvoraApp --dependency-file /Users/yingpengwang/.codex/worktrees/w3-conversations/creator-platform/tmp/w3-resume-20261001/ios-derived/Build/Intermediates.noindex/QelvoraApp.build/Debug-iphonesimulator/QelvoraApp.build/Objects-normal/x86_64/QelvoraApp_dependency_info.dat --stringsdata-file /Users/yingpengwang/.codex/worktrees/w3-conversations/creator-platform/tmp/w3-resume-20261001/ios-derived/Build/Intermediates.noindex/QelvoraApp.build/Debug-iphonesimulator/QelvoraApp.build/Objects-normal/x86_64/ExtractedAppShortcutsMetadata.stringsdata --source-file-list /Users/yingpengwang/.codex/worktrees/w3-conversations/creator-platform/tmp/w3-resume-20261001/ios-derived/Build/Intermediates.noindex/QelvoraApp.build/Debug-iphonesimulator/QelvoraApp.build/Objects-normal/x86_64/QelvoraApp.SwiftFileList --metadata-file-list /Users/yingpengwang/.codex/worktrees/w3-conversations/creator-platform/tmp/w3-resume-20261001/ios-derived/Build/Intermediates.noindex/QelvoraApp.build/Debug-iphonesimulator/QelvoraApp.build/QelvoraApp.DependencyMetadataFileList --static-metadata-file-list /Users/yingpengwang/.codex/worktrees/w3-conversations/creator-platform/tmp/w3-resume-20261001/ios-derived/Build/Intermediates.noindex/QelvoraApp.build/Debug-iphonesimulator/QelvoraApp.build/QelvoraApp.DependencyStaticMetadataFileList --swift-const-vals-list /Users/yingpengwang/.codex/worktrees/w3-conversations/creator-platform/tmp/w3-resume-20261001/ios-derived/Build/Intermediates.noindex/QelvoraApp.build/Debug-iphonesimulator/QelvoraApp.build/Objects-normal/x86_64/QelvoraApp.SwiftConstValuesFileList --compile-time-extraction --deployment-aware-processing --validate-assistant-intents --no-app-shortcuts-localization
2026-10-01 02:28:31.509 appintentsmetadataprocessor[56614:2394089] Starting appintentsmetadataprocessor export
2026-10-01 02:28:31.512 appintentsmetadataprocessor[56614:2394089] warning: Metadata extraction skipped. No AppIntents.framework dependency found.

AppIntentsSSUTraining (in target 'QelvoraApp' from project 'QelvoraApp')
    cd /Users/yingpengwang/.codex/worktrees/w3-conversations/creator-platform/apps/ios
    /Applications/Xcode.app/Contents/Developer/Toolchains/XcodeDefault.xctoolchain/usr/bin/appintentsnltrainingprocessor --infoplist-path /Users/yingpengwang/.codex/worktrees/w3-conversations/creator-platform/tmp/w3-resume-20261001/ios-derived/Build/Products/Debug-iphonesimulator/QelvoraApp.app/Info.plist --temp-dir-path /Users/yingpengwang/.codex/worktrees/w3-conversations/creator-platform/tmp/w3-resume-20261001/ios-derived/Build/Intermediates.noindex/QelvoraApp.build/Debug-iphonesimulator/QelvoraApp.build/ssu --bundle-id com.pantopus.qelvora --product-path /Users/yingpengwang/.codex/worktrees/w3-conversations/creator-platform/tmp/w3-resume-20261001/ios-derived/Build/Products/Debug-iphonesimulator/QelvoraApp.app --extracted-metadata-path /Users/yingpengwang/.codex/worktrees/w3-conversations/creator-platform/tmp/w3-resume-20261001/ios-derived/Build/Products/Debug-iphonesimulator/QelvoraApp.app/Metadata.appintents --metadata-file-list /Users/yingpengwang/.codex/worktrees/w3-conversations/creator-platform/tmp/w3-resume-20261001/ios-derived/Build/Intermediates.noindex/QelvoraApp.build/Debug-iphonesimulator/QelvoraApp.build/QelvoraApp.DependencyMetadataFileList --source-file /Users/yingpengwang/.codex/worktrees/w3-conversations/creator-platform/tmp/w3-resume-20261001/ios-derived/Build/Products/Debug-iphonesimulator/QelvoraApp.app/Info.plist --archive-ssu-assets
2026-10-01 02:28:31.563 appintentsnltrainingprocessor[56615:2394091] Parsing options for appintentsnltrainingprocessor
2026-10-01 02:28:31.564 appintentsnltrainingprocessor[56615:2394091] Starting AppIntents SSU YAML Generation
2026-10-01 02:28:31.567 appintentsnltrainingprocessor[56615:2394091] No AppShortcuts found - Skipping.

RegisterExecutionPolicyException /Users/yingpengwang/.codex/worktrees/w3-conversations/creator-platform/tmp/w3-resume-20261001/ios-derived/Build/Products/Debug-iphonesimulator/QelvoraApp.app (in target 'QelvoraApp' from project 'QelvoraApp')
    cd /Users/yingpengwang/.codex/worktrees/w3-conversations/creator-platform/apps/ios
    builtin-RegisterExecutionPolicyException /Users/yingpengwang/.codex/worktrees/w3-conversations/creator-platform/tmp/w3-resume-20261001/ios-derived/Build/Products/Debug-iphonesimulator/QelvoraApp.app

Validate /Users/yingpengwang/.codex/worktrees/w3-conversations/creator-platform/tmp/w3-resume-20261001/ios-derived/Build/Products/Debug-iphonesimulator/QelvoraApp.app (in target 'QelvoraApp' from project 'QelvoraApp')
    cd /Users/yingpengwang/.codex/worktrees/w3-conversations/creator-platform/apps/ios
    builtin-validationUtility /Users/yingpengwang/.codex/worktrees/w3-conversations/creator-platform/tmp/w3-resume-20261001/ios-derived/Build/Products/Debug-iphonesimulator/QelvoraApp.app -shallow-bundle -infoplist-subpath Info.plist

Touch /Users/yingpengwang/.codex/worktrees/w3-conversations/creator-platform/tmp/w3-resume-20261001/ios-derived/Build/Products/Debug-iphonesimulator/QelvoraApp.app (in target 'QelvoraApp' from project 'QelvoraApp')
    cd /Users/yingpengwang/.codex/worktrees/w3-conversations/creator-platform/apps/ios
    /usr/bin/touch -c /Users/yingpengwang/.codex/worktrees/w3-conversations/creator-platform/tmp/w3-resume-20261001/ios-derived/Build/Products/Debug-iphonesimulator/QelvoraApp.app

** BUILD SUCCEEDED **

