ios-foundation	Set up job	﻿2026-10-01T03:14:41.9362810Z Current runner version: '2.337.0'
ios-foundation	Set up job	2026-10-01T03:14:41.9379450Z ##[group]Runner Image Provisioner
ios-foundation	Set up job	2026-10-01T03:14:41.9380020Z Hosted Compute Agent
ios-foundation	Set up job	2026-10-01T03:14:41.9380390Z Version: 20260901.588
ios-foundation	Set up job	2026-10-01T03:14:41.9380790Z Commit: f88ec8081b781fac6c440065ac7ff9e710ce3d0b
ios-foundation	Set up job	2026-10-01T03:14:41.9381250Z Build Date: 2026-09-01T19:56:44Z
ios-foundation	Set up job	2026-10-01T03:14:41.9381690Z Worker ID: {dddf2aa8-37b7-41ce-a4d0-004e6b2480d1}
ios-foundation	Set up job	2026-10-01T03:14:41.9382150Z Azure Region: westus
ios-foundation	Set up job	2026-10-01T03:14:41.9382520Z ##[endgroup]
ios-foundation	Set up job	2026-10-01T03:14:41.9383370Z ##[group]Operating System
ios-foundation	Set up job	2026-10-01T03:14:41.9383780Z macOS
ios-foundation	Set up job	2026-10-01T03:14:41.9384110Z 27.0
ios-foundation	Set up job	2026-10-01T03:14:41.9384500Z 26A428
ios-foundation	Set up job	2026-10-01T03:14:41.9384850Z ##[endgroup]
ios-foundation	Set up job	2026-10-01T03:14:41.9385210Z ##[group]Runner Image
ios-foundation	Set up job	2026-10-01T03:14:41.9385610Z Image: xcode-27-arm64
ios-foundation	Set up job	2026-10-01T03:14:41.9386000Z Version: 20260928.0222.1
ios-foundation	Set up job	2026-10-01T03:14:41.9386790Z Included Software: https://github.com/actions/runner-images/blob/xcode-27-arm64/20260928.0222/images/macos/xcode-27-arm64-Readme.md
ios-foundation	Set up job	2026-10-01T03:14:41.9387950Z Image Release: https://github.com/actions/runner-images/releases/tag/xcode-27-arm64%2F20260928.0222
ios-foundation	Set up job	2026-10-01T03:14:41.9388650Z ##[endgroup]
ios-foundation	Set up job	2026-10-01T03:14:41.9389610Z ##[group]GITHUB_TOKEN Permissions
ios-foundation	Set up job	2026-10-01T03:14:41.9390930Z Contents: read
ios-foundation	Set up job	2026-10-01T03:14:41.9391410Z Metadata: read
ios-foundation	Set up job	2026-10-01T03:14:41.9391830Z Packages: read
ios-foundation	Set up job	2026-10-01T03:14:41.9392300Z ##[endgroup]
ios-foundation	Set up job	2026-10-01T03:14:41.9393990Z Secret source: Actions
ios-foundation	Set up job	2026-10-01T03:14:41.9394760Z Cache mode: write
ios-foundation	Set up job	2026-10-01T03:14:41.9395280Z Prepare workflow directory
ios-foundation	Set up job	2026-10-01T03:14:41.9781350Z Prepare all required actions
ios-foundation	Set up job	2026-10-01T03:14:41.9817830Z Getting action download info
ios-foundation	Set up job	2026-10-01T03:14:42.2833150Z Download action repository 'actions/checkout@v4' (SHA:11d5960a326750d5838078e36cf38b85af677262)
ios-foundation	Set up job	2026-10-01T03:14:42.6036250Z Download action repository 'actions/upload-artifact@v4' (SHA:ea165f8d65b6e75b540449e92b4886f43607fa02)
ios-foundation	Set up job	2026-10-01T03:14:42.7936270Z Complete job name: ios-foundation
ios-foundation	Run actions/checkout@v4	﻿2026-10-01T03:14:42.8369950Z ##[group]Run actions/checkout@v4
ios-foundation	Run actions/checkout@v4	2026-10-01T03:14:42.8370640Z with:
ios-foundation	Run actions/checkout@v4	2026-10-01T03:14:42.8371030Z   repository: WangPantopus/creator-platform
ios-foundation	Run actions/checkout@v4	2026-10-01T03:14:42.8373850Z   token: ***
ios-foundation	Run actions/checkout@v4	2026-10-01T03:14:42.8374200Z   ssh-strict: true
ios-foundation	Run actions/checkout@v4	2026-10-01T03:14:42.8374550Z   ssh-user: git
ios-foundation	Run actions/checkout@v4	2026-10-01T03:14:42.8374960Z   persist-credentials: true
ios-foundation	Run actions/checkout@v4	2026-10-01T03:14:42.8375360Z   clean: true
ios-foundation	Run actions/checkout@v4	2026-10-01T03:14:42.8375720Z   sparse-checkout-cone-mode: true
ios-foundation	Run actions/checkout@v4	2026-10-01T03:14:42.8376140Z   fetch-depth: 1
ios-foundation	Run actions/checkout@v4	2026-10-01T03:14:42.8376500Z   fetch-tags: false
ios-foundation	Run actions/checkout@v4	2026-10-01T03:14:42.8376980Z   show-progress: true
ios-foundation	Run actions/checkout@v4	2026-10-01T03:14:42.8377380Z   lfs: false
ios-foundation	Run actions/checkout@v4	2026-10-01T03:14:42.8377710Z   submodules: false
ios-foundation	Run actions/checkout@v4	2026-10-01T03:14:42.8378100Z   set-safe-directory: true
ios-foundation	Run actions/checkout@v4	2026-10-01T03:14:42.8393530Z   allow-unsafe-pr-checkout: false
ios-foundation	Run actions/checkout@v4	2026-10-01T03:14:42.8394750Z env:
ios-foundation	Run actions/checkout@v4	2026-10-01T03:14:42.8395380Z   SNAPSHOT_ARTIFACTS: /Users/runner/work/creator-platform/creator-platform/artifacts/ios/snapshots
ios-foundation	Run actions/checkout@v4	2026-10-01T03:14:42.8396070Z ##[endgroup]
ios-foundation	Run actions/checkout@v4	2026-10-01T03:14:43.0205760Z Syncing repository: WangPantopus/creator-platform
ios-foundation	Run actions/checkout@v4	2026-10-01T03:14:43.0207840Z ##[group]Getting Git version info
ios-foundation	Run actions/checkout@v4	2026-10-01T03:14:43.0208620Z Working directory is '/Users/runner/work/creator-platform/creator-platform'
ios-foundation	Run actions/checkout@v4	2026-10-01T03:14:43.0209450Z [command]/opt/homebrew/bin/git version
ios-foundation	Run actions/checkout@v4	2026-10-01T03:14:43.0433940Z git version 2.55.0
ios-foundation	Run actions/checkout@v4	2026-10-01T03:14:43.0445190Z ##[endgroup]
ios-foundation	Run actions/checkout@v4	2026-10-01T03:14:43.0450830Z Copying '/Users/runner/.gitconfig' to '/Users/runner/work/_temp/74e4f033-7090-4116-928c-a06ebb4a41db/.gitconfig'
ios-foundation	Run actions/checkout@v4	2026-10-01T03:14:43.0457860Z Temporarily overriding HOME='/Users/runner/work/_temp/74e4f033-7090-4116-928c-a06ebb4a41db' before making global git config changes
ios-foundation	Run actions/checkout@v4	2026-10-01T03:14:43.0458820Z Adding repository directory to the temporary git global config as a safe directory
ios-foundation	Run actions/checkout@v4	2026-10-01T03:14:43.0461140Z [command]/opt/homebrew/bin/git config --global --add safe.directory /Users/runner/work/creator-platform/creator-platform
ios-foundation	Run actions/checkout@v4	2026-10-01T03:14:43.0571120Z Deleting the contents of '/Users/runner/work/creator-platform/creator-platform'
ios-foundation	Run actions/checkout@v4	2026-10-01T03:14:43.0573930Z ##[group]Initializing the repository
ios-foundation	Run actions/checkout@v4	2026-10-01T03:14:43.0577600Z [command]/opt/homebrew/bin/git init /Users/runner/work/creator-platform/creator-platform
ios-foundation	Run actions/checkout@v4	2026-10-01T03:14:43.0789490Z hint: Using 'master' as the name for the initial branch. This default branch name
ios-foundation	Run actions/checkout@v4	2026-10-01T03:14:43.0791750Z hint: will change to "main" in Git 3.0. To configure the initial branch name
ios-foundation	Run actions/checkout@v4	2026-10-01T03:14:43.0792850Z hint: to use in all of your new repositories, which will suppress this warning,
ios-foundation	Run actions/checkout@v4	2026-10-01T03:14:43.0793620Z hint: call:
ios-foundation	Run actions/checkout@v4	2026-10-01T03:14:43.0794600Z hint:
ios-foundation	Run actions/checkout@v4	2026-10-01T03:14:43.0795530Z hint: 	git config --global init.defaultBranch <name>
ios-foundation	Run actions/checkout@v4	2026-10-01T03:14:43.0796140Z hint:
ios-foundation	Run actions/checkout@v4	2026-10-01T03:14:43.0796880Z hint: Names commonly chosen instead of 'master' are 'main', 'trunk' and
ios-foundation	Run actions/checkout@v4	2026-10-01T03:14:43.0797740Z hint: 'development'. The just-created branch can be renamed via this command:
ios-foundation	Run actions/checkout@v4	2026-10-01T03:14:43.0798630Z hint:
ios-foundation	Run actions/checkout@v4	2026-10-01T03:14:43.0800410Z hint: 	git branch -m <name>
ios-foundation	Run actions/checkout@v4	2026-10-01T03:14:43.0801270Z hint:
ios-foundation	Run actions/checkout@v4	2026-10-01T03:14:43.0801860Z hint: Disable this message with "git config set advice.defaultBranchName false"
ios-foundation	Run actions/checkout@v4	2026-10-01T03:14:43.0803130Z Initialized empty Git repository in /Users/runner/work/creator-platform/creator-platform/.git/
ios-foundation	Run actions/checkout@v4	2026-10-01T03:14:43.0805010Z [command]/opt/homebrew/bin/git remote add origin https://github.com/WangPantopus/creator-platform
ios-foundation	Run actions/checkout@v4	2026-10-01T03:14:43.0876000Z ##[endgroup]
ios-foundation	Run actions/checkout@v4	2026-10-01T03:14:43.0876790Z ##[group]Disabling automatic garbage collection
ios-foundation	Run actions/checkout@v4	2026-10-01T03:14:43.0878930Z [command]/opt/homebrew/bin/git config --local gc.auto 0
ios-foundation	Run actions/checkout@v4	2026-10-01T03:14:43.0953590Z ##[endgroup]
ios-foundation	Run actions/checkout@v4	2026-10-01T03:14:43.0954390Z ##[group]Setting up auth
ios-foundation	Run actions/checkout@v4	2026-10-01T03:14:43.0959100Z [command]/opt/homebrew/bin/git config --local --name-only --get-regexp core\.sshCommand
ios-foundation	Run actions/checkout@v4	2026-10-01T03:14:43.1069230Z [command]/opt/homebrew/bin/git submodule foreach --recursive sh -c "git config --local --name-only --get-regexp 'core\.sshCommand' && git config --local --unset-all 'core.sshCommand' || :"
ios-foundation	Run actions/checkout@v4	2026-10-01T03:14:43.2482050Z [command]/opt/homebrew/bin/git config --local --name-only --get-regexp http\.https\:\/\/github\.com\/\.extraheader
ios-foundation	Run actions/checkout@v4	2026-10-01T03:14:43.2766840Z [command]/opt/homebrew/bin/git submodule foreach --recursive sh -c "git config --local --name-only --get-regexp 'http\.https\:\/\/github\.com\/\.extraheader' && git config --local --unset-all 'http.https://github.com/.extraheader' || :"
ios-foundation	Run actions/checkout@v4	2026-10-01T03:14:43.4049730Z [command]/opt/homebrew/bin/git config --local --name-only --get-regexp ^includeIf\.gitdir:
ios-foundation	Run actions/checkout@v4	2026-10-01T03:14:43.4246390Z [command]/opt/homebrew/bin/git submodule foreach --recursive git config --local --show-origin --name-only --get-regexp remote.origin.url
ios-foundation	Run actions/checkout@v4	2026-10-01T03:14:43.5901370Z [command]/opt/homebrew/bin/git config --local http.https://github.com/.extraheader AUTHORIZATION: basic ***
ios-foundation	Run actions/checkout@v4	2026-10-01T03:14:43.5967330Z ##[endgroup]
ios-foundation	Run actions/checkout@v4	2026-10-01T03:14:43.5968440Z ##[group]Fetching the repository
ios-foundation	Run actions/checkout@v4	2026-10-01T03:14:43.5969650Z [command]/opt/homebrew/bin/git -c protocol.version=2 fetch --no-tags --prune --no-recurse-submodules --depth=1 origin +26525a683ff0bf6d4189d3c567f19c1297bb3b7f:refs/remotes/pull/4/merge
ios-foundation	Run actions/checkout@v4	2026-10-01T03:14:44.6218520Z From https://github.com/WangPantopus/creator-platform
ios-foundation	Run actions/checkout@v4	2026-10-01T03:14:44.6277820Z  * [new ref]         26525a683ff0bf6d4189d3c567f19c1297bb3b7f -> pull/4/merge
ios-foundation	Run actions/checkout@v4	2026-10-01T03:14:44.6451320Z ##[endgroup]
ios-foundation	Run actions/checkout@v4	2026-10-01T03:14:44.6475130Z ##[group]Determining the checkout info
ios-foundation	Run actions/checkout@v4	2026-10-01T03:14:44.6480790Z ##[endgroup]
ios-foundation	Run actions/checkout@v4	2026-10-01T03:14:44.6491170Z [command]/opt/homebrew/bin/git sparse-checkout disable
ios-foundation	Run actions/checkout@v4	2026-10-01T03:14:44.6523340Z [command]/opt/homebrew/bin/git config --local --unset-all extensions.worktreeConfig
ios-foundation	Run actions/checkout@v4	2026-10-01T03:14:44.6559470Z ##[group]Checking out the ref
ios-foundation	Run actions/checkout@v4	2026-10-01T03:14:44.6590080Z [command]/opt/homebrew/bin/git checkout --progress --force refs/remotes/pull/4/merge
ios-foundation	Run actions/checkout@v4	2026-10-01T03:14:44.8513950Z HEAD is now at 26525a6 Merge a124ad00c4c8646ed9556318be0ce8bc5506398a into 2e337a1afdf6d8bba3974427588e0b34b6d42d36
ios-foundation	Run actions/checkout@v4	2026-10-01T03:14:44.8532370Z ##[endgroup]
ios-foundation	Run actions/checkout@v4	2026-10-01T03:14:44.8643710Z [command]/opt/homebrew/bin/git log -1 --format=%H
ios-foundation	Run actions/checkout@v4	2026-10-01T03:14:44.8739160Z 26525a683ff0bf6d4189d3c567f19c1297bb3b7f
ios-foundation	Run swift test --package-path apps/ios	﻿2026-10-01T03:14:44.8971980Z ##[group]Run swift test --package-path apps/ios
ios-foundation	Run swift test --package-path apps/ios	2026-10-01T03:14:44.8973160Z ^[[36;1mswift test --package-path apps/ios^[[0m
ios-foundation	Run swift test --package-path apps/ios	2026-10-01T03:14:44.9025400Z shell: /bin/bash -e {0}
ios-foundation	Run swift test --package-path apps/ios	2026-10-01T03:14:44.9026480Z env:
ios-foundation	Run swift test --package-path apps/ios	2026-10-01T03:14:44.9027600Z   SNAPSHOT_ARTIFACTS: /Users/runner/work/creator-platform/creator-platform/artifacts/ios/snapshots
ios-foundation	Run swift test --package-path apps/ios	2026-10-01T03:14:44.9028730Z ##[endgroup]
ios-foundation	Run swift test --package-path apps/ios	2026-10-01T03:14:53.6943380Z Fetching https://github.com/pointfreeco/swift-snapshot-testing.git
ios-foundation	Run swift test --package-path apps/ios	2026-10-01T03:14:53.6948440Z Fetching https://github.com/pointfreeco/swift-issue-reporting
ios-foundation	Run swift test --package-path apps/ios	2026-10-01T03:14:54.2811550Z [1/6170] Fetching swift-issue-reporting
ios-foundation	Run swift test --package-path apps/ios	2026-10-01T03:14:54.8300240Z [6171/22669] Fetching swift-issue-reporting, swift-snapshot-testing
ios-foundation	Run swift test --package-path apps/ios	2026-10-01T03:14:57.2698540Z Fetched https://github.com/pointfreeco/swift-issue-reporting (3.58s)
ios-foundation	Run swift test --package-path apps/ios	2026-10-01T03:14:57.2700590Z Fetched https://github.com/pointfreeco/swift-snapshot-testing.git (3.58s)
ios-foundation	Run swift test --package-path apps/ios	2026-10-01T03:14:57.2834030Z Fetching https://github.com/swiftlang/swift-syntax
ios-foundation	Run swift test --package-path apps/ios	2026-10-01T03:14:57.2835210Z Fetching https://github.com/pointfreeco/swift-custom-dump
ios-foundation	Run swift test --package-path apps/ios	2026-10-01T03:14:57.6755070Z [1/5669] Fetching swift-custom-dump
ios-foundation	Run swift test --package-path apps/ios	2026-10-01T03:14:58.4713430Z [5670/85762] Fetching swift-custom-dump, swift-syntax
ios-foundation	Run swift test --package-path apps/ios	2026-10-01T03:15:00.9198210Z Fetched https://github.com/pointfreeco/swift-custom-dump (3.64s)
ios-foundation	Run swift test --package-path apps/ios	2026-10-01T03:15:00.9217100Z Fetched https://github.com/swiftlang/swift-syntax (3.64s)
ios-foundation	Run swift test --package-path apps/ios	2026-10-01T03:15:00.9382870Z Creating working copy for https://github.com/pointfreeco/swift-custom-dump
ios-foundation	Run swift test --package-path apps/ios	2026-10-01T03:15:00.9387990Z Creating working copy for https://github.com/pointfreeco/swift-snapshot-testing.git
ios-foundation	Run swift test --package-path apps/ios	2026-10-01T03:15:01.0385910Z Creating working copy for https://github.com/pointfreeco/swift-issue-reporting
ios-foundation	Run swift test --package-path apps/ios	2026-10-01T03:15:01.1308190Z Working copy of https://github.com/pointfreeco/swift-custom-dump resolved at 1.7.3
ios-foundation	Run swift test --package-path apps/ios	2026-10-01T03:15:01.1320820Z Creating working copy for https://github.com/swiftlang/swift-syntax
ios-foundation	Run swift test --package-path apps/ios	2026-10-01T03:15:01.1558830Z Working copy of https://github.com/pointfreeco/swift-snapshot-testing.git resolved at 1.19.6
ios-foundation	Run swift test --package-path apps/ios	2026-10-01T03:15:01.2218820Z Working copy of https://github.com/pointfreeco/swift-issue-reporting resolved at 2.1.1
ios-foundation	Run swift test --package-path apps/ios	2026-10-01T03:15:01.4505530Z Working copy of https://github.com/swiftlang/swift-syntax resolved at 604.0.0
ios-foundation	Run swift test --package-path apps/ios	2026-10-01T03:15:07.8680980Z Downloading package prebuilt https://download.swift.org/prebuilts/swift-syntax/604.0.0/swiftlang-6.4.0.34.1-macosx27.0-MacroSupport.zip
ios-foundation	Run swift test --package-path apps/ios	2026-10-01T03:15:08.5278830Z Downloaded https://download.swift.org/prebuilts/swift-syntax/604.0.0/swiftlang-6.4.0.34.1-macosx27.0-MacroSupport.zip (0.67s)
ios-foundation	Run swift test --package-path apps/ios	2026-10-01T03:15:09.5816370Z warning: 'ios': found 110 file(s) which are unhandled; explicitly declare them as resources or exclude from the target
ios-foundation	Run swift test --package-path apps/ios	2026-10-01T03:15:09.5918610Z     /Users/runner/work/creator-platform/creator-platform/apps/ios/Tests/QelvoraUITests/__Snapshots__/NativeSnapshotTests/testAuthorIdentitySurfaces.light.png
ios-foundation	Run swift test --package-path apps/ios	2026-10-01T03:15:09.6018630Z     /Users/runner/work/creator-platform/creator-platform/apps/ios/Tests/QelvoraUITests/__Snapshots__/NativeSnapshotTests/testAuthorIdentitySurfaces.night.png
ios-foundation	Run swift test --package-path apps/ios	2026-10-01T03:15:09.6121070Z     /Users/runner/work/creator-platform/creator-platform/apps/ios/Tests/QelvoraUITests/__Snapshots__/NativeSnapshotTests/testComponentCatalogThemes.AccessLines-light.png
ios-foundation	Run swift test --package-path apps/ios	2026-10-01T03:15:09.6223530Z     /Users/runner/work/creator-platform/creator-platform/apps/ios/Tests/QelvoraUITests/__Snapshots__/NativeSnapshotTests/testComponentCatalogThemes.AccessLines-night.png
ios-foundation	Run swift test --package-path apps/ios	2026-10-01T03:15:09.6325360Z     /Users/runner/work/creator-platform/creator-platform/apps/ios/Tests/QelvoraUITests/__Snapshots__/NativeSnapshotTests/testComponentCatalogThemes.AuditBanner-light.png
ios-foundation	Run swift test --package-path apps/ios	2026-10-01T03:15:09.6413420Z     /Users/runner/work/creator-platform/creator-platform/apps/ios/Tests/QelvoraUITests/__Snapshots__/NativeSnapshotTests/testComponentCatalogThemes.AuditBanner-night.png
ios-foundation	Run swift test --package-path apps/ios	2026-10-01T03:15:09.6516670Z     /Users/runner/work/creator-platform/creator-platform/apps/ios/Tests/QelvoraUITests/__Snapshots__/NativeSnapshotTests/testComponentCatalogThemes.AuthorLabel-light.png
ios-foundation	Run swift test --package-path apps/ios	2026-10-01T03:15:09.6548580Z     /Users/runner/work/creator-platform/creator-platform/apps/ios/Tests/QelvoraUITests/__Snapshots__/NativeSnapshotTests/testComponentCatalogThemes.AuthorLabel-night.png
ios-foundation	Run swift test --package-path apps/ios	2026-10-01T03:15:09.6550030Z     /Users/runner/work/creator-platform/creator-platform/apps/ios/Tests/QelvoraUITests/__Snapshots__/NativeSnapshotTests/testComponentCatalogThemes.Avatar-light.png
ios-foundation	Run swift test --package-path apps/ios	2026-10-01T03:15:09.6552160Z     /Users/runner/work/creator-platform/creator-platform/apps/ios/Tests/QelvoraUITests/__Snapshots__/NativeSnapshotTests/testComponentCatalogThemes.Avatar-night.png
ios-foundation	Run swift test --package-path apps/ios	2026-10-01T03:15:09.6553520Z     /Users/runner/work/creator-platform/creator-platform/apps/ios/Tests/QelvoraUITests/__Snapshots__/NativeSnapshotTests/testComponentCatalogThemes.Button-light.png
ios-foundation	Run swift test --package-path apps/ios	2026-10-01T03:15:09.6554750Z     /Users/runner/work/creator-platform/creator-platform/apps/ios/Tests/QelvoraUITests/__Snapshots__/NativeSnapshotTests/testComponentCatalogThemes.Button-night.png
ios-foundation	Run swift test --package-path apps/ios	2026-10-01T03:15:09.6556000Z     /Users/runner/work/creator-platform/creator-platform/apps/ios/Tests/QelvoraUITests/__Snapshots__/NativeSnapshotTests/testComponentCatalogThemes.CallChip-light.png
ios-foundation	Run swift test --package-path apps/ios	2026-10-01T03:15:09.6557240Z     /Users/runner/work/creator-platform/creator-platform/apps/ios/Tests/QelvoraUITests/__Snapshots__/NativeSnapshotTests/testComponentCatalogThemes.CallChip-night.png
ios-foundation	Run swift test --package-path apps/ios	2026-10-01T03:15:09.6558570Z     /Users/runner/work/creator-platform/creator-platform/apps/ios/Tests/QelvoraUITests/__Snapshots__/NativeSnapshotTests/testComponentCatalogThemes.CapacityHeader-light.png
ios-foundation	Run swift test --package-path apps/ios	2026-10-01T03:15:09.6559790Z     /Users/runner/work/creator-platform/creator-platform/apps/ios/Tests/QelvoraUITests/__Snapshots__/NativeSnapshotTests/testComponentCatalogThemes.CapacityHeader-night.png
ios-foundation	Run swift test --package-path apps/ios	2026-10-01T03:15:09.6561350Z     /Users/runner/work/creator-platform/creator-platform/apps/ios/Tests/QelvoraUITests/__Snapshots__/NativeSnapshotTests/testComponentCatalogThemes.CitationChip-light.png
ios-foundation	Run swift test --package-path apps/ios	2026-10-01T03:15:09.6562560Z     /Users/runner/work/creator-platform/creator-platform/apps/ios/Tests/QelvoraUITests/__Snapshots__/NativeSnapshotTests/testComponentCatalogThemes.CitationChip-night.png
ios-foundation	Run swift test --package-path apps/ios	2026-10-01T03:15:09.6563900Z     /Users/runner/work/creator-platform/creator-platform/apps/ios/Tests/QelvoraUITests/__Snapshots__/NativeSnapshotTests/testComponentCatalogThemes.Composer-light.png
ios-foundation	Run swift test --package-path apps/ios	2026-10-01T03:15:09.6565040Z     /Users/runner/work/creator-platform/creator-platform/apps/ios/Tests/QelvoraUITests/__Snapshots__/NativeSnapshotTests/testComponentCatalogThemes.Composer-night.png
ios-foundation	Run swift test --package-path apps/ios	2026-10-01T03:15:09.6566290Z     /Users/runner/work/creator-platform/creator-platform/apps/ios/Tests/QelvoraUITests/__Snapshots__/NativeSnapshotTests/testComponentCatalogThemes.ContextCard-light.png
ios-foundation	Run swift test --package-path apps/ios	2026-10-01T03:15:09.6567380Z     /Users/runner/work/creator-platform/creator-platform/apps/ios/Tests/QelvoraUITests/__Snapshots__/NativeSnapshotTests/testComponentCatalogThemes.ContextCard-night.png
ios-foundation	Run swift test --package-path apps/ios	2026-10-01T03:15:09.6568820Z     /Users/runner/work/creator-platform/creator-platform/apps/ios/Tests/QelvoraUITests/__Snapshots__/NativeSnapshotTests/testComponentCatalogThemes.Correction-light.png
ios-foundation	Run swift test --package-path apps/ios	2026-10-01T03:15:09.6570210Z     /Users/runner/work/creator-platform/creator-platform/apps/ios/Tests/QelvoraUITests/__Snapshots__/NativeSnapshotTests/testComponentCatalogThemes.Correction-night.png
ios-foundation	Run swift test --package-path apps/ios	2026-10-01T03:15:09.6571390Z     /Users/runner/work/creator-platform/creator-platform/apps/ios/Tests/QelvoraUITests/__Snapshots__/NativeSnapshotTests/testComponentCatalogThemes.Countdown-light.png
ios-foundation	Run swift test --package-path apps/ios	2026-10-01T03:15:09.6572690Z     /Users/runner/work/creator-platform/creator-platform/apps/ios/Tests/QelvoraUITests/__Snapshots__/NativeSnapshotTests/testComponentCatalogThemes.Countdown-night.png
ios-foundation	Run swift test --package-path apps/ios	2026-10-01T03:15:09.6573870Z     /Users/runner/work/creator-platform/creator-platform/apps/ios/Tests/QelvoraUITests/__Snapshots__/NativeSnapshotTests/testComponentCatalogThemes.Dialog-light.png
ios-foundation	Run swift test --package-path apps/ios	2026-10-01T03:15:09.6575740Z     /Users/runner/work/creator-platform/creator-platform/apps/ios/Tests/QelvoraUITests/__Snapshots__/NativeSnapshotTests/testComponentCatalogThemes.Dialog-night.png
ios-foundation	Run swift test --package-path apps/ios	2026-10-01T03:15:09.6577510Z     /Users/runner/work/creator-platform/creator-platform/apps/ios/Tests/QelvoraUITests/__Snapshots__/NativeSnapshotTests/testComponentCatalogThemes.DigestItem-light.png
ios-foundation	Run swift test --package-path apps/ios	2026-10-01T03:15:09.6579060Z     /Users/runner/work/creator-platform/creator-platform/apps/ios/Tests/QelvoraUITests/__Snapshots__/NativeSnapshotTests/testComponentCatalogThemes.DigestItem-night.png
ios-foundation	Run swift test --package-path apps/ios	2026-10-01T03:15:09.6580320Z     /Users/runner/work/creator-platform/creator-platform/apps/ios/Tests/QelvoraUITests/__Snapshots__/NativeSnapshotTests/testComponentCatalogThemes.EmailFrame-light.png
ios-foundation	Run swift test --package-path apps/ios	2026-10-01T03:15:09.6581660Z     /Users/runner/work/creator-platform/creator-platform/apps/ios/Tests/QelvoraUITests/__Snapshots__/NativeSnapshotTests/testComponentCatalogThemes.EmailFrame-night.png
ios-foundation	Run swift test --package-path apps/ios	2026-10-01T03:15:09.6583010Z     /Users/runner/work/creator-platform/creator-platform/apps/ios/Tests/QelvoraUITests/__Snapshots__/NativeSnapshotTests/testComponentCatalogThemes.EmptyState-light.png
ios-foundation	Run swift test --package-path apps/ios	2026-10-01T03:15:09.6584070Z     /Users/runner/work/creator-platform/creator-platform/apps/ios/Tests/QelvoraUITests/__Snapshots__/NativeSnapshotTests/testComponentCatalogThemes.EmptyState-night.png
ios-foundation	Run swift test --package-path apps/ios	2026-10-01T03:15:09.6585650Z     /Users/runner/work/creator-platform/creator-platform/apps/ios/Tests/QelvoraUITests/__Snapshots__/NativeSnapshotTests/testComponentCatalogThemes.EtaLine-light.png
ios-foundation	Run swift test --package-path apps/ios	2026-10-01T03:15:09.6586730Z     /Users/runner/work/creator-platform/creator-platform/apps/ios/Tests/QelvoraUITests/__Snapshots__/NativeSnapshotTests/testComponentCatalogThemes.EtaLine-night.png
ios-foundation	Run swift test --package-path apps/ios	2026-10-01T03:15:09.6588030Z     /Users/runner/work/creator-platform/creator-platform/apps/ios/Tests/QelvoraUITests/__Snapshots__/NativeSnapshotTests/testComponentCatalogThemes.IdentityStrip-light.png
ios-foundation	Run swift test --package-path apps/ios	2026-10-01T03:15:09.6589220Z     /Users/runner/work/creator-platform/creator-platform/apps/ios/Tests/QelvoraUITests/__Snapshots__/NativeSnapshotTests/testComponentCatalogThemes.IdentityStrip-night.png
ios-foundation	Run swift test --package-path apps/ios	2026-10-01T03:15:09.6590530Z     /Users/runner/work/creator-platform/creator-platform/apps/ios/Tests/QelvoraUITests/__Snapshots__/NativeSnapshotTests/testComponentCatalogThemes.IncludeList-light.png
ios-foundation	Run swift test --package-path apps/ios	2026-10-01T03:15:09.6591800Z     /Users/runner/work/creator-platform/creator-platform/apps/ios/Tests/QelvoraUITests/__Snapshots__/NativeSnapshotTests/testComponentCatalogThemes.IncludeList-night.png
ios-foundation	Run swift test --package-path apps/ios	2026-10-01T03:15:09.6593290Z     /Users/runner/work/creator-platform/creator-platform/apps/ios/Tests/QelvoraUITests/__Snapshots__/NativeSnapshotTests/testComponentCatalogThemes.InsteadMenu-light.png
ios-foundation	Run swift test --package-path apps/ios	2026-10-01T03:15:09.6594780Z     /Users/runner/work/creator-platform/creator-platform/apps/ios/Tests/QelvoraUITests/__Snapshots__/NativeSnapshotTests/testComponentCatalogThemes.InsteadMenu-night.png
ios-foundation	Run swift test --package-path apps/ios	2026-10-01T03:15:09.6596140Z     /Users/runner/work/creator-platform/creator-platform/apps/ios/Tests/QelvoraUITests/__Snapshots__/NativeSnapshotTests/testComponentCatalogThemes.LabelPreview-light.png
ios-foundation	Run swift test --package-path apps/ios	2026-10-01T03:15:09.6597360Z     /Users/runner/work/creator-platform/creator-platform/apps/ios/Tests/QelvoraUITests/__Snapshots__/NativeSnapshotTests/testComponentCatalogThemes.LabelPreview-night.png
ios-foundation	Run swift test --package-path apps/ios	2026-10-01T03:15:09.6598620Z     /Users/runner/work/creator-platform/creator-platform/apps/ios/Tests/QelvoraUITests/__Snapshots__/NativeSnapshotTests/testComponentCatalogThemes.Mark-light.png
ios-foundation	Run swift test --package-path apps/ios	2026-10-01T03:15:09.6599820Z     /Users/runner/work/creator-platform/creator-platform/apps/ios/Tests/QelvoraUITests/__Snapshots__/NativeSnapshotTests/testComponentCatalogThemes.Mark-night.png
ios-foundation	Run swift test --package-path apps/ios	2026-10-01T03:15:09.6601090Z     /Users/runner/work/creator-platform/creator-platform/apps/ios/Tests/QelvoraUITests/__Snapshots__/NativeSnapshotTests/testComponentCatalogThemes.MemoryChip-light.png
ios-foundation	Run swift test --package-path apps/ios	2026-10-01T03:15:09.6602570Z     /Users/runner/work/creator-platform/creator-platform/apps/ios/Tests/QelvoraUITests/__Snapshots__/NativeSnapshotTests/testComponentCatalogThemes.MemoryChip-night.png
ios-foundation	Run swift test --package-path apps/ios	2026-10-01T03:15:09.6604230Z     /Users/runner/work/creator-platform/creator-platform/apps/ios/Tests/QelvoraUITests/__Snapshots__/NativeSnapshotTests/testComponentCatalogThemes.Message-light.png
ios-foundation	Run swift test --package-path apps/ios	2026-10-01T03:15:09.6605860Z     /Users/runner/work/creator-platform/creator-platform/apps/ios/Tests/QelvoraUITests/__Snapshots__/NativeSnapshotTests/testComponentCatalogThemes.Message-night.png
ios-foundation	Run swift test --package-path apps/ios	2026-10-01T03:15:09.6607120Z     /Users/runner/work/creator-platform/creator-platform/apps/ios/Tests/QelvoraUITests/__Snapshots__/NativeSnapshotTests/testComponentCatalogThemes.ModeList-light.png
ios-foundation	Run swift test --package-path apps/ios	2026-10-01T03:15:09.6608420Z     /Users/runner/work/creator-platform/creator-platform/apps/ios/Tests/QelvoraUITests/__Snapshots__/NativeSnapshotTests/testComponentCatalogThemes.ModeList-night.png
ios-foundation	Run swift test --package-path apps/ios	2026-10-01T03:15:09.6610450Z     /Users/runner/work/creator-platform/creator-platform/apps/ios/Tests/QelvoraUITests/__Snapshots__/NativeSnapshotTests/testComponentCatalogThemes.Note-light.png
ios-foundation	Run swift test --package-path apps/ios	2026-10-01T03:15:09.6611710Z     /Users/runner/work/creator-platform/creator-platform/apps/ios/Tests/QelvoraUITests/__Snapshots__/NativeSnapshotTests/testComponentCatalogThemes.Note-night.png
ios-foundation	Run swift test --package-path apps/ios	2026-10-01T03:15:09.6613000Z     /Users/runner/work/creator-platform/creator-platform/apps/ios/Tests/QelvoraUITests/__Snapshots__/NativeSnapshotTests/testComponentCatalogThemes.Notice-light.png
ios-foundation	Run swift test --package-path apps/ios	2026-10-01T03:15:09.6614200Z     /Users/runner/work/creator-platform/creator-platform/apps/ios/Tests/QelvoraUITests/__Snapshots__/NativeSnapshotTests/testComponentCatalogThemes.Notice-night.png
ios-foundation	Run swift test --package-path apps/ios	2026-10-01T03:15:09.6615480Z     /Users/runner/work/creator-platform/creator-platform/apps/ios/Tests/QelvoraUITests/__Snapshots__/NativeSnapshotTests/testComponentCatalogThemes.NotificationRow-light.png
ios-foundation	Run swift test --package-path apps/ios	2026-10-01T03:15:09.6617010Z     /Users/runner/work/creator-platform/creator-platform/apps/ios/Tests/QelvoraUITests/__Snapshots__/NativeSnapshotTests/testComponentCatalogThemes.NotificationRow-night.png
ios-foundation	Run swift test --package-path apps/ios	2026-10-01T03:15:09.6618080Z     /Users/runner/work/creator-platform/creator-platform/apps/ios/Tests/QelvoraUITests/__Snapshots__/NativeSnapshotTests/testComponentCatalogThemes.QueueCard-light.png
ios-foundation	Run swift test --package-path apps/ios	2026-10-01T03:15:09.6619430Z     /Users/runner/work/creator-platform/creator-platform/apps/ios/Tests/QelvoraUITests/__Snapshots__/NativeSnapshotTests/testComponentCatalogThemes.QueueCard-night.png
ios-foundation	Run swift test --package-path apps/ios	2026-10-01T03:15:09.6620630Z     /Users/runner/work/creator-platform/creator-platform/apps/ios/Tests/QelvoraUITests/__Snapshots__/NativeSnapshotTests/testComponentCatalogThemes.ReactionChip-light.png
ios-foundation	Run swift test --package-path apps/ios	2026-10-01T03:15:09.6622420Z     /Users/runner/work/creator-platform/creator-platform/apps/ios/Tests/QelvoraUITests/__Snapshots__/NativeSnapshotTests/testComponentCatalogThemes.ReactionChip-night.png
ios-foundation	Run swift test --package-path apps/ios	2026-10-01T03:15:09.6623720Z     /Users/runner/work/creator-platform/creator-platform/apps/ios/Tests/QelvoraUITests/__Snapshots__/NativeSnapshotTests/testComponentCatalogThemes.Receipt-light.png
ios-foundation	Run swift test --package-path apps/ios	2026-10-01T03:15:09.6625200Z     /Users/runner/work/creator-platform/creator-platform/apps/ios/Tests/QelvoraUITests/__Snapshots__/NativeSnapshotTests/testComponentCatalogThemes.Receipt-night.png
ios-foundation	Run swift test --package-path apps/ios	2026-10-01T03:15:09.6626410Z     /Users/runner/work/creator-platform/creator-platform/apps/ios/Tests/QelvoraUITests/__Snapshots__/NativeSnapshotTests/testComponentCatalogThemes.RequestStatus-light.png
ios-foundation	Run swift test --package-path apps/ios	2026-10-01T03:15:09.6627650Z     /Users/runner/work/creator-platform/creator-platform/apps/ios/Tests/QelvoraUITests/__Snapshots__/NativeSnapshotTests/testComponentCatalogThemes.RequestStatus-night.png
ios-foundation	Run swift test --package-path apps/ios	2026-10-01T03:15:09.6628950Z     /Users/runner/work/creator-platform/creator-platform/apps/ios/Tests/QelvoraUITests/__Snapshots__/NativeSnapshotTests/testComponentCatalogThemes.ReservedLabel-light.png
ios-foundation	Run swift test --package-path apps/ios	2026-10-01T03:15:09.6630360Z     /Users/runner/work/creator-platform/creator-platform/apps/ios/Tests/QelvoraUITests/__Snapshots__/NativeSnapshotTests/testComponentCatalogThemes.ReservedLabel-night.png
ios-foundation	Run swift test --package-path apps/ios	2026-10-01T03:15:09.6631920Z     /Users/runner/work/creator-platform/creator-platform/apps/ios/Tests/QelvoraUITests/__Snapshots__/NativeSnapshotTests/testComponentCatalogThemes.Seal-light.png
ios-foundation	Run swift test --package-path apps/ios	2026-10-01T03:15:09.6633620Z     /Users/runner/work/creator-platform/creator-platform/apps/ios/Tests/QelvoraUITests/__Snapshots__/NativeSnapshotTests/testComponentCatalogThemes.Seal-night.png
ios-foundation	Run swift test --package-path apps/ios	2026-10-01T03:15:09.6634750Z     /Users/runner/work/creator-platform/creator-platform/apps/ios/Tests/QelvoraUITests/__Snapshots__/NativeSnapshotTests/testComponentCatalogThemes.Segmented-light.png
ios-foundation	Run swift test --package-path apps/ios	2026-10-01T03:15:09.6636440Z     /Users/runner/work/creator-platform/creator-platform/apps/ios/Tests/QelvoraUITests/__Snapshots__/NativeSnapshotTests/testComponentCatalogThemes.Segmented-night.png
ios-foundation	Run swift test --package-path apps/ios	2026-10-01T03:15:09.6638010Z     /Users/runner/work/creator-platform/creator-platform/apps/ios/Tests/QelvoraUITests/__Snapshots__/NativeSnapshotTests/testComponentCatalogThemes.ShareCard-light.png
ios-foundation	Run swift test --package-path apps/ios	2026-10-01T03:15:09.6639010Z     /Users/runner/work/creator-platform/creator-platform/apps/ios/Tests/QelvoraUITests/__Snapshots__/NativeSnapshotTests/testComponentCatalogThemes.ShareCard-night.png
ios-foundation	Run swift test --package-path apps/ios	2026-10-01T03:15:09.6640310Z     /Users/runner/work/creator-platform/creator-platform/apps/ios/Tests/QelvoraUITests/__Snapshots__/NativeSnapshotTests/testComponentCatalogThemes.Sheet-light.png
ios-foundation	Run swift test --package-path apps/ios	2026-10-01T03:15:09.6641410Z     /Users/runner/work/creator-platform/creator-platform/apps/ios/Tests/QelvoraUITests/__Snapshots__/NativeSnapshotTests/testComponentCatalogThemes.Sheet-night.png
ios-foundation	Run swift test --package-path apps/ios	2026-10-01T03:15:09.6642700Z     /Users/runner/work/creator-platform/creator-platform/apps/ios/Tests/QelvoraUITests/__Snapshots__/NativeSnapshotTests/testComponentCatalogThemes.Sidebar-light.png
ios-foundation	Run swift test --package-path apps/ios	2026-10-01T03:15:09.6643810Z     /Users/runner/work/creator-platform/creator-platform/apps/ios/Tests/QelvoraUITests/__Snapshots__/NativeSnapshotTests/testComponentCatalogThemes.Sidebar-night.png
ios-foundation	Run swift test --package-path apps/ios	2026-10-01T03:15:09.6645050Z     /Users/runner/work/creator-platform/creator-platform/apps/ios/Tests/QelvoraUITests/__Snapshots__/NativeSnapshotTests/testComponentCatalogThemes.SignedMarker-light.png
ios-foundation	Run swift test --package-path apps/ios	2026-10-01T03:15:09.6646590Z     /Users/runner/work/creator-platform/creator-platform/apps/ios/Tests/QelvoraUITests/__Snapshots__/NativeSnapshotTests/testComponentCatalogThemes.SignedMarker-night.png
ios-foundation	Run swift test --package-path apps/ios	2026-10-01T03:15:09.6647770Z     /Users/runner/work/creator-platform/creator-platform/apps/ios/Tests/QelvoraUITests/__Snapshots__/NativeSnapshotTests/testComponentCatalogThemes.SigningSheet-light.png
ios-foundation	Run swift test --package-path apps/ios	2026-10-01T03:15:09.6649080Z     /Users/runner/work/creator-platform/creator-platform/apps/ios/Tests/QelvoraUITests/__Snapshots__/NativeSnapshotTests/testComponentCatalogThemes.SigningSheet-night.png
ios-foundation	Run swift test --package-path apps/ios	2026-10-01T03:15:09.6650220Z     /Users/runner/work/creator-platform/creator-platform/apps/ios/Tests/QelvoraUITests/__Snapshots__/NativeSnapshotTests/testComponentCatalogThemes.Skeleton-light.png
ios-foundation	Run swift test --package-path apps/ios	2026-10-01T03:15:09.6651440Z     /Users/runner/work/creator-platform/creator-platform/apps/ios/Tests/QelvoraUITests/__Snapshots__/NativeSnapshotTests/testComponentCatalogThemes.Skeleton-night.png
ios-foundation	Run swift test --package-path apps/ios	2026-10-01T03:15:09.6652540Z     /Users/runner/work/creator-platform/creator-platform/apps/ios/Tests/QelvoraUITests/__Snapshots__/NativeSnapshotTests/testComponentCatalogThemes.SourceRow-light.png
ios-foundation	Run swift test --package-path apps/ios	2026-10-01T03:15:09.6653790Z     /Users/runner/work/creator-platform/creator-platform/apps/ios/Tests/QelvoraUITests/__Snapshots__/NativeSnapshotTests/testComponentCatalogThemes.SourceRow-night.png
ios-foundation	Run swift test --package-path apps/ios	2026-10-01T03:15:09.6654980Z     /Users/runner/work/creator-platform/creator-platform/apps/ios/Tests/QelvoraUITests/__Snapshots__/NativeSnapshotTests/testComponentCatalogThemes.SpendLimit-light.png
ios-foundation	Run swift test --package-path apps/ios	2026-10-01T03:15:09.6656320Z     /Users/runner/work/creator-platform/creator-platform/apps/ios/Tests/QelvoraUITests/__Snapshots__/NativeSnapshotTests/testComponentCatalogThemes.SpendLimit-night.png
ios-foundation	Run swift test --package-path apps/ios	2026-10-01T03:15:09.6657310Z     /Users/runner/work/creator-platform/creator-platform/apps/ios/Tests/QelvoraUITests/__Snapshots__/NativeSnapshotTests/testComponentCatalogThemes.StepIn-light.png
ios-foundation	Run swift test --package-path apps/ios	2026-10-01T03:15:09.6659320Z     /Users/runner/work/creator-platform/creator-platform/apps/ios/Tests/QelvoraUITests/__Snapshots__/NativeSnapshotTests/testComponentCatalogThemes.StepIn-night.png
ios-foundation	Run swift test --package-path apps/ios	2026-10-01T03:15:09.6660630Z     /Users/runner/work/creator-platform/creator-platform/apps/ios/Tests/QelvoraUITests/__Snapshots__/NativeSnapshotTests/testComponentCatalogThemes.StudioTabBar-light.png
ios-foundation	Run swift test --package-path apps/ios	2026-10-01T03:15:09.6661940Z     /Users/runner/work/creator-platform/creator-platform/apps/ios/Tests/QelvoraUITests/__Snapshots__/NativeSnapshotTests/testComponentCatalogThemes.StudioTabBar-night.png
ios-foundation	Run swift test --package-path apps/ios	2026-10-01T03:15:09.6663320Z     /Users/runner/work/creator-platform/creator-platform/apps/ios/Tests/QelvoraUITests/__Snapshots__/NativeSnapshotTests/testComponentCatalogThemes.SystemLine-light.png
ios-foundation	Run swift test --package-path apps/ios	2026-10-01T03:15:09.6665590Z     /Users/runner/work/creator-platform/creator-platform/apps/ios/Tests/QelvoraUITests/__Snapshots__/NativeSnapshotTests/testComponentCatalogThemes.SystemLine-night.png
ios-foundation	Run swift test --package-path apps/ios	2026-10-01T03:15:09.6666850Z     /Users/runner/work/creator-platform/creator-platform/apps/ios/Tests/QelvoraUITests/__Snapshots__/NativeSnapshotTests/testComponentCatalogThemes.TabBar-light.png
ios-foundation	Run swift test --package-path apps/ios	2026-10-01T03:15:09.6668160Z     /Users/runner/work/creator-platform/creator-platform/apps/ios/Tests/QelvoraUITests/__Snapshots__/NativeSnapshotTests/testComponentCatalogThemes.TabBar-night.png
ios-foundation	Run swift test --package-path apps/ios	2026-10-01T03:15:09.6669450Z     /Users/runner/work/creator-platform/creator-platform/apps/ios/Tests/QelvoraUITests/__Snapshots__/NativeSnapshotTests/testComponentCatalogThemes.TermsBlock-light.png
ios-foundation	Run swift test --package-path apps/ios	2026-10-01T03:15:09.6670580Z     /Users/runner/work/creator-platform/creator-platform/apps/ios/Tests/QelvoraUITests/__Snapshots__/NativeSnapshotTests/testComponentCatalogThemes.TermsBlock-night.png
ios-foundation	Run swift test --package-path apps/ios	2026-10-01T03:15:09.6671760Z     /Users/runner/work/creator-platform/creator-platform/apps/ios/Tests/QelvoraUITests/__Snapshots__/NativeSnapshotTests/testComponentCatalogThemes.TestConsole-light.png
ios-foundation	Run swift test --package-path apps/ios	2026-10-01T03:15:09.6673220Z     /Users/runner/work/creator-platform/creator-platform/apps/ios/Tests/QelvoraUITests/__Snapshots__/NativeSnapshotTests/testComponentCatalogThemes.TestConsole-night.png
ios-foundation	Run swift test --package-path apps/ios	2026-10-01T03:15:09.6674620Z     /Users/runner/work/creator-platform/creator-platform/apps/ios/Tests/QelvoraUITests/__Snapshots__/NativeSnapshotTests/testComponentCatalogThemes.ThreadHeader-light.png
ios-foundation	Run swift test --package-path apps/ios	2026-10-01T03:15:09.6675800Z     /Users/runner/work/creator-platform/creator-platform/apps/ios/Tests/QelvoraUITests/__Snapshots__/NativeSnapshotTests/testComponentCatalogThemes.ThreadHeader-night.png
ios-foundation	Run swift test --package-path apps/ios	2026-10-01T03:15:09.6676980Z     /Users/runner/work/creator-platform/creator-platform/apps/ios/Tests/QelvoraUITests/__Snapshots__/NativeSnapshotTests/testComponentCatalogThemes.Toast-light.png
ios-foundation	Run swift test --package-path apps/ios	2026-10-01T03:15:09.6678520Z     /Users/runner/work/creator-platform/creator-platform/apps/ios/Tests/QelvoraUITests/__Snapshots__/NativeSnapshotTests/testComponentCatalogThemes.Toast-night.png
ios-foundation	Run swift test --package-path apps/ios	2026-10-01T03:15:09.6679980Z     /Users/runner/work/creator-platform/creator-platform/apps/ios/Tests/QelvoraUITests/__Snapshots__/NativeSnapshotTests/testComponentCatalogThemes.VersionList-light.png
ios-foundation	Run swift test --package-path apps/ios	2026-10-01T03:15:09.6681620Z     /Users/runner/work/creator-platform/creator-platform/apps/ios/Tests/QelvoraUITests/__Snapshots__/NativeSnapshotTests/testComponentCatalogThemes.VersionList-night.png
ios-foundation	Run swift test --package-path apps/ios	2026-10-01T03:15:09.6683370Z     /Users/runner/work/creator-platform/creator-platform/apps/ios/Tests/QelvoraUITests/__Snapshots__/NativeSnapshotTests/testComponentCatalogThemes.VoiceNote-light.png
ios-foundation	Run swift test --package-path apps/ios	2026-10-01T03:15:09.6684880Z     /Users/runner/work/creator-platform/creator-platform/apps/ios/Tests/QelvoraUITests/__Snapshots__/NativeSnapshotTests/testComponentCatalogThemes.VoiceNote-night.png
ios-foundation	Run swift test --package-path apps/ios	2026-10-01T03:15:09.6687200Z     /Users/runner/work/creator-platform/creator-platform/apps/ios/Tests/QelvoraUITests/__Snapshots__/NativeSnapshotTests/testWelcomeThemes.light.png
ios-foundation	Run swift test --package-path apps/ios	2026-10-01T03:15:09.6688260Z     /Users/runner/work/creator-platform/creator-platform/apps/ios/Tests/QelvoraUITests/__Snapshots__/NativeSnapshotTests/testWelcomeThemes.night.png
ios-foundation	Run swift test --package-path apps/ios	2026-10-01T03:15:15.1230010Z Building for debugging...
ios-foundation	Run swift test --package-path apps/ios	2026-10-01T03:15:15.1230830Z [Constructing description]
ios-foundation	Run swift test --package-path apps/ios	2026-10-01T03:15:15.3697910Z [Planning deferred tasks]
ios-foundation	Run swift test --package-path apps/ios	2026-10-01T03:15:15.4711660Z [56 / 104] QelvoraNative_QelvoraUI
ios-foundation	Run swift test --package-path apps/ios	2026-10-01T03:15:15.5779020Z [62 / 104] QelvoraNative_QelvoraUI
ios-foundation	Run swift test --package-path apps/ios	2026-10-01T03:15:21.5599880Z [64 / 104]
ios-foundation	Run swift test --package-path apps/ios	2026-10-01T03:15:23.5964260Z [66 / 106] SnapshotTesting
ios-foundation	Run swift test --package-path apps/ios	2026-10-01T03:15:23.7012730Z [69 / 269]
ios-foundation	Run swift test --package-path apps/ios	2026-10-01T03:15:23.8697050Z [73 / 280]
ios-foundation	Run swift test --package-path apps/ios	2026-10-01T03:15:23.9872200Z [79 / 280]
ios-foundation	Run swift test --package-path apps/ios	2026-10-01T03:15:24.1187470Z [85 / 280]
ios-foundation	Run swift test --package-path apps/ios	2026-10-01T03:15:24.2492250Z [89 / 280]
ios-foundation	Run swift test --package-path apps/ios	2026-10-01T03:15:24.3708330Z [94 / 280]
ios-foundation	Run swift test --package-path apps/ios	2026-10-01T03:15:24.5080370Z [101 / 280]
ios-foundation	Run swift test --package-path apps/ios	2026-10-01T03:15:24.6218960Z [105 / 280]
ios-foundation	Run swift test --package-path apps/ios	2026-10-01T03:15:24.7379240Z [109 / 280]
ios-foundation	Run swift test --package-path apps/ios	2026-10-01T03:15:24.8898360Z [111 / 280]
ios-foundation	Run swift test --package-path apps/ios	2026-10-01T03:15:25.4947390Z [115 / 280]
ios-foundation	Run swift test --package-path apps/ios	2026-10-01T03:15:25.6572330Z [117 / 280]
ios-foundation	Run swift test --package-path apps/ios	2026-10-01T03:15:25.7925260Z [121 / 280]
ios-foundation	Run swift test --package-path apps/ios	2026-10-01T03:15:25.9343190Z [123 / 280]
ios-foundation	Run swift test --package-path apps/ios	2026-10-01T03:15:26.0849990Z [127 / 280]
ios-foundation	Run swift test --package-path apps/ios	2026-10-01T03:15:26.2479780Z [131 / 280]
ios-foundation	Run swift test --package-path apps/ios	2026-10-01T03:15:26.3483890Z [133 / 280]
ios-foundation	Run swift test --package-path apps/ios	2026-10-01T03:15:26.4699720Z [137 / 280]
ios-foundation	Run swift test --package-path apps/ios	2026-10-01T03:15:26.5877160Z [142 / 280]
ios-foundation	Run swift test --package-path apps/ios	2026-10-01T03:15:26.7071870Z [144 / 280]
ios-foundation	Run swift test --package-path apps/ios	2026-10-01T03:15:26.8363530Z [149 / 280]
ios-foundation	Run swift test --package-path apps/ios	2026-10-01T03:15:26.9847480Z [153 / 280]
ios-foundation	Run swift test --package-path apps/ios	2026-10-01T03:15:27.1114770Z [158 / 280]
ios-foundation	Run swift test --package-path apps/ios	2026-10-01T03:15:27.2176590Z [162 / 280]
ios-foundation	Run swift test --package-path apps/ios	2026-10-01T03:15:27.4457520Z [163 / 280]
ios-foundation	Run swift test --package-path apps/ios	2026-10-01T03:15:27.8261760Z [165 / 280]
ios-foundation	Run swift test --package-path apps/ios	2026-10-01T03:15:27.9723980Z [171 / 280]
ios-foundation	Run swift test --package-path apps/ios	2026-10-01T03:15:28.0647940Z [175 / 280]
ios-foundation	Run swift test --package-path apps/ios	2026-10-01T03:15:28.1759720Z [179 / 280]
ios-foundation	Run swift test --package-path apps/ios	2026-10-01T03:15:28.2978330Z [183 / 280]
ios-foundation	Run swift test --package-path apps/ios	2026-10-01T03:15:28.4165310Z [187 / 280]
ios-foundation	Run swift test --package-path apps/ios	2026-10-01T03:15:28.5327700Z [190 / 280]
ios-foundation	Run swift test --package-path apps/ios	2026-10-01T03:15:28.6572120Z [194 / 280]
ios-foundation	Run swift test --package-path apps/ios	2026-10-01T03:15:28.8162380Z [198 / 280]
ios-foundation	Run swift test --package-path apps/ios	2026-10-01T03:15:28.9366940Z [202 / 280]
ios-foundation	Run swift test --package-path apps/ios	2026-10-01T03:15:29.0499290Z [205 / 280]
ios-foundation	Run swift test --package-path apps/ios	2026-10-01T03:15:29.2112890Z [208 / 280]
ios-foundation	Run swift test --package-path apps/ios	2026-10-01T03:15:29.3137680Z [211 / 280]
ios-foundation	Run swift test --package-path apps/ios	2026-10-01T03:15:29.5003530Z [213 / 280]
ios-foundation	Run swift test --package-path apps/ios	2026-10-01T03:15:29.6280880Z [216 / 280]
ios-foundation	Run swift test --package-path apps/ios	2026-10-01T03:15:29.7809740Z [217 / 280]
ios-foundation	Run swift test --package-path apps/ios	2026-10-01T03:15:29.9717380Z [218 / 280]
ios-foundation	Run swift test --package-path apps/ios	2026-10-01T03:15:30.3321560Z [219 / 280]
ios-foundation	Run swift test --package-path apps/ios	2026-10-01T03:15:30.4507850Z [222 / 280]
ios-foundation	Run swift test --package-path apps/ios	2026-10-01T03:15:30.5593800Z [224 / 280]
ios-foundation	Run swift test --package-path apps/ios	2026-10-01T03:15:30.6746310Z [228 / 280]
ios-foundation	Run swift test --package-path apps/ios	2026-10-01T03:15:30.8035180Z [231 / 280]
ios-foundation	Run swift test --package-path apps/ios	2026-10-01T03:15:30.9450700Z [233 / 280] QelvoraUI
ios-foundation	Run swift test --package-path apps/ios	2026-10-01T03:15:31.1807560Z [235 / 280] QelvoraUI
ios-foundation	Run swift test --package-path apps/ios	2026-10-01T03:15:33.3593480Z [236 / 280] SnapshotTesting
ios-foundation	Run swift test --package-path apps/ios	2026-10-01T03:15:33.3696200Z /Users/runner/work/creator-platform/creator-platform/apps/ios/Sources/QelvoraUI/Trust.swift:23:93: ^[[1;33mwarning: ^[[1;39mno 'async' operations occur within 'await' expression^[[0;0m [#^[]8;;https://docs.swift.org/compiler/documentation/diagnostics/unnecessary-effect-marker^[\UnnecessaryEffectMarker^[]8;;^[\]
ios-foundation	Run swift test --package-path apps/ios	2026-10-01T03:15:33.3809470Z  ^[[0;36m21 |^[[0;0m     public let baseURL: URL
ios-foundation	Run swift test --package-path apps/ios	2026-10-01T03:15:33.3913330Z  ^[[0;36m22 |^[[0;0m     public let token: @Sendable () async throws -> String?
ios-foundation	Run swift test --package-path apps/ios	2026-10-01T03:15:33.4015810Z  ^[[0;36m23 |^[[0;0m     public init(baseURL: URL, token: @escaping @Sendable () async throws -> String? = { try await SecureSessionStorage().read() }) { self.baseURL = baseURL; self.token = token }
ios-foundation	Run swift test --package-path apps/ios	2026-10-01T03:15:33.4261550Z     ^[[0;36m|^[[0;0m                                                                                             `- ^[[1;33mwarning: ^[[1;39mno 'async' operations occur within 'await' expression^[[0;0m [#^[]8;;https://docs.swift.org/compiler/documentation/diagnostics/unnecessary-effect-marker^[\UnnecessaryEffectMarker^[]8;;^[\]
ios-foundation	Run swift test --package-path apps/ios	2026-10-01T03:15:33.4362560Z  ^[[0;36m24 |^[[0;0m     fileprivate func request<T: Decodable>(_ path: String, body: Data? = nil) async throws -> T {
ios-foundation	Run swift test --package-path apps/ios	2026-10-01T03:15:33.4464090Z  ^[[0;36m25 |^[[0;0m         try JSONDecoder().decode(T.self, from: await bytes(path, body: body))
ios-foundation	Run swift test --package-path apps/ios	2026-10-01T03:15:33.4563810Z 
ios-foundation	Run swift test --package-path apps/ios	2026-10-01T03:15:33.4665040Z [#UnnecessaryEffectMarker]: <https://docs.swift.org/compiler/documentation/diagnostics/unnecessary-effect-marker>
ios-foundation	Run swift test --package-path apps/ios	2026-10-01T03:15:33.8969690Z [237 / 280] QelvoraUI
ios-foundation	Run swift test --package-path apps/ios	2026-10-01T03:15:39.0563440Z [240 / 280] SnapshotTesting
ios-foundation	Run swift test --package-path apps/ios	2026-10-01T03:15:42.7493540Z [250 / 280] SnapshotTesting
ios-foundation	Run swift test --package-path apps/ios	2026-10-01T03:15:43.6855430Z [251 / 280] SnapshotTesting-product
ios-foundation	Run swift test --package-path apps/ios	2026-10-01T03:15:43.6985780Z /Users/runner/work/creator-platform/creator-platform/apps/ios/Sources/QelvoraUI/Trust.swift:23:93: ^[[1;33mwarning: ^[[1;39mno 'async' operations occur within 'await' expression^[[0;0m [#^[]8;;https://docs.swift.org/compiler/documentation/diagnostics/unnecessary-effect-marker^[\UnnecessaryEffectMarker^[]8;;^[\]
ios-foundation	Run swift test --package-path apps/ios	2026-10-01T03:15:43.7114740Z  ^[[0;36m21 |^[[0;0m     public let baseURL: URL
ios-foundation	Run swift test --package-path apps/ios	2026-10-01T03:15:43.7232270Z  ^[[0;36m22 |^[[0;0m     public let token: @Sendable () async throws -> String?
ios-foundation	Run swift test --package-path apps/ios	2026-10-01T03:15:43.7334160Z  ^[[0;36m23 |^[[0;0m     public init(baseURL: URL, token: @escaping @Sendable () async throws -> String? = { try await SecureSessionStorage().read() }) { self.baseURL = baseURL; self.token = token }
ios-foundation	Run swift test --package-path apps/ios	2026-10-01T03:15:43.7436210Z     ^[[0;36m|^[[0;0m                                                                                             `- ^[[1;33mwarning: ^[[1;39mno 'async' operations occur within 'await' expression^[[0;0m [#^[]8;;https://docs.swift.org/compiler/documentation/diagnostics/unnecessary-effect-marker^[\UnnecessaryEffectMarker^[]8;;^[\]
ios-foundation	Run swift test --package-path apps/ios	2026-10-01T03:15:43.7534850Z  ^[[0;36m24 |^[[0;0m     fileprivate func request<T: Decodable>(_ path: String, body: Data? = nil) async throws -> T {
ios-foundation	Run swift test --package-path apps/ios	2026-10-01T03:15:43.7636770Z  ^[[0;36m25 |^[[0;0m         try JSONDecoder().decode(T.self, from: await bytes(path, body: body))
ios-foundation	Run swift test --package-path apps/ios	2026-10-01T03:15:43.7736960Z 
ios-foundation	Run swift test --package-path apps/ios	2026-10-01T03:15:43.7838500Z [#UnnecessaryEffectMarker]: <https://docs.swift.org/compiler/documentation/diagnostics/unnecessary-effect-marker>
ios-foundation	Run swift test --package-path apps/ios	2026-10-01T03:15:43.9548720Z [252 / 280] qelvora-native-snapshots-product
ios-foundation	Run swift test --package-path apps/ios	2026-10-01T03:15:44.7472120Z [257 / 281]
ios-foundation	Run swift test --package-path apps/ios	2026-10-01T03:15:44.8816310Z [259 / 283] qelvora-native-snapshots-product
ios-foundation	Run swift test --package-path apps/ios	2026-10-01T03:15:45.1150030Z [262 / 283] qelvora-native-snapshots-product
ios-foundation	Run swift test --package-path apps/ios	2026-10-01T03:15:52.6637120Z [263 / 283] QelvoraUI
ios-foundation	Run swift test --package-path apps/ios	2026-10-01T03:15:52.7663810Z [265 / 283] QelvoraUI
ios-foundation	Run swift test --package-path apps/ios	2026-10-01T03:15:52.8781460Z [271 / 284]
ios-foundation	Run swift test --package-path apps/ios	2026-10-01T03:15:53.6523140Z [271 / 284] QelvoraUITests-product
ios-foundation	Run swift test --package-path apps/ios	2026-10-01T03:15:53.8316770Z [275 / 305]
ios-foundation	Run swift test --package-path apps/ios	2026-10-01T03:15:54.0617630Z [277 / 305]
ios-foundation	Run swift test --package-path apps/ios	2026-10-01T03:15:54.1642900Z [278 / 305]
ios-foundation	Run swift test --package-path apps/ios	2026-10-01T03:15:54.3669430Z [280 / 305]
ios-foundation	Run swift test --package-path apps/ios	2026-10-01T03:15:54.5116510Z [282 / 305]
ios-foundation	Run swift test --package-path apps/ios	2026-10-01T03:15:54.7525750Z [283 / 305]
ios-foundation	Run swift test --package-path apps/ios	2026-10-01T03:15:54.9196050Z [285 / 305]
ios-foundation	Run swift test --package-path apps/ios	2026-10-01T03:15:55.0294320Z [288 / 305] qelvora-native-snapshots-product
ios-foundation	Run swift test --package-path apps/ios	2026-10-01T03:15:55.1852910Z [290 / 305]
ios-foundation	Run swift test --package-path apps/ios	2026-10-01T03:15:55.3593610Z [294 / 305] QelvoraUITests-product
ios-foundation	Run swift test --package-path apps/ios	2026-10-01T03:15:55.5013010Z [295 / 305] QelvoraUITests-product
ios-foundation	Run swift test --package-path apps/ios	2026-10-01T03:15:55.7957490Z [299 / 305] QelvoraUITests-product
ios-foundation	Run swift test --package-path apps/ios	2026-10-01T03:15:55.7959920Z /Users/runner/work/creator-platform/creator-platform/apps/ios/Tests/QelvoraUITests/NativeSnapshotTests.swift:108:7: ^[[1;33mwarning: ^[[1;39m'assertSnapshot(of:as:named:record:timeout:fileID:file:testName:line:column:)' is deprecated: Use overload with 'record: SnapshotTestingConfiguration.Record?'^[[0;0m [#^[]8;;https://docs.swift.org/compiler/documentation/diagnostics/deprecated-declaration^[\DeprecatedDeclaration^[]8;;^[\]
ios-foundation	Run swift test --package-path apps/ios	2026-10-01T03:15:55.7963290Z ^[[0;36m106 |^[[0;0m       let snapshot = NSImage(size: size)
ios-foundation	Run swift test --package-path apps/ios	2026-10-01T03:15:55.7963960Z ^[[0;36m107 |^[[0;0m       snapshot.addRepresentation(bitmap)
ios-foundation	Run swift test --package-path apps/ios	2026-10-01T03:15:55.7964480Z ^[[0;36m108 |^[[0;0m       assertSnapshot(
ios-foundation	Run swift test --package-path apps/ios	2026-10-01T03:15:55.7965890Z     ^[[0;36m|^[[0;0m       `- ^[[1;33mwarning: ^[[1;39m'assertSnapshot(of:as:named:record:timeout:fileID:file:testName:line:column:)' is deprecated: Use overload with 'record: SnapshotTestingConfiguration.Record?'^[[0;0m [#^[]8;;https://docs.swift.org/compiler/documentation/diagnostics/deprecated-declaration^[\DeprecatedDeclaration^[]8;;^[\]
ios-foundation	Run swift test --package-path apps/ios	2026-10-01T03:15:55.7967470Z ^[[0;36m109 |^[[0;0m         of: snapshot, as: .image, named: name, record: record, file: file,
ios-foundation	Run swift test --package-path apps/ios	2026-10-01T03:15:55.7968150Z ^[[0;36m110 |^[[0;0m         testName: testName, line: line)
ios-foundation	Run swift test --package-path apps/ios	2026-10-01T03:15:55.7969110Z 
ios-foundation	Run swift test --package-path apps/ios	2026-10-01T03:15:55.7969540Z [#DeprecatedDeclaration]: <https://docs.swift.org/compiler/documentation/diagnostics/deprecated-declaration>
ios-foundation	Run swift test --package-path apps/ios	2026-10-01T03:15:56.4369360Z [301 / 305] QelvoraUITests-product
ios-foundation	Run swift test --package-path apps/ios	2026-10-01T03:15:56.5391920Z [305 / 305] QelvoraUITests-product
ios-foundation	Run swift test --package-path apps/ios	2026-10-01T03:15:56.5833270Z Build complete! (41.81 sec)
ios-foundation	Run swift test --package-path apps/ios	2026-10-01T03:16:01.4141720Z Test Suite 'All tests' started at 2026-10-01 03:15:57.468.
ios-foundation	Run swift test --package-path apps/ios	2026-10-01T03:16:01.4142990Z Test Suite 'QelvoraUITests.xctest' started at 2026-10-01 03:15:57.469.
ios-foundation	Run swift test --package-path apps/ios	2026-10-01T03:16:01.4143970Z Test Suite 'DeliveryProtocolTests' started at 2026-10-01 03:15:57.469.
ios-foundation	Run swift test --package-path apps/ios	2026-10-01T03:16:01.4144920Z Test Case '-[QelvoraUITests.DeliveryProtocolTests testDuplicateCursorAndGenerationSequenceDoNotRepeatText]' started.
ios-foundation	Run swift test --package-path apps/ios	2026-10-01T03:16:01.4145920Z Test Case '-[QelvoraUITests.DeliveryProtocolTests testDuplicateCursorAndGenerationSequenceDoNotRepeatText]' passed (0.002 seconds).
ios-foundation	Run swift test --package-path apps/ios	2026-10-01T03:16:01.4147060Z Test Case '-[QelvoraUITests.DeliveryProtocolTests testGenerationGapDoesNotAdvanceRenderedCursor]' started.
ios-foundation	Run swift test --package-path apps/ios	2026-10-01T03:16:01.4148800Z Test Case '-[QelvoraUITests.DeliveryProtocolTests testGenerationGapDoesNotAdvanceRenderedCursor]' passed (0.000 seconds).
ios-foundation	Run swift test --package-path apps/ios	2026-10-01T03:16:01.4149710Z Test Case '-[QelvoraUITests.DeliveryProtocolTests testOldAIFrameNeverAppearsAfterTakeover]' started.
ios-foundation	Run swift test --package-path apps/ios	2026-10-01T03:16:01.4150580Z Test Case '-[QelvoraUITests.DeliveryProtocolTests testOldAIFrameNeverAppearsAfterTakeover]' passed (0.000 seconds).
ios-foundation	Run swift test --package-path apps/ios	2026-10-01T03:16:01.4151590Z Test Case '-[QelvoraUITests.DeliveryProtocolTests testPersistedCheckpointResumesGenerationAfterProcessRecreation]' started.
ios-foundation	Run swift test --package-path apps/ios	2026-10-01T03:16:01.4152820Z Test Case '-[QelvoraUITests.DeliveryProtocolTests testPersistedCheckpointResumesGenerationAfterProcessRecreation]' passed (0.000 seconds).
ios-foundation	Run swift test --package-path apps/ios	2026-10-01T03:16:01.4153840Z Test Case '-[QelvoraUITests.DeliveryProtocolTests testReconnectWaitsForMissingCursorRatherThanSkippingABoundary]' started.
ios-foundation	Run swift test --package-path apps/ios	2026-10-01T03:16:01.4155600Z Test Case '-[QelvoraUITests.DeliveryProtocolTests testReconnectWaitsForMissingCursorRatherThanSkippingABoundary]' passed (0.000 seconds).
ios-foundation	Run swift test --package-path apps/ios	2026-10-01T03:16:01.4156990Z Test Case '-[QelvoraUITests.DeliveryProtocolTests testRejectedDrainDoesNotLoseEarlierValidSentence]' started.
ios-foundation	Run swift test --package-path apps/ios	2026-10-01T03:16:01.4157880Z Test Case '-[QelvoraUITests.DeliveryProtocolTests testRejectedDrainDoesNotLoseEarlierValidSentence]' passed (0.000 seconds).
ios-foundation	Run swift test --package-path apps/ios	2026-10-01T03:16:01.4158690Z Test Case '-[QelvoraUITests.DeliveryProtocolTests testReorderedTakeoverBoundaryPrecedesLaterContent]' started.
ios-foundation	Run swift test --package-path apps/ios	2026-10-01T03:16:01.4159510Z Test Case '-[QelvoraUITests.DeliveryProtocolTests testReorderedTakeoverBoundaryPrecedesLaterContent]' passed (0.000 seconds).
ios-foundation	Run swift test --package-path apps/ios	2026-10-01T03:16:01.4160310Z Test Case '-[QelvoraUITests.DeliveryProtocolTests testWrongThreadFailsClosed]' started.
ios-foundation	Run swift test --package-path apps/ios	2026-10-01T03:16:01.4160990Z Test Case '-[QelvoraUITests.DeliveryProtocolTests testWrongThreadFailsClosed]' passed (0.000 seconds).
ios-foundation	Run swift test --package-path apps/ios	2026-10-01T03:16:01.4161500Z Test Suite 'DeliveryProtocolTests' passed at 2026-10-01 03:15:57.474.
ios-foundation	Run swift test --package-path apps/ios	2026-10-01T03:16:01.4161970Z 	 Executed 8 tests, with 0 failures (0 unexpected) in 0.004 (0.005) seconds
ios-foundation	Run swift test --package-path apps/ios	2026-10-01T03:16:01.4162480Z Test Suite 'GeneratedContractTests' started at 2026-10-01 03:15:57.474.
ios-foundation	Run swift test --package-path apps/ios	2026-10-01T03:16:01.4163070Z Test Case '-[QelvoraUITests.GeneratedContractTests testIdentityCapabilityRejectsIndependentAccounts]' started.
ios-foundation	Run swift test --package-path apps/ios	2026-10-01T03:16:01.4163900Z Test Case '-[QelvoraUITests.GeneratedContractTests testIdentityCapabilityRejectsIndependentAccounts]' passed (0.000 seconds).
ios-foundation	Run swift test --package-path apps/ios	2026-10-01T03:16:01.4164670Z Test Case '-[QelvoraUITests.GeneratedContractTests testRealtimeControlFrameDecodesNullableGeneration]' started.
ios-foundation	Run swift test --package-path apps/ios	2026-10-01T03:16:01.4165510Z Test Case '-[QelvoraUITests.GeneratedContractTests testRealtimeControlFrameDecodesNullableGeneration]' passed (0.000 seconds).
ios-foundation	Run swift test --package-path apps/ios	2026-10-01T03:16:01.4166200Z Test Suite 'GeneratedContractTests' passed at 2026-10-01 03:15:57.475.
ios-foundation	Run swift test --package-path apps/ios	2026-10-01T03:16:01.4166700Z 	 Executed 2 tests, with 0 failures (0 unexpected) in 0.001 (0.001) seconds
ios-foundation	Run swift test --package-path apps/ios	2026-10-01T03:16:01.4167150Z Test Suite 'IdentityTests' started at 2026-10-01 03:15:57.475.
ios-foundation	Run swift test --package-path apps/ios	2026-10-01T03:16:01.4168440Z Test Case '-[QelvoraUITests.IdentityTests testEveryAuthorUsesItsFixedLabel]' started.
ios-foundation	Run swift test --package-path apps/ios	2026-10-01T03:16:01.4169080Z Test Case '-[QelvoraUITests.IdentityTests testEveryAuthorUsesItsFixedLabel]' passed (0.000 seconds).
ios-foundation	Run swift test --package-path apps/ios	2026-10-01T03:16:01.4170170Z Test Case '-[QelvoraUITests.IdentityTests testOnlyCreatorAuthorshipOwnsTheCreatorSurface]' started.
ios-foundation	Run swift test --package-path apps/ios	2026-10-01T03:16:01.4170890Z Test Case '-[QelvoraUITests.IdentityTests testOnlyCreatorAuthorshipOwnsTheCreatorSurface]' passed (0.000 seconds).
ios-foundation	Run swift test --package-path apps/ios	2026-10-01T03:16:01.4171550Z Test Case '-[QelvoraUITests.IdentityTests testRegistryHonestlyTracksAll53Components]' started.
ios-foundation	Run swift test --package-path apps/ios	2026-10-01T03:16:01.4172200Z Test Case '-[QelvoraUITests.IdentityTests testRegistryHonestlyTracksAll53Components]' passed (0.000 seconds).
ios-foundation	Run swift test --package-path apps/ios	2026-10-01T03:16:01.4173010Z Test Case '-[QelvoraUITests.IdentityTests testUnconnectedPantopusAdapterDoesNotReturnAnAccount]' started.
ios-foundation	Run swift test --package-path apps/ios	2026-10-01T03:16:01.4173750Z Test Case '-[QelvoraUITests.IdentityTests testUnconnectedPantopusAdapterDoesNotReturnAnAccount]' passed (0.000 seconds).
ios-foundation	Run swift test --package-path apps/ios	2026-10-01T03:16:01.4174600Z Test Case '-[QelvoraUITests.IdentityTests testUnknownOrReservedServerMessageKindCannotRenderAsAHuman]' started.
ios-foundation	Run swift test --package-path apps/ios	2026-10-01T03:16:01.4175470Z Test Case '-[QelvoraUITests.IdentityTests testUnknownOrReservedServerMessageKindCannotRenderAsAHuman]' passed (0.000 seconds).
ios-foundation	Run swift test --package-path apps/ios	2026-10-01T03:16:01.4176090Z Test Suite 'IdentityTests' passed at 2026-10-01 03:15:57.477.
ios-foundation	Run swift test --package-path apps/ios	2026-10-01T03:16:01.4176490Z 	 Executed 5 tests, with 0 failures (0 unexpected) in 0.001 (0.002) seconds
ios-foundation	Run swift test --package-path apps/ios	2026-10-01T03:16:01.4176970Z Test Suite 'NativeSnapshotTests' started at 2026-10-01 03:15:57.477.
ios-foundation	Run swift test --package-path apps/ios	2026-10-01T03:16:01.4177500Z Test Case '-[QelvoraUITests.NativeSnapshotTests testAuthorIdentitySurfaces]' started.
ios-foundation	Run swift test --package-path apps/ios	2026-10-01T03:16:01.4178740Z /Users/runner/work/creator-platform/creator-platform/apps/ios/Tests/QelvoraUITests/NativeSnapshotTests.swift:40: error: -[QelvoraUITests.NativeSnapshotTests testAuthorIdentitySurfaces] : failed - Snapshot "light" does not match reference.
ios-foundation	Run swift test --package-path apps/ios	2026-10-01T03:16:01.4179860Z 
ios-foundation	Run swift test --package-path apps/ios	2026-10-01T03:16:01.4180840Z @−
ios-foundation	Run swift test --package-path apps/ios	2026-10-01T03:16:01.4181390Z "file:///Users/runner/work/creator-platform/creator-platform/apps/ios/Tests/QelvoraUITests/__Snapshots__/NativeSnapshotTests/testAuthorIdentitySurfaces.light.png"
ios-foundation	Run swift test --package-path apps/ios	2026-10-01T03:16:01.4182070Z @+
ios-foundation	Run swift test --package-path apps/ios	2026-10-01T03:16:01.4182570Z "file:///Users/runner/work/creator-platform/creator-platform/artifacts/ios/snapshots/NativeSnapshotTests/testAuthorIdentitySurfaces.light.png"
ios-foundation	Run swift test --package-path apps/ios	2026-10-01T03:16:01.4183070Z 
ios-foundation	Run swift test --package-path apps/ios	2026-10-01T03:16:01.4183310Z To configure output for a custom diff tool, use 'withSnapshotTesting'. For example:
ios-foundation	Run swift test --package-path apps/ios	2026-10-01T03:16:01.4183620Z 
ios-foundation	Run swift test --package-path apps/ios	2026-10-01T03:16:01.4183770Z     withSnapshotTesting(diffTool: .ksdiff) {
ios-foundation	Run swift test --package-path apps/ios	2026-10-01T03:16:01.4184040Z       // ...
ios-foundation	Run swift test --package-path apps/ios	2026-10-01T03:16:01.4184300Z     }
ios-foundation	Run swift test --package-path apps/ios	2026-10-01T03:16:01.4184370Z 
ios-foundation	Run swift test --package-path apps/ios	2026-10-01T03:16:01.4184500Z Newly-taken snapshot does not match reference.
ios-foundation	Run swift test --package-path apps/ios	2026-10-01T03:16:01.4185460Z /Users/runner/work/creator-platform/creator-platform/apps/ios/Tests/QelvoraUITests/NativeSnapshotTests.swift:40: error: -[QelvoraUITests.NativeSnapshotTests testAuthorIdentitySurfaces] : failed - Snapshot "night" does not match reference.
ios-foundation	Run swift test --package-path apps/ios	2026-10-01T03:16:01.4186390Z 
ios-foundation	Run swift test --package-path apps/ios	2026-10-01T03:16:01.4186450Z @−
ios-foundation	Run swift test --package-path apps/ios	2026-10-01T03:16:01.4187130Z "file:///Users/runner/work/creator-platform/creator-platform/apps/ios/Tests/QelvoraUITests/__Snapshots__/NativeSnapshotTests/testAuthorIdentitySurfaces.night.png"
ios-foundation	Run swift test --package-path apps/ios	2026-10-01T03:16:01.4187800Z @+
ios-foundation	Run swift test --package-path apps/ios	2026-10-01T03:16:01.4188340Z "file:///Users/runner/work/creator-platform/creator-platform/artifacts/ios/snapshots/NativeSnapshotTests/testAuthorIdentitySurfaces.night.png"
ios-foundation	Run swift test --package-path apps/ios	2026-10-01T03:16:01.4188920Z 
ios-foundation	Run swift test --package-path apps/ios	2026-10-01T03:16:01.4189150Z To configure output for a custom diff tool, use 'withSnapshotTesting'. For example:
ios-foundation	Run swift test --package-path apps/ios	2026-10-01T03:16:01.4189480Z 
ios-foundation	Run swift test --package-path apps/ios	2026-10-01T03:16:01.4189560Z     withSnapshotTesting(diffTool: .ksdiff) {
ios-foundation	Run swift test --package-path apps/ios	2026-10-01T03:16:01.4189900Z       // ...
ios-foundation	Run swift test --package-path apps/ios	2026-10-01T03:16:01.4190090Z     }
ios-foundation	Run swift test --package-path apps/ios	2026-10-01T03:16:01.4190230Z 
ios-foundation	Run swift test --package-path apps/ios	2026-10-01T03:16:01.4190380Z Newly-taken snapshot does not match reference.
ios-foundation	Run swift test --package-path apps/ios	2026-10-01T03:16:01.4191130Z Test Case '-[QelvoraUITests.NativeSnapshotTests testAuthorIdentitySurfaces]' failed (1.349 seconds).
ios-foundation	Run swift test --package-path apps/ios	2026-10-01T03:16:01.4191680Z Test Case '-[QelvoraUITests.NativeSnapshotTests testComponentCatalogThemes]' started.
ios-foundation	Run swift test --package-path apps/ios	2026-10-01T03:16:01.4192860Z /Users/runner/work/creator-platform/creator-platform/apps/ios/Tests/QelvoraUITests/NativeSnapshotTests.swift:60: error: -[QelvoraUITests.NativeSnapshotTests testComponentCatalogThemes] : failed - Snapshot "Mark.light" does not match reference.
ios-foundation	Run swift test --package-path apps/ios	2026-10-01T03:16:01.4193610Z 
ios-foundation	Run swift test --package-path apps/ios	2026-10-01T03:16:01.4193680Z @−
ios-foundation	Run swift test --package-path apps/ios	2026-10-01T03:16:01.4194260Z "file:///Users/runner/work/creator-platform/creator-platform/apps/ios/Tests/QelvoraUITests/__Snapshots__/NativeSnapshotTests/testComponentCatalogThemes.Mark-light.png"
ios-foundation	Run swift test --package-path apps/ios	2026-10-01T03:16:01.4194850Z @+
ios-foundation	Run swift test --package-path apps/ios	2026-10-01T03:16:01.4195400Z "file:///Users/runner/work/creator-platform/creator-platform/artifacts/ios/snapshots/NativeSnapshotTests/testComponentCatalogThemes.Mark-light.png"
ios-foundation	Run swift test --package-path apps/ios	2026-10-01T03:16:01.4195890Z 
ios-foundation	Run swift test --package-path apps/ios	2026-10-01T03:16:01.4196130Z To configure output for a custom diff tool, use 'withSnapshotTesting'. For example:
ios-foundation	Run swift test --package-path apps/ios	2026-10-01T03:16:01.4196370Z 
ios-foundation	Run swift test --package-path apps/ios	2026-10-01T03:16:01.4196510Z     withSnapshotTesting(diffTool: .ksdiff) {
ios-foundation	Run swift test --package-path apps/ios	2026-10-01T03:16:01.4196810Z       // ...
ios-foundation	Run swift test --package-path apps/ios	2026-10-01T03:16:01.4196970Z     }
ios-foundation	Run swift test --package-path apps/ios	2026-10-01T03:16:01.4197100Z 
ios-foundation	Run swift test --package-path apps/ios	2026-10-01T03:16:01.4197220Z Newly-taken snapshot does not match reference.
ios-foundation	Run swift test --package-path apps/ios	2026-10-01T03:16:01.4198040Z /Users/runner/work/creator-platform/creator-platform/apps/ios/Tests/QelvoraUITests/NativeSnapshotTests.swift:60: error: -[QelvoraUITests.NativeSnapshotTests testComponentCatalogThemes] : failed - Snapshot "Seal.light" does not match reference.
ios-foundation	Run swift test --package-path apps/ios	2026-10-01T03:16:01.4198810Z 
ios-foundation	Run swift test --package-path apps/ios	2026-10-01T03:16:01.4198930Z @−
ios-foundation	Run swift test --package-path apps/ios	2026-10-01T03:16:01.4199510Z "file:///Users/runner/work/creator-platform/creator-platform/apps/ios/Tests/QelvoraUITests/__Snapshots__/NativeSnapshotTests/testComponentCatalogThemes.Seal-light.png"
ios-foundation	Run swift test --package-path apps/ios	2026-10-01T03:16:01.4200180Z @+
ios-foundation	Run swift test --package-path apps/ios	2026-10-01T03:16:01.4200720Z "file:///Users/runner/work/creator-platform/creator-platform/artifacts/ios/snapshots/NativeSnapshotTests/testComponentCatalogThemes.Seal-light.png"
ios-foundation	Run swift test --package-path apps/ios	2026-10-01T03:16:01.4201300Z 
ios-foundation	Run swift test --package-path apps/ios	2026-10-01T03:16:01.4201540Z To configure output for a custom diff tool, use 'withSnapshotTesting'. For example:
ios-foundation	Run swift test --package-path apps/ios	2026-10-01T03:16:01.4201890Z 
ios-foundation	Run swift test --package-path apps/ios	2026-10-01T03:16:01.4201970Z     withSnapshotTesting(diffTool: .ksdiff) {
ios-foundation	Run swift test --package-path apps/ios	2026-10-01T03:16:01.4202290Z       // ...
ios-foundation	Run swift test --package-path apps/ios	2026-10-01T03:16:01.4202490Z     }
ios-foundation	Run swift test --package-path apps/ios	2026-10-01T03:16:01.4202600Z 
ios-foundation	Run swift test --package-path apps/ios	2026-10-01T03:16:01.4202730Z Newly-taken snapshot does not match reference.
ios-foundation	Run swift test --package-path apps/ios	2026-10-01T03:16:01.4203710Z /Users/runner/work/creator-platform/creator-platform/apps/ios/Tests/QelvoraUITests/NativeSnapshotTests.swift:60: error: -[QelvoraUITests.NativeSnapshotTests testComponentCatalogThemes] : failed - Snapshot "Avatar.light" does not match reference.
ios-foundation	Run swift test --package-path apps/ios	2026-10-01T03:16:01.4204410Z 
ios-foundation	Run swift test --package-path apps/ios	2026-10-01T03:16:01.4204530Z @−
ios-foundation	Run swift test --package-path apps/ios	2026-10-01T03:16:01.4205220Z "file:///Users/runner/work/creator-platform/creator-platform/apps/ios/Tests/QelvoraUITests/__Snapshots__/NativeSnapshotTests/testComponentCatalogThemes.Avatar-light.png"
ios-foundation	Run swift test --package-path apps/ios	2026-10-01T03:16:01.4205840Z @+
ios-foundation	Run swift test --package-path apps/ios	2026-10-01T03:16:01.4206440Z "file:///Users/runner/work/creator-platform/creator-platform/artifacts/ios/snapshots/NativeSnapshotTests/testComponentCatalogThemes.Avatar-light.png"
ios-foundation	Run swift test --package-path apps/ios	2026-10-01T03:16:01.4206950Z 
ios-foundation	Run swift test --package-path apps/ios	2026-10-01T03:16:01.4207120Z To configure output for a custom diff tool, use 'withSnapshotTesting'. For example:
ios-foundation	Run swift test --package-path apps/ios	2026-10-01T03:16:01.4207420Z 
ios-foundation	Run swift test --package-path apps/ios	2026-10-01T03:16:01.4207580Z     withSnapshotTesting(diffTool: .ksdiff) {
ios-foundation	Run swift test --package-path apps/ios	2026-10-01T03:16:01.4207900Z       // ...
ios-foundation	Run swift test --package-path apps/ios	2026-10-01T03:16:01.4208060Z     }
ios-foundation	Run swift test --package-path apps/ios	2026-10-01T03:16:01.4208160Z 
ios-foundation	Run swift test --package-path apps/ios	2026-10-01T03:16:01.4208300Z Newly-taken snapshot does not match reference.
ios-foundation	Run swift test --package-path apps/ios	2026-10-01T03:16:01.4209250Z /Users/runner/work/creator-platform/creator-platform/apps/ios/Tests/QelvoraUITests/NativeSnapshotTests.swift:60: error: -[QelvoraUITests.NativeSnapshotTests testComponentCatalogThemes] : failed - Snapshot "AuthorLabel.light" does not match reference.
ios-foundation	Run swift test --package-path apps/ios	2026-10-01T03:16:01.4210520Z 
ios-foundation	Run swift test --package-path apps/ios	2026-10-01T03:16:01.4210690Z @−
ios-foundation	Run swift test --package-path apps/ios	2026-10-01T03:16:01.4211320Z "file:///Users/runner/work/creator-platform/creator-platform/apps/ios/Tests/QelvoraUITests/__Snapshots__/NativeSnapshotTests/testComponentCatalogThemes.AuthorLabel-light.png"
ios-foundation	Run swift test --package-path apps/ios	2026-10-01T03:16:01.4212290Z @+
ios-foundation	Run swift test --package-path apps/ios	2026-10-01T03:16:01.4212920Z "file:///Users/runner/work/creator-platform/creator-platform/artifacts/ios/snapshots/NativeSnapshotTests/testComponentCatalogThemes.AuthorLabel-light.png"
ios-foundation	Run swift test --package-path apps/ios	2026-10-01T03:16:01.4213510Z 
ios-foundation	Run swift test --package-path apps/ios	2026-10-01T03:16:01.4213700Z To configure output for a custom diff tool, use 'withSnapshotTesting'. For example:
ios-foundation	Run swift test --package-path apps/ios	2026-10-01T03:16:01.4214060Z 
ios-foundation	Run swift test --package-path apps/ios	2026-10-01T03:16:01.4214190Z     withSnapshotTesting(diffTool: .ksdiff) {
ios-foundation	Run swift test --package-path apps/ios	2026-10-01T03:16:01.4214460Z       // ...
ios-foundation	Run swift test --package-path apps/ios	2026-10-01T03:16:01.4214740Z     }
ios-foundation	Run swift test --package-path apps/ios	2026-10-01T03:16:01.4215170Z 
ios-foundation	Run swift test --package-path apps/ios	2026-10-01T03:16:01.4215390Z Newly-taken snapshot does not match reference.
ios-foundation	Run swift test --package-path apps/ios	2026-10-01T03:16:01.4216380Z /Users/runner/work/creator-platform/creator-platform/apps/ios/Tests/QelvoraUITests/NativeSnapshotTests.swift:60: error: -[QelvoraUITests.NativeSnapshotTests testComponentCatalogThemes] : failed - Snapshot "IdentityStrip.light" does not match reference.
ios-foundation	Run swift test --package-path apps/ios	2026-10-01T03:16:01.4217180Z 
ios-foundation	Run swift test --package-path apps/ios	2026-10-01T03:16:01.4217330Z @−
ios-foundation	Run swift test --package-path apps/ios	2026-10-01T03:16:01.4217930Z "file:///Users/runner/work/creator-platform/creator-platform/apps/ios/Tests/QelvoraUITests/__Snapshots__/NativeSnapshotTests/testComponentCatalogThemes.IdentityStrip-light.png"
ios-foundation	Run swift test --package-path apps/ios	2026-10-01T03:16:01.4218620Z @+
ios-foundation	Run swift test --package-path apps/ios	2026-10-01T03:16:01.4219130Z "file:///Users/runner/work/creator-platform/creator-platform/artifacts/ios/snapshots/NativeSnapshotTests/testComponentCatalogThemes.IdentityStrip-light.png"
ios-foundation	Run swift test --package-path apps/ios	2026-10-01T03:16:01.4219680Z 
ios-foundation	Run swift test --package-path apps/ios	2026-10-01T03:16:01.4219890Z To configure output for a custom diff tool, use 'withSnapshotTesting'. For example:
ios-foundation	Run swift test --package-path apps/ios	2026-10-01T03:16:01.4220210Z 
ios-foundation	Run swift test --package-path apps/ios	2026-10-01T03:16:01.4220340Z     withSnapshotTesting(diffTool: .ksdiff) {
ios-foundation	Run swift test --package-path apps/ios	2026-10-01T03:16:01.4220600Z       // ...
ios-foundation	Run swift test --package-path apps/ios	2026-10-01T03:16:01.4220820Z     }
ios-foundation	Run swift test --package-path apps/ios	2026-10-01T03:16:01.4220930Z 
ios-foundation	Run swift test --package-path apps/ios	2026-10-01T03:16:01.4221020Z Newly-taken snapshot does not match reference.
ios-foundation	Run swift test --package-path apps/ios	2026-10-01T03:16:01.4221960Z /Users/runner/work/creator-platform/creator-platform/apps/ios/Tests/QelvoraUITests/NativeSnapshotTests.swift:60: error: -[QelvoraUITests.NativeSnapshotTests testComponentCatalogThemes] : failed - Snapshot "ThreadHeader.light" does not match reference.
ios-foundation	Run swift test --package-path apps/ios	2026-10-01T03:16:01.4222730Z 
ios-foundation	Run swift test --package-path apps/ios	2026-10-01T03:16:01.4222850Z @−
ios-foundation	Run swift test --package-path apps/ios	2026-10-01T03:16:01.4223450Z "file:///Users/runner/work/creator-platform/creator-platform/apps/ios/Tests/QelvoraUITests/__Snapshots__/NativeSnapshotTests/testComponentCatalogThemes.ThreadHeader-light.png"
ios-foundation	Run swift test --package-path apps/ios	2026-10-01T03:16:01.4224150Z @+
ios-foundation	Run swift test --package-path apps/ios	2026-10-01T03:16:01.4224670Z "file:///Users/runner/work/creator-platform/creator-platform/artifacts/ios/snapshots/NativeSnapshotTests/testComponentCatalogThemes.ThreadHeader-light.png"
ios-foundation	Run swift test --package-path apps/ios	2026-10-01T03:16:01.4225250Z 
ios-foundation	Run swift test --package-path apps/ios	2026-10-01T03:16:01.4225480Z To configure output for a custom diff tool, use 'withSnapshotTesting'. For example:
ios-foundation	Run swift test --package-path apps/ios	2026-10-01T03:16:01.4225810Z 
ios-foundation	Run swift test --package-path apps/ios	2026-10-01T03:16:01.4225910Z     withSnapshotTesting(diffTool: .ksdiff) {
ios-foundation	Run swift test --package-path apps/ios	2026-10-01T03:16:01.4226320Z       // ...
ios-foundation	Run swift test --package-path apps/ios	2026-10-01T03:16:01.4226520Z     }
ios-foundation	Run swift test --package-path apps/ios	2026-10-01T03:16:01.4226630Z 
ios-foundation	Run swift test --package-path apps/ios	2026-10-01T03:16:01.4226780Z Newly-taken snapshot does not match reference.
ios-foundation	Run swift test --package-path apps/ios	2026-10-01T03:16:01.4227760Z /Users/runner/work/creator-platform/creator-platform/apps/ios/Tests/QelvoraUITests/NativeSnapshotTests.swift:60: error: -[QelvoraUITests.NativeSnapshotTests testComponentCatalogThemes] : failed - Snapshot "SignedMarker.light" does not match reference.
ios-foundation	Run swift test --package-path apps/ios	2026-10-01T03:16:01.4228540Z 
ios-foundation	Run swift test --package-path apps/ios	2026-10-01T03:16:01.4228680Z @−
ios-foundation	Run swift test --package-path apps/ios	2026-10-01T03:16:01.4229480Z "file:///Users/runner/work/creator-platform/creator-platform/apps/ios/Tests/QelvoraUITests/__Snapshots__/NativeSnapshotTests/testComponentCatalogThemes.SignedMarker-light.png"
ios-foundation	Run swift test --package-path apps/ios	2026-10-01T03:16:01.4230180Z @+
ios-foundation	Run swift test --package-path apps/ios	2026-10-01T03:16:01.4230880Z "file:///Users/runner/work/creator-platform/creator-platform/artifacts/ios/snapshots/NativeSnapshotTests/testComponentCatalogThemes.SignedMarker-light.png"
ios-foundation	Run swift test --package-path apps/ios	2026-10-01T03:16:01.4231500Z 
ios-foundation	Run swift test --package-path apps/ios	2026-10-01T03:16:01.4232620Z To configure output for a custom diff tool, use 'withSnapshotTesting'. For example:
ios-foundation	Run swift test --package-path apps/ios	2026-10-01T03:16:01.4233010Z 
ios-foundation	Run swift test --package-path apps/ios	2026-10-01T03:16:01.4233120Z     withSnapshotTesting(diffTool: .ksdiff) {
ios-foundation	Run swift test --package-path apps/ios	2026-10-01T03:16:01.4233810Z       // ...
ios-foundation	Run swift test --package-path apps/ios	2026-10-01T03:16:01.4234070Z     }
ios-foundation	Run swift test --package-path apps/ios	2026-10-01T03:16:01.4234210Z 
ios-foundation	Run swift test --package-path apps/ios	2026-10-01T03:16:01.4234420Z Newly-taken snapshot does not match reference.
ios-foundation	Run swift test --package-path apps/ios	2026-10-01T03:16:01.4235510Z /Users/runner/work/creator-platform/creator-platform/apps/ios/Tests/QelvoraUITests/NativeSnapshotTests.swift:60: error: -[QelvoraUITests.NativeSnapshotTests testComponentCatalogThemes] : failed - Snapshot "SystemLine.light" does not match reference.
ios-foundation	Run swift test --package-path apps/ios	2026-10-01T03:16:01.4236350Z 
ios-foundation	Run swift test --package-path apps/ios	2026-10-01T03:16:01.4236500Z @−
ios-foundation	Run swift test --package-path apps/ios	2026-10-01T03:16:01.4237380Z "file:///Users/runner/work/creator-platform/creator-platform/apps/ios/Tests/QelvoraUITests/__Snapshots__/NativeSnapshotTests/testComponentCatalogThemes.SystemLine-light.png"
ios-foundation	Run swift test --package-path apps/ios	2026-10-01T03:16:01.4238640Z @+
ios-foundation	Run swift test --package-path apps/ios	2026-10-01T03:16:01.4239410Z "file:///Users/runner/work/creator-platform/creator-platform/artifacts/ios/snapshots/NativeSnapshotTests/testComponentCatalogThemes.SystemLine-light.png"
ios-foundation	Run swift test --package-path apps/ios	2026-10-01T03:16:01.4240140Z 
ios-foundation	Run swift test --package-path apps/ios	2026-10-01T03:16:01.4240450Z To configure output for a custom diff tool, use 'withSnapshotTesting'. For example:
ios-foundation	Run swift test --package-path apps/ios	2026-10-01T03:16:01.4240760Z 
ios-foundation	Run swift test --package-path apps/ios	2026-10-01T03:16:01.4240950Z     withSnapshotTesting(diffTool: .ksdiff) {
ios-foundation	Run swift test --package-path apps/ios	2026-10-01T03:16:01.4241250Z       // ...
ios-foundation	Run swift test --package-path apps/ios	2026-10-01T03:16:01.4260140Z     }
ios-foundation	Run swift test --package-path apps/ios	2026-10-01T03:16:01.4260290Z 
ios-foundation	Run swift test --package-path apps/ios	2026-10-01T03:16:01.4260470Z Newly-taken snapshot does not match reference.
ios-foundation	Run swift test --package-path apps/ios	2026-10-01T03:16:01.4261580Z /Users/runner/work/creator-platform/creator-platform/apps/ios/Tests/QelvoraUITests/NativeSnapshotTests.swift:60: error: -[QelvoraUITests.NativeSnapshotTests testComponentCatalogThemes] : failed - Snapshot "Message.light" does not match reference.
ios-foundation	Run swift test --package-path apps/ios	2026-10-01T03:16:01.4262470Z 
ios-foundation	Run swift test --package-path apps/ios	2026-10-01T03:16:01.4262650Z @−
ios-foundation	Run swift test --package-path apps/ios	2026-10-01T03:16:01.4263320Z "file:///Users/runner/work/creator-platform/creator-platform/apps/ios/Tests/QelvoraUITests/__Snapshots__/NativeSnapshotTests/testComponentCatalogThemes.Message-light.png"
ios-foundation	Run swift test --package-path apps/ios	2026-10-01T03:16:01.4264060Z @+
ios-foundation	Run swift test --package-path apps/ios	2026-10-01T03:16:01.4264560Z "file:///Users/runner/work/creator-platform/creator-platform/artifacts/ios/snapshots/NativeSnapshotTests/testComponentCatalogThemes.Message-light.png"
ios-foundation	Run swift test --package-path apps/ios	2026-10-01T03:16:01.4265110Z 
ios-foundation	Run swift test --package-path apps/ios	2026-10-01T03:16:01.4265350Z To configure output for a custom diff tool, use 'withSnapshotTesting'. For example:
ios-foundation	Run swift test --package-path apps/ios	2026-10-01T03:16:01.4265670Z 
ios-foundation	Run swift test --package-path apps/ios	2026-10-01T03:16:01.4265820Z     withSnapshotTesting(diffTool: .ksdiff) {
ios-foundation	Run swift test --package-path apps/ios	2026-10-01T03:16:01.4266090Z       // ...
ios-foundation	Run swift test --package-path apps/ios	2026-10-01T03:16:01.4266320Z     }
ios-foundation	Run swift test --package-path apps/ios	2026-10-01T03:16:01.4266390Z 
ios-foundation	Run swift test --package-path apps/ios	2026-10-01T03:16:01.4266540Z Newly-taken snapshot does not match reference.
ios-foundation	Run swift test --package-path apps/ios	2026-10-01T03:16:01.4267460Z /Users/runner/work/creator-platform/creator-platform/apps/ios/Tests/QelvoraUITests/NativeSnapshotTests.swift:60: error: -[QelvoraUITests.NativeSnapshotTests testComponentCatalogThemes] : failed - Snapshot "Note.light" does not match reference.
ios-foundation	Run swift test --package-path apps/ios	2026-10-01T03:16:01.4268240Z 
ios-foundation	Run swift test --package-path apps/ios	2026-10-01T03:16:01.4268320Z @−
ios-foundation	Run swift test --package-path apps/ios	2026-10-01T03:16:01.4268980Z "file:///Users/runner/work/creator-platform/creator-platform/apps/ios/Tests/QelvoraUITests/__Snapshots__/NativeSnapshotTests/testComponentCatalogThemes.Note-light.png"
ios-foundation	Run swift test --package-path apps/ios	2026-10-01T03:16:01.4269690Z @+
ios-foundation	Run swift test --package-path apps/ios	2026-10-01T03:16:01.4270220Z "file:///Users/runner/work/creator-platform/creator-platform/artifacts/ios/snapshots/NativeSnapshotTests/testComponentCatalogThemes.Note-light.png"
ios-foundation	Run swift test --package-path apps/ios	2026-10-01T03:16:01.4270730Z 
ios-foundation	Run swift test --package-path apps/ios	2026-10-01T03:16:01.4271010Z To configure output for a custom diff tool, use 'withSnapshotTesting'. For example:
ios-foundation	Run swift test --package-path apps/ios	2026-10-01T03:16:01.4271310Z 
ios-foundation	Run swift test --package-path apps/ios	2026-10-01T03:16:01.4271400Z     withSnapshotTesting(diffTool: .ksdiff) {
ios-foundation	Run swift test --package-path apps/ios	2026-10-01T03:16:01.4271680Z       // ...
ios-foundation	Run swift test --package-path apps/ios	2026-10-01T03:16:01.4271880Z     }
ios-foundation	Run swift test --package-path apps/ios	2026-10-01T03:16:01.4271970Z 
ios-foundation	Run swift test --package-path apps/ios	2026-10-01T03:16:01.4272050Z Newly-taken snapshot does not match reference.
ios-foundation	Run swift test --package-path apps/ios	2026-10-01T03:16:01.4273040Z /Users/runner/work/creator-platform/creator-platform/apps/ios/Tests/QelvoraUITests/NativeSnapshotTests.swift:60: error: -[QelvoraUITests.NativeSnapshotTests testComponentCatalogThemes] : failed - Snapshot "ReactionChip.light" does not match reference.
ios-foundation	Run swift test --package-path apps/ios	2026-10-01T03:16:01.4274340Z 
ios-foundation	Run swift test --package-path apps/ios	2026-10-01T03:16:01.4274470Z @−
ios-foundation	Run swift test --package-path apps/ios	2026-10-01T03:16:01.4275460Z "file:///Users/runner/work/creator-platform/creator-platform/apps/ios/Tests/QelvoraUITests/__Snapshots__/NativeSnapshotTests/testComponentCatalogThemes.ReactionChip-light.png"
ios-foundation	Run swift test --package-path apps/ios	2026-10-01T03:16:01.4276100Z @+
ios-foundation	Run swift test --package-path apps/ios	2026-10-01T03:16:01.4276590Z "file:///Users/runner/work/creator-platform/creator-platform/artifacts/ios/snapshots/NativeSnapshotTests/testComponentCatalogThemes.ReactionChip-light.png"
ios-foundation	Run swift test --package-path apps/ios	2026-10-01T03:16:01.4277140Z 
ios-foundation	Run swift test --package-path apps/ios	2026-10-01T03:16:01.4277350Z To configure output for a custom diff tool, use 'withSnapshotTesting'. For example:
ios-foundation	Run swift test --package-path apps/ios	2026-10-01T03:16:01.4277680Z 
ios-foundation	Run swift test --package-path apps/ios	2026-10-01T03:16:01.4277830Z     withSnapshotTesting(diffTool: .ksdiff) {
ios-foundation	Run swift test --package-path apps/ios	2026-10-01T03:16:01.4278060Z       // ...
ios-foundation	Run swift test --package-path apps/ios	2026-10-01T03:16:01.4278230Z     }
ios-foundation	Run swift test --package-path apps/ios	2026-10-01T03:16:01.4278300Z 
ios-foundation	Run swift test --package-path apps/ios	2026-10-01T03:16:01.4278440Z Newly-taken snapshot does not match reference.
ios-foundation	Run swift test --package-path apps/ios	2026-10-01T03:16:01.4279370Z /Users/runner/work/creator-platform/creator-platform/apps/ios/Tests/QelvoraUITests/NativeSnapshotTests.swift:60: error: -[QelvoraUITests.NativeSnapshotTests testComponentCatalogThemes] : failed - Snapshot "CitationChip.light" does not match reference.
ios-foundation	Run swift test --package-path apps/ios	2026-10-01T03:16:01.4280160Z 
ios-foundation	Run swift test --package-path apps/ios	2026-10-01T03:16:01.4280230Z @−
ios-foundation	Run swift test --package-path apps/ios	2026-10-01T03:16:01.4280850Z "file:///Users/runner/work/creator-platform/creator-platform/apps/ios/Tests/QelvoraUITests/__Snapshots__/NativeSnapshotTests/testComponentCatalogThemes.CitationChip-light.png"
ios-foundation	Run swift test --package-path apps/ios	2026-10-01T03:16:01.4281470Z @+
ios-foundation	Run swift test --package-path apps/ios	2026-10-01T03:16:01.4282020Z "file:///Users/runner/work/creator-platform/creator-platform/artifacts/ios/snapshots/NativeSnapshotTests/testComponentCatalogThemes.CitationChip-light.png"
ios-foundation	Run swift test --package-path apps/ios	2026-10-01T03:16:01.4282570Z 
ios-foundation	Run swift test --package-path apps/ios	2026-10-01T03:16:01.4282820Z To configure output for a custom diff tool, use 'withSnapshotTesting'. For example:
ios-foundation	Run swift test --package-path apps/ios	2026-10-01T03:16:01.4283080Z 
ios-foundation	Run swift test --package-path apps/ios	2026-10-01T03:16:01.4283220Z     withSnapshotTesting(diffTool: .ksdiff) {
ios-foundation	Run swift test --package-path apps/ios	2026-10-01T03:16:01.4283480Z       // ...
ios-foundation	Run swift test --package-path apps/ios	2026-10-01T03:16:01.4283600Z     }
ios-foundation	Run swift test --package-path apps/ios	2026-10-01T03:16:01.4283680Z 
ios-foundation	Run swift test --package-path apps/ios	2026-10-01T03:16:01.4283810Z Newly-taken snapshot does not match reference.
ios-foundation	Run swift test --package-path apps/ios	2026-10-01T03:16:01.4284710Z /Users/runner/work/creator-platform/creator-platform/apps/ios/Tests/QelvoraUITests/NativeSnapshotTests.swift:60: error: -[QelvoraUITests.NativeSnapshotTests testComponentCatalogThemes] : failed - Snapshot "MemoryChip.light" does not match reference.
ios-foundation	Run swift test --package-path apps/ios	2026-10-01T03:16:01.4285520Z 
ios-foundation	Run swift test --package-path apps/ios	2026-10-01T03:16:01.4285680Z @−
ios-foundation	Run swift test --package-path apps/ios	2026-10-01T03:16:01.4286290Z "file:///Users/runner/work/creator-platform/creator-platform/apps/ios/Tests/QelvoraUITests/__Snapshots__/NativeSnapshotTests/testComponentCatalogThemes.MemoryChip-light.png"
ios-foundation	Run swift test --package-path apps/ios	2026-10-01T03:16:01.4286930Z @+
ios-foundation	Run swift test --package-path apps/ios	2026-10-01T03:16:01.4287470Z "file:///Users/runner/work/creator-platform/creator-platform/artifacts/ios/snapshots/NativeSnapshotTests/testComponentCatalogThemes.MemoryChip-light.png"
ios-foundation	Run swift test --package-path apps/ios	2026-10-01T03:16:01.4288010Z 
ios-foundation	Run swift test --package-path apps/ios	2026-10-01T03:16:01.4288190Z To configure output for a custom diff tool, use 'withSnapshotTesting'. For example:
ios-foundation	Run swift test --package-path apps/ios	2026-10-01T03:16:01.4288510Z 
ios-foundation	Run swift test --package-path apps/ios	2026-10-01T03:16:01.4288660Z     withSnapshotTesting(diffTool: .ksdiff) {
ios-foundation	Run swift test --package-path apps/ios	2026-10-01T03:16:01.4289010Z       // ...
ios-foundation	Run swift test --package-path apps/ios	2026-10-01T03:16:01.4289220Z     }
ios-foundation	Run swift test --package-path apps/ios	2026-10-01T03:16:01.4289360Z 
ios-foundation	Run swift test --package-path apps/ios	2026-10-01T03:16:01.4289510Z Newly-taken snapshot does not match reference.
ios-foundation	Run swift test --package-path apps/ios	2026-10-01T03:16:04.4443460Z /Users/runner/work/creator-platform/creator-platform/apps/ios/Tests/QelvoraUITests/NativeSnapshotTests.swift:60: error: -[QelvoraUITests.NativeSnapshotTests testComponentCatalogThemes] : failed - Snapshot "Correction.light" does not match reference.
ios-foundation	Run swift test --package-path apps/ios	2026-10-01T03:16:04.4444560Z 
ios-foundation	Run swift test --package-path apps/ios	2026-10-01T03:16:04.4444900Z @−
ios-foundation	Run swift test --package-path apps/ios	2026-10-01T03:16:04.4445510Z "file:///Users/runner/work/creator-platform/creator-platform/apps/ios/Tests/QelvoraUITests/__Snapshots__/NativeSnapshotTests/testComponentCatalogThemes.Correction-light.png"
ios-foundation	Run swift test --package-path apps/ios	2026-10-01T03:16:04.4446160Z @+
ios-foundation	Run swift test --package-path apps/ios	2026-10-01T03:16:04.4446700Z "file:///Users/runner/work/creator-platform/creator-platform/artifacts/ios/snapshots/NativeSnapshotTests/testComponentCatalogThemes.Correction-light.png"
ios-foundation	Run swift test --package-path apps/ios	2026-10-01T03:16:04.4448060Z 
ios-foundation	Run swift test --package-path apps/ios	2026-10-01T03:16:04.4448300Z To configure output for a custom diff tool, use 'withSnapshotTesting'. For example:
ios-foundation	Run swift test --package-path apps/ios	2026-10-01T03:16:04.4449020Z 
ios-foundation	Run swift test --package-path apps/ios	2026-10-01T03:16:04.4449610Z     withSnapshotTesting(diffTool: .ksdiff) {
ios-foundation	Run swift test --package-path apps/ios	2026-10-01T03:16:04.4449960Z       // ...
ios-foundation	Run swift test --package-path apps/ios	2026-10-01T03:16:04.4450100Z     }
ios-foundation	Run swift test --package-path apps/ios	2026-10-01T03:16:04.4450180Z 
ios-foundation	Run swift test --package-path apps/ios	2026-10-01T03:16:04.4450320Z Newly-taken snapshot does not match reference.
ios-foundation	Run swift test --package-path apps/ios	2026-10-01T03:16:04.4451190Z /Users/runner/work/creator-platform/creator-platform/apps/ios/Tests/QelvoraUITests/NativeSnapshotTests.swift:60: error: -[QelvoraUITests.NativeSnapshotTests testComponentCatalogThemes] : failed - Snapshot "ContextCard.light" does not match reference.
ios-foundation	Run swift test --package-path apps/ios	2026-10-01T03:16:04.4452430Z 
ios-foundation	Run swift test --package-path apps/ios	2026-10-01T03:16:04.4452530Z @−
ios-foundation	Run swift test --package-path apps/ios	2026-10-01T03:16:04.4453080Z "file:///Users/runner/work/creator-platform/creator-platform/apps/ios/Tests/QelvoraUITests/__Snapshots__/NativeSnapshotTests/testComponentCatalogThemes.ContextCard-light.png"
ios-foundation	Run swift test --package-path apps/ios	2026-10-01T03:16:04.4453670Z @+
ios-foundation	Run swift test --package-path apps/ios	2026-10-01T03:16:04.4454160Z "file:///Users/runner/work/creator-platform/creator-platform/artifacts/ios/snapshots/NativeSnapshotTests/testComponentCatalogThemes.ContextCard-light.png"
ios-foundation	Run swift test --package-path apps/ios	2026-10-01T03:16:04.4454690Z 
ios-foundation	Run swift test --package-path apps/ios	2026-10-01T03:16:04.4454910Z To configure output for a custom diff tool, use 'withSnapshotTesting'. For example:
ios-foundation	Run swift test --package-path apps/ios	2026-10-01T03:16:04.4455220Z 
ios-foundation	Run swift test --package-path apps/ios	2026-10-01T03:16:04.4455300Z     withSnapshotTesting(diffTool: .ksdiff) {
ios-foundation	Run swift test --package-path apps/ios	2026-10-01T03:16:04.4455510Z       // ...
ios-foundation	Run swift test --package-path apps/ios	2026-10-01T03:16:04.4455630Z     }
ios-foundation	Run swift test --package-path apps/ios	2026-10-01T03:16:04.4455700Z 
ios-foundation	Run swift test --package-path apps/ios	2026-10-01T03:16:04.4455790Z Newly-taken snapshot does not match reference.
ios-foundation	Run swift test --package-path apps/ios	2026-10-01T03:16:04.4456640Z /Users/runner/work/creator-platform/creator-platform/apps/ios/Tests/QelvoraUITests/NativeSnapshotTests.swift:60: error: -[QelvoraUITests.NativeSnapshotTests testComponentCatalogThemes] : failed - Snapshot "VoiceNote.light" does not match reference.
ios-foundation	Run swift test --package-path apps/ios	2026-10-01T03:16:04.4457530Z 
ios-foundation	Run swift test --package-path apps/ios	2026-10-01T03:16:04.4457610Z @−
ios-foundation	Run swift test --package-path apps/ios	2026-10-01T03:16:04.4458230Z "file:///Users/runner/work/creator-platform/creator-platform/apps/ios/Tests/QelvoraUITests/__Snapshots__/NativeSnapshotTests/testComponentCatalogThemes.VoiceNote-light.png"
ios-foundation	Run swift test --package-path apps/ios	2026-10-01T03:16:04.4458870Z @+
ios-foundation	Run swift test --package-path apps/ios	2026-10-01T03:16:04.4459350Z "file:///Users/runner/work/creator-platform/creator-platform/artifacts/ios/snapshots/NativeSnapshotTests/testComponentCatalogThemes.VoiceNote-light.png"
ios-foundation	Run swift test --package-path apps/ios	2026-10-01T03:16:04.4459820Z 
ios-foundation	Run swift test --package-path apps/ios	2026-10-01T03:16:04.4460000Z To configure output for a custom diff tool, use 'withSnapshotTesting'. For example:
ios-foundation	Run swift test --package-path apps/ios	2026-10-01T03:16:04.4460320Z 
ios-foundation	Run swift test --package-path apps/ios	2026-10-01T03:16:04.4460500Z     withSnapshotTesting(diffTool: .ksdiff) {
ios-foundation	Run swift test --package-path apps/ios	2026-10-01T03:16:04.4460750Z       // ...
ios-foundation	Run swift test --package-path apps/ios	2026-10-01T03:16:04.4460900Z     }
ios-foundation	Run swift test --package-path apps/ios	2026-10-01T03:16:04.4460990Z 
ios-foundation	Run swift test --package-path apps/ios	2026-10-01T03:16:04.4461070Z Newly-taken snapshot does not match reference.
ios-foundation	Run swift test --package-path apps/ios	2026-10-01T03:16:04.4461970Z /Users/runner/work/creator-platform/creator-platform/apps/ios/Tests/QelvoraUITests/NativeSnapshotTests.swift:60: error: -[QelvoraUITests.NativeSnapshotTests testComponentCatalogThemes] : failed - Snapshot "Composer.light" does not match reference.
ios-foundation	Run swift test --package-path apps/ios	2026-10-01T03:16:04.4462700Z 
ios-foundation	Run swift test --package-path apps/ios	2026-10-01T03:16:04.4462770Z @−
ios-foundation	Run swift test --package-path apps/ios	2026-10-01T03:16:04.4463280Z "file:///Users/runner/work/creator-platform/creator-platform/apps/ios/Tests/QelvoraUITests/__Snapshots__/NativeSnapshotTests/testComponentCatalogThemes.Composer-light.png"
ios-foundation	Run swift test --package-path apps/ios	2026-10-01T03:16:04.4463850Z @+
ios-foundation	Run swift test --package-path apps/ios	2026-10-01T03:16:04.4464290Z "file:///Users/runner/work/creator-platform/creator-platform/artifacts/ios/snapshots/NativeSnapshotTests/testComponentCatalogThemes.Composer-light.png"
ios-foundation	Run swift test --package-path apps/ios	2026-10-01T03:16:04.4464750Z 
ios-foundation	Run swift test --package-path apps/ios	2026-10-01T03:16:04.4464930Z To configure output for a custom diff tool, use 'withSnapshotTesting'. For example:
ios-foundation	Run swift test --package-path apps/ios	2026-10-01T03:16:04.4465190Z 
ios-foundation	Run swift test --package-path apps/ios	2026-10-01T03:16:04.4465270Z     withSnapshotTesting(diffTool: .ksdiff) {
ios-foundation	Run swift test --package-path apps/ios	2026-10-01T03:16:04.4465500Z       // ...
ios-foundation	Run swift test --package-path apps/ios	2026-10-01T03:16:04.4465650Z     }
ios-foundation	Run swift test --package-path apps/ios	2026-10-01T03:16:04.4465720Z 
ios-foundation	Run swift test --package-path apps/ios	2026-10-01T03:16:04.4465810Z Newly-taken snapshot does not match reference.
ios-foundation	Run swift test --package-path apps/ios	2026-10-01T03:16:04.4467320Z /Users/runner/work/creator-platform/creator-platform/apps/ios/Tests/QelvoraUITests/NativeSnapshotTests.swift:60: error: -[QelvoraUITests.NativeSnapshotTests testComponentCatalogThemes] : failed - Snapshot "StepIn.light" does not match reference.
ios-foundation	Run swift test --package-path apps/ios	2026-10-01T03:16:04.4468260Z 
ios-foundation	Run swift test --package-path apps/ios	2026-10-01T03:16:04.4468350Z @−
ios-foundation	Run swift test --package-path apps/ios	2026-10-01T03:16:04.4468950Z "file:///Users/runner/work/creator-platform/creator-platform/apps/ios/Tests/QelvoraUITests/__Snapshots__/NativeSnapshotTests/testComponentCatalogThemes.StepIn-light.png"
ios-foundation	Run swift test --package-path apps/ios	2026-10-01T03:16:04.4469510Z @+
ios-foundation	Run swift test --package-path apps/ios	2026-10-01T03:16:04.4469960Z "file:///Users/runner/work/creator-platform/creator-platform/artifacts/ios/snapshots/NativeSnapshotTests/testComponentCatalogThemes.StepIn-light.png"
ios-foundation	Run swift test --package-path apps/ios	2026-10-01T03:16:04.4470530Z 
ios-foundation	Run swift test --package-path apps/ios	2026-10-01T03:16:04.4470750Z To configure output for a custom diff tool, use 'withSnapshotTesting'. For example:
ios-foundation	Run swift test --package-path apps/ios	2026-10-01T03:16:04.4471030Z 
ios-foundation	Run swift test --package-path apps/ios	2026-10-01T03:16:04.4471130Z     withSnapshotTesting(diffTool: .ksdiff) {
ios-foundation	Run swift test --package-path apps/ios	2026-10-01T03:16:04.4471370Z       // ...
ios-foundation	Run swift test --package-path apps/ios	2026-10-01T03:16:04.4471530Z     }
ios-foundation	Run swift test --package-path apps/ios	2026-10-01T03:16:04.4471620Z 
ios-foundation	Run swift test --package-path apps/ios	2026-10-01T03:16:04.4471720Z Newly-taken snapshot does not match reference.
ios-foundation	Run swift test --package-path apps/ios	2026-10-01T03:16:04.4472550Z /Users/runner/work/creator-platform/creator-platform/apps/ios/Tests/QelvoraUITests/NativeSnapshotTests.swift:60: error: -[QelvoraUITests.NativeSnapshotTests testComponentCatalogThemes] : failed - Snapshot "AccessLines.light" does not match reference.
ios-foundation	Run swift test --package-path apps/ios	2026-10-01T03:16:04.4473310Z 
ios-foundation	Run swift test --package-path apps/ios	2026-10-01T03:16:04.4473360Z @−
ios-foundation	Run swift test --package-path apps/ios	2026-10-01T03:16:04.4473890Z "file:///Users/runner/work/creator-platform/creator-platform/apps/ios/Tests/QelvoraUITests/__Snapshots__/NativeSnapshotTests/testComponentCatalogThemes.AccessLines-light.png"
ios-foundation	Run swift test --package-path apps/ios	2026-10-01T03:16:04.4474470Z @+
ios-foundation	Run swift test --package-path apps/ios	2026-10-01T03:16:04.4474950Z "file:///Users/runner/work/creator-platform/creator-platform/artifacts/ios/snapshots/NativeSnapshotTests/testComponentCatalogThemes.AccessLines-light.png"
ios-foundation	Run swift test --package-path apps/ios	2026-10-01T03:16:04.4475430Z 
ios-foundation	Run swift test --package-path apps/ios	2026-10-01T03:16:04.4475610Z To configure output for a custom diff tool, use 'withSnapshotTesting'. For example:
ios-foundation	Run swift test --package-path apps/ios	2026-10-01T03:16:04.4475870Z 
ios-foundation	Run swift test --package-path apps/ios	2026-10-01T03:16:04.4475950Z     withSnapshotTesting(diffTool: .ksdiff) {
ios-foundation	Run swift test --package-path apps/ios	2026-10-01T03:16:04.4476160Z       // ...
ios-foundation	Run swift test --package-path apps/ios	2026-10-01T03:16:04.4476280Z     }
ios-foundation	Run swift test --package-path apps/ios	2026-10-01T03:16:04.4476350Z 
ios-foundation	Run swift test --package-path apps/ios	2026-10-01T03:16:04.4476440Z Newly-taken snapshot does not match reference.
ios-foundation	Run swift test --package-path apps/ios	2026-10-01T03:16:04.4477260Z /Users/runner/work/creator-platform/creator-platform/apps/ios/Tests/QelvoraUITests/NativeSnapshotTests.swift:60: error: -[QelvoraUITests.NativeSnapshotTests testComponentCatalogThemes] : failed - Snapshot "ModeList.light" does not match reference.
ios-foundation	Run swift test --package-path apps/ios	2026-10-01T03:16:04.4477990Z 
ios-foundation	Run swift test --package-path apps/ios	2026-10-01T03:16:04.4478050Z @−
ios-foundation	Run swift test --package-path apps/ios	2026-10-01T03:16:04.4478570Z "file:///Users/runner/work/creator-platform/creator-platform/apps/ios/Tests/QelvoraUITests/__Snapshots__/NativeSnapshotTests/testComponentCatalogThemes.ModeList-light.png"
ios-foundation	Run swift test --package-path apps/ios	2026-10-01T03:16:04.4479140Z @+
ios-foundation	Run swift test --package-path apps/ios	2026-10-01T03:16:04.4479610Z "file:///Users/runner/work/creator-platform/creator-platform/artifacts/ios/snapshots/NativeSnapshotTests/testComponentCatalogThemes.ModeList-light.png"
ios-foundation	Run swift test --package-path apps/ios	2026-10-01T03:16:04.4480140Z 
ios-foundation	Run swift test --package-path apps/ios	2026-10-01T03:16:04.4480320Z To configure output for a custom diff tool, use 'withSnapshotTesting'. For example:
ios-foundation	Run swift test --package-path apps/ios	2026-10-01T03:16:04.4480570Z 
ios-foundation	Run swift test --package-path apps/ios	2026-10-01T03:16:04.4480660Z     withSnapshotTesting(diffTool: .ksdiff) {
ios-foundation	Run swift test --package-path apps/ios	2026-10-01T03:16:04.4480860Z       // ...
ios-foundation	Run swift test --package-path apps/ios	2026-10-01T03:16:04.4480990Z     }
ios-foundation	Run swift test --package-path apps/ios	2026-10-01T03:16:04.4481050Z 
ios-foundation	Run swift test --package-path apps/ios	2026-10-01T03:16:04.4481140Z Newly-taken snapshot does not match reference.
ios-foundation	Run swift test --package-path apps/ios	2026-10-01T03:16:04.4481970Z /Users/runner/work/creator-platform/creator-platform/apps/ios/Tests/QelvoraUITests/NativeSnapshotTests.swift:60: error: -[QelvoraUITests.NativeSnapshotTests testComponentCatalogThemes] : failed - Snapshot "IncludeList.light" does not match reference.
ios-foundation	Run swift test --package-path apps/ios	2026-10-01T03:16:04.4482750Z 
ios-foundation	Run swift test --package-path apps/ios	2026-10-01T03:16:04.4482820Z @−
ios-foundation	Run swift test --package-path apps/ios	2026-10-01T03:16:04.4483380Z "file:///Users/runner/work/creator-platform/creator-platform/apps/ios/Tests/QelvoraUITests/__Snapshots__/NativeSnapshotTests/testComponentCatalogThemes.IncludeList-light.png"
ios-foundation	Run swift test --package-path apps/ios	2026-10-01T03:16:04.4484210Z @+
ios-foundation	Run swift test --package-path apps/ios	2026-10-01T03:16:04.4484690Z "file:///Users/runner/work/creator-platform/creator-platform/artifacts/ios/snapshots/NativeSnapshotTests/testComponentCatalogThemes.IncludeList-light.png"
ios-foundation	Run swift test --package-path apps/ios	2026-10-01T03:16:04.4485350Z 
ios-foundation	Run swift test --package-path apps/ios	2026-10-01T03:16:04.4485530Z To configure output for a custom diff tool, use 'withSnapshotTesting'. For example:
ios-foundation	Run swift test --package-path apps/ios	2026-10-01T03:16:04.4485780Z 
ios-foundation	Run swift test --package-path apps/ios	2026-10-01T03:16:04.4485860Z     withSnapshotTesting(diffTool: .ksdiff) {
ios-foundation	Run swift test --package-path apps/ios	2026-10-01T03:16:04.4486080Z       // ...
ios-foundation	Run swift test --package-path apps/ios	2026-10-01T03:16:04.4486220Z     }
ios-foundation	Run swift test --package-path apps/ios	2026-10-01T03:16:04.4486300Z 
ios-foundation	Run swift test --package-path apps/ios	2026-10-01T03:16:04.4486390Z Newly-taken snapshot does not match reference.
ios-foundation	Run swift test --package-path apps/ios	2026-10-01T03:16:04.4487320Z /Users/runner/work/creator-platform/creator-platform/apps/ios/Tests/QelvoraUITests/NativeSnapshotTests.swift:60: error: -[QelvoraUITests.NativeSnapshotTests testComponentCatalogThemes] : failed - Snapshot "TermsBlock.light" does not match reference.
ios-foundation	Run swift test --package-path apps/ios	2026-10-01T03:16:04.4488060Z 
ios-foundation	Run swift test --package-path apps/ios	2026-10-01T03:16:04.4488140Z @−
ios-foundation	Run swift test --package-path apps/ios	2026-10-01T03:16:04.4488660Z "file:///Users/runner/work/creator-platform/creator-platform/apps/ios/Tests/QelvoraUITests/__Snapshots__/NativeSnapshotTests/testComponentCatalogThemes.TermsBlock-light.png"
ios-foundation	Run swift test --package-path apps/ios	2026-10-01T03:16:04.4489240Z @+
ios-foundation	Run swift test --package-path apps/ios	2026-10-01T03:16:04.4489710Z "file:///Users/runner/work/creator-platform/creator-platform/artifacts/ios/snapshots/NativeSnapshotTests/testComponentCatalogThemes.TermsBlock-light.png"
ios-foundation	Run swift test --package-path apps/ios	2026-10-01T03:16:04.4490190Z 
ios-foundation	Run swift test --package-path apps/ios	2026-10-01T03:16:04.4490380Z To configure output for a custom diff tool, use 'withSnapshotTesting'. For example:
ios-foundation	Run swift test --package-path apps/ios	2026-10-01T03:16:04.4490700Z 
ios-foundation	Run swift test --package-path apps/ios	2026-10-01T03:16:04.4490800Z     withSnapshotTesting(diffTool: .ksdiff) {
ios-foundation	Run swift test --package-path apps/ios	2026-10-01T03:16:04.4491040Z       // ...
ios-foundation	Run swift test --package-path apps/ios	2026-10-01T03:16:04.4491190Z     }
ios-foundation	Run swift test --package-path apps/ios	2026-10-01T03:16:04.4491280Z 
ios-foundation	Run swift test --package-path apps/ios	2026-10-01T03:16:04.4491370Z Newly-taken snapshot does not match reference.
ios-foundation	Run swift test --package-path apps/ios	2026-10-01T03:16:04.4492230Z /Users/runner/work/creator-platform/creator-platform/apps/ios/Tests/QelvoraUITests/NativeSnapshotTests.swift:60: error: -[QelvoraUITests.NativeSnapshotTests testComponentCatalogThemes] : failed - Snapshot "EtaLine.light" does not match reference.
ios-foundation	Run swift test --package-path apps/ios	2026-10-01T03:16:04.4493030Z 
ios-foundation	Run swift test --package-path apps/ios	2026-10-01T03:16:04.4493080Z @−
ios-foundation	Run swift test --package-path apps/ios	2026-10-01T03:16:04.4493670Z "file:///Users/runner/work/creator-platform/creator-platform/apps/ios/Tests/QelvoraUITests/__Snapshots__/NativeSnapshotTests/testComponentCatalogThemes.EtaLine-light.png"
ios-foundation	Run swift test --package-path apps/ios	2026-10-01T03:16:04.4494350Z @+
ios-foundation	Run swift test --package-path apps/ios	2026-10-01T03:16:04.4494930Z "file:///Users/runner/work/creator-platform/creator-platform/artifacts/ios/snapshots/NativeSnapshotTests/testComponentCatalogThemes.EtaLine-light.png"
ios-foundation	Run swift test --package-path apps/ios	2026-10-01T03:16:04.4495410Z 
ios-foundation	Run swift test --package-path apps/ios	2026-10-01T03:16:04.4495580Z To configure output for a custom diff tool, use 'withSnapshotTesting'. For example:
ios-foundation	Run swift test --package-path apps/ios	2026-10-01T03:16:04.4495840Z 
ios-foundation	Run swift test --package-path apps/ios	2026-10-01T03:16:04.4495920Z     withSnapshotTesting(diffTool: .ksdiff) {
ios-foundation	Run swift test --package-path apps/ios	2026-10-01T03:16:04.4496120Z       // ...
ios-foundation	Run swift test --package-path apps/ios	2026-10-01T03:16:04.4496240Z     }
ios-foundation	Run swift test --package-path apps/ios	2026-10-01T03:16:04.4496310Z 
ios-foundation	Run swift test --package-path apps/ios	2026-10-01T03:16:04.4496400Z Newly-taken snapshot does not match reference.
ios-foundation	Run swift test --package-path apps/ios	2026-10-01T03:16:04.4497730Z /Users/runner/work/creator-platform/creator-platform/apps/ios/Tests/QelvoraUITests/NativeSnapshotTests.swift:60: error: -[QelvoraUITests.NativeSnapshotTests testComponentCatalogThemes] : failed - Snapshot "RequestStatus.light" does not match reference.
ios-foundation	Run swift test --package-path apps/ios	2026-10-01T03:16:04.4498740Z 
ios-foundation	Run swift test --package-path apps/ios	2026-10-01T03:16:04.4498930Z @−
ios-foundation	Run swift test --package-path apps/ios	2026-10-01T03:16:04.4499490Z "file:///Users/runner/work/creator-platform/creator-platform/apps/ios/Tests/QelvoraUITests/__Snapshots__/NativeSnapshotTests/testComponentCatalogThemes.RequestStatus-light.png"
ios-foundation	Run swift test --package-path apps/ios	2026-10-01T03:16:04.4500090Z @+
ios-foundation	Run swift test --package-path apps/ios	2026-10-01T03:16:04.4500580Z "file:///Users/runner/work/creator-platform/creator-platform/artifacts/ios/snapshots/NativeSnapshotTests/testComponentCatalogThemes.RequestStatus-light.png"
ios-foundation	Run swift test --package-path apps/ios	2026-10-01T03:16:04.4501100Z 
ios-foundation	Run swift test --package-path apps/ios	2026-10-01T03:16:04.4501280Z To configure output for a custom diff tool, use 'withSnapshotTesting'. For example:
ios-foundation	Run swift test --package-path apps/ios	2026-10-01T03:16:04.4501550Z 
ios-foundation	Run swift test --package-path apps/ios	2026-10-01T03:16:04.4501630Z     withSnapshotTesting(diffTool: .ksdiff) {
ios-foundation	Run swift test --package-path apps/ios	2026-10-01T03:16:04.4501840Z       // ...
ios-foundation	Run swift test --package-path apps/ios	2026-10-01T03:16:04.4501960Z     }
ios-foundation	Run swift test --package-path apps/ios	2026-10-01T03:16:04.4502600Z 
ios-foundation	Run swift test --package-path apps/ios	2026-10-01T03:16:04.4502690Z Newly-taken snapshot does not match reference.
ios-foundation	Run swift test --package-path apps/ios	2026-10-01T03:16:04.4503520Z /Users/runner/work/creator-platform/creator-platform/apps/ios/Tests/QelvoraUITests/NativeSnapshotTests.swift:60: error: -[QelvoraUITests.NativeSnapshotTests testComponentCatalogThemes] : failed - Snapshot "Receipt.light" does not match reference.
ios-foundation	Run swift test --package-path apps/ios	2026-10-01T03:16:04.4504580Z 
ios-foundation	Run swift test --package-path apps/ios	2026-10-01T03:16:04.4504650Z @−
ios-foundation	Run swift test --package-path apps/ios	2026-10-01T03:16:04.4505180Z "file:///Users/runner/work/creator-platform/creator-platform/apps/ios/Tests/QelvoraUITests/__Snapshots__/NativeSnapshotTests/testComponentCatalogThemes.Receipt-light.png"
ios-foundation	Run swift test --package-path apps/ios	2026-10-01T03:16:04.4505760Z @+
ios-foundation	Run swift test --package-path apps/ios	2026-10-01T03:16:04.4506220Z "file:///Users/runner/work/creator-platform/creator-platform/artifacts/ios/snapshots/NativeSnapshotTests/testComponentCatalogThemes.Receipt-light.png"
ios-foundation	Run swift test --package-path apps/ios	2026-10-01T03:16:04.4506700Z 
ios-foundation	Run swift test --package-path apps/ios	2026-10-01T03:16:04.4506880Z To configure output for a custom diff tool, use 'withSnapshotTesting'. For example:
ios-foundation	Run swift test --package-path apps/ios	2026-10-01T03:16:04.4507140Z 
ios-foundation	Run swift test --package-path apps/ios	2026-10-01T03:16:04.4507230Z     withSnapshotTesting(diffTool: .ksdiff) {
ios-foundation	Run swift test --package-path apps/ios	2026-10-01T03:16:04.4507440Z       // ...
ios-foundation	Run swift test --package-path apps/ios	2026-10-01T03:16:04.4507560Z     }
ios-foundation	Run swift test --package-path apps/ios	2026-10-01T03:16:04.4507630Z 
ios-foundation	Run swift test --package-path apps/ios	2026-10-01T03:16:04.4507720Z Newly-taken snapshot does not match reference.
ios-foundation	Run swift test --package-path apps/ios	2026-10-01T03:16:04.4508550Z /Users/runner/work/creator-platform/creator-platform/apps/ios/Tests/QelvoraUITests/NativeSnapshotTests.swift:60: error: -[QelvoraUITests.NativeSnapshotTests testComponentCatalogThemes] : failed - Snapshot "SpendLimit.light" does not match reference.
ios-foundation	Run swift test --package-path apps/ios	2026-10-01T03:16:04.4509290Z 
ios-foundation	Run swift test --package-path apps/ios	2026-10-01T03:16:04.4509350Z @−
ios-foundation	Run swift test --package-path apps/ios	2026-10-01T03:16:04.4509870Z "file:///Users/runner/work/creator-platform/creator-platform/apps/ios/Tests/QelvoraUITests/__Snapshots__/NativeSnapshotTests/testComponentCatalogThemes.SpendLimit-light.png"
ios-foundation	Run swift test --package-path apps/ios	2026-10-01T03:16:04.4510450Z @+
ios-foundation	Run swift test --package-path apps/ios	2026-10-01T03:16:04.4510920Z "file:///Users/runner/work/creator-platform/creator-platform/artifacts/ios/snapshots/NativeSnapshotTests/testComponentCatalogThemes.SpendLimit-light.png"
ios-foundation	Run swift test --package-path apps/ios	2026-10-01T03:16:04.4511410Z 
ios-foundation	Run swift test --package-path apps/ios	2026-10-01T03:16:04.4511590Z To configure output for a custom diff tool, use 'withSnapshotTesting'. For example:
ios-foundation	Run swift test --package-path apps/ios	2026-10-01T03:16:04.4511840Z 
ios-foundation	Run swift test --package-path apps/ios	2026-10-01T03:16:04.4511930Z     withSnapshotTesting(diffTool: .ksdiff) {
ios-foundation	Run swift test --package-path apps/ios	2026-10-01T03:16:04.4512130Z       // ...
ios-foundation	Run swift test --package-path apps/ios	2026-10-01T03:16:04.4512250Z     }
ios-foundation	Run swift test --package-path apps/ios	2026-10-01T03:16:04.4512320Z 
ios-foundation	Run swift test --package-path apps/ios	2026-10-01T03:16:04.4512410Z Newly-taken snapshot does not match reference.
ios-foundation	Run swift test --package-path apps/ios	2026-10-01T03:16:04.4513230Z /Users/runner/work/creator-platform/creator-platform/apps/ios/Tests/QelvoraUITests/NativeSnapshotTests.swift:60: error: -[QelvoraUITests.NativeSnapshotTests testComponentCatalogThemes] : failed - Snapshot "QueueCard.light" does not match reference.
ios-foundation	Run swift test --package-path apps/ios	2026-10-01T03:16:04.4513960Z 
ios-foundation	Run swift test --package-path apps/ios	2026-10-01T03:16:04.4514020Z @−
ios-foundation	Run swift test --package-path apps/ios	2026-10-01T03:16:04.4514540Z "file:///Users/runner/work/creator-platform/creator-platform/apps/ios/Tests/QelvoraUITests/__Snapshots__/NativeSnapshotTests/testComponentCatalogThemes.QueueCard-light.png"
ios-foundation	Run swift test --package-path apps/ios	2026-10-01T03:16:04.4515120Z @+
ios-foundation	Run swift test --package-path apps/ios	2026-10-01T03:16:04.4515580Z "file:///Users/runner/work/creator-platform/creator-platform/artifacts/ios/snapshots/NativeSnapshotTests/testComponentCatalogThemes.QueueCard-light.png"
ios-foundation	Run swift test --package-path apps/ios	2026-10-01T03:16:04.4516060Z 
ios-foundation	Run swift test --package-path apps/ios	2026-10-01T03:16:04.4516250Z To configure output for a custom diff tool, use 'withSnapshotTesting'. For example:
ios-foundation	Run swift test --package-path apps/ios	2026-10-01T03:16:04.4516500Z 
ios-foundation	Run swift test --package-path apps/ios	2026-10-01T03:16:04.4516580Z     withSnapshotTesting(diffTool: .ksdiff) {
ios-foundation	Run swift test --package-path apps/ios	2026-10-01T03:16:04.4516780Z       // ...
ios-foundation	Run swift test --package-path apps/ios	2026-10-01T03:16:04.4516910Z     }
ios-foundation	Run swift test --package-path apps/ios	2026-10-01T03:16:04.4516980Z 
ios-foundation	Run swift test --package-path apps/ios	2026-10-01T03:16:04.4517060Z Newly-taken snapshot does not match reference.
ios-foundation	Run swift test --package-path apps/ios	2026-10-01T03:16:04.4517900Z /Users/runner/work/creator-platform/creator-platform/apps/ios/Tests/QelvoraUITests/NativeSnapshotTests.swift:60: error: -[QelvoraUITests.NativeSnapshotTests testComponentCatalogThemes] : failed - Snapshot "CapacityHeader.light" does not match reference.
ios-foundation	Run swift test --package-path apps/ios	2026-10-01T03:16:04.4518650Z 
ios-foundation	Run swift test --package-path apps/ios	2026-10-01T03:16:04.4518710Z @−
ios-foundation	Run swift test --package-path apps/ios	2026-10-01T03:16:04.4519260Z "file:///Users/runner/work/creator-platform/creator-platform/apps/ios/Tests/QelvoraUITests/__Snapshots__/NativeSnapshotTests/testComponentCatalogThemes.CapacityHeader-light.png"
ios-foundation	Run swift test --package-path apps/ios	2026-10-01T03:16:04.4520010Z @+
ios-foundation	Run swift test --package-path apps/ios	2026-10-01T03:16:04.4520510Z "file:///Users/runner/work/creator-platform/creator-platform/artifacts/ios/snapshots/NativeSnapshotTests/testComponentCatalogThemes.CapacityHeader-light.png"
ios-foundation	Run swift test --package-path apps/ios	2026-10-01T03:16:04.4521130Z 
ios-foundation	Run swift test --package-path apps/ios	2026-10-01T03:16:04.4521310Z To configure output for a custom diff tool, use 'withSnapshotTesting'. For example:
ios-foundation	Run swift test --package-path apps/ios	2026-10-01T03:16:04.4521560Z 
ios-foundation	Run swift test --package-path apps/ios	2026-10-01T03:16:04.4521650Z     withSnapshotTesting(diffTool: .ksdiff) {
ios-foundation	Run swift test --package-path apps/ios	2026-10-01T03:16:04.4521920Z       // ...
ios-foundation	Run swift test --package-path apps/ios	2026-10-01T03:16:04.4522050Z     }
ios-foundation	Run swift test --package-path apps/ios	2026-10-01T03:16:04.4522120Z 
ios-foundation	Run swift test --package-path apps/ios	2026-10-01T03:16:04.4522200Z Newly-taken snapshot does not match reference.
ios-foundation	Run swift test --package-path apps/ios	2026-10-01T03:16:04.4523040Z /Users/runner/work/creator-platform/creator-platform/apps/ios/Tests/QelvoraUITests/NativeSnapshotTests.swift:60: error: -[QelvoraUITests.NativeSnapshotTests testComponentCatalogThemes] : failed - Snapshot "LabelPreview.light" does not match reference.
ios-foundation	Run swift test --package-path apps/ios	2026-10-01T03:16:04.4523800Z 
ios-foundation	Run swift test --package-path apps/ios	2026-10-01T03:16:04.4523890Z @−
ios-foundation	Run swift test --package-path apps/ios	2026-10-01T03:16:04.4524430Z "file:///Users/runner/work/creator-platform/creator-platform/apps/ios/Tests/QelvoraUITests/__Snapshots__/NativeSnapshotTests/testComponentCatalogThemes.LabelPreview-light.png"
ios-foundation	Run swift test --package-path apps/ios	2026-10-01T03:16:04.4525020Z @+
ios-foundation	Run swift test --package-path apps/ios	2026-10-01T03:16:04.4525500Z "file:///Users/runner/work/creator-platform/creator-platform/artifacts/ios/snapshots/NativeSnapshotTests/testComponentCatalogThemes.LabelPreview-light.png"
ios-foundation	Run swift test --package-path apps/ios	2026-10-01T03:16:04.4525990Z 
ios-foundation	Run swift test --package-path apps/ios	2026-10-01T03:16:04.4526170Z To configure output for a custom diff tool, use 'withSnapshotTesting'. For example:
ios-foundation	Run swift test --package-path apps/ios	2026-10-01T03:16:04.4526430Z 
ios-foundation	Run swift test --package-path apps/ios	2026-10-01T03:16:04.4526510Z     withSnapshotTesting(diffTool: .ksdiff) {
ios-foundation	Run swift test --package-path apps/ios	2026-10-01T03:16:04.4526710Z       // ...
ios-foundation	Run swift test --package-path apps/ios	2026-10-01T03:16:04.4526850Z     }
ios-foundation	Run swift test --package-path apps/ios	2026-10-01T03:16:04.4526920Z 
ios-foundation	Run swift test --package-path apps/ios	2026-10-01T03:16:04.4527010Z Newly-taken snapshot does not match reference.
ios-foundation	Run swift test --package-path apps/ios	2026-10-01T03:16:04.4527840Z /Users/runner/work/creator-platform/creator-platform/apps/ios/Tests/QelvoraUITests/NativeSnapshotTests.swift:60: error: -[QelvoraUITests.NativeSnapshotTests testComponentCatalogThemes] : failed - Snapshot "SigningSheet.light" does not match reference.
ios-foundation	Run swift test --package-path apps/ios	2026-10-01T03:16:04.4528600Z 
ios-foundation	Run swift test --package-path apps/ios	2026-10-01T03:16:04.4528670Z @−
ios-foundation	Run swift test --package-path apps/ios	2026-10-01T03:16:04.4529200Z "file:///Users/runner/work/creator-platform/creator-platform/apps/ios/Tests/QelvoraUITests/__Snapshots__/NativeSnapshotTests/testComponentCatalogThemes.SigningSheet-light.png"
ios-foundation	Run swift test --package-path apps/ios	2026-10-01T03:16:04.4529780Z @+
ios-foundation	Run swift test --package-path apps/ios	2026-10-01T03:16:04.4530260Z "file:///Users/runner/work/creator-platform/creator-platform/artifacts/ios/snapshots/NativeSnapshotTests/testComponentCatalogThemes.SigningSheet-light.png"
ios-foundation	Run swift test --package-path apps/ios	2026-10-01T03:16:04.4530750Z 
ios-foundation	Run swift test --package-path apps/ios	2026-10-01T03:16:04.4530920Z To configure output for a custom diff tool, use 'withSnapshotTesting'. For example:
ios-foundation	Run swift test --package-path apps/ios	2026-10-01T03:16:04.4531220Z 
ios-foundation	Run swift test --package-path apps/ios	2026-10-01T03:16:04.4531310Z     withSnapshotTesting(diffTool: .ksdiff) {
ios-foundation	Run swift test --package-path apps/ios	2026-10-01T03:16:04.4531550Z       // ...
ios-foundation	Run swift test --package-path apps/ios	2026-10-01T03:16:04.4531670Z     }
ios-foundation	Run swift test --package-path apps/ios	2026-10-01T03:16:04.4531740Z 
ios-foundation	Run swift test --package-path apps/ios	2026-10-01T03:16:04.4531840Z Newly-taken snapshot does not match reference.
ios-foundation	Run swift test --package-path apps/ios	2026-10-01T03:16:04.4532750Z /Users/runner/work/creator-platform/creator-platform/apps/ios/Tests/QelvoraUITests/NativeSnapshotTests.swift:60: error: -[QelvoraUITests.NativeSnapshotTests testComponentCatalogThemes] : failed - Snapshot "AuditBanner.light" does not match reference.
ios-foundation	Run swift test --package-path apps/ios	2026-10-01T03:16:04.4533510Z 
ios-foundation	Run swift test --package-path apps/ios	2026-10-01T03:16:04.4533580Z @−
ios-foundation	Run swift test --package-path apps/ios	2026-10-01T03:16:04.4534120Z "file:///Users/runner/work/creator-platform/creator-platform/apps/ios/Tests/QelvoraUITests/__Snapshots__/NativeSnapshotTests/testComponentCatalogThemes.AuditBanner-light.png"
ios-foundation	Run swift test --package-path apps/ios	2026-10-01T03:16:04.4534830Z @+
ios-foundation	Run swift test --package-path apps/ios	2026-10-01T03:16:04.4535410Z "file:///Users/runner/work/creator-platform/creator-platform/artifacts/ios/snapshots/NativeSnapshotTests/testComponentCatalogThemes.AuditBanner-light.png"
ios-foundation	Run swift test --package-path apps/ios	2026-10-01T03:16:04.4536400Z 
ios-foundation	Run swift test --package-path apps/ios	2026-10-01T03:16:04.4536690Z To configure output for a custom diff tool, use 'withSnapshotTesting'. For example:
ios-foundation	Run swift test --package-path apps/ios	2026-10-01T03:16:04.4537150Z 
ios-foundation	Run swift test --package-path apps/ios	2026-10-01T03:16:04.4537940Z     withSnapshotTesting(diffTool: .ksdiff) {
ios-foundation	Run swift test --package-path apps/ios	2026-10-01T03:16:04.4538470Z       // ...
ios-foundation	Run swift test --package-path apps/ios	2026-10-01T03:16:04.4538630Z     }
ios-foundation	Run swift test --package-path apps/ios	2026-10-01T03:16:04.4538720Z 
ios-foundation	Run swift test --package-path apps/ios	2026-10-01T03:16:04.4538820Z Newly-taken snapshot does not match reference.
ios-foundation	Run swift test --package-path apps/ios	2026-10-01T03:16:04.4547850Z /Users/runner/work/creator-platform/creator-platform/apps/ios/Tests/QelvoraUITests/NativeSnapshotTests.swift:60: error: -[QelvoraUITests.NativeSnapshotTests testComponentCatalogThemes] : failed - Snapshot "SourceRow.light" does not match reference.
ios-foundation	Run swift test --package-path apps/ios	2026-10-01T03:16:04.4548710Z 
ios-foundation	Run swift test --package-path apps/ios	2026-10-01T03:16:04.4548880Z @−
ios-foundation	Run swift test --package-path apps/ios	2026-10-01T03:16:04.4549420Z "file:///Users/runner/work/creator-platform/creator-platform/apps/ios/Tests/QelvoraUITests/__Snapshots__/NativeSnapshotTests/testComponentCatalogThemes.SourceRow-light.png"
ios-foundation	Run swift test --package-path apps/ios	2026-10-01T03:16:04.4550010Z @+
ios-foundation	Run swift test --package-path apps/ios	2026-10-01T03:16:04.4550590Z "file:///Users/runner/work/creator-platform/creator-platform/artifacts/ios/snapshots/NativeSnapshotTests/testComponentCatalogThemes.SourceRow-light.png"
ios-foundation	Run swift test --package-path apps/ios	2026-10-01T03:16:04.4551130Z 
ios-foundation	Run swift test --package-path apps/ios	2026-10-01T03:16:04.4551310Z To configure output for a custom diff tool, use 'withSnapshotTesting'. For example:
ios-foundation	Run swift test --package-path apps/ios	2026-10-01T03:16:04.4551600Z 
ios-foundation	Run swift test --package-path apps/ios	2026-10-01T03:16:04.4551690Z     withSnapshotTesting(diffTool: .ksdiff) {
ios-foundation	Run swift test --package-path apps/ios	2026-10-01T03:16:04.4555930Z       // ...
ios-foundation	Run swift test --package-path apps/ios	2026-10-01T03:16:04.4556070Z     }
ios-foundation	Run swift test --package-path apps/ios	2026-10-01T03:16:04.4556140Z 
ios-foundation	Run swift test --package-path apps/ios	2026-10-01T03:16:04.4556250Z Newly-taken snapshot does not match reference.
ios-foundation	Run swift test --package-path apps/ios	2026-10-01T03:16:04.4557170Z /Users/runner/work/creator-platform/creator-platform/apps/ios/Tests/QelvoraUITests/NativeSnapshotTests.swift:60: error: -[QelvoraUITests.NativeSnapshotTests testComponentCatalogThemes] : failed - Snapshot "Button.light" does not match reference.
ios-foundation	Run swift test --package-path apps/ios	2026-10-01T03:16:04.4557930Z 
ios-foundation	Run swift test --package-path apps/ios	2026-10-01T03:16:04.4558040Z @−
ios-foundation	Run swift test --package-path apps/ios	2026-10-01T03:16:04.4558690Z "file:///Users/runner/work/creator-platform/creator-platform/apps/ios/Tests/QelvoraUITests/__Snapshots__/NativeSnapshotTests/testComponentCatalogThemes.Button-light.png"
ios-foundation	Run swift test --package-path apps/ios	2026-10-01T03:16:04.4559330Z @+
ios-foundation	Run swift test --package-path apps/ios	2026-10-01T03:16:04.4559800Z "file:///Users/runner/work/creator-platform/creator-platform/artifacts/ios/snapshots/NativeSnapshotTests/testComponentCatalogThemes.Button-light.png"
ios-foundation	Run swift test --package-path apps/ios	2026-10-01T03:16:04.4560290Z 
ios-foundation	Run swift test --package-path apps/ios	2026-10-01T03:16:04.4560490Z To configure output for a custom diff tool, use 'withSnapshotTesting'. For example:
ios-foundation	Run swift test --package-path apps/ios	2026-10-01T03:16:04.4560780Z 
ios-foundation	Run swift test --package-path apps/ios	2026-10-01T03:16:04.4560870Z     withSnapshotTesting(diffTool: .ksdiff) {
ios-foundation	Run swift test --package-path apps/ios	2026-10-01T03:16:04.4561090Z       // ...
ios-foundation	Run swift test --package-path apps/ios	2026-10-01T03:16:04.4561240Z     }
ios-foundation	Run swift test --package-path apps/ios	2026-10-01T03:16:04.4561310Z 
ios-foundation	Run swift test --package-path apps/ios	2026-10-01T03:16:04.4561400Z Newly-taken snapshot does not match reference.
ios-foundation	Run swift test --package-path apps/ios	2026-10-01T03:16:04.4562260Z /Users/runner/work/creator-platform/creator-platform/apps/ios/Tests/QelvoraUITests/NativeSnapshotTests.swift:60: error: -[QelvoraUITests.NativeSnapshotTests testComponentCatalogThemes] : failed - Snapshot "TabBar.light" does not match reference.
ios-foundation	Run swift test --package-path apps/ios	2026-10-01T03:16:04.4562990Z 
ios-foundation	Run swift test --package-path apps/ios	2026-10-01T03:16:04.4563060Z @−
ios-foundation	Run swift test --package-path apps/ios	2026-10-01T03:16:04.4563560Z "file:///Users/runner/work/creator-platform/creator-platform/apps/ios/Tests/QelvoraUITests/__Snapshots__/NativeSnapshotTests/testComponentCatalogThemes.TabBar-light.png"
ios-foundation	Run swift test --package-path apps/ios	2026-10-01T03:16:04.4564140Z @+
ios-foundation	Run swift test --package-path apps/ios	2026-10-01T03:16:04.4564600Z "file:///Users/runner/work/creator-platform/creator-platform/artifacts/ios/snapshots/NativeSnapshotTests/testComponentCatalogThemes.TabBar-light.png"
ios-foundation	Run swift test --package-path apps/ios	2026-10-01T03:16:04.4565080Z 
ios-foundation	Run swift test --package-path apps/ios	2026-10-01T03:16:04.4565260Z To configure output for a custom diff tool, use 'withSnapshotTesting'. For example:
ios-foundation	Run swift test --package-path apps/ios	2026-10-01T03:16:04.4565520Z 
ios-foundation	Run swift test --package-path apps/ios	2026-10-01T03:16:04.4565600Z     withSnapshotTesting(diffTool: .ksdiff) {
ios-foundation	Run swift test --package-path apps/ios	2026-10-01T03:16:04.4565800Z       // ...
ios-foundation	Run swift test --package-path apps/ios	2026-10-01T03:16:04.4565920Z     }
ios-foundation	Run swift test --package-path apps/ios	2026-10-01T03:16:04.4566000Z 
ios-foundation	Run swift test --package-path apps/ios	2026-10-01T03:16:04.4566090Z Newly-taken snapshot does not match reference.
ios-foundation	Run swift test --package-path apps/ios	2026-10-01T03:16:07.7898120Z /Users/runner/work/creator-platform/creator-platform/apps/ios/Tests/QelvoraUITests/NativeSnapshotTests.swift:60: error: -[QelvoraUITests.NativeSnapshotTests testComponentCatalogThemes] : failed - Snapshot "Segmented.light" does not match reference.
ios-foundation	Run swift test --package-path apps/ios	2026-10-01T03:16:07.7909130Z 
ios-foundation	Run swift test --package-path apps/ios	2026-10-01T03:16:07.7910870Z @−
ios-foundation	Run swift test --package-path apps/ios	2026-10-01T03:16:07.7912480Z "file:///Users/runner/work/creator-platform/creator-platform/apps/ios/Tests/QelvoraUITests/__Snapshots__/NativeSnapshotTests/testComponentCatalogThemes.Segmented-light.png"
ios-foundation	Run swift test --package-path apps/ios	2026-10-01T03:16:07.7915730Z @+
ios-foundation	Run swift test --package-path apps/ios	2026-10-01T03:16:07.7916330Z "file:///Users/runner/work/creator-platform/creator-platform/artifacts/ios/snapshots/NativeSnapshotTests/testComponentCatalogThemes.Segmented-light.png"
ios-foundation	Run swift test --package-path apps/ios	2026-10-01T03:16:07.7916900Z 
ios-foundation	Run swift test --package-path apps/ios	2026-10-01T03:16:07.7917090Z To configure output for a custom diff tool, use 'withSnapshotTesting'. For example:
ios-foundation	Run swift test --package-path apps/ios	2026-10-01T03:16:07.7918110Z 
ios-foundation	Run swift test --package-path apps/ios	2026-10-01T03:16:07.7918220Z     withSnapshotTesting(diffTool: .ksdiff) {
ios-foundation	Run swift test --package-path apps/ios	2026-10-01T03:16:07.7918480Z       // ...
ios-foundation	Run swift test --package-path apps/ios	2026-10-01T03:16:07.7918640Z     }
ios-foundation	Run swift test --package-path apps/ios	2026-10-01T03:16:07.7918730Z 
ios-foundation	Run swift test --package-path apps/ios	2026-10-01T03:16:07.7918840Z Newly-taken snapshot does not match reference.
ios-foundation	Run swift test --package-path apps/ios	2026-10-01T03:16:07.7919820Z /Users/runner/work/creator-platform/creator-platform/apps/ios/Tests/QelvoraUITests/NativeSnapshotTests.swift:60: error: -[QelvoraUITests.NativeSnapshotTests testComponentCatalogThemes] : failed - Snapshot "Notice.light" does not match reference.
ios-foundation	Run swift test --package-path apps/ios	2026-10-01T03:16:07.7920810Z 
ios-foundation	Run swift test --package-path apps/ios	2026-10-01T03:16:07.7920920Z @−
ios-foundation	Run swift test --package-path apps/ios	2026-10-01T03:16:07.7921480Z "file:///Users/runner/work/creator-platform/creator-platform/apps/ios/Tests/QelvoraUITests/__Snapshots__/NativeSnapshotTests/testComponentCatalogThemes.Notice-light.png"
ios-foundation	Run swift test --package-path apps/ios	2026-10-01T03:16:07.7922170Z @+
ios-foundation	Run swift test --package-path apps/ios	2026-10-01T03:16:07.7922700Z "file:///Users/runner/work/creator-platform/creator-platform/artifacts/ios/snapshots/NativeSnapshotTests/testComponentCatalogThemes.Notice-light.png"
ios-foundation	Run swift test --package-path apps/ios	2026-10-01T03:16:07.7923320Z 
ios-foundation	Run swift test --package-path apps/ios	2026-10-01T03:16:07.7923600Z To configure output for a custom diff tool, use 'withSnapshotTesting'. For example:
ios-foundation	Run swift test --package-path apps/ios	2026-10-01T03:16:07.7923950Z 
ios-foundation	Run swift test --package-path apps/ios	2026-10-01T03:16:07.7924060Z     withSnapshotTesting(diffTool: .ksdiff) {
ios-foundation	Run swift test --package-path apps/ios	2026-10-01T03:16:07.7924310Z       // ...
ios-foundation	Run swift test --package-path apps/ios	2026-10-01T03:16:07.7924460Z     }
ios-foundation	Run swift test --package-path apps/ios	2026-10-01T03:16:07.7924530Z 
ios-foundation	Run swift test --package-path apps/ios	2026-10-01T03:16:07.7924690Z Newly-taken snapshot does not match reference.
ios-foundation	Run swift test --package-path apps/ios	2026-10-01T03:16:07.7925750Z /Users/runner/work/creator-platform/creator-platform/apps/ios/Tests/QelvoraUITests/NativeSnapshotTests.swift:60: error: -[QelvoraUITests.NativeSnapshotTests testComponentCatalogThemes] : failed - Snapshot "NotificationRow.light" does not match reference.
ios-foundation	Run swift test --package-path apps/ios	2026-10-01T03:16:07.7926610Z 
ios-foundation	Run swift test --package-path apps/ios	2026-10-01T03:16:07.7926710Z @−
ios-foundation	Run swift test --package-path apps/ios	2026-10-01T03:16:07.7927370Z "file:///Users/runner/work/creator-platform/creator-platform/apps/ios/Tests/QelvoraUITests/__Snapshots__/NativeSnapshotTests/testComponentCatalogThemes.NotificationRow-light.png"
ios-foundation	Run swift test --package-path apps/ios	2026-10-01T03:16:07.7928090Z @+
ios-foundation	Run swift test --package-path apps/ios	2026-10-01T03:16:07.7928660Z "file:///Users/runner/work/creator-platform/creator-platform/artifacts/ios/snapshots/NativeSnapshotTests/testComponentCatalogThemes.NotificationRow-light.png"
ios-foundation	Run swift test --package-path apps/ios	2026-10-01T03:16:07.7929220Z 
ios-foundation	Run swift test --package-path apps/ios	2026-10-01T03:16:07.7929450Z To configure output for a custom diff tool, use 'withSnapshotTesting'. For example:
ios-foundation	Run swift test --package-path apps/ios	2026-10-01T03:16:07.7929720Z 
ios-foundation	Run swift test --package-path apps/ios	2026-10-01T03:16:07.7929860Z     withSnapshotTesting(diffTool: .ksdiff) {
ios-foundation	Run swift test --package-path apps/ios	2026-10-01T03:16:07.7930190Z       // ...
ios-foundation	Run swift test --package-path apps/ios	2026-10-01T03:16:07.7930380Z     }
ios-foundation	Run swift test --package-path apps/ios	2026-10-01T03:16:07.7930500Z 
ios-foundation	Run swift test --package-path apps/ios	2026-10-01T03:16:07.7930640Z Newly-taken snapshot does not match reference.
ios-foundation	Run swift test --package-path apps/ios	2026-10-01T03:16:07.7931550Z /Users/runner/work/creator-platform/creator-platform/apps/ios/Tests/QelvoraUITests/NativeSnapshotTests.swift:60: error: -[QelvoraUITests.NativeSnapshotTests testComponentCatalogThemes] : failed - Snapshot "EmptyState.light" does not match reference.
ios-foundation	Run swift test --package-path apps/ios	2026-10-01T03:16:07.7932450Z 
ios-foundation	Run swift test --package-path apps/ios	2026-10-01T03:16:07.7932600Z @−
ios-foundation	Run swift test --package-path apps/ios	2026-10-01T03:16:07.7933640Z "file:///Users/runner/work/creator-platform/creator-platform/apps/ios/Tests/QelvoraUITests/__Snapshots__/NativeSnapshotTests/testComponentCatalogThemes.EmptyState-light.png"
ios-foundation	Run swift test --package-path apps/ios	2026-10-01T03:16:07.7934390Z @+
ios-foundation	Run swift test --package-path apps/ios	2026-10-01T03:16:07.7935020Z "file:///Users/runner/work/creator-platform/creator-platform/artifacts/ios/snapshots/NativeSnapshotTests/testComponentCatalogThemes.EmptyState-light.png"
ios-foundation	Run swift test --package-path apps/ios	2026-10-01T03:16:07.7936010Z 
ios-foundation	Run swift test --package-path apps/ios	2026-10-01T03:16:07.7936240Z To configure output for a custom diff tool, use 'withSnapshotTesting'. For example:
ios-foundation	Run swift test --package-path apps/ios	2026-10-01T03:16:07.7937370Z 
ios-foundation	Run swift test --package-path apps/ios	2026-10-01T03:16:07.7937490Z     withSnapshotTesting(diffTool: .ksdiff) {
ios-foundation	Run swift test --package-path apps/ios	2026-10-01T03:16:07.7937830Z       // ...
ios-foundation	Run swift test --package-path apps/ios	2026-10-01T03:16:07.7938290Z     }
ios-foundation	Run swift test --package-path apps/ios	2026-10-01T03:16:07.7938430Z 
ios-foundation	Run swift test --package-path apps/ios	2026-10-01T03:16:07.7938590Z Newly-taken snapshot does not match reference.
ios-foundation	Run swift test --package-path apps/ios	2026-10-01T03:16:07.7939510Z /Users/runner/work/creator-platform/creator-platform/apps/ios/Tests/QelvoraUITests/NativeSnapshotTests.swift:60: error: -[QelvoraUITests.NativeSnapshotTests testComponentCatalogThemes] : failed - Snapshot "ShareCard.light" does not match reference.
ios-foundation	Run swift test --package-path apps/ios	2026-10-01T03:16:07.7940360Z 
ios-foundation	Run swift test --package-path apps/ios	2026-10-01T03:16:07.7940510Z @−
ios-foundation	Run swift test --package-path apps/ios	2026-10-01T03:16:07.7941100Z "file:///Users/runner/work/creator-platform/creator-platform/apps/ios/Tests/QelvoraUITests/__Snapshots__/NativeSnapshotTests/testComponentCatalogThemes.ShareCard-light.png"
ios-foundation	Run swift test --package-path apps/ios	2026-10-01T03:16:07.7941810Z @+
ios-foundation	Run swift test --package-path apps/ios	2026-10-01T03:16:07.7942330Z "file:///Users/runner/work/creator-platform/creator-platform/artifacts/ios/snapshots/NativeSnapshotTests/testComponentCatalogThemes.ShareCard-light.png"
ios-foundation	Run swift test --package-path apps/ios	2026-10-01T03:16:07.7942870Z 
ios-foundation	Run swift test --package-path apps/ios	2026-10-01T03:16:07.7943100Z To configure output for a custom diff tool, use 'withSnapshotTesting'. For example:
ios-foundation	Run swift test --package-path apps/ios	2026-10-01T03:16:07.7943410Z 
ios-foundation	Run swift test --package-path apps/ios	2026-10-01T03:16:07.7943540Z     withSnapshotTesting(diffTool: .ksdiff) {
ios-foundation	Run swift test --package-path apps/ios	2026-10-01T03:16:07.7943810Z       // ...
ios-foundation	Run swift test --package-path apps/ios	2026-10-01T03:16:07.7943990Z     }
ios-foundation	Run swift test --package-path apps/ios	2026-10-01T03:16:07.7944140Z 
ios-foundation	Run swift test --package-path apps/ios	2026-10-01T03:16:07.7944230Z Newly-taken snapshot does not match reference.
ios-foundation	Run swift test --package-path apps/ios	2026-10-01T03:16:07.7945120Z /Users/runner/work/creator-platform/creator-platform/apps/ios/Tests/QelvoraUITests/NativeSnapshotTests.swift:60: error: -[QelvoraUITests.NativeSnapshotTests testComponentCatalogThemes] : failed - Snapshot "CallChip.light" does not match reference.
ios-foundation	Run swift test --package-path apps/ios	2026-10-01T03:16:07.7945880Z 
ios-foundation	Run swift test --package-path apps/ios	2026-10-01T03:16:07.7945960Z @−
ios-foundation	Run swift test --package-path apps/ios	2026-10-01T03:16:07.7946490Z "file:///Users/runner/work/creator-platform/creator-platform/apps/ios/Tests/QelvoraUITests/__Snapshots__/NativeSnapshotTests/testComponentCatalogThemes.CallChip-light.png"
ios-foundation	Run swift test --package-path apps/ios	2026-10-01T03:16:07.7947090Z @+
ios-foundation	Run swift test --package-path apps/ios	2026-10-01T03:16:07.7947600Z "file:///Users/runner/work/creator-platform/creator-platform/artifacts/ios/snapshots/NativeSnapshotTests/testComponentCatalogThemes.CallChip-light.png"
ios-foundation	Run swift test --package-path apps/ios	2026-10-01T03:16:07.7948140Z 
ios-foundation	Run swift test --package-path apps/ios	2026-10-01T03:16:07.7948310Z To configure output for a custom diff tool, use 'withSnapshotTesting'. For example:
ios-foundation	Run swift test --package-path apps/ios	2026-10-01T03:16:07.7948570Z 
ios-foundation	Run swift test --package-path apps/ios	2026-10-01T03:16:07.7948650Z     withSnapshotTesting(diffTool: .ksdiff) {
ios-foundation	Run swift test --package-path apps/ios	2026-10-01T03:16:07.7948860Z       // ...
ios-foundation	Run swift test --package-path apps/ios	2026-10-01T03:16:07.7949010Z     }
ios-foundation	Run swift test --package-path apps/ios	2026-10-01T03:16:07.7949100Z 
ios-foundation	Run swift test --package-path apps/ios	2026-10-01T03:16:07.7949210Z Newly-taken snapshot does not match reference.
ios-foundation	Run swift test --package-path apps/ios	2026-10-01T03:16:07.7950060Z /Users/runner/work/creator-platform/creator-platform/apps/ios/Tests/QelvoraUITests/NativeSnapshotTests.swift:60: error: -[QelvoraUITests.NativeSnapshotTests testComponentCatalogThemes] : failed - Snapshot "ReservedLabel.light" does not match reference.
ios-foundation	Run swift test --package-path apps/ios	2026-10-01T03:16:07.7950910Z 
ios-foundation	Run swift test --package-path apps/ios	2026-10-01T03:16:07.7950970Z @−
ios-foundation	Run swift test --package-path apps/ios	2026-10-01T03:16:07.7951510Z "file:///Users/runner/work/creator-platform/creator-platform/apps/ios/Tests/QelvoraUITests/__Snapshots__/NativeSnapshotTests/testComponentCatalogThemes.ReservedLabel-light.png"
ios-foundation	Run swift test --package-path apps/ios	2026-10-01T03:16:07.7952100Z @+
ios-foundation	Run swift test --package-path apps/ios	2026-10-01T03:16:07.7952580Z "file:///Users/runner/work/creator-platform/creator-platform/artifacts/ios/snapshots/NativeSnapshotTests/testComponentCatalogThemes.ReservedLabel-light.png"
ios-foundation	Run swift test --package-path apps/ios	2026-10-01T03:16:07.7953120Z 
ios-foundation	Run swift test --package-path apps/ios	2026-10-01T03:16:07.7953300Z To configure output for a custom diff tool, use 'withSnapshotTesting'. For example:
ios-foundation	Run swift test --package-path apps/ios	2026-10-01T03:16:07.7953560Z 
ios-foundation	Run swift test --package-path apps/ios	2026-10-01T03:16:07.7953650Z     withSnapshotTesting(diffTool: .ksdiff) {
ios-foundation	Run swift test --package-path apps/ios	2026-10-01T03:16:07.7953860Z       // ...
ios-foundation	Run swift test --package-path apps/ios	2026-10-01T03:16:07.7953990Z     }
ios-foundation	Run swift test --package-path apps/ios	2026-10-01T03:16:07.7954060Z 
ios-foundation	Run swift test --package-path apps/ios	2026-10-01T03:16:07.7954150Z Newly-taken snapshot does not match reference.
ios-foundation	Run swift test --package-path apps/ios	2026-10-01T03:16:07.7955000Z /Users/runner/work/creator-platform/creator-platform/apps/ios/Tests/QelvoraUITests/NativeSnapshotTests.swift:60: error: -[QelvoraUITests.NativeSnapshotTests testComponentCatalogThemes] : failed - Snapshot "Countdown.light" does not match reference.
ios-foundation	Run swift test --package-path apps/ios	2026-10-01T03:16:07.7956570Z 
ios-foundation	Run swift test --package-path apps/ios	2026-10-01T03:16:07.7956670Z @−
ios-foundation	Run swift test --package-path apps/ios	2026-10-01T03:16:07.7957280Z "file:///Users/runner/work/creator-platform/creator-platform/apps/ios/Tests/QelvoraUITests/__Snapshots__/NativeSnapshotTests/testComponentCatalogThemes.Countdown-light.png"
ios-foundation	Run swift test --package-path apps/ios	2026-10-01T03:16:07.7958090Z @+
ios-foundation	Run swift test --package-path apps/ios	2026-10-01T03:16:07.7959600Z "file:///Users/runner/work/creator-platform/creator-platform/artifacts/ios/snapshots/NativeSnapshotTests/testComponentCatalogThemes.Countdown-light.png"
ios-foundation	Run swift test --package-path apps/ios	2026-10-01T03:16:07.7960180Z 
ios-foundation	Run swift test --package-path apps/ios	2026-10-01T03:16:07.7960440Z To configure output for a custom diff tool, use 'withSnapshotTesting'. For example:
ios-foundation	Run swift test --package-path apps/ios	2026-10-01T03:16:07.7960750Z 
ios-foundation	Run swift test --package-path apps/ios	2026-10-01T03:16:07.7960840Z     withSnapshotTesting(diffTool: .ksdiff) {
ios-foundation	Run swift test --package-path apps/ios	2026-10-01T03:16:07.7961110Z       // ...
ios-foundation	Run swift test --package-path apps/ios	2026-10-01T03:16:07.7961270Z     }
ios-foundation	Run swift test --package-path apps/ios	2026-10-01T03:16:07.7961340Z 
ios-foundation	Run swift test --package-path apps/ios	2026-10-01T03:16:07.7961460Z Newly-taken snapshot does not match reference.
ios-foundation	Run swift test --package-path apps/ios	2026-10-01T03:16:07.7962540Z /Users/runner/work/creator-platform/creator-platform/apps/ios/Tests/QelvoraUITests/NativeSnapshotTests.swift:60: error: -[QelvoraUITests.NativeSnapshotTests testComponentCatalogThemes] : failed - Snapshot "InsteadMenu.light" does not match reference.
ios-foundation	Run swift test --package-path apps/ios	2026-10-01T03:16:07.7963580Z 
ios-foundation	Run swift test --package-path apps/ios	2026-10-01T03:16:07.7963780Z @−
ios-foundation	Run swift test --package-path apps/ios	2026-10-01T03:16:07.7964450Z "file:///Users/runner/work/creator-platform/creator-platform/apps/ios/Tests/QelvoraUITests/__Snapshots__/NativeSnapshotTests/testComponentCatalogThemes.InsteadMenu-light.png"
ios-foundation	Run swift test --package-path apps/ios	2026-10-01T03:16:07.7965310Z @+
ios-foundation	Run swift test --package-path apps/ios	2026-10-01T03:16:07.7965940Z "file:///Users/runner/work/creator-platform/creator-platform/artifacts/ios/snapshots/NativeSnapshotTests/testComponentCatalogThemes.InsteadMenu-light.png"
ios-foundation	Run swift test --package-path apps/ios	2026-10-01T03:16:07.7966530Z 
ios-foundation	Run swift test --package-path apps/ios	2026-10-01T03:16:07.7966780Z To configure output for a custom diff tool, use 'withSnapshotTesting'. For example:
ios-foundation	Run swift test --package-path apps/ios	2026-10-01T03:16:07.7967120Z 
ios-foundation	Run swift test --package-path apps/ios	2026-10-01T03:16:07.7967200Z     withSnapshotTesting(diffTool: .ksdiff) {
ios-foundation	Run swift test --package-path apps/ios	2026-10-01T03:16:07.7967430Z       // ...
ios-foundation	Run swift test --package-path apps/ios	2026-10-01T03:16:07.7967590Z     }
ios-foundation	Run swift test --package-path apps/ios	2026-10-01T03:16:07.7967680Z 
ios-foundation	Run swift test --package-path apps/ios	2026-10-01T03:16:07.7967820Z Newly-taken snapshot does not match reference.
ios-foundation	Run swift test --package-path apps/ios	2026-10-01T03:16:07.7968840Z /Users/runner/work/creator-platform/creator-platform/apps/ios/Tests/QelvoraUITests/NativeSnapshotTests.swift:60: error: -[QelvoraUITests.NativeSnapshotTests testComponentCatalogThemes] : failed - Snapshot "TestConsole.light" does not match reference.
ios-foundation	Run swift test --package-path apps/ios	2026-10-01T03:16:07.7969680Z 
ios-foundation	Run swift test --package-path apps/ios	2026-10-01T03:16:07.7969760Z @−
ios-foundation	Run swift test --package-path apps/ios	2026-10-01T03:16:07.7970330Z "file:///Users/runner/work/creator-platform/creator-platform/apps/ios/Tests/QelvoraUITests/__Snapshots__/NativeSnapshotTests/testComponentCatalogThemes.TestConsole-light.png"
ios-foundation	Run swift test --package-path apps/ios	2026-10-01T03:16:07.7971030Z @+
ios-foundation	Run swift test --package-path apps/ios	2026-10-01T03:16:07.7971510Z "file:///Users/runner/work/creator-platform/creator-platform/artifacts/ios/snapshots/NativeSnapshotTests/testComponentCatalogThemes.TestConsole-light.png"
ios-foundation	Run swift test --package-path apps/ios	2026-10-01T03:16:07.7972100Z 
ios-foundation	Run swift test --package-path apps/ios	2026-10-01T03:16:07.7972290Z To configure output for a custom diff tool, use 'withSnapshotTesting'. For example:
ios-foundation	Run swift test --package-path apps/ios	2026-10-01T03:16:07.7972650Z 
ios-foundation	Run swift test --package-path apps/ios	2026-10-01T03:16:07.7972760Z     withSnapshotTesting(diffTool: .ksdiff) {
ios-foundation	Run swift test --package-path apps/ios	2026-10-01T03:16:07.7972980Z       // ...
ios-foundation	Run swift test --package-path apps/ios	2026-10-01T03:16:07.7973110Z     }
ios-foundation	Run swift test --package-path apps/ios	2026-10-01T03:16:07.7973180Z 
ios-foundation	Run swift test --package-path apps/ios	2026-10-01T03:16:07.7973290Z Newly-taken snapshot does not match reference.
ios-foundation	Run swift test --package-path apps/ios	2026-10-01T03:16:07.7974330Z /Users/runner/work/creator-platform/creator-platform/apps/ios/Tests/QelvoraUITests/NativeSnapshotTests.swift:60: error: -[QelvoraUITests.NativeSnapshotTests testComponentCatalogThemes] : failed - Snapshot "VersionList.light" does not match reference.
ios-foundation	Run swift test --package-path apps/ios	2026-10-01T03:16:07.7975190Z 
ios-foundation	Run swift test --package-path apps/ios	2026-10-01T03:16:07.7975270Z @−
ios-foundation	Run swift test --package-path apps/ios	2026-10-01T03:16:07.7975880Z "file:///Users/runner/work/creator-platform/creator-platform/apps/ios/Tests/QelvoraUITests/__Snapshots__/NativeSnapshotTests/testComponentCatalogThemes.VersionList-light.png"
ios-foundation	Run swift test --package-path apps/ios	2026-10-01T03:16:07.7976460Z @+
ios-foundation	Run swift test --package-path apps/ios	2026-10-01T03:16:07.7976950Z "file:///Users/runner/work/creator-platform/creator-platform/artifacts/ios/snapshots/NativeSnapshotTests/testComponentCatalogThemes.VersionList-light.png"
ios-foundation	Run swift test --package-path apps/ios	2026-10-01T03:16:07.7977900Z 
ios-foundation	Run swift test --package-path apps/ios	2026-10-01T03:16:07.7978080Z To configure output for a custom diff tool, use 'withSnapshotTesting'. For example:
ios-foundation	Run swift test --package-path apps/ios	2026-10-01T03:16:07.7978520Z 
ios-foundation	Run swift test --package-path apps/ios	2026-10-01T03:16:07.7978600Z     withSnapshotTesting(diffTool: .ksdiff) {
ios-foundation	Run swift test --package-path apps/ios	2026-10-01T03:16:07.7978800Z       // ...
ios-foundation	Run swift test --package-path apps/ios	2026-10-01T03:16:07.7978930Z     }
ios-foundation	Run swift test --package-path apps/ios	2026-10-01T03:16:07.7979000Z 
ios-foundation	Run swift test --package-path apps/ios	2026-10-01T03:16:07.7979080Z Newly-taken snapshot does not match reference.
ios-foundation	Run swift test --package-path apps/ios	2026-10-01T03:16:07.7980410Z /Users/runner/work/creator-platform/creator-platform/apps/ios/Tests/QelvoraUITests/NativeSnapshotTests.swift:60: error: -[QelvoraUITests.NativeSnapshotTests testComponentCatalogThemes] : failed - Snapshot "DigestItem.light" does not match reference.
ios-foundation	Run swift test --package-path apps/ios	2026-10-01T03:16:07.7981160Z 
ios-foundation	Run swift test --package-path apps/ios	2026-10-01T03:16:07.7981260Z @−
ios-foundation	Run swift test --package-path apps/ios	2026-10-01T03:16:07.7981860Z "file:///Users/runner/work/creator-platform/creator-platform/apps/ios/Tests/QelvoraUITests/__Snapshots__/NativeSnapshotTests/testComponentCatalogThemes.DigestItem-light.png"
ios-foundation	Run swift test --package-path apps/ios	2026-10-01T03:16:07.7982550Z @+
ios-foundation	Run swift test --package-path apps/ios	2026-10-01T03:16:07.7983100Z "file:///Users/runner/work/creator-platform/creator-platform/artifacts/ios/snapshots/NativeSnapshotTests/testComponentCatalogThemes.DigestItem-light.png"
ios-foundation	Run swift test --package-path apps/ios	2026-10-01T03:16:07.7983630Z 
ios-foundation	Run swift test --package-path apps/ios	2026-10-01T03:16:07.7983850Z To configure output for a custom diff tool, use 'withSnapshotTesting'. For example:
ios-foundation	Run swift test --package-path apps/ios	2026-10-01T03:16:07.7984160Z 
ios-foundation	Run swift test --package-path apps/ios	2026-10-01T03:16:07.7984240Z     withSnapshotTesting(diffTool: .ksdiff) {
ios-foundation	Run swift test --package-path apps/ios	2026-10-01T03:16:07.7984450Z       // ...
ios-foundation	Run swift test --package-path apps/ios	2026-10-01T03:16:07.7984600Z     }
ios-foundation	Run swift test --package-path apps/ios	2026-10-01T03:16:07.7984690Z 
ios-foundation	Run swift test --package-path apps/ios	2026-10-01T03:16:07.7984790Z Newly-taken snapshot does not match reference.
ios-foundation	Run swift test --package-path apps/ios	2026-10-01T03:16:07.7985750Z /Users/runner/work/creator-platform/creator-platform/apps/ios/Tests/QelvoraUITests/NativeSnapshotTests.swift:60: error: -[QelvoraUITests.NativeSnapshotTests testComponentCatalogThemes] : failed - Snapshot "StudioTabBar.light" does not match reference.
ios-foundation	Run swift test --package-path apps/ios	2026-10-01T03:16:07.7986600Z 
ios-foundation	Run swift test --package-path apps/ios	2026-10-01T03:16:07.7986660Z @−
ios-foundation	Run swift test --package-path apps/ios	2026-10-01T03:16:07.7987190Z "file:///Users/runner/work/creator-platform/creator-platform/apps/ios/Tests/QelvoraUITests/__Snapshots__/NativeSnapshotTests/testComponentCatalogThemes.StudioTabBar-light.png"
ios-foundation	Run swift test --package-path apps/ios	2026-10-01T03:16:07.7987810Z @+
ios-foundation	Run swift test --package-path apps/ios	2026-10-01T03:16:07.7988300Z "file:///Users/runner/work/creator-platform/creator-platform/artifacts/ios/snapshots/NativeSnapshotTests/testComponentCatalogThemes.StudioTabBar-light.png"
ios-foundation	Run swift test --package-path apps/ios	2026-10-01T03:16:07.7988790Z 
ios-foundation	Run swift test --package-path apps/ios	2026-10-01T03:16:07.7988960Z To configure output for a custom diff tool, use 'withSnapshotTesting'. For example:
ios-foundation	Run swift test --package-path apps/ios	2026-10-01T03:16:07.7989220Z 
ios-foundation	Run swift test --package-path apps/ios	2026-10-01T03:16:07.7989310Z     withSnapshotTesting(diffTool: .ksdiff) {
ios-foundation	Run swift test --package-path apps/ios	2026-10-01T03:16:07.7989510Z       // ...
ios-foundation	Run swift test --package-path apps/ios	2026-10-01T03:16:07.7989640Z     }
ios-foundation	Run swift test --package-path apps/ios	2026-10-01T03:16:07.7989710Z 
ios-foundation	Run swift test --package-path apps/ios	2026-10-01T03:16:07.7989790Z Newly-taken snapshot does not match reference.
ios-foundation	Run swift test --package-path apps/ios	2026-10-01T03:16:07.7990610Z /Users/runner/work/creator-platform/creator-platform/apps/ios/Tests/QelvoraUITests/NativeSnapshotTests.swift:60: error: -[QelvoraUITests.NativeSnapshotTests testComponentCatalogThemes] : failed - Snapshot "Sidebar.light" does not match reference.
ios-foundation	Run swift test --package-path apps/ios	2026-10-01T03:16:07.7991350Z 
ios-foundation	Run swift test --package-path apps/ios	2026-10-01T03:16:07.7991420Z @−
ios-foundation	Run swift test --package-path apps/ios	2026-10-01T03:16:07.7991930Z "file:///Users/runner/work/creator-platform/creator-platform/apps/ios/Tests/QelvoraUITests/__Snapshots__/NativeSnapshotTests/testComponentCatalogThemes.Sidebar-light.png"
ios-foundation	Run swift test --package-path apps/ios	2026-10-01T03:16:07.7992510Z @+
ios-foundation	Run swift test --package-path apps/ios	2026-10-01T03:16:07.7992970Z "file:///Users/runner/work/creator-platform/creator-platform/artifacts/ios/snapshots/NativeSnapshotTests/testComponentCatalogThemes.Sidebar-light.png"
ios-foundation	Run swift test --package-path apps/ios	2026-10-01T03:16:07.7993440Z 
ios-foundation	Run swift test --package-path apps/ios	2026-10-01T03:16:07.7993610Z To configure output for a custom diff tool, use 'withSnapshotTesting'. For example:
ios-foundation	Run swift test --package-path apps/ios	2026-10-01T03:16:07.7993870Z 
ios-foundation	Run swift test --package-path apps/ios	2026-10-01T03:16:07.7993950Z     withSnapshotTesting(diffTool: .ksdiff) {
ios-foundation	Run swift test --package-path apps/ios	2026-10-01T03:16:07.7994160Z       // ...
ios-foundation	Run swift test --package-path apps/ios	2026-10-01T03:16:07.7994280Z     }
ios-foundation	Run swift test --package-path apps/ios	2026-10-01T03:16:07.7994350Z 
ios-foundation	Run swift test --package-path apps/ios	2026-10-01T03:16:07.7994430Z Newly-taken snapshot does not match reference.
ios-foundation	Run swift test --package-path apps/ios	2026-10-01T03:16:07.7995260Z /Users/runner/work/creator-platform/creator-platform/apps/ios/Tests/QelvoraUITests/NativeSnapshotTests.swift:60: error: -[QelvoraUITests.NativeSnapshotTests testComponentCatalogThemes] : failed - Snapshot "Sheet.light" does not match reference.
ios-foundation	Run swift test --package-path apps/ios	2026-10-01T03:16:07.7996370Z 
ios-foundation	Run swift test --package-path apps/ios	2026-10-01T03:16:07.7996450Z @−
ios-foundation	Run swift test --package-path apps/ios	2026-10-01T03:16:07.7996960Z "file:///Users/runner/work/creator-platform/creator-platform/apps/ios/Tests/QelvoraUITests/__Snapshots__/NativeSnapshotTests/testComponentCatalogThemes.Sheet-light.png"
ios-foundation	Run swift test --package-path apps/ios	2026-10-01T03:16:07.7997540Z @+
ios-foundation	Run swift test --package-path apps/ios	2026-10-01T03:16:07.7998170Z "file:///Users/runner/work/creator-platform/creator-platform/artifacts/ios/snapshots/NativeSnapshotTests/testComponentCatalogThemes.Sheet-light.png"
ios-foundation	Run swift test --package-path apps/ios	2026-10-01T03:16:07.7998660Z 
ios-foundation	Run swift test --package-path apps/ios	2026-10-01T03:16:07.7998850Z To configure output for a custom diff tool, use 'withSnapshotTesting'. For example:
ios-foundation	Run swift test --package-path apps/ios	2026-10-01T03:16:07.7999110Z 
ios-foundation	Run swift test --package-path apps/ios	2026-10-01T03:16:07.7999200Z     withSnapshotTesting(diffTool: .ksdiff) {
ios-foundation	Run swift test --package-path apps/ios	2026-10-01T03:16:07.8000600Z       // ...
ios-foundation	Run swift test --package-path apps/ios	2026-10-01T03:16:07.8000780Z     }
ios-foundation	Run swift test --package-path apps/ios	2026-10-01T03:16:07.8000880Z 
ios-foundation	Run swift test --package-path apps/ios	2026-10-01T03:16:07.8000990Z Newly-taken snapshot does not match reference.
ios-foundation	Run swift test --package-path apps/ios	2026-10-01T03:16:07.8001960Z /Users/runner/work/creator-platform/creator-platform/apps/ios/Tests/QelvoraUITests/NativeSnapshotTests.swift:60: error: -[QelvoraUITests.NativeSnapshotTests testComponentCatalogThemes] : failed - Snapshot "Dialog.light" does not match reference.
ios-foundation	Run swift test --package-path apps/ios	2026-10-01T03:16:07.8002720Z 
ios-foundation	Run swift test --package-path apps/ios	2026-10-01T03:16:07.8002810Z @−
ios-foundation	Run swift test --package-path apps/ios	2026-10-01T03:16:07.8003440Z "file:///Users/runner/work/creator-platform/creator-platform/apps/ios/Tests/QelvoraUITests/__Snapshots__/NativeSnapshotTests/testComponentCatalogThemes.Dialog-light.png"
ios-foundation	Run swift test --package-path apps/ios	2026-10-01T03:16:07.8004030Z @+
ios-foundation	Run swift test --package-path apps/ios	2026-10-01T03:16:07.8004640Z "file:///Users/runner/work/creator-platform/creator-platform/artifacts/ios/snapshots/NativeSnapshotTests/testComponentCatalogThemes.Dialog-light.png"
ios-foundation	Run swift test --package-path apps/ios	2026-10-01T03:16:07.8005150Z 
ios-foundation	Run swift test --package-path apps/ios	2026-10-01T03:16:07.8005330Z To configure output for a custom diff tool, use 'withSnapshotTesting'. For example:
ios-foundation	Run swift test --package-path apps/ios	2026-10-01T03:16:07.8005620Z 
ios-foundation	Run swift test --package-path apps/ios	2026-10-01T03:16:07.8005710Z     withSnapshotTesting(diffTool: .ksdiff) {
ios-foundation	Run swift test --package-path apps/ios	2026-10-01T03:16:07.8005930Z       // ...
ios-foundation	Run swift test --package-path apps/ios	2026-10-01T03:16:07.8006070Z     }
ios-foundation	Run swift test --package-path apps/ios	2026-10-01T03:16:07.8006140Z 
ios-foundation	Run swift test --package-path apps/ios	2026-10-01T03:16:07.8006240Z Newly-taken snapshot does not match reference.
ios-foundation	Run swift test --package-path apps/ios	2026-10-01T03:16:07.8007320Z /Users/runner/work/creator-platform/creator-platform/apps/ios/Tests/QelvoraUITests/NativeSnapshotTests.swift:60: error: -[QelvoraUITests.NativeSnapshotTests testComponentCatalogThemes] : failed - Snapshot "Toast.light" does not match reference.
ios-foundation	Run swift test --package-path apps/ios	2026-10-01T03:16:07.8010070Z 
ios-foundation	Run swift test --package-path apps/ios	2026-10-01T03:16:07.8011850Z @−
ios-foundation	Run swift test --package-path apps/ios	2026-10-01T03:16:07.8013460Z "file:///Users/runner/work/creator-platform/creator-platform/apps/ios/Tests/QelvoraUITests/__Snapshots__/NativeSnapshotTests/testComponentCatalogThemes.Toast-light.png"
ios-foundation	Run swift test --package-path apps/ios	2026-10-01T03:16:07.8015120Z @+
ios-foundation	Run swift test --package-path apps/ios	2026-10-01T03:16:07.8016470Z "file:///Users/runner/work/creator-platform/creator-platform/artifacts/ios/snapshots/NativeSnapshotTests/testComponentCatalogThemes.Toast-light.png"
ios-foundation	Run swift test --package-path apps/ios	2026-10-01T03:16:07.8017890Z 
ios-foundation	Run swift test --package-path apps/ios	2026-10-01T03:16:07.8018390Z To configure output for a custom diff tool, use 'withSnapshotTesting'. For example:
ios-foundation	Run swift test --package-path apps/ios	2026-10-01T03:16:07.8019120Z 
ios-foundation	Run swift test --package-path apps/ios	2026-10-01T03:16:07.8019540Z     withSnapshotTesting(diffTool: .ksdiff) {
ios-foundation	Run swift test --package-path apps/ios	2026-10-01T03:16:07.8019900Z       // ...
ios-foundation	Run swift test --package-path apps/ios	2026-10-01T03:16:07.8020030Z     }
ios-foundation	Run swift test --package-path apps/ios	2026-10-01T03:16:07.8020120Z 
ios-foundation	Run swift test --package-path apps/ios	2026-10-01T03:16:07.8020230Z Newly-taken snapshot does not match reference.
ios-foundation	Run swift test --package-path apps/ios	2026-10-01T03:16:07.8021110Z /Users/runner/work/creator-platform/creator-platform/apps/ios/Tests/QelvoraUITests/NativeSnapshotTests.swift:57: error: -[QelvoraUITests.NativeSnapshotTests testComponentCatalogThemes] : failed - Snapshot "Skeleton.light" does not match reference.
ios-foundation	Run swift test --package-path apps/ios	2026-10-01T03:16:07.8021930Z 
ios-foundation	Run swift test --package-path apps/ios	2026-10-01T03:16:07.8022060Z @−
ios-foundation	Run swift test --package-path apps/ios	2026-10-01T03:16:07.8022630Z "file:///Users/runner/work/creator-platform/creator-platform/apps/ios/Tests/QelvoraUITests/__Snapshots__/NativeSnapshotTests/testComponentCatalogThemes.Skeleton-light.png"
ios-foundation	Run swift test --package-path apps/ios	2026-10-01T03:16:07.8023260Z @+
ios-foundation	Run swift test --package-path apps/ios	2026-10-01T03:16:07.8023830Z "file:///Users/runner/work/creator-platform/creator-platform/artifacts/ios/snapshots/NativeSnapshotTests/testComponentCatalogThemes.Skeleton-light.png"
ios-foundation	Run swift test --package-path apps/ios	2026-10-01T03:16:07.8024640Z 
ios-foundation	Run swift test --package-path apps/ios	2026-10-01T03:16:07.8024820Z To configure output for a custom diff tool, use 'withSnapshotTesting'. For example:
ios-foundation	Run swift test --package-path apps/ios	2026-10-01T03:16:07.8025310Z 
ios-foundation	Run swift test --package-path apps/ios	2026-10-01T03:16:07.8025410Z     withSnapshotTesting(diffTool: .ksdiff) {
ios-foundation	Run swift test --package-path apps/ios	2026-10-01T03:16:07.8025630Z       // ...
ios-foundation	Run swift test --package-path apps/ios	2026-10-01T03:16:07.8025760Z     }
ios-foundation	Run swift test --package-path apps/ios	2026-10-01T03:16:07.8025840Z 
ios-foundation	Run swift test --package-path apps/ios	2026-10-01T03:16:07.8025960Z Newly-taken snapshot does not match reference.
ios-foundation	Run swift test --package-path apps/ios	2026-10-01T03:16:07.8026830Z /Users/runner/work/creator-platform/creator-platform/apps/ios/Tests/QelvoraUITests/NativeSnapshotTests.swift:60: error: -[QelvoraUITests.NativeSnapshotTests testComponentCatalogThemes] : failed - Snapshot "EmailFrame.light" does not match reference.
ios-foundation	Run swift test --package-path apps/ios	2026-10-01T03:16:07.8028150Z 
ios-foundation	Run swift test --package-path apps/ios	2026-10-01T03:16:07.8028230Z @−
ios-foundation	Run swift test --package-path apps/ios	2026-10-01T03:16:07.8028780Z "file:///Users/runner/work/creator-platform/creator-platform/apps/ios/Tests/QelvoraUITests/__Snapshots__/NativeSnapshotTests/testComponentCatalogThemes.EmailFrame-light.png"
ios-foundation	Run swift test --package-path apps/ios	2026-10-01T03:16:07.8029510Z @+
ios-foundation	Run swift test --package-path apps/ios	2026-10-01T03:16:07.8030080Z "file:///Users/runner/work/creator-platform/creator-platform/artifacts/ios/snapshots/NativeSnapshotTests/testComponentCatalogThemes.EmailFrame-light.png"
ios-foundation	Run swift test --package-path apps/ios	2026-10-01T03:16:07.8030590Z 
ios-foundation	Run swift test --package-path apps/ios	2026-10-01T03:16:07.8030780Z To configure output for a custom diff tool, use 'withSnapshotTesting'. For example:
ios-foundation	Run swift test --package-path apps/ios	2026-10-01T03:16:07.8031090Z 
ios-foundation	Run swift test --package-path apps/ios	2026-10-01T03:16:07.8031190Z     withSnapshotTesting(diffTool: .ksdiff) {
ios-foundation	Run swift test --package-path apps/ios	2026-10-01T03:16:07.8031460Z       // ...
ios-foundation	Run swift test --package-path apps/ios	2026-10-01T03:16:07.8031600Z     }
ios-foundation	Run swift test --package-path apps/ios	2026-10-01T03:16:07.8031680Z 
ios-foundation	Run swift test --package-path apps/ios	2026-10-01T03:16:07.8031770Z Newly-taken snapshot does not match reference.
ios-foundation	Run swift test --package-path apps/ios	2026-10-01T03:16:07.8032620Z /Users/runner/work/creator-platform/creator-platform/apps/ios/Tests/QelvoraUITests/NativeSnapshotTests.swift:60: error: -[QelvoraUITests.NativeSnapshotTests testComponentCatalogThemes] : failed - Snapshot "Mark.night" does not match reference.
ios-foundation	Run swift test --package-path apps/ios	2026-10-01T03:16:07.8033460Z 
ios-foundation	Run swift test --package-path apps/ios	2026-10-01T03:16:07.8033540Z @−
ios-foundation	Run swift test --package-path apps/ios	2026-10-01T03:16:07.8034070Z "file:///Users/runner/work/creator-platform/creator-platform/apps/ios/Tests/QelvoraUITests/__Snapshots__/NativeSnapshotTests/testComponentCatalogThemes.Mark-night.png"
ios-foundation	Run swift test --package-path apps/ios	2026-10-01T03:16:07.8034660Z @+
ios-foundation	Run swift test --package-path apps/ios	2026-10-01T03:16:07.8035240Z "file:///Users/runner/work/creator-platform/creator-platform/artifacts/ios/snapshots/NativeSnapshotTests/testComponentCatalogThemes.Mark-night.png"
ios-foundation	Run swift test --package-path apps/ios	2026-10-01T03:16:07.8035820Z 
ios-foundation	Run swift test --package-path apps/ios	2026-10-01T03:16:07.8036010Z To configure output for a custom diff tool, use 'withSnapshotTesting'. For example:
ios-foundation	Run swift test --package-path apps/ios	2026-10-01T03:16:07.8036340Z 
ios-foundation	Run swift test --package-path apps/ios	2026-10-01T03:16:07.8036450Z     withSnapshotTesting(diffTool: .ksdiff) {
ios-foundation	Run swift test --package-path apps/ios	2026-10-01T03:16:07.8036660Z       // ...
ios-foundation	Run swift test --package-path apps/ios	2026-10-01T03:16:07.8036910Z     }
ios-foundation	Run swift test --package-path apps/ios	2026-10-01T03:16:07.8037050Z 
ios-foundation	Run swift test --package-path apps/ios	2026-10-01T03:16:07.8037230Z Newly-taken snapshot does not match reference.
ios-foundation	Run swift test --package-path apps/ios	2026-10-01T03:16:07.8038340Z /Users/runner/work/creator-platform/creator-platform/apps/ios/Tests/QelvoraUITests/NativeSnapshotTests.swift:60: error: -[QelvoraUITests.NativeSnapshotTests testComponentCatalogThemes] : failed - Snapshot "Seal.night" does not match reference.
ios-foundation	Run swift test --package-path apps/ios	2026-10-01T03:16:07.8039260Z 
ios-foundation	Run swift test --package-path apps/ios	2026-10-01T03:16:07.8039430Z @−
ios-foundation	Run swift test --package-path apps/ios	2026-10-01T03:16:07.8039990Z "file:///Users/runner/work/creator-platform/creator-platform/apps/ios/Tests/QelvoraUITests/__Snapshots__/NativeSnapshotTests/testComponentCatalogThemes.Seal-night.png"
ios-foundation	Run swift test --package-path apps/ios	2026-10-01T03:16:07.8051110Z @+
ios-foundation	Run swift test --package-path apps/ios	2026-10-01T03:16:07.8051730Z "file:///Users/runner/work/creator-platform/creator-platform/artifacts/ios/snapshots/NativeSnapshotTests/testComponentCatalogThemes.Seal-night.png"
ios-foundation	Run swift test --package-path apps/ios	2026-10-01T03:16:07.8052200Z 
ios-foundation	Run swift test --package-path apps/ios	2026-10-01T03:16:07.8052390Z To configure output for a custom diff tool, use 'withSnapshotTesting'. For example:
ios-foundation	Run swift test --package-path apps/ios	2026-10-01T03:16:07.8052720Z 
ios-foundation	Run swift test --package-path apps/ios	2026-10-01T03:16:07.8052830Z     withSnapshotTesting(diffTool: .ksdiff) {
ios-foundation	Run swift test --package-path apps/ios	2026-10-01T03:16:07.8053070Z       // ...
ios-foundation	Run swift test --package-path apps/ios	2026-10-01T03:16:07.8053200Z     }
ios-foundation	Run swift test --package-path apps/ios	2026-10-01T03:16:07.8053270Z 
ios-foundation	Run swift test --package-path apps/ios	2026-10-01T03:16:07.8053360Z Newly-taken snapshot does not match reference.
ios-foundation	Run swift test --package-path apps/ios	2026-10-01T03:16:11.1821720Z /Users/runner/work/creator-platform/creator-platform/apps/ios/Tests/QelvoraUITests/NativeSnapshotTests.swift:60: error: -[QelvoraUITests.NativeSnapshotTests testComponentCatalogThemes] : failed - Snapshot "Avatar.night" does not match reference.
ios-foundation	Run swift test --package-path apps/ios	2026-10-01T03:16:11.1823930Z 
ios-foundation	Run swift test --package-path apps/ios	2026-10-01T03:16:11.1824710Z @−
ios-foundation	Run swift test --package-path apps/ios	2026-10-01T03:16:11.1825340Z "file:///Users/runner/work/creator-platform/creator-platform/apps/ios/Tests/QelvoraUITests/__Snapshots__/NativeSnapshotTests/testComponentCatalogThemes.Avatar-night.png"
ios-foundation	Run swift test --package-path apps/ios	2026-10-01T03:16:11.1825970Z @+
ios-foundation	Run swift test --package-path apps/ios	2026-10-01T03:16:11.1826480Z "file:///Users/runner/work/creator-platform/creator-platform/artifacts/ios/snapshots/NativeSnapshotTests/testComponentCatalogThemes.Avatar-night.png"
ios-foundation	Run swift test --package-path apps/ios	2026-10-01T03:16:11.1827000Z 
ios-foundation	Run swift test --package-path apps/ios	2026-10-01T03:16:11.1827190Z To configure output for a custom diff tool, use 'withSnapshotTesting'. For example:
ios-foundation	Run swift test --package-path apps/ios	2026-10-01T03:16:11.1827520Z 
ios-foundation	Run swift test --package-path apps/ios	2026-10-01T03:16:11.1827650Z     withSnapshotTesting(diffTool: .ksdiff) {
ios-foundation	Run swift test --package-path apps/ios	2026-10-01T03:16:11.1827900Z       // ...
ios-foundation	Run swift test --package-path apps/ios	2026-10-01T03:16:11.1828220Z     }
ios-foundation	Run swift test --package-path apps/ios	2026-10-01T03:16:11.1828350Z 
ios-foundation	Run swift test --package-path apps/ios	2026-10-01T03:16:11.1828480Z Newly-taken snapshot does not match reference.
ios-foundation	Run swift test --package-path apps/ios	2026-10-01T03:16:11.1829370Z /Users/runner/work/creator-platform/creator-platform/apps/ios/Tests/QelvoraUITests/NativeSnapshotTests.swift:60: error: -[QelvoraUITests.NativeSnapshotTests testComponentCatalogThemes] : failed - Snapshot "AuthorLabel.night" does not match reference.
ios-foundation	Run swift test --package-path apps/ios	2026-10-01T03:16:11.1830190Z 
ios-foundation	Run swift test --package-path apps/ios	2026-10-01T03:16:11.1830320Z @−
ios-foundation	Run swift test --package-path apps/ios	2026-10-01T03:16:11.1830980Z "file:///Users/runner/work/creator-platform/creator-platform/apps/ios/Tests/QelvoraUITests/__Snapshots__/NativeSnapshotTests/testComponentCatalogThemes.AuthorLabel-night.png"
ios-foundation	Run swift test --package-path apps/ios	2026-10-01T03:16:11.1831640Z @+
ios-foundation	Run swift test --package-path apps/ios	2026-10-01T03:16:11.1832170Z "file:///Users/runner/work/creator-platform/creator-platform/artifacts/ios/snapshots/NativeSnapshotTests/testComponentCatalogThemes.AuthorLabel-night.png"
ios-foundation	Run swift test --package-path apps/ios	2026-10-01T03:16:11.1832700Z 
ios-foundation	Run swift test --package-path apps/ios	2026-10-01T03:16:11.1832920Z To configure output for a custom diff tool, use 'withSnapshotTesting'. For example:
ios-foundation	Run swift test --package-path apps/ios	2026-10-01T03:16:11.1833240Z 
ios-foundation	Run swift test --package-path apps/ios	2026-10-01T03:16:11.1833370Z     withSnapshotTesting(diffTool: .ksdiff) {
ios-foundation	Run swift test --package-path apps/ios	2026-10-01T03:16:11.1833620Z       // ...
ios-foundation	Run swift test --package-path apps/ios	2026-10-01T03:16:11.1833820Z     }
ios-foundation	Run swift test --package-path apps/ios	2026-10-01T03:16:11.1833940Z 
ios-foundation	Run swift test --package-path apps/ios	2026-10-01T03:16:11.1834030Z Newly-taken snapshot does not match reference.
ios-foundation	Run swift test --package-path apps/ios	2026-10-01T03:16:11.1835000Z /Users/runner/work/creator-platform/creator-platform/apps/ios/Tests/QelvoraUITests/NativeSnapshotTests.swift:60: error: -[QelvoraUITests.NativeSnapshotTests testComponentCatalogThemes] : failed - Snapshot "IdentityStrip.night" does not match reference.
ios-foundation	Run swift test --package-path apps/ios	2026-10-01T03:16:11.1835950Z 
ios-foundation	Run swift test --package-path apps/ios	2026-10-01T03:16:11.1836020Z @−
ios-foundation	Run swift test --package-path apps/ios	2026-10-01T03:16:11.1836740Z "file:///Users/runner/work/creator-platform/creator-platform/apps/ios/Tests/QelvoraUITests/__Snapshots__/NativeSnapshotTests/testComponentCatalogThemes.IdentityStrip-night.png"
ios-foundation	Run swift test --package-path apps/ios	2026-10-01T03:16:11.1837430Z @+
ios-foundation	Run swift test --package-path apps/ios	2026-10-01T03:16:11.1838010Z "file:///Users/runner/work/creator-platform/creator-platform/artifacts/ios/snapshots/NativeSnapshotTests/testComponentCatalogThemes.IdentityStrip-night.png"
ios-foundation	Run swift test --package-path apps/ios	2026-10-01T03:16:11.1838690Z 
ios-foundation	Run swift test --package-path apps/ios	2026-10-01T03:16:11.1838940Z To configure output for a custom diff tool, use 'withSnapshotTesting'. For example:
ios-foundation	Run swift test --package-path apps/ios	2026-10-01T03:16:11.1839270Z 
ios-foundation	Run swift test --package-path apps/ios	2026-10-01T03:16:11.1839380Z     withSnapshotTesting(diffTool: .ksdiff) {
ios-foundation	Run swift test --package-path apps/ios	2026-10-01T03:16:11.1839700Z       // ...
ios-foundation	Run swift test --package-path apps/ios	2026-10-01T03:16:11.1839900Z     }
ios-foundation	Run swift test --package-path apps/ios	2026-10-01T03:16:11.1840730Z 
ios-foundation	Run swift test --package-path apps/ios	2026-10-01T03:16:11.1840920Z Newly-taken snapshot does not match reference.
ios-foundation	Run swift test --package-path apps/ios	2026-10-01T03:16:11.1841950Z /Users/runner/work/creator-platform/creator-platform/apps/ios/Tests/QelvoraUITests/NativeSnapshotTests.swift:60: error: -[QelvoraUITests.NativeSnapshotTests testComponentCatalogThemes] : failed - Snapshot "ThreadHeader.night" does not match reference.
ios-foundation	Run swift test --package-path apps/ios	2026-10-01T03:16:11.1842820Z 
ios-foundation	Run swift test --package-path apps/ios	2026-10-01T03:16:11.1842990Z @−
ios-foundation	Run swift test --package-path apps/ios	2026-10-01T03:16:11.1843790Z "file:///Users/runner/work/creator-platform/creator-platform/apps/ios/Tests/QelvoraUITests/__Snapshots__/NativeSnapshotTests/testComponentCatalogThemes.ThreadHeader-night.png"
ios-foundation	Run swift test --package-path apps/ios	2026-10-01T03:16:11.1845100Z @+
ios-foundation	Run swift test --package-path apps/ios	2026-10-01T03:16:11.1845720Z "file:///Users/runner/work/creator-platform/creator-platform/artifacts/ios/snapshots/NativeSnapshotTests/testComponentCatalogThemes.ThreadHeader-night.png"
ios-foundation	Run swift test --package-path apps/ios	2026-10-01T03:16:11.1846620Z 
ios-foundation	Run swift test --package-path apps/ios	2026-10-01T03:16:11.1846840Z To configure output for a custom diff tool, use 'withSnapshotTesting'. For example:
ios-foundation	Run swift test --package-path apps/ios	2026-10-01T03:16:11.1847110Z 
ios-foundation	Run swift test --package-path apps/ios	2026-10-01T03:16:11.1847210Z     withSnapshotTesting(diffTool: .ksdiff) {
ios-foundation	Run swift test --package-path apps/ios	2026-10-01T03:16:11.1847470Z       // ...
ios-foundation	Run swift test --package-path apps/ios	2026-10-01T03:16:11.1847600Z     }
ios-foundation	Run swift test --package-path apps/ios	2026-10-01T03:16:11.1847670Z 
ios-foundation	Run swift test --package-path apps/ios	2026-10-01T03:16:11.1847770Z Newly-taken snapshot does not match reference.
ios-foundation	Run swift test --package-path apps/ios	2026-10-01T03:16:11.1848640Z /Users/runner/work/creator-platform/creator-platform/apps/ios/Tests/QelvoraUITests/NativeSnapshotTests.swift:60: error: -[QelvoraUITests.NativeSnapshotTests testComponentCatalogThemes] : failed - Snapshot "SignedMarker.night" does not match reference.
ios-foundation	Run swift test --package-path apps/ios	2026-10-01T03:16:11.1849550Z 
ios-foundation	Run swift test --package-path apps/ios	2026-10-01T03:16:11.1849620Z @−
ios-foundation	Run swift test --package-path apps/ios	2026-10-01T03:16:11.1850200Z "file:///Users/runner/work/creator-platform/creator-platform/apps/ios/Tests/QelvoraUITests/__Snapshots__/NativeSnapshotTests/testComponentCatalogThemes.SignedMarker-night.png"
ios-foundation	Run swift test --package-path apps/ios	2026-10-01T03:16:11.1850950Z @+
ios-foundation	Run swift test --package-path apps/ios	2026-10-01T03:16:11.1851470Z "file:///Users/runner/work/creator-platform/creator-platform/artifacts/ios/snapshots/NativeSnapshotTests/testComponentCatalogThemes.SignedMarker-night.png"
ios-foundation	Run swift test --package-path apps/ios	2026-10-01T03:16:11.1852070Z 
ios-foundation	Run swift test --package-path apps/ios	2026-10-01T03:16:11.1852300Z To configure output for a custom diff tool, use 'withSnapshotTesting'. For example:
ios-foundation	Run swift test --package-path apps/ios	2026-10-01T03:16:11.1852560Z 
ios-foundation	Run swift test --package-path apps/ios	2026-10-01T03:16:11.1852640Z     withSnapshotTesting(diffTool: .ksdiff) {
ios-foundation	Run swift test --package-path apps/ios	2026-10-01T03:16:11.1852840Z       // ...
ios-foundation	Run swift test --package-path apps/ios	2026-10-01T03:16:11.1852970Z     }
ios-foundation	Run swift test --package-path apps/ios	2026-10-01T03:16:11.1853040Z 
ios-foundation	Run swift test --package-path apps/ios	2026-10-01T03:16:11.1853120Z Newly-taken snapshot does not match reference.
ios-foundation	Run swift test --package-path apps/ios	2026-10-01T03:16:11.1854530Z /Users/runner/work/creator-platform/creator-platform/apps/ios/Tests/QelvoraUITests/NativeSnapshotTests.swift:60: error: -[QelvoraUITests.NativeSnapshotTests testComponentCatalogThemes] : failed - Snapshot "SystemLine.night" does not match reference.
ios-foundation	Run swift test --package-path apps/ios	2026-10-01T03:16:11.1855300Z 
ios-foundation	Run swift test --package-path apps/ios	2026-10-01T03:16:11.1855370Z @−
ios-foundation	Run swift test --package-path apps/ios	2026-10-01T03:16:11.1856030Z "file:///Users/runner/work/creator-platform/creator-platform/apps/ios/Tests/QelvoraUITests/__Snapshots__/NativeSnapshotTests/testComponentCatalogThemes.SystemLine-night.png"
ios-foundation	Run swift test --package-path apps/ios	2026-10-01T03:16:11.1856630Z @+
ios-foundation	Run swift test --package-path apps/ios	2026-10-01T03:16:11.1857100Z "file:///Users/runner/work/creator-platform/creator-platform/artifacts/ios/snapshots/NativeSnapshotTests/testComponentCatalogThemes.SystemLine-night.png"
ios-foundation	Run swift test --package-path apps/ios	2026-10-01T03:16:11.1857580Z 
ios-foundation	Run swift test --package-path apps/ios	2026-10-01T03:16:11.1857760Z To configure output for a custom diff tool, use 'withSnapshotTesting'. For example:
ios-foundation	Run swift test --package-path apps/ios	2026-10-01T03:16:11.1858020Z 
ios-foundation	Run swift test --package-path apps/ios	2026-10-01T03:16:11.1858100Z     withSnapshotTesting(diffTool: .ksdiff) {
ios-foundation	Run swift test --package-path apps/ios	2026-10-01T03:16:11.1858300Z       // ...
ios-foundation	Run swift test --package-path apps/ios	2026-10-01T03:16:11.1858510Z     }
ios-foundation	Run swift test --package-path apps/ios	2026-10-01T03:16:11.1858600Z 
ios-foundation	Run swift test --package-path apps/ios	2026-10-01T03:16:11.1858710Z Newly-taken snapshot does not match reference.
ios-foundation	Run swift test --package-path apps/ios	2026-10-01T03:16:11.1859620Z /Users/runner/work/creator-platform/creator-platform/apps/ios/Tests/QelvoraUITests/NativeSnapshotTests.swift:60: error: -[QelvoraUITests.NativeSnapshotTests testComponentCatalogThemes] : failed - Snapshot "Message.night" does not match reference.
ios-foundation	Run swift test --package-path apps/ios	2026-10-01T03:16:11.1860370Z 
ios-foundation	Run swift test --package-path apps/ios	2026-10-01T03:16:11.1860440Z @−
ios-foundation	Run swift test --package-path apps/ios	2026-10-01T03:16:11.1860970Z "file:///Users/runner/work/creator-platform/creator-platform/apps/ios/Tests/QelvoraUITests/__Snapshots__/NativeSnapshotTests/testComponentCatalogThemes.Message-night.png"
ios-foundation	Run swift test --package-path apps/ios	2026-10-01T03:16:11.1861540Z @+
ios-foundation	Run swift test --package-path apps/ios	2026-10-01T03:16:11.1862000Z "file:///Users/runner/work/creator-platform/creator-platform/artifacts/ios/snapshots/NativeSnapshotTests/testComponentCatalogThemes.Message-night.png"
ios-foundation	Run swift test --package-path apps/ios	2026-10-01T03:16:11.1862490Z 
ios-foundation	Run swift test --package-path apps/ios	2026-10-01T03:16:11.1862670Z To configure output for a custom diff tool, use 'withSnapshotTesting'. For example:
ios-foundation	Run swift test --package-path apps/ios	2026-10-01T03:16:11.1862930Z 
ios-foundation	Run swift test --package-path apps/ios	2026-10-01T03:16:11.1863010Z     withSnapshotTesting(diffTool: .ksdiff) {
ios-foundation	Run swift test --package-path apps/ios	2026-10-01T03:16:11.1863210Z       // ...
ios-foundation	Run swift test --package-path apps/ios	2026-10-01T03:16:11.1863800Z     }
ios-foundation	Run swift test --package-path apps/ios	2026-10-01T03:16:11.1863870Z 
ios-foundation	Run swift test --package-path apps/ios	2026-10-01T03:16:11.1863960Z Newly-taken snapshot does not match reference.
ios-foundation	Run swift test --package-path apps/ios	2026-10-01T03:16:11.1864780Z /Users/runner/work/creator-platform/creator-platform/apps/ios/Tests/QelvoraUITests/NativeSnapshotTests.swift:60: error: -[QelvoraUITests.NativeSnapshotTests testComponentCatalogThemes] : failed - Snapshot "Note.night" does not match reference.
ios-foundation	Run swift test --package-path apps/ios	2026-10-01T03:16:11.1865700Z 
ios-foundation	Run swift test --package-path apps/ios	2026-10-01T03:16:11.1865790Z @−
ios-foundation	Run swift test --package-path apps/ios	2026-10-01T03:16:11.1866300Z "file:///Users/runner/work/creator-platform/creator-platform/apps/ios/Tests/QelvoraUITests/__Snapshots__/NativeSnapshotTests/testComponentCatalogThemes.Note-night.png"
ios-foundation	Run swift test --package-path apps/ios	2026-10-01T03:16:11.1866910Z @+
ios-foundation	Run swift test --package-path apps/ios	2026-10-01T03:16:11.1867370Z "file:///Users/runner/work/creator-platform/creator-platform/artifacts/ios/snapshots/NativeSnapshotTests/testComponentCatalogThemes.Note-night.png"
ios-foundation	Run swift test --package-path apps/ios	2026-10-01T03:16:11.1867950Z 
ios-foundation	Run swift test --package-path apps/ios	2026-10-01T03:16:11.1868230Z To configure output for a custom diff tool, use 'withSnapshotTesting'. For example:
ios-foundation	Run swift test --package-path apps/ios	2026-10-01T03:16:11.1868590Z 
ios-foundation	Run swift test --package-path apps/ios	2026-10-01T03:16:11.1868750Z     withSnapshotTesting(diffTool: .ksdiff) {
ios-foundation	Run swift test --package-path apps/ios	2026-10-01T03:16:11.1869060Z       // ...
ios-foundation	Run swift test --package-path apps/ios	2026-10-01T03:16:11.1869290Z     }
ios-foundation	Run swift test --package-path apps/ios	2026-10-01T03:16:11.1869420Z 
ios-foundation	Run swift test --package-path apps/ios	2026-10-01T03:16:11.1869510Z Newly-taken snapshot does not match reference.
ios-foundation	Run swift test --package-path apps/ios	2026-10-01T03:16:11.1870530Z /Users/runner/work/creator-platform/creator-platform/apps/ios/Tests/QelvoraUITests/NativeSnapshotTests.swift:60: error: -[QelvoraUITests.NativeSnapshotTests testComponentCatalogThemes] : failed - Snapshot "ReactionChip.night" does not match reference.
ios-foundation	Run swift test --package-path apps/ios	2026-10-01T03:16:11.1871850Z 
ios-foundation	Run swift test --package-path apps/ios	2026-10-01T03:16:11.1872000Z @−
ios-foundation	Run swift test --package-path apps/ios	2026-10-01T03:16:11.1872620Z "file:///Users/runner/work/creator-platform/creator-platform/apps/ios/Tests/QelvoraUITests/__Snapshots__/NativeSnapshotTests/testComponentCatalogThemes.ReactionChip-night.png"
ios-foundation	Run swift test --package-path apps/ios	2026-10-01T03:16:11.1873320Z @+
ios-foundation	Run swift test --package-path apps/ios	2026-10-01T03:16:11.1873890Z "file:///Users/runner/work/creator-platform/creator-platform/artifacts/ios/snapshots/NativeSnapshotTests/testComponentCatalogThemes.ReactionChip-night.png"
ios-foundation	Run swift test --package-path apps/ios	2026-10-01T03:16:11.1874460Z 
ios-foundation	Run swift test --package-path apps/ios	2026-10-01T03:16:11.1874690Z To configure output for a custom diff tool, use 'withSnapshotTesting'. For example:
ios-foundation	Run swift test --package-path apps/ios	2026-10-01T03:16:11.1875000Z 
ios-foundation	Run swift test --package-path apps/ios	2026-10-01T03:16:11.1875100Z     withSnapshotTesting(diffTool: .ksdiff) {
ios-foundation	Run swift test --package-path apps/ios	2026-10-01T03:16:11.1875410Z       // ...
ios-foundation	Run swift test --package-path apps/ios	2026-10-01T03:16:11.1875590Z     }
ios-foundation	Run swift test --package-path apps/ios	2026-10-01T03:16:11.1875720Z 
ios-foundation	Run swift test --package-path apps/ios	2026-10-01T03:16:11.1875850Z Newly-taken snapshot does not match reference.
ios-foundation	Run swift test --package-path apps/ios	2026-10-01T03:16:11.1876790Z /Users/runner/work/creator-platform/creator-platform/apps/ios/Tests/QelvoraUITests/NativeSnapshotTests.swift:60: error: -[QelvoraUITests.NativeSnapshotTests testComponentCatalogThemes] : failed - Snapshot "CitationChip.night" does not match reference.
ios-foundation	Run swift test --package-path apps/ios	2026-10-01T03:16:11.1877550Z 
ios-foundation	Run swift test --package-path apps/ios	2026-10-01T03:16:11.1877660Z @−
ios-foundation	Run swift test --package-path apps/ios	2026-10-01T03:16:11.1878290Z "file:///Users/runner/work/creator-platform/creator-platform/apps/ios/Tests/QelvoraUITests/__Snapshots__/NativeSnapshotTests/testComponentCatalogThemes.CitationChip-night.png"
ios-foundation	Run swift test --package-path apps/ios	2026-10-01T03:16:11.1878970Z @+
ios-foundation	Run swift test --package-path apps/ios	2026-10-01T03:16:11.1879550Z "file:///Users/runner/work/creator-platform/creator-platform/artifacts/ios/snapshots/NativeSnapshotTests/testComponentCatalogThemes.CitationChip-night.png"
ios-foundation	Run swift test --package-path apps/ios	2026-10-01T03:16:11.1880100Z 
ios-foundation	Run swift test --package-path apps/ios	2026-10-01T03:16:11.1880340Z To configure output for a custom diff tool, use 'withSnapshotTesting'. For example:
ios-foundation	Run swift test --package-path apps/ios	2026-10-01T03:16:11.1880610Z 
ios-foundation	Run swift test --package-path apps/ios	2026-10-01T03:16:11.1880750Z     withSnapshotTesting(diffTool: .ksdiff) {
ios-foundation	Run swift test --package-path apps/ios	2026-10-01T03:16:11.1881060Z       // ...
ios-foundation	Run swift test --package-path apps/ios	2026-10-01T03:16:11.1881240Z     }
ios-foundation	Run swift test --package-path apps/ios	2026-10-01T03:16:11.1881370Z 
ios-foundation	Run swift test --package-path apps/ios	2026-10-01T03:16:11.1881500Z Newly-taken snapshot does not match reference.
ios-foundation	Run swift test --package-path apps/ios	2026-10-01T03:16:11.1882420Z /Users/runner/work/creator-platform/creator-platform/apps/ios/Tests/QelvoraUITests/NativeSnapshotTests.swift:60: error: -[QelvoraUITests.NativeSnapshotTests testComponentCatalogThemes] : failed - Snapshot "MemoryChip.night" does not match reference.
ios-foundation	Run swift test --package-path apps/ios	2026-10-01T03:16:11.1883230Z 
ios-foundation	Run swift test --package-path apps/ios	2026-10-01T03:16:11.1883350Z @−
ios-foundation	Run swift test --package-path apps/ios	2026-10-01T03:16:11.1883940Z "file:///Users/runner/work/creator-platform/creator-platform/apps/ios/Tests/QelvoraUITests/__Snapshots__/NativeSnapshotTests/testComponentCatalogThemes.MemoryChip-night.png"
ios-foundation	Run swift test --package-path apps/ios	2026-10-01T03:16:11.1885020Z @+
ios-foundation	Run swift test --package-path apps/ios	2026-10-01T03:16:11.1885580Z "file:///Users/runner/work/creator-platform/creator-platform/artifacts/ios/snapshots/NativeSnapshotTests/testComponentCatalogThemes.MemoryChip-night.png"
ios-foundation	Run swift test --package-path apps/ios	2026-10-01T03:16:11.1886440Z 
ios-foundation	Run swift test --package-path apps/ios	2026-10-01T03:16:11.1886690Z To configure output for a custom diff tool, use 'withSnapshotTesting'. For example:
ios-foundation	Run swift test --package-path apps/ios	2026-10-01T03:16:11.1887020Z 
ios-foundation	Run swift test --package-path apps/ios	2026-10-01T03:16:11.1887140Z     withSnapshotTesting(diffTool: .ksdiff) {
ios-foundation	Run swift test --package-path apps/ios	2026-10-01T03:16:11.1887410Z       // ...
ios-foundation	Run swift test --package-path apps/ios	2026-10-01T03:16:11.1887620Z     }
ios-foundation	Run swift test --package-path apps/ios	2026-10-01T03:16:11.1887740Z 
ios-foundation	Run swift test --package-path apps/ios	2026-10-01T03:16:11.1887840Z Newly-taken snapshot does not match reference.
ios-foundation	Run swift test --package-path apps/ios	2026-10-01T03:16:11.1888850Z /Users/runner/work/creator-platform/creator-platform/apps/ios/Tests/QelvoraUITests/NativeSnapshotTests.swift:60: error: -[QelvoraUITests.NativeSnapshotTests testComponentCatalogThemes] : failed - Snapshot "Correction.night" does not match reference.
ios-foundation	Run swift test --package-path apps/ios	2026-10-01T03:16:11.1889760Z 
ios-foundation	Run swift test --package-path apps/ios	2026-10-01T03:16:11.1889930Z @−
ios-foundation	Run swift test --package-path apps/ios	2026-10-01T03:16:11.1890850Z "file:///Users/runner/work/creator-platform/creator-platform/apps/ios/Tests/QelvoraUITests/__Snapshots__/NativeSnapshotTests/testComponentCatalogThemes.Correction-night.png"
ios-foundation	Run swift test --package-path apps/ios	2026-10-01T03:16:11.1891690Z @+
ios-foundation	Run swift test --package-path apps/ios	2026-10-01T03:16:11.1892230Z "file:///Users/runner/work/creator-platform/creator-platform/artifacts/ios/snapshots/NativeSnapshotTests/testComponentCatalogThemes.Correction-night.png"
ios-foundation	Run swift test --package-path apps/ios	2026-10-01T03:16:11.1892770Z 
ios-foundation	Run swift test --package-path apps/ios	2026-10-01T03:16:11.1893020Z To configure output for a custom diff tool, use 'withSnapshotTesting'. For example:
ios-foundation	Run swift test --package-path apps/ios	2026-10-01T03:16:11.1893330Z 
ios-foundation	Run swift test --package-path apps/ios	2026-10-01T03:16:11.1893480Z     withSnapshotTesting(diffTool: .ksdiff) {
ios-foundation	Run swift test --package-path apps/ios	2026-10-01T03:16:11.1893730Z       // ...
ios-foundation	Run swift test --package-path apps/ios	2026-10-01T03:16:11.1893950Z     }
ios-foundation	Run swift test --package-path apps/ios	2026-10-01T03:16:11.1894040Z 
ios-foundation	Run swift test --package-path apps/ios	2026-10-01T03:16:11.1894200Z Newly-taken snapshot does not match reference.
ios-foundation	Run swift test --package-path apps/ios	2026-10-01T03:16:11.1895220Z /Users/runner/work/creator-platform/creator-platform/apps/ios/Tests/QelvoraUITests/NativeSnapshotTests.swift:60: error: -[QelvoraUITests.NativeSnapshotTests testComponentCatalogThemes] : failed - Snapshot "ContextCard.night" does not match reference.
ios-foundation	Run swift test --package-path apps/ios	2026-10-01T03:16:11.1896020Z 
ios-foundation	Run swift test --package-path apps/ios	2026-10-01T03:16:11.1896130Z @−
ios-foundation	Run swift test --package-path apps/ios	2026-10-01T03:16:11.1896730Z "file:///Users/runner/work/creator-platform/creator-platform/apps/ios/Tests/QelvoraUITests/__Snapshots__/NativeSnapshotTests/testComponentCatalogThemes.ContextCard-night.png"
ios-foundation	Run swift test --package-path apps/ios	2026-10-01T03:16:11.1897410Z @+
ios-foundation	Run swift test --package-path apps/ios	2026-10-01T03:16:11.1897930Z "file:///Users/runner/work/creator-platform/creator-platform/artifacts/ios/snapshots/NativeSnapshotTests/testComponentCatalogThemes.ContextCard-night.png"
ios-foundation	Run swift test --package-path apps/ios	2026-10-01T03:16:11.1898650Z 
ios-foundation	Run swift test --package-path apps/ios	2026-10-01T03:16:11.1898940Z To configure output for a custom diff tool, use 'withSnapshotTesting'. For example:
ios-foundation	Run swift test --package-path apps/ios	2026-10-01T03:16:11.1899220Z 
ios-foundation	Run swift test --package-path apps/ios	2026-10-01T03:16:11.1899340Z     withSnapshotTesting(diffTool: .ksdiff) {
ios-foundation	Run swift test --package-path apps/ios	2026-10-01T03:16:11.1899630Z       // ...
ios-foundation	Run swift test --package-path apps/ios	2026-10-01T03:16:11.1899800Z     }
ios-foundation	Run swift test --package-path apps/ios	2026-10-01T03:16:11.1899940Z 
ios-foundation	Run swift test --package-path apps/ios	2026-10-01T03:16:11.1900100Z Newly-taken snapshot does not match reference.
ios-foundation	Run swift test --package-path apps/ios	2026-10-01T03:16:11.1901010Z /Users/runner/work/creator-platform/creator-platform/apps/ios/Tests/QelvoraUITests/NativeSnapshotTests.swift:60: error: -[QelvoraUITests.NativeSnapshotTests testComponentCatalogThemes] : failed - Snapshot "VoiceNote.night" does not match reference.
ios-foundation	Run swift test --package-path apps/ios	2026-10-01T03:16:11.1901810Z 
ios-foundation	Run swift test --package-path apps/ios	2026-10-01T03:16:11.1901960Z @−
ios-foundation	Run swift test --package-path apps/ios	2026-10-01T03:16:11.1902620Z "file:///Users/runner/work/creator-platform/creator-platform/apps/ios/Tests/QelvoraUITests/__Snapshots__/NativeSnapshotTests/testComponentCatalogThemes.VoiceNote-night.png"
ios-foundation	Run swift test --package-path apps/ios	2026-10-01T03:16:11.1903350Z @+
ios-foundation	Run swift test --package-path apps/ios	2026-10-01T03:16:11.1903900Z "file:///Users/runner/work/creator-platform/creator-platform/artifacts/ios/snapshots/NativeSnapshotTests/testComponentCatalogThemes.VoiceNote-night.png"
ios-foundation	Run swift test --package-path apps/ios	2026-10-01T03:16:11.1904430Z 
ios-foundation	Run swift test --package-path apps/ios	2026-10-01T03:16:11.1904650Z To configure output for a custom diff tool, use 'withSnapshotTesting'. For example:
ios-foundation	Run swift test --package-path apps/ios	2026-10-01T03:16:11.1904940Z 
ios-foundation	Run swift test --package-path apps/ios	2026-10-01T03:16:11.1905510Z     withSnapshotTesting(diffTool: .ksdiff) {
ios-foundation	Run swift test --package-path apps/ios	2026-10-01T03:16:11.1905790Z       // ...
ios-foundation	Run swift test --package-path apps/ios	2026-10-01T03:16:11.1905980Z     }
ios-foundation	Run swift test --package-path apps/ios	2026-10-01T03:16:11.1906060Z 
ios-foundation	Run swift test --package-path apps/ios	2026-10-01T03:16:11.1906420Z Newly-taken snapshot does not match reference.
ios-foundation	Run swift test --package-path apps/ios	2026-10-01T03:16:11.1907370Z /Users/runner/work/creator-platform/creator-platform/apps/ios/Tests/QelvoraUITests/NativeSnapshotTests.swift:60: error: -[QelvoraUITests.NativeSnapshotTests testComponentCatalogThemes] : failed - Snapshot "Composer.night" does not match reference.
ios-foundation	Run swift test --package-path apps/ios	2026-10-01T03:16:11.1908160Z 
ios-foundation	Run swift test --package-path apps/ios	2026-10-01T03:16:11.1908240Z @−
ios-foundation	Run swift test --package-path apps/ios	2026-10-01T03:16:11.1908850Z "file:///Users/runner/work/creator-platform/creator-platform/apps/ios/Tests/QelvoraUITests/__Snapshots__/NativeSnapshotTests/testComponentCatalogThemes.Composer-night.png"
ios-foundation	Run swift test --package-path apps/ios	2026-10-01T03:16:11.1909480Z @+
ios-foundation	Run swift test --package-path apps/ios	2026-10-01T03:16:11.1910020Z "file:///Users/runner/work/creator-platform/creator-platform/artifacts/ios/snapshots/NativeSnapshotTests/testComponentCatalogThemes.Composer-night.png"
ios-foundation	Run swift test --package-path apps/ios	2026-10-01T03:16:11.1910570Z 
ios-foundation	Run swift test --package-path apps/ios	2026-10-01T03:16:11.1910850Z To configure output for a custom diff tool, use 'withSnapshotTesting'. For example:
ios-foundation	Run swift test --package-path apps/ios	2026-10-01T03:16:11.1911130Z 
ios-foundation	Run swift test --package-path apps/ios	2026-10-01T03:16:11.1911250Z     withSnapshotTesting(diffTool: .ksdiff) {
ios-foundation	Run swift test --package-path apps/ios	2026-10-01T03:16:11.1911540Z       // ...
ios-foundation	Run swift test --package-path apps/ios	2026-10-01T03:16:11.1911710Z     }
ios-foundation	Run swift test --package-path apps/ios	2026-10-01T03:16:11.1911820Z 
ios-foundation	Run swift test --package-path apps/ios	2026-10-01T03:16:11.1911940Z Newly-taken snapshot does not match reference.
ios-foundation	Run swift test --package-path apps/ios	2026-10-01T03:16:11.1912800Z /Users/runner/work/creator-platform/creator-platform/apps/ios/Tests/QelvoraUITests/NativeSnapshotTests.swift:60: error: -[QelvoraUITests.NativeSnapshotTests testComponentCatalogThemes] : failed - Snapshot "StepIn.night" does not match reference.
ios-foundation	Run swift test --package-path apps/ios	2026-10-01T03:16:11.1913580Z 
ios-foundation	Run swift test --package-path apps/ios	2026-10-01T03:16:11.1913690Z @−
ios-foundation	Run swift test --package-path apps/ios	2026-10-01T03:16:11.1914290Z "file:///Users/runner/work/creator-platform/creator-platform/apps/ios/Tests/QelvoraUITests/__Snapshots__/NativeSnapshotTests/testComponentCatalogThemes.StepIn-night.png"
ios-foundation	Run swift test --package-path apps/ios	2026-10-01T03:16:11.1914920Z @+
ios-foundation	Run swift test --package-path apps/ios	2026-10-01T03:16:11.1915470Z "file:///Users/runner/work/creator-platform/creator-platform/artifacts/ios/snapshots/NativeSnapshotTests/testComponentCatalogThemes.StepIn-night.png"
ios-foundation	Run swift test --package-path apps/ios	2026-10-01T03:16:11.1916040Z 
ios-foundation	Run swift test --package-path apps/ios	2026-10-01T03:16:11.1916230Z To configure output for a custom diff tool, use 'withSnapshotTesting'. For example:
ios-foundation	Run swift test --package-path apps/ios	2026-10-01T03:16:11.1916530Z 
ios-foundation	Run swift test --package-path apps/ios	2026-10-01T03:16:11.1916660Z     withSnapshotTesting(diffTool: .ksdiff) {
ios-foundation	Run swift test --package-path apps/ios	2026-10-01T03:16:11.1916900Z       // ...
ios-foundation	Run swift test --package-path apps/ios	2026-10-01T03:16:11.1917100Z     }
ios-foundation	Run swift test --package-path apps/ios	2026-10-01T03:16:11.1917220Z 
ios-foundation	Run swift test --package-path apps/ios	2026-10-01T03:16:11.1917350Z Newly-taken snapshot does not match reference.
ios-foundation	Run swift test --package-path apps/ios	2026-10-01T03:16:11.1918520Z /Users/runner/work/creator-platform/creator-platform/apps/ios/Tests/QelvoraUITests/NativeSnapshotTests.swift:60: error: -[QelvoraUITests.NativeSnapshotTests testComponentCatalogThemes] : failed - Snapshot "AccessLines.night" does not match reference.
ios-foundation	Run swift test --package-path apps/ios	2026-10-01T03:16:11.1920190Z 
ios-foundation	Run swift test --package-path apps/ios	2026-10-01T03:16:11.1920390Z @−
ios-foundation	Run swift test --package-path apps/ios	2026-10-01T03:16:11.1921120Z "file:///Users/runner/work/creator-platform/creator-platform/apps/ios/Tests/QelvoraUITests/__Snapshots__/NativeSnapshotTests/testComponentCatalogThemes.AccessLines-night.png"
ios-foundation	Run swift test --package-path apps/ios	2026-10-01T03:16:11.1921840Z @+
ios-foundation	Run swift test --package-path apps/ios	2026-10-01T03:16:11.1922480Z "file:///Users/runner/work/creator-platform/creator-platform/artifacts/ios/snapshots/NativeSnapshotTests/testComponentCatalogThemes.AccessLines-night.png"
ios-foundation	Run swift test --package-path apps/ios	2026-10-01T03:16:11.1923220Z 
ios-foundation	Run swift test --package-path apps/ios	2026-10-01T03:16:11.1923480Z To configure output for a custom diff tool, use 'withSnapshotTesting'. For example:
ios-foundation	Run swift test --package-path apps/ios	2026-10-01T03:16:11.1923780Z 
ios-foundation	Run swift test --package-path apps/ios	2026-10-01T03:16:11.1923920Z     withSnapshotTesting(diffTool: .ksdiff) {
ios-foundation	Run swift test --package-path apps/ios	2026-10-01T03:16:11.1924170Z       // ...
ios-foundation	Run swift test --package-path apps/ios	2026-10-01T03:16:11.1924380Z     }
ios-foundation	Run swift test --package-path apps/ios	2026-10-01T03:16:11.1924460Z 
ios-foundation	Run swift test --package-path apps/ios	2026-10-01T03:16:11.1924580Z Newly-taken snapshot does not match reference.
ios-foundation	Run swift test --package-path apps/ios	2026-10-01T03:16:11.1925480Z /Users/runner/work/creator-platform/creator-platform/apps/ios/Tests/QelvoraUITests/NativeSnapshotTests.swift:60: error: -[QelvoraUITests.NativeSnapshotTests testComponentCatalogThemes] : failed - Snapshot "ModeList.night" does not match reference.
ios-foundation	Run swift test --package-path apps/ios	2026-10-01T03:16:11.1927020Z 
ios-foundation	Run swift test --package-path apps/ios	2026-10-01T03:16:11.1927110Z @−
ios-foundation	Run swift test --package-path apps/ios	2026-10-01T03:16:11.1927730Z "file:///Users/runner/work/creator-platform/creator-platform/apps/ios/Tests/QelvoraUITests/__Snapshots__/NativeSnapshotTests/testComponentCatalogThemes.ModeList-night.png"
ios-foundation	Run swift test --package-path apps/ios	2026-10-01T03:16:11.1928610Z @+
ios-foundation	Run swift test --package-path apps/ios	2026-10-01T03:16:11.1929140Z "file:///Users/runner/work/creator-platform/creator-platform/artifacts/ios/snapshots/NativeSnapshotTests/testComponentCatalogThemes.ModeList-night.png"
ios-foundation	Run swift test --package-path apps/ios	2026-10-01T03:16:11.1929670Z 
ios-foundation	Run swift test --package-path apps/ios	2026-10-01T03:16:11.1929850Z To configure output for a custom diff tool, use 'withSnapshotTesting'. For example:
ios-foundation	Run swift test --package-path apps/ios	2026-10-01T03:16:11.1930170Z 
ios-foundation	Run swift test --package-path apps/ios	2026-10-01T03:16:11.1930300Z     withSnapshotTesting(diffTool: .ksdiff) {
ios-foundation	Run swift test --package-path apps/ios	2026-10-01T03:16:11.1930600Z       // ...
ios-foundation	Run swift test --package-path apps/ios	2026-10-01T03:16:11.1930820Z     }
ios-foundation	Run swift test --package-path apps/ios	2026-10-01T03:16:11.1930900Z 
ios-foundation	Run swift test --package-path apps/ios	2026-10-01T03:16:11.1931030Z Newly-taken snapshot does not match reference.
ios-foundation	Run swift test --package-path apps/ios	2026-10-01T03:16:11.1931950Z /Users/runner/work/creator-platform/creator-platform/apps/ios/Tests/QelvoraUITests/NativeSnapshotTests.swift:60: error: -[QelvoraUITests.NativeSnapshotTests testComponentCatalogThemes] : failed - Snapshot "IncludeList.night" does not match reference.
ios-foundation	Run swift test --package-path apps/ios	2026-10-01T03:16:11.1932770Z 
ios-foundation	Run swift test --package-path apps/ios	2026-10-01T03:16:11.1932850Z @−
ios-foundation	Run swift test --package-path apps/ios	2026-10-01T03:16:11.1933460Z "file:///Users/runner/work/creator-platform/creator-platform/apps/ios/Tests/QelvoraUITests/__Snapshots__/NativeSnapshotTests/testComponentCatalogThemes.IncludeList-night.png"
ios-foundation	Run swift test --package-path apps/ios	2026-10-01T03:16:11.1934130Z @+
ios-foundation	Run swift test --package-path apps/ios	2026-10-01T03:16:11.1934660Z "file:///Users/runner/work/creator-platform/creator-platform/artifacts/ios/snapshots/NativeSnapshotTests/testComponentCatalogThemes.IncludeList-night.png"
ios-foundation	Run swift test --package-path apps/ios	2026-10-01T03:16:11.1935290Z 
ios-foundation	Run swift test --package-path apps/ios	2026-10-01T03:16:11.1935520Z To configure output for a custom diff tool, use 'withSnapshotTesting'. For example:
ios-foundation	Run swift test --package-path apps/ios	2026-10-01T03:16:11.1935830Z 
ios-foundation	Run swift test --package-path apps/ios	2026-10-01T03:16:11.1935920Z     withSnapshotTesting(diffTool: .ksdiff) {
ios-foundation	Run swift test --package-path apps/ios	2026-10-01T03:16:11.1936200Z       // ...
ios-foundation	Run swift test --package-path apps/ios	2026-10-01T03:16:11.1936370Z     }
ios-foundation	Run swift test --package-path apps/ios	2026-10-01T03:16:11.1936480Z 
ios-foundation	Run swift test --package-path apps/ios	2026-10-01T03:16:11.1936620Z Newly-taken snapshot does not match reference.
ios-foundation	Run swift test --package-path apps/ios	2026-10-01T03:16:11.1937590Z /Users/runner/work/creator-platform/creator-platform/apps/ios/Tests/QelvoraUITests/NativeSnapshotTests.swift:60: error: -[QelvoraUITests.NativeSnapshotTests testComponentCatalogThemes] : failed - Snapshot "TermsBlock.night" does not match reference.
ios-foundation	Run swift test --package-path apps/ios	2026-10-01T03:16:11.1938380Z 
ios-foundation	Run swift test --package-path apps/ios	2026-10-01T03:16:11.1938490Z @−
ios-foundation	Run swift test --package-path apps/ios	2026-10-01T03:16:11.1939360Z "file:///Users/runner/work/creator-platform/creator-platform/apps/ios/Tests/QelvoraUITests/__Snapshots__/NativeSnapshotTests/testComponentCatalogThemes.TermsBlock-night.png"
ios-foundation	Run swift test --package-path apps/ios	2026-10-01T03:16:11.1940090Z @+
ios-foundation	Run swift test --package-path apps/ios	2026-10-01T03:16:11.1940660Z "file:///Users/runner/work/creator-platform/creator-platform/artifacts/ios/snapshots/NativeSnapshotTests/testComponentCatalogThemes.TermsBlock-night.png"
ios-foundation	Run swift test --package-path apps/ios	2026-10-01T03:16:11.1941190Z 
ios-foundation	Run swift test --package-path apps/ios	2026-10-01T03:16:11.1941380Z To configure output for a custom diff tool, use 'withSnapshotTesting'. For example:
ios-foundation	Run swift test --package-path apps/ios	2026-10-01T03:16:11.1941680Z 
ios-foundation	Run swift test --package-path apps/ios	2026-10-01T03:16:11.1941820Z     withSnapshotTesting(diffTool: .ksdiff) {
ios-foundation	Run swift test --package-path apps/ios	2026-10-01T03:16:11.1942200Z       // ...
ios-foundation	Run swift test --package-path apps/ios	2026-10-01T03:16:11.1942410Z     }
ios-foundation	Run swift test --package-path apps/ios	2026-10-01T03:16:11.1942550Z 
ios-foundation	Run swift test --package-path apps/ios	2026-10-01T03:16:11.1942730Z Newly-taken snapshot does not match reference.
ios-foundation	Run swift test --package-path apps/ios	2026-10-01T03:16:11.1943780Z /Users/runner/work/creator-platform/creator-platform/apps/ios/Tests/QelvoraUITests/NativeSnapshotTests.swift:60: error: -[QelvoraUITests.NativeSnapshotTests testComponentCatalogThemes] : failed - Snapshot "EtaLine.night" does not match reference.
ios-foundation	Run swift test --package-path apps/ios	2026-10-01T03:16:11.1944690Z 
ios-foundation	Run swift test --package-path apps/ios	2026-10-01T03:16:11.1944820Z @−
ios-foundation	Run swift test --package-path apps/ios	2026-10-01T03:16:11.1945390Z "file:///Users/runner/work/creator-platform/creator-platform/apps/ios/Tests/QelvoraUITests/__Snapshots__/NativeSnapshotTests/testComponentCatalogThemes.EtaLine-night.png"
ios-foundation	Run swift test --package-path apps/ios	2026-10-01T03:16:11.1946050Z @+
ios-foundation	Run swift test --package-path apps/ios	2026-10-01T03:16:11.1946670Z "file:///Users/runner/work/creator-platform/creator-platform/artifacts/ios/snapshots/NativeSnapshotTests/testComponentCatalogThemes.EtaLine-night.png"
ios-foundation	Run swift test --package-path apps/ios	2026-10-01T03:16:11.1947170Z 
ios-foundation	Run swift test --package-path apps/ios	2026-10-01T03:16:11.1947400Z To configure output for a custom diff tool, use 'withSnapshotTesting'. For example:
ios-foundation	Run swift test --package-path apps/ios	2026-10-01T03:16:11.1948050Z 
ios-foundation	Run swift test --package-path apps/ios	2026-10-01T03:16:11.1948190Z     withSnapshotTesting(diffTool: .ksdiff) {
ios-foundation	Run swift test --package-path apps/ios	2026-10-01T03:16:11.1948700Z       // ...
ios-foundation	Run swift test --package-path apps/ios	2026-10-01T03:16:11.1948940Z     }
ios-foundation	Run swift test --package-path apps/ios	2026-10-01T03:16:11.1949080Z 
ios-foundation	Run swift test --package-path apps/ios	2026-10-01T03:16:11.1949200Z Newly-taken snapshot does not match reference.
ios-foundation	Run swift test --package-path apps/ios	2026-10-01T03:16:14.1837230Z /Users/runner/work/creator-platform/creator-platform/apps/ios/Tests/QelvoraUITests/NativeSnapshotTests.swift:60: error: -[QelvoraUITests.NativeSnapshotTests testComponentCatalogThemes] : failed - Snapshot "RequestStatus.night" does not match reference.
ios-foundation	Run swift test --package-path apps/ios	2026-10-01T03:16:14.1838360Z 
ios-foundation	Run swift test --package-path apps/ios	2026-10-01T03:16:14.1839650Z @−
ios-foundation	Run swift test --package-path apps/ios	2026-10-01T03:16:14.1840320Z "file:///Users/runner/work/creator-platform/creator-platform/apps/ios/Tests/QelvoraUITests/__Snapshots__/NativeSnapshotTests/testComponentCatalogThemes.RequestStatus-night.png"
ios-foundation	Run swift test --package-path apps/ios	2026-10-01T03:16:14.1841020Z @+
ios-foundation	Run swift test --package-path apps/ios	2026-10-01T03:16:14.1841690Z "file:///Users/runner/work/creator-platform/creator-platform/artifacts/ios/snapshots/NativeSnapshotTests/testComponentCatalogThemes.RequestStatus-night.png"
ios-foundation	Run swift test --package-path apps/ios	2026-10-01T03:16:14.1842290Z 
ios-foundation	Run swift test --package-path apps/ios	2026-10-01T03:16:14.1842740Z To configure output for a custom diff tool, use 'withSnapshotTesting'. For example:
ios-foundation	Run swift test --package-path apps/ios	2026-10-01T03:16:14.1843440Z 
ios-foundation	Run swift test --package-path apps/ios	2026-10-01T03:16:14.1865070Z     withSnapshotTesting(diffTool: .ksdiff) {
ios-foundation	Run swift test --package-path apps/ios	2026-10-01T03:16:14.1866190Z       // ...
ios-foundation	Run swift test --package-path apps/ios	2026-10-01T03:16:14.1866480Z     }
ios-foundation	Run swift test --package-path apps/ios	2026-10-01T03:16:14.1866620Z 
ios-foundation	Run swift test --package-path apps/ios	2026-10-01T03:16:14.1866780Z Newly-taken snapshot does not match reference.
ios-foundation	Run swift test --package-path apps/ios	2026-10-01T03:16:14.1867700Z /Users/runner/work/creator-platform/creator-platform/apps/ios/Tests/QelvoraUITests/NativeSnapshotTests.swift:60: error: -[QelvoraUITests.NativeSnapshotTests testComponentCatalogThemes] : failed - Snapshot "Receipt.night" does not match reference.
ios-foundation	Run swift test --package-path apps/ios	2026-10-01T03:16:14.1868530Z 
ios-foundation	Run swift test --package-path apps/ios	2026-10-01T03:16:14.1868780Z @−
ios-foundation	Run swift test --package-path apps/ios	2026-10-01T03:16:14.1869480Z "file:///Users/runner/work/creator-platform/creator-platform/apps/ios/Tests/QelvoraUITests/__Snapshots__/NativeSnapshotTests/testComponentCatalogThemes.Receipt-night.png"
ios-foundation	Run swift test --package-path apps/ios	2026-10-01T03:16:14.1870290Z @+
ios-foundation	Run swift test --package-path apps/ios	2026-10-01T03:16:14.1870880Z "file:///Users/runner/work/creator-platform/creator-platform/artifacts/ios/snapshots/NativeSnapshotTests/testComponentCatalogThemes.Receipt-night.png"
ios-foundation	Run swift test --package-path apps/ios	2026-10-01T03:16:14.1871370Z 
ios-foundation	Run swift test --package-path apps/ios	2026-10-01T03:16:14.1871560Z To configure output for a custom diff tool, use 'withSnapshotTesting'. For example:
ios-foundation	Run swift test --package-path apps/ios	2026-10-01T03:16:14.1871870Z 
ios-foundation	Run swift test --package-path apps/ios	2026-10-01T03:16:14.1871990Z     withSnapshotTesting(diffTool: .ksdiff) {
ios-foundation	Run swift test --package-path apps/ios	2026-10-01T03:16:14.1872250Z       // ...
ios-foundation	Run swift test --package-path apps/ios	2026-10-01T03:16:14.1872380Z     }
ios-foundation	Run swift test --package-path apps/ios	2026-10-01T03:16:14.1872450Z 
ios-foundation	Run swift test --package-path apps/ios	2026-10-01T03:16:14.1872540Z Newly-taken snapshot does not match reference.
ios-foundation	Run swift test --package-path apps/ios	2026-10-01T03:16:14.1873370Z /Users/runner/work/creator-platform/creator-platform/apps/ios/Tests/QelvoraUITests/NativeSnapshotTests.swift:60: error: -[QelvoraUITests.NativeSnapshotTests testComponentCatalogThemes] : failed - Snapshot "SpendLimit.night" does not match reference.
ios-foundation	Run swift test --package-path apps/ios	2026-10-01T03:16:14.1874130Z 
ios-foundation	Run swift test --package-path apps/ios	2026-10-01T03:16:14.1874210Z @−
ios-foundation	Run swift test --package-path apps/ios	2026-10-01T03:16:14.1874850Z "file:///Users/runner/work/creator-platform/creator-platform/apps/ios/Tests/QelvoraUITests/__Snapshots__/NativeSnapshotTests/testComponentCatalogThemes.SpendLimit-night.png"
ios-foundation	Run swift test --package-path apps/ios	2026-10-01T03:16:14.1875450Z @+
ios-foundation	Run swift test --package-path apps/ios	2026-10-01T03:16:14.1875920Z "file:///Users/runner/work/creator-platform/creator-platform/artifacts/ios/snapshots/NativeSnapshotTests/testComponentCatalogThemes.SpendLimit-night.png"
ios-foundation	Run swift test --package-path apps/ios	2026-10-01T03:16:14.1876550Z 
ios-foundation	Run swift test --package-path apps/ios	2026-10-01T03:16:14.1876780Z To configure output for a custom diff tool, use 'withSnapshotTesting'. For example:
ios-foundation	Run swift test --package-path apps/ios	2026-10-01T03:16:14.1877080Z 
ios-foundation	Run swift test --package-path apps/ios	2026-10-01T03:16:14.1877160Z     withSnapshotTesting(diffTool: .ksdiff) {
ios-foundation	Run swift test --package-path apps/ios	2026-10-01T03:16:14.1877390Z       // ...
ios-foundation	Run swift test --package-path apps/ios	2026-10-01T03:16:14.1877560Z     }
ios-foundation	Run swift test --package-path apps/ios	2026-10-01T03:16:14.1877650Z 
ios-foundation	Run swift test --package-path apps/ios	2026-10-01T03:16:14.1877760Z Newly-taken snapshot does not match reference.
ios-foundation	Run swift test --package-path apps/ios	2026-10-01T03:16:14.1878640Z /Users/runner/work/creator-platform/creator-platform/apps/ios/Tests/QelvoraUITests/NativeSnapshotTests.swift:60: error: -[QelvoraUITests.NativeSnapshotTests testComponentCatalogThemes] : failed - Snapshot "QueueCard.night" does not match reference.
ios-foundation	Run swift test --package-path apps/ios	2026-10-01T03:16:14.1887270Z 
ios-foundation	Run swift test --package-path apps/ios	2026-10-01T03:16:14.1887670Z @−
ios-foundation	Run swift test --package-path apps/ios	2026-10-01T03:16:14.1889180Z "file:///Users/runner/work/creator-platform/creator-platform/apps/ios/Tests/QelvoraUITests/__Snapshots__/NativeSnapshotTests/testComponentCatalogThemes.QueueCard-night.png"
ios-foundation	Run swift test --package-path apps/ios	2026-10-01T03:16:14.1892180Z @+
ios-foundation	Run swift test --package-path apps/ios	2026-10-01T03:16:14.1893510Z "file:///Users/runner/work/creator-platform/creator-platform/artifacts/ios/snapshots/NativeSnapshotTests/testComponentCatalogThemes.QueueCard-night.png"
ios-foundation	Run swift test --package-path apps/ios	2026-10-01T03:16:14.1894750Z 
ios-foundation	Run swift test --package-path apps/ios	2026-10-01T03:16:14.1894960Z To configure output for a custom diff tool, use 'withSnapshotTesting'. For example:
ios-foundation	Run swift test --package-path apps/ios	2026-10-01T03:16:14.1895240Z 
ios-foundation	Run swift test --package-path apps/ios	2026-10-01T03:16:14.1895320Z     withSnapshotTesting(diffTool: .ksdiff) {
ios-foundation	Run swift test --package-path apps/ios	2026-10-01T03:16:14.1895520Z       // ...
ios-foundation	Run swift test --package-path apps/ios	2026-10-01T03:16:14.1895650Z     }
ios-foundation	Run swift test --package-path apps/ios	2026-10-01T03:16:14.1895720Z 
ios-foundation	Run swift test --package-path apps/ios	2026-10-01T03:16:14.1895810Z Newly-taken snapshot does not match reference.
ios-foundation	Run swift test --package-path apps/ios	2026-10-01T03:16:14.1896920Z /Users/runner/work/creator-platform/creator-platform/apps/ios/Tests/QelvoraUITests/NativeSnapshotTests.swift:60: error: -[QelvoraUITests.NativeSnapshotTests testComponentCatalogThemes] : failed - Snapshot "CapacityHeader.night" does not match reference.
ios-foundation	Run swift test --package-path apps/ios	2026-10-01T03:16:14.1897840Z 
ios-foundation	Run swift test --package-path apps/ios	2026-10-01T03:16:14.1898040Z @−
ios-foundation	Run swift test --package-path apps/ios	2026-10-01T03:16:14.1898660Z "file:///Users/runner/work/creator-platform/creator-platform/apps/ios/Tests/QelvoraUITests/__Snapshots__/NativeSnapshotTests/testComponentCatalogThemes.CapacityHeader-night.png"
ios-foundation	Run swift test --package-path apps/ios	2026-10-01T03:16:14.1899280Z @+
ios-foundation	Run swift test --package-path apps/ios	2026-10-01T03:16:14.1899780Z "file:///Users/runner/work/creator-platform/creator-platform/artifacts/ios/snapshots/NativeSnapshotTests/testComponentCatalogThemes.CapacityHeader-night.png"
ios-foundation	Run swift test --package-path apps/ios	2026-10-01T03:16:14.1900290Z 
ios-foundation	Run swift test --package-path apps/ios	2026-10-01T03:16:14.1900470Z To configure output for a custom diff tool, use 'withSnapshotTesting'. For example:
ios-foundation	Run swift test --package-path apps/ios	2026-10-01T03:16:14.1900750Z 
ios-foundation	Run swift test --package-path apps/ios	2026-10-01T03:16:14.1900840Z     withSnapshotTesting(diffTool: .ksdiff) {
ios-foundation	Run swift test --package-path apps/ios	2026-10-01T03:16:14.1901070Z       // ...
ios-foundation	Run swift test --package-path apps/ios	2026-10-01T03:16:14.1901210Z     }
ios-foundation	Run swift test --package-path apps/ios	2026-10-01T03:16:14.1901280Z 
ios-foundation	Run swift test --package-path apps/ios	2026-10-01T03:16:14.1901370Z Newly-taken snapshot does not match reference.
ios-foundation	Run swift test --package-path apps/ios	2026-10-01T03:16:14.1902250Z /Users/runner/work/creator-platform/creator-platform/apps/ios/Tests/QelvoraUITests/NativeSnapshotTests.swift:60: error: -[QelvoraUITests.NativeSnapshotTests testComponentCatalogThemes] : failed - Snapshot "LabelPreview.night" does not match reference.
ios-foundation	Run swift test --package-path apps/ios	2026-10-01T03:16:14.1903110Z 
ios-foundation	Run swift test --package-path apps/ios	2026-10-01T03:16:14.1903160Z @−
ios-foundation	Run swift test --package-path apps/ios	2026-10-01T03:16:14.1903700Z "file:///Users/runner/work/creator-platform/creator-platform/apps/ios/Tests/QelvoraUITests/__Snapshots__/NativeSnapshotTests/testComponentCatalogThemes.LabelPreview-night.png"
ios-foundation	Run swift test --package-path apps/ios	2026-10-01T03:16:14.1904400Z @+
ios-foundation	Run swift test --package-path apps/ios	2026-10-01T03:16:14.1904990Z "file:///Users/runner/work/creator-platform/creator-platform/artifacts/ios/snapshots/NativeSnapshotTests/testComponentCatalogThemes.LabelPreview-night.png"
ios-foundation	Run swift test --package-path apps/ios	2026-10-01T03:16:14.1905600Z 
ios-foundation	Run swift test --package-path apps/ios	2026-10-01T03:16:14.1905840Z To configure output for a custom diff tool, use 'withSnapshotTesting'. For example:
ios-foundation	Run swift test --package-path apps/ios	2026-10-01T03:16:14.1906170Z 
ios-foundation	Run swift test --package-path apps/ios	2026-10-01T03:16:14.1906260Z     withSnapshotTesting(diffTool: .ksdiff) {
ios-foundation	Run swift test --package-path apps/ios	2026-10-01T03:16:14.1906500Z       // ...
ios-foundation	Run swift test --package-path apps/ios	2026-10-01T03:16:14.1906690Z     }
ios-foundation	Run swift test --package-path apps/ios	2026-10-01T03:16:14.1906810Z 
ios-foundation	Run swift test --package-path apps/ios	2026-10-01T03:16:14.1906950Z Newly-taken snapshot does not match reference.
ios-foundation	Run swift test --package-path apps/ios	2026-10-01T03:16:14.1907870Z /Users/runner/work/creator-platform/creator-platform/apps/ios/Tests/QelvoraUITests/NativeSnapshotTests.swift:60: error: -[QelvoraUITests.NativeSnapshotTests testComponentCatalogThemes] : failed - Snapshot "SigningSheet.night" does not match reference.
ios-foundation	Run swift test --package-path apps/ios	2026-10-01T03:16:14.1908740Z 
ios-foundation	Run swift test --package-path apps/ios	2026-10-01T03:16:14.1908820Z @−
ios-foundation	Run swift test --package-path apps/ios	2026-10-01T03:16:14.1909360Z "file:///Users/runner/work/creator-platform/creator-platform/apps/ios/Tests/QelvoraUITests/__Snapshots__/NativeSnapshotTests/testComponentCatalogThemes.SigningSheet-night.png"
ios-foundation	Run swift test --package-path apps/ios	2026-10-01T03:16:14.1910030Z @+
ios-foundation	Run swift test --package-path apps/ios	2026-10-01T03:16:14.1910530Z "file:///Users/runner/work/creator-platform/creator-platform/artifacts/ios/snapshots/NativeSnapshotTests/testComponentCatalogThemes.SigningSheet-night.png"
ios-foundation	Run swift test --package-path apps/ios	2026-10-01T03:16:14.1911510Z 
ios-foundation	Run swift test --package-path apps/ios	2026-10-01T03:16:14.1911690Z To configure output for a custom diff tool, use 'withSnapshotTesting'. For example:
ios-foundation	Run swift test --package-path apps/ios	2026-10-01T03:16:14.1912130Z 
ios-foundation	Run swift test --package-path apps/ios	2026-10-01T03:16:14.1912220Z     withSnapshotTesting(diffTool: .ksdiff) {
ios-foundation	Run swift test --package-path apps/ios	2026-10-01T03:16:14.1912420Z       // ...
ios-foundation	Run swift test --package-path apps/ios	2026-10-01T03:16:14.1912550Z     }
ios-foundation	Run swift test --package-path apps/ios	2026-10-01T03:16:14.1912620Z 
ios-foundation	Run swift test --package-path apps/ios	2026-10-01T03:16:14.1912720Z Newly-taken snapshot does not match reference.
ios-foundation	Run swift test --package-path apps/ios	2026-10-01T03:16:14.1913550Z /Users/runner/work/creator-platform/creator-platform/apps/ios/Tests/QelvoraUITests/NativeSnapshotTests.swift:60: error: -[QelvoraUITests.NativeSnapshotTests testComponentCatalogThemes] : failed - Snapshot "AuditBanner.night" does not match reference.
ios-foundation	Run swift test --package-path apps/ios	2026-10-01T03:16:14.1914300Z 
ios-foundation	Run swift test --package-path apps/ios	2026-10-01T03:16:14.1914370Z @−
ios-foundation	Run swift test --package-path apps/ios	2026-10-01T03:16:14.1914900Z "file:///Users/runner/work/creator-platform/creator-platform/apps/ios/Tests/QelvoraUITests/__Snapshots__/NativeSnapshotTests/testComponentCatalogThemes.AuditBanner-night.png"
ios-foundation	Run swift test --package-path apps/ios	2026-10-01T03:16:14.1915480Z @+
ios-foundation	Run swift test --package-path apps/ios	2026-10-01T03:16:14.1915950Z "file:///Users/runner/work/creator-platform/creator-platform/artifacts/ios/snapshots/NativeSnapshotTests/testComponentCatalogThemes.AuditBanner-night.png"
ios-foundation	Run swift test --package-path apps/ios	2026-10-01T03:16:14.1916450Z 
ios-foundation	Run swift test --package-path apps/ios	2026-10-01T03:16:14.1916620Z To configure output for a custom diff tool, use 'withSnapshotTesting'. For example:
ios-foundation	Run swift test --package-path apps/ios	2026-10-01T03:16:14.1916870Z 
ios-foundation	Run swift test --package-path apps/ios	2026-10-01T03:16:14.1916960Z     withSnapshotTesting(diffTool: .ksdiff) {
ios-foundation	Run swift test --package-path apps/ios	2026-10-01T03:16:14.1917160Z       // ...
ios-foundation	Run swift test --package-path apps/ios	2026-10-01T03:16:14.1917290Z     }
ios-foundation	Run swift test --package-path apps/ios	2026-10-01T03:16:14.1917360Z 
ios-foundation	Run swift test --package-path apps/ios	2026-10-01T03:16:14.1917450Z Newly-taken snapshot does not match reference.
ios-foundation	Run swift test --package-path apps/ios	2026-10-01T03:16:14.1918270Z /Users/runner/work/creator-platform/creator-platform/apps/ios/Tests/QelvoraUITests/NativeSnapshotTests.swift:60: error: -[QelvoraUITests.NativeSnapshotTests testComponentCatalogThemes] : failed - Snapshot "SourceRow.night" does not match reference.
ios-foundation	Run swift test --package-path apps/ios	2026-10-01T03:16:14.1919010Z 
ios-foundation	Run swift test --package-path apps/ios	2026-10-01T03:16:14.1919070Z @−
ios-foundation	Run swift test --package-path apps/ios	2026-10-01T03:16:14.1919600Z "file:///Users/runner/work/creator-platform/creator-platform/apps/ios/Tests/QelvoraUITests/__Snapshots__/NativeSnapshotTests/testComponentCatalogThemes.SourceRow-night.png"
ios-foundation	Run swift test --package-path apps/ios	2026-10-01T03:16:14.1920170Z @+
ios-foundation	Run swift test --package-path apps/ios	2026-10-01T03:16:14.1920650Z "file:///Users/runner/work/creator-platform/creator-platform/artifacts/ios/snapshots/NativeSnapshotTests/testComponentCatalogThemes.SourceRow-night.png"
ios-foundation	Run swift test --package-path apps/ios	2026-10-01T03:16:14.1921130Z 
ios-foundation	Run swift test --package-path apps/ios	2026-10-01T03:16:14.1921300Z To configure output for a custom diff tool, use 'withSnapshotTesting'. For example:
ios-foundation	Run swift test --package-path apps/ios	2026-10-01T03:16:14.1921600Z 
ios-foundation	Run swift test --package-path apps/ios	2026-10-01T03:16:14.1921690Z     withSnapshotTesting(diffTool: .ksdiff) {
ios-foundation	Run swift test --package-path apps/ios	2026-10-01T03:16:14.1921890Z       // ...
ios-foundation	Run swift test --package-path apps/ios	2026-10-01T03:16:14.1922010Z     }
ios-foundation	Run swift test --package-path apps/ios	2026-10-01T03:16:14.1922080Z 
ios-foundation	Run swift test --package-path apps/ios	2026-10-01T03:16:14.1922170Z Newly-taken snapshot does not match reference.
ios-foundation	Run swift test --package-path apps/ios	2026-10-01T03:16:14.1923000Z /Users/runner/work/creator-platform/creator-platform/apps/ios/Tests/QelvoraUITests/NativeSnapshotTests.swift:60: error: -[QelvoraUITests.NativeSnapshotTests testComponentCatalogThemes] : failed - Snapshot "Button.night" does not match reference.
ios-foundation	Run swift test --package-path apps/ios	2026-10-01T03:16:14.1923740Z 
ios-foundation	Run swift test --package-path apps/ios	2026-10-01T03:16:14.1923820Z @−
ios-foundation	Run swift test --package-path apps/ios	2026-10-01T03:16:14.1924330Z "file:///Users/runner/work/creator-platform/creator-platform/apps/ios/Tests/QelvoraUITests/__Snapshots__/NativeSnapshotTests/testComponentCatalogThemes.Button-night.png"
ios-foundation	Run swift test --package-path apps/ios	2026-10-01T03:16:14.1924950Z @+
ios-foundation	Run swift test --package-path apps/ios	2026-10-01T03:16:14.1925450Z "file:///Users/runner/work/creator-platform/creator-platform/artifacts/ios/snapshots/NativeSnapshotTests/testComponentCatalogThemes.Button-night.png"
ios-foundation	Run swift test --package-path apps/ios	2026-10-01T03:16:14.1925920Z 
ios-foundation	Run swift test --package-path apps/ios	2026-10-01T03:16:14.1926090Z To configure output for a custom diff tool, use 'withSnapshotTesting'. For example:
ios-foundation	Run swift test --package-path apps/ios	2026-10-01T03:16:14.1926350Z 
ios-foundation	Run swift test --package-path apps/ios	2026-10-01T03:16:14.1926430Z     withSnapshotTesting(diffTool: .ksdiff) {
ios-foundation	Run swift test --package-path apps/ios	2026-10-01T03:16:14.1926630Z       // ...
ios-foundation	Run swift test --package-path apps/ios	2026-10-01T03:16:14.1926760Z     }
ios-foundation	Run swift test --package-path apps/ios	2026-10-01T03:16:14.1926830Z 
ios-foundation	Run swift test --package-path apps/ios	2026-10-01T03:16:14.1926920Z Newly-taken snapshot does not match reference.
ios-foundation	Run swift test --package-path apps/ios	2026-10-01T03:16:14.1928050Z /Users/runner/work/creator-platform/creator-platform/apps/ios/Tests/QelvoraUITests/NativeSnapshotTests.swift:60: error: -[QelvoraUITests.NativeSnapshotTests testComponentCatalogThemes] : failed - Snapshot "TabBar.night" does not match reference.
ios-foundation	Run swift test --package-path apps/ios	2026-10-01T03:16:14.1928900Z 
ios-foundation	Run swift test --package-path apps/ios	2026-10-01T03:16:14.1928960Z @−
ios-foundation	Run swift test --package-path apps/ios	2026-10-01T03:16:14.1929490Z "file:///Users/runner/work/creator-platform/creator-platform/apps/ios/Tests/QelvoraUITests/__Snapshots__/NativeSnapshotTests/testComponentCatalogThemes.TabBar-night.png"
ios-foundation	Run swift test --package-path apps/ios	2026-10-01T03:16:14.1930070Z @+
ios-foundation	Run swift test --package-path apps/ios	2026-10-01T03:16:14.1930520Z "file:///Users/runner/work/creator-platform/creator-platform/artifacts/ios/snapshots/NativeSnapshotTests/testComponentCatalogThemes.TabBar-night.png"
ios-foundation	Run swift test --package-path apps/ios	2026-10-01T03:16:14.1930990Z 
ios-foundation	Run swift test --package-path apps/ios	2026-10-01T03:16:14.1931170Z To configure output for a custom diff tool, use 'withSnapshotTesting'. For example:
ios-foundation	Run swift test --package-path apps/ios	2026-10-01T03:16:14.1931420Z 
ios-foundation	Run swift test --package-path apps/ios	2026-10-01T03:16:14.1931500Z     withSnapshotTesting(diffTool: .ksdiff) {
ios-foundation	Run swift test --package-path apps/ios	2026-10-01T03:16:14.1931700Z       // ...
ios-foundation	Run swift test --package-path apps/ios	2026-10-01T03:16:14.1931830Z     }
ios-foundation	Run swift test --package-path apps/ios	2026-10-01T03:16:14.1931910Z 
ios-foundation	Run swift test --package-path apps/ios	2026-10-01T03:16:14.1931990Z Newly-taken snapshot does not match reference.
ios-foundation	Run swift test --package-path apps/ios	2026-10-01T03:16:14.1932810Z /Users/runner/work/creator-platform/creator-platform/apps/ios/Tests/QelvoraUITests/NativeSnapshotTests.swift:60: error: -[QelvoraUITests.NativeSnapshotTests testComponentCatalogThemes] : failed - Snapshot "Segmented.night" does not match reference.
ios-foundation	Run swift test --package-path apps/ios	2026-10-01T03:16:14.1933550Z 
ios-foundation	Run swift test --package-path apps/ios	2026-10-01T03:16:14.1933620Z @−
ios-foundation	Run swift test --package-path apps/ios	2026-10-01T03:16:14.1934220Z "file:///Users/runner/work/creator-platform/creator-platform/apps/ios/Tests/QelvoraUITests/__Snapshots__/NativeSnapshotTests/testComponentCatalogThemes.Segmented-night.png"
ios-foundation	Run swift test --package-path apps/ios	2026-10-01T03:16:14.1934900Z @+
ios-foundation	Run swift test --package-path apps/ios	2026-10-01T03:16:14.1935400Z "file:///Users/runner/work/creator-platform/creator-platform/artifacts/ios/snapshots/NativeSnapshotTests/testComponentCatalogThemes.Segmented-night.png"
ios-foundation	Run swift test --package-path apps/ios	2026-10-01T03:16:14.1936000Z 
ios-foundation	Run swift test --package-path apps/ios	2026-10-01T03:16:14.1936220Z To configure output for a custom diff tool, use 'withSnapshotTesting'. For example:
ios-foundation	Run swift test --package-path apps/ios	2026-10-01T03:16:14.1936530Z 
ios-foundation	Run swift test --package-path apps/ios	2026-10-01T03:16:14.1936640Z     withSnapshotTesting(diffTool: .ksdiff) {
ios-foundation	Run swift test --package-path apps/ios	2026-10-01T03:16:14.1936890Z       // ...
ios-foundation	Run swift test --package-path apps/ios	2026-10-01T03:16:14.1937010Z     }
ios-foundation	Run swift test --package-path apps/ios	2026-10-01T03:16:14.1937080Z 
ios-foundation	Run swift test --package-path apps/ios	2026-10-01T03:16:14.1937180Z Newly-taken snapshot does not match reference.
ios-foundation	Run swift test --package-path apps/ios	2026-10-01T03:16:14.1937990Z /Users/runner/work/creator-platform/creator-platform/apps/ios/Tests/QelvoraUITests/NativeSnapshotTests.swift:60: error: -[QelvoraUITests.NativeSnapshotTests testComponentCatalogThemes] : failed - Snapshot "Notice.night" does not match reference.
ios-foundation	Run swift test --package-path apps/ios	2026-10-01T03:16:14.1938720Z 
ios-foundation	Run swift test --package-path apps/ios	2026-10-01T03:16:14.1938780Z @−
ios-foundation	Run swift test --package-path apps/ios	2026-10-01T03:16:14.1939390Z "file:///Users/runner/work/creator-platform/creator-platform/apps/ios/Tests/QelvoraUITests/__Snapshots__/NativeSnapshotTests/testComponentCatalogThemes.Notice-night.png"
ios-foundation	Run swift test --package-path apps/ios	2026-10-01T03:16:14.1939950Z @+
ios-foundation	Run swift test --package-path apps/ios	2026-10-01T03:16:14.1940410Z "file:///Users/runner/work/creator-platform/creator-platform/artifacts/ios/snapshots/NativeSnapshotTests/testComponentCatalogThemes.Notice-night.png"
ios-foundation	Run swift test --package-path apps/ios	2026-10-01T03:16:14.1940880Z 
ios-foundation	Run swift test --package-path apps/ios	2026-10-01T03:16:14.1941060Z To configure output for a custom diff tool, use 'withSnapshotTesting'. For example:
ios-foundation	Run swift test --package-path apps/ios	2026-10-01T03:16:14.1941310Z 
ios-foundation	Run swift test --package-path apps/ios	2026-10-01T03:16:14.1941410Z     withSnapshotTesting(diffTool: .ksdiff) {
ios-foundation	Run swift test --package-path apps/ios	2026-10-01T03:16:14.1941610Z       // ...
ios-foundation	Run swift test --package-path apps/ios	2026-10-01T03:16:14.1941750Z     }
ios-foundation	Run swift test --package-path apps/ios	2026-10-01T03:16:14.1941840Z 
ios-foundation	Run swift test --package-path apps/ios	2026-10-01T03:16:14.1941920Z Newly-taken snapshot does not match reference.
ios-foundation	Run swift test --package-path apps/ios	2026-10-01T03:16:14.1942760Z /Users/runner/work/creator-platform/creator-platform/apps/ios/Tests/QelvoraUITests/NativeSnapshotTests.swift:60: error: -[QelvoraUITests.NativeSnapshotTests testComponentCatalogThemes] : failed - Snapshot "NotificationRow.night" does not match reference.
ios-foundation	Run swift test --package-path apps/ios	2026-10-01T03:16:14.1943610Z 
ios-foundation	Run swift test --package-path apps/ios	2026-10-01T03:16:14.1943770Z @−
ios-foundation	Run swift test --package-path apps/ios	2026-10-01T03:16:14.1944840Z "file:///Users/runner/work/creator-platform/creator-platform/apps/ios/Tests/QelvoraUITests/__Snapshots__/NativeSnapshotTests/testComponentCatalogThemes.NotificationRow-night.png"
ios-foundation	Run swift test --package-path apps/ios	2026-10-01T03:16:14.1945610Z @+
ios-foundation	Run swift test --package-path apps/ios	2026-10-01T03:16:14.1946730Z "file:///Users/runner/work/creator-platform/creator-platform/artifacts/ios/snapshots/NativeSnapshotTests/testComponentCatalogThemes.NotificationRow-night.png"
ios-foundation	Run swift test --package-path apps/ios	2026-10-01T03:16:14.1947380Z 
ios-foundation	Run swift test --package-path apps/ios	2026-10-01T03:16:14.1948070Z To configure output for a custom diff tool, use 'withSnapshotTesting'. For example:
ios-foundation	Run swift test --package-path apps/ios	2026-10-01T03:16:14.1949000Z 
ios-foundation	Run swift test --package-path apps/ios	2026-10-01T03:16:14.1949250Z     withSnapshotTesting(diffTool: .ksdiff) {
ios-foundation	Run swift test --package-path apps/ios	2026-10-01T03:16:14.1949730Z       // ...
ios-foundation	Run swift test --package-path apps/ios	2026-10-01T03:16:14.1949870Z     }
ios-foundation	Run swift test --package-path apps/ios	2026-10-01T03:16:14.1949950Z 
ios-foundation	Run swift test --package-path apps/ios	2026-10-01T03:16:14.1950040Z Newly-taken snapshot does not match reference.
ios-foundation	Run swift test --package-path apps/ios	2026-10-01T03:16:14.1951000Z /Users/runner/work/creator-platform/creator-platform/apps/ios/Tests/QelvoraUITests/NativeSnapshotTests.swift:60: error: -[QelvoraUITests.NativeSnapshotTests testComponentCatalogThemes] : failed - Snapshot "EmptyState.night" does not match reference.
ios-foundation	Run swift test --package-path apps/ios	2026-10-01T03:16:14.1951890Z 
ios-foundation	Run swift test --package-path apps/ios	2026-10-01T03:16:14.1952060Z @−
ios-foundation	Run swift test --package-path apps/ios	2026-10-01T03:16:14.1952690Z "file:///Users/runner/work/creator-platform/creator-platform/apps/ios/Tests/QelvoraUITests/__Snapshots__/NativeSnapshotTests/testComponentCatalogThemes.EmptyState-night.png"
ios-foundation	Run swift test --package-path apps/ios	2026-10-01T03:16:14.1953420Z @+
ios-foundation	Run swift test --package-path apps/ios	2026-10-01T03:16:14.1953900Z "file:///Users/runner/work/creator-platform/creator-platform/artifacts/ios/snapshots/NativeSnapshotTests/testComponentCatalogThemes.EmptyState-night.png"
ios-foundation	Run swift test --package-path apps/ios	2026-10-01T03:16:14.1954400Z 
ios-foundation	Run swift test --package-path apps/ios	2026-10-01T03:16:14.1954630Z To configure output for a custom diff tool, use 'withSnapshotTesting'. For example:
ios-foundation	Run swift test --package-path apps/ios	2026-10-01T03:16:14.1954920Z 
ios-foundation	Run swift test --package-path apps/ios	2026-10-01T03:16:14.1955010Z     withSnapshotTesting(diffTool: .ksdiff) {
ios-foundation	Run swift test --package-path apps/ios	2026-10-01T03:16:14.1955210Z       // ...
ios-foundation	Run swift test --package-path apps/ios	2026-10-01T03:16:14.1955340Z     }
ios-foundation	Run swift test --package-path apps/ios	2026-10-01T03:16:14.1955410Z 
ios-foundation	Run swift test --package-path apps/ios	2026-10-01T03:16:14.1955500Z Newly-taken snapshot does not match reference.
ios-foundation	Run swift test --package-path apps/ios	2026-10-01T03:16:14.1956360Z /Users/runner/work/creator-platform/creator-platform/apps/ios/Tests/QelvoraUITests/NativeSnapshotTests.swift:60: error: -[QelvoraUITests.NativeSnapshotTests testComponentCatalogThemes] : failed - Snapshot "ShareCard.night" does not match reference.
ios-foundation	Run swift test --package-path apps/ios	2026-10-01T03:16:14.1957120Z 
ios-foundation	Run swift test --package-path apps/ios	2026-10-01T03:16:14.1957190Z @−
ios-foundation	Run swift test --package-path apps/ios	2026-10-01T03:16:14.1957720Z "file:///Users/runner/work/creator-platform/creator-platform/apps/ios/Tests/QelvoraUITests/__Snapshots__/NativeSnapshotTests/testComponentCatalogThemes.ShareCard-night.png"
ios-foundation	Run swift test --package-path apps/ios	2026-10-01T03:16:14.1958310Z @+
ios-foundation	Run swift test --package-path apps/ios	2026-10-01T03:16:14.1958780Z "file:///Users/runner/work/creator-platform/creator-platform/artifacts/ios/snapshots/NativeSnapshotTests/testComponentCatalogThemes.ShareCard-night.png"
ios-foundation	Run swift test --package-path apps/ios	2026-10-01T03:16:14.1959260Z 
ios-foundation	Run swift test --package-path apps/ios	2026-10-01T03:16:14.1959440Z To configure output for a custom diff tool, use 'withSnapshotTesting'. For example:
ios-foundation	Run swift test --package-path apps/ios	2026-10-01T03:16:14.1959730Z 
ios-foundation	Run swift test --package-path apps/ios	2026-10-01T03:16:14.1959820Z     withSnapshotTesting(diffTool: .ksdiff) {
ios-foundation	Run swift test --package-path apps/ios	2026-10-01T03:16:14.1960030Z       // ...
ios-foundation	Run swift test --package-path apps/ios	2026-10-01T03:16:14.1960160Z     }
ios-foundation	Run swift test --package-path apps/ios	2026-10-01T03:16:14.1960230Z 
ios-foundation	Run swift test --package-path apps/ios	2026-10-01T03:16:14.1960320Z Newly-taken snapshot does not match reference.
ios-foundation	Run swift test --package-path apps/ios	2026-10-01T03:16:14.1961160Z /Users/runner/work/creator-platform/creator-platform/apps/ios/Tests/QelvoraUITests/NativeSnapshotTests.swift:60: error: -[QelvoraUITests.NativeSnapshotTests testComponentCatalogThemes] : failed - Snapshot "CallChip.night" does not match reference.
ios-foundation	Run swift test --package-path apps/ios	2026-10-01T03:16:14.1961920Z 
ios-foundation	Run swift test --package-path apps/ios	2026-10-01T03:16:14.1961990Z @−
ios-foundation	Run swift test --package-path apps/ios	2026-10-01T03:16:14.1962630Z "file:///Users/runner/work/creator-platform/creator-platform/apps/ios/Tests/QelvoraUITests/__Snapshots__/NativeSnapshotTests/testComponentCatalogThemes.CallChip-night.png"
ios-foundation	Run swift test --package-path apps/ios	2026-10-01T03:16:14.1963210Z @+
ios-foundation	Run swift test --package-path apps/ios	2026-10-01T03:16:14.1963680Z "file:///Users/runner/work/creator-platform/creator-platform/artifacts/ios/snapshots/NativeSnapshotTests/testComponentCatalogThemes.CallChip-night.png"
ios-foundation	Run swift test --package-path apps/ios	2026-10-01T03:16:14.1964160Z 
ios-foundation	Run swift test --package-path apps/ios	2026-10-01T03:16:14.1964330Z To configure output for a custom diff tool, use 'withSnapshotTesting'. For example:
ios-foundation	Run swift test --package-path apps/ios	2026-10-01T03:16:14.1964600Z 
ios-foundation	Run swift test --package-path apps/ios	2026-10-01T03:16:14.1964700Z     withSnapshotTesting(diffTool: .ksdiff) {
ios-foundation	Run swift test --package-path apps/ios	2026-10-01T03:16:14.1964920Z       // ...
ios-foundation	Run swift test --package-path apps/ios	2026-10-01T03:16:14.1965050Z     }
ios-foundation	Run swift test --package-path apps/ios	2026-10-01T03:16:14.1965540Z 
ios-foundation	Run swift test --package-path apps/ios	2026-10-01T03:16:14.1965650Z Newly-taken snapshot does not match reference.
ios-foundation	Run swift test --package-path apps/ios	2026-10-01T03:16:14.1966510Z /Users/runner/work/creator-platform/creator-platform/apps/ios/Tests/QelvoraUITests/NativeSnapshotTests.swift:60: error: -[QelvoraUITests.NativeSnapshotTests testComponentCatalogThemes] : failed - Snapshot "ReservedLabel.night" does not match reference.
ios-foundation	Run swift test --package-path apps/ios	2026-10-01T03:16:14.1967810Z 
ios-foundation	Run swift test --package-path apps/ios	2026-10-01T03:16:14.1967920Z @−
ios-foundation	Run swift test --package-path apps/ios	2026-10-01T03:16:14.1968480Z "file:///Users/runner/work/creator-platform/creator-platform/apps/ios/Tests/QelvoraUITests/__Snapshots__/NativeSnapshotTests/testComponentCatalogThemes.ReservedLabel-night.png"
ios-foundation	Run swift test --package-path apps/ios	2026-10-01T03:16:14.1969120Z @+
ios-foundation	Run swift test --package-path apps/ios	2026-10-01T03:16:14.1969720Z "file:///Users/runner/work/creator-platform/creator-platform/artifacts/ios/snapshots/NativeSnapshotTests/testComponentCatalogThemes.ReservedLabel-night.png"
ios-foundation	Run swift test --package-path apps/ios	2026-10-01T03:16:14.1970250Z 
ios-foundation	Run swift test --package-path apps/ios	2026-10-01T03:16:14.1970430Z To configure output for a custom diff tool, use 'withSnapshotTesting'. For example:
ios-foundation	Run swift test --package-path apps/ios	2026-10-01T03:16:14.1970680Z 
ios-foundation	Run swift test --package-path apps/ios	2026-10-01T03:16:14.1970770Z     withSnapshotTesting(diffTool: .ksdiff) {
ios-foundation	Run swift test --package-path apps/ios	2026-10-01T03:16:14.1970980Z       // ...
ios-foundation	Run swift test --package-path apps/ios	2026-10-01T03:16:14.1971100Z     }
ios-foundation	Run swift test --package-path apps/ios	2026-10-01T03:16:14.1971170Z 
ios-foundation	Run swift test --package-path apps/ios	2026-10-01T03:16:14.1971260Z Newly-taken snapshot does not match reference.
ios-foundation	Run swift test --package-path apps/ios	2026-10-01T03:16:14.1972100Z /Users/runner/work/creator-platform/creator-platform/apps/ios/Tests/QelvoraUITests/NativeSnapshotTests.swift:60: error: -[QelvoraUITests.NativeSnapshotTests testComponentCatalogThemes] : failed - Snapshot "Countdown.night" does not match reference.
ios-foundation	Run swift test --package-path apps/ios	2026-10-01T03:16:14.1972840Z 
ios-foundation	Run swift test --package-path apps/ios	2026-10-01T03:16:14.1972910Z @−
ios-foundation	Run swift test --package-path apps/ios	2026-10-01T03:16:14.1973440Z "file:///Users/runner/work/creator-platform/creator-platform/apps/ios/Tests/QelvoraUITests/__Snapshots__/NativeSnapshotTests/testComponentCatalogThemes.Countdown-night.png"
ios-foundation	Run swift test --package-path apps/ios	2026-10-01T03:16:14.1974030Z @+
ios-foundation	Run swift test --package-path apps/ios	2026-10-01T03:16:14.1974510Z "file:///Users/runner/work/creator-platform/creator-platform/artifacts/ios/snapshots/NativeSnapshotTests/testComponentCatalogThemes.Countdown-night.png"
ios-foundation	Run swift test --package-path apps/ios	2026-10-01T03:16:14.1975000Z 
ios-foundation	Run swift test --package-path apps/ios	2026-10-01T03:16:14.1975180Z To configure output for a custom diff tool, use 'withSnapshotTesting'. For example:
ios-foundation	Run swift test --package-path apps/ios	2026-10-01T03:16:14.1975440Z 
ios-foundation	Run swift test --package-path apps/ios	2026-10-01T03:16:14.1975520Z     withSnapshotTesting(diffTool: .ksdiff) {
ios-foundation	Run swift test --package-path apps/ios	2026-10-01T03:16:14.1975730Z       // ...
ios-foundation	Run swift test --package-path apps/ios	2026-10-01T03:16:14.1975880Z     }
ios-foundation	Run swift test --package-path apps/ios	2026-10-01T03:16:14.1975960Z 
ios-foundation	Run swift test --package-path apps/ios	2026-10-01T03:16:14.1976080Z Newly-taken snapshot does not match reference.
ios-foundation	Run swift test --package-path apps/ios	2026-10-01T03:16:14.1976960Z /Users/runner/work/creator-platform/creator-platform/apps/ios/Tests/QelvoraUITests/NativeSnapshotTests.swift:60: error: -[QelvoraUITests.NativeSnapshotTests testComponentCatalogThemes] : failed - Snapshot "InsteadMenu.night" does not match reference.
ios-foundation	Run swift test --package-path apps/ios	2026-10-01T03:16:14.1977760Z 
ios-foundation	Run swift test --package-path apps/ios	2026-10-01T03:16:14.1977830Z @−
ios-foundation	Run swift test --package-path apps/ios	2026-10-01T03:16:14.1978510Z "file:///Users/runner/work/creator-platform/creator-platform/apps/ios/Tests/QelvoraUITests/__Snapshots__/NativeSnapshotTests/testComponentCatalogThemes.InsteadMenu-night.png"
ios-foundation	Run swift test --package-path apps/ios	2026-10-01T03:16:14.1979170Z @+
ios-foundation	Run swift test --package-path apps/ios	2026-10-01T03:16:14.1979720Z "file:///Users/runner/work/creator-platform/creator-platform/artifacts/ios/snapshots/NativeSnapshotTests/testComponentCatalogThemes.InsteadMenu-night.png"
ios-foundation	Run swift test --package-path apps/ios	2026-10-01T03:16:14.1980280Z 
ios-foundation	Run swift test --package-path apps/ios	2026-10-01T03:16:14.1980480Z To configure output for a custom diff tool, use 'withSnapshotTesting'. For example:
ios-foundation	Run swift test --package-path apps/ios	2026-10-01T03:16:14.1980750Z 
ios-foundation	Run swift test --package-path apps/ios	2026-10-01T03:16:14.1980840Z     withSnapshotTesting(diffTool: .ksdiff) {
ios-foundation	Run swift test --package-path apps/ios	2026-10-01T03:16:14.1981100Z       // ...
ios-foundation	Run swift test --package-path apps/ios	2026-10-01T03:16:14.1981290Z     }
ios-foundation	Run swift test --package-path apps/ios	2026-10-01T03:16:14.1981400Z 
ios-foundation	Run swift test --package-path apps/ios	2026-10-01T03:16:14.1981500Z Newly-taken snapshot does not match reference.
ios-foundation	Run swift test --package-path apps/ios	2026-10-01T03:16:14.1982880Z /Users/runner/work/creator-platform/creator-platform/apps/ios/Tests/QelvoraUITests/NativeSnapshotTests.swift:60: error: -[QelvoraUITests.NativeSnapshotTests testComponentCatalogThemes] : failed - Snapshot "TestConsole.night" does not match reference.
ios-foundation	Run swift test --package-path apps/ios	2026-10-01T03:16:14.1983860Z 
ios-foundation	Run swift test --package-path apps/ios	2026-10-01T03:16:14.1984060Z @−
ios-foundation	Run swift test --package-path apps/ios	2026-10-01T03:16:14.1986700Z "file:///Users/runner/work/creator-platform/creator-platform/apps/ios/Tests/QelvoraUITests/__Snapshots__/NativeSnapshotTests/testComponentCatalogThemes.TestConsole-night.png"
ios-foundation	Run swift test --package-path apps/ios	2026-10-01T03:16:14.1989030Z @+
ios-foundation	Run swift test --package-path apps/ios	2026-10-01T03:16:14.1989890Z "file:///Users/runner/work/creator-platform/creator-platform/artifacts/ios/snapshots/NativeSnapshotTests/testComponentCatalogThemes.TestConsole-night.png"
ios-foundation	Run swift test --package-path apps/ios	2026-10-01T03:16:14.1990810Z 
ios-foundation	Run swift test --package-path apps/ios	2026-10-01T03:16:14.1991050Z To configure output for a custom diff tool, use 'withSnapshotTesting'. For example:
ios-foundation	Run swift test --package-path apps/ios	2026-10-01T03:16:14.1991350Z 
ios-foundation	Run swift test --package-path apps/ios	2026-10-01T03:16:16.5193950Z     withSnapshotTesting(diffTool: .ksdiff) {
ios-foundation	Run swift test --package-path apps/ios	2026-10-01T03:16:16.5197160Z       // ...
ios-foundation	Run swift test --package-path apps/ios	2026-10-01T03:16:16.5197550Z     }
ios-foundation	Run swift test --package-path apps/ios	2026-10-01T03:16:16.5197830Z 
ios-foundation	Run swift test --package-path apps/ios	2026-10-01T03:16:16.5198060Z Newly-taken snapshot does not match reference.
ios-foundation	Run swift test --package-path apps/ios	2026-10-01T03:16:16.5199250Z /Users/runner/work/creator-platform/creator-platform/apps/ios/Tests/QelvoraUITests/NativeSnapshotTests.swift:60: error: -[QelvoraUITests.NativeSnapshotTests testComponentCatalogThemes] : failed - Snapshot "VersionList.night" does not match reference.
ios-foundation	Run swift test --package-path apps/ios	2026-10-01T03:16:16.5200190Z 
ios-foundation	Run swift test --package-path apps/ios	2026-10-01T03:16:16.5200670Z @−
ios-foundation	Run swift test --package-path apps/ios	2026-10-01T03:16:16.5201470Z "file:///Users/runner/work/creator-platform/creator-platform/apps/ios/Tests/QelvoraUITests/__Snapshots__/NativeSnapshotTests/testComponentCatalogThemes.VersionList-night.png"
ios-foundation	Run swift test --package-path apps/ios	2026-10-01T03:16:16.5202120Z @+
ios-foundation	Run swift test --package-path apps/ios	2026-10-01T03:16:16.5202650Z "file:///Users/runner/work/creator-platform/creator-platform/artifacts/ios/snapshots/NativeSnapshotTests/testComponentCatalogThemes.VersionList-night.png"
ios-foundation	Run swift test --package-path apps/ios	2026-10-01T03:16:16.5203150Z 
ios-foundation	Run swift test --package-path apps/ios	2026-10-01T03:16:16.5203350Z To configure output for a custom diff tool, use 'withSnapshotTesting'. For example:
ios-foundation	Run swift test --package-path apps/ios	2026-10-01T03:16:16.5203620Z 
ios-foundation	Run swift test --package-path apps/ios	2026-10-01T03:16:16.5203710Z     withSnapshotTesting(diffTool: .ksdiff) {
ios-foundation	Run swift test --package-path apps/ios	2026-10-01T03:16:16.5203910Z       // ...
ios-foundation	Run swift test --package-path apps/ios	2026-10-01T03:16:16.5204030Z     }
ios-foundation	Run swift test --package-path apps/ios	2026-10-01T03:16:16.5204110Z 
ios-foundation	Run swift test --package-path apps/ios	2026-10-01T03:16:16.5204200Z Newly-taken snapshot does not match reference.
ios-foundation	Run swift test --package-path apps/ios	2026-10-01T03:16:16.5204460Z Context leak detected, CoreAnalytics returned false
ios-foundation	Run swift test --package-path apps/ios	2026-10-01T03:16:16.5205350Z /Users/runner/work/creator-platform/creator-platform/apps/ios/Tests/QelvoraUITests/NativeSnapshotTests.swift:60: error: -[QelvoraUITests.NativeSnapshotTests testComponentCatalogThemes] : failed - Snapshot "DigestItem.night" does not match reference.
ios-foundation	Run swift test --package-path apps/ios	2026-10-01T03:16:16.5206330Z 
ios-foundation	Run swift test --package-path apps/ios	2026-10-01T03:16:16.5206410Z @−
ios-foundation	Run swift test --package-path apps/ios	2026-10-01T03:16:16.5206940Z "file:///Users/runner/work/creator-platform/creator-platform/apps/ios/Tests/QelvoraUITests/__Snapshots__/NativeSnapshotTests/testComponentCatalogThemes.DigestItem-night.png"
ios-foundation	Run swift test --package-path apps/ios	2026-10-01T03:16:16.5207530Z @+
ios-foundation	Run swift test --package-path apps/ios	2026-10-01T03:16:16.5208000Z "file:///Users/runner/work/creator-platform/creator-platform/artifacts/ios/snapshots/NativeSnapshotTests/testComponentCatalogThemes.DigestItem-night.png"
ios-foundation	Run swift test --package-path apps/ios	2026-10-01T03:16:16.5208480Z 
ios-foundation	Run swift test --package-path apps/ios	2026-10-01T03:16:16.5208660Z To configure output for a custom diff tool, use 'withSnapshotTesting'. For example:
ios-foundation	Run swift test --package-path apps/ios	2026-10-01T03:16:16.5208920Z 
ios-foundation	Run swift test --package-path apps/ios	2026-10-01T03:16:16.5209000Z     withSnapshotTesting(diffTool: .ksdiff) {
ios-foundation	Run swift test --package-path apps/ios	2026-10-01T03:16:16.5209210Z       // ...
ios-foundation	Run swift test --package-path apps/ios	2026-10-01T03:16:16.5209330Z     }
ios-foundation	Run swift test --package-path apps/ios	2026-10-01T03:16:16.5209400Z 
ios-foundation	Run swift test --package-path apps/ios	2026-10-01T03:16:16.5209500Z Newly-taken snapshot does not match reference.
ios-foundation	Run swift test --package-path apps/ios	2026-10-01T03:16:16.5210370Z /Users/runner/work/creator-platform/creator-platform/apps/ios/Tests/QelvoraUITests/NativeSnapshotTests.swift:60: error: -[QelvoraUITests.NativeSnapshotTests testComponentCatalogThemes] : failed - Snapshot "StudioTabBar.night" does not match reference.
ios-foundation	Run swift test --package-path apps/ios	2026-10-01T03:16:16.5212680Z 
ios-foundation	Run swift test --package-path apps/ios	2026-10-01T03:16:16.5212810Z @−
ios-foundation	Run swift test --package-path apps/ios	2026-10-01T03:16:16.5213740Z "file:///Users/runner/work/creator-platform/creator-platform/apps/ios/Tests/QelvoraUITests/__Snapshots__/NativeSnapshotTests/testComponentCatalogThemes.StudioTabBar-night.png"
ios-foundation	Run swift test --package-path apps/ios	2026-10-01T03:16:16.5216510Z @+
ios-foundation	Run swift test --package-path apps/ios	2026-10-01T03:16:16.5217070Z "file:///Users/runner/work/creator-platform/creator-platform/artifacts/ios/snapshots/NativeSnapshotTests/testComponentCatalogThemes.StudioTabBar-night.png"
ios-foundation	Run swift test --package-path apps/ios	2026-10-01T03:16:16.5217660Z 
ios-foundation	Run swift test --package-path apps/ios	2026-10-01T03:16:16.5217920Z To configure output for a custom diff tool, use 'withSnapshotTesting'. For example:
ios-foundation	Run swift test --package-path apps/ios	2026-10-01T03:16:16.5219090Z 
ios-foundation	Run swift test --package-path apps/ios	2026-10-01T03:16:16.5219260Z     withSnapshotTesting(diffTool: .ksdiff) {
ios-foundation	Run swift test --package-path apps/ios	2026-10-01T03:16:16.5219600Z       // ...
ios-foundation	Run swift test --package-path apps/ios	2026-10-01T03:16:16.5219770Z     }
ios-foundation	Run swift test --package-path apps/ios	2026-10-01T03:16:16.5220110Z 
ios-foundation	Run swift test --package-path apps/ios	2026-10-01T03:16:16.5220220Z Newly-taken snapshot does not match reference.
ios-foundation	Run swift test --package-path apps/ios	2026-10-01T03:16:16.5242520Z /Users/runner/work/creator-platform/creator-platform/apps/ios/Tests/QelvoraUITests/NativeSnapshotTests.swift:60: error: -[QelvoraUITests.NativeSnapshotTests testComponentCatalogThemes] : failed - Snapshot "Sidebar.night" does not match reference.
ios-foundation	Run swift test --package-path apps/ios	2026-10-01T03:16:16.5243710Z 
ios-foundation	Run swift test --package-path apps/ios	2026-10-01T03:16:16.5243930Z @−
ios-foundation	Run swift test --package-path apps/ios	2026-10-01T03:16:16.5244510Z "file:///Users/runner/work/creator-platform/creator-platform/apps/ios/Tests/QelvoraUITests/__Snapshots__/NativeSnapshotTests/testComponentCatalogThemes.Sidebar-night.png"
ios-foundation	Run swift test --package-path apps/ios	2026-10-01T03:16:16.5245190Z @+
ios-foundation	Run swift test --package-path apps/ios	2026-10-01T03:16:16.5245740Z "file:///Users/runner/work/creator-platform/creator-platform/artifacts/ios/snapshots/NativeSnapshotTests/testComponentCatalogThemes.Sidebar-night.png"
ios-foundation	Run swift test --package-path apps/ios	2026-10-01T03:16:16.5246420Z 
ios-foundation	Run swift test --package-path apps/ios	2026-10-01T03:16:16.5246650Z To configure output for a custom diff tool, use 'withSnapshotTesting'. For example:
ios-foundation	Run swift test --package-path apps/ios	2026-10-01T03:16:16.5246940Z 
ios-foundation	Run swift test --package-path apps/ios	2026-10-01T03:16:16.5247030Z     withSnapshotTesting(diffTool: .ksdiff) {
ios-foundation	Run swift test --package-path apps/ios	2026-10-01T03:16:16.5247270Z       // ...
ios-foundation	Run swift test --package-path apps/ios	2026-10-01T03:16:16.5247410Z     }
ios-foundation	Run swift test --package-path apps/ios	2026-10-01T03:16:16.5247500Z 
ios-foundation	Run swift test --package-path apps/ios	2026-10-01T03:16:16.5247600Z Newly-taken snapshot does not match reference.
ios-foundation	Run swift test --package-path apps/ios	2026-10-01T03:16:16.5248710Z /Users/runner/work/creator-platform/creator-platform/apps/ios/Tests/QelvoraUITests/NativeSnapshotTests.swift:60: error: -[QelvoraUITests.NativeSnapshotTests testComponentCatalogThemes] : failed - Snapshot "Sheet.night" does not match reference.
ios-foundation	Run swift test --package-path apps/ios	2026-10-01T03:16:16.5249480Z 
ios-foundation	Run swift test --package-path apps/ios	2026-10-01T03:16:16.5249580Z @−
ios-foundation	Run swift test --package-path apps/ios	2026-10-01T03:16:16.5250120Z "file:///Users/runner/work/creator-platform/creator-platform/apps/ios/Tests/QelvoraUITests/__Snapshots__/NativeSnapshotTests/testComponentCatalogThemes.Sheet-night.png"
ios-foundation	Run swift test --package-path apps/ios	2026-10-01T03:16:16.5250730Z @+
ios-foundation	Run swift test --package-path apps/ios	2026-10-01T03:16:16.5251320Z "file:///Users/runner/work/creator-platform/creator-platform/artifacts/ios/snapshots/NativeSnapshotTests/testComponentCatalogThemes.Sheet-night.png"
ios-foundation	Run swift test --package-path apps/ios	2026-10-01T03:16:16.5251830Z 
ios-foundation	Run swift test --package-path apps/ios	2026-10-01T03:16:16.5252010Z To configure output for a custom diff tool, use 'withSnapshotTesting'. For example:
ios-foundation	Run swift test --package-path apps/ios	2026-10-01T03:16:16.5252290Z 
ios-foundation	Run swift test --package-path apps/ios	2026-10-01T03:16:16.5252380Z     withSnapshotTesting(diffTool: .ksdiff) {
ios-foundation	Run swift test --package-path apps/ios	2026-10-01T03:16:16.5252600Z       // ...
ios-foundation	Run swift test --package-path apps/ios	2026-10-01T03:16:16.5252730Z     }
ios-foundation	Run swift test --package-path apps/ios	2026-10-01T03:16:16.5252820Z 
ios-foundation	Run swift test --package-path apps/ios	2026-10-01T03:16:16.5252920Z Newly-taken snapshot does not match reference.
ios-foundation	Run swift test --package-path apps/ios	2026-10-01T03:16:16.5253860Z /Users/runner/work/creator-platform/creator-platform/apps/ios/Tests/QelvoraUITests/NativeSnapshotTests.swift:60: error: -[QelvoraUITests.NativeSnapshotTests testComponentCatalogThemes] : failed - Snapshot "Dialog.night" does not match reference.
ios-foundation	Run swift test --package-path apps/ios	2026-10-01T03:16:16.5254690Z 
ios-foundation	Run swift test --package-path apps/ios	2026-10-01T03:16:16.5254830Z @−
ios-foundation	Run swift test --package-path apps/ios	2026-10-01T03:16:16.5255450Z "file:///Users/runner/work/creator-platform/creator-platform/apps/ios/Tests/QelvoraUITests/__Snapshots__/NativeSnapshotTests/testComponentCatalogThemes.Dialog-night.png"
ios-foundation	Run swift test --package-path apps/ios	2026-10-01T03:16:16.5256050Z @+
ios-foundation	Run swift test --package-path apps/ios	2026-10-01T03:16:16.5256600Z "file:///Users/runner/work/creator-platform/creator-platform/artifacts/ios/snapshots/NativeSnapshotTests/testComponentCatalogThemes.Dialog-night.png"
ios-foundation	Run swift test --package-path apps/ios	2026-10-01T03:16:16.5257130Z 
ios-foundation	Run swift test --package-path apps/ios	2026-10-01T03:16:16.5257330Z To configure output for a custom diff tool, use 'withSnapshotTesting'. For example:
ios-foundation	Run swift test --package-path apps/ios	2026-10-01T03:16:16.5257660Z 
ios-foundation	Run swift test --package-path apps/ios	2026-10-01T03:16:16.5257790Z     withSnapshotTesting(diffTool: .ksdiff) {
ios-foundation	Run swift test --package-path apps/ios	2026-10-01T03:16:16.5258060Z       // ...
ios-foundation	Run swift test --package-path apps/ios	2026-10-01T03:16:16.5258250Z     }
ios-foundation	Run swift test --package-path apps/ios	2026-10-01T03:16:16.5258350Z 
ios-foundation	Run swift test --package-path apps/ios	2026-10-01T03:16:16.5258480Z Newly-taken snapshot does not match reference.
ios-foundation	Run swift test --package-path apps/ios	2026-10-01T03:16:16.5259410Z /Users/runner/work/creator-platform/creator-platform/apps/ios/Tests/QelvoraUITests/NativeSnapshotTests.swift:60: error: -[QelvoraUITests.NativeSnapshotTests testComponentCatalogThemes] : failed - Snapshot "Toast.night" does not match reference.
ios-foundation	Run swift test --package-path apps/ios	2026-10-01T03:16:16.5261120Z 
ios-foundation	Run swift test --package-path apps/ios	2026-10-01T03:16:16.5261250Z @−
ios-foundation	Run swift test --package-path apps/ios	2026-10-01T03:16:16.5261830Z "file:///Users/runner/work/creator-platform/creator-platform/apps/ios/Tests/QelvoraUITests/__Snapshots__/NativeSnapshotTests/testComponentCatalogThemes.Toast-night.png"
ios-foundation	Run swift test --package-path apps/ios	2026-10-01T03:16:16.5262730Z @+
ios-foundation	Run swift test --package-path apps/ios	2026-10-01T03:16:16.5263480Z "file:///Users/runner/work/creator-platform/creator-platform/artifacts/ios/snapshots/NativeSnapshotTests/testComponentCatalogThemes.Toast-night.png"
ios-foundation	Run swift test --package-path apps/ios	2026-10-01T03:16:16.5263990Z 
ios-foundation	Run swift test --package-path apps/ios	2026-10-01T03:16:16.5264210Z To configure output for a custom diff tool, use 'withSnapshotTesting'. For example:
ios-foundation	Run swift test --package-path apps/ios	2026-10-01T03:16:16.5264520Z 
ios-foundation	Run swift test --package-path apps/ios	2026-10-01T03:16:16.5264630Z     withSnapshotTesting(diffTool: .ksdiff) {
ios-foundation	Run swift test --package-path apps/ios	2026-10-01T03:16:16.5264910Z       // ...
ios-foundation	Run swift test --package-path apps/ios	2026-10-01T03:16:16.5265100Z     }
ios-foundation	Run swift test --package-path apps/ios	2026-10-01T03:16:16.5265190Z 
ios-foundation	Run swift test --package-path apps/ios	2026-10-01T03:16:16.5265330Z Newly-taken snapshot does not match reference.
ios-foundation	Run swift test --package-path apps/ios	2026-10-01T03:16:16.5266320Z /Users/runner/work/creator-platform/creator-platform/apps/ios/Tests/QelvoraUITests/NativeSnapshotTests.swift:57: error: -[QelvoraUITests.NativeSnapshotTests testComponentCatalogThemes] : failed - Snapshot "Skeleton.night" does not match reference.
ios-foundation	Run swift test --package-path apps/ios	2026-10-01T03:16:16.5267170Z 
ios-foundation	Run swift test --package-path apps/ios	2026-10-01T03:16:16.5267270Z @−
ios-foundation	Run swift test --package-path apps/ios	2026-10-01T03:16:16.5267990Z "file:///Users/runner/work/creator-platform/creator-platform/apps/ios/Tests/QelvoraUITests/__Snapshots__/NativeSnapshotTests/testComponentCatalogThemes.Skeleton-night.png"
ios-foundation	Run swift test --package-path apps/ios	2026-10-01T03:16:16.5268650Z @+
ios-foundation	Run swift test --package-path apps/ios	2026-10-01T03:16:16.5269200Z "file:///Users/runner/work/creator-platform/creator-platform/artifacts/ios/snapshots/NativeSnapshotTests/testComponentCatalogThemes.Skeleton-night.png"
ios-foundation	Run swift test --package-path apps/ios	2026-10-01T03:16:16.5269720Z 
ios-foundation	Run swift test --package-path apps/ios	2026-10-01T03:16:16.5269960Z To configure output for a custom diff tool, use 'withSnapshotTesting'. For example:
ios-foundation	Run swift test --package-path apps/ios	2026-10-01T03:16:16.5270280Z 
ios-foundation	Run swift test --package-path apps/ios	2026-10-01T03:16:16.5270390Z     withSnapshotTesting(diffTool: .ksdiff) {
ios-foundation	Run swift test --package-path apps/ios	2026-10-01T03:16:16.5270670Z       // ...
ios-foundation	Run swift test --package-path apps/ios	2026-10-01T03:16:16.5270820Z     }
ios-foundation	Run swift test --package-path apps/ios	2026-10-01T03:16:16.5270910Z 
ios-foundation	Run swift test --package-path apps/ios	2026-10-01T03:16:16.5271040Z Newly-taken snapshot does not match reference.
ios-foundation	Run swift test --package-path apps/ios	2026-10-01T03:16:16.5272000Z /Users/runner/work/creator-platform/creator-platform/apps/ios/Tests/QelvoraUITests/NativeSnapshotTests.swift:60: error: -[QelvoraUITests.NativeSnapshotTests testComponentCatalogThemes] : failed - Snapshot "EmailFrame.night" does not match reference.
ios-foundation	Run swift test --package-path apps/ios	2026-10-01T03:16:16.5272810Z 
ios-foundation	Run swift test --package-path apps/ios	2026-10-01T03:16:16.5272940Z @−
ios-foundation	Run swift test --package-path apps/ios	2026-10-01T03:16:16.5273570Z "file:///Users/runner/work/creator-platform/creator-platform/apps/ios/Tests/QelvoraUITests/__Snapshots__/NativeSnapshotTests/testComponentCatalogThemes.EmailFrame-night.png"
ios-foundation	Run swift test --package-path apps/ios	2026-10-01T03:16:16.5274220Z @+
ios-foundation	Run swift test --package-path apps/ios	2026-10-01T03:16:16.5274790Z "file:///Users/runner/work/creator-platform/creator-platform/artifacts/ios/snapshots/NativeSnapshotTests/testComponentCatalogThemes.EmailFrame-night.png"
ios-foundation	Run swift test --package-path apps/ios	2026-10-01T03:16:16.5275350Z 
ios-foundation	Run swift test --package-path apps/ios	2026-10-01T03:16:16.5275550Z To configure output for a custom diff tool, use 'withSnapshotTesting'. For example:
ios-foundation	Run swift test --package-path apps/ios	2026-10-01T03:16:16.5275840Z 
ios-foundation	Run swift test --package-path apps/ios	2026-10-01T03:16:16.5275950Z     withSnapshotTesting(diffTool: .ksdiff) {
ios-foundation	Run swift test --package-path apps/ios	2026-10-01T03:16:16.5276290Z       // ...
ios-foundation	Run swift test --package-path apps/ios	2026-10-01T03:16:16.5276590Z     }
ios-foundation	Run swift test --package-path apps/ios	2026-10-01T03:16:16.5276740Z 
ios-foundation	Run swift test --package-path apps/ios	2026-10-01T03:16:16.5276910Z Newly-taken snapshot does not match reference.
ios-foundation	Run swift test --package-path apps/ios	2026-10-01T03:16:16.5277590Z Test Case '-[QelvoraUITests.NativeSnapshotTests testComponentCatalogThemes]' failed (17.114 seconds).
ios-foundation	Run swift test --package-path apps/ios	2026-10-01T03:16:16.5278130Z Test Case '-[QelvoraUITests.NativeSnapshotTests testWelcomeThemes]' started.
ios-foundation	Run swift test --package-path apps/ios	2026-10-01T03:16:16.5279010Z /Users/runner/work/creator-platform/creator-platform/apps/ios/Tests/QelvoraUITests/NativeSnapshotTests.swift:17: error: -[QelvoraUITests.NativeSnapshotTests testWelcomeThemes] : failed - Snapshot "light" does not match reference.
ios-foundation	Run swift test --package-path apps/ios	2026-10-01T03:16:16.5279870Z 
ios-foundation	Run swift test --package-path apps/ios	2026-10-01T03:16:16.5279940Z @−
ios-foundation	Run swift test --package-path apps/ios	2026-10-01T03:16:16.5280430Z "file:///Users/runner/work/creator-platform/creator-platform/apps/ios/Tests/QelvoraUITests/__Snapshots__/NativeSnapshotTests/testWelcomeThemes.light.png"
ios-foundation	Run swift test --package-path apps/ios	2026-10-01T03:16:16.5280970Z @+
ios-foundation	Run swift test --package-path apps/ios	2026-10-01T03:16:16.5281770Z "file:///Users/runner/work/creator-platform/creator-platform/artifacts/ios/snapshots/NativeSnapshotTests/testWelcomeThemes.light.png"
ios-foundation	Run swift test --package-path apps/ios	2026-10-01T03:16:16.5282210Z 
ios-foundation	Run swift test --package-path apps/ios	2026-10-01T03:16:16.5282400Z To configure output for a custom diff tool, use 'withSnapshotTesting'. For example:
ios-foundation	Run swift test --package-path apps/ios	2026-10-01T03:16:16.5283010Z 
ios-foundation	Run swift test --package-path apps/ios	2026-10-01T03:16:16.5283100Z     withSnapshotTesting(diffTool: .ksdiff) {
ios-foundation	Run swift test --package-path apps/ios	2026-10-01T03:16:16.5283330Z       // ...
ios-foundation	Run swift test --package-path apps/ios	2026-10-01T03:16:16.5283470Z     }
ios-foundation	Run swift test --package-path apps/ios	2026-10-01T03:16:16.5283550Z 
ios-foundation	Run swift test --package-path apps/ios	2026-10-01T03:16:16.5283660Z Newly-taken snapshot does not match reference.
ios-foundation	Run swift test --package-path apps/ios	2026-10-01T03:16:16.5284490Z /Users/runner/work/creator-platform/creator-platform/apps/ios/Tests/QelvoraUITests/NativeSnapshotTests.swift:17: error: -[QelvoraUITests.NativeSnapshotTests testWelcomeThemes] : failed - Snapshot "night" does not match reference.
ios-foundation	Run swift test --package-path apps/ios	2026-10-01T03:16:16.5285230Z 
ios-foundation	Run swift test --package-path apps/ios	2026-10-01T03:16:16.5285320Z @−
ios-foundation	Run swift test --package-path apps/ios	2026-10-01T03:16:16.5285790Z "file:///Users/runner/work/creator-platform/creator-platform/apps/ios/Tests/QelvoraUITests/__Snapshots__/NativeSnapshotTests/testWelcomeThemes.night.png"
ios-foundation	Run swift test --package-path apps/ios	2026-10-01T03:16:16.5286370Z @+
ios-foundation	Run swift test --package-path apps/ios	2026-10-01T03:16:16.5286830Z "file:///Users/runner/work/creator-platform/creator-platform/artifacts/ios/snapshots/NativeSnapshotTests/testWelcomeThemes.night.png"
ios-foundation	Run swift test --package-path apps/ios	2026-10-01T03:16:16.5287270Z 
ios-foundation	Run swift test --package-path apps/ios	2026-10-01T03:16:16.5287450Z To configure output for a custom diff tool, use 'withSnapshotTesting'. For example:
ios-foundation	Run swift test --package-path apps/ios	2026-10-01T03:16:16.5287730Z 
ios-foundation	Run swift test --package-path apps/ios	2026-10-01T03:16:16.5287840Z     withSnapshotTesting(diffTool: .ksdiff) {
ios-foundation	Run swift test --package-path apps/ios	2026-10-01T03:16:16.5288070Z       // ...
ios-foundation	Run swift test --package-path apps/ios	2026-10-01T03:16:16.5288210Z     }
ios-foundation	Run swift test --package-path apps/ios	2026-10-01T03:16:16.5288280Z 
ios-foundation	Run swift test --package-path apps/ios	2026-10-01T03:16:16.5288380Z Newly-taken snapshot does not match reference.
ios-foundation	Run swift test --package-path apps/ios	2026-10-01T03:16:16.5288770Z Test Case '-[QelvoraUITests.NativeSnapshotTests testWelcomeThemes]' failed (0.332 seconds).
ios-foundation	Run swift test --package-path apps/ios	2026-10-01T03:16:16.5289210Z Test Suite 'NativeSnapshotTests' failed at 2026-10-01 03:16:16.273.
ios-foundation	Run swift test --package-path apps/ios	2026-10-01T03:16:16.5289640Z 	 Executed 3 tests, with 110 failures (0 unexpected) in 18.795 (18.796) seconds
ios-foundation	Run swift test --package-path apps/ios	2026-10-01T03:16:16.5290050Z Test Suite 'QelvoraUITests.xctest' failed at 2026-10-01 03:16:16.273.
ios-foundation	Run swift test --package-path apps/ios	2026-10-01T03:16:16.5290460Z 	 Executed 18 tests, with 110 failures (0 unexpected) in 18.801 (18.804) seconds
ios-foundation	Run swift test --package-path apps/ios	2026-10-01T03:16:16.5290870Z Test Suite 'All tests' failed at 2026-10-01 03:16:16.273.
ios-foundation	Run swift test --package-path apps/ios	2026-10-01T03:16:16.5291280Z 	 Executed 18 tests, with 110 failures (0 unexpected) in 18.801 (18.805) seconds
ios-foundation	Run swift test --package-path apps/ios	2026-10-01T03:16:16.5474310Z ◇ Test run started.
ios-foundation	Run swift test --package-path apps/ios	2026-10-01T03:16:16.5474900Z ↳ Testing Library Version: 2084
ios-foundation	Run swift test --package-path apps/ios	2026-10-01T03:16:16.5475390Z ↳ Target Platform: arm64e-apple-macos14.0
ios-foundation	Run swift test --package-path apps/ios	2026-10-01T03:16:16.5475920Z ✔ Test run with 0 tests in 0 suites passed after 0.001 seconds.
ios-foundation	Run swift test --package-path apps/ios	2026-10-01T03:16:16.5476320Z Note: Some test targets reported failures:
ios-foundation	Run swift test --package-path apps/ios	2026-10-01T03:16:16.5476580Z   - QelvoraUITests (XCTest)
ios-foundation	Run swift test --package-path apps/ios	2026-10-01T03:16:16.5507090Z ##[error]Process completed with exit code 1.
ios-foundation	Run actions/upload-artifact@v4	﻿2026-10-01T03:16:16.5700370Z ##[group]Run actions/upload-artifact@v4
ios-foundation	Run actions/upload-artifact@v4	2026-10-01T03:16:16.5700600Z with:
ios-foundation	Run actions/upload-artifact@v4	2026-10-01T03:16:16.5700730Z   name: ios-review
ios-foundation	Run actions/upload-artifact@v4	2026-10-01T03:16:16.5700900Z   path: artifacts/ios
ios-foundation	Run actions/upload-artifact@v4	2026-10-01T03:16:16.5701060Z   if-no-files-found: warn
ios-foundation	Run actions/upload-artifact@v4	2026-10-01T03:16:16.5701230Z   compression-level: 6
ios-foundation	Run actions/upload-artifact@v4	2026-10-01T03:16:16.5701380Z   overwrite: false
ios-foundation	Run actions/upload-artifact@v4	2026-10-01T03:16:16.5701530Z   include-hidden-files: false
ios-foundation	Run actions/upload-artifact@v4	2026-10-01T03:16:16.5701700Z env:
ios-foundation	Run actions/upload-artifact@v4	2026-10-01T03:16:16.5702020Z   SNAPSHOT_ARTIFACTS: /Users/runner/work/creator-platform/creator-platform/artifacts/ios/snapshots
ios-foundation	Run actions/upload-artifact@v4	2026-10-01T03:16:16.5702380Z ##[endgroup]
ios-foundation	Run actions/upload-artifact@v4	2026-10-01T03:16:16.9588410Z (node:21638) [DEP0040] DeprecationWarning: The `punycode` module is deprecated. Please use a userland alternative instead.
ios-foundation	Run actions/upload-artifact@v4	2026-10-01T03:16:16.9603050Z (Use `node --trace-deprecation ...` to show where the warning was created)
ios-foundation	Run actions/upload-artifact@v4	2026-10-01T03:16:16.9749500Z With the provided path, there will be 110 files uploaded
ios-foundation	Run actions/upload-artifact@v4	2026-10-01T03:16:16.9750070Z Artifact name is valid!
ios-foundation	Run actions/upload-artifact@v4	2026-10-01T03:16:16.9750360Z Root directory input is valid!
ios-foundation	Run actions/upload-artifact@v4	2026-10-01T03:16:17.4032680Z Beginning upload of artifact content to blob storage
ios-foundation	Run actions/upload-artifact@v4	2026-10-01T03:16:17.7992230Z (node:21638) [DEP0169] DeprecationWarning: `url.parse()` behavior is not standardized and prone to errors that have security implications. Use the WHATWG URL API instead. CVEs are not issued for `url.parse()` vulnerabilities.
ios-foundation	Run actions/upload-artifact@v4	2026-10-01T03:16:18.3255470Z Uploaded bytes 8388608
ios-foundation	Run actions/upload-artifact@v4	2026-10-01T03:16:18.4580060Z Uploaded bytes 10611542
ios-foundation	Run actions/upload-artifact@v4	2026-10-01T03:16:18.5048970Z Finished uploading artifact content to blob storage!
ios-foundation	Run actions/upload-artifact@v4	2026-10-01T03:16:18.5051610Z SHA256 digest of uploaded artifact zip is d3057ad08869fb3b5ef759e21bd31a6175cdf99e06ac8b2d7ad9f4427dcdb2ec
ios-foundation	Run actions/upload-artifact@v4	2026-10-01T03:16:18.5053150Z Finalizing artifact upload
ios-foundation	Run actions/upload-artifact@v4	2026-10-01T03:16:18.7274640Z Artifact ios-review.zip successfully finalized. Artifact ID 11138602343
ios-foundation	Run actions/upload-artifact@v4	2026-10-01T03:16:18.7276340Z Artifact ios-review has been successfully uploaded! Final size is 10611542 bytes. Artifact ID is 11138602343
ios-foundation	Run actions/upload-artifact@v4	2026-10-01T03:16:18.7278580Z Artifact download URL: https://github.com/WangPantopus/creator-platform/actions/runs/36780139572/artifacts/11138602343
ios-foundation	Post Run actions/checkout@v4	﻿2026-10-01T03:16:18.7500090Z Post job cleanup.
ios-foundation	Post Run actions/checkout@v4	2026-10-01T03:16:18.8908660Z [command]/opt/homebrew/bin/git version
ios-foundation	Post Run actions/checkout@v4	2026-10-01T03:16:18.9152000Z git version 2.55.0
ios-foundation	Post Run actions/checkout@v4	2026-10-01T03:16:18.9172760Z Copying '/Users/runner/.gitconfig' to '/Users/runner/work/_temp/b2b471a9-dce4-4c0d-815a-642843b8b45f/.gitconfig'
ios-foundation	Post Run actions/checkout@v4	2026-10-01T03:16:18.9182780Z Temporarily overriding HOME='/Users/runner/work/_temp/b2b471a9-dce4-4c0d-815a-642843b8b45f' before making global git config changes
ios-foundation	Post Run actions/checkout@v4	2026-10-01T03:16:18.9184220Z Adding repository directory to the temporary git global config as a safe directory
ios-foundation	Post Run actions/checkout@v4	2026-10-01T03:16:18.9186000Z [command]/opt/homebrew/bin/git config --global --add safe.directory /Users/runner/work/creator-platform/creator-platform
ios-foundation	Post Run actions/checkout@v4	2026-10-01T03:16:18.9323820Z [command]/opt/homebrew/bin/git config --local --name-only --get-regexp core\.sshCommand
ios-foundation	Post Run actions/checkout@v4	2026-10-01T03:16:18.9400100Z [command]/opt/homebrew/bin/git submodule foreach --recursive sh -c "git config --local --name-only --get-regexp 'core\.sshCommand' && git config --local --unset-all 'core.sshCommand' || :"
ios-foundation	Post Run actions/checkout@v4	2026-10-01T03:16:19.0549050Z [command]/opt/homebrew/bin/git config --local --name-only --get-regexp http\.https\:\/\/github\.com\/\.extraheader
ios-foundation	Post Run actions/checkout@v4	2026-10-01T03:16:19.0628500Z http.https://github.com/.extraheader
ios-foundation	Post Run actions/checkout@v4	2026-10-01T03:16:19.0667330Z [command]/opt/homebrew/bin/git config --local --unset-all http.https://github.com/.extraheader
ios-foundation	Post Run actions/checkout@v4	2026-10-01T03:16:19.0713770Z [command]/opt/homebrew/bin/git submodule foreach --recursive sh -c "git config --local --name-only --get-regexp 'http\.https\:\/\/github\.com\/\.extraheader' && git config --local --unset-all 'http.https://github.com/.extraheader' || :"
ios-foundation	Post Run actions/checkout@v4	2026-10-01T03:16:19.2362870Z [command]/opt/homebrew/bin/git config --local --name-only --get-regexp ^includeIf\.gitdir:
ios-foundation	Post Run actions/checkout@v4	2026-10-01T03:16:19.2491880Z [command]/opt/homebrew/bin/git submodule foreach --recursive git config --local --show-origin --name-only --get-regexp remote.origin.url
ios-foundation	Complete job	﻿2026-10-01T03:16:19.4572840Z Cleaning up orphan processes
ios-foundation	Complete job	2026-10-01T03:16:20.3979970Z ##[warning]Node.js 20 is deprecated. The following actions target Node.js 20 but are being forced to run on Node.js 24: actions/checkout@v4, actions/upload-artifact@v4. For more information see: https://github.blog/changelog/2025-09-19-deprecation-of-node-20-on-github-actions-runners/
