warning: 'ios': found 110 file(s) which are unhandled; explicitly declare them as resources or exclude from the target
    /Users/yingpengwang/.codex/worktrees/970d/creator-platform/apps/ios/Tests/QelvoraUITests/__Snapshots__/NativeSnapshotTests/testComponentCatalogThemes.Segmented-night.png
    /Users/yingpengwang/.codex/worktrees/970d/creator-platform/apps/ios/Tests/QelvoraUITests/__Snapshots__/NativeSnapshotTests/testAuthorIdentitySurfaces.light.png
    /Users/yingpengwang/.codex/worktrees/970d/creator-platform/apps/ios/Tests/QelvoraUITests/__Snapshots__/NativeSnapshotTests/testComponentCatalogThemes.SigningSheet-night.png
    /Users/yingpengwang/.codex/worktrees/970d/creator-platform/apps/ios/Tests/QelvoraUITests/__Snapshots__/NativeSnapshotTests/testComponentCatalogThemes.Sidebar-night.png
    /Users/yingpengwang/.codex/worktrees/970d/creator-platform/apps/ios/Tests/QelvoraUITests/__Snapshots__/NativeSnapshotTests/testComponentCatalogThemes.EtaLine-night.png
    /Users/yingpengwang/.codex/worktrees/970d/creator-platform/apps/ios/Tests/QelvoraUITests/__Snapshots__/NativeSnapshotTests/testComponentCatalogThemes.Receipt-light.png
    /Users/yingpengwang/.codex/worktrees/970d/creator-platform/apps/ios/Tests/QelvoraUITests/__Snapshots__/NativeSnapshotTests/testComponentCatalogThemes.StepIn-light.png
    /Users/yingpengwang/.codex/worktrees/970d/creator-platform/apps/ios/Tests/QelvoraUITests/__Snapshots__/NativeSnapshotTests/testComponentCatalogThemes.Countdown-night.png
    /Users/yingpengwang/.codex/worktrees/970d/creator-platform/apps/ios/Tests/QelvoraUITests/__Snapshots__/NativeSnapshotTests/testComponentCatalogThemes.ThreadHeader-light.png
    /Users/yingpengwang/.codex/worktrees/970d/creator-platform/apps/ios/Tests/QelvoraUITests/__Snapshots__/NativeSnapshotTests/testComponentCatalogThemes.RequestStatus-night.png
    /Users/yingpengwang/.codex/worktrees/970d/creator-platform/apps/ios/Tests/QelvoraUITests/__Snapshots__/NativeSnapshotTests/testComponentCatalogThemes.Sidebar-light.png
    /Users/yingpengwang/.codex/worktrees/970d/creator-platform/apps/ios/Tests/QelvoraUITests/__Snapshots__/NativeSnapshotTests/testComponentCatalogThemes.Dialog-light.png
    /Users/yingpengwang/.codex/worktrees/970d/creator-platform/apps/ios/Tests/QelvoraUITests/__Snapshots__/NativeSnapshotTests/testComponentCatalogThemes.TestConsole-night.png
    /Users/yingpengwang/.codex/worktrees/970d/creator-platform/apps/ios/Tests/QelvoraUITests/__Snapshots__/NativeSnapshotTests/testWelcomeThemes.light.png
    /Users/yingpengwang/.codex/worktrees/970d/creator-platform/apps/ios/Tests/QelvoraUITests/__Snapshots__/NativeSnapshotTests/testComponentCatalogThemes.Countdown-light.png
    /Users/yingpengwang/.codex/worktrees/970d/creator-platform/apps/ios/Tests/QelvoraUITests/__Snapshots__/NativeSnapshotTests/testComponentCatalogThemes.Note-light.png
    /Users/yingpengwang/.codex/worktrees/970d/creator-platform/apps/ios/Tests/QelvoraUITests/__Snapshots__/NativeSnapshotTests/testComponentCatalogThemes.Seal-night.png
    /Users/yingpengwang/.codex/worktrees/970d/creator-platform/apps/ios/Tests/QelvoraUITests/__Snapshots__/NativeSnapshotTests/testComponentCatalogThemes.Avatar-light.png
    /Users/yingpengwang/.codex/worktrees/970d/creator-platform/apps/ios/Tests/QelvoraUITests/__Snapshots__/NativeSnapshotTests/testComponentCatalogThemes.EtaLine-light.png
    /Users/yingpengwang/.codex/worktrees/970d/creator-platform/apps/ios/Tests/QelvoraUITests/__Snapshots__/NativeSnapshotTests/testComponentCatalogThemes.VoiceNote-light.png
    /Users/yingpengwang/.codex/worktrees/970d/creator-platform/apps/ios/Tests/QelvoraUITests/__Snapshots__/NativeSnapshotTests/testComponentCatalogThemes.InsteadMenu-light.png
    /Users/yingpengwang/.codex/worktrees/970d/creator-platform/apps/ios/Tests/QelvoraUITests/__Snapshots__/NativeSnapshotTests/testComponentCatalogThemes.TabBar-light.png
    /Users/yingpengwang/.codex/worktrees/970d/creator-platform/apps/ios/Tests/QelvoraUITests/__Snapshots__/NativeSnapshotTests/testComponentCatalogThemes.TermsBlock-night.png
    /Users/yingpengwang/.codex/worktrees/970d/creator-platform/apps/ios/Tests/QelvoraUITests/__Snapshots__/NativeSnapshotTests/testComponentCatalogThemes.TestConsole-light.png
    /Users/yingpengwang/.codex/worktrees/970d/creator-platform/apps/ios/Tests/QelvoraUITests/__Snapshots__/NativeSnapshotTests/testComponentCatalogThemes.ReservedLabel-night.png
    /Users/yingpengwang/.codex/worktrees/970d/creator-platform/apps/ios/Tests/QelvoraUITests/__Snapshots__/NativeSnapshotTests/testComponentCatalogThemes.SystemLine-night.png
    /Users/yingpengwang/.codex/worktrees/970d/creator-platform/apps/ios/Tests/QelvoraUITests/__Snapshots__/NativeSnapshotTests/testComponentCatalogThemes.Dialog-night.png
    /Users/yingpengwang/.codex/worktrees/970d/creator-platform/apps/ios/Tests/QelvoraUITests/__Snapshots__/NativeSnapshotTests/testComponentCatalogThemes.InsteadMenu-night.png
    /Users/yingpengwang/.codex/worktrees/970d/creator-platform/apps/ios/Tests/QelvoraUITests/__Snapshots__/NativeSnapshotTests/testComponentCatalogThemes.LabelPreview-light.png
    /Users/yingpengwang/.codex/worktrees/970d/creator-platform/apps/ios/Tests/QelvoraUITests/__Snapshots__/NativeSnapshotTests/testComponentCatalogThemes.ContextCard-night.png
    /Users/yingpengwang/.codex/worktrees/970d/creator-platform/apps/ios/Tests/QelvoraUITests/__Snapshots__/NativeSnapshotTests/testComponentCatalogThemes.LabelPreview-night.png
    /Users/yingpengwang/.codex/worktrees/970d/creator-platform/apps/ios/Tests/QelvoraUITests/__Snapshots__/NativeSnapshotTests/testComponentCatalogThemes.EmailFrame-night.png
    /Users/yingpengwang/.codex/worktrees/970d/creator-platform/apps/ios/Tests/QelvoraUITests/__Snapshots__/NativeSnapshotTests/testComponentCatalogThemes.AuthorLabel-night.png
    /Users/yingpengwang/.codex/worktrees/970d/creator-platform/apps/ios/Tests/QelvoraUITests/__Snapshots__/NativeSnapshotTests/testComponentCatalogThemes.IdentityStrip-light.png
    /Users/yingpengwang/.codex/worktrees/970d/creator-platform/apps/ios/Tests/QelvoraUITests/__Snapshots__/NativeSnapshotTests/testComponentCatalogThemes.Button-light.png
    /Users/yingpengwang/.codex/worktrees/970d/creator-platform/apps/ios/Tests/QelvoraUITests/__Snapshots__/NativeSnapshotTests/testComponentCatalogThemes.Button-night.png
    /Users/yingpengwang/.codex/worktrees/970d/creator-platform/apps/ios/Tests/QelvoraUITests/__Snapshots__/NativeSnapshotTests/testWelcomeThemes.night.png
    /Users/yingpengwang/.codex/worktrees/970d/creator-platform/apps/ios/Tests/QelvoraUITests/__Snapshots__/NativeSnapshotTests/testComponentCatalogThemes.MemoryChip-night.png
    /Users/yingpengwang/.codex/worktrees/970d/creator-platform/apps/ios/Tests/QelvoraUITests/__Snapshots__/NativeSnapshotTests/testComponentCatalogThemes.QueueCard-light.png
    /Users/yingpengwang/.codex/worktrees/970d/creator-platform/apps/ios/Tests/QelvoraUITests/__Snapshots__/NativeSnapshotTests/testComponentCatalogThemes.Toast-night.png
    /Users/yingpengwang/.codex/worktrees/970d/creator-platform/apps/ios/Tests/QelvoraUITests/__Snapshots__/NativeSnapshotTests/testComponentCatalogThemes.NotificationRow-light.png
    /Users/yingpengwang/.codex/worktrees/970d/creator-platform/apps/ios/Tests/QelvoraUITests/__Snapshots__/NativeSnapshotTests/testComponentCatalogThemes.Sheet-light.png
    /Users/yingpengwang/.codex/worktrees/970d/creator-platform/apps/ios/Tests/QelvoraUITests/__Snapshots__/NativeSnapshotTests/testComponentCatalogThemes.Receipt-night.png
    /Users/yingpengwang/.codex/worktrees/970d/creator-platform/apps/ios/Tests/QelvoraUITests/__Snapshots__/NativeSnapshotTests/testComponentCatalogThemes.ContextCard-light.png
    /Users/yingpengwang/.codex/worktrees/970d/creator-platform/apps/ios/Tests/QelvoraUITests/__Snapshots__/NativeSnapshotTests/testComponentCatalogThemes.Avatar-night.png
    /Users/yingpengwang/.codex/worktrees/970d/creator-platform/apps/ios/Tests/QelvoraUITests/__Snapshots__/NativeSnapshotTests/testComponentCatalogThemes.AccessLines-light.png
    /Users/yingpengwang/.codex/worktrees/970d/creator-platform/apps/ios/Tests/QelvoraUITests/__Snapshots__/NativeSnapshotTests/testComponentCatalogThemes.AuthorLabel-light.png
    /Users/yingpengwang/.codex/worktrees/970d/creator-platform/apps/ios/Tests/QelvoraUITests/__Snapshots__/NativeSnapshotTests/testComponentCatalogThemes.Notice-night.png
    /Users/yingpengwang/.codex/worktrees/970d/creator-platform/apps/ios/Tests/QelvoraUITests/__Snapshots__/NativeSnapshotTests/testComponentCatalogThemes.StepIn-night.png
    /Users/yingpengwang/.codex/worktrees/970d/creator-platform/apps/ios/Tests/QelvoraUITests/__Snapshots__/NativeSnapshotTests/testComponentCatalogThemes.EmptyState-light.png
    /Users/yingpengwang/.codex/worktrees/970d/creator-platform/apps/ios/Tests/QelvoraUITests/__Snapshots__/NativeSnapshotTests/testComponentCatalogThemes.VersionList-night.png
    /Users/yingpengwang/.codex/worktrees/970d/creator-platform/apps/ios/Tests/QelvoraUITests/__Snapshots__/NativeSnapshotTests/testComponentCatalogThemes.Mark-light.png
    /Users/yingpengwang/.codex/worktrees/970d/creator-platform/apps/ios/Tests/QelvoraUITests/__Snapshots__/NativeSnapshotTests/testComponentCatalogThemes.Correction-light.png
    /Users/yingpengwang/.codex/worktrees/970d/creator-platform/apps/ios/Tests/QelvoraUITests/__Snapshots__/NativeSnapshotTests/testComponentCatalogThemes.Message-light.png
    /Users/yingpengwang/.codex/worktrees/970d/creator-platform/apps/ios/Tests/QelvoraUITests/__Snapshots__/NativeSnapshotTests/testComponentCatalogThemes.IncludeList-light.png
    /Users/yingpengwang/.codex/worktrees/970d/creator-platform/apps/ios/Tests/QelvoraUITests/__Snapshots__/NativeSnapshotTests/testComponentCatalogThemes.CallChip-night.png
    /Users/yingpengwang/.codex/worktrees/970d/creator-platform/apps/ios/Tests/QelvoraUITests/__Snapshots__/NativeSnapshotTests/testComponentCatalogThemes.CapacityHeader-night.png
    /Users/yingpengwang/.codex/worktrees/970d/creator-platform/apps/ios/Tests/QelvoraUITests/__Snapshots__/NativeSnapshotTests/testComponentCatalogThemes.ReactionChip-night.png
    /Users/yingpengwang/.codex/worktrees/970d/creator-platform/apps/ios/Tests/QelvoraUITests/__Snapshots__/NativeSnapshotTests/testComponentCatalogThemes.Composer-night.png
    /Users/yingpengwang/.codex/worktrees/970d/creator-platform/apps/ios/Tests/QelvoraUITests/__Snapshots__/NativeSnapshotTests/testComponentCatalogThemes.CapacityHeader-light.png
    /Users/yingpengwang/.codex/worktrees/970d/creator-platform/apps/ios/Tests/QelvoraUITests/__Snapshots__/NativeSnapshotTests/testComponentCatalogThemes.CitationChip-light.png
    /Users/yingpengwang/.codex/worktrees/970d/creator-platform/apps/ios/Tests/QelvoraUITests/__Snapshots__/NativeSnapshotTests/testComponentCatalogThemes.IdentityStrip-night.png
    /Users/yingpengwang/.codex/worktrees/970d/creator-platform/apps/ios/Tests/QelvoraUITests/__Snapshots__/NativeSnapshotTests/testComponentCatalogThemes.QueueCard-night.png
    /Users/yingpengwang/.codex/worktrees/970d/creator-platform/apps/ios/Tests/QelvoraUITests/__Snapshots__/NativeSnapshotTests/testComponentCatalogThemes.AuditBanner-night.png
    /Users/yingpengwang/.codex/worktrees/970d/creator-platform/apps/ios/Tests/QelvoraUITests/__Snapshots__/NativeSnapshotTests/testComponentCatalogThemes.EmailFrame-light.png
    /Users/yingpengwang/.codex/worktrees/970d/creator-platform/apps/ios/Tests/QelvoraUITests/__Snapshots__/NativeSnapshotTests/testComponentCatalogThemes.SignedMarker-night.png
    /Users/yingpengwang/.codex/worktrees/970d/creator-platform/apps/ios/Tests/QelvoraUITests/__Snapshots__/NativeSnapshotTests/testComponentCatalogThemes.ModeList-night.png
    /Users/yingpengwang/.codex/worktrees/970d/creator-platform/apps/ios/Tests/QelvoraUITests/__Snapshots__/NativeSnapshotTests/testComponentCatalogThemes.StudioTabBar-light.png
    /Users/yingpengwang/.codex/worktrees/970d/creator-platform/apps/ios/Tests/QelvoraUITests/__Snapshots__/NativeSnapshotTests/testComponentCatalogThemes.ModeList-light.png
    /Users/yingpengwang/.codex/worktrees/970d/creator-platform/apps/ios/Tests/QelvoraUITests/__Snapshots__/NativeSnapshotTests/testComponentCatalogThemes.Segmented-light.png
    /Users/yingpengwang/.codex/worktrees/970d/creator-platform/apps/ios/Tests/QelvoraUITests/__Snapshots__/NativeSnapshotTests/testComponentCatalogThemes.Notice-light.png
    /Users/yingpengwang/.codex/worktrees/970d/creator-platform/apps/ios/Tests/QelvoraUITests/__Snapshots__/NativeSnapshotTests/testComponentCatalogThemes.SpendLimit-light.png
    /Users/yingpengwang/.codex/worktrees/970d/creator-platform/apps/ios/Tests/QelvoraUITests/__Snapshots__/NativeSnapshotTests/testComponentCatalogThemes.Sheet-night.png
    /Users/yingpengwang/.codex/worktrees/970d/creator-platform/apps/ios/Tests/QelvoraUITests/__Snapshots__/NativeSnapshotTests/testComponentCatalogThemes.SpendLimit-night.png
    /Users/yingpengwang/.codex/worktrees/970d/creator-platform/apps/ios/Tests/QelvoraUITests/__Snapshots__/NativeSnapshotTests/testComponentCatalogThemes.Toast-light.png
    /Users/yingpengwang/.codex/worktrees/970d/creator-platform/apps/ios/Tests/QelvoraUITests/__Snapshots__/NativeSnapshotTests/testComponentCatalogThemes.TabBar-night.png
    /Users/yingpengwang/.codex/worktrees/970d/creator-platform/apps/ios/Tests/QelvoraUITests/__Snapshots__/NativeSnapshotTests/testComponentCatalogThemes.NotificationRow-night.png
    /Users/yingpengwang/.codex/worktrees/970d/creator-platform/apps/ios/Tests/QelvoraUITests/__Snapshots__/NativeSnapshotTests/testComponentCatalogThemes.ReactionChip-light.png
    /Users/yingpengwang/.codex/worktrees/970d/creator-platform/apps/ios/Tests/QelvoraUITests/__Snapshots__/NativeSnapshotTests/testComponentCatalogThemes.TermsBlock-light.png
    /Users/yingpengwang/.codex/worktrees/970d/creator-platform/apps/ios/Tests/QelvoraUITests/__Snapshots__/NativeSnapshotTests/testComponentCatalogThemes.Mark-night.png
    /Users/yingpengwang/.codex/worktrees/970d/creator-platform/apps/ios/Tests/QelvoraUITests/__Snapshots__/NativeSnapshotTests/testComponentCatalogThemes.SystemLine-light.png
    /Users/yingpengwang/.codex/worktrees/970d/creator-platform/apps/ios/Tests/QelvoraUITests/__Snapshots__/NativeSnapshotTests/testComponentCatalogThemes.Composer-light.png
    /Users/yingpengwang/.codex/worktrees/970d/creator-platform/apps/ios/Tests/QelvoraUITests/__Snapshots__/NativeSnapshotTests/testComponentCatalogThemes.StudioTabBar-night.png
    /Users/yingpengwang/.codex/worktrees/970d/creator-platform/apps/ios/Tests/QelvoraUITests/__Snapshots__/NativeSnapshotTests/testComponentCatalogThemes.SourceRow-night.png
    /Users/yingpengwang/.codex/worktrees/970d/creator-platform/apps/ios/Tests/QelvoraUITests/__Snapshots__/NativeSnapshotTests/testComponentCatalogThemes.Note-night.png
    /Users/yingpengwang/.codex/worktrees/970d/creator-platform/apps/ios/Tests/QelvoraUITests/__Snapshots__/NativeSnapshotTests/testComponentCatalogThemes.CitationChip-night.png
    /Users/yingpengwang/.codex/worktrees/970d/creator-platform/apps/ios/Tests/QelvoraUITests/__Snapshots__/NativeSnapshotTests/testComponentCatalogThemes.SourceRow-light.png
    /Users/yingpengwang/.codex/worktrees/970d/creator-platform/apps/ios/Tests/QelvoraUITests/__Snapshots__/NativeSnapshotTests/testComponentCatalogThemes.MemoryChip-light.png
    /Users/yingpengwang/.codex/worktrees/970d/creator-platform/apps/ios/Tests/QelvoraUITests/__Snapshots__/NativeSnapshotTests/testComponentCatalogThemes.SignedMarker-light.png
    /Users/yingpengwang/.codex/worktrees/970d/creator-platform/apps/ios/Tests/QelvoraUITests/__Snapshots__/NativeSnapshotTests/testComponentCatalogThemes.Message-night.png
    /Users/yingpengwang/.codex/worktrees/970d/creator-platform/apps/ios/Tests/QelvoraUITests/__Snapshots__/NativeSnapshotTests/testComponentCatalogThemes.CallChip-light.png
    /Users/yingpengwang/.codex/worktrees/970d/creator-platform/apps/ios/Tests/QelvoraUITests/__Snapshots__/NativeSnapshotTests/testComponentCatalogThemes.VersionList-light.png
    /Users/yingpengwang/.codex/worktrees/970d/creator-platform/apps/ios/Tests/QelvoraUITests/__Snapshots__/NativeSnapshotTests/testComponentCatalogThemes.Skeleton-light.png
    /Users/yingpengwang/.codex/worktrees/970d/creator-platform/apps/ios/Tests/QelvoraUITests/__Snapshots__/NativeSnapshotTests/testComponentCatalogThemes.VoiceNote-night.png
    /Users/yingpengwang/.codex/worktrees/970d/creator-platform/apps/ios/Tests/QelvoraUITests/__Snapshots__/NativeSnapshotTests/testComponentCatalogThemes.Correction-night.png
    /Users/yingpengwang/.codex/worktrees/970d/creator-platform/apps/ios/Tests/QelvoraUITests/__Snapshots__/NativeSnapshotTests/testComponentCatalogThemes.EmptyState-night.png
    /Users/yingpengwang/.codex/worktrees/970d/creator-platform/apps/ios/Tests/QelvoraUITests/__Snapshots__/NativeSnapshotTests/testComponentCatalogThemes.ReservedLabel-light.png
    /Users/yingpengwang/.codex/worktrees/970d/creator-platform/apps/ios/Tests/QelvoraUITests/__Snapshots__/NativeSnapshotTests/testComponentCatalogThemes.DigestItem-night.png
    /Users/yingpengwang/.codex/worktrees/970d/creator-platform/apps/ios/Tests/QelvoraUITests/__Snapshots__/NativeSnapshotTests/testComponentCatalogThemes.ShareCard-light.png
    /Users/yingpengwang/.codex/worktrees/970d/creator-platform/apps/ios/Tests/QelvoraUITests/__Snapshots__/NativeSnapshotTests/testComponentCatalogThemes.AccessLines-night.png
    /Users/yingpengwang/.codex/worktrees/970d/creator-platform/apps/ios/Tests/QelvoraUITests/__Snapshots__/NativeSnapshotTests/testAuthorIdentitySurfaces.night.png
    /Users/yingpengwang/.codex/worktrees/970d/creator-platform/apps/ios/Tests/QelvoraUITests/__Snapshots__/NativeSnapshotTests/testComponentCatalogThemes.AuditBanner-light.png
    /Users/yingpengwang/.codex/worktrees/970d/creator-platform/apps/ios/Tests/QelvoraUITests/__Snapshots__/NativeSnapshotTests/testComponentCatalogThemes.Skeleton-night.png
    /Users/yingpengwang/.codex/worktrees/970d/creator-platform/apps/ios/Tests/QelvoraUITests/__Snapshots__/NativeSnapshotTests/testComponentCatalogThemes.RequestStatus-light.png
    /Users/yingpengwang/.codex/worktrees/970d/creator-platform/apps/ios/Tests/QelvoraUITests/__Snapshots__/NativeSnapshotTests/testComponentCatalogThemes.Seal-light.png
    /Users/yingpengwang/.codex/worktrees/970d/creator-platform/apps/ios/Tests/QelvoraUITests/__Snapshots__/NativeSnapshotTests/testComponentCatalogThemes.DigestItem-light.png
    /Users/yingpengwang/.codex/worktrees/970d/creator-platform/apps/ios/Tests/QelvoraUITests/__Snapshots__/NativeSnapshotTests/testComponentCatalogThemes.IncludeList-night.png
    /Users/yingpengwang/.codex/worktrees/970d/creator-platform/apps/ios/Tests/QelvoraUITests/__Snapshots__/NativeSnapshotTests/testComponentCatalogThemes.SigningSheet-light.png
    /Users/yingpengwang/.codex/worktrees/970d/creator-platform/apps/ios/Tests/QelvoraUITests/__Snapshots__/NativeSnapshotTests/testComponentCatalogThemes.ShareCard-night.png
    /Users/yingpengwang/.codex/worktrees/970d/creator-platform/apps/ios/Tests/QelvoraUITests/__Snapshots__/NativeSnapshotTests/testComponentCatalogThemes.ThreadHeader-night.png
[0/1] Planning build
Building for debugging...
[0/11] Write sources
[1/11] /tmp/qelvora-w6-takeover-swift-20260930/x86_64-apple-macosx/debug/QelvoraNativePackageTests.derived/runner.swift
[3/14] Write qelvora-native-snapshots-entitlement.plist
[3/14] Write sources
[7/14] Copying Localizable.xcstrings
[8/15] Copying Glyphs.json
[9/15] Write swift-version--58304C5D6DBC2206.txt
[11/58] Compiling QelvoraUI NativeVoiceRecorder.swift
[12/58] Compiling QelvoraUI NativeCallView.swift
[13/58] Compiling QelvoraUI QelvoraCopy.swift
[14/58] Compiling QelvoraUI QelvoraTokens.swift
[15/58] Compiling QelvoraUI Overlays.swift
[16/58] Compiling QelvoraUI NativeMediaClient.swift
[17/58] Compiling QelvoraUI FanShell.swift
[18/71] Emitting module QelvoraUI
/Users/yingpengwang/.codex/worktrees/970d/creator-platform/apps/ios/Sources/QelvoraUI/Trust.swift:23:93: warning: no 'async' operations occur within 'await' expression
 21 |     public let baseURL: URL
 22 |     public let token: @Sendable () async throws -> String?
 23 |     public init(baseURL: URL, token: @escaping @Sendable () async throws -> String? = { try await SecureSessionStorage().read() }) { self.baseURL = baseURL; self.token = token }
    |                                                                                             `- warning: no 'async' operations occur within 'await' expression
 24 |     fileprivate func request<T: Decodable>(_ path: String, body: Data? = nil) async throws -> T {
 25 |         try JSONDecoder().decode(T.self, from: await bytes(path, body: body))
[19/71] Compiling QelvoraUI NativeCallOffers.swift
[20/71] Compiling QelvoraUI QelvoraAPI.swift
[21/72] Compiling QelvoraUI DeliveryProtocol.swift
[22/72] Compiling QelvoraUI ComponentPreview.swift
[23/72] Compiling QelvoraUI StoreMembershipPane.swift
[24/72] Compiling QelvoraUI Trust.swift
/Users/yingpengwang/.codex/worktrees/970d/creator-platform/apps/ios/Sources/QelvoraUI/Trust.swift:23:93: warning: no 'async' operations occur within 'await' expression
 21 |     public let baseURL: URL
 22 |     public let token: @Sendable () async throws -> String?
 23 |     public init(baseURL: URL, token: @escaping @Sendable () async throws -> String? = { try await SecureSessionStorage().read() }) { self.baseURL = baseURL; self.token = token }
    |                                                                                             `- warning: no 'async' operations occur within 'await' expression
 24 |     fileprivate func request<T: Decodable>(_ path: String, body: Data? = nil) async throws -> T {
 25 |         try JSONDecoder().decode(T.self, from: await bytes(path, body: body))
[25/72] Compiling QelvoraUI Welcome.swift
[26/72] Compiling QelvoraUI StudioComponents.swift
[27/72] Compiling QelvoraUI Identity.swift
[28/72] Compiling QelvoraUI ThreadComponents.swift
[29/72] Compiling QelvoraUI Navigation.swift
[30/72] Compiling QelvoraUI AccessComponents.swift
[31/72] Compiling QelvoraUI Conversation.swift
[32/72] Compiling QelvoraUI Controls.swift
[33/72] Compiling QelvoraUI CommerceFeature.swift
[34/72] Compiling QelvoraUI Growth.swift
[35/74] Emitting module NativeSnapshots
[36/74] Compiling NativeSnapshots main.swift
[36/74] Write Objects.LinkFileList
[37/74] Linking qelvora-native-snapshots
[38/74] Applying qelvora-native-snapshots
[40/74] Compiling SnapshotTesting Snapshotting.swift
[41/74] Compiling SnapshotTesting Any.swift
[42/74] Compiling SnapshotTesting CALayer.swift
[43/74] Compiling SnapshotTesting CGPath.swift
[44/74] Compiling SnapshotTesting NSViewController.swift
[45/74] Compiling SnapshotTesting SceneKit.swift
[46/74] Compiling SnapshotTesting AssertSnapshot.swift
[47/74] Compiling SnapshotTesting Async.swift
[48/74] Compiling SnapshotTesting Internal.swift
[49/74] Compiling SnapshotTesting NSImage.swift
[50/74] Compiling SnapshotTesting NSView.swift
[51/74] Compiling SnapshotTesting Deprecations.swift
[52/74] Compiling SnapshotTesting RecordIssue.swift
[53/74] Compiling SnapshotTesting XCTAttachment.swift
[54/74] Compiling SnapshotTesting Diff.swift
[55/74] Compiling SnapshotTesting Encodable.swift
[56/74] Compiling SnapshotTesting NSBezierPath.swift
[57/74] Compiling SnapshotTesting SnapshotTestingConfiguration.swift
[58/74] Compiling SnapshotTesting SnapshotsTestTrait.swift
[59/74] Compiling SnapshotTesting Diffing.swift
[60/74] Compiling SnapshotTesting Wait.swift
[61/74] Compiling SnapshotTesting UIImage.swift
[62/74] Compiling SnapshotTesting UIView.swift
[63/74] Compiling SnapshotTesting CaseIterable.swift
[64/74] Compiling SnapshotTesting Data.swift
[65/74] Compiling SnapshotTesting SpriteKit.swift
[66/74] Compiling SnapshotTesting String.swift
[67/74] Compiling SnapshotTesting SwiftUIView.swift
[68/74] Compiling SnapshotTesting UIBezierPath.swift
[69/76] Compiling SnapshotTesting UIViewController.swift
[70/76] Compiling SnapshotTesting URLRequest.swift
[71/76] Emitting module SnapshotTesting
[72/76] Compiling SnapshotTesting PlistEncoder.swift
[73/76] Compiling SnapshotTesting String+SpecialCharacters.swift
[74/76] Compiling SnapshotTesting View.swift
[75/81] Compiling QelvoraUITests DeliveryProtocolTests.swift
[76/81] Compiling QelvoraUITests NativeSnapshotTests.swift
/Users/yingpengwang/.codex/worktrees/970d/creator-platform/apps/ios/Tests/QelvoraUITests/NativeSnapshotTests.swift:126:7: warning: 'assertSnapshot(of:as:named:record:timeout:fileID:file:testName:line:column:)' is deprecated: Use overload with 'record: SnapshotTestingConfiguration.Record?' [#DeprecatedDeclaration]
124 |       let snapshot = NSImage(size: size)
125 |       snapshot.addRepresentation(bitmap)
126 |       assertSnapshot(
    |       `- warning: 'assertSnapshot(of:as:named:record:timeout:fileID:file:testName:line:column:)' is deprecated: Use overload with 'record: SnapshotTestingConfiguration.Record?' [#DeprecatedDeclaration]
127 |         of: snapshot, as: .image, named: name, record: record, file: file,
128 |         testName: testName, line: line)

[#DeprecatedDeclaration]: <https://docs.swift.org/compiler/documentation/diagnostics/deprecated-declaration>
[77/81] Compiling QelvoraUITests GeneratedContractTests.swift
[78/81] Emitting module QelvoraUITests
[79/81] Compiling QelvoraUITests IdentityTests.swift
[80/83] Emitting module QelvoraNativePackageTests
[81/83] Compiling QelvoraNativePackageTests runner.swift
[81/83] Write Objects.LinkFileList
[82/83] Linking QelvoraNativePackageTests
Build complete! (50.15s)
Test Suite 'Selected tests' started at 2026-09-30 20:25:29.675.
Test Suite 'QelvoraNativePackageTests.xctest' started at 2026-09-30 20:25:29.678.
Test Suite 'NativeSnapshotTests' started at 2026-09-30 20:25:29.678.
Test Case '-[QelvoraUITests.NativeSnapshotTests testAuthorIdentitySurfaces]' started.
/Users/yingpengwang/.codex/worktrees/970d/creator-platform/apps/ios/Tests/QelvoraUITests/NativeSnapshotTests.swift:40: error: -[QelvoraUITests.NativeSnapshotTests testAuthorIdentitySurfaces] : failed - Snapshot "light" does not match reference.

@−
"file:///Users/yingpengwang/.codex/worktrees/970d/creator-platform/apps/ios/Tests/QelvoraUITests/__Snapshots__/NativeSnapshotTests/testAuthorIdentitySurfaces.light.png"
@+
"file:///tmp/qelvora-w6-runtime-20261001/ios-layer-capture/NativeSnapshotTests/testAuthorIdentitySurfaces.light.png"

To configure output for a custom diff tool, use 'withSnapshotTesting'. For example:

    withSnapshotTesting(diffTool: .ksdiff) {
      // ...
    }

Newly-taken snapshot does not match reference.
/Users/yingpengwang/.codex/worktrees/970d/creator-platform/apps/ios/Tests/QelvoraUITests/NativeSnapshotTests.swift:40: error: -[QelvoraUITests.NativeSnapshotTests testAuthorIdentitySurfaces] : failed - Snapshot "night" does not match reference.

@−
"file:///Users/yingpengwang/.codex/worktrees/970d/creator-platform/apps/ios/Tests/QelvoraUITests/__Snapshots__/NativeSnapshotTests/testAuthorIdentitySurfaces.night.png"
@+
"file:///tmp/qelvora-w6-runtime-20261001/ios-layer-capture/NativeSnapshotTests/testAuthorIdentitySurfaces.night.png"

To configure output for a custom diff tool, use 'withSnapshotTesting'. For example:

    withSnapshotTesting(diffTool: .ksdiff) {
      // ...
    }

Newly-taken snapshot does not match reference.
Test Case '-[QelvoraUITests.NativeSnapshotTests testAuthorIdentitySurfaces]' failed (2.152 seconds).
Test Case '-[QelvoraUITests.NativeSnapshotTests testComponentCatalogThemes]' started.
/Users/yingpengwang/.codex/worktrees/970d/creator-platform/apps/ios/Tests/QelvoraUITests/NativeSnapshotTests.swift:60: error: -[QelvoraUITests.NativeSnapshotTests testComponentCatalogThemes] : failed - Snapshot "Mark.light" does not match reference.

@−
"file:///Users/yingpengwang/.codex/worktrees/970d/creator-platform/apps/ios/Tests/QelvoraUITests/__Snapshots__/NativeSnapshotTests/testComponentCatalogThemes.Mark-light.png"
@+
"file:///tmp/qelvora-w6-runtime-20261001/ios-layer-capture/NativeSnapshotTests/testComponentCatalogThemes.Mark-light.png"

To configure output for a custom diff tool, use 'withSnapshotTesting'. For example:

    withSnapshotTesting(diffTool: .ksdiff) {
      // ...
    }

Newly-taken snapshot does not match reference.
/Users/yingpengwang/.codex/worktrees/970d/creator-platform/apps/ios/Tests/QelvoraUITests/NativeSnapshotTests.swift:60: error: -[QelvoraUITests.NativeSnapshotTests testComponentCatalogThemes] : failed - Snapshot "Seal.light" does not match reference.

@−
"file:///Users/yingpengwang/.codex/worktrees/970d/creator-platform/apps/ios/Tests/QelvoraUITests/__Snapshots__/NativeSnapshotTests/testComponentCatalogThemes.Seal-light.png"
@+
"file:///tmp/qelvora-w6-runtime-20261001/ios-layer-capture/NativeSnapshotTests/testComponentCatalogThemes.Seal-light.png"

To configure output for a custom diff tool, use 'withSnapshotTesting'. For example:

    withSnapshotTesting(diffTool: .ksdiff) {
      // ...
    }

Newly-taken snapshot does not match reference.
/Users/yingpengwang/.codex/worktrees/970d/creator-platform/apps/ios/Tests/QelvoraUITests/NativeSnapshotTests.swift:60: error: -[QelvoraUITests.NativeSnapshotTests testComponentCatalogThemes] : failed - Snapshot "Avatar.light" does not match reference.

@−
"file:///Users/yingpengwang/.codex/worktrees/970d/creator-platform/apps/ios/Tests/QelvoraUITests/__Snapshots__/NativeSnapshotTests/testComponentCatalogThemes.Avatar-light.png"
@+
"file:///tmp/qelvora-w6-runtime-20261001/ios-layer-capture/NativeSnapshotTests/testComponentCatalogThemes.Avatar-light.png"

To configure output for a custom diff tool, use 'withSnapshotTesting'. For example:

    withSnapshotTesting(diffTool: .ksdiff) {
      // ...
    }

Newly-taken snapshot does not match reference.
/Users/yingpengwang/.codex/worktrees/970d/creator-platform/apps/ios/Tests/QelvoraUITests/NativeSnapshotTests.swift:60: error: -[QelvoraUITests.NativeSnapshotTests testComponentCatalogThemes] : failed - Snapshot "AuthorLabel.light" does not match reference.

@−
"file:///Users/yingpengwang/.codex/worktrees/970d/creator-platform/apps/ios/Tests/QelvoraUITests/__Snapshots__/NativeSnapshotTests/testComponentCatalogThemes.AuthorLabel-light.png"
@+
"file:///tmp/qelvora-w6-runtime-20261001/ios-layer-capture/NativeSnapshotTests/testComponentCatalogThemes.AuthorLabel-light.png"

To configure output for a custom diff tool, use 'withSnapshotTesting'. For example:

    withSnapshotTesting(diffTool: .ksdiff) {
      // ...
    }

Newly-taken snapshot does not match reference.
/Users/yingpengwang/.codex/worktrees/970d/creator-platform/apps/ios/Tests/QelvoraUITests/NativeSnapshotTests.swift:60: error: -[QelvoraUITests.NativeSnapshotTests testComponentCatalogThemes] : failed - Snapshot "IdentityStrip.light" does not match reference.

@−
"file:///Users/yingpengwang/.codex/worktrees/970d/creator-platform/apps/ios/Tests/QelvoraUITests/__Snapshots__/NativeSnapshotTests/testComponentCatalogThemes.IdentityStrip-light.png"
@+
"file:///tmp/qelvora-w6-runtime-20261001/ios-layer-capture/NativeSnapshotTests/testComponentCatalogThemes.IdentityStrip-light.png"

To configure output for a custom diff tool, use 'withSnapshotTesting'. For example:

    withSnapshotTesting(diffTool: .ksdiff) {
      // ...
    }

Newly-taken snapshot does not match reference.
/Users/yingpengwang/.codex/worktrees/970d/creator-platform/apps/ios/Tests/QelvoraUITests/NativeSnapshotTests.swift:60: error: -[QelvoraUITests.NativeSnapshotTests testComponentCatalogThemes] : failed - Snapshot "ThreadHeader.light" does not match reference.

@−
"file:///Users/yingpengwang/.codex/worktrees/970d/creator-platform/apps/ios/Tests/QelvoraUITests/__Snapshots__/NativeSnapshotTests/testComponentCatalogThemes.ThreadHeader-light.png"
@+
"file:///tmp/qelvora-w6-runtime-20261001/ios-layer-capture/NativeSnapshotTests/testComponentCatalogThemes.ThreadHeader-light.png"

To configure output for a custom diff tool, use 'withSnapshotTesting'. For example:

    withSnapshotTesting(diffTool: .ksdiff) {
      // ...
    }

Newly-taken snapshot does not match reference.
/Users/yingpengwang/.codex/worktrees/970d/creator-platform/apps/ios/Tests/QelvoraUITests/NativeSnapshotTests.swift:60: error: -[QelvoraUITests.NativeSnapshotTests testComponentCatalogThemes] : failed - Snapshot "SignedMarker.light" does not match reference.

@−
"file:///Users/yingpengwang/.codex/worktrees/970d/creator-platform/apps/ios/Tests/QelvoraUITests/__Snapshots__/NativeSnapshotTests/testComponentCatalogThemes.SignedMarker-light.png"
@+
"file:///tmp/qelvora-w6-runtime-20261001/ios-layer-capture/NativeSnapshotTests/testComponentCatalogThemes.SignedMarker-light.png"

To configure output for a custom diff tool, use 'withSnapshotTesting'. For example:

    withSnapshotTesting(diffTool: .ksdiff) {
      // ...
    }

Newly-taken snapshot does not match reference.
/Users/yingpengwang/.codex/worktrees/970d/creator-platform/apps/ios/Tests/QelvoraUITests/NativeSnapshotTests.swift:60: error: -[QelvoraUITests.NativeSnapshotTests testComponentCatalogThemes] : failed - Snapshot "SystemLine.light" does not match reference.

@−
"file:///Users/yingpengwang/.codex/worktrees/970d/creator-platform/apps/ios/Tests/QelvoraUITests/__Snapshots__/NativeSnapshotTests/testComponentCatalogThemes.SystemLine-light.png"
@+
"file:///tmp/qelvora-w6-runtime-20261001/ios-layer-capture/NativeSnapshotTests/testComponentCatalogThemes.SystemLine-light.png"

To configure output for a custom diff tool, use 'withSnapshotTesting'. For example:

    withSnapshotTesting(diffTool: .ksdiff) {
      // ...
    }

Newly-taken snapshot does not match reference.
/Users/yingpengwang/.codex/worktrees/970d/creator-platform/apps/ios/Tests/QelvoraUITests/NativeSnapshotTests.swift:60: error: -[QelvoraUITests.NativeSnapshotTests testComponentCatalogThemes] : failed - Snapshot "Message.light" does not match reference.

@−
"file:///Users/yingpengwang/.codex/worktrees/970d/creator-platform/apps/ios/Tests/QelvoraUITests/__Snapshots__/NativeSnapshotTests/testComponentCatalogThemes.Message-light.png"
@+
"file:///tmp/qelvora-w6-runtime-20261001/ios-layer-capture/NativeSnapshotTests/testComponentCatalogThemes.Message-light.png"

To configure output for a custom diff tool, use 'withSnapshotTesting'. For example:

    withSnapshotTesting(diffTool: .ksdiff) {
      // ...
    }

Newly-taken snapshot does not match reference.
/Users/yingpengwang/.codex/worktrees/970d/creator-platform/apps/ios/Tests/QelvoraUITests/NativeSnapshotTests.swift:60: error: -[QelvoraUITests.NativeSnapshotTests testComponentCatalogThemes] : failed - Snapshot "Note.light" does not match reference.

@−
"file:///Users/yingpengwang/.codex/worktrees/970d/creator-platform/apps/ios/Tests/QelvoraUITests/__Snapshots__/NativeSnapshotTests/testComponentCatalogThemes.Note-light.png"
@+
"file:///tmp/qelvora-w6-runtime-20261001/ios-layer-capture/NativeSnapshotTests/testComponentCatalogThemes.Note-light.png"

To configure output for a custom diff tool, use 'withSnapshotTesting'. For example:

    withSnapshotTesting(diffTool: .ksdiff) {
      // ...
    }

Newly-taken snapshot does not match reference.
/Users/yingpengwang/.codex/worktrees/970d/creator-platform/apps/ios/Tests/QelvoraUITests/NativeSnapshotTests.swift:60: error: -[QelvoraUITests.NativeSnapshotTests testComponentCatalogThemes] : failed - Snapshot "ReactionChip.light" does not match reference.

@−
"file:///Users/yingpengwang/.codex/worktrees/970d/creator-platform/apps/ios/Tests/QelvoraUITests/__Snapshots__/NativeSnapshotTests/testComponentCatalogThemes.ReactionChip-light.png"
@+
"file:///tmp/qelvora-w6-runtime-20261001/ios-layer-capture/NativeSnapshotTests/testComponentCatalogThemes.ReactionChip-light.png"

To configure output for a custom diff tool, use 'withSnapshotTesting'. For example:

    withSnapshotTesting(diffTool: .ksdiff) {
      // ...
    }

Newly-taken snapshot does not match reference.
/Users/yingpengwang/.codex/worktrees/970d/creator-platform/apps/ios/Tests/QelvoraUITests/NativeSnapshotTests.swift:60: error: -[QelvoraUITests.NativeSnapshotTests testComponentCatalogThemes] : failed - Snapshot "CitationChip.light" does not match reference.

@−
"file:///Users/yingpengwang/.codex/worktrees/970d/creator-platform/apps/ios/Tests/QelvoraUITests/__Snapshots__/NativeSnapshotTests/testComponentCatalogThemes.CitationChip-light.png"
@+
"file:///tmp/qelvora-w6-runtime-20261001/ios-layer-capture/NativeSnapshotTests/testComponentCatalogThemes.CitationChip-light.png"

To configure output for a custom diff tool, use 'withSnapshotTesting'. For example:

    withSnapshotTesting(diffTool: .ksdiff) {
      // ...
    }

Newly-taken snapshot does not match reference.
/Users/yingpengwang/.codex/worktrees/970d/creator-platform/apps/ios/Tests/QelvoraUITests/NativeSnapshotTests.swift:60: error: -[QelvoraUITests.NativeSnapshotTests testComponentCatalogThemes] : failed - Snapshot "MemoryChip.light" does not match reference.

@−
"file:///Users/yingpengwang/.codex/worktrees/970d/creator-platform/apps/ios/Tests/QelvoraUITests/__Snapshots__/NativeSnapshotTests/testComponentCatalogThemes.MemoryChip-light.png"
@+
"file:///tmp/qelvora-w6-runtime-20261001/ios-layer-capture/NativeSnapshotTests/testComponentCatalogThemes.MemoryChip-light.png"

To configure output for a custom diff tool, use 'withSnapshotTesting'. For example:

    withSnapshotTesting(diffTool: .ksdiff) {
      // ...
    }

Newly-taken snapshot does not match reference.
/Users/yingpengwang/.codex/worktrees/970d/creator-platform/apps/ios/Tests/QelvoraUITests/NativeSnapshotTests.swift:60: error: -[QelvoraUITests.NativeSnapshotTests testComponentCatalogThemes] : failed - Snapshot "Correction.light" does not match reference.

@−
"file:///Users/yingpengwang/.codex/worktrees/970d/creator-platform/apps/ios/Tests/QelvoraUITests/__Snapshots__/NativeSnapshotTests/testComponentCatalogThemes.Correction-light.png"
@+
"file:///tmp/qelvora-w6-runtime-20261001/ios-layer-capture/NativeSnapshotTests/testComponentCatalogThemes.Correction-light.png"

To configure output for a custom diff tool, use 'withSnapshotTesting'. For example:

    withSnapshotTesting(diffTool: .ksdiff) {
      // ...
    }

Newly-taken snapshot does not match reference.
/Users/yingpengwang/.codex/worktrees/970d/creator-platform/apps/ios/Tests/QelvoraUITests/NativeSnapshotTests.swift:60: error: -[QelvoraUITests.NativeSnapshotTests testComponentCatalogThemes] : failed - Snapshot "ContextCard.light" does not match reference.

@−
"file:///Users/yingpengwang/.codex/worktrees/970d/creator-platform/apps/ios/Tests/QelvoraUITests/__Snapshots__/NativeSnapshotTests/testComponentCatalogThemes.ContextCard-light.png"
@+
"file:///tmp/qelvora-w6-runtime-20261001/ios-layer-capture/NativeSnapshotTests/testComponentCatalogThemes.ContextCard-light.png"

To configure output for a custom diff tool, use 'withSnapshotTesting'. For example:

    withSnapshotTesting(diffTool: .ksdiff) {
      // ...
    }

Newly-taken snapshot does not match reference.
/Users/yingpengwang/.codex/worktrees/970d/creator-platform/apps/ios/Tests/QelvoraUITests/NativeSnapshotTests.swift:60: error: -[QelvoraUITests.NativeSnapshotTests testComponentCatalogThemes] : failed - Snapshot "VoiceNote.light" does not match reference.

@−
"file:///Users/yingpengwang/.codex/worktrees/970d/creator-platform/apps/ios/Tests/QelvoraUITests/__Snapshots__/NativeSnapshotTests/testComponentCatalogThemes.VoiceNote-light.png"
@+
"file:///tmp/qelvora-w6-runtime-20261001/ios-layer-capture/NativeSnapshotTests/testComponentCatalogThemes.VoiceNote-light.png"

To configure output for a custom diff tool, use 'withSnapshotTesting'. For example:

    withSnapshotTesting(diffTool: .ksdiff) {
      // ...
    }

Newly-taken snapshot does not match reference.
/Users/yingpengwang/.codex/worktrees/970d/creator-platform/apps/ios/Tests/QelvoraUITests/NativeSnapshotTests.swift:60: error: -[QelvoraUITests.NativeSnapshotTests testComponentCatalogThemes] : failed - Snapshot "Composer.light" does not match reference.

@−
"file:///Users/yingpengwang/.codex/worktrees/970d/creator-platform/apps/ios/Tests/QelvoraUITests/__Snapshots__/NativeSnapshotTests/testComponentCatalogThemes.Composer-light.png"
@+
"file:///tmp/qelvora-w6-runtime-20261001/ios-layer-capture/NativeSnapshotTests/testComponentCatalogThemes.Composer-light.png"

To configure output for a custom diff tool, use 'withSnapshotTesting'. For example:

    withSnapshotTesting(diffTool: .ksdiff) {
      // ...
    }

Newly-taken snapshot does not match reference.
/Users/yingpengwang/.codex/worktrees/970d/creator-platform/apps/ios/Tests/QelvoraUITests/NativeSnapshotTests.swift:60: error: -[QelvoraUITests.NativeSnapshotTests testComponentCatalogThemes] : failed - Snapshot "StepIn.light" does not match reference.

@−
"file:///Users/yingpengwang/.codex/worktrees/970d/creator-platform/apps/ios/Tests/QelvoraUITests/__Snapshots__/NativeSnapshotTests/testComponentCatalogThemes.StepIn-light.png"
@+
"file:///tmp/qelvora-w6-runtime-20261001/ios-layer-capture/NativeSnapshotTests/testComponentCatalogThemes.StepIn-light.png"

To configure output for a custom diff tool, use 'withSnapshotTesting'. For example:

    withSnapshotTesting(diffTool: .ksdiff) {
      // ...
    }

Newly-taken snapshot does not match reference.
/Users/yingpengwang/.codex/worktrees/970d/creator-platform/apps/ios/Tests/QelvoraUITests/NativeSnapshotTests.swift:60: error: -[QelvoraUITests.NativeSnapshotTests testComponentCatalogThemes] : failed - Snapshot "AccessLines.light" does not match reference.

@−
"file:///Users/yingpengwang/.codex/worktrees/970d/creator-platform/apps/ios/Tests/QelvoraUITests/__Snapshots__/NativeSnapshotTests/testComponentCatalogThemes.AccessLines-light.png"
@+
"file:///tmp/qelvora-w6-runtime-20261001/ios-layer-capture/NativeSnapshotTests/testComponentCatalogThemes.AccessLines-light.png"

To configure output for a custom diff tool, use 'withSnapshotTesting'. For example:

    withSnapshotTesting(diffTool: .ksdiff) {
      // ...
    }

Newly-taken snapshot does not match reference.
/Users/yingpengwang/.codex/worktrees/970d/creator-platform/apps/ios/Tests/QelvoraUITests/NativeSnapshotTests.swift:60: error: -[QelvoraUITests.NativeSnapshotTests testComponentCatalogThemes] : failed - Snapshot "ModeList.light" does not match reference.

@−
"file:///Users/yingpengwang/.codex/worktrees/970d/creator-platform/apps/ios/Tests/QelvoraUITests/__Snapshots__/NativeSnapshotTests/testComponentCatalogThemes.ModeList-light.png"
@+
"file:///tmp/qelvora-w6-runtime-20261001/ios-layer-capture/NativeSnapshotTests/testComponentCatalogThemes.ModeList-light.png"

To configure output for a custom diff tool, use 'withSnapshotTesting'. For example:

    withSnapshotTesting(diffTool: .ksdiff) {
      // ...
    }

Newly-taken snapshot does not match reference.
/Users/yingpengwang/.codex/worktrees/970d/creator-platform/apps/ios/Tests/QelvoraUITests/NativeSnapshotTests.swift:60: error: -[QelvoraUITests.NativeSnapshotTests testComponentCatalogThemes] : failed - Snapshot "IncludeList.light" does not match reference.

@−
"file:///Users/yingpengwang/.codex/worktrees/970d/creator-platform/apps/ios/Tests/QelvoraUITests/__Snapshots__/NativeSnapshotTests/testComponentCatalogThemes.IncludeList-light.png"
@+
"file:///tmp/qelvora-w6-runtime-20261001/ios-layer-capture/NativeSnapshotTests/testComponentCatalogThemes.IncludeList-light.png"

To configure output for a custom diff tool, use 'withSnapshotTesting'. For example:

    withSnapshotTesting(diffTool: .ksdiff) {
      // ...
    }

Newly-taken snapshot does not match reference.
/Users/yingpengwang/.codex/worktrees/970d/creator-platform/apps/ios/Tests/QelvoraUITests/NativeSnapshotTests.swift:60: error: -[QelvoraUITests.NativeSnapshotTests testComponentCatalogThemes] : failed - Snapshot "TermsBlock.light" does not match reference.

@−
"file:///Users/yingpengwang/.codex/worktrees/970d/creator-platform/apps/ios/Tests/QelvoraUITests/__Snapshots__/NativeSnapshotTests/testComponentCatalogThemes.TermsBlock-light.png"
@+
"file:///tmp/qelvora-w6-runtime-20261001/ios-layer-capture/NativeSnapshotTests/testComponentCatalogThemes.TermsBlock-light.png"

To configure output for a custom diff tool, use 'withSnapshotTesting'. For example:

    withSnapshotTesting(diffTool: .ksdiff) {
      // ...
    }

Newly-taken snapshot does not match reference.
/Users/yingpengwang/.codex/worktrees/970d/creator-platform/apps/ios/Tests/QelvoraUITests/NativeSnapshotTests.swift:60: error: -[QelvoraUITests.NativeSnapshotTests testComponentCatalogThemes] : failed - Snapshot "EtaLine.light" does not match reference.

@−
"file:///Users/yingpengwang/.codex/worktrees/970d/creator-platform/apps/ios/Tests/QelvoraUITests/__Snapshots__/NativeSnapshotTests/testComponentCatalogThemes.EtaLine-light.png"
@+
"file:///tmp/qelvora-w6-runtime-20261001/ios-layer-capture/NativeSnapshotTests/testComponentCatalogThemes.EtaLine-light.png"

To configure output for a custom diff tool, use 'withSnapshotTesting'. For example:

    withSnapshotTesting(diffTool: .ksdiff) {
      // ...
    }

Newly-taken snapshot does not match reference.
/Users/yingpengwang/.codex/worktrees/970d/creator-platform/apps/ios/Tests/QelvoraUITests/NativeSnapshotTests.swift:60: error: -[QelvoraUITests.NativeSnapshotTests testComponentCatalogThemes] : failed - Snapshot "RequestStatus.light" does not match reference.

@−
"file:///Users/yingpengwang/.codex/worktrees/970d/creator-platform/apps/ios/Tests/QelvoraUITests/__Snapshots__/NativeSnapshotTests/testComponentCatalogThemes.RequestStatus-light.png"
@+
"file:///tmp/qelvora-w6-runtime-20261001/ios-layer-capture/NativeSnapshotTests/testComponentCatalogThemes.RequestStatus-light.png"

To configure output for a custom diff tool, use 'withSnapshotTesting'. For example:

    withSnapshotTesting(diffTool: .ksdiff) {
      // ...
    }

Newly-taken snapshot does not match reference.
/Users/yingpengwang/.codex/worktrees/970d/creator-platform/apps/ios/Tests/QelvoraUITests/NativeSnapshotTests.swift:60: error: -[QelvoraUITests.NativeSnapshotTests testComponentCatalogThemes] : failed - Snapshot "Receipt.light" does not match reference.

@−
"file:///Users/yingpengwang/.codex/worktrees/970d/creator-platform/apps/ios/Tests/QelvoraUITests/__Snapshots__/NativeSnapshotTests/testComponentCatalogThemes.Receipt-light.png"
@+
"file:///tmp/qelvora-w6-runtime-20261001/ios-layer-capture/NativeSnapshotTests/testComponentCatalogThemes.Receipt-light.png"

To configure output for a custom diff tool, use 'withSnapshotTesting'. For example:

    withSnapshotTesting(diffTool: .ksdiff) {
      // ...
    }

Newly-taken snapshot does not match reference.
/Users/yingpengwang/.codex/worktrees/970d/creator-platform/apps/ios/Tests/QelvoraUITests/NativeSnapshotTests.swift:60: error: -[QelvoraUITests.NativeSnapshotTests testComponentCatalogThemes] : failed - Snapshot "SpendLimit.light" does not match reference.

@−
"file:///Users/yingpengwang/.codex/worktrees/970d/creator-platform/apps/ios/Tests/QelvoraUITests/__Snapshots__/NativeSnapshotTests/testComponentCatalogThemes.SpendLimit-light.png"
@+
"file:///tmp/qelvora-w6-runtime-20261001/ios-layer-capture/NativeSnapshotTests/testComponentCatalogThemes.SpendLimit-light.png"

To configure output for a custom diff tool, use 'withSnapshotTesting'. For example:

    withSnapshotTesting(diffTool: .ksdiff) {
      // ...
    }

Newly-taken snapshot does not match reference.
/Users/yingpengwang/.codex/worktrees/970d/creator-platform/apps/ios/Tests/QelvoraUITests/NativeSnapshotTests.swift:60: error: -[QelvoraUITests.NativeSnapshotTests testComponentCatalogThemes] : failed - Snapshot "QueueCard.light" does not match reference.

@−
"file:///Users/yingpengwang/.codex/worktrees/970d/creator-platform/apps/ios/Tests/QelvoraUITests/__Snapshots__/NativeSnapshotTests/testComponentCatalogThemes.QueueCard-light.png"
@+
"file:///tmp/qelvora-w6-runtime-20261001/ios-layer-capture/NativeSnapshotTests/testComponentCatalogThemes.QueueCard-light.png"

To configure output for a custom diff tool, use 'withSnapshotTesting'. For example:

    withSnapshotTesting(diffTool: .ksdiff) {
      // ...
    }

Newly-taken snapshot does not match reference.
/Users/yingpengwang/.codex/worktrees/970d/creator-platform/apps/ios/Tests/QelvoraUITests/NativeSnapshotTests.swift:60: error: -[QelvoraUITests.NativeSnapshotTests testComponentCatalogThemes] : failed - Snapshot "CapacityHeader.light" does not match reference.

@−
"file:///Users/yingpengwang/.codex/worktrees/970d/creator-platform/apps/ios/Tests/QelvoraUITests/__Snapshots__/NativeSnapshotTests/testComponentCatalogThemes.CapacityHeader-light.png"
@+
"file:///tmp/qelvora-w6-runtime-20261001/ios-layer-capture/NativeSnapshotTests/testComponentCatalogThemes.CapacityHeader-light.png"

To configure output for a custom diff tool, use 'withSnapshotTesting'. For example:

    withSnapshotTesting(diffTool: .ksdiff) {
      // ...
    }

Newly-taken snapshot does not match reference.
/Users/yingpengwang/.codex/worktrees/970d/creator-platform/apps/ios/Tests/QelvoraUITests/NativeSnapshotTests.swift:60: error: -[QelvoraUITests.NativeSnapshotTests testComponentCatalogThemes] : failed - Snapshot "LabelPreview.light" does not match reference.

@−
"file:///Users/yingpengwang/.codex/worktrees/970d/creator-platform/apps/ios/Tests/QelvoraUITests/__Snapshots__/NativeSnapshotTests/testComponentCatalogThemes.LabelPreview-light.png"
@+
"file:///tmp/qelvora-w6-runtime-20261001/ios-layer-capture/NativeSnapshotTests/testComponentCatalogThemes.LabelPreview-light.png"

To configure output for a custom diff tool, use 'withSnapshotTesting'. For example:

    withSnapshotTesting(diffTool: .ksdiff) {
      // ...
    }

Newly-taken snapshot does not match reference.
/Users/yingpengwang/.codex/worktrees/970d/creator-platform/apps/ios/Tests/QelvoraUITests/NativeSnapshotTests.swift:60: error: -[QelvoraUITests.NativeSnapshotTests testComponentCatalogThemes] : failed - Snapshot "SigningSheet.light" does not match reference.

@−
"file:///Users/yingpengwang/.codex/worktrees/970d/creator-platform/apps/ios/Tests/QelvoraUITests/__Snapshots__/NativeSnapshotTests/testComponentCatalogThemes.SigningSheet-light.png"
@+
"file:///tmp/qelvora-w6-runtime-20261001/ios-layer-capture/NativeSnapshotTests/testComponentCatalogThemes.SigningSheet-light.png"

To configure output for a custom diff tool, use 'withSnapshotTesting'. For example:

    withSnapshotTesting(diffTool: .ksdiff) {
      // ...
    }

Newly-taken snapshot does not match reference.
/Users/yingpengwang/.codex/worktrees/970d/creator-platform/apps/ios/Tests/QelvoraUITests/NativeSnapshotTests.swift:60: error: -[QelvoraUITests.NativeSnapshotTests testComponentCatalogThemes] : failed - Snapshot "AuditBanner.light" does not match reference.

@−
"file:///Users/yingpengwang/.codex/worktrees/970d/creator-platform/apps/ios/Tests/QelvoraUITests/__Snapshots__/NativeSnapshotTests/testComponentCatalogThemes.AuditBanner-light.png"
@+
"file:///tmp/qelvora-w6-runtime-20261001/ios-layer-capture/NativeSnapshotTests/testComponentCatalogThemes.AuditBanner-light.png"

To configure output for a custom diff tool, use 'withSnapshotTesting'. For example:

    withSnapshotTesting(diffTool: .ksdiff) {
      // ...
    }

Newly-taken snapshot does not match reference.
/Users/yingpengwang/.codex/worktrees/970d/creator-platform/apps/ios/Tests/QelvoraUITests/NativeSnapshotTests.swift:60: error: -[QelvoraUITests.NativeSnapshotTests testComponentCatalogThemes] : failed - Snapshot "SourceRow.light" does not match reference.

@−
"file:///Users/yingpengwang/.codex/worktrees/970d/creator-platform/apps/ios/Tests/QelvoraUITests/__Snapshots__/NativeSnapshotTests/testComponentCatalogThemes.SourceRow-light.png"
@+
"file:///tmp/qelvora-w6-runtime-20261001/ios-layer-capture/NativeSnapshotTests/testComponentCatalogThemes.SourceRow-light.png"

To configure output for a custom diff tool, use 'withSnapshotTesting'. For example:

    withSnapshotTesting(diffTool: .ksdiff) {
      // ...
    }

Newly-taken snapshot does not match reference.
/Users/yingpengwang/.codex/worktrees/970d/creator-platform/apps/ios/Tests/QelvoraUITests/NativeSnapshotTests.swift:60: error: -[QelvoraUITests.NativeSnapshotTests testComponentCatalogThemes] : failed - Snapshot "Button.light" does not match reference.

@−
"file:///Users/yingpengwang/.codex/worktrees/970d/creator-platform/apps/ios/Tests/QelvoraUITests/__Snapshots__/NativeSnapshotTests/testComponentCatalogThemes.Button-light.png"
@+
"file:///tmp/qelvora-w6-runtime-20261001/ios-layer-capture/NativeSnapshotTests/testComponentCatalogThemes.Button-light.png"

To configure output for a custom diff tool, use 'withSnapshotTesting'. For example:

    withSnapshotTesting(diffTool: .ksdiff) {
      // ...
    }

Newly-taken snapshot does not match reference.
/Users/yingpengwang/.codex/worktrees/970d/creator-platform/apps/ios/Tests/QelvoraUITests/NativeSnapshotTests.swift:60: error: -[QelvoraUITests.NativeSnapshotTests testComponentCatalogThemes] : failed - Snapshot "TabBar.light" does not match reference.

@−
"file:///Users/yingpengwang/.codex/worktrees/970d/creator-platform/apps/ios/Tests/QelvoraUITests/__Snapshots__/NativeSnapshotTests/testComponentCatalogThemes.TabBar-light.png"
@+
"file:///tmp/qelvora-w6-runtime-20261001/ios-layer-capture/NativeSnapshotTests/testComponentCatalogThemes.TabBar-light.png"

To configure output for a custom diff tool, use 'withSnapshotTesting'. For example:

    withSnapshotTesting(diffTool: .ksdiff) {
      // ...
    }

Newly-taken snapshot does not match reference.
/Users/yingpengwang/.codex/worktrees/970d/creator-platform/apps/ios/Tests/QelvoraUITests/NativeSnapshotTests.swift:60: error: -[QelvoraUITests.NativeSnapshotTests testComponentCatalogThemes] : failed - Snapshot "Segmented.light" does not match reference.

@−
"file:///Users/yingpengwang/.codex/worktrees/970d/creator-platform/apps/ios/Tests/QelvoraUITests/__Snapshots__/NativeSnapshotTests/testComponentCatalogThemes.Segmented-light.png"
@+
"file:///tmp/qelvora-w6-runtime-20261001/ios-layer-capture/NativeSnapshotTests/testComponentCatalogThemes.Segmented-light.png"

To configure output for a custom diff tool, use 'withSnapshotTesting'. For example:

    withSnapshotTesting(diffTool: .ksdiff) {
      // ...
    }

Newly-taken snapshot does not match reference.
/Users/yingpengwang/.codex/worktrees/970d/creator-platform/apps/ios/Tests/QelvoraUITests/NativeSnapshotTests.swift:60: error: -[QelvoraUITests.NativeSnapshotTests testComponentCatalogThemes] : failed - Snapshot "Notice.light" does not match reference.

@−
"file:///Users/yingpengwang/.codex/worktrees/970d/creator-platform/apps/ios/Tests/QelvoraUITests/__Snapshots__/NativeSnapshotTests/testComponentCatalogThemes.Notice-light.png"
@+
"file:///tmp/qelvora-w6-runtime-20261001/ios-layer-capture/NativeSnapshotTests/testComponentCatalogThemes.Notice-light.png"

To configure output for a custom diff tool, use 'withSnapshotTesting'. For example:

    withSnapshotTesting(diffTool: .ksdiff) {
      // ...
    }

Newly-taken snapshot does not match reference.
/Users/yingpengwang/.codex/worktrees/970d/creator-platform/apps/ios/Tests/QelvoraUITests/NativeSnapshotTests.swift:60: error: -[QelvoraUITests.NativeSnapshotTests testComponentCatalogThemes] : failed - Snapshot "NotificationRow.light" does not match reference.

@−
"file:///Users/yingpengwang/.codex/worktrees/970d/creator-platform/apps/ios/Tests/QelvoraUITests/__Snapshots__/NativeSnapshotTests/testComponentCatalogThemes.NotificationRow-light.png"
@+
"file:///tmp/qelvora-w6-runtime-20261001/ios-layer-capture/NativeSnapshotTests/testComponentCatalogThemes.NotificationRow-light.png"

To configure output for a custom diff tool, use 'withSnapshotTesting'. For example:

    withSnapshotTesting(diffTool: .ksdiff) {
      // ...
    }

Newly-taken snapshot does not match reference.
/Users/yingpengwang/.codex/worktrees/970d/creator-platform/apps/ios/Tests/QelvoraUITests/NativeSnapshotTests.swift:60: error: -[QelvoraUITests.NativeSnapshotTests testComponentCatalogThemes] : failed - Snapshot "EmptyState.light" does not match reference.

@−
"file:///Users/yingpengwang/.codex/worktrees/970d/creator-platform/apps/ios/Tests/QelvoraUITests/__Snapshots__/NativeSnapshotTests/testComponentCatalogThemes.EmptyState-light.png"
@+
"file:///tmp/qelvora-w6-runtime-20261001/ios-layer-capture/NativeSnapshotTests/testComponentCatalogThemes.EmptyState-light.png"

To configure output for a custom diff tool, use 'withSnapshotTesting'. For example:

    withSnapshotTesting(diffTool: .ksdiff) {
      // ...
    }

Newly-taken snapshot does not match reference.
/Users/yingpengwang/.codex/worktrees/970d/creator-platform/apps/ios/Tests/QelvoraUITests/NativeSnapshotTests.swift:60: error: -[QelvoraUITests.NativeSnapshotTests testComponentCatalogThemes] : failed - Snapshot "ShareCard.light" does not match reference.

@−
"file:///Users/yingpengwang/.codex/worktrees/970d/creator-platform/apps/ios/Tests/QelvoraUITests/__Snapshots__/NativeSnapshotTests/testComponentCatalogThemes.ShareCard-light.png"
@+
"file:///tmp/qelvora-w6-runtime-20261001/ios-layer-capture/NativeSnapshotTests/testComponentCatalogThemes.ShareCard-light.png"

To configure output for a custom diff tool, use 'withSnapshotTesting'. For example:

    withSnapshotTesting(diffTool: .ksdiff) {
      // ...
    }

Newly-taken snapshot does not match reference.
/Users/yingpengwang/.codex/worktrees/970d/creator-platform/apps/ios/Tests/QelvoraUITests/NativeSnapshotTests.swift:60: error: -[QelvoraUITests.NativeSnapshotTests testComponentCatalogThemes] : failed - Snapshot "CallChip.light" does not match reference.

@−
"file:///Users/yingpengwang/.codex/worktrees/970d/creator-platform/apps/ios/Tests/QelvoraUITests/__Snapshots__/NativeSnapshotTests/testComponentCatalogThemes.CallChip-light.png"
@+
"file:///tmp/qelvora-w6-runtime-20261001/ios-layer-capture/NativeSnapshotTests/testComponentCatalogThemes.CallChip-light.png"

To configure output for a custom diff tool, use 'withSnapshotTesting'. For example:

    withSnapshotTesting(diffTool: .ksdiff) {
      // ...
    }

Newly-taken snapshot does not match reference.
/Users/yingpengwang/.codex/worktrees/970d/creator-platform/apps/ios/Tests/QelvoraUITests/NativeSnapshotTests.swift:60: error: -[QelvoraUITests.NativeSnapshotTests testComponentCatalogThemes] : failed - Snapshot "ReservedLabel.light" does not match reference.

@−
"file:///Users/yingpengwang/.codex/worktrees/970d/creator-platform/apps/ios/Tests/QelvoraUITests/__Snapshots__/NativeSnapshotTests/testComponentCatalogThemes.ReservedLabel-light.png"
@+
"file:///tmp/qelvora-w6-runtime-20261001/ios-layer-capture/NativeSnapshotTests/testComponentCatalogThemes.ReservedLabel-light.png"

To configure output for a custom diff tool, use 'withSnapshotTesting'. For example:

    withSnapshotTesting(diffTool: .ksdiff) {
      // ...
    }

Newly-taken snapshot does not match reference.
/Users/yingpengwang/.codex/worktrees/970d/creator-platform/apps/ios/Tests/QelvoraUITests/NativeSnapshotTests.swift:60: error: -[QelvoraUITests.NativeSnapshotTests testComponentCatalogThemes] : failed - Snapshot "Countdown.light" does not match reference.

@−
"file:///Users/yingpengwang/.codex/worktrees/970d/creator-platform/apps/ios/Tests/QelvoraUITests/__Snapshots__/NativeSnapshotTests/testComponentCatalogThemes.Countdown-light.png"
@+
"file:///tmp/qelvora-w6-runtime-20261001/ios-layer-capture/NativeSnapshotTests/testComponentCatalogThemes.Countdown-light.png"

To configure output for a custom diff tool, use 'withSnapshotTesting'. For example:

    withSnapshotTesting(diffTool: .ksdiff) {
      // ...
    }

Newly-taken snapshot does not match reference.
/Users/yingpengwang/.codex/worktrees/970d/creator-platform/apps/ios/Tests/QelvoraUITests/NativeSnapshotTests.swift:60: error: -[QelvoraUITests.NativeSnapshotTests testComponentCatalogThemes] : failed - Snapshot "InsteadMenu.light" does not match reference.

@−
"file:///Users/yingpengwang/.codex/worktrees/970d/creator-platform/apps/ios/Tests/QelvoraUITests/__Snapshots__/NativeSnapshotTests/testComponentCatalogThemes.InsteadMenu-light.png"
@+
"file:///tmp/qelvora-w6-runtime-20261001/ios-layer-capture/NativeSnapshotTests/testComponentCatalogThemes.InsteadMenu-light.png"

To configure output for a custom diff tool, use 'withSnapshotTesting'. For example:

    withSnapshotTesting(diffTool: .ksdiff) {
      // ...
    }

Newly-taken snapshot does not match reference.
/Users/yingpengwang/.codex/worktrees/970d/creator-platform/apps/ios/Tests/QelvoraUITests/NativeSnapshotTests.swift:60: error: -[QelvoraUITests.NativeSnapshotTests testComponentCatalogThemes] : failed - Snapshot "TestConsole.light" does not match reference.

@−
"file:///Users/yingpengwang/.codex/worktrees/970d/creator-platform/apps/ios/Tests/QelvoraUITests/__Snapshots__/NativeSnapshotTests/testComponentCatalogThemes.TestConsole-light.png"
@+
"file:///tmp/qelvora-w6-runtime-20261001/ios-layer-capture/NativeSnapshotTests/testComponentCatalogThemes.TestConsole-light.png"

To configure output for a custom diff tool, use 'withSnapshotTesting'. For example:

    withSnapshotTesting(diffTool: .ksdiff) {
      // ...
    }

Newly-taken snapshot does not match reference.
/Users/yingpengwang/.codex/worktrees/970d/creator-platform/apps/ios/Tests/QelvoraUITests/NativeSnapshotTests.swift:60: error: -[QelvoraUITests.NativeSnapshotTests testComponentCatalogThemes] : failed - Snapshot "VersionList.light" does not match reference.

@−
"file:///Users/yingpengwang/.codex/worktrees/970d/creator-platform/apps/ios/Tests/QelvoraUITests/__Snapshots__/NativeSnapshotTests/testComponentCatalogThemes.VersionList-light.png"
@+
"file:///tmp/qelvora-w6-runtime-20261001/ios-layer-capture/NativeSnapshotTests/testComponentCatalogThemes.VersionList-light.png"

To configure output for a custom diff tool, use 'withSnapshotTesting'. For example:

    withSnapshotTesting(diffTool: .ksdiff) {
      // ...
    }

Newly-taken snapshot does not match reference.
/Users/yingpengwang/.codex/worktrees/970d/creator-platform/apps/ios/Tests/QelvoraUITests/NativeSnapshotTests.swift:60: error: -[QelvoraUITests.NativeSnapshotTests testComponentCatalogThemes] : failed - Snapshot "DigestItem.light" does not match reference.

@−
"file:///Users/yingpengwang/.codex/worktrees/970d/creator-platform/apps/ios/Tests/QelvoraUITests/__Snapshots__/NativeSnapshotTests/testComponentCatalogThemes.DigestItem-light.png"
@+
"file:///tmp/qelvora-w6-runtime-20261001/ios-layer-capture/NativeSnapshotTests/testComponentCatalogThemes.DigestItem-light.png"

To configure output for a custom diff tool, use 'withSnapshotTesting'. For example:

    withSnapshotTesting(diffTool: .ksdiff) {
      // ...
    }

Newly-taken snapshot does not match reference.
/Users/yingpengwang/.codex/worktrees/970d/creator-platform/apps/ios/Tests/QelvoraUITests/NativeSnapshotTests.swift:60: error: -[QelvoraUITests.NativeSnapshotTests testComponentCatalogThemes] : failed - Snapshot "StudioTabBar.light" does not match reference.

@−
"file:///Users/yingpengwang/.codex/worktrees/970d/creator-platform/apps/ios/Tests/QelvoraUITests/__Snapshots__/NativeSnapshotTests/testComponentCatalogThemes.StudioTabBar-light.png"
@+
"file:///tmp/qelvora-w6-runtime-20261001/ios-layer-capture/NativeSnapshotTests/testComponentCatalogThemes.StudioTabBar-light.png"

To configure output for a custom diff tool, use 'withSnapshotTesting'. For example:

    withSnapshotTesting(diffTool: .ksdiff) {
      // ...
    }

Newly-taken snapshot does not match reference.
/Users/yingpengwang/.codex/worktrees/970d/creator-platform/apps/ios/Tests/QelvoraUITests/NativeSnapshotTests.swift:60: error: -[QelvoraUITests.NativeSnapshotTests testComponentCatalogThemes] : failed - Snapshot "Sidebar.light" does not match reference.

@−
"file:///Users/yingpengwang/.codex/worktrees/970d/creator-platform/apps/ios/Tests/QelvoraUITests/__Snapshots__/NativeSnapshotTests/testComponentCatalogThemes.Sidebar-light.png"
@+
"file:///tmp/qelvora-w6-runtime-20261001/ios-layer-capture/NativeSnapshotTests/testComponentCatalogThemes.Sidebar-light.png"

To configure output for a custom diff tool, use 'withSnapshotTesting'. For example:

    withSnapshotTesting(diffTool: .ksdiff) {
      // ...
    }

Newly-taken snapshot does not match reference.
/Users/yingpengwang/.codex/worktrees/970d/creator-platform/apps/ios/Tests/QelvoraUITests/NativeSnapshotTests.swift:60: error: -[QelvoraUITests.NativeSnapshotTests testComponentCatalogThemes] : failed - Snapshot "Sheet.light" does not match reference.

@−
"file:///Users/yingpengwang/.codex/worktrees/970d/creator-platform/apps/ios/Tests/QelvoraUITests/__Snapshots__/NativeSnapshotTests/testComponentCatalogThemes.Sheet-light.png"
@+
"file:///tmp/qelvora-w6-runtime-20261001/ios-layer-capture/NativeSnapshotTests/testComponentCatalogThemes.Sheet-light.png"

To configure output for a custom diff tool, use 'withSnapshotTesting'. For example:

    withSnapshotTesting(diffTool: .ksdiff) {
      // ...
    }

Newly-taken snapshot does not match reference.
/Users/yingpengwang/.codex/worktrees/970d/creator-platform/apps/ios/Tests/QelvoraUITests/NativeSnapshotTests.swift:60: error: -[QelvoraUITests.NativeSnapshotTests testComponentCatalogThemes] : failed - Snapshot "Dialog.light" does not match reference.

@−
"file:///Users/yingpengwang/.codex/worktrees/970d/creator-platform/apps/ios/Tests/QelvoraUITests/__Snapshots__/NativeSnapshotTests/testComponentCatalogThemes.Dialog-light.png"
@+
"file:///tmp/qelvora-w6-runtime-20261001/ios-layer-capture/NativeSnapshotTests/testComponentCatalogThemes.Dialog-light.png"

To configure output for a custom diff tool, use 'withSnapshotTesting'. For example:

    withSnapshotTesting(diffTool: .ksdiff) {
      // ...
    }

Newly-taken snapshot does not match reference.
/Users/yingpengwang/.codex/worktrees/970d/creator-platform/apps/ios/Tests/QelvoraUITests/NativeSnapshotTests.swift:60: error: -[QelvoraUITests.NativeSnapshotTests testComponentCatalogThemes] : failed - Snapshot "Toast.light" does not match reference.

@−
"file:///Users/yingpengwang/.codex/worktrees/970d/creator-platform/apps/ios/Tests/QelvoraUITests/__Snapshots__/NativeSnapshotTests/testComponentCatalogThemes.Toast-light.png"
@+
"file:///tmp/qelvora-w6-runtime-20261001/ios-layer-capture/NativeSnapshotTests/testComponentCatalogThemes.Toast-light.png"

To configure output for a custom diff tool, use 'withSnapshotTesting'. For example:

    withSnapshotTesting(diffTool: .ksdiff) {
      // ...
    }

Newly-taken snapshot does not match reference.
/Users/yingpengwang/.codex/worktrees/970d/creator-platform/apps/ios/Tests/QelvoraUITests/NativeSnapshotTests.swift:57: error: -[QelvoraUITests.NativeSnapshotTests testComponentCatalogThemes] : failed - Snapshot "Skeleton.light" does not match reference.

@−
"file:///Users/yingpengwang/.codex/worktrees/970d/creator-platform/apps/ios/Tests/QelvoraUITests/__Snapshots__/NativeSnapshotTests/testComponentCatalogThemes.Skeleton-light.png"
@+
"file:///tmp/qelvora-w6-runtime-20261001/ios-layer-capture/NativeSnapshotTests/testComponentCatalogThemes.Skeleton-light.png"

To configure output for a custom diff tool, use 'withSnapshotTesting'. For example:

    withSnapshotTesting(diffTool: .ksdiff) {
      // ...
    }

Newly-taken snapshot does not match reference.
/Users/yingpengwang/.codex/worktrees/970d/creator-platform/apps/ios/Tests/QelvoraUITests/NativeSnapshotTests.swift:60: error: -[QelvoraUITests.NativeSnapshotTests testComponentCatalogThemes] : failed - Snapshot "EmailFrame.light" does not match reference.

@−
"file:///Users/yingpengwang/.codex/worktrees/970d/creator-platform/apps/ios/Tests/QelvoraUITests/__Snapshots__/NativeSnapshotTests/testComponentCatalogThemes.EmailFrame-light.png"
@+
"file:///tmp/qelvora-w6-runtime-20261001/ios-layer-capture/NativeSnapshotTests/testComponentCatalogThemes.EmailFrame-light.png"

To configure output for a custom diff tool, use 'withSnapshotTesting'. For example:

    withSnapshotTesting(diffTool: .ksdiff) {
      // ...
    }

Newly-taken snapshot does not match reference.
/Users/yingpengwang/.codex/worktrees/970d/creator-platform/apps/ios/Tests/QelvoraUITests/NativeSnapshotTests.swift:60: error: -[QelvoraUITests.NativeSnapshotTests testComponentCatalogThemes] : failed - Snapshot "Mark.night" does not match reference.

@−
"file:///Users/yingpengwang/.codex/worktrees/970d/creator-platform/apps/ios/Tests/QelvoraUITests/__Snapshots__/NativeSnapshotTests/testComponentCatalogThemes.Mark-night.png"
@+
"file:///tmp/qelvora-w6-runtime-20261001/ios-layer-capture/NativeSnapshotTests/testComponentCatalogThemes.Mark-night.png"

To configure output for a custom diff tool, use 'withSnapshotTesting'. For example:

    withSnapshotTesting(diffTool: .ksdiff) {
      // ...
    }

Newly-taken snapshot does not match reference.
/Users/yingpengwang/.codex/worktrees/970d/creator-platform/apps/ios/Tests/QelvoraUITests/NativeSnapshotTests.swift:60: error: -[QelvoraUITests.NativeSnapshotTests testComponentCatalogThemes] : failed - Snapshot "Seal.night" does not match reference.

@−
"file:///Users/yingpengwang/.codex/worktrees/970d/creator-platform/apps/ios/Tests/QelvoraUITests/__Snapshots__/NativeSnapshotTests/testComponentCatalogThemes.Seal-night.png"
@+
"file:///tmp/qelvora-w6-runtime-20261001/ios-layer-capture/NativeSnapshotTests/testComponentCatalogThemes.Seal-night.png"

To configure output for a custom diff tool, use 'withSnapshotTesting'. For example:

    withSnapshotTesting(diffTool: .ksdiff) {
      // ...
    }

Newly-taken snapshot does not match reference.
/Users/yingpengwang/.codex/worktrees/970d/creator-platform/apps/ios/Tests/QelvoraUITests/NativeSnapshotTests.swift:60: error: -[QelvoraUITests.NativeSnapshotTests testComponentCatalogThemes] : failed - Snapshot "Avatar.night" does not match reference.

@−
"file:///Users/yingpengwang/.codex/worktrees/970d/creator-platform/apps/ios/Tests/QelvoraUITests/__Snapshots__/NativeSnapshotTests/testComponentCatalogThemes.Avatar-night.png"
@+
"file:///tmp/qelvora-w6-runtime-20261001/ios-layer-capture/NativeSnapshotTests/testComponentCatalogThemes.Avatar-night.png"

To configure output for a custom diff tool, use 'withSnapshotTesting'. For example:

    withSnapshotTesting(diffTool: .ksdiff) {
      // ...
    }

Newly-taken snapshot does not match reference.
/Users/yingpengwang/.codex/worktrees/970d/creator-platform/apps/ios/Tests/QelvoraUITests/NativeSnapshotTests.swift:60: error: -[QelvoraUITests.NativeSnapshotTests testComponentCatalogThemes] : failed - Snapshot "AuthorLabel.night" does not match reference.

@−
"file:///Users/yingpengwang/.codex/worktrees/970d/creator-platform/apps/ios/Tests/QelvoraUITests/__Snapshots__/NativeSnapshotTests/testComponentCatalogThemes.AuthorLabel-night.png"
@+
"file:///tmp/qelvora-w6-runtime-20261001/ios-layer-capture/NativeSnapshotTests/testComponentCatalogThemes.AuthorLabel-night.png"

To configure output for a custom diff tool, use 'withSnapshotTesting'. For example:

    withSnapshotTesting(diffTool: .ksdiff) {
      // ...
    }

Newly-taken snapshot does not match reference.
/Users/yingpengwang/.codex/worktrees/970d/creator-platform/apps/ios/Tests/QelvoraUITests/NativeSnapshotTests.swift:60: error: -[QelvoraUITests.NativeSnapshotTests testComponentCatalogThemes] : failed - Snapshot "IdentityStrip.night" does not match reference.

@−
"file:///Users/yingpengwang/.codex/worktrees/970d/creator-platform/apps/ios/Tests/QelvoraUITests/__Snapshots__/NativeSnapshotTests/testComponentCatalogThemes.IdentityStrip-night.png"
@+
"file:///tmp/qelvora-w6-runtime-20261001/ios-layer-capture/NativeSnapshotTests/testComponentCatalogThemes.IdentityStrip-night.png"

To configure output for a custom diff tool, use 'withSnapshotTesting'. For example:

    withSnapshotTesting(diffTool: .ksdiff) {
      // ...
    }

Newly-taken snapshot does not match reference.
/Users/yingpengwang/.codex/worktrees/970d/creator-platform/apps/ios/Tests/QelvoraUITests/NativeSnapshotTests.swift:60: error: -[QelvoraUITests.NativeSnapshotTests testComponentCatalogThemes] : failed - Snapshot "ThreadHeader.night" does not match reference.

@−
"file:///Users/yingpengwang/.codex/worktrees/970d/creator-platform/apps/ios/Tests/QelvoraUITests/__Snapshots__/NativeSnapshotTests/testComponentCatalogThemes.ThreadHeader-night.png"
@+
"file:///tmp/qelvora-w6-runtime-20261001/ios-layer-capture/NativeSnapshotTests/testComponentCatalogThemes.ThreadHeader-night.png"

To configure output for a custom diff tool, use 'withSnapshotTesting'. For example:

    withSnapshotTesting(diffTool: .ksdiff) {
      // ...
    }

Newly-taken snapshot does not match reference.
/Users/yingpengwang/.codex/worktrees/970d/creator-platform/apps/ios/Tests/QelvoraUITests/NativeSnapshotTests.swift:60: error: -[QelvoraUITests.NativeSnapshotTests testComponentCatalogThemes] : failed - Snapshot "SignedMarker.night" does not match reference.

@−
"file:///Users/yingpengwang/.codex/worktrees/970d/creator-platform/apps/ios/Tests/QelvoraUITests/__Snapshots__/NativeSnapshotTests/testComponentCatalogThemes.SignedMarker-night.png"
@+
"file:///tmp/qelvora-w6-runtime-20261001/ios-layer-capture/NativeSnapshotTests/testComponentCatalogThemes.SignedMarker-night.png"

To configure output for a custom diff tool, use 'withSnapshotTesting'. For example:

    withSnapshotTesting(diffTool: .ksdiff) {
      // ...
    }

Newly-taken snapshot does not match reference.
/Users/yingpengwang/.codex/worktrees/970d/creator-platform/apps/ios/Tests/QelvoraUITests/NativeSnapshotTests.swift:60: error: -[QelvoraUITests.NativeSnapshotTests testComponentCatalogThemes] : failed - Snapshot "SystemLine.night" does not match reference.

@−
"file:///Users/yingpengwang/.codex/worktrees/970d/creator-platform/apps/ios/Tests/QelvoraUITests/__Snapshots__/NativeSnapshotTests/testComponentCatalogThemes.SystemLine-night.png"
@+
"file:///tmp/qelvora-w6-runtime-20261001/ios-layer-capture/NativeSnapshotTests/testComponentCatalogThemes.SystemLine-night.png"

To configure output for a custom diff tool, use 'withSnapshotTesting'. For example:

    withSnapshotTesting(diffTool: .ksdiff) {
      // ...
    }

Newly-taken snapshot does not match reference.
/Users/yingpengwang/.codex/worktrees/970d/creator-platform/apps/ios/Tests/QelvoraUITests/NativeSnapshotTests.swift:60: error: -[QelvoraUITests.NativeSnapshotTests testComponentCatalogThemes] : failed - Snapshot "Message.night" does not match reference.

@−
"file:///Users/yingpengwang/.codex/worktrees/970d/creator-platform/apps/ios/Tests/QelvoraUITests/__Snapshots__/NativeSnapshotTests/testComponentCatalogThemes.Message-night.png"
@+
"file:///tmp/qelvora-w6-runtime-20261001/ios-layer-capture/NativeSnapshotTests/testComponentCatalogThemes.Message-night.png"

To configure output for a custom diff tool, use 'withSnapshotTesting'. For example:

    withSnapshotTesting(diffTool: .ksdiff) {
      // ...
    }

Newly-taken snapshot does not match reference.
/Users/yingpengwang/.codex/worktrees/970d/creator-platform/apps/ios/Tests/QelvoraUITests/NativeSnapshotTests.swift:60: error: -[QelvoraUITests.NativeSnapshotTests testComponentCatalogThemes] : failed - Snapshot "Note.night" does not match reference.

@−
"file:///Users/yingpengwang/.codex/worktrees/970d/creator-platform/apps/ios/Tests/QelvoraUITests/__Snapshots__/NativeSnapshotTests/testComponentCatalogThemes.Note-night.png"
@+
"file:///tmp/qelvora-w6-runtime-20261001/ios-layer-capture/NativeSnapshotTests/testComponentCatalogThemes.Note-night.png"

To configure output for a custom diff tool, use 'withSnapshotTesting'. For example:

    withSnapshotTesting(diffTool: .ksdiff) {
      // ...
    }

Newly-taken snapshot does not match reference.
/Users/yingpengwang/.codex/worktrees/970d/creator-platform/apps/ios/Tests/QelvoraUITests/NativeSnapshotTests.swift:60: error: -[QelvoraUITests.NativeSnapshotTests testComponentCatalogThemes] : failed - Snapshot "ReactionChip.night" does not match reference.

@−
"file:///Users/yingpengwang/.codex/worktrees/970d/creator-platform/apps/ios/Tests/QelvoraUITests/__Snapshots__/NativeSnapshotTests/testComponentCatalogThemes.ReactionChip-night.png"
@+
"file:///tmp/qelvora-w6-runtime-20261001/ios-layer-capture/NativeSnapshotTests/testComponentCatalogThemes.ReactionChip-night.png"

To configure output for a custom diff tool, use 'withSnapshotTesting'. For example:

    withSnapshotTesting(diffTool: .ksdiff) {
      // ...
    }

Newly-taken snapshot does not match reference.
/Users/yingpengwang/.codex/worktrees/970d/creator-platform/apps/ios/Tests/QelvoraUITests/NativeSnapshotTests.swift:60: error: -[QelvoraUITests.NativeSnapshotTests testComponentCatalogThemes] : failed - Snapshot "CitationChip.night" does not match reference.

@−
"file:///Users/yingpengwang/.codex/worktrees/970d/creator-platform/apps/ios/Tests/QelvoraUITests/__Snapshots__/NativeSnapshotTests/testComponentCatalogThemes.CitationChip-night.png"
@+
"file:///tmp/qelvora-w6-runtime-20261001/ios-layer-capture/NativeSnapshotTests/testComponentCatalogThemes.CitationChip-night.png"

To configure output for a custom diff tool, use 'withSnapshotTesting'. For example:

    withSnapshotTesting(diffTool: .ksdiff) {
      // ...
    }

Newly-taken snapshot does not match reference.
/Users/yingpengwang/.codex/worktrees/970d/creator-platform/apps/ios/Tests/QelvoraUITests/NativeSnapshotTests.swift:60: error: -[QelvoraUITests.NativeSnapshotTests testComponentCatalogThemes] : failed - Snapshot "MemoryChip.night" does not match reference.

@−
"file:///Users/yingpengwang/.codex/worktrees/970d/creator-platform/apps/ios/Tests/QelvoraUITests/__Snapshots__/NativeSnapshotTests/testComponentCatalogThemes.MemoryChip-night.png"
@+
"file:///tmp/qelvora-w6-runtime-20261001/ios-layer-capture/NativeSnapshotTests/testComponentCatalogThemes.MemoryChip-night.png"

To configure output for a custom diff tool, use 'withSnapshotTesting'. For example:

    withSnapshotTesting(diffTool: .ksdiff) {
      // ...
    }

Newly-taken snapshot does not match reference.
/Users/yingpengwang/.codex/worktrees/970d/creator-platform/apps/ios/Tests/QelvoraUITests/NativeSnapshotTests.swift:60: error: -[QelvoraUITests.NativeSnapshotTests testComponentCatalogThemes] : failed - Snapshot "Correction.night" does not match reference.

@−
"file:///Users/yingpengwang/.codex/worktrees/970d/creator-platform/apps/ios/Tests/QelvoraUITests/__Snapshots__/NativeSnapshotTests/testComponentCatalogThemes.Correction-night.png"
@+
"file:///tmp/qelvora-w6-runtime-20261001/ios-layer-capture/NativeSnapshotTests/testComponentCatalogThemes.Correction-night.png"

To configure output for a custom diff tool, use 'withSnapshotTesting'. For example:

    withSnapshotTesting(diffTool: .ksdiff) {
      // ...
    }

Newly-taken snapshot does not match reference.
/Users/yingpengwang/.codex/worktrees/970d/creator-platform/apps/ios/Tests/QelvoraUITests/NativeSnapshotTests.swift:60: error: -[QelvoraUITests.NativeSnapshotTests testComponentCatalogThemes] : failed - Snapshot "ContextCard.night" does not match reference.

@−
"file:///Users/yingpengwang/.codex/worktrees/970d/creator-platform/apps/ios/Tests/QelvoraUITests/__Snapshots__/NativeSnapshotTests/testComponentCatalogThemes.ContextCard-night.png"
@+
"file:///tmp/qelvora-w6-runtime-20261001/ios-layer-capture/NativeSnapshotTests/testComponentCatalogThemes.ContextCard-night.png"

To configure output for a custom diff tool, use 'withSnapshotTesting'. For example:

    withSnapshotTesting(diffTool: .ksdiff) {
      // ...
    }

Newly-taken snapshot does not match reference.
/Users/yingpengwang/.codex/worktrees/970d/creator-platform/apps/ios/Tests/QelvoraUITests/NativeSnapshotTests.swift:60: error: -[QelvoraUITests.NativeSnapshotTests testComponentCatalogThemes] : failed - Snapshot "VoiceNote.night" does not match reference.

@−
"file:///Users/yingpengwang/.codex/worktrees/970d/creator-platform/apps/ios/Tests/QelvoraUITests/__Snapshots__/NativeSnapshotTests/testComponentCatalogThemes.VoiceNote-night.png"
@+
"file:///tmp/qelvora-w6-runtime-20261001/ios-layer-capture/NativeSnapshotTests/testComponentCatalogThemes.VoiceNote-night.png"

To configure output for a custom diff tool, use 'withSnapshotTesting'. For example:

    withSnapshotTesting(diffTool: .ksdiff) {
      // ...
    }

Newly-taken snapshot does not match reference.
/Users/yingpengwang/.codex/worktrees/970d/creator-platform/apps/ios/Tests/QelvoraUITests/NativeSnapshotTests.swift:60: error: -[QelvoraUITests.NativeSnapshotTests testComponentCatalogThemes] : failed - Snapshot "Composer.night" does not match reference.

@−
"file:///Users/yingpengwang/.codex/worktrees/970d/creator-platform/apps/ios/Tests/QelvoraUITests/__Snapshots__/NativeSnapshotTests/testComponentCatalogThemes.Composer-night.png"
@+
"file:///tmp/qelvora-w6-runtime-20261001/ios-layer-capture/NativeSnapshotTests/testComponentCatalogThemes.Composer-night.png"

To configure output for a custom diff tool, use 'withSnapshotTesting'. For example:

    withSnapshotTesting(diffTool: .ksdiff) {
      // ...
    }

Newly-taken snapshot does not match reference.
/Users/yingpengwang/.codex/worktrees/970d/creator-platform/apps/ios/Tests/QelvoraUITests/NativeSnapshotTests.swift:60: error: -[QelvoraUITests.NativeSnapshotTests testComponentCatalogThemes] : failed - Snapshot "StepIn.night" does not match reference.

@−
"file:///Users/yingpengwang/.codex/worktrees/970d/creator-platform/apps/ios/Tests/QelvoraUITests/__Snapshots__/NativeSnapshotTests/testComponentCatalogThemes.StepIn-night.png"
@+
"file:///tmp/qelvora-w6-runtime-20261001/ios-layer-capture/NativeSnapshotTests/testComponentCatalogThemes.StepIn-night.png"

To configure output for a custom diff tool, use 'withSnapshotTesting'. For example:

    withSnapshotTesting(diffTool: .ksdiff) {
      // ...
    }

Newly-taken snapshot does not match reference.
/Users/yingpengwang/.codex/worktrees/970d/creator-platform/apps/ios/Tests/QelvoraUITests/NativeSnapshotTests.swift:60: error: -[QelvoraUITests.NativeSnapshotTests testComponentCatalogThemes] : failed - Snapshot "AccessLines.night" does not match reference.

@−
"file:///Users/yingpengwang/.codex/worktrees/970d/creator-platform/apps/ios/Tests/QelvoraUITests/__Snapshots__/NativeSnapshotTests/testComponentCatalogThemes.AccessLines-night.png"
@+
"file:///tmp/qelvora-w6-runtime-20261001/ios-layer-capture/NativeSnapshotTests/testComponentCatalogThemes.AccessLines-night.png"

To configure output for a custom diff tool, use 'withSnapshotTesting'. For example:

    withSnapshotTesting(diffTool: .ksdiff) {
      // ...
    }

Newly-taken snapshot does not match reference.
/Users/yingpengwang/.codex/worktrees/970d/creator-platform/apps/ios/Tests/QelvoraUITests/NativeSnapshotTests.swift:60: error: -[QelvoraUITests.NativeSnapshotTests testComponentCatalogThemes] : failed - Snapshot "ModeList.night" does not match reference.

@−
"file:///Users/yingpengwang/.codex/worktrees/970d/creator-platform/apps/ios/Tests/QelvoraUITests/__Snapshots__/NativeSnapshotTests/testComponentCatalogThemes.ModeList-night.png"
@+
"file:///tmp/qelvora-w6-runtime-20261001/ios-layer-capture/NativeSnapshotTests/testComponentCatalogThemes.ModeList-night.png"

To configure output for a custom diff tool, use 'withSnapshotTesting'. For example:

    withSnapshotTesting(diffTool: .ksdiff) {
      // ...
    }

Newly-taken snapshot does not match reference.
/Users/yingpengwang/.codex/worktrees/970d/creator-platform/apps/ios/Tests/QelvoraUITests/NativeSnapshotTests.swift:60: error: -[QelvoraUITests.NativeSnapshotTests testComponentCatalogThemes] : failed - Snapshot "IncludeList.night" does not match reference.

@−
"file:///Users/yingpengwang/.codex/worktrees/970d/creator-platform/apps/ios/Tests/QelvoraUITests/__Snapshots__/NativeSnapshotTests/testComponentCatalogThemes.IncludeList-night.png"
@+
"file:///tmp/qelvora-w6-runtime-20261001/ios-layer-capture/NativeSnapshotTests/testComponentCatalogThemes.IncludeList-night.png"

To configure output for a custom diff tool, use 'withSnapshotTesting'. For example:

    withSnapshotTesting(diffTool: .ksdiff) {
      // ...
    }

Newly-taken snapshot does not match reference.
/Users/yingpengwang/.codex/worktrees/970d/creator-platform/apps/ios/Tests/QelvoraUITests/NativeSnapshotTests.swift:60: error: -[QelvoraUITests.NativeSnapshotTests testComponentCatalogThemes] : failed - Snapshot "TermsBlock.night" does not match reference.

@−
"file:///Users/yingpengwang/.codex/worktrees/970d/creator-platform/apps/ios/Tests/QelvoraUITests/__Snapshots__/NativeSnapshotTests/testComponentCatalogThemes.TermsBlock-night.png"
@+
"file:///tmp/qelvora-w6-runtime-20261001/ios-layer-capture/NativeSnapshotTests/testComponentCatalogThemes.TermsBlock-night.png"

To configure output for a custom diff tool, use 'withSnapshotTesting'. For example:

    withSnapshotTesting(diffTool: .ksdiff) {
      // ...
    }

Newly-taken snapshot does not match reference.
/Users/yingpengwang/.codex/worktrees/970d/creator-platform/apps/ios/Tests/QelvoraUITests/NativeSnapshotTests.swift:60: error: -[QelvoraUITests.NativeSnapshotTests testComponentCatalogThemes] : failed - Snapshot "EtaLine.night" does not match reference.

@−
"file:///Users/yingpengwang/.codex/worktrees/970d/creator-platform/apps/ios/Tests/QelvoraUITests/__Snapshots__/NativeSnapshotTests/testComponentCatalogThemes.EtaLine-night.png"
@+
"file:///tmp/qelvora-w6-runtime-20261001/ios-layer-capture/NativeSnapshotTests/testComponentCatalogThemes.EtaLine-night.png"

To configure output for a custom diff tool, use 'withSnapshotTesting'. For example:

    withSnapshotTesting(diffTool: .ksdiff) {
      // ...
    }

Newly-taken snapshot does not match reference.
/Users/yingpengwang/.codex/worktrees/970d/creator-platform/apps/ios/Tests/QelvoraUITests/NativeSnapshotTests.swift:60: error: -[QelvoraUITests.NativeSnapshotTests testComponentCatalogThemes] : failed - Snapshot "RequestStatus.night" does not match reference.

@−
"file:///Users/yingpengwang/.codex/worktrees/970d/creator-platform/apps/ios/Tests/QelvoraUITests/__Snapshots__/NativeSnapshotTests/testComponentCatalogThemes.RequestStatus-night.png"
@+
"file:///tmp/qelvora-w6-runtime-20261001/ios-layer-capture/NativeSnapshotTests/testComponentCatalogThemes.RequestStatus-night.png"

To configure output for a custom diff tool, use 'withSnapshotTesting'. For example:

    withSnapshotTesting(diffTool: .ksdiff) {
      // ...
    }

Newly-taken snapshot does not match reference.
/Users/yingpengwang/.codex/worktrees/970d/creator-platform/apps/ios/Tests/QelvoraUITests/NativeSnapshotTests.swift:60: error: -[QelvoraUITests.NativeSnapshotTests testComponentCatalogThemes] : failed - Snapshot "Receipt.night" does not match reference.

@−
"file:///Users/yingpengwang/.codex/worktrees/970d/creator-platform/apps/ios/Tests/QelvoraUITests/__Snapshots__/NativeSnapshotTests/testComponentCatalogThemes.Receipt-night.png"
@+
"file:///tmp/qelvora-w6-runtime-20261001/ios-layer-capture/NativeSnapshotTests/testComponentCatalogThemes.Receipt-night.png"

To configure output for a custom diff tool, use 'withSnapshotTesting'. For example:

    withSnapshotTesting(diffTool: .ksdiff) {
      // ...
    }

Newly-taken snapshot does not match reference.
/Users/yingpengwang/.codex/worktrees/970d/creator-platform/apps/ios/Tests/QelvoraUITests/NativeSnapshotTests.swift:60: error: -[QelvoraUITests.NativeSnapshotTests testComponentCatalogThemes] : failed - Snapshot "SpendLimit.night" does not match reference.

@−
"file:///Users/yingpengwang/.codex/worktrees/970d/creator-platform/apps/ios/Tests/QelvoraUITests/__Snapshots__/NativeSnapshotTests/testComponentCatalogThemes.SpendLimit-night.png"
@+
"file:///tmp/qelvora-w6-runtime-20261001/ios-layer-capture/NativeSnapshotTests/testComponentCatalogThemes.SpendLimit-night.png"

To configure output for a custom diff tool, use 'withSnapshotTesting'. For example:

    withSnapshotTesting(diffTool: .ksdiff) {
      // ...
    }

Newly-taken snapshot does not match reference.
/Users/yingpengwang/.codex/worktrees/970d/creator-platform/apps/ios/Tests/QelvoraUITests/NativeSnapshotTests.swift:60: error: -[QelvoraUITests.NativeSnapshotTests testComponentCatalogThemes] : failed - Snapshot "QueueCard.night" does not match reference.

@−
"file:///Users/yingpengwang/.codex/worktrees/970d/creator-platform/apps/ios/Tests/QelvoraUITests/__Snapshots__/NativeSnapshotTests/testComponentCatalogThemes.QueueCard-night.png"
@+
"file:///tmp/qelvora-w6-runtime-20261001/ios-layer-capture/NativeSnapshotTests/testComponentCatalogThemes.QueueCard-night.png"

To configure output for a custom diff tool, use 'withSnapshotTesting'. For example:

    withSnapshotTesting(diffTool: .ksdiff) {
      // ...
    }

Newly-taken snapshot does not match reference.
/Users/yingpengwang/.codex/worktrees/970d/creator-platform/apps/ios/Tests/QelvoraUITests/NativeSnapshotTests.swift:60: error: -[QelvoraUITests.NativeSnapshotTests testComponentCatalogThemes] : failed - Snapshot "CapacityHeader.night" does not match reference.

@−
"file:///Users/yingpengwang/.codex/worktrees/970d/creator-platform/apps/ios/Tests/QelvoraUITests/__Snapshots__/NativeSnapshotTests/testComponentCatalogThemes.CapacityHeader-night.png"
@+
"file:///tmp/qelvora-w6-runtime-20261001/ios-layer-capture/NativeSnapshotTests/testComponentCatalogThemes.CapacityHeader-night.png"

To configure output for a custom diff tool, use 'withSnapshotTesting'. For example:

    withSnapshotTesting(diffTool: .ksdiff) {
      // ...
    }

Newly-taken snapshot does not match reference.
/Users/yingpengwang/.codex/worktrees/970d/creator-platform/apps/ios/Tests/QelvoraUITests/NativeSnapshotTests.swift:60: error: -[QelvoraUITests.NativeSnapshotTests testComponentCatalogThemes] : failed - Snapshot "LabelPreview.night" does not match reference.

@−
"file:///Users/yingpengwang/.codex/worktrees/970d/creator-platform/apps/ios/Tests/QelvoraUITests/__Snapshots__/NativeSnapshotTests/testComponentCatalogThemes.LabelPreview-night.png"
@+
"file:///tmp/qelvora-w6-runtime-20261001/ios-layer-capture/NativeSnapshotTests/testComponentCatalogThemes.LabelPreview-night.png"

To configure output for a custom diff tool, use 'withSnapshotTesting'. For example:

    withSnapshotTesting(diffTool: .ksdiff) {
      // ...
    }

Newly-taken snapshot does not match reference.
/Users/yingpengwang/.codex/worktrees/970d/creator-platform/apps/ios/Tests/QelvoraUITests/NativeSnapshotTests.swift:60: error: -[QelvoraUITests.NativeSnapshotTests testComponentCatalogThemes] : failed - Snapshot "SigningSheet.night" does not match reference.

@−
"file:///Users/yingpengwang/.codex/worktrees/970d/creator-platform/apps/ios/Tests/QelvoraUITests/__Snapshots__/NativeSnapshotTests/testComponentCatalogThemes.SigningSheet-night.png"
@+
"file:///tmp/qelvora-w6-runtime-20261001/ios-layer-capture/NativeSnapshotTests/testComponentCatalogThemes.SigningSheet-night.png"

To configure output for a custom diff tool, use 'withSnapshotTesting'. For example:

    withSnapshotTesting(diffTool: .ksdiff) {
      // ...
    }

Newly-taken snapshot does not match reference.
/Users/yingpengwang/.codex/worktrees/970d/creator-platform/apps/ios/Tests/QelvoraUITests/NativeSnapshotTests.swift:60: error: -[QelvoraUITests.NativeSnapshotTests testComponentCatalogThemes] : failed - Snapshot "AuditBanner.night" does not match reference.

@−
"file:///Users/yingpengwang/.codex/worktrees/970d/creator-platform/apps/ios/Tests/QelvoraUITests/__Snapshots__/NativeSnapshotTests/testComponentCatalogThemes.AuditBanner-night.png"
@+
"file:///tmp/qelvora-w6-runtime-20261001/ios-layer-capture/NativeSnapshotTests/testComponentCatalogThemes.AuditBanner-night.png"

To configure output for a custom diff tool, use 'withSnapshotTesting'. For example:

    withSnapshotTesting(diffTool: .ksdiff) {
      // ...
    }

Newly-taken snapshot does not match reference.
/Users/yingpengwang/.codex/worktrees/970d/creator-platform/apps/ios/Tests/QelvoraUITests/NativeSnapshotTests.swift:60: error: -[QelvoraUITests.NativeSnapshotTests testComponentCatalogThemes] : failed - Snapshot "SourceRow.night" does not match reference.

@−
"file:///Users/yingpengwang/.codex/worktrees/970d/creator-platform/apps/ios/Tests/QelvoraUITests/__Snapshots__/NativeSnapshotTests/testComponentCatalogThemes.SourceRow-night.png"
@+
"file:///tmp/qelvora-w6-runtime-20261001/ios-layer-capture/NativeSnapshotTests/testComponentCatalogThemes.SourceRow-night.png"

To configure output for a custom diff tool, use 'withSnapshotTesting'. For example:

    withSnapshotTesting(diffTool: .ksdiff) {
      // ...
    }

Newly-taken snapshot does not match reference.
/Users/yingpengwang/.codex/worktrees/970d/creator-platform/apps/ios/Tests/QelvoraUITests/NativeSnapshotTests.swift:60: error: -[QelvoraUITests.NativeSnapshotTests testComponentCatalogThemes] : failed - Snapshot "Button.night" does not match reference.

@−
"file:///Users/yingpengwang/.codex/worktrees/970d/creator-platform/apps/ios/Tests/QelvoraUITests/__Snapshots__/NativeSnapshotTests/testComponentCatalogThemes.Button-night.png"
@+
"file:///tmp/qelvora-w6-runtime-20261001/ios-layer-capture/NativeSnapshotTests/testComponentCatalogThemes.Button-night.png"

To configure output for a custom diff tool, use 'withSnapshotTesting'. For example:

    withSnapshotTesting(diffTool: .ksdiff) {
      // ...
    }

Newly-taken snapshot does not match reference.
/Users/yingpengwang/.codex/worktrees/970d/creator-platform/apps/ios/Tests/QelvoraUITests/NativeSnapshotTests.swift:60: error: -[QelvoraUITests.NativeSnapshotTests testComponentCatalogThemes] : failed - Snapshot "TabBar.night" does not match reference.

@−
"file:///Users/yingpengwang/.codex/worktrees/970d/creator-platform/apps/ios/Tests/QelvoraUITests/__Snapshots__/NativeSnapshotTests/testComponentCatalogThemes.TabBar-night.png"
@+
"file:///tmp/qelvora-w6-runtime-20261001/ios-layer-capture/NativeSnapshotTests/testComponentCatalogThemes.TabBar-night.png"

To configure output for a custom diff tool, use 'withSnapshotTesting'. For example:

    withSnapshotTesting(diffTool: .ksdiff) {
      // ...
    }

Newly-taken snapshot does not match reference.
/Users/yingpengwang/.codex/worktrees/970d/creator-platform/apps/ios/Tests/QelvoraUITests/NativeSnapshotTests.swift:60: error: -[QelvoraUITests.NativeSnapshotTests testComponentCatalogThemes] : failed - Snapshot "Segmented.night" does not match reference.

@−
"file:///Users/yingpengwang/.codex/worktrees/970d/creator-platform/apps/ios/Tests/QelvoraUITests/__Snapshots__/NativeSnapshotTests/testComponentCatalogThemes.Segmented-night.png"
@+
"file:///tmp/qelvora-w6-runtime-20261001/ios-layer-capture/NativeSnapshotTests/testComponentCatalogThemes.Segmented-night.png"

To configure output for a custom diff tool, use 'withSnapshotTesting'. For example:

    withSnapshotTesting(diffTool: .ksdiff) {
      // ...
    }

Newly-taken snapshot does not match reference.
/Users/yingpengwang/.codex/worktrees/970d/creator-platform/apps/ios/Tests/QelvoraUITests/NativeSnapshotTests.swift:60: error: -[QelvoraUITests.NativeSnapshotTests testComponentCatalogThemes] : failed - Snapshot "Notice.night" does not match reference.

@−
"file:///Users/yingpengwang/.codex/worktrees/970d/creator-platform/apps/ios/Tests/QelvoraUITests/__Snapshots__/NativeSnapshotTests/testComponentCatalogThemes.Notice-night.png"
@+
"file:///tmp/qelvora-w6-runtime-20261001/ios-layer-capture/NativeSnapshotTests/testComponentCatalogThemes.Notice-night.png"

To configure output for a custom diff tool, use 'withSnapshotTesting'. For example:

    withSnapshotTesting(diffTool: .ksdiff) {
      // ...
    }

Newly-taken snapshot does not match reference.
/Users/yingpengwang/.codex/worktrees/970d/creator-platform/apps/ios/Tests/QelvoraUITests/NativeSnapshotTests.swift:60: error: -[QelvoraUITests.NativeSnapshotTests testComponentCatalogThemes] : failed - Snapshot "NotificationRow.night" does not match reference.

@−
"file:///Users/yingpengwang/.codex/worktrees/970d/creator-platform/apps/ios/Tests/QelvoraUITests/__Snapshots__/NativeSnapshotTests/testComponentCatalogThemes.NotificationRow-night.png"
@+
"file:///tmp/qelvora-w6-runtime-20261001/ios-layer-capture/NativeSnapshotTests/testComponentCatalogThemes.NotificationRow-night.png"

To configure output for a custom diff tool, use 'withSnapshotTesting'. For example:

    withSnapshotTesting(diffTool: .ksdiff) {
      // ...
    }

Newly-taken snapshot does not match reference.
/Users/yingpengwang/.codex/worktrees/970d/creator-platform/apps/ios/Tests/QelvoraUITests/NativeSnapshotTests.swift:60: error: -[QelvoraUITests.NativeSnapshotTests testComponentCatalogThemes] : failed - Snapshot "EmptyState.night" does not match reference.

@−
"file:///Users/yingpengwang/.codex/worktrees/970d/creator-platform/apps/ios/Tests/QelvoraUITests/__Snapshots__/NativeSnapshotTests/testComponentCatalogThemes.EmptyState-night.png"
@+
"file:///tmp/qelvora-w6-runtime-20261001/ios-layer-capture/NativeSnapshotTests/testComponentCatalogThemes.EmptyState-night.png"

To configure output for a custom diff tool, use 'withSnapshotTesting'. For example:

    withSnapshotTesting(diffTool: .ksdiff) {
      // ...
    }

Newly-taken snapshot does not match reference.
/Users/yingpengwang/.codex/worktrees/970d/creator-platform/apps/ios/Tests/QelvoraUITests/NativeSnapshotTests.swift:60: error: -[QelvoraUITests.NativeSnapshotTests testComponentCatalogThemes] : failed - Snapshot "ShareCard.night" does not match reference.

@−
"file:///Users/yingpengwang/.codex/worktrees/970d/creator-platform/apps/ios/Tests/QelvoraUITests/__Snapshots__/NativeSnapshotTests/testComponentCatalogThemes.ShareCard-night.png"
@+
"file:///tmp/qelvora-w6-runtime-20261001/ios-layer-capture/NativeSnapshotTests/testComponentCatalogThemes.ShareCard-night.png"

To configure output for a custom diff tool, use 'withSnapshotTesting'. For example:

    withSnapshotTesting(diffTool: .ksdiff) {
      // ...
    }

Newly-taken snapshot does not match reference.
/Users/yingpengwang/.codex/worktrees/970d/creator-platform/apps/ios/Tests/QelvoraUITests/NativeSnapshotTests.swift:60: error: -[QelvoraUITests.NativeSnapshotTests testComponentCatalogThemes] : failed - Snapshot "CallChip.night" does not match reference.

@−
"file:///Users/yingpengwang/.codex/worktrees/970d/creator-platform/apps/ios/Tests/QelvoraUITests/__Snapshots__/NativeSnapshotTests/testComponentCatalogThemes.CallChip-night.png"
@+
"file:///tmp/qelvora-w6-runtime-20261001/ios-layer-capture/NativeSnapshotTests/testComponentCatalogThemes.CallChip-night.png"

To configure output for a custom diff tool, use 'withSnapshotTesting'. For example:

    withSnapshotTesting(diffTool: .ksdiff) {
      // ...
    }

Newly-taken snapshot does not match reference.
/Users/yingpengwang/.codex/worktrees/970d/creator-platform/apps/ios/Tests/QelvoraUITests/NativeSnapshotTests.swift:60: error: -[QelvoraUITests.NativeSnapshotTests testComponentCatalogThemes] : failed - Snapshot "ReservedLabel.night" does not match reference.

@−
"file:///Users/yingpengwang/.codex/worktrees/970d/creator-platform/apps/ios/Tests/QelvoraUITests/__Snapshots__/NativeSnapshotTests/testComponentCatalogThemes.ReservedLabel-night.png"
@+
"file:///tmp/qelvora-w6-runtime-20261001/ios-layer-capture/NativeSnapshotTests/testComponentCatalogThemes.ReservedLabel-night.png"

To configure output for a custom diff tool, use 'withSnapshotTesting'. For example:

    withSnapshotTesting(diffTool: .ksdiff) {
      // ...
    }

Newly-taken snapshot does not match reference.
/Users/yingpengwang/.codex/worktrees/970d/creator-platform/apps/ios/Tests/QelvoraUITests/NativeSnapshotTests.swift:60: error: -[QelvoraUITests.NativeSnapshotTests testComponentCatalogThemes] : failed - Snapshot "Countdown.night" does not match reference.

@−
"file:///Users/yingpengwang/.codex/worktrees/970d/creator-platform/apps/ios/Tests/QelvoraUITests/__Snapshots__/NativeSnapshotTests/testComponentCatalogThemes.Countdown-night.png"
@+
"file:///tmp/qelvora-w6-runtime-20261001/ios-layer-capture/NativeSnapshotTests/testComponentCatalogThemes.Countdown-night.png"

To configure output for a custom diff tool, use 'withSnapshotTesting'. For example:

    withSnapshotTesting(diffTool: .ksdiff) {
      // ...
    }

Newly-taken snapshot does not match reference.
/Users/yingpengwang/.codex/worktrees/970d/creator-platform/apps/ios/Tests/QelvoraUITests/NativeSnapshotTests.swift:60: error: -[QelvoraUITests.NativeSnapshotTests testComponentCatalogThemes] : failed - Snapshot "InsteadMenu.night" does not match reference.

@−
"file:///Users/yingpengwang/.codex/worktrees/970d/creator-platform/apps/ios/Tests/QelvoraUITests/__Snapshots__/NativeSnapshotTests/testComponentCatalogThemes.InsteadMenu-night.png"
@+
"file:///tmp/qelvora-w6-runtime-20261001/ios-layer-capture/NativeSnapshotTests/testComponentCatalogThemes.InsteadMenu-night.png"

To configure output for a custom diff tool, use 'withSnapshotTesting'. For example:

    withSnapshotTesting(diffTool: .ksdiff) {
      // ...
    }

Newly-taken snapshot does not match reference.
/Users/yingpengwang/.codex/worktrees/970d/creator-platform/apps/ios/Tests/QelvoraUITests/NativeSnapshotTests.swift:60: error: -[QelvoraUITests.NativeSnapshotTests testComponentCatalogThemes] : failed - Snapshot "TestConsole.night" does not match reference.

@−
"file:///Users/yingpengwang/.codex/worktrees/970d/creator-platform/apps/ios/Tests/QelvoraUITests/__Snapshots__/NativeSnapshotTests/testComponentCatalogThemes.TestConsole-night.png"
@+
"file:///tmp/qelvora-w6-runtime-20261001/ios-layer-capture/NativeSnapshotTests/testComponentCatalogThemes.TestConsole-night.png"

To configure output for a custom diff tool, use 'withSnapshotTesting'. For example:

    withSnapshotTesting(diffTool: .ksdiff) {
      // ...
    }

Newly-taken snapshot does not match reference.
/Users/yingpengwang/.codex/worktrees/970d/creator-platform/apps/ios/Tests/QelvoraUITests/NativeSnapshotTests.swift:60: error: -[QelvoraUITests.NativeSnapshotTests testComponentCatalogThemes] : failed - Snapshot "VersionList.night" does not match reference.

@−
"file:///Users/yingpengwang/.codex/worktrees/970d/creator-platform/apps/ios/Tests/QelvoraUITests/__Snapshots__/NativeSnapshotTests/testComponentCatalogThemes.VersionList-night.png"
@+
"file:///tmp/qelvora-w6-runtime-20261001/ios-layer-capture/NativeSnapshotTests/testComponentCatalogThemes.VersionList-night.png"

To configure output for a custom diff tool, use 'withSnapshotTesting'. For example:

    withSnapshotTesting(diffTool: .ksdiff) {
      // ...
    }

Newly-taken snapshot does not match reference.
/Users/yingpengwang/.codex/worktrees/970d/creator-platform/apps/ios/Tests/QelvoraUITests/NativeSnapshotTests.swift:60: error: -[QelvoraUITests.NativeSnapshotTests testComponentCatalogThemes] : failed - Snapshot "DigestItem.night" does not match reference.

@−
"file:///Users/yingpengwang/.codex/worktrees/970d/creator-platform/apps/ios/Tests/QelvoraUITests/__Snapshots__/NativeSnapshotTests/testComponentCatalogThemes.DigestItem-night.png"
@+
"file:///tmp/qelvora-w6-runtime-20261001/ios-layer-capture/NativeSnapshotTests/testComponentCatalogThemes.DigestItem-night.png"

To configure output for a custom diff tool, use 'withSnapshotTesting'. For example:

    withSnapshotTesting(diffTool: .ksdiff) {
      // ...
    }

Newly-taken snapshot does not match reference.
Context leak detected, CoreAnalytics returned false
/Users/yingpengwang/.codex/worktrees/970d/creator-platform/apps/ios/Tests/QelvoraUITests/NativeSnapshotTests.swift:60: error: -[QelvoraUITests.NativeSnapshotTests testComponentCatalogThemes] : failed - Snapshot "StudioTabBar.night" does not match reference.

@−
"file:///Users/yingpengwang/.codex/worktrees/970d/creator-platform/apps/ios/Tests/QelvoraUITests/__Snapshots__/NativeSnapshotTests/testComponentCatalogThemes.StudioTabBar-night.png"
@+
"file:///tmp/qelvora-w6-runtime-20261001/ios-layer-capture/NativeSnapshotTests/testComponentCatalogThemes.StudioTabBar-night.png"

To configure output for a custom diff tool, use 'withSnapshotTesting'. For example:

    withSnapshotTesting(diffTool: .ksdiff) {
      // ...
    }

Newly-taken snapshot does not match reference.
/Users/yingpengwang/.codex/worktrees/970d/creator-platform/apps/ios/Tests/QelvoraUITests/NativeSnapshotTests.swift:60: error: -[QelvoraUITests.NativeSnapshotTests testComponentCatalogThemes] : failed - Snapshot "Sidebar.night" does not match reference.

@−
"file:///Users/yingpengwang/.codex/worktrees/970d/creator-platform/apps/ios/Tests/QelvoraUITests/__Snapshots__/NativeSnapshotTests/testComponentCatalogThemes.Sidebar-night.png"
@+
"file:///tmp/qelvora-w6-runtime-20261001/ios-layer-capture/NativeSnapshotTests/testComponentCatalogThemes.Sidebar-night.png"

To configure output for a custom diff tool, use 'withSnapshotTesting'. For example:

    withSnapshotTesting(diffTool: .ksdiff) {
      // ...
    }

Newly-taken snapshot does not match reference.
/Users/yingpengwang/.codex/worktrees/970d/creator-platform/apps/ios/Tests/QelvoraUITests/NativeSnapshotTests.swift:60: error: -[QelvoraUITests.NativeSnapshotTests testComponentCatalogThemes] : failed - Snapshot "Sheet.night" does not match reference.

@−
"file:///Users/yingpengwang/.codex/worktrees/970d/creator-platform/apps/ios/Tests/QelvoraUITests/__Snapshots__/NativeSnapshotTests/testComponentCatalogThemes.Sheet-night.png"
@+
"file:///tmp/qelvora-w6-runtime-20261001/ios-layer-capture/NativeSnapshotTests/testComponentCatalogThemes.Sheet-night.png"

To configure output for a custom diff tool, use 'withSnapshotTesting'. For example:

    withSnapshotTesting(diffTool: .ksdiff) {
      // ...
    }

Newly-taken snapshot does not match reference.
/Users/yingpengwang/.codex/worktrees/970d/creator-platform/apps/ios/Tests/QelvoraUITests/NativeSnapshotTests.swift:60: error: -[QelvoraUITests.NativeSnapshotTests testComponentCatalogThemes] : failed - Snapshot "Dialog.night" does not match reference.

@−
"file:///Users/yingpengwang/.codex/worktrees/970d/creator-platform/apps/ios/Tests/QelvoraUITests/__Snapshots__/NativeSnapshotTests/testComponentCatalogThemes.Dialog-night.png"
@+
"file:///tmp/qelvora-w6-runtime-20261001/ios-layer-capture/NativeSnapshotTests/testComponentCatalogThemes.Dialog-night.png"

To configure output for a custom diff tool, use 'withSnapshotTesting'. For example:

    withSnapshotTesting(diffTool: .ksdiff) {
      // ...
    }

Newly-taken snapshot does not match reference.
/Users/yingpengwang/.codex/worktrees/970d/creator-platform/apps/ios/Tests/QelvoraUITests/NativeSnapshotTests.swift:60: error: -[QelvoraUITests.NativeSnapshotTests testComponentCatalogThemes] : failed - Snapshot "Toast.night" does not match reference.

@−
"file:///Users/yingpengwang/.codex/worktrees/970d/creator-platform/apps/ios/Tests/QelvoraUITests/__Snapshots__/NativeSnapshotTests/testComponentCatalogThemes.Toast-night.png"
@+
"file:///tmp/qelvora-w6-runtime-20261001/ios-layer-capture/NativeSnapshotTests/testComponentCatalogThemes.Toast-night.png"

To configure output for a custom diff tool, use 'withSnapshotTesting'. For example:

    withSnapshotTesting(diffTool: .ksdiff) {
      // ...
    }

Newly-taken snapshot does not match reference.
/Users/yingpengwang/.codex/worktrees/970d/creator-platform/apps/ios/Tests/QelvoraUITests/NativeSnapshotTests.swift:57: error: -[QelvoraUITests.NativeSnapshotTests testComponentCatalogThemes] : failed - Snapshot "Skeleton.night" does not match reference.

@−
"file:///Users/yingpengwang/.codex/worktrees/970d/creator-platform/apps/ios/Tests/QelvoraUITests/__Snapshots__/NativeSnapshotTests/testComponentCatalogThemes.Skeleton-night.png"
@+
"file:///tmp/qelvora-w6-runtime-20261001/ios-layer-capture/NativeSnapshotTests/testComponentCatalogThemes.Skeleton-night.png"

To configure output for a custom diff tool, use 'withSnapshotTesting'. For example:

    withSnapshotTesting(diffTool: .ksdiff) {
      // ...
    }

Newly-taken snapshot does not match reference.
/Users/yingpengwang/.codex/worktrees/970d/creator-platform/apps/ios/Tests/QelvoraUITests/NativeSnapshotTests.swift:60: error: -[QelvoraUITests.NativeSnapshotTests testComponentCatalogThemes] : failed - Snapshot "EmailFrame.night" does not match reference.

@−
"file:///Users/yingpengwang/.codex/worktrees/970d/creator-platform/apps/ios/Tests/QelvoraUITests/__Snapshots__/NativeSnapshotTests/testComponentCatalogThemes.EmailFrame-night.png"
@+
"file:///tmp/qelvora-w6-runtime-20261001/ios-layer-capture/NativeSnapshotTests/testComponentCatalogThemes.EmailFrame-night.png"

To configure output for a custom diff tool, use 'withSnapshotTesting'. For example:

    withSnapshotTesting(diffTool: .ksdiff) {
      // ...
    }

Newly-taken snapshot does not match reference.
Test Case '-[QelvoraUITests.NativeSnapshotTests testComponentCatalogThemes]' failed (33.943 seconds).
Test Case '-[QelvoraUITests.NativeSnapshotTests testWelcomeThemes]' started.
/Users/yingpengwang/.codex/worktrees/970d/creator-platform/apps/ios/Tests/QelvoraUITests/NativeSnapshotTests.swift:17: error: -[QelvoraUITests.NativeSnapshotTests testWelcomeThemes] : failed - Snapshot "light" does not match reference.

@−
"file:///Users/yingpengwang/.codex/worktrees/970d/creator-platform/apps/ios/Tests/QelvoraUITests/__Snapshots__/NativeSnapshotTests/testWelcomeThemes.light.png"
@+
"file:///tmp/qelvora-w6-runtime-20261001/ios-layer-capture/NativeSnapshotTests/testWelcomeThemes.light.png"

To configure output for a custom diff tool, use 'withSnapshotTesting'. For example:

    withSnapshotTesting(diffTool: .ksdiff) {
      // ...
    }

Newly-taken snapshot does not match reference.
/Users/yingpengwang/.codex/worktrees/970d/creator-platform/apps/ios/Tests/QelvoraUITests/NativeSnapshotTests.swift:17: error: -[QelvoraUITests.NativeSnapshotTests testWelcomeThemes] : failed - Snapshot "night" does not match reference.

@−
"file:///Users/yingpengwang/.codex/worktrees/970d/creator-platform/apps/ios/Tests/QelvoraUITests/__Snapshots__/NativeSnapshotTests/testWelcomeThemes.night.png"
@+
"file:///tmp/qelvora-w6-runtime-20261001/ios-layer-capture/NativeSnapshotTests/testWelcomeThemes.night.png"

To configure output for a custom diff tool, use 'withSnapshotTesting'. For example:

    withSnapshotTesting(diffTool: .ksdiff) {
      // ...
    }

Newly-taken snapshot does not match reference.
Test Case '-[QelvoraUITests.NativeSnapshotTests testWelcomeThemes]' failed (0.938 seconds).
Test Suite 'NativeSnapshotTests' failed at 2026-09-30 20:26:06.712.
	 Executed 3 tests, with 110 failures (0 unexpected) in 37.032 (37.034) seconds
Test Suite 'QelvoraNativePackageTests.xctest' failed at 2026-09-30 20:26:06.712.
	 Executed 3 tests, with 110 failures (0 unexpected) in 37.032 (37.034) seconds
Test Suite 'Selected tests' failed at 2026-09-30 20:26:06.712.
	 Executed 3 tests, with 110 failures (0 unexpected) in 37.032 (37.037) seconds
Native capture testAuthorIdentitySurfaces()/light: backing=2.0, canvas=(390.0, 844.0), logical=(390.0, 844.0)
Native capture testAuthorIdentitySurfaces()/night: backing=2.0, canvas=(390.0, 844.0), logical=(390.0, 844.0)
Native capture testComponentCatalogThemes()/Mark.light: backing=2.0, canvas=(390.0, 844.0), logical=(390.0, 844.0)
Native capture testComponentCatalogThemes()/Seal.light: backing=2.0, canvas=(390.0, 844.0), logical=(390.0, 844.0)
Native capture testComponentCatalogThemes()/Avatar.light: backing=2.0, canvas=(390.0, 844.0), logical=(390.0, 844.0)
Native capture testComponentCatalogThemes()/AuthorLabel.light: backing=2.0, canvas=(390.0, 844.0), logical=(390.0, 844.0)
Native capture testComponentCatalogThemes()/IdentityStrip.light: backing=2.0, canvas=(390.0, 844.0), logical=(390.0, 844.0)
Native capture testComponentCatalogThemes()/ThreadHeader.light: backing=2.0, canvas=(390.0, 844.0), logical=(390.0, 844.0)
Native capture testComponentCatalogThemes()/SignedMarker.light: backing=2.0, canvas=(390.0, 844.0), logical=(390.0, 844.0)
Native capture testComponentCatalogThemes()/SystemLine.light: backing=2.0, canvas=(390.0, 844.0), logical=(390.0, 844.0)
Native capture testComponentCatalogThemes()/Message.light: backing=2.0, canvas=(390.0, 844.0), logical=(390.0, 844.0)
Native capture testComponentCatalogThemes()/Note.light: backing=2.0, canvas=(390.0, 844.0), logical=(390.0, 844.0)
Native capture testComponentCatalogThemes()/ReactionChip.light: backing=2.0, canvas=(390.0, 844.0), logical=(390.0, 844.0)
Native capture testComponentCatalogThemes()/CitationChip.light: backing=2.0, canvas=(390.0, 844.0), logical=(390.0, 844.0)
Native capture testComponentCatalogThemes()/MemoryChip.light: backing=2.0, canvas=(390.0, 844.0), logical=(390.0, 844.0)
Native capture testComponentCatalogThemes()/Correction.light: backing=2.0, canvas=(390.0, 844.0), logical=(390.0, 844.0)
Native capture testComponentCatalogThemes()/ContextCard.light: backing=2.0, canvas=(390.0, 844.0), logical=(390.0, 844.0)
Native capture testComponentCatalogThemes()/VoiceNote.light: backing=2.0, canvas=(390.0, 844.0), logical=(390.0, 844.0)
Native capture testComponentCatalogThemes()/Composer.light: backing=2.0, canvas=(390.0, 844.0), logical=(390.0, 844.0)
Native capture testComponentCatalogThemes()/StepIn.light: backing=2.0, canvas=(390.0, 844.0), logical=(390.0, 844.0)
Native capture testComponentCatalogThemes()/AccessLines.light: backing=2.0, canvas=(390.0, 844.0), logical=(390.0, 844.0)
Native capture testComponentCatalogThemes()/ModeList.light: backing=2.0, canvas=(390.0, 844.0), logical=(390.0, 844.0)
Native capture testComponentCatalogThemes()/IncludeList.light: backing=2.0, canvas=(390.0, 844.0), logical=(390.0, 844.0)
Native capture testComponentCatalogThemes()/TermsBlock.light: backing=2.0, canvas=(390.0, 844.0), logical=(390.0, 844.0)
Native capture testComponentCatalogThemes()/EtaLine.light: backing=2.0, canvas=(390.0, 844.0), logical=(390.0, 844.0)
Native capture testComponentCatalogThemes()/RequestStatus.light: backing=2.0, canvas=(390.0, 844.0), logical=(390.0, 844.0)
Native capture testComponentCatalogThemes()/Receipt.light: backing=2.0, canvas=(390.0, 844.0), logical=(390.0, 844.0)
Native capture testComponentCatalogThemes()/SpendLimit.light: backing=2.0, canvas=(390.0, 844.0), logical=(390.0, 844.0)
Native capture testComponentCatalogThemes()/QueueCard.light: backing=2.0, canvas=(390.0, 844.0), logical=(390.0, 844.0)
Native capture testComponentCatalogThemes()/CapacityHeader.light: backing=2.0, canvas=(390.0, 844.0), logical=(390.0, 844.0)
Native capture testComponentCatalogThemes()/LabelPreview.light: backing=2.0, canvas=(390.0, 844.0), logical=(390.0, 844.0)
Native capture testComponentCatalogThemes()/SigningSheet.light: backing=2.0, canvas=(390.0, 844.0), logical=(390.0, 844.0)
Native capture testComponentCatalogThemes()/AuditBanner.light: backing=2.0, canvas=(390.0, 844.0), logical=(390.0, 844.0)
Native capture testComponentCatalogThemes()/SourceRow.light: backing=2.0, canvas=(390.0, 844.0), logical=(390.0, 844.0)
Native capture testComponentCatalogThemes()/Button.light: backing=2.0, canvas=(390.0, 844.0), logical=(390.0, 844.0)
Native capture testComponentCatalogThemes()/TabBar.light: backing=2.0, canvas=(390.0, 844.0), logical=(390.0, 844.0)
Native capture testComponentCatalogThemes()/Segmented.light: backing=2.0, canvas=(390.0, 844.0), logical=(390.0, 844.0)
Native capture testComponentCatalogThemes()/Notice.light: backing=2.0, canvas=(390.0, 844.0), logical=(390.0, 844.0)
Native capture testComponentCatalogThemes()/NotificationRow.light: backing=2.0, canvas=(390.0, 844.0), logical=(390.0, 844.0)
Native capture testComponentCatalogThemes()/EmptyState.light: backing=2.0, canvas=(390.0, 844.0), logical=(390.0, 844.0)
Native capture testComponentCatalogThemes()/ShareCard.light: backing=2.0, canvas=(390.0, 844.0), logical=(390.0, 844.0)
Native capture testComponentCatalogThemes()/CallChip.light: backing=2.0, canvas=(390.0, 844.0), logical=(390.0, 844.0)
Native capture testComponentCatalogThemes()/ReservedLabel.light: backing=2.0, canvas=(390.0, 844.0), logical=(390.0, 844.0)
Native capture testComponentCatalogThemes()/Countdown.light: backing=2.0, canvas=(390.0, 844.0), logical=(390.0, 844.0)
Native capture testComponentCatalogThemes()/InsteadMenu.light: backing=2.0, canvas=(390.0, 844.0), logical=(390.0, 844.0)
Native capture testComponentCatalogThemes()/TestConsole.light: backing=2.0, canvas=(390.0, 844.0), logical=(390.0, 844.0)
Native capture testComponentCatalogThemes()/VersionList.light: backing=2.0, canvas=(390.0, 844.0), logical=(390.0, 844.0)
Native capture testComponentCatalogThemes()/DigestItem.light: backing=2.0, canvas=(390.0, 844.0), logical=(390.0, 844.0)
Native capture testComponentCatalogThemes()/StudioTabBar.light: backing=2.0, canvas=(390.0, 844.0), logical=(390.0, 844.0)
Native capture testComponentCatalogThemes()/Sidebar.light: backing=2.0, canvas=(390.0, 844.0), logical=(390.0, 844.0)
Native capture testComponentCatalogThemes()/Sheet.light: backing=2.0, canvas=(390.0, 844.0), logical=(390.0, 844.0)
Native capture testComponentCatalogThemes()/Dialog.light: backing=2.0, canvas=(390.0, 844.0), logical=(390.0, 844.0)
Native capture testComponentCatalogThemes()/Toast.light: backing=2.0, canvas=(390.0, 844.0), logical=(390.0, 844.0)
Native capture testComponentCatalogThemes()/Skeleton.light: backing=2.0, canvas=(390.0, 844.0), logical=(390.0, 844.0)
Native capture testComponentCatalogThemes()/EmailFrame.light: backing=2.0, canvas=(390.0, 844.0), logical=(390.0, 844.0)
Native capture testComponentCatalogThemes()/Mark.night: backing=2.0, canvas=(390.0, 844.0), logical=(390.0, 844.0)
Native capture testComponentCatalogThemes()/Seal.night: backing=2.0, canvas=(390.0, 844.0), logical=(390.0, 844.0)
Native capture testComponentCatalogThemes()/Avatar.night: backing=2.0, canvas=(390.0, 844.0), logical=(390.0, 844.0)
Native capture testComponentCatalogThemes()/AuthorLabel.night: backing=2.0, canvas=(390.0, 844.0), logical=(390.0, 844.0)
Native capture testComponentCatalogThemes()/IdentityStrip.night: backing=2.0, canvas=(390.0, 844.0), logical=(390.0, 844.0)
Native capture testComponentCatalogThemes()/ThreadHeader.night: backing=2.0, canvas=(390.0, 844.0), logical=(390.0, 844.0)
Native capture testComponentCatalogThemes()/SignedMarker.night: backing=2.0, canvas=(390.0, 844.0), logical=(390.0, 844.0)
Native capture testComponentCatalogThemes()/SystemLine.night: backing=2.0, canvas=(390.0, 844.0), logical=(390.0, 844.0)
Native capture testComponentCatalogThemes()/Message.night: backing=2.0, canvas=(390.0, 844.0), logical=(390.0, 844.0)
Native capture testComponentCatalogThemes()/Note.night: backing=2.0, canvas=(390.0, 844.0), logical=(390.0, 844.0)
Native capture testComponentCatalogThemes()/ReactionChip.night: backing=2.0, canvas=(390.0, 844.0), logical=(390.0, 844.0)
Native capture testComponentCatalogThemes()/CitationChip.night: backing=2.0, canvas=(390.0, 844.0), logical=(390.0, 844.0)
Native capture testComponentCatalogThemes()/MemoryChip.night: backing=2.0, canvas=(390.0, 844.0), logical=(390.0, 844.0)
Native capture testComponentCatalogThemes()/Correction.night: backing=2.0, canvas=(390.0, 844.0), logical=(390.0, 844.0)
Native capture testComponentCatalogThemes()/ContextCard.night: backing=2.0, canvas=(390.0, 844.0), logical=(390.0, 844.0)
Native capture testComponentCatalogThemes()/VoiceNote.night: backing=2.0, canvas=(390.0, 844.0), logical=(390.0, 844.0)
Native capture testComponentCatalogThemes()/Composer.night: backing=2.0, canvas=(390.0, 844.0), logical=(390.0, 844.0)
Native capture testComponentCatalogThemes()/StepIn.night: backing=2.0, canvas=(390.0, 844.0), logical=(390.0, 844.0)
Native capture testComponentCatalogThemes()/AccessLines.night: backing=2.0, canvas=(390.0, 844.0), logical=(390.0, 844.0)
Native capture testComponentCatalogThemes()/ModeList.night: backing=2.0, canvas=(390.0, 844.0), logical=(390.0, 844.0)
Native capture testComponentCatalogThemes()/IncludeList.night: backing=2.0, canvas=(390.0, 844.0), logical=(390.0, 844.0)
Native capture testComponentCatalogThemes()/TermsBlock.night: backing=2.0, canvas=(390.0, 844.0), logical=(390.0, 844.0)
Native capture testComponentCatalogThemes()/EtaLine.night: backing=2.0, canvas=(390.0, 844.0), logical=(390.0, 844.0)
Native capture testComponentCatalogThemes()/RequestStatus.night: backing=2.0, canvas=(390.0, 844.0), logical=(390.0, 844.0)
Native capture testComponentCatalogThemes()/Receipt.night: backing=2.0, canvas=(390.0, 844.0), logical=(390.0, 844.0)
Native capture testComponentCatalogThemes()/SpendLimit.night: backing=2.0, canvas=(390.0, 844.0), logical=(390.0, 844.0)
Native capture testComponentCatalogThemes()/QueueCard.night: backing=2.0, canvas=(390.0, 844.0), logical=(390.0, 844.0)
Native capture testComponentCatalogThemes()/CapacityHeader.night: backing=2.0, canvas=(390.0, 844.0), logical=(390.0, 844.0)
Native capture testComponentCatalogThemes()/LabelPreview.night: backing=2.0, canvas=(390.0, 844.0), logical=(390.0, 844.0)
Native capture testComponentCatalogThemes()/SigningSheet.night: backing=2.0, canvas=(390.0, 844.0), logical=(390.0, 844.0)
Native capture testComponentCatalogThemes()/AuditBanner.night: backing=2.0, canvas=(390.0, 844.0), logical=(390.0, 844.0)
Native capture testComponentCatalogThemes()/SourceRow.night: backing=2.0, canvas=(390.0, 844.0), logical=(390.0, 844.0)
Native capture testComponentCatalogThemes()/Button.night: backing=2.0, canvas=(390.0, 844.0), logical=(390.0, 844.0)
Native capture testComponentCatalogThemes()/TabBar.night: backing=2.0, canvas=(390.0, 844.0), logical=(390.0, 844.0)
Native capture testComponentCatalogThemes()/Segmented.night: backing=2.0, canvas=(390.0, 844.0), logical=(390.0, 844.0)
Native capture testComponentCatalogThemes()/Notice.night: backing=2.0, canvas=(390.0, 844.0), logical=(390.0, 844.0)
Native capture testComponentCatalogThemes()/NotificationRow.night: backing=2.0, canvas=(390.0, 844.0), logical=(390.0, 844.0)
Native capture testComponentCatalogThemes()/EmptyState.night: backing=2.0, canvas=(390.0, 844.0), logical=(390.0, 844.0)
Native capture testComponentCatalogThemes()/ShareCard.night: backing=2.0, canvas=(390.0, 844.0), logical=(390.0, 844.0)
Native capture testComponentCatalogThemes()/CallChip.night: backing=2.0, canvas=(390.0, 844.0), logical=(390.0, 844.0)
Native capture testComponentCatalogThemes()/ReservedLabel.night: backing=2.0, canvas=(390.0, 844.0), logical=(390.0, 844.0)
Native capture testComponentCatalogThemes()/Countdown.night: backing=2.0, canvas=(390.0, 844.0), logical=(390.0, 844.0)
Native capture testComponentCatalogThemes()/InsteadMenu.night: backing=2.0, canvas=(390.0, 844.0), logical=(390.0, 844.0)
Native capture testComponentCatalogThemes()/TestConsole.night: backing=2.0, canvas=(390.0, 844.0), logical=(390.0, 844.0)
Native capture testComponentCatalogThemes()/VersionList.night: backing=2.0, canvas=(390.0, 844.0), logical=(390.0, 844.0)
Native capture testComponentCatalogThemes()/DigestItem.night: backing=2.0, canvas=(390.0, 844.0), logical=(390.0, 844.0)
Native capture testComponentCatalogThemes()/StudioTabBar.night: backing=2.0, canvas=(390.0, 844.0), logical=(390.0, 844.0)
Native capture testComponentCatalogThemes()/Sidebar.night: backing=2.0, canvas=(390.0, 844.0), logical=(390.0, 844.0)
Native capture testComponentCatalogThemes()/Sheet.night: backing=2.0, canvas=(390.0, 844.0), logical=(390.0, 844.0)
Native capture testComponentCatalogThemes()/Dialog.night: backing=2.0, canvas=(390.0, 844.0), logical=(390.0, 844.0)
Native capture testComponentCatalogThemes()/Toast.night: backing=2.0, canvas=(390.0, 844.0), logical=(390.0, 844.0)
Native capture testComponentCatalogThemes()/Skeleton.night: backing=2.0, canvas=(390.0, 844.0), logical=(390.0, 844.0)
Native capture testComponentCatalogThemes()/EmailFrame.night: backing=2.0, canvas=(390.0, 844.0), logical=(390.0, 844.0)
Native capture testWelcomeThemes()/light: backing=2.0, canvas=(390.0, 844.0), logical=(390.0, 844.0)
Native capture testWelcomeThemes()/night: backing=2.0, canvas=(390.0, 844.0), logical=(390.0, 844.0)
◇ Test run started.
↳ Testing Library Version: 1902
↳ Target Platform: x86_64-apple-macos14.0
✔ Test run with 0 tests in 0 suites passed after 0.004 seconds.
