2026-09-30T20:47:53.2332570Z Current runner version: '2.337.0'
2026-09-30T20:47:53.2348740Z ##[group]Runner Image Provisioner
2026-09-30T20:47:53.2349340Z Hosted Compute Agent
2026-09-30T20:47:53.2349800Z Version: 20260828.587
2026-09-30T20:47:53.2350250Z Commit: abac92662cab4cc7352de4f9f9d2e2419aad9c29
2026-09-30T20:47:53.2350820Z Build Date: 2026-08-28T16:44:25Z
2026-09-30T20:47:53.2351470Z Worker ID: {0a78b8b3-939e-4a33-9f6e-ae5d93b91f9a}
2026-09-30T20:47:53.2351970Z Azure Region: westus
2026-09-30T20:47:53.2352440Z ##[endgroup]
2026-09-30T20:47:53.2353440Z ##[group]Operating System
2026-09-30T20:47:53.2353860Z macOS
2026-09-30T20:47:53.2354200Z 27.0
2026-09-30T20:47:53.2354590Z 26A428
2026-09-30T20:47:53.2354950Z ##[endgroup]
2026-09-30T20:47:53.2355320Z ##[group]Runner Image
2026-09-30T20:47:53.2355710Z Image: xcode-27-arm64
2026-09-30T20:47:53.2356100Z Version: 20260921.0210.1
2026-09-30T20:47:53.2356970Z Included Software: https://github.com/actions/runner-images/blob/xcode-27-arm64/20260921.0210/images/macos/xcode-27-arm64-Readme.md
2026-09-30T20:47:53.2358040Z Image Release: https://github.com/actions/runner-images/releases/tag/xcode-27-arm64%2F20260921.0210
2026-09-30T20:47:53.2358710Z ##[endgroup]
2026-09-30T20:47:53.2359520Z ##[group]GITHUB_TOKEN Permissions
2026-09-30T20:47:53.2360920Z Contents: read
2026-09-30T20:47:53.2361290Z Metadata: read
2026-09-30T20:47:53.2361660Z Packages: read
2026-09-30T20:47:53.2362040Z ##[endgroup]
2026-09-30T20:47:53.2363530Z Secret source: Actions
2026-09-30T20:47:53.2364150Z Cache mode: write
2026-09-30T20:47:53.2364620Z Prepare workflow directory
2026-09-30T20:47:53.2745450Z Prepare all required actions
2026-09-30T20:47:53.2784530Z Getting action download info
2026-09-30T20:47:53.7030920Z Download action repository 'actions/checkout@v4' (SHA:11d5960a326750d5838078e36cf38b85af677262)
2026-09-30T20:47:54.0738050Z Download action repository 'actions/upload-artifact@v4' (SHA:ea165f8d65b6e75b540449e92b4886f43607fa02)
2026-09-30T20:47:54.2830400Z Complete job name: ios-foundation
2026-09-30T20:47:54.3282350Z ##[group]Run actions/checkout@v4
2026-09-30T20:47:54.3283270Z with:
2026-09-30T20:47:54.3283710Z   repository: WangPantopus/creator-platform
2026-09-30T20:47:54.3286930Z   token: ***
2026-09-30T20:47:54.3287370Z   ssh-strict: true
2026-09-30T20:47:54.3287770Z   ssh-user: git
2026-09-30T20:47:54.3288170Z   persist-credentials: true
2026-09-30T20:47:54.3288610Z   clean: true
2026-09-30T20:47:54.3289110Z   sparse-checkout-cone-mode: true
2026-09-30T20:47:54.3289580Z   fetch-depth: 1
2026-09-30T20:47:54.3289980Z   fetch-tags: false
2026-09-30T20:47:54.3307210Z   show-progress: true
2026-09-30T20:47:54.3307670Z   lfs: false
2026-09-30T20:47:54.3308100Z   submodules: false
2026-09-30T20:47:54.3308530Z   set-safe-directory: true
2026-09-30T20:47:54.3308980Z   allow-unsafe-pr-checkout: false
2026-09-30T20:47:54.3310240Z env:
2026-09-30T20:47:54.3310920Z   SNAPSHOT_ARTIFACTS: /Users/runner/work/creator-platform/creator-platform/artifacts/ios/snapshot-diffs
2026-09-30T20:47:54.3312330Z ##[endgroup]
2026-09-30T20:47:54.6230010Z Syncing repository: WangPantopus/creator-platform
2026-09-30T20:47:54.6238460Z ##[group]Getting Git version info
2026-09-30T20:47:54.6245020Z Working directory is '/Users/runner/work/creator-platform/creator-platform'
2026-09-30T20:47:54.6274170Z [command]/opt/homebrew/bin/git version
2026-09-30T20:47:54.6309560Z git version 2.55.0
2026-09-30T20:47:54.6580390Z ##[endgroup]
2026-09-30T20:47:54.6595910Z Copying '/Users/runner/.gitconfig' to '/Users/runner/work/_temp/ed5209ce-ecf3-401f-9a0f-4e9c443d574f/.gitconfig'
2026-09-30T20:47:54.6628150Z Temporarily overriding HOME='/Users/runner/work/_temp/ed5209ce-ecf3-401f-9a0f-4e9c443d574f' before making global git config changes
2026-09-30T20:47:54.6639400Z Adding repository directory to the temporary git global config as a safe directory
2026-09-30T20:47:54.6674310Z [command]/opt/homebrew/bin/git config --global --add safe.directory /Users/runner/work/creator-platform/creator-platform
2026-09-30T20:47:54.6691750Z Deleting the contents of '/Users/runner/work/creator-platform/creator-platform'
2026-09-30T20:47:54.6694930Z ##[group]Initializing the repository
2026-09-30T20:47:54.6715370Z [command]/opt/homebrew/bin/git init /Users/runner/work/creator-platform/creator-platform
2026-09-30T20:47:54.6730440Z hint: Using 'master' as the name for the initial branch. This default branch name
2026-09-30T20:47:54.6738050Z hint: will change to "main" in Git 3.0. To configure the initial branch name
2026-09-30T20:47:54.6745020Z hint: to use in all of your new repositories, which will suppress this warning,
2026-09-30T20:47:54.6760110Z hint: call:
2026-09-30T20:47:54.6772640Z hint:
2026-09-30T20:47:54.6777960Z hint: 	git config --global init.defaultBranch <name>
2026-09-30T20:47:54.6785800Z hint:
2026-09-30T20:47:54.6821170Z hint: Names commonly chosen instead of 'master' are 'main', 'trunk' and
2026-09-30T20:47:54.6829960Z hint: 'development'. The just-created branch can be renamed via this command:
2026-09-30T20:47:54.6843060Z hint:
2026-09-30T20:47:54.6852170Z hint: 	git branch -m <name>
2026-09-30T20:47:54.6889340Z hint:
2026-09-30T20:47:54.6906560Z hint: Disable this message with "git config set advice.defaultBranchName false"
2026-09-30T20:47:54.6915310Z Initialized empty Git repository in /Users/runner/work/creator-platform/creator-platform/.git/
2026-09-30T20:47:54.6936470Z [command]/opt/homebrew/bin/git remote add origin https://github.com/WangPantopus/creator-platform
2026-09-30T20:47:54.6963370Z ##[endgroup]
2026-09-30T20:47:54.6971070Z ##[group]Disabling automatic garbage collection
2026-09-30T20:47:54.6981320Z [command]/opt/homebrew/bin/git config --local gc.auto 0
2026-09-30T20:47:54.6999410Z ##[endgroup]
2026-09-30T20:47:54.7003540Z ##[group]Setting up auth
2026-09-30T20:47:54.7030320Z [command]/opt/homebrew/bin/git config --local --name-only --get-regexp core\.sshCommand
2026-09-30T20:47:54.7041860Z [command]/opt/homebrew/bin/git submodule foreach --recursive sh -c "git config --local --name-only --get-regexp 'core\.sshCommand' && git config --local --unset-all 'core.sshCommand' || :"
2026-09-30T20:47:54.7709790Z [command]/opt/homebrew/bin/git config --local --name-only --get-regexp http\.https\:\/\/github\.com\/\.extraheader
2026-09-30T20:47:54.7779170Z [command]/opt/homebrew/bin/git submodule foreach --recursive sh -c "git config --local --name-only --get-regexp 'http\.https\:\/\/github\.com\/\.extraheader' && git config --local --unset-all 'http.https://github.com/.extraheader' || :"
2026-09-30T20:47:54.8658900Z [command]/opt/homebrew/bin/git config --local --name-only --get-regexp ^includeIf\.gitdir:
2026-09-30T20:47:54.8731170Z [command]/opt/homebrew/bin/git submodule foreach --recursive git config --local --show-origin --name-only --get-regexp remote.origin.url
2026-09-30T20:47:54.9685560Z [command]/opt/homebrew/bin/git config --local http.https://github.com/.extraheader AUTHORIZATION: basic ***
2026-09-30T20:47:54.9766490Z ##[endgroup]
2026-09-30T20:47:54.9767210Z ##[group]Fetching the repository
2026-09-30T20:47:54.9771780Z [command]/opt/homebrew/bin/git -c protocol.version=2 fetch --no-tags --prune --no-recurse-submodules --depth=1 origin +140006c90e62645b43487985178d64b9dc528c20:refs/remotes/pull/2/merge
2026-09-30T20:47:56.2864720Z From https://github.com/WangPantopus/creator-platform
2026-09-30T20:47:56.2868860Z  * [new ref]         140006c90e62645b43487985178d64b9dc528c20 -> pull/2/merge
2026-09-30T20:47:56.2871860Z ##[endgroup]
2026-09-30T20:47:56.2872740Z ##[group]Determining the checkout info
2026-09-30T20:47:56.2874220Z ##[endgroup]
2026-09-30T20:47:56.2879110Z [command]/opt/homebrew/bin/git sparse-checkout disable
2026-09-30T20:47:56.2962680Z [command]/opt/homebrew/bin/git config --local --unset-all extensions.worktreeConfig
2026-09-30T20:47:56.3031660Z ##[group]Checking out the ref
2026-09-30T20:47:56.3033950Z [command]/opt/homebrew/bin/git checkout --progress --force refs/remotes/pull/2/merge
2026-09-30T20:47:56.5655040Z HEAD is now at 140006c Merge f406b09423c0c84cc0f378ca7f609711d9d29a6f into 2e337a1afdf6d8bba3974427588e0b34b6d42d36
2026-09-30T20:47:56.5666810Z ##[endgroup]
2026-09-30T20:47:56.5787020Z [command]/opt/homebrew/bin/git log -1 --format=%H
2026-09-30T20:47:56.5840090Z 140006c90e62645b43487985178d64b9dc528c20
2026-09-30T20:47:56.6025670Z ##[group]Run sw_vers
2026-09-30T20:47:56.6026590Z [36;1msw_vers[0m
2026-09-30T20:47:56.6027400Z [36;1mxcodebuild -version[0m
2026-09-30T20:47:56.6028300Z [36;1mswift --version[0m
2026-09-30T20:47:56.6072010Z shell: /bin/bash -e {0}
2026-09-30T20:47:56.6072840Z env:
2026-09-30T20:47:56.6074230Z   SNAPSHOT_ARTIFACTS: /Users/runner/work/creator-platform/creator-platform/artifacts/ios/snapshot-diffs
2026-09-30T20:47:56.6075850Z ##[endgroup]
2026-09-30T20:47:56.6684820Z ProductName:		macOS
2026-09-30T20:47:56.6686080Z ProductVersion:		27.0
2026-09-30T20:47:56.6686980Z BuildVersion:		26A428
2026-09-30T20:47:56.9104390Z Xcode 27.0
2026-09-30T20:47:56.9115860Z Build version 27A266a
2026-09-30T20:47:59.7121000Z Apple Swift version 6.4 (swiftlang-6.4.0.34.1 clang-2100.3.34.1)
2026-09-30T20:47:59.7121420Z Target: arm64-apple-macosx27.0.0
2026-09-30T20:47:59.7188660Z swift-driver version: 1.168.6 
2026-09-30T20:47:59.7226670Z ##[group]Run brew install xcodegen
2026-09-30T20:47:59.7226970Z [36;1mbrew install xcodegen[0m
2026-09-30T20:47:59.7260270Z shell: /bin/bash -e {0}
2026-09-30T20:47:59.7260490Z env:
2026-09-30T20:47:59.7260850Z   SNAPSHOT_ARTIFACTS: /Users/runner/work/creator-platform/creator-platform/artifacts/ios/snapshot-diffs
2026-09-30T20:47:59.7261260Z ##[endgroup]
2026-09-30T20:48:01.6170790Z [32m==>[0m [1mDownloading bottle manifests[0m
2026-09-30T20:48:01.6221570Z ✔︎ Bottle Manifest xcodegen (2.46.0)
2026-09-30T20:48:01.6226490Z [34m==>[0m [1mWould install 1 formula:[0m
2026-09-30T20:48:01.6227100Z xcodegen 2.46.0
2026-09-30T20:48:01.6247860Z [32m==>[0m [1mFetching downloads for: [32mxcodegen[39m[0m
2026-09-30T20:48:02.0213560Z ✔︎ Bottle xcodegen (2.46.0)
2026-09-30T20:48:02.0458660Z [34m==>[0m [1mPouring xcodegen--2.46.0.arm64_golden_gate.bottle.1.tar.gz[0m
2026-09-30T20:48:02.1733810Z 🍺  /opt/homebrew/Cellar/xcodegen/2.46.0: 38 files, 7.5MB
2026-09-30T20:48:02.1827790Z ##[group]Run xcodegen generate --spec apps/ios/project.yml
2026-09-30T20:48:02.1828160Z [36;1mxcodegen generate --spec apps/ios/project.yml[0m
2026-09-30T20:48:02.1859770Z shell: /bin/bash -e {0}
2026-09-30T20:48:02.1860000Z env:
2026-09-30T20:48:02.1860380Z   SNAPSHOT_ARTIFACTS: /Users/runner/work/creator-platform/creator-platform/artifacts/ios/snapshot-diffs
2026-09-30T20:48:02.1860810Z ##[endgroup]
2026-09-30T20:48:02.2283890Z ⚙️  Generating plists...
2026-09-30T20:48:02.2285620Z ⚙️  Generating project...
2026-09-30T20:48:02.2355770Z ⚙️  Writing project...
2026-09-30T20:48:02.2409380Z Created project at /Users/runner/work/creator-platform/creator-platform/apps/ios/QelvoraApp.xcodeproj
2026-09-30T20:48:02.2458850Z ##[group]Run xcrun simctl list devices available --json | python3 -c '
2026-09-30T20:48:02.2459280Z [36;1mxcrun simctl list devices available --json | python3 -c '[0m
2026-09-30T20:48:02.2459610Z [36;1mimport json, os, sys[0m
2026-09-30T20:48:02.2459890Z [36;1mdevices = json.load(sys.stdin)["devices"][0m
2026-09-30T20:48:02.2460380Z [36;1mphone = next(d for runtime, entries in devices.items() if ".iOS-" in runtime for d in entries if d["name"].startswith("iPhone"))[0m
2026-09-30T20:48:02.2461010Z [36;1mwith open(os.environ["GITHUB_OUTPUT"], "a") as output: output.write("id=" + phone["udid"] + "\n")[0m
2026-09-30T20:48:02.2461410Z [36;1m'[0m
2026-09-30T20:48:02.2492750Z shell: /bin/bash -e {0}
2026-09-30T20:48:02.2492930Z env:
2026-09-30T20:48:02.2493280Z   SNAPSHOT_ARTIFACTS: /Users/runner/work/creator-platform/creator-platform/artifacts/ios/snapshot-diffs
2026-09-30T20:48:02.2493760Z ##[endgroup]
2026-09-30T20:48:04.0747520Z ##[group]Run xcodebuild test -project apps/ios/QelvoraApp.xcodeproj -scheme QelvoraApp -destination 'platform=iOS Simulator,id=A1AA148C-E35C-4442-BF7A-002B2704BC63' -resultBundlePath artifacts/ios/FoundationFlow.xcresult CODE_SIGNING_ALLOWED=YES CODE_SIGN_IDENTITY=-
2026-09-30T20:48:04.0749330Z [36;1mxcodebuild test -project apps/ios/QelvoraApp.xcodeproj -scheme QelvoraApp -destination 'platform=iOS Simulator,id=A1AA148C-E35C-4442-BF7A-002B2704BC63' -resultBundlePath artifacts/ios/FoundationFlow.xcresult CODE_SIGNING_ALLOWED=YES CODE_SIGN_IDENTITY=-[0m
2026-09-30T20:48:04.0782680Z shell: /bin/bash -e {0}
2026-09-30T20:48:04.0782890Z env:
2026-09-30T20:48:04.0783260Z   SNAPSHOT_ARTIFACTS: /Users/runner/work/creator-platform/creator-platform/artifacts/ios/snapshot-diffs
2026-09-30T20:48:04.0783660Z ##[endgroup]
2026-09-30T20:48:04.8203840Z Command line invocation:
2026-09-30T20:48:04.8208220Z     /Applications/Xcode_27.app/Contents/Developer/usr/bin/xcodebuild test -project apps/ios/QelvoraApp.xcodeproj -scheme QelvoraApp -destination "platform=iOS Simulator,id=A1AA148C-E35C-4442-BF7A-002B2704BC63" -resultBundlePath artifacts/ios/FoundationFlow.xcresult CODE_SIGNING_ALLOWED=YES CODE_SIGN_IDENTITY=-
2026-09-30T20:48:04.8211410Z 
2026-09-30T20:48:04.8213480Z Build settings from command line:
2026-09-30T20:48:04.8214010Z     CODE_SIGN_IDENTITY = -
2026-09-30T20:48:04.8214810Z     CODE_SIGNING_ALLOWED = YES
2026-09-30T20:48:04.8217770Z 
2026-09-30T20:48:06.2359390Z Resolve Package Graph
2026-09-30T20:48:12.3969440Z 
2026-09-30T20:48:12.3980650Z Fetching from https://github.com/pointfreeco/swift-snapshot-testing.git
2026-09-30T20:48:15.8342540Z 
2026-09-30T20:48:15.8348020Z Fetching from https://github.com/pointfreeco/swift-custom-dump
2026-09-30T20:48:15.8390590Z 
2026-09-30T20:48:16.9774390Z Fetching from https://github.com/pointfreeco/swift-issue-reporting
2026-09-30T20:48:16.9775800Z 
2026-09-30T20:48:16.9776300Z Fetching from https://github.com/swiftlang/swift-syntax
2026-09-30T20:48:19.8693000Z 
2026-09-30T20:48:23.0932430Z Creating working copy of package ‘swift-snapshot-testing’
2026-09-30T20:48:23.1256410Z 
2026-09-30T20:48:23.1262410Z Checking out 1.19.6 of package ‘swift-snapshot-testing’
2026-09-30T20:48:23.2478800Z 
2026-09-30T20:48:23.2876780Z Creating working copy of package ‘swift-issue-reporting’
2026-09-30T20:48:23.3432650Z 
2026-09-30T20:48:23.3534100Z Checking out 2.1.1 of package ‘swift-issue-reporting’
2026-09-30T20:48:23.3869650Z 
2026-09-30T20:48:23.4135810Z Creating working copy of package ‘swift-syntax’
2026-09-30T20:48:23.4735180Z 
2026-09-30T20:48:23.4736440Z Checking out 604.0.0 of package ‘swift-syntax’
2026-09-30T20:48:23.6954810Z 
2026-09-30T20:48:23.7192770Z Creating working copy of package ‘swift-custom-dump’
2026-09-30T20:48:23.7515050Z 
2026-09-30T20:48:23.7515800Z Checking out 1.7.3 of package ‘swift-custom-dump’
2026-09-30T20:48:23.7898740Z 
2026-09-30T20:48:25.4779600Z Downloading package prebuilt https://download.swift.org/prebuilts/swift-syntax/604.0.0/swiftlang-6.4.0.34.1-macosx27.0-MacroSupport.zip
2026-09-30T20:48:25.6246140Z 
2026-09-30T20:48:26.8145640Z 
2026-09-30T20:48:26.8154710Z Resolved source packages:
2026-09-30T20:48:26.8155260Z   QelvoraNative: /Users/runner/work/creator-platform/creator-platform/apps/ios
2026-09-30T20:48:26.8155900Z   swift-issue-reporting: https://github.com/pointfreeco/swift-issue-reporting @ 2.1.1
2026-09-30T20:48:26.8162360Z   swift-custom-dump: https://github.com/pointfreeco/swift-custom-dump @ 1.7.3
2026-09-30T20:48:26.8163020Z   swift-snapshot-testing: https://github.com/pointfreeco/swift-snapshot-testing.git @ 1.19.6
2026-09-30T20:48:26.8163620Z   swift-syntax: https://github.com/swiftlang/swift-syntax @ 604.0.0
2026-09-30T20:48:26.8163960Z 
2026-09-30T20:48:26.8248000Z Writing result bundle at path:
2026-09-30T20:48:26.8251610Z 	/Users/runner/work/creator-platform/creator-platform/artifacts/ios/FoundationFlow.xcresult
2026-09-30T20:48:26.8252160Z 
2026-09-30T20:48:26.9621100Z note: Using codesigning identity override: -
2026-09-30T20:48:27.3924900Z ComputePackagePrebuildTargetDependencyGraph
2026-09-30T20:48:28.2116390Z 
2026-09-30T20:48:28.2149830Z Prepare packages
2026-09-30T20:48:28.2150410Z 
2026-09-30T20:48:28.2332300Z CreateBuildRequest
2026-09-30T20:48:28.2332680Z 
2026-09-30T20:48:28.2333090Z SendProjectDescription
2026-09-30T20:48:28.3465810Z 
2026-09-30T20:48:28.3466260Z CreateBuildOperation
2026-09-30T20:48:28.3507210Z 
2026-09-30T20:48:28.3520850Z ComputeTargetDependencyGraph
2026-09-30T20:48:28.7613100Z note: Building targets in dependency order
2026-09-30T20:48:28.7713820Z note: Target dependency graph (5 targets)
2026-09-30T20:48:28.7752850Z     Target 'QelvoraUITests' in project 'QelvoraApp'
2026-09-30T20:48:28.7755750Z         ➜ Explicit dependency on target 'QelvoraApp' in project 'QelvoraApp'
2026-09-30T20:48:28.7756280Z     Target 'QelvoraApp' in project 'QelvoraApp'
2026-09-30T20:48:28.7756890Z         ➜ Explicit dependency on target 'QelvoraUI-product' in project 'QelvoraNative'
2026-09-30T20:48:28.7758660Z     Target 'QelvoraUI-product' in project 'QelvoraNative'
2026-09-30T20:48:28.7759260Z         ➜ Explicit dependency on target 'QelvoraUI' in project 'QelvoraNative'
2026-09-30T20:48:28.7759880Z         ➜ Explicit dependency on target 'QelvoraNative_QelvoraUI' in project 'QelvoraNative'
2026-09-30T20:48:28.7760380Z     Target 'QelvoraUI' in project 'QelvoraNative'
2026-09-30T20:48:28.7760930Z         ➜ Explicit dependency on target 'QelvoraNative_QelvoraUI' in project 'QelvoraNative'
2026-09-30T20:48:28.7761510Z     Target 'QelvoraNative_QelvoraUI' in project 'QelvoraNative' (no dependencies)
2026-09-30T20:48:28.7761860Z 
2026-09-30T20:48:28.7762360Z GatherProvisioningInputs
2026-09-30T20:48:28.8000050Z 
2026-09-30T20:48:28.8233280Z CreateBuildDescription
2026-09-30T20:48:28.8865670Z 
2026-09-30T20:48:28.8872700Z ExecuteExternalTool /Applications/Xcode_27.app/Contents/Developer/usr/bin/xcstringstool compile --dry-run --output-directory /Users/runner/Library/Developer/Xcode/DerivedData/QelvoraApp-chovwfzcihvbrjemwlhqppehhyoa/Build/Intermediates.noindex/QelvoraNative.build/Debug-iphonesimulator/QelvoraNative_QelvoraUI-b.build /Users/runner/work/creator-platform/creator-platform/apps/ios/Sources/Generated/Localizable.xcstrings
2026-09-30T20:48:28.9465890Z 
2026-09-30T20:48:28.9466880Z ExecuteExternalTool /Applications/Xcode_27.app/Contents/Developer/Toolchains/XcodeDefault.xctoolchain/usr/bin/swiftc --version
2026-09-30T20:48:29.0338170Z 
2026-09-30T20:48:29.0339470Z ExecuteExternalTool /Applications/Xcode_27.app/Contents/Developer/Toolchains/XcodeDefault.xctoolchain/usr/bin/clang -v -E -dM -isysroot /Applications/Xcode_27.app/Contents/Developer/Platforms/iPhoneSimulator.platform/Developer/SDKs/iPhoneSimulator27.0.sdk -x c -c /dev/null
2026-09-30T20:48:29.0340360Z 
2026-09-30T20:48:29.0423340Z ExecuteExternalTool /Applications/Xcode_27.app/Contents/Developer/Toolchains/XcodeDefault.xctoolchain/usr/bin/ld -version_details
2026-09-30T20:48:29.0538700Z 
2026-09-30T20:48:29.0815900Z Build description signature: ef3e07eea69ed186030274d8c23c4572
2026-09-30T20:48:29.0820310Z Build description path: /Users/runner/Library/Developer/Xcode/DerivedData/QelvoraApp-chovwfzcihvbrjemwlhqppehhyoa/Build/Intermediates.noindex/XCBuildData/ef3e07eea69ed186030274d8c23c4572.xcbuilddata
2026-09-30T20:48:29.1232480Z CreateBuildDirectory /Users/runner/Library/Developer/Xcode/DerivedData/SDKExplicitPrecompiledModules
2026-09-30T20:48:29.1337330Z     cd /Users/runner/work/creator-platform/creator-platform/apps/ios/QelvoraApp.xcodeproj
2026-09-30T20:48:29.1441850Z     builtin-create-build-directory /Users/runner/Library/Developer/Xcode/DerivedData/SDKExplicitPrecompiledModules
2026-09-30T20:48:29.1531030Z 
2026-09-30T20:48:29.1558600Z CreateBuildDirectory /Users/runner/Library/Developer/Xcode/DerivedData/ModuleCache.noindex
2026-09-30T20:48:29.1572210Z     cd /Users/runner/work/creator-platform/creator-platform/apps/ios/QelvoraApp.xcodeproj
2026-09-30T20:48:29.1690080Z     builtin-create-build-directory /Users/runner/Library/Developer/Xcode/DerivedData/ModuleCache.noindex
2026-09-30T20:48:29.1812680Z 
2026-09-30T20:48:29.1913850Z CreateBuildDirectory /Users/runner/Library/Developer/Xcode/DerivedData/CompilationCache.noindex
2026-09-30T20:48:29.1961970Z     cd /Users/runner/work/creator-platform/creator-platform/apps/ios/QelvoraApp.xcodeproj
2026-09-30T20:48:29.1963120Z     builtin-create-build-directory /Users/runner/Library/Developer/Xcode/DerivedData/CompilationCache.noindex
2026-09-30T20:48:29.1963690Z 
2026-09-30T20:48:29.1964120Z CreateBuildDirectory /Users/runner/Library/Developer/Xcode/DerivedData/QelvoraApp-chovwfzcihvbrjemwlhqppehhyoa/Build/Products
2026-09-30T20:48:29.1964850Z     cd /Users/runner/work/creator-platform/creator-platform/apps/ios/QelvoraApp.xcodeproj
2026-09-30T20:48:29.1965660Z     builtin-create-build-directory /Users/runner/Library/Developer/Xcode/DerivedData/QelvoraApp-chovwfzcihvbrjemwlhqppehhyoa/Build/Products
2026-09-30T20:48:29.1966200Z 
2026-09-30T20:48:29.1966690Z CreateBuildDirectory /Users/runner/Library/Developer/Xcode/DerivedData/QelvoraApp-chovwfzcihvbrjemwlhqppehhyoa/Build/Intermediates.noindex
2026-09-30T20:48:29.1967450Z     cd /Users/runner/work/creator-platform/creator-platform/apps/ios/QelvoraApp.xcodeproj
2026-09-30T20:48:29.1968250Z     builtin-create-build-directory /Users/runner/Library/Developer/Xcode/DerivedData/QelvoraApp-chovwfzcihvbrjemwlhqppehhyoa/Build/Intermediates.noindex
2026-09-30T20:48:29.1968850Z 
2026-09-30T20:48:29.1970040Z ClangStatCache /Applications/Xcode_27.app/Contents/Developer/Toolchains/XcodeDefault.xctoolchain/usr/bin/clang-stat-cache /Applications/Xcode_27.app/Contents/Developer/Platforms/iPhoneSimulator.platform/Developer/SDKs/iPhoneSimulator27.0.sdk /Users/runner/Library/Developer/Xcode/DerivedData/SDKStatCaches.noindex/iphonesimulator27.0-24A430-155dc1fa6e968f55248c4516efa38917.sdkstatcache
2026-09-30T20:48:29.1971600Z     cd /Users/runner/work/creator-platform/creator-platform/apps/ios/QelvoraApp.xcodeproj
2026-09-30T20:48:29.1973030Z     /Applications/Xcode_27.app/Contents/Developer/Toolchains/XcodeDefault.xctoolchain/usr/bin/clang-stat-cache /Applications/Xcode_27.app/Contents/Developer/Platforms/iPhoneSimulator.platform/Developer/SDKs/iPhoneSimulator27.0.sdk -o /Users/runner/Library/Developer/Xcode/DerivedData/SDKStatCaches.noindex/iphonesimulator27.0-24A430-155dc1fa6e968f55248c4516efa38917.sdkstatcache
2026-09-30T20:48:30.5015280Z 
2026-09-30T20:48:30.5019960Z WriteAuxiliaryFile /Users/runner/Library/Developer/Xcode/DerivedData/QelvoraApp-chovwfzcihvbrjemwlhqppehhyoa/Build/Intermediates.noindex/QelvoraApp.build/Debug-iphonesimulator/QelvoraApp-29b244ef777fcfbcbef7f347c6fce175-VFS-iphonesimulator/all-product-headers.yaml
2026-09-30T20:48:30.5021420Z     cd /Users/runner/work/creator-platform/creator-platform/apps/ios/QelvoraApp.xcodeproj
2026-09-30T20:48:30.5023290Z     write-file /Users/runner/Library/Developer/Xcode/DerivedData/QelvoraApp-chovwfzcihvbrjemwlhqppehhyoa/Build/Intermediates.noindex/QelvoraApp.build/Debug-iphonesimulator/QelvoraApp-29b244ef777fcfbcbef7f347c6fce175-VFS-iphonesimulator/all-product-headers.yaml
2026-09-30T20:48:30.5024210Z 
2026-09-30T20:48:30.5024610Z CreateBuildDirectory /Users/runner/Library/Developer/Xcode/DerivedData/QelvoraApp-chovwfzcihvbrjemwlhqppehhyoa/Build/Products/Debug-iphonesimulator
2026-09-30T20:48:30.5025310Z     cd /Users/runner/work/creator-platform/creator-platform/apps/ios/QelvoraApp.xcodeproj
2026-09-30T20:48:30.5026070Z     builtin-create-build-directory /Users/runner/Library/Developer/Xcode/DerivedData/QelvoraApp-chovwfzcihvbrjemwlhqppehhyoa/Build/Products/Debug-iphonesimulator
2026-09-30T20:48:30.5026760Z 
2026-09-30T20:48:30.5027250Z CreateBuildDirectory /Users/runner/Library/Developer/Xcode/DerivedData/QelvoraApp-chovwfzcihvbrjemwlhqppehhyoa/Build/Intermediates.noindex/SwiftExplicitPrecompiledModules
2026-09-30T20:48:30.5028040Z     cd /Users/runner/work/creator-platform/creator-platform/apps/ios/QelvoraApp.xcodeproj
2026-09-30T20:48:30.5029360Z     builtin-create-build-directory /Users/runner/Library/Developer/Xcode/DerivedData/QelvoraApp-chovwfzcihvbrjemwlhqppehhyoa/Build/Intermediates.noindex/SwiftExplicitPrecompiledModules
2026-09-30T20:48:30.5030200Z 
2026-09-30T20:48:30.5030780Z CreateBuildDirectory /Users/runner/Library/Developer/Xcode/DerivedData/QelvoraApp-chovwfzcihvbrjemwlhqppehhyoa/Build/Products/Debug-iphonesimulator/PackageFrameworks
2026-09-30T20:48:30.5034030Z     cd /Users/runner/work/creator-platform/creator-platform/apps/ios/QelvoraApp.xcodeproj
2026-09-30T20:48:30.5034870Z     builtin-create-build-directory /Users/runner/Library/Developer/Xcode/DerivedData/QelvoraApp-chovwfzcihvbrjemwlhqppehhyoa/Build/Products/Debug-iphonesimulator/PackageFrameworks
2026-09-30T20:48:30.5035450Z 
2026-09-30T20:48:30.5035890Z CreateBuildDirectory /Users/runner/Library/Developer/Xcode/DerivedData/QelvoraApp-chovwfzcihvbrjemwlhqppehhyoa/Build/Intermediates.noindex/PrecompiledHeaders
2026-09-30T20:48:30.5036620Z     cd /Users/runner/work/creator-platform/creator-platform/apps/ios/QelvoraApp.xcodeproj
2026-09-30T20:48:30.5037410Z     builtin-create-build-directory /Users/runner/Library/Developer/Xcode/DerivedData/QelvoraApp-chovwfzcihvbrjemwlhqppehhyoa/Build/Intermediates.noindex/PrecompiledHeaders
2026-09-30T20:48:30.5038010Z 
2026-09-30T20:48:30.5038580Z CreateBuildDirectory /Users/runner/Library/Developer/Xcode/DerivedData/QelvoraApp-chovwfzcihvbrjemwlhqppehhyoa/Build/Intermediates.noindex/ExplicitPrecompiledModules
2026-09-30T20:48:30.5039400Z     cd /Users/runner/work/creator-platform/creator-platform/apps/ios/QelvoraApp.xcodeproj
2026-09-30T20:48:30.5040200Z     builtin-create-build-directory /Users/runner/Library/Developer/Xcode/DerivedData/QelvoraApp-chovwfzcihvbrjemwlhqppehhyoa/Build/Intermediates.noindex/ExplicitPrecompiledModules
2026-09-30T20:48:30.5040790Z 
2026-09-30T20:48:30.5041300Z CreateBuildDirectory /Users/runner/Library/Developer/Xcode/DerivedData/QelvoraApp-chovwfzcihvbrjemwlhqppehhyoa/Build/Intermediates.noindex/EagerLinkingTBDs/Debug-iphonesimulator
2026-09-30T20:48:30.5042080Z     cd /Users/runner/work/creator-platform/creator-platform/apps/ios/QelvoraApp.xcodeproj
2026-09-30T20:48:30.5042910Z     builtin-create-build-directory /Users/runner/Library/Developer/Xcode/DerivedData/QelvoraApp-chovwfzcihvbrjemwlhqppehhyoa/Build/Intermediates.noindex/EagerLinkingTBDs/Debug-iphonesimulator
2026-09-30T20:48:30.5043730Z 
2026-09-30T20:48:30.5044570Z WriteAuxiliaryFile /Users/runner/Library/Developer/Xcode/DerivedData/QelvoraApp-chovwfzcihvbrjemwlhqppehhyoa/Build/Intermediates.noindex/QelvoraApp.build/Debug-iphonesimulator/QelvoraUITests.build/empty-QelvoraUITests.plist (in target 'QelvoraUITests' from project 'QelvoraApp')
2026-09-30T20:48:30.5045650Z     cd /Users/runner/work/creator-platform/creator-platform/apps/ios
2026-09-30T20:48:30.5046640Z     write-file /Users/runner/Library/Developer/Xcode/DerivedData/QelvoraApp-chovwfzcihvbrjemwlhqppehhyoa/Build/Intermediates.noindex/QelvoraApp.build/Debug-iphonesimulator/QelvoraUITests.build/empty-QelvoraUITests.plist
2026-09-30T20:48:30.5047410Z 
2026-09-30T20:48:30.5048220Z WriteAuxiliaryFile /Users/runner/Library/Developer/Xcode/DerivedData/QelvoraApp-chovwfzcihvbrjemwlhqppehhyoa/Build/Intermediates.noindex/QelvoraApp.build/Debug-iphonesimulator/QelvoraUITests.build/QelvoraUITests.hmap (in target 'QelvoraUITests' from project 'QelvoraApp')
2026-09-30T20:48:30.5049210Z     cd /Users/runner/work/creator-platform/creator-platform/apps/ios
2026-09-30T20:48:30.5050040Z     write-file /Users/runner/Library/Developer/Xcode/DerivedData/QelvoraApp-chovwfzcihvbrjemwlhqppehhyoa/Build/Intermediates.noindex/QelvoraApp.build/Debug-iphonesimulator/QelvoraUITests.build/QelvoraUITests.hmap
2026-09-30T20:48:30.5050800Z 
2026-09-30T20:48:30.5051700Z WriteAuxiliaryFile /Users/runner/Library/Developer/Xcode/DerivedData/QelvoraApp-chovwfzcihvbrjemwlhqppehhyoa/Build/Intermediates.noindex/QelvoraApp.build/Debug-iphonesimulator/QelvoraUITests.build/QelvoraUITests.DependencyStaticMetadataFileList (in target 'QelvoraUITests' from project 'QelvoraApp')
2026-09-30T20:48:30.5053590Z     cd /Users/runner/work/creator-platform/creator-platform/apps/ios
2026-09-30T20:48:30.5054540Z     write-file /Users/runner/Library/Developer/Xcode/DerivedData/QelvoraApp-chovwfzcihvbrjemwlhqppehhyoa/Build/Intermediates.noindex/QelvoraApp.build/Debug-iphonesimulator/QelvoraUITests.build/QelvoraUITests.DependencyStaticMetadataFileList
2026-09-30T20:48:30.5055480Z 
2026-09-30T20:48:30.5056450Z WriteAuxiliaryFile /Users/runner/Library/Developer/Xcode/DerivedData/QelvoraApp-chovwfzcihvbrjemwlhqppehhyoa/Build/Intermediates.noindex/QelvoraApp.build/Debug-iphonesimulator/QelvoraUITests.build/QelvoraUITests.DependencyMetadataFileList (in target 'QelvoraUITests' from project 'QelvoraApp')
2026-09-30T20:48:30.5057530Z     cd /Users/runner/work/creator-platform/creator-platform/apps/ios
2026-09-30T20:48:30.5058410Z     write-file /Users/runner/Library/Developer/Xcode/DerivedData/QelvoraApp-chovwfzcihvbrjemwlhqppehhyoa/Build/Intermediates.noindex/QelvoraApp.build/Debug-iphonesimulator/QelvoraUITests.build/QelvoraUITests.DependencyMetadataFileList
2026-09-30T20:48:30.5059160Z 
2026-09-30T20:48:30.5060010Z WriteAuxiliaryFile /Users/runner/Library/Developer/Xcode/DerivedData/QelvoraApp-chovwfzcihvbrjemwlhqppehhyoa/Build/Intermediates.noindex/QelvoraApp.build/Debug-iphonesimulator/QelvoraUITests.build/QelvoraUITests-project-headers.hmap (in target 'QelvoraUITests' from project 'QelvoraApp')
2026-09-30T20:48:30.5061060Z     cd /Users/runner/work/creator-platform/creator-platform/apps/ios
2026-09-30T20:48:30.5061930Z     write-file /Users/runner/Library/Developer/Xcode/DerivedData/QelvoraApp-chovwfzcihvbrjemwlhqppehhyoa/Build/Intermediates.noindex/QelvoraApp.build/Debug-iphonesimulator/QelvoraUITests.build/QelvoraUITests-project-headers.hmap
2026-09-30T20:48:30.5062640Z 
2026-09-30T20:48:30.5063540Z WriteAuxiliaryFile /Users/runner/Library/Developer/Xcode/DerivedData/QelvoraApp-chovwfzcihvbrjemwlhqppehhyoa/Build/Intermediates.noindex/QelvoraApp.build/Debug-iphonesimulator/QelvoraUITests.build/QelvoraUITests-own-target-headers.hmap (in target 'QelvoraUITests' from project 'QelvoraApp')
2026-09-30T20:48:30.5064590Z     cd /Users/runner/work/creator-platform/creator-platform/apps/ios
2026-09-30T20:48:30.5065540Z     write-file /Users/runner/Library/Developer/Xcode/DerivedData/QelvoraApp-chovwfzcihvbrjemwlhqppehhyoa/Build/Intermediates.noindex/QelvoraApp.build/Debug-iphonesimulator/QelvoraUITests.build/QelvoraUITests-own-target-headers.hmap
2026-09-30T20:48:30.5066310Z 
2026-09-30T20:48:30.5067130Z WriteAuxiliaryFile /Users/runner/Library/Developer/Xcode/DerivedData/QelvoraApp-chovwfzcihvbrjemwlhqppehhyoa/Build/Intermediates.noindex/QelvoraApp.build/Debug-iphonesimulator/QelvoraUITests.build/QelvoraUITests-generated-files.hmap (in target 'QelvoraUITests' from project 'QelvoraApp')
2026-09-30T20:48:30.5068240Z     cd /Users/runner/work/creator-platform/creator-platform/apps/ios
2026-09-30T20:48:30.5069220Z     write-file /Users/runner/Library/Developer/Xcode/DerivedData/QelvoraApp-chovwfzcihvbrjemwlhqppehhyoa/Build/Intermediates.noindex/QelvoraApp.build/Debug-iphonesimulator/QelvoraUITests.build/QelvoraUITests-generated-files.hmap
2026-09-30T20:48:30.5069950Z 
2026-09-30T20:48:30.5070770Z WriteAuxiliaryFile /Users/runner/Library/Developer/Xcode/DerivedData/QelvoraApp-chovwfzcihvbrjemwlhqppehhyoa/Build/Intermediates.noindex/QelvoraApp.build/Debug-iphonesimulator/QelvoraUITests.build/QelvoraUITests-all-target-headers.hmap (in target 'QelvoraUITests' from project 'QelvoraApp')
2026-09-30T20:48:30.5071800Z     cd /Users/runner/work/creator-platform/creator-platform/apps/ios
2026-09-30T20:48:30.5072660Z     write-file /Users/runner/Library/Developer/Xcode/DerivedData/QelvoraApp-chovwfzcihvbrjemwlhqppehhyoa/Build/Intermediates.noindex/QelvoraApp.build/Debug-iphonesimulator/QelvoraUITests.build/QelvoraUITests-all-target-headers.hmap
2026-09-30T20:48:30.5074710Z 
2026-09-30T20:48:30.5075990Z WriteAuxiliaryFile /Users/runner/Library/Developer/Xcode/DerivedData/QelvoraApp-chovwfzcihvbrjemwlhqppehhyoa/Build/Intermediates.noindex/QelvoraApp.build/Debug-iphonesimulator/QelvoraUITests.build/QelvoraUITests-all-non-framework-target-headers.hmap (in target 'QelvoraUITests' from project 'QelvoraApp')
2026-09-30T20:48:30.5077140Z     cd /Users/runner/work/creator-platform/creator-platform/apps/ios
2026-09-30T20:48:30.5078070Z     write-file /Users/runner/Library/Developer/Xcode/DerivedData/QelvoraApp-chovwfzcihvbrjemwlhqppehhyoa/Build/Intermediates.noindex/QelvoraApp.build/Debug-iphonesimulator/QelvoraUITests.build/QelvoraUITests-all-non-framework-target-headers.hmap
2026-09-30T20:48:30.5079030Z 
2026-09-30T20:48:30.5079850Z WriteAuxiliaryFile /Users/runner/Library/Developer/Xcode/DerivedData/QelvoraApp-chovwfzcihvbrjemwlhqppehhyoa/Build/Intermediates.noindex/QelvoraApp.build/Debug-iphonesimulator/QelvoraUITests.build/ProductTypeInfoPlistAdditions.plist (in target 'QelvoraUITests' from project 'QelvoraApp')
2026-09-30T20:48:30.5080950Z     cd /Users/runner/work/creator-platform/creator-platform/apps/ios
2026-09-30T20:48:30.5081830Z     write-file /Users/runner/Library/Developer/Xcode/DerivedData/QelvoraApp-chovwfzcihvbrjemwlhqppehhyoa/Build/Intermediates.noindex/QelvoraApp.build/Debug-iphonesimulator/QelvoraUITests.build/ProductTypeInfoPlistAdditions.plist
2026-09-30T20:48:30.5082590Z 
2026-09-30T20:48:30.5083570Z WriteAuxiliaryFile /Users/runner/Library/Developer/Xcode/DerivedData/QelvoraApp-chovwfzcihvbrjemwlhqppehhyoa/Build/Intermediates.noindex/QelvoraApp.build/Debug-iphonesimulator/QelvoraUITests.build/Objects-normal/arm64/QelvoraUITests_const_extract_protocols.json (in target 'QelvoraUITests' from project 'QelvoraApp')
2026-09-30T20:48:30.5084680Z     cd /Users/runner/work/creator-platform/creator-platform/apps/ios
2026-09-30T20:48:30.5085810Z     write-file /Users/runner/Library/Developer/Xcode/DerivedData/QelvoraApp-chovwfzcihvbrjemwlhqppehhyoa/Build/Intermediates.noindex/QelvoraApp.build/Debug-iphonesimulator/QelvoraUITests.build/Objects-normal/arm64/QelvoraUITests_const_extract_protocols.json
2026-09-30T20:48:30.5086690Z 
2026-09-30T20:48:30.5087630Z WriteAuxiliaryFile /Users/runner/Library/Developer/Xcode/DerivedData/QelvoraApp-chovwfzcihvbrjemwlhqppehhyoa/Build/Intermediates.noindex/QelvoraApp.build/Debug-iphonesimulator/QelvoraUITests.build/Objects-normal/arm64/QelvoraUITests.SwiftFileList (in target 'QelvoraUITests' from project 'QelvoraApp')
2026-09-30T20:48:30.5088700Z     cd /Users/runner/work/creator-platform/creator-platform/apps/ios
2026-09-30T20:48:30.5089600Z     write-file /Users/runner/Library/Developer/Xcode/DerivedData/QelvoraApp-chovwfzcihvbrjemwlhqppehhyoa/Build/Intermediates.noindex/QelvoraApp.build/Debug-iphonesimulator/QelvoraUITests.build/Objects-normal/arm64/QelvoraUITests.SwiftFileList
2026-09-30T20:48:30.5090360Z 
2026-09-30T20:48:30.5091450Z WriteAuxiliaryFile /Users/runner/Library/Developer/Xcode/DerivedData/QelvoraApp-chovwfzcihvbrjemwlhqppehhyoa/Build/Intermediates.noindex/QelvoraApp.build/Debug-iphonesimulator/QelvoraUITests.build/Objects-normal/arm64/QelvoraUITests.SwiftConstValuesFileList (in target 'QelvoraUITests' from project 'QelvoraApp')
2026-09-30T20:48:30.5092570Z     cd /Users/runner/work/creator-platform/creator-platform/apps/ios
2026-09-30T20:48:30.5093650Z     write-file /Users/runner/Library/Developer/Xcode/DerivedData/QelvoraApp-chovwfzcihvbrjemwlhqppehhyoa/Build/Intermediates.noindex/QelvoraApp.build/Debug-iphonesimulator/QelvoraUITests.build/Objects-normal/arm64/QelvoraUITests.SwiftConstValuesFileList
2026-09-30T20:48:30.5094450Z 
2026-09-30T20:48:30.5095480Z WriteAuxiliaryFile /Users/runner/Library/Developer/Xcode/DerivedData/QelvoraApp-chovwfzcihvbrjemwlhqppehhyoa/Build/Intermediates.noindex/QelvoraApp.build/Debug-iphonesimulator/QelvoraUITests.build/Objects-normal/arm64/QelvoraUITests.LinkFileList (in target 'QelvoraUITests' from project 'QelvoraApp')
2026-09-30T20:48:30.5096690Z     cd /Users/runner/work/creator-platform/creator-platform/apps/ios
2026-09-30T20:48:30.5097800Z     write-file /Users/runner/Library/Developer/Xcode/DerivedData/QelvoraApp-chovwfzcihvbrjemwlhqppehhyoa/Build/Intermediates.noindex/QelvoraApp.build/Debug-iphonesimulator/QelvoraUITests.build/Objects-normal/arm64/QelvoraUITests.LinkFileList
2026-09-30T20:48:30.5098770Z 
2026-09-30T20:48:30.5099640Z WriteAuxiliaryFile /Users/runner/Library/Developer/Xcode/DerivedData/QelvoraApp-chovwfzcihvbrjemwlhqppehhyoa/Build/Intermediates.noindex/QelvoraApp.build/Debug-iphonesimulator/QelvoraUITests.build/Objects-normal/arm64/QelvoraUITests-OutputFileMap.json (in target 'QelvoraUITests' from project 'QelvoraApp')
2026-09-30T20:48:30.5101110Z     cd /Users/runner/work/creator-platform/creator-platform/apps/ios
2026-09-30T20:48:30.5102310Z     write-file /Users/runner/Library/Developer/Xcode/DerivedData/QelvoraApp-chovwfzcihvbrjemwlhqppehhyoa/Build/Intermediates.noindex/QelvoraApp.build/Debug-iphonesimulator/QelvoraUITests.build/Objects-normal/arm64/QelvoraUITests-OutputFileMap.json
2026-09-30T20:48:30.5103120Z 
2026-09-30T20:48:30.5103960Z WriteAuxiliaryFile /Users/runner/Library/Developer/Xcode/DerivedData/QelvoraApp-chovwfzcihvbrjemwlhqppehhyoa/Build/Intermediates.noindex/QelvoraApp.build/Debug-iphonesimulator/QelvoraUITests.build/DerivedSources/Entitlements-Simulated.plist (in target 'QelvoraUITests' from project 'QelvoraApp')
2026-09-30T20:48:30.5105230Z     cd /Users/runner/work/creator-platform/creator-platform/apps/ios
2026-09-30T20:48:30.5106220Z     write-file /Users/runner/Library/Developer/Xcode/DerivedData/QelvoraApp-chovwfzcihvbrjemwlhqppehhyoa/Build/Intermediates.noindex/QelvoraApp.build/Debug-iphonesimulator/QelvoraUITests.build/DerivedSources/Entitlements-Simulated.plist
2026-09-30T20:48:30.5106960Z 
2026-09-30T20:48:30.5107730Z WriteAuxiliaryFile /Users/runner/Library/Developer/Xcode/DerivedData/QelvoraApp-chovwfzcihvbrjemwlhqppehhyoa/Build/Intermediates.noindex/QelvoraNative.build/Debug-iphonesimulator/QelvoraUI-t.build/QelvoraUI.modulemap (in target 'QelvoraUI' from project 'QelvoraNative')
2026-09-30T20:48:30.5108890Z     cd /Users/runner/work/creator-platform/creator-platform/apps/ios
2026-09-30T20:48:30.5109710Z     write-file /Users/runner/Library/Developer/Xcode/DerivedData/QelvoraApp-chovwfzcihvbrjemwlhqppehhyoa/Build/Intermediates.noindex/QelvoraNative.build/Debug-iphonesimulator/QelvoraUI-t.build/QelvoraUI.modulemap
2026-09-30T20:48:30.5110380Z 
2026-09-30T20:48:30.5111220Z WriteAuxiliaryFile /Users/runner/Library/Developer/Xcode/DerivedData/QelvoraApp-chovwfzcihvbrjemwlhqppehhyoa/Build/Intermediates.noindex/QelvoraNative.build/Debug-iphonesimulator/QelvoraUI-t.build/QelvoraUI.DependencyStaticMetadataFileList (in target 'QelvoraUI' from project 'QelvoraNative')
2026-09-30T20:48:30.5112310Z     cd /Users/runner/work/creator-platform/creator-platform/apps/ios
2026-09-30T20:48:30.5113190Z     write-file /Users/runner/Library/Developer/Xcode/DerivedData/QelvoraApp-chovwfzcihvbrjemwlhqppehhyoa/Build/Intermediates.noindex/QelvoraNative.build/Debug-iphonesimulator/QelvoraUI-t.build/QelvoraUI.DependencyStaticMetadataFileList
2026-09-30T20:48:30.5113940Z 
2026-09-30T20:48:30.5114920Z WriteAuxiliaryFile /Users/runner/Library/Developer/Xcode/DerivedData/QelvoraApp-chovwfzcihvbrjemwlhqppehhyoa/Build/Intermediates.noindex/QelvoraNative.build/Debug-iphonesimulator/QelvoraUI-t.build/QelvoraUI.DependencyMetadataFileList (in target 'QelvoraUI' from project 'QelvoraNative')
2026-09-30T20:48:30.5115930Z     cd /Users/runner/work/creator-platform/creator-platform/apps/ios
2026-09-30T20:48:30.5116810Z     write-file /Users/runner/Library/Developer/Xcode/DerivedData/QelvoraApp-chovwfzcihvbrjemwlhqppehhyoa/Build/Intermediates.noindex/QelvoraNative.build/Debug-iphonesimulator/QelvoraUI-t.build/QelvoraUI.DependencyMetadataFileList
2026-09-30T20:48:30.5117540Z 
2026-09-30T20:48:30.5118370Z WriteAuxiliaryFile /Users/runner/Library/Developer/Xcode/DerivedData/QelvoraApp-chovwfzcihvbrjemwlhqppehhyoa/Build/Intermediates.noindex/QelvoraNative.build/Debug-iphonesimulator/QelvoraUI-t.build/Objects-normal/arm64/QelvoraUI.SwiftFileList (in target 'QelvoraUI' from project 'QelvoraNative')
2026-09-30T20:48:30.5119400Z     cd /Users/runner/work/creator-platform/creator-platform/apps/ios
2026-09-30T20:48:30.5120500Z     write-file /Users/runner/Library/Developer/Xcode/DerivedData/QelvoraApp-chovwfzcihvbrjemwlhqppehhyoa/Build/Intermediates.noindex/QelvoraNative.build/Debug-iphonesimulator/QelvoraUI-t.build/Objects-normal/arm64/QelvoraUI.SwiftFileList
2026-09-30T20:48:30.5121260Z 
2026-09-30T20:48:30.5122290Z WriteAuxiliaryFile /Users/runner/Library/Developer/Xcode/DerivedData/QelvoraApp-chovwfzcihvbrjemwlhqppehhyoa/Build/Intermediates.noindex/QelvoraNative.build/Debug-iphonesimulator/QelvoraUI-t.build/Objects-normal/arm64/QelvoraUI_const_extract_protocols.json (in target 'QelvoraUI' from project 'QelvoraNative')
2026-09-30T20:48:30.5123380Z     cd /Users/runner/work/creator-platform/creator-platform/apps/ios
2026-09-30T20:48:30.5124280Z     write-file /Users/runner/Library/Developer/Xcode/DerivedData/QelvoraApp-chovwfzcihvbrjemwlhqppehhyoa/Build/Intermediates.noindex/QelvoraNative.build/Debug-iphonesimulator/QelvoraUI-t.build/Objects-normal/arm64/QelvoraUI_const_extract_protocols.json
2026-09-30T20:48:30.5125060Z 
2026-09-30T20:48:30.5125950Z WriteAuxiliaryFile /Users/runner/Library/Developer/Xcode/DerivedData/QelvoraApp-chovwfzcihvbrjemwlhqppehhyoa/Build/Intermediates.noindex/QelvoraNative.build/Debug-iphonesimulator/QelvoraUI-t.build/Objects-normal/arm64/QelvoraUI.SwiftConstValuesFileList (in target 'QelvoraUI' from project 'QelvoraNative')
2026-09-30T20:48:30.5127040Z     cd /Users/runner/work/creator-platform/creator-platform/apps/ios
2026-09-30T20:48:30.5127970Z     write-file /Users/runner/Library/Developer/Xcode/DerivedData/QelvoraApp-chovwfzcihvbrjemwlhqppehhyoa/Build/Intermediates.noindex/QelvoraNative.build/Debug-iphonesimulator/QelvoraUI-t.build/Objects-normal/arm64/QelvoraUI.SwiftConstValuesFileList
2026-09-30T20:48:30.5128750Z 
2026-09-30T20:48:30.5129590Z WriteAuxiliaryFile /Users/runner/Library/Developer/Xcode/DerivedData/QelvoraApp-chovwfzcihvbrjemwlhqppehhyoa/Build/Intermediates.noindex/QelvoraNative.build/Debug-iphonesimulator/QelvoraUI-t.build/Objects-normal/arm64/QelvoraUI.LinkFileList (in target 'QelvoraUI' from project 'QelvoraNative')
2026-09-30T20:48:30.5130680Z     cd /Users/runner/work/creator-platform/creator-platform/apps/ios
2026-09-30T20:48:30.5131560Z     write-file /Users/runner/Library/Developer/Xcode/DerivedData/QelvoraApp-chovwfzcihvbrjemwlhqppehhyoa/Build/Intermediates.noindex/QelvoraNative.build/Debug-iphonesimulator/QelvoraUI-t.build/Objects-normal/arm64/QelvoraUI.LinkFileList
2026-09-30T20:48:30.5132310Z 
2026-09-30T20:48:30.5133570Z WriteAuxiliaryFile /Users/runner/Library/Developer/Xcode/DerivedData/QelvoraApp-chovwfzcihvbrjemwlhqppehhyoa/Build/Intermediates.noindex/QelvoraNative.build/Debug-iphonesimulator/QelvoraUI-t.build/Objects-normal/arm64/QelvoraUI-OutputFileMap.json (in target 'QelvoraUI' from project 'QelvoraNative')
2026-09-30T20:48:30.5134900Z     cd /Users/runner/work/creator-platform/creator-platform/apps/ios
2026-09-30T20:48:30.5136100Z     write-file /Users/runner/Library/Developer/Xcode/DerivedData/QelvoraApp-chovwfzcihvbrjemwlhqppehhyoa/Build/Intermediates.noindex/QelvoraNative.build/Debug-iphonesimulator/QelvoraUI-t.build/Objects-normal/arm64/QelvoraUI-OutputFileMap.json
2026-09-30T20:48:30.5136890Z 
2026-09-30T20:48:30.5137890Z WriteAuxiliaryFile /Users/runner/Library/Developer/Xcode/DerivedData/QelvoraApp-chovwfzcihvbrjemwlhqppehhyoa/Build/Intermediates.noindex/QelvoraNative.build/Debug-iphonesimulator/QelvoraUI-t.build/DerivedSources/resource_bundle_accessor.swift (in target 'QelvoraUI' from project 'QelvoraNative')
2026-09-30T20:48:30.5139170Z     cd /Users/runner/work/creator-platform/creator-platform/apps/ios
2026-09-30T20:48:30.5140060Z     write-file /Users/runner/Library/Developer/Xcode/DerivedData/QelvoraApp-chovwfzcihvbrjemwlhqppehhyoa/Build/Intermediates.noindex/QelvoraNative.build/Debug-iphonesimulator/QelvoraUI-t.build/DerivedSources/resource_bundle_accessor.swift
2026-09-30T20:48:30.5140800Z 
2026-09-30T20:48:30.5142450Z Copy /Users/runner/Library/Developer/Xcode/DerivedData/QelvoraApp-chovwfzcihvbrjemwlhqppehhyoa/Build/Intermediates.noindex/GeneratedModuleMaps-iphonesimulator/QelvoraUI.modulemap /Users/runner/Library/Developer/Xcode/DerivedData/QelvoraApp-chovwfzcihvbrjemwlhqppehhyoa/Build/Intermediates.noindex/QelvoraNative.build/Debug-iphonesimulator/QelvoraUI-t.build/QelvoraUI.modulemap (in target 'QelvoraUI' from project 'QelvoraNative')
2026-09-30T20:48:30.5144610Z     cd /Users/runner/work/creator-platform/creator-platform/apps/ios
2026-09-30T20:48:30.5146180Z     builtin-copy -exclude .DS_Store -exclude CVS -exclude .svn -exclude .git -exclude .hg -resolve-src-symlinks /Users/runner/Library/Developer/Xcode/DerivedData/QelvoraApp-chovwfzcihvbrjemwlhqppehhyoa/Build/Intermediates.noindex/QelvoraNative.build/Debug-iphonesimulator/QelvoraUI-t.build/QelvoraUI.modulemap /Users/runner/Library/Developer/Xcode/DerivedData/QelvoraApp-chovwfzcihvbrjemwlhqppehhyoa/Build/Intermediates.noindex/GeneratedModuleMaps-iphonesimulator
2026-09-30T20:48:30.5147570Z 
2026-09-30T20:48:30.5148470Z WriteAuxiliaryFile /Users/runner/Library/Developer/Xcode/DerivedData/QelvoraApp-chovwfzcihvbrjemwlhqppehhyoa/Build/Intermediates.noindex/QelvoraNative.build/Debug-iphonesimulator/QelvoraNative_QelvoraUI-b.build/empty-QelvoraNative_QelvoraUI.plist (in target 'QelvoraNative_QelvoraUI' from project 'QelvoraNative')
2026-09-30T20:48:30.5149590Z     cd /Users/runner/work/creator-platform/creator-platform/apps/ios
2026-09-30T20:48:30.5150480Z     write-file /Users/runner/Library/Developer/Xcode/DerivedData/QelvoraApp-chovwfzcihvbrjemwlhqppehhyoa/Build/Intermediates.noindex/QelvoraNative.build/Debug-iphonesimulator/QelvoraNative_QelvoraUI-b.build/empty-QelvoraNative_QelvoraUI.plist
2026-09-30T20:48:30.5151260Z 
2026-09-30T20:48:30.5152210Z WriteAuxiliaryFile /Users/runner/Library/Developer/Xcode/DerivedData/QelvoraApp-chovwfzcihvbrjemwlhqppehhyoa/Build/Intermediates.noindex/QelvoraNative.build/Debug-iphonesimulator/QelvoraNative_QelvoraUI-b.build/QelvoraNative_QelvoraUI.DependencyStaticMetadataFileList (in target 'QelvoraNative_QelvoraUI' from project 'QelvoraNative')
2026-09-30T20:48:30.5153590Z     cd /Users/runner/work/creator-platform/creator-platform/apps/ios
2026-09-30T20:48:30.5154750Z     write-file /Users/runner/Library/Developer/Xcode/DerivedData/QelvoraApp-chovwfzcihvbrjemwlhqppehhyoa/Build/Intermediates.noindex/QelvoraNative.build/Debug-iphonesimulator/QelvoraNative_QelvoraUI-b.build/QelvoraNative_QelvoraUI.DependencyStaticMetadataFileList
2026-09-30T20:48:30.5155570Z 
2026-09-30T20:48:30.5156670Z WriteAuxiliaryFile /Users/runner/Library/Developer/Xcode/DerivedData/QelvoraApp-chovwfzcihvbrjemwlhqppehhyoa/Build/Intermediates.noindex/QelvoraNative.build/Debug-iphonesimulator/QelvoraNative_QelvoraUI-b.build/QelvoraNative_QelvoraUI.DependencyMetadataFileList (in target 'QelvoraNative_QelvoraUI' from project 'QelvoraNative')
2026-09-30T20:48:30.5157810Z     cd /Users/runner/work/creator-platform/creator-platform/apps/ios
2026-09-30T20:48:30.5158760Z     write-file /Users/runner/Library/Developer/Xcode/DerivedData/QelvoraApp-chovwfzcihvbrjemwlhqppehhyoa/Build/Intermediates.noindex/QelvoraNative.build/Debug-iphonesimulator/QelvoraNative_QelvoraUI-b.build/QelvoraNative_QelvoraUI.DependencyMetadataFileList
2026-09-30T20:48:30.5159740Z 
2026-09-30T20:48:30.5160430Z MkDir /Users/runner/Library/Developer/Xcode/DerivedData/QelvoraApp-chovwfzcihvbrjemwlhqppehhyoa/Build/Products/Debug-iphonesimulator/QelvoraUITests-Runner.app/PlugIns/QelvoraUITests.xctest (in target 'QelvoraUITests' from project 'QelvoraApp')
2026-09-30T20:48:30.5161340Z     cd /Users/runner/work/creator-platform/creator-platform/apps/ios
2026-09-30T20:48:30.5162300Z     /bin/mkdir -p /Users/runner/Library/Developer/Xcode/DerivedData/QelvoraApp-chovwfzcihvbrjemwlhqppehhyoa/Build/Products/Debug-iphonesimulator/QelvoraUITests-Runner.app/PlugIns/QelvoraUITests.xctest
2026-09-30T20:48:30.5163160Z 
2026-09-30T20:48:30.5163960Z MkDir /Users/runner/Library/Developer/Xcode/DerivedData/QelvoraApp-chovwfzcihvbrjemwlhqppehhyoa/Build/Products/Debug-iphonesimulator/QelvoraNative_QelvoraUI.bundle (in target 'QelvoraNative_QelvoraUI' from project 'QelvoraNative')
2026-09-30T20:48:30.5164820Z     cd /Users/runner/work/creator-platform/creator-platform/apps/ios
2026-09-30T20:48:30.5165660Z     /bin/mkdir -p /Users/runner/Library/Developer/Xcode/DerivedData/QelvoraApp-chovwfzcihvbrjemwlhqppehhyoa/Build/Products/Debug-iphonesimulator/QelvoraNative_QelvoraUI.bundle
2026-09-30T20:48:30.5166390Z 
2026-09-30T20:48:30.5167220Z WriteAuxiliaryFile /Users/runner/Library/Developer/Xcode/DerivedData/QelvoraApp-chovwfzcihvbrjemwlhqppehhyoa/Build/Intermediates.noindex/QelvoraApp.build/Debug-iphonesimulator/QelvoraApp.build/QelvoraApp.DependencyStaticMetadataFileList (in target 'QelvoraApp' from project 'QelvoraApp')
2026-09-30T20:48:30.5168400Z     cd /Users/runner/work/creator-platform/creator-platform/apps/ios
2026-09-30T20:48:30.5169330Z     write-file /Users/runner/Library/Developer/Xcode/DerivedData/QelvoraApp-chovwfzcihvbrjemwlhqppehhyoa/Build/Intermediates.noindex/QelvoraApp.build/Debug-iphonesimulator/QelvoraApp.build/QelvoraApp.DependencyStaticMetadataFileList
2026-09-30T20:48:30.5170060Z 
2026-09-30T20:48:30.5170960Z WriteAuxiliaryFile /Users/runner/Library/Developer/Xcode/DerivedData/QelvoraApp-chovwfzcihvbrjemwlhqppehhyoa/Build/Intermediates.noindex/QelvoraApp.build/Debug-iphonesimulator/QelvoraApp.build/QelvoraApp.hmap (in target 'QelvoraApp' from project 'QelvoraApp')
2026-09-30T20:48:30.5172100Z     cd /Users/runner/work/creator-platform/creator-platform/apps/ios
2026-09-30T20:48:30.5172870Z     write-file /Users/runner/Library/Developer/Xcode/DerivedData/QelvoraApp-chovwfzcihvbrjemwlhqppehhyoa/Build/Intermediates.noindex/QelvoraApp.build/Debug-iphonesimulator/QelvoraApp.build/QelvoraApp.hmap
2026-09-30T20:48:30.5173510Z 
2026-09-30T20:48:30.5174300Z WriteAuxiliaryFile /Users/runner/Library/Developer/Xcode/DerivedData/QelvoraApp-chovwfzcihvbrjemwlhqppehhyoa/Build/Intermediates.noindex/QelvoraApp.build/Debug-iphonesimulator/QelvoraApp.build/QelvoraApp.DependencyMetadataFileList (in target 'QelvoraApp' from project 'QelvoraApp')
2026-09-30T20:48:30.5175480Z     cd /Users/runner/work/creator-platform/creator-platform/apps/ios
2026-09-30T20:48:30.5176330Z     write-file /Users/runner/Library/Developer/Xcode/DerivedData/QelvoraApp-chovwfzcihvbrjemwlhqppehhyoa/Build/Intermediates.noindex/QelvoraApp.build/Debug-iphonesimulator/QelvoraApp.build/QelvoraApp.DependencyMetadataFileList
2026-09-30T20:48:30.5177040Z 
2026-09-30T20:48:30.5177950Z WriteAuxiliaryFile /Users/runner/Library/Developer/Xcode/DerivedData/QelvoraApp-chovwfzcihvbrjemwlhqppehhyoa/Build/Intermediates.noindex/QelvoraApp.build/Debug-iphonesimulator/QelvoraApp.build/QelvoraApp-project-headers.hmap (in target 'QelvoraApp' from project 'QelvoraApp')
2026-09-30T20:48:30.5178980Z     cd /Users/runner/work/creator-platform/creator-platform/apps/ios
2026-09-30T20:48:30.5179810Z     write-file /Users/runner/Library/Developer/Xcode/DerivedData/QelvoraApp-chovwfzcihvbrjemwlhqppehhyoa/Build/Intermediates.noindex/QelvoraApp.build/Debug-iphonesimulator/QelvoraApp.build/QelvoraApp-project-headers.hmap
2026-09-30T20:48:30.5180490Z 
2026-09-30T20:48:30.5181450Z WriteAuxiliaryFile /Users/runner/Library/Developer/Xcode/DerivedData/QelvoraApp-chovwfzcihvbrjemwlhqppehhyoa/Build/Intermediates.noindex/QelvoraApp.build/Debug-iphonesimulator/QelvoraApp.build/QelvoraApp-own-target-headers.hmap (in target 'QelvoraApp' from project 'QelvoraApp')
2026-09-30T20:48:30.5182450Z     cd /Users/runner/work/creator-platform/creator-platform/apps/ios
2026-09-30T20:48:30.5183280Z     write-file /Users/runner/Library/Developer/Xcode/DerivedData/QelvoraApp-chovwfzcihvbrjemwlhqppehhyoa/Build/Intermediates.noindex/QelvoraApp.build/Debug-iphonesimulator/QelvoraApp.build/QelvoraApp-own-target-headers.hmap
2026-09-30T20:48:30.5183980Z 
2026-09-30T20:48:30.5184840Z WriteAuxiliaryFile /Users/runner/Library/Developer/Xcode/DerivedData/QelvoraApp-chovwfzcihvbrjemwlhqppehhyoa/Build/Intermediates.noindex/QelvoraApp.build/Debug-iphonesimulator/QelvoraApp.build/QelvoraApp-generated-files.hmap (in target 'QelvoraApp' from project 'QelvoraApp')
2026-09-30T20:48:30.5185990Z     cd /Users/runner/work/creator-platform/creator-platform/apps/ios
2026-09-30T20:48:30.5187180Z     write-file /Users/runner/Library/Developer/Xcode/DerivedData/QelvoraApp-chovwfzcihvbrjemwlhqppehhyoa/Build/Intermediates.noindex/QelvoraApp.build/Debug-iphonesimulator/QelvoraApp.build/QelvoraApp-generated-files.hmap
2026-09-30T20:48:30.5188050Z 
2026-09-30T20:48:30.5188840Z WriteAuxiliaryFile /Users/runner/Library/Developer/Xcode/DerivedData/QelvoraApp-chovwfzcihvbrjemwlhqppehhyoa/Build/Intermediates.noindex/QelvoraApp.build/Debug-iphonesimulator/QelvoraApp.build/QelvoraApp-all-target-headers.hmap (in target 'QelvoraApp' from project 'QelvoraApp')
2026-09-30T20:48:30.5189840Z     cd /Users/runner/work/creator-platform/creator-platform/apps/ios
2026-09-30T20:48:30.5190670Z     write-file /Users/runner/Library/Developer/Xcode/DerivedData/QelvoraApp-chovwfzcihvbrjemwlhqppehhyoa/Build/Intermediates.noindex/QelvoraApp.build/Debug-iphonesimulator/QelvoraApp.build/QelvoraApp-all-target-headers.hmap
2026-09-30T20:48:30.5191360Z 
2026-09-30T20:48:30.5192200Z WriteAuxiliaryFile /Users/runner/Library/Developer/Xcode/DerivedData/QelvoraApp-chovwfzcihvbrjemwlhqppehhyoa/Build/Intermediates.noindex/QelvoraApp.build/Debug-iphonesimulator/QelvoraApp.build/QelvoraApp-all-non-framework-target-headers.hmap (in target 'QelvoraApp' from project 'QelvoraApp')
2026-09-30T20:48:30.5193250Z     cd /Users/runner/work/creator-platform/creator-platform/apps/ios
2026-09-30T20:48:30.5194340Z     write-file /Users/runner/Library/Developer/Xcode/DerivedData/QelvoraApp-chovwfzcihvbrjemwlhqppehhyoa/Build/Intermediates.noindex/QelvoraApp.build/Debug-iphonesimulator/QelvoraApp.build/QelvoraApp-all-non-framework-target-headers.hmap
2026-09-30T20:48:30.5195110Z 
2026-09-30T20:48:30.5195920Z WriteAuxiliaryFile /Users/runner/Library/Developer/Xcode/DerivedData/QelvoraApp-chovwfzcihvbrjemwlhqppehhyoa/Build/Intermediates.noindex/QelvoraApp.build/Debug-iphonesimulator/QelvoraApp.build/QelvoraApp-DebugDylibPath-normal-arm64.txt (in target 'QelvoraApp' from project 'QelvoraApp')
2026-09-30T20:48:30.5196950Z     cd /Users/runner/work/creator-platform/creator-platform/apps/ios
2026-09-30T20:48:30.5197990Z     write-file /Users/runner/Library/Developer/Xcode/DerivedData/QelvoraApp-chovwfzcihvbrjemwlhqppehhyoa/Build/Intermediates.noindex/QelvoraApp.build/Debug-iphonesimulator/QelvoraApp.build/QelvoraApp-DebugDylibPath-normal-arm64.txt
2026-09-30T20:48:30.5198720Z 
2026-09-30T20:48:30.5199560Z WriteAuxiliaryFile /Users/runner/Library/Developer/Xcode/DerivedData/QelvoraApp-chovwfzcihvbrjemwlhqppehhyoa/Build/Intermediates.noindex/QelvoraApp.build/Debug-iphonesimulator/QelvoraApp.build/QelvoraApp-DebugDylibInstallName-normal-arm64.txt (in target 'QelvoraApp' from project 'QelvoraApp')
2026-09-30T20:48:30.5200780Z     cd /Users/runner/work/creator-platform/creator-platform/apps/ios
2026-09-30T20:48:30.5201660Z     write-file /Users/runner/Library/Developer/Xcode/DerivedData/QelvoraApp-chovwfzcihvbrjemwlhqppehhyoa/Build/Intermediates.noindex/QelvoraApp.build/Debug-iphonesimulator/QelvoraApp.build/QelvoraApp-DebugDylibInstallName-normal-arm64.txt
2026-09-30T20:48:30.5202410Z 
2026-09-30T20:48:30.5203260Z WriteAuxiliaryFile /Users/runner/Library/Developer/Xcode/DerivedData/QelvoraApp-chovwfzcihvbrjemwlhqppehhyoa/Build/Intermediates.noindex/QelvoraApp.build/Debug-iphonesimulator/QelvoraApp.build/Objects-normal/arm64/QelvoraApp_const_extract_protocols.json (in target 'QelvoraApp' from project 'QelvoraApp')
2026-09-30T20:48:30.5204320Z     cd /Users/runner/work/creator-platform/creator-platform/apps/ios
2026-09-30T20:48:30.5205210Z     write-file /Users/runner/Library/Developer/Xcode/DerivedData/QelvoraApp-chovwfzcihvbrjemwlhqppehhyoa/Build/Intermediates.noindex/QelvoraApp.build/Debug-iphonesimulator/QelvoraApp.build/Objects-normal/arm64/QelvoraApp_const_extract_protocols.json
2026-09-30T20:48:30.5205980Z 
2026-09-30T20:48:30.5206920Z WriteAuxiliaryFile /Users/runner/Library/Developer/Xcode/DerivedData/QelvoraApp-chovwfzcihvbrjemwlhqppehhyoa/Build/Intermediates.noindex/QelvoraApp.build/Debug-iphonesimulator/QelvoraApp.build/Objects-normal/arm64/QelvoraApp.SwiftFileList (in target 'QelvoraApp' from project 'QelvoraApp')
2026-09-30T20:48:30.5207960Z     cd /Users/runner/work/creator-platform/creator-platform/apps/ios
2026-09-30T20:48:30.5208820Z     write-file /Users/runner/Library/Developer/Xcode/DerivedData/QelvoraApp-chovwfzcihvbrjemwlhqppehhyoa/Build/Intermediates.noindex/QelvoraApp.build/Debug-iphonesimulator/QelvoraApp.build/Objects-normal/arm64/QelvoraApp.SwiftFileList
2026-09-30T20:48:30.5209660Z 
2026-09-30T20:48:30.5210520Z WriteAuxiliaryFile /Users/runner/Library/Developer/Xcode/DerivedData/QelvoraApp-chovwfzcihvbrjemwlhqppehhyoa/Build/Intermediates.noindex/QelvoraApp.build/Debug-iphonesimulator/QelvoraApp.build/Objects-normal/arm64/QelvoraApp.SwiftConstValuesFileList (in target 'QelvoraApp' from project 'QelvoraApp')
2026-09-30T20:48:30.5211580Z     cd /Users/runner/work/creator-platform/creator-platform/apps/ios
2026-09-30T20:48:30.5212570Z     write-file /Users/runner/Library/Developer/Xcode/DerivedData/QelvoraApp-chovwfzcihvbrjemwlhqppehhyoa/Build/Intermediates.noindex/QelvoraApp.build/Debug-iphonesimulator/QelvoraApp.build/Objects-normal/arm64/QelvoraApp.SwiftConstValuesFileList
2026-09-30T20:48:30.5213680Z 
2026-09-30T20:48:30.5214500Z WriteAuxiliaryFile /Users/runner/Library/Developer/Xcode/DerivedData/QelvoraApp-chovwfzcihvbrjemwlhqppehhyoa/Build/Intermediates.noindex/QelvoraApp.build/Debug-iphonesimulator/QelvoraApp.build/Objects-normal/arm64/QelvoraApp.LinkFileList (in target 'QelvoraApp' from project 'QelvoraApp')
2026-09-30T20:48:30.5215530Z     cd /Users/runner/work/creator-platform/creator-platform/apps/ios
2026-09-30T20:48:30.5216390Z     write-file /Users/runner/Library/Developer/Xcode/DerivedData/QelvoraApp-chovwfzcihvbrjemwlhqppehhyoa/Build/Intermediates.noindex/QelvoraApp.build/Debug-iphonesimulator/QelvoraApp.build/Objects-normal/arm64/QelvoraApp.LinkFileList
2026-09-30T20:48:30.5217110Z 
2026-09-30T20:48:30.5217950Z WriteAuxiliaryFile /Users/runner/Library/Developer/Xcode/DerivedData/QelvoraApp-chovwfzcihvbrjemwlhqppehhyoa/Build/Intermediates.noindex/QelvoraApp.build/Debug-iphonesimulator/QelvoraApp.build/Objects-normal/arm64/QelvoraApp-OutputFileMap.json (in target 'QelvoraApp' from project 'QelvoraApp')
2026-09-30T20:48:30.5218990Z     cd /Users/runner/work/creator-platform/creator-platform/apps/ios
2026-09-30T20:48:30.5219870Z     write-file /Users/runner/Library/Developer/Xcode/DerivedData/QelvoraApp-chovwfzcihvbrjemwlhqppehhyoa/Build/Intermediates.noindex/QelvoraApp.build/Debug-iphonesimulator/QelvoraApp.build/Objects-normal/arm64/QelvoraApp-OutputFileMap.json
2026-09-30T20:48:30.5220610Z 
2026-09-30T20:48:30.5221430Z WriteAuxiliaryFile /Users/runner/Library/Developer/Xcode/DerivedData/QelvoraApp-chovwfzcihvbrjemwlhqppehhyoa/Build/Intermediates.noindex/QelvoraApp.build/Debug-iphonesimulator/QelvoraApp.build/DerivedSources/Entitlements-Simulated.plist (in target 'QelvoraApp' from project 'QelvoraApp')
2026-09-30T20:48:30.5222450Z     cd /Users/runner/work/creator-platform/creator-platform/apps/ios
2026-09-30T20:48:30.5223310Z     write-file /Users/runner/Library/Developer/Xcode/DerivedData/QelvoraApp-chovwfzcihvbrjemwlhqppehhyoa/Build/Intermediates.noindex/QelvoraApp.build/Debug-iphonesimulator/QelvoraApp.build/DerivedSources/Entitlements-Simulated.plist
2026-09-30T20:48:30.5224040Z 
2026-09-30T20:48:30.5224590Z MkDir /Users/runner/Library/Developer/Xcode/DerivedData/QelvoraApp-chovwfzcihvbrjemwlhqppehhyoa/Build/Products/Debug-iphonesimulator/QelvoraApp.app (in target 'QelvoraApp' from project 'QelvoraApp')
2026-09-30T20:48:30.5225340Z     cd /Users/runner/work/creator-platform/creator-platform/apps/ios
2026-09-30T20:48:30.5225980Z     /bin/mkdir -p /Users/runner/Library/Developer/Xcode/DerivedData/QelvoraApp-chovwfzcihvbrjemwlhqppehhyoa/Build/Products/Debug-iphonesimulator/QelvoraApp.app
2026-09-30T20:48:30.5226480Z 
2026-09-30T20:48:30.5228110Z ProcessInfoPlistFile /Users/runner/Library/Developer/Xcode/DerivedData/QelvoraApp-chovwfzcihvbrjemwlhqppehhyoa/Build/Products/Debug-iphonesimulator/QelvoraNative_QelvoraUI.bundle/Info.plist /Users/runner/Library/Developer/Xcode/DerivedData/QelvoraApp-chovwfzcihvbrjemwlhqppehhyoa/Build/Intermediates.noindex/QelvoraNative.build/Debug-iphonesimulator/QelvoraNative_QelvoraUI-b.build/empty-QelvoraNative_QelvoraUI.plist (in target 'QelvoraNative_QelvoraUI' from project 'QelvoraNative')
2026-09-30T20:48:30.5229900Z     cd /Users/runner/work/creator-platform/creator-platform/apps/ios
2026-09-30T20:48:30.5231680Z     builtin-infoPlistUtility /Users/runner/Library/Developer/Xcode/DerivedData/QelvoraApp-chovwfzcihvbrjemwlhqppehhyoa/Build/Intermediates.noindex/QelvoraNative.build/Debug-iphonesimulator/QelvoraNative_QelvoraUI-b.build/empty-QelvoraNative_QelvoraUI.plist -producttype com.apple.product-type.bundle -expandbuildsettings -format binary -platform iphonesimulator -o /Users/runner/Library/Developer/Xcode/DerivedData/QelvoraApp-chovwfzcihvbrjemwlhqppehhyoa/Build/Products/Debug-iphonesimulator/QelvoraNative_QelvoraUI.bundle/Info.plist
2026-09-30T20:48:30.5233300Z 
2026-09-30T20:48:30.5234410Z CpResource /Users/runner/Library/Developer/Xcode/DerivedData/QelvoraApp-chovwfzcihvbrjemwlhqppehhyoa/Build/Products/Debug-iphonesimulator/QelvoraNative_QelvoraUI.bundle/Newsreader.ttf /Users/runner/work/creator-platform/creator-platform/apps/ios/Sources/Resources/Fonts/Newsreader.ttf (in target 'QelvoraNative_QelvoraUI' from project 'QelvoraNative')
2026-09-30T20:48:30.5235660Z     cd /Users/runner/work/creator-platform/creator-platform/apps/ios
2026-09-30T20:48:30.5236880Z     builtin-copy -exclude .DS_Store -exclude CVS -exclude .svn -exclude .git -exclude .hg -resolve-src-symlinks /Users/runner/work/creator-platform/creator-platform/apps/ios/Sources/Resources/Fonts/Newsreader.ttf /Users/runner/Library/Developer/Xcode/DerivedData/QelvoraApp-chovwfzcihvbrjemwlhqppehhyoa/Build/Products/Debug-iphonesimulator/QelvoraNative_QelvoraUI.bundle
2026-09-30T20:48:30.5237970Z 
2026-09-30T20:48:30.5238980Z CpResource /Users/runner/Library/Developer/Xcode/DerivedData/QelvoraApp-chovwfzcihvbrjemwlhqppehhyoa/Build/Products/Debug-iphonesimulator/QelvoraNative_QelvoraUI.bundle/Newsreader-OFL.txt /Users/runner/work/creator-platform/creator-platform/apps/ios/Sources/Resources/Fonts/Newsreader-OFL.txt (in target 'QelvoraNative_QelvoraUI' from project 'QelvoraNative')
2026-09-30T20:48:30.5240190Z     cd /Users/runner/work/creator-platform/creator-platform/apps/ios
2026-09-30T20:48:30.5241440Z     builtin-copy -exclude .DS_Store -exclude CVS -exclude .svn -exclude .git -exclude .hg -resolve-src-symlinks /Users/runner/work/creator-platform/creator-platform/apps/ios/Sources/Resources/Fonts/Newsreader-OFL.txt /Users/runner/Library/Developer/Xcode/DerivedData/QelvoraApp-chovwfzcihvbrjemwlhqppehhyoa/Build/Products/Debug-iphonesimulator/QelvoraNative_QelvoraUI.bundle
2026-09-30T20:48:30.5242570Z 
2026-09-30T20:48:30.5243610Z CpResource /Users/runner/Library/Developer/Xcode/DerivedData/QelvoraApp-chovwfzcihvbrjemwlhqppehhyoa/Build/Products/Debug-iphonesimulator/QelvoraNative_QelvoraUI.bundle/Newsreader-Italic.ttf /Users/runner/work/creator-platform/creator-platform/apps/ios/Sources/Resources/Fonts/Newsreader-Italic.ttf (in target 'QelvoraNative_QelvoraUI' from project 'QelvoraNative')
2026-09-30T20:48:30.5244910Z     cd /Users/runner/work/creator-platform/creator-platform/apps/ios
2026-09-30T20:48:30.5246200Z     builtin-copy -exclude .DS_Store -exclude CVS -exclude .svn -exclude .git -exclude .hg -resolve-src-symlinks /Users/runner/work/creator-platform/creator-platform/apps/ios/Sources/Resources/Fonts/Newsreader-Italic.ttf /Users/runner/Library/Developer/Xcode/DerivedData/QelvoraApp-chovwfzcihvbrjemwlhqppehhyoa/Build/Products/Debug-iphonesimulator/QelvoraNative_QelvoraUI.bundle
2026-09-30T20:48:30.5247330Z 
2026-09-30T20:48:30.5248560Z CpResource /Users/runner/Library/Developer/Xcode/DerivedData/QelvoraApp-chovwfzcihvbrjemwlhqppehhyoa/Build/Products/Debug-iphonesimulator/QelvoraNative_QelvoraUI.bundle/Glyphs.json /Users/runner/work/creator-platform/creator-platform/apps/ios/Sources/Resources/Glyphs.json (in target 'QelvoraNative_QelvoraUI' from project 'QelvoraNative')
2026-09-30T20:48:30.5249790Z     cd /Users/runner/work/creator-platform/creator-platform/apps/ios
2026-09-30T20:48:30.5251030Z     builtin-copy -exclude .DS_Store -exclude CVS -exclude .svn -exclude .git -exclude .hg -resolve-src-symlinks /Users/runner/work/creator-platform/creator-platform/apps/ios/Sources/Resources/Glyphs.json /Users/runner/Library/Developer/Xcode/DerivedData/QelvoraApp-chovwfzcihvbrjemwlhqppehhyoa/Build/Products/Debug-iphonesimulator/QelvoraNative_QelvoraUI.bundle
2026-09-30T20:48:30.5252280Z 
2026-09-30T20:48:30.5253250Z CpResource /Users/runner/Library/Developer/Xcode/DerivedData/QelvoraApp-chovwfzcihvbrjemwlhqppehhyoa/Build/Products/Debug-iphonesimulator/QelvoraNative_QelvoraUI.bundle/GeistMono.ttf /Users/runner/work/creator-platform/creator-platform/apps/ios/Sources/Resources/Fonts/GeistMono.ttf (in target 'QelvoraNative_QelvoraUI' from project 'QelvoraNative')
2026-09-30T20:48:30.5254440Z     cd /Users/runner/work/creator-platform/creator-platform/apps/ios
2026-09-30T20:48:30.5255670Z     builtin-copy -exclude .DS_Store -exclude CVS -exclude .svn -exclude .git -exclude .hg -resolve-src-symlinks /Users/runner/work/creator-platform/creator-platform/apps/ios/Sources/Resources/Fonts/GeistMono.ttf /Users/runner/Library/Developer/Xcode/DerivedData/QelvoraApp-chovwfzcihvbrjemwlhqppehhyoa/Build/Products/Debug-iphonesimulator/QelvoraNative_QelvoraUI.bundle
2026-09-30T20:48:30.5256770Z 
2026-09-30T20:48:30.5257790Z CpResource /Users/runner/Library/Developer/Xcode/DerivedData/QelvoraApp-chovwfzcihvbrjemwlhqppehhyoa/Build/Products/Debug-iphonesimulator/QelvoraNative_QelvoraUI.bundle/GeistMono-OFL.txt /Users/runner/work/creator-platform/creator-platform/apps/ios/Sources/Resources/Fonts/GeistMono-OFL.txt (in target 'QelvoraNative_QelvoraUI' from project 'QelvoraNative')
2026-09-30T20:48:30.5259020Z     cd /Users/runner/work/creator-platform/creator-platform/apps/ios
2026-09-30T20:48:30.5260300Z     builtin-copy -exclude .DS_Store -exclude CVS -exclude .svn -exclude .git -exclude .hg -resolve-src-symlinks /Users/runner/work/creator-platform/creator-platform/apps/ios/Sources/Resources/Fonts/GeistMono-OFL.txt /Users/runner/Library/Developer/Xcode/DerivedData/QelvoraApp-chovwfzcihvbrjemwlhqppehhyoa/Build/Products/Debug-iphonesimulator/QelvoraNative_QelvoraUI.bundle
2026-09-30T20:48:30.5261420Z 
2026-09-30T20:48:30.5262450Z CpResource /Users/runner/Library/Developer/Xcode/DerivedData/QelvoraApp-chovwfzcihvbrjemwlhqppehhyoa/Build/Products/Debug-iphonesimulator/QelvoraNative_QelvoraUI.bundle/GeistMono-Italic.ttf /Users/runner/work/creator-platform/creator-platform/apps/ios/Sources/Resources/Fonts/GeistMono-Italic.ttf (in target 'QelvoraNative_QelvoraUI' from project 'QelvoraNative')
2026-09-30T20:48:30.5263670Z     cd /Users/runner/work/creator-platform/creator-platform/apps/ios
2026-09-30T20:48:30.5264910Z     builtin-copy -exclude .DS_Store -exclude CVS -exclude .svn -exclude .git -exclude .hg -resolve-src-symlinks /Users/runner/work/creator-platform/creator-platform/apps/ios/Sources/Resources/Fonts/GeistMono-Italic.ttf /Users/runner/Library/Developer/Xcode/DerivedData/QelvoraApp-chovwfzcihvbrjemwlhqppehhyoa/Build/Products/Debug-iphonesimulator/QelvoraNative_QelvoraUI.bundle
2026-09-30T20:48:30.5266020Z 
2026-09-30T20:48:30.5266970Z CpResource /Users/runner/Library/Developer/Xcode/DerivedData/QelvoraApp-chovwfzcihvbrjemwlhqppehhyoa/Build/Products/Debug-iphonesimulator/QelvoraNative_QelvoraUI.bundle/Geist.ttf /Users/runner/work/creator-platform/creator-platform/apps/ios/Sources/Resources/Fonts/Geist.ttf (in target 'QelvoraNative_QelvoraUI' from project 'QelvoraNative')
2026-09-30T20:48:30.5268120Z     cd /Users/runner/work/creator-platform/creator-platform/apps/ios
2026-09-30T20:48:30.5269530Z     builtin-copy -exclude .DS_Store -exclude CVS -exclude .svn -exclude .git -exclude .hg -resolve-src-symlinks /Users/runner/work/creator-platform/creator-platform/apps/ios/Sources/Resources/Fonts/Geist.ttf /Users/runner/Library/Developer/Xcode/DerivedData/QelvoraApp-chovwfzcihvbrjemwlhqppehhyoa/Build/Products/Debug-iphonesimulator/QelvoraNative_QelvoraUI.bundle
2026-09-30T20:48:30.5270640Z 
2026-09-30T20:48:30.5271630Z CpResource /Users/runner/Library/Developer/Xcode/DerivedData/QelvoraApp-chovwfzcihvbrjemwlhqppehhyoa/Build/Products/Debug-iphonesimulator/QelvoraNative_QelvoraUI.bundle/Geist-OFL.txt /Users/runner/work/creator-platform/creator-platform/apps/ios/Sources/Resources/Fonts/Geist-OFL.txt (in target 'QelvoraNative_QelvoraUI' from project 'QelvoraNative')
2026-09-30T20:48:30.5273030Z     cd /Users/runner/work/creator-platform/creator-platform/apps/ios
2026-09-30T20:48:30.5274400Z     builtin-copy -exclude .DS_Store -exclude CVS -exclude .svn -exclude .git -exclude .hg -resolve-src-symlinks /Users/runner/work/creator-platform/creator-platform/apps/ios/Sources/Resources/Fonts/Geist-OFL.txt /Users/runner/Library/Developer/Xcode/DerivedData/QelvoraApp-chovwfzcihvbrjemwlhqppehhyoa/Build/Products/Debug-iphonesimulator/QelvoraNative_QelvoraUI.bundle
2026-09-30T20:48:30.5275560Z 
2026-09-30T20:48:30.5276550Z CpResource /Users/runner/Library/Developer/Xcode/DerivedData/QelvoraApp-chovwfzcihvbrjemwlhqppehhyoa/Build/Products/Debug-iphonesimulator/QelvoraNative_QelvoraUI.bundle/Geist-Italic.ttf /Users/runner/work/creator-platform/creator-platform/apps/ios/Sources/Resources/Fonts/Geist-Italic.ttf (in target 'QelvoraNative_QelvoraUI' from project 'QelvoraNative')
2026-09-30T20:48:30.5277770Z     cd /Users/runner/work/creator-platform/creator-platform/apps/ios
2026-09-30T20:48:30.5279060Z     builtin-copy -exclude .DS_Store -exclude CVS -exclude .svn -exclude .git -exclude .hg -resolve-src-symlinks /Users/runner/work/creator-platform/creator-platform/apps/ios/Sources/Resources/Fonts/Geist-Italic.ttf /Users/runner/Library/Developer/Xcode/DerivedData/QelvoraApp-chovwfzcihvbrjemwlhqppehhyoa/Build/Products/Debug-iphonesimulator/QelvoraNative_QelvoraUI.bundle
2026-09-30T20:48:30.5280190Z 
2026-09-30T20:48:30.5281700Z CompileXCStrings /Users/runner/Library/Developer/Xcode/DerivedData/QelvoraApp-chovwfzcihvbrjemwlhqppehhyoa/Build/Intermediates.noindex/QelvoraNative.build/Debug-iphonesimulator/QelvoraNative_QelvoraUI-b.build/ /Users/runner/work/creator-platform/creator-platform/apps/ios/Sources/Generated/Localizable.xcstrings (in target 'QelvoraNative_QelvoraUI' from project 'QelvoraNative')
2026-09-30T20:48:30.5283250Z     cd /Users/runner/work/creator-platform/creator-platform/apps/ios
2026-09-30T20:48:30.5284610Z     /Applications/Xcode_27.app/Contents/Developer/usr/bin/xcstringstool compile --output-directory /Users/runner/Library/Developer/Xcode/DerivedData/QelvoraApp-chovwfzcihvbrjemwlhqppehhyoa/Build/Intermediates.noindex/QelvoraNative.build/Debug-iphonesimulator/QelvoraNative_QelvoraUI-b.build /Users/runner/work/creator-platform/creator-platform/apps/ios/Sources/Generated/Localizable.xcstrings
2026-09-30T20:48:30.5285800Z 
2026-09-30T20:48:30.5287290Z CopyStringsFile /Users/runner/Library/Developer/Xcode/DerivedData/QelvoraApp-chovwfzcihvbrjemwlhqppehhyoa/Build/Products/Debug-iphonesimulator/QelvoraNative_QelvoraUI.bundle/en.lproj/Localizable.strings /Users/runner/Library/Developer/Xcode/DerivedData/QelvoraApp-chovwfzcihvbrjemwlhqppehhyoa/Build/Intermediates.noindex/QelvoraNative.build/Debug-iphonesimulator/QelvoraNative_QelvoraUI-b.build/en.lproj/Localizable.strings (in target 'QelvoraNative_QelvoraUI' from project 'QelvoraNative')
2026-09-30T20:48:30.5288970Z     cd /Users/runner/work/creator-platform/creator-platform/apps/ios
2026-09-30T20:48:30.5290620Z     builtin-copyStrings --validate --outputencoding binary --outfilename Localizable.strings --outdir /Users/runner/Library/Developer/Xcode/DerivedData/QelvoraApp-chovwfzcihvbrjemwlhqppehhyoa/Build/Products/Debug-iphonesimulator/QelvoraNative_QelvoraUI.bundle/en.lproj -- /Users/runner/Library/Developer/Xcode/DerivedData/QelvoraApp-chovwfzcihvbrjemwlhqppehhyoa/Build/Intermediates.noindex/QelvoraNative.build/Debug-iphonesimulator/QelvoraNative_QelvoraUI-b.build/en.lproj/Localizable.strings
2026-09-30T20:48:30.5293470Z /Users/runner/Library/Developer/Xcode/DerivedData/QelvoraApp-chovwfzcihvbrjemwlhqppehhyoa/Build/Intermediates.noindex/QelvoraNative.build/Debug-iphonesimulator/QelvoraNative_QelvoraUI-b.build/en.lproj/Localizable.strings:1:1: note: detected encoding of input file as Unicode (UTF-8) (in target 'QelvoraNative_QelvoraUI' from project 'QelvoraNative')
2026-09-30T20:48:30.5294760Z 
2026-09-30T20:48:30.5295400Z CodeSign /Users/runner/Library/Developer/Xcode/DerivedData/QelvoraApp-chovwfzcihvbrjemwlhqppehhyoa/Build/Products/Debug-iphonesimulator/QelvoraNative_QelvoraUI.bundle (in target 'QelvoraNative_QelvoraUI' from project 'QelvoraNative')
2026-09-30T20:48:30.5296280Z     cd /Users/runner/work/creator-platform/creator-platform/apps/ios
2026-09-30T20:48:30.5296560Z     
2026-09-30T20:48:30.5296730Z     Signing Identity:     "Sign to Run Locally"
2026-09-30T20:48:30.5296950Z     
2026-09-30T20:48:30.5297810Z     /usr/bin/codesign --force --sign - --timestamp\=none --generate-entitlement-der /Users/runner/Library/Developer/Xcode/DerivedData/QelvoraApp-chovwfzcihvbrjemwlhqppehhyoa/Build/Products/Debug-iphonesimulator/QelvoraNative_QelvoraUI.bundle
2026-09-30T20:48:30.5298580Z 
2026-09-30T20:48:30.5299310Z RegisterExecutionPolicyException /Users/runner/Library/Developer/Xcode/DerivedData/QelvoraApp-chovwfzcihvbrjemwlhqppehhyoa/Build/Products/Debug-iphonesimulator/QelvoraNative_QelvoraUI.bundle (in target 'QelvoraNative_QelvoraUI' from project 'QelvoraNative')
2026-09-30T20:48:30.5308170Z     cd /Users/runner/work/creator-platform/creator-platform/apps/ios
2026-09-30T20:48:30.5309090Z     builtin-RegisterExecutionPolicyException /Users/runner/Library/Developer/Xcode/DerivedData/QelvoraApp-chovwfzcihvbrjemwlhqppehhyoa/Build/Products/Debug-iphonesimulator/QelvoraNative_QelvoraUI.bundle
2026-09-30T20:48:30.5309750Z 
2026-09-30T20:48:30.5310380Z Touch /Users/runner/Library/Developer/Xcode/DerivedData/QelvoraApp-chovwfzcihvbrjemwlhqppehhyoa/Build/Products/Debug-iphonesimulator/QelvoraNative_QelvoraUI.bundle (in target 'QelvoraNative_QelvoraUI' from project 'QelvoraNative')
2026-09-30T20:48:30.5311230Z     cd /Users/runner/work/creator-platform/creator-platform/apps/ios
2026-09-30T20:48:30.5311930Z     /usr/bin/touch -c /Users/runner/Library/Developer/Xcode/DerivedData/QelvoraApp-chovwfzcihvbrjemwlhqppehhyoa/Build/Products/Debug-iphonesimulator/QelvoraNative_QelvoraUI.bundle
2026-09-30T20:48:30.5312490Z 
2026-09-30T20:48:30.5312840Z SwiftDriver QelvoraUI normal arm64 com.apple.xcode.tools.swift.compiler (in target 'QelvoraUI' from project 'QelvoraNative')
2026-09-30T20:48:30.5313470Z     cd /Users/runner/work/creator-platform/creator-platform/apps/ios/QelvoraApp.xcodeproj
2026-09-30T20:48:30.5329340Z     builtin-SwiftDriver -- /Applications/Xcode_27.app/Contents/Developer/Toolchains/XcodeDefault.xctoolchain/usr/bin/swiftc -parse-as-library -module-name QelvoraUI -Onone @/Users/runner/Library/Developer/Xcode/DerivedData/QelvoraApp-chovwfzcihvbrjemwlhqppehhyoa/Build/Intermediates.noindex/QelvoraNative.build/Debug-iphonesimulator/QelvoraUI-t.build/Objects-normal/arm64/QelvoraUI.SwiftFileList -DSWIFT_PACKAGE -DDEBUG -DSWIFT_MODULE_RESOURCE_BUNDLE_AVAILABLE -DXcode -plugin-path /Applications/Xcode_27.app/Contents/Developer/Toolchains/XcodeDefault.xctoolchain/usr/lib/swift/host/plugins/testing -enable-experimental-feature DebugDescriptionMacro -sdk /Applications/Xcode_27.app/Contents/Developer/Platforms/iPhoneSimulator.platform/Developer/SDKs/iPhoneSimulator27.0.sdk -target arm64-apple-ios17.0-simulator -g -module-cache-path /Users/runner/Library/Developer/Xcode/DerivedData/ModuleCache.noindex -Xfrontend -serialize-debugging-options -enable-testing -index-store-path /Users/runner/Library/Developer/Xcode/DerivedData/QelvoraApp-chovwfzcihvbrjemwlhqppehhyoa/Index.noindex/DataStore -Xcc -D_LIBCPP_HARDENING_MODE\=_LIBCPP_HARDENING_MODE_DEBUG -swift-version 6 -I /Users/runner/Library/Developer/Xcode/DerivedData/QelvoraApp-chovwfzcihvbrjemwlhqppehhyoa/Build/Products/Debug-iphonesimulator -Isystem /Applications/Xcode_27.app/Contents/Developer/Platforms/iPhoneSimulator.platform/Developer/usr/lib -F /Users/runner/Library/Developer/Xcode/DerivedData/QelvoraApp-chovwfzcihvbrjemwlhqppehhyoa/Build/Products/Debug-iphonesimulator -F /Applications/Xcode_27.app/Contents/Developer/Platforms/iPhoneSimulator.platform/Developer/Library/Frameworks -F /Applications/Xcode_27.app/Contents/Developer/Platforms/iPhoneSimulator.platform/Developer/SDKs/iPhoneSimulator27.0.sdk/Developer/Library/Frameworks -c -j3 -enable-batch-mode -incremental -Xcc -ivfsstatcache -Xcc /Users/runner/Library/Developer/Xcode/DerivedData/SDKStatCaches.noindex/iphonesimulator27.0-24A430-155dc1fa6e968f55248c4516efa38917.sdkstatcache -output-file-map /Users/runner/Library/Developer/Xcode/DerivedData/QelvoraApp-chovwfzcihvbrjemwlhqppehhyoa/Build/Intermediates.noindex/QelvoraNative.build/Debug-iphonesimulator/QelvoraUI-t.build/Objects-normal/arm64/QelvoraUI-OutputFileMap.json -save-temps -no-color-diagnostics -explicit-module-build -module-cache-path /Users/runner/Library/Developer/Xcode/DerivedData/QelvoraApp-chovwfzcihvbrjemwlhqppehhyoa/Build/Intermediates.noindex/SwiftExplicitPrecompiledModules -clang-scanner-module-cache-path /Users/runner/Library/Developer/Xcode/DerivedData/ModuleCache.noindex -sdk-module-cache-path /Users/runner/Library/Developer/Xcode/DerivedData/SDKExplicitPrecompiledModules -emit-dependencies -emit-module -emit-module-path /Users/runner/Library/Developer/Xcode/DerivedData/QelvoraApp-chovwfzcihvbrjemwlhqppehhyoa/Build/Intermediates.noindex/QelvoraNative.build/Debug-iphonesimulator/QelvoraUI-t.build/Objects-normal/arm64/QelvoraUI.swiftmodule -serialize-diagnostics -dependency-scan-serialize-diagnostics-path /Users/runner/Library/Developer/Xcode/DerivedData/QelvoraApp-chovwfzcihvbrjemwlhqppehhyoa/Build/Intermediates.noindex/QelvoraNative.build/Debug-iphonesimulator/QelvoraUI-t.build/Objects-normal/arm64/QelvoraUI-dependency-scan.dia -validate-clang-modules-once -clang-build-session-file /Users/runner/Library/Developer/Xcode/DerivedData/ModuleCache.noindex/Session.modulevalidation -Xcc -fmodules-prune-interval\=86400 -Xcc -fmodules-prune-after\=345600 -package-name ios -emit-const-values -const-gather-protocols-list /Users/runner/Library/Developer/Xcode/DerivedData/QelvoraApp-chovwfzcihvbrjemwlhqppehhyoa/Build/Intermediates.noindex/QelvoraNative.build/Debug-iphonesimulator/QelvoraUI-t.build/Objects-normal/arm64/QelvoraUI_const_extract_protocols.json -Xcc -I/Users/runner/Library/Developer/Xcode/DerivedData/QelvoraApp-chovwfzcihvbrjemwlhqppehhyoa/Build/Products/Debug-iphonesimulator/include -Xcc -I/Users/runner/Library/Developer/Xcode/DerivedData/QelvoraApp-chovwfzcihvbrjemwlhqppehhyoa/Build/Intermediates.noindex/QelvoraNative.build/Debug-iphonesimulator/QelvoraUI-t.build/DerivedSources-normal/arm64 -Xcc -I/Users/runner/Library/Developer/Xcode/DerivedData/QelvoraApp-chovwfzcihvbrjemwlhqppehhyoa/Build/Intermediates.noindex/QelvoraNative.build/Debug-iphonesimulator/QelvoraUI-t.build/DerivedSources/arm64 -Xcc -I/Users/runner/Library/Developer/Xcode/DerivedData/QelvoraApp-chovwfzcihvbrjemwlhqppehhyoa/Build/Intermediates.noindex/QelvoraNative.build/Debug-iphonesimulator/QelvoraUI-t.build/DerivedSources -Xcc -DSWIFT_PACKAGE -Xcc -DDEBUG\=1 -emit-objc-header -emit-objc-header-path /Users/runner/Library/Developer/Xcode/DerivedData/QelvoraApp-chovwfzcihvbrjemwlhqppehhyoa/Build/Intermediates.noindex/QelvoraNative.build/Debug-iphonesimulator/QelvoraUI-t.build/Objects-normal/arm64/QelvoraUI-Swift.h -working-directory /Users/runner/work/creator-platform/creator-platform/apps/ios/QelvoraApp.xcodeproj -experimental-emit-module-separately -disable-cmo
2026-09-30T20:48:31.8935060Z 
2026-09-30T20:48:31.9352860Z SwiftExplicitDependencyGeneratePcm arm64 /Users/runner/Library/Developer/Xcode/DerivedData/SDKExplicitPrecompiledModules/_AvailabilityInternal-EIHL2KZJ0Y8XXWSWHKO2HN7JN.pcm
2026-09-30T20:48:31.9960730Z 
2026-09-30T20:48:32.0076530Z SwiftExplicitDependencyGeneratePcm arm64 /Users/runner/Library/Developer/Xcode/DerivedData/SDKExplicitPrecompiledModules/_Builtin_stdbool-BU8ZY29DMPCAG1W7IW3PN4MAS.pcm
2026-09-30T20:48:32.0177330Z 
2026-09-30T20:48:32.0293670Z SwiftExplicitDependencyGeneratePcm arm64 /Users/runner/Library/Developer/Xcode/DerivedData/SDKExplicitPrecompiledModules/DeveloperToolsSupport-F0SSR0EJOOZM68BFEMTRA1H3R.pcm
2026-09-30T20:48:32.0397120Z 
2026-09-30T20:48:32.0506970Z SwiftExplicitDependencyGeneratePcm arm64 /Users/runner/Library/Developer/Xcode/DerivedData/SDKExplicitPrecompiledModules/ptrcheck-3UGTSF8U4OBR5NR7ATHGMNOUN.pcm
2026-09-30T20:48:32.0608190Z 
2026-09-30T20:48:32.0732320Z SwiftExplicitDependencyGeneratePcm arm64 /Users/runner/Library/Developer/Xcode/DerivedData/SDKExplicitPrecompiledModules/_Builtin_float-4KAPDRO9YIMEPTTJC6YHUH05Y.pcm
2026-09-30T20:48:32.0837030Z 
2026-09-30T20:48:32.0943650Z SwiftExplicitDependencyGeneratePcm arm64 /Users/runner/Library/Developer/Xcode/DerivedData/SDKExplicitPrecompiledModules/_Builtin_stdarg-BS0LSVWFQ52YG4BFWMCNX8MZI.pcm
2026-09-30T20:48:32.1057320Z 
2026-09-30T20:48:32.1158160Z SwiftExplicitDependencyGeneratePcm arm64 /Users/runner/Library/Developer/Xcode/DerivedData/SDKExplicitPrecompiledModules/_StoreKit_SwiftUI-8NYGWMR0867N4F2FOYHE0RGLI.pcm
2026-09-30T20:48:32.1259120Z 
2026-09-30T20:48:32.1361080Z SwiftExplicitDependencyGeneratePcm arm64 /Users/runner/Library/Developer/Xcode/DerivedData/SDKExplicitPrecompiledModules/SwiftShims-B5QGIW1QF8JS42U3OEERXY2ZK.pcm
2026-09-30T20:48:32.1420950Z 
2026-09-30T20:48:32.1422800Z SwiftExplicitDependencyGeneratePcm arm64 /Users/runner/Library/Developer/Xcode/DerivedData/SDKExplicitPrecompiledModules/ptrauth-E194DD2NFFF8Z3J251GIS2R8K.pcm
2026-09-30T20:48:32.1461740Z 
2026-09-30T20:48:32.1463140Z SwiftExplicitDependencyGeneratePcm arm64 /Users/runner/Library/Developer/Xcode/DerivedData/SDKExplicitPrecompiledModules/_DarwinFoundation1-3SZMYAJ4PH1ASXWOZ581R1KLS.pcm
2026-09-30T20:48:32.1583690Z 
2026-09-30T20:48:32.1587270Z SwiftExplicitDependencyGeneratePcm arm64 /Users/runner/Library/Developer/Xcode/DerivedData/SDKExplicitPrecompiledModules/_SwiftConcurrencyShims-4NPJGDF0X3HPGLFMNYOGFRTM3.pcm
2026-09-30T20:48:32.1589090Z 
2026-09-30T20:48:32.1590120Z SwiftExplicitDependencyGeneratePcm arm64 /Users/runner/Library/Developer/Xcode/DerivedData/SDKExplicitPrecompiledModules/_Builtin_stddef-3T1BMSSFHVFML1FRK6RW2D14R.pcm
2026-09-30T20:48:32.1591510Z 
2026-09-30T20:48:32.1592060Z SwiftExplicitDependencyGeneratePcm arm64 /Users/runner/Library/Developer/Xcode/DerivedData/SDKExplicitPrecompiledModules/_Builtin_limits-96JENZ965HA5FFPT9UNER4Z7S.pcm
2026-09-30T20:48:32.2082940Z 
2026-09-30T20:48:32.2085000Z SwiftExplicitDependencyGeneratePcm arm64 /Users/runner/Library/Developer/Xcode/DerivedData/SDKExplicitPrecompiledModules/ExtensionFoundation-EL93S9TDOYUJPL0ZPI04AOEFA.pcm
2026-09-30T20:48:32.2085750Z 
2026-09-30T20:48:32.2086450Z SwiftExplicitDependencyGeneratePcm arm64 /Users/runner/Library/Developer/Xcode/DerivedData/SDKExplicitPrecompiledModules/_DarwinFoundation2-65HW73LWDUSSBYHA05CGAEKDF.pcm
2026-09-30T20:48:32.2403080Z 
2026-09-30T20:48:32.2407790Z SwiftExplicitDependencyGeneratePcm arm64 /Users/runner/Library/Developer/Xcode/DerivedData/SDKExplicitPrecompiledModules/_Builtin_stdint-9XJ9XY53NUA1YE12MXFBEZI39.pcm
2026-09-30T20:48:32.2926860Z 
2026-09-30T20:48:32.2932430Z SwiftExplicitDependencyGeneratePcm arm64 /Users/runner/Library/Developer/Xcode/DerivedData/SDKExplicitPrecompiledModules/string_h-2WMGR0UMLK1B1HPK2A1LSM64E.pcm
2026-09-30T20:48:32.2948700Z 
2026-09-30T20:48:32.3051540Z SwiftExplicitDependencyGeneratePcm arm64 /Users/runner/Library/Developer/Xcode/DerivedData/SDKExplicitPrecompiledModules/sys_types-7HNN5CC2Q3WX0WULD0KQW9E68.pcm
2026-09-30T20:48:32.3176990Z 
2026-09-30T20:48:32.3278330Z SwiftExplicitDependencyGeneratePcm arm64 /Users/runner/Library/Developer/Xcode/DerivedData/SDKExplicitPrecompiledModules/_Builtin_tgmath-EW4NSYVJ7NJPKTR1AVGT7LBRW.pcm
2026-09-30T20:48:32.3430210Z 
2026-09-30T20:48:32.3531500Z SwiftExplicitDependencyGeneratePcm arm64 /Users/runner/Library/Developer/Xcode/DerivedData/SDKExplicitPrecompiledModules/_Builtin_intrinsics-5MTH3W3P9ZXNUGUMBDCMMQPMI.pcm
2026-09-30T20:48:32.4809590Z 
2026-09-30T20:48:32.4814430Z SwiftExplicitDependencyGeneratePcm arm64 /Users/runner/Library/Developer/Xcode/DerivedData/SDKExplicitPrecompiledModules/_DarwinFoundation3-84FKAD8M7YQ5GLLOJZE4W7H0Y.pcm
2026-09-30T20:48:32.4815310Z 
2026-09-30T20:48:32.4816000Z SwiftExplicitDependencyGeneratePcm arm64 /Users/runner/Library/Developer/Xcode/DerivedData/SDKExplicitPrecompiledModules/_Builtin_stdatomic-2XXUD60ZDY76HD7NSQW79I0HW.pcm
2026-09-30T20:48:32.4816910Z 
2026-09-30T20:48:32.4817480Z SwiftExplicitDependencyGeneratePcm arm64 /Users/runner/Library/Developer/Xcode/DerivedData/SDKExplicitPrecompiledModules/_Builtin_inttypes-291IOR0MY26JB2GUUBZHX5MIX.pcm
2026-09-30T20:48:32.4818140Z 
2026-09-30T20:48:32.4818660Z SwiftExplicitDependencyGeneratePcm arm64 /Users/runner/Library/Developer/Xcode/DerivedData/SDKExplicitPrecompiledModules/Darwin-CIV6Z955RN3S8QORC04AN20QH.pcm
2026-09-30T20:48:32.6509100Z 
2026-09-30T20:48:32.6512420Z SwiftExplicitDependencyGeneratePcm arm64 /Users/runner/Library/Developer/Xcode/DerivedData/SDKExplicitPrecompiledModules/simd-8Y666W6UVPXKSM8R6FDRLC3TU.pcm
2026-09-30T20:48:32.8311690Z 
2026-09-30T20:48:32.8317560Z SwiftExplicitDependencyGeneratePcm arm64 /Users/runner/Library/Developer/Xcode/DerivedData/SDKExplicitPrecompiledModules/ObjectiveC-BI1XQ63ZNA4A3AN33G95623FM.pcm
2026-09-30T20:48:32.8318290Z 
2026-09-30T20:48:32.8318840Z SwiftExplicitDependencyGeneratePcm arm64 /Users/runner/Library/Developer/Xcode/DerivedData/SDKExplicitPrecompiledModules/MachO-EED17BEQWY1FJSDTXBBCWZJLA.pcm
2026-09-30T20:48:32.8319500Z 
2026-09-30T20:48:32.8320040Z SwiftExplicitDependencyGeneratePcm arm64 /Users/runner/Library/Developer/Xcode/DerivedData/SDKExplicitPrecompiledModules/os_object-76JEA8W6F2U55PQZH10VPNCXR.pcm
2026-09-30T20:48:32.8320650Z 
2026-09-30T20:48:32.8321210Z SwiftExplicitDependencyGeneratePcm arm64 /Users/runner/Library/Developer/Xcode/DerivedData/SDKExplicitPrecompiledModules/os_workgroup-EYHLF3LFCOITIBB2CF3IXIBBA.pcm
2026-09-30T20:48:32.8343350Z 
2026-09-30T20:48:32.8346460Z SwiftExplicitDependencyGeneratePcm arm64 /Users/runner/Library/Developer/Xcode/DerivedData/SDKExplicitPrecompiledModules/Spatial-BEFW309I34Y3OOC0HYIO1UNWK.pcm
2026-09-30T20:48:32.9987500Z 
2026-09-30T20:48:33.0024600Z SwiftExplicitDependencyGeneratePcm arm64 /Users/runner/Library/Developer/Xcode/DerivedData/SDKExplicitPrecompiledModules/Dispatch-33TUTVU8A6VYAXE2E2W4Q2LXM.pcm
2026-09-30T20:48:33.0026070Z 
2026-09-30T20:48:33.0026670Z SwiftExplicitDependencyGeneratePcm arm64 /Users/runner/Library/Developer/Xcode/DerivedData/SDKExplicitPrecompiledModules/CoreFoundation-D81JZ27YHAX42SCXEFJ56RISS.pcm
2026-09-30T20:48:33.0061720Z 
2026-09-30T20:48:33.0167490Z SwiftExplicitDependencyGeneratePcm arm64 /Users/runner/Library/Developer/Xcode/DerivedData/SDKExplicitPrecompiledModules/dnssd-2L2F72A2KGVZMP8UCJIY5A3KY.pcm
2026-09-30T20:48:33.0271100Z 
2026-09-30T20:48:33.0404430Z SwiftExplicitDependencyGeneratePcm arm64 /Users/runner/Library/Developer/Xcode/DerivedData/SDKExplicitPrecompiledModules/XPC-2HOB5CGUPBEYADZO3DXQGJKOS.pcm
2026-09-30T20:48:33.0504460Z 
2026-09-30T20:48:33.0605450Z SwiftExplicitDependencyGeneratePcm arm64 /Users/runner/Library/Developer/Xcode/DerivedData/SDKExplicitPrecompiledModules/Security-34TH20YMIPQG81V7X4Q0TD3ZX.pcm
2026-09-30T20:48:33.0907960Z 
2026-09-30T20:48:33.1009060Z SwiftExplicitDependencyGeneratePcm arm64 /Users/runner/Library/Developer/Xcode/DerivedData/SDKExplicitPrecompiledModules/CFNetwork-9KZ6IAUN2A8C7Z3HP8DE7B5N5.pcm
2026-09-30T20:48:33.1110460Z 
2026-09-30T20:48:33.1211700Z SwiftExplicitDependencyGeneratePcm arm64 /Users/runner/Library/Developer/Xcode/DerivedData/SDKExplicitPrecompiledModules/CoreAudioTypes-1ORSX0AP2ZVOXFC9E7NPJG608.pcm
2026-09-30T20:48:33.1312860Z 
2026-09-30T20:48:33.1414100Z SwiftExplicitDependencyGeneratePcm arm64 /Users/runner/Library/Developer/Xcode/DerivedData/SDKExplicitPrecompiledModules/os-7FN6B87PLPMZ4EVV46G52ERZ3.pcm
2026-09-30T20:48:33.1515090Z 
2026-09-30T20:48:33.1616600Z SwiftExplicitDependencyGeneratePcm arm64 /Users/runner/Library/Developer/Xcode/DerivedData/SDKExplicitPrecompiledModules/CoreGraphics-4VTVWZIRG1XW2LIVE545G86Y8.pcm
2026-09-30T20:48:33.1920550Z 
2026-09-30T20:48:33.2021950Z SwiftExplicitDependencyGeneratePcm arm64 /Users/runner/Library/Developer/Xcode/DerivedData/SDKExplicitPrecompiledModules/Foundation-6RXY0MZNX4UJ5AI2PQ0OA9J6D.pcm
2026-09-30T20:48:33.3639250Z 
2026-09-30T20:48:33.3640760Z SwiftExplicitDependencyGeneratePcm arm64 /Users/runner/Library/Developer/Xcode/DerivedData/SDKExplicitPrecompiledModules/CoreAudio-8JBTXBZ6S4PRQJCULEF0WOSH3.pcm
2026-09-30T20:48:33.3641870Z 
2026-09-30T20:48:33.3645580Z SwiftExplicitDependencyGeneratePcm arm64 /Users/runner/Library/Developer/Xcode/DerivedData/SDKExplicitPrecompiledModules/ImageIO-73PI6XNRO51H5JEESE7ZCV5K5.pcm
2026-09-30T20:48:33.3646230Z 
2026-09-30T20:48:33.3646770Z SwiftExplicitDependencyGeneratePcm arm64 /Users/runner/Library/Developer/Xcode/DerivedData/SDKExplicitPrecompiledModules/CoreText-2RC0VAG3TKMXQ4S9YUC8NHZ00.pcm
2026-09-30T20:48:33.3647390Z 
2026-09-30T20:48:33.3647990Z SwiftExplicitDependencyGeneratePcm arm64 /Users/runner/Library/Developer/Xcode/DerivedData/SDKExplicitPrecompiledModules/Network-35ZO5YMSJ1OEI0W50JAEFUTOG.pcm
2026-09-30T20:48:33.4628260Z 
2026-09-30T20:48:33.4755000Z SwiftExplicitDependencyGeneratePcm arm64 /Users/runner/Library/Developer/Xcode/DerivedData/SDKExplicitPrecompiledModules/BackgroundAssets-4PW3ALEAZVX20DB5SI8IZK6HK.pcm
2026-09-30T20:48:33.4856170Z 
2026-09-30T20:48:33.4972300Z SwiftExplicitDependencyGeneratePcm arm64 /Users/runner/Library/Developer/Xcode/DerivedData/SDKExplicitPrecompiledModules/DataDetection-B3I81QYYOGP7YWXKZ3ILGO26U.pcm
2026-09-30T20:48:33.5094470Z 
2026-09-30T20:48:33.5119150Z SwiftExplicitDependencyGeneratePcm arm64 /Users/runner/Library/Developer/Xcode/DerivedData/SDKExplicitPrecompiledModules/FileProvider-AK7IYRYCVM06314OJTD923RCQ.pcm
2026-09-30T20:48:33.5220880Z 
2026-09-30T20:48:33.5350840Z SwiftExplicitDependencyGeneratePcm arm64 /Users/runner/Library/Developer/Xcode/DerivedData/SDKExplicitPrecompiledModules/Symbols-2L5AB766ZQ3H5J4IA67O3M8VA.pcm
2026-09-30T20:48:33.5451860Z 
2026-09-30T20:48:33.5553240Z SwiftExplicitDependencyGeneratePcm arm64 /Users/runner/Library/Developer/Xcode/DerivedData/SDKExplicitPrecompiledModules/CoreData-2WB49XQU5YFFFGYFOC6CRWYPS.pcm
2026-09-30T20:48:33.5658660Z 
2026-09-30T20:48:33.5760010Z SwiftExplicitDependencyGeneratePcm arm64 /Users/runner/Library/Developer/Xcode/DerivedData/SDKExplicitPrecompiledModules/CoreMIDI-4Y7Z0Q2VOJNUWF1SN3ESDRGY0.pcm
2026-09-30T20:48:33.6023890Z 
2026-09-30T20:48:33.6126780Z SwiftExplicitDependencyGeneratePcm arm64 /Users/runner/Library/Developer/Xcode/DerivedData/SDKExplicitPrecompiledModules/_LocationEssentials-5R1SEBSI80A3OIHKVG7UNX5CQ.pcm
2026-09-30T20:48:33.6128580Z 
2026-09-30T20:48:33.6231270Z SwiftExplicitDependencyGeneratePcm arm64 /Users/runner/Library/Developer/Xcode/DerivedData/SDKExplicitPrecompiledModules/CoreTransferable-EZA7TXB02WGS63FHTWHFJMM6J.pcm
2026-09-30T20:48:33.6428080Z 
2026-09-30T20:48:33.6529560Z SwiftExplicitDependencyGeneratePcm arm64 /Users/runner/Library/Developer/Xcode/DerivedData/SDKExplicitPrecompiledModules/LocalAuthentication-16WTM9BKYVYSJF3DJVMF7CA5L.pcm
2026-09-30T20:48:33.6731380Z 
2026-09-30T20:48:33.6834120Z SwiftExplicitDependencyGeneratePcm arm64 /Users/runner/Library/Developer/Xcode/DerivedData/SDKExplicitPrecompiledModules/CoreLocation-6VYZAF7R75A3J3NGWO0O9RJAM.pcm
2026-09-30T20:48:33.7039620Z 
2026-09-30T20:48:33.7147500Z SwiftExplicitDependencyGeneratePcm arm64 /Users/runner/Library/Developer/Xcode/DerivedData/SDKExplicitPrecompiledModules/IOSurface-133Z9JYKN98MAYF4QJFYIGRJB.pcm
2026-09-30T20:48:33.7268400Z 
2026-09-30T20:48:33.7377520Z SwiftExplicitDependencyGeneratePcm arm64 /Users/runner/Library/Developer/Xcode/DerivedData/SDKExplicitPrecompiledModules/CallKit-AXA1LGAICKEMV6ACX6QBQ7ARG.pcm
2026-09-30T20:48:33.7498360Z 
2026-09-30T20:48:33.7631040Z SwiftExplicitDependencyGeneratePcm arm64 /Users/runner/Library/Developer/Xcode/DerivedData/SDKExplicitPrecompiledModules/AVRouting-C7GIFJ3LOVIUUDZ8SC0F962SY.pcm
2026-09-30T20:48:33.7731040Z 
2026-09-30T20:48:33.7840070Z SwiftExplicitDependencyGeneratePcm arm64 /Users/runner/Library/Developer/Xcode/DerivedData/SDKExplicitPrecompiledModules/Accessibility-13T7WRKODWUEUJIWJVSB0EK7D.pcm
2026-09-30T20:48:33.7941220Z 
2026-09-30T20:48:33.8076550Z SwiftExplicitDependencyGeneratePcm arm64 /Users/runner/Library/Developer/Xcode/DerivedData/SDKExplicitPrecompiledModules/Metal-2I4RSCGTQ7U56UCCCKE055GUM.pcm
2026-09-30T20:48:33.8898680Z 
2026-09-30T20:48:33.8999920Z SwiftExplicitDependencyGeneratePcm arm64 /Users/runner/Library/Developer/Xcode/DerivedData/SDKExplicitPrecompiledModules/OSLog-7I5RBJ7LGNVQ3CASQDTZZYBHC.pcm
2026-09-30T20:48:33.9099630Z 
2026-09-30T20:48:33.9205750Z SwiftExplicitDependencyGeneratePcm arm64 /Users/runner/Library/Developer/Xcode/DerivedData/SDKExplicitPrecompiledModules/UserNotifications-CECP2HQXJ6W611ATAU18IMC2M.pcm
2026-09-30T20:48:33.9310470Z 
2026-09-30T20:48:33.9411970Z SwiftExplicitDependencyGeneratePcm arm64 /Users/runner/Library/Developer/Xcode/DerivedData/SDKExplicitPrecompiledModules/AudioToolbox-5A1UGQ80ZSPNNJHA4AF5R2X2R.pcm
2026-09-30T20:48:33.9520000Z 
2026-09-30T20:48:33.9621260Z SwiftExplicitDependencyGeneratePcm arm64 /Users/runner/Library/Developer/Xcode/DerivedData/SDKExplicitPrecompiledModules/UIUtilities-8FD9LIFPI8MKCNVT9DWU3SKVM.pcm
2026-09-30T20:48:33.9733520Z 
2026-09-30T20:48:33.9834760Z SwiftExplicitDependencyGeneratePcm arm64 /Users/runner/Library/Developer/Xcode/DerivedData/SDKExplicitPrecompiledModules/OpenGLES-5O7EWI0BFQSG9XH5CUAN1YICB.pcm
2026-09-30T20:48:33.9874160Z 
2026-09-30T20:48:33.9875050Z SwiftExplicitDependencyGeneratePcm arm64 /Users/runner/Library/Developer/Xcode/DerivedData/SDKExplicitPrecompiledModules/CoreMotion-F1NDZ4MN4TY26VTGWZHT508GX.pcm
2026-09-30T20:48:33.9875700Z 
2026-09-30T20:48:33.9876300Z SwiftExplicitDependencyGeneratePcm arm64 /Users/runner/Library/Developer/Xcode/DerivedData/SDKExplicitPrecompiledModules/UniformTypeIdentifiers-7L98S4BW9LLA307PLYZLGKQD5.pcm
2026-09-30T20:48:34.0031890Z 
2026-09-30T20:48:34.0033080Z SwiftExplicitDependencyGeneratePcm arm64 /Users/runner/Library/Developer/Xcode/DerivedData/SDKExplicitPrecompiledModules/CoreVideo-EQYFVOEMYAWHPAWZDSGJC69GO.pcm
2026-09-30T20:48:34.0408450Z 
2026-09-30T20:48:34.0410820Z SwiftExplicitDependencyGeneratePcm arm64 /Users/runner/Library/Developer/Xcode/DerivedData/SDKExplicitPrecompiledModules/QuartzCore-64WJQZ6LJ2E2RFSZ7Z2XMYK5M.pcm
2026-09-30T20:48:34.1307740Z 
2026-09-30T20:48:34.1411400Z SwiftExplicitDependencyGeneratePcm arm64 /Users/runner/Library/Developer/Xcode/DerivedData/SDKExplicitPrecompiledModules/CoreMedia-DVWLB2A20GG6LTPPENHSOG7GH.pcm
2026-09-30T20:48:34.1501990Z 
2026-09-30T20:48:34.1640100Z SwiftExplicitDependencyGeneratePcm arm64 /Users/runner/Library/Developer/Xcode/DerivedData/SDKExplicitPrecompiledModules/CoreImage-8JRTQ50SOTQO7OT2N825PBVZZ.pcm
2026-09-30T20:48:34.1742840Z 
2026-09-30T20:48:34.1844310Z SwiftExplicitDependencyGeneratePcm arm64 /Users/runner/Library/Developer/Xcode/DerivedData/SDKExplicitPrecompiledModules/SwiftUICore-3G7VUKOO9KOW527M55SB17336.pcm
2026-09-30T20:48:34.1981320Z 
2026-09-30T20:48:34.2082850Z SwiftExplicitDependencyGeneratePcm arm64 /Users/runner/Library/Developer/Xcode/DerivedData/SDKExplicitPrecompiledModules/VideoToolbox-7ZM7XD8QSI983RR4UPA8QC506.pcm
2026-09-30T20:48:34.2368550Z 
2026-09-30T20:48:34.2369470Z SwiftExplicitDependencyGeneratePcm arm64 /Users/runner/Library/Developer/Xcode/DerivedData/SDKExplicitPrecompiledModules/MediaToolbox-68RF5C1JPOT4Q3KAVOB00U1N1.pcm
2026-09-30T20:48:34.2370130Z 
2026-09-30T20:48:34.2370670Z SwiftExplicitDependencyGeneratePcm arm64 /Users/runner/Library/Developer/Xcode/DerivedData/SDKExplicitPrecompiledModules/AVFAudio-BK16RX8OCO0DBCOKD9ES0SCQ3.pcm
2026-09-30T20:48:34.3097410Z 
2026-09-30T20:48:34.3100510Z SwiftExplicitDependencyGeneratePcm arm64 /Users/runner/Library/Developer/Xcode/DerivedData/SDKExplicitPrecompiledModules/UIKit-1QJJEWSQFXMMAGA7GUJSCU245.pcm
2026-09-30T20:48:34.7763300Z 
2026-09-30T20:48:34.7768930Z SwiftExplicitDependencyGeneratePcm arm64 /Users/runner/Library/Developer/Xcode/DerivedData/SDKExplicitPrecompiledModules/AVFoundation-9CJOWGBOG2OO5HLO70X1UUVVX.pcm
2026-09-30T20:48:34.7769670Z 
2026-09-30T20:48:34.7770250Z SwiftExplicitDependencyGeneratePcm arm64 /Users/runner/Library/Developer/Xcode/DerivedData/SDKExplicitPrecompiledModules/SwiftUI-D9DLXVQGUPK15ACSNJJS1YWK5.pcm
2026-09-30T20:48:34.8419760Z 
2026-09-30T20:48:34.8425690Z SwiftExplicitDependencyGeneratePcm arm64 /Users/runner/Library/Developer/Xcode/DerivedData/SDKExplicitPrecompiledModules/AuthenticationServices-CDKFMP4X6M4EQ1Q10R1PCF23V.pcm
2026-09-30T20:48:34.9092450Z 
2026-09-30T20:48:34.9102310Z SwiftExplicitDependencyGeneratePcm arm64 /Users/runner/Library/Developer/Xcode/DerivedData/SDKExplicitPrecompiledModules/StoreKit-71S59IZBMEE8BNV1AT0V44525.pcm
2026-09-30T20:48:34.9104040Z 
2026-09-30T20:48:34.9104630Z SwiftEmitModule normal arm64 Emitting\ module\ for\ QelvoraUI (in target 'QelvoraUI' from project 'QelvoraNative')
2026-09-30T20:48:37.9167760Z 
2026-09-30T20:48:37.9293230Z SwiftCompile normal arm64 (in target 'QelvoraUI' from project 'QelvoraNative')
2026-09-30T20:48:37.9417710Z     cd /Users/runner/work/creator-platform/creator-platform/apps/ios/QelvoraApp.xcodeproj
2026-09-30T20:48:37.9543210Z     
2026-09-30T20:48:37.9643790Z 
2026-09-30T20:48:37.9744960Z /Users/runner/work/creator-platform/creator-platform/apps/ios/Sources/QelvoraUI/Trust.swift:23:93: warning: no 'async' operations occur within 'await' expression [#UnnecessaryEffectMarker]
2026-09-30T20:48:37.9846230Z  21 |     public let baseURL: URL
2026-09-30T20:48:37.9947230Z  22 |     public let token: @Sendable () async throws -> String?
2026-09-30T20:48:38.0048590Z  23 |     public init(baseURL: URL, token: @escaping @Sendable () async throws -> String? = { try await SecureSessionStorage().read() }) { self.baseURL = baseURL; self.token = token }
2026-09-30T20:48:38.0166140Z     |                                                                                             `- warning: no 'async' operations occur within 'await' expression [#UnnecessaryEffectMarker]
2026-09-30T20:48:38.0267810Z  24 |     fileprivate func request<T: Decodable>(_ path: String, body: Data? = nil) async throws -> T {
2026-09-30T20:48:38.0368960Z  25 |         try JSONDecoder().decode(T.self, from: await bytes(path, body: body))
2026-09-30T20:48:38.0469610Z 
2026-09-30T20:48:38.0570540Z [#UnnecessaryEffectMarker]: <https://docs.swift.org/compiler/documentation/diagnostics/unnecessary-effect-marker>
2026-09-30T20:48:38.0676320Z SwiftCompile normal arm64 Compiling\ Conversation.swift,\ CredentialSettings.swift,\ DeliveryProtocol.swift,\ FanShell.swift,\ Glyph.swift,\ Growth.swift,\ GrowthPreferences.swift,\ Identity.swift,\ NativeCallCoordinator.swift,\ NativeCallOffers.swift,\ NativeCallView.swift,\ NativeMediaClient.swift /Users/runner/work/creator-platform/creator-platform/apps/ios/Sources/QelvoraUI/Conversation.swift /Users/runner/work/creator-platform/creator-platform/apps/ios/Sources/QelvoraUI/CredentialSettings.swift /Users/runner/work/creator-platform/creator-platform/apps/ios/Sources/QelvoraUI/DeliveryProtocol.swift /Users/runner/work/creator-platform/creator-platform/apps/ios/Sources/QelvoraUI/FanShell.swift /Users/runner/work/creator-platform/creator-platform/apps/ios/Sources/QelvoraUI/Glyph.swift /Users/runner/work/creator-platform/creator-platform/apps/ios/Sources/QelvoraUI/Growth.swift /Users/runner/work/creator-platform/creator-platform/apps/ios/Sources/QelvoraUI/GrowthPreferences.swift /Users/runner/work/creator-platform/creator-platform/apps/ios/Sources/QelvoraUI/Identity.swift /Users/runner/work/creator-platform/creator-platform/apps/ios/Sources/QelvoraUI/Media/NativeCallCoordinator.swift /Users/runner/work/creator-platform/creator-platform/apps/ios/Sources/QelvoraUI/Media/NativeCallOffers.swift /Users/runner/work/creator-platform/creator-platform/apps/ios/Sources/QelvoraUI/Media/NativeCallView.swift /Users/runner/work/creator-platform/creator-platform/apps/ios/Sources/QelvoraUI/Media/NativeMediaClient.swift (in target 'QelvoraUI' from project 'QelvoraNative')
2026-09-30T20:48:45.4050780Z 
2026-09-30T20:48:45.4157550Z SwiftCompile normal arm64 /Users/runner/work/creator-platform/creator-platform/apps/ios/Sources/QelvoraUI/Conversation.swift (in target 'QelvoraUI' from project 'QelvoraNative')
2026-09-30T20:48:45.4257930Z     cd /Users/runner/work/creator-platform/creator-platform/apps/ios/QelvoraApp.xcodeproj
2026-09-30T20:48:45.4309100Z     builtin-SwiftPerFileCompile Conversation.swift
2026-09-30T20:48:45.4309550Z 
2026-09-30T20:48:45.4310150Z SwiftCompile normal arm64 /Users/runner/work/creator-platform/creator-platform/apps/ios/Sources/QelvoraUI/CredentialSettings.swift (in target 'QelvoraUI' from project 'QelvoraNative')
2026-09-30T20:48:45.4311020Z     cd /Users/runner/work/creator-platform/creator-platform/apps/ios/QelvoraApp.xcodeproj
2026-09-30T20:48:45.4311520Z     builtin-SwiftPerFileCompile CredentialSettings.swift
2026-09-30T20:48:45.4311800Z 
2026-09-30T20:48:45.4312390Z SwiftCompile normal arm64 /Users/runner/work/creator-platform/creator-platform/apps/ios/Sources/QelvoraUI/DeliveryProtocol.swift (in target 'QelvoraUI' from project 'QelvoraNative')
2026-09-30T20:48:45.4313230Z     cd /Users/runner/work/creator-platform/creator-platform/apps/ios/QelvoraApp.xcodeproj
2026-09-30T20:48:45.4313710Z     builtin-SwiftPerFileCompile DeliveryProtocol.swift
2026-09-30T20:48:45.4313990Z 
2026-09-30T20:48:45.4314530Z SwiftCompile normal arm64 /Users/runner/work/creator-platform/creator-platform/apps/ios/Sources/QelvoraUI/FanShell.swift (in target 'QelvoraUI' from project 'QelvoraNative')
2026-09-30T20:48:45.4315340Z     cd /Users/runner/work/creator-platform/creator-platform/apps/ios/QelvoraApp.xcodeproj
2026-09-30T20:48:45.4315800Z     builtin-SwiftPerFileCompile FanShell.swift
2026-09-30T20:48:45.4316050Z 
2026-09-30T20:48:45.4316570Z SwiftCompile normal arm64 /Users/runner/work/creator-platform/creator-platform/apps/ios/Sources/QelvoraUI/Glyph.swift (in target 'QelvoraUI' from project 'QelvoraNative')
2026-09-30T20:48:45.4317370Z     cd /Users/runner/work/creator-platform/creator-platform/apps/ios/QelvoraApp.xcodeproj
2026-09-30T20:48:45.4317830Z     builtin-SwiftPerFileCompile Glyph.swift
2026-09-30T20:48:45.4318070Z 
2026-09-30T20:48:45.4318590Z SwiftCompile normal arm64 /Users/runner/work/creator-platform/creator-platform/apps/ios/Sources/QelvoraUI/Growth.swift (in target 'QelvoraUI' from project 'QelvoraNative')
2026-09-30T20:48:45.4319390Z     cd /Users/runner/work/creator-platform/creator-platform/apps/ios/QelvoraApp.xcodeproj
2026-09-30T20:48:45.4322280Z     builtin-SwiftPerFileCompile Growth.swift
2026-09-30T20:48:45.4322560Z 
2026-09-30T20:48:45.4323360Z SwiftCompile normal arm64 /Users/runner/work/creator-platform/creator-platform/apps/ios/Sources/QelvoraUI/GrowthPreferences.swift (in target 'QelvoraUI' from project 'QelvoraNative')
2026-09-30T20:48:45.4324910Z     cd /Users/runner/work/creator-platform/creator-platform/apps/ios/QelvoraApp.xcodeproj
2026-09-30T20:48:45.4325420Z     builtin-SwiftPerFileCompile GrowthPreferences.swift
2026-09-30T20:48:45.4325700Z 
2026-09-30T20:48:45.4326260Z SwiftCompile normal arm64 /Users/runner/work/creator-platform/creator-platform/apps/ios/Sources/QelvoraUI/Identity.swift (in target 'QelvoraUI' from project 'QelvoraNative')
2026-09-30T20:48:45.4327080Z     cd /Users/runner/work/creator-platform/creator-platform/apps/ios/QelvoraApp.xcodeproj
2026-09-30T20:48:45.4327560Z     builtin-SwiftPerFileCompile Identity.swift
2026-09-30T20:48:45.4327820Z 
2026-09-30T20:48:45.4328410Z SwiftCompile normal arm64 /Users/runner/work/creator-platform/creator-platform/apps/ios/Sources/QelvoraUI/Media/NativeCallCoordinator.swift (in target 'QelvoraUI' from project 'QelvoraNative')
2026-09-30T20:48:45.4329360Z     cd /Users/runner/work/creator-platform/creator-platform/apps/ios/QelvoraApp.xcodeproj
2026-09-30T20:48:45.4329880Z     builtin-SwiftPerFileCompile NativeCallCoordinator.swift
2026-09-30T20:48:45.4330180Z 
2026-09-30T20:48:45.4331140Z SwiftCompile normal arm64 /Users/runner/work/creator-platform/creator-platform/apps/ios/Sources/QelvoraUI/Media/NativeCallOffers.swift (in target 'QelvoraUI' from project 'QelvoraNative')
2026-09-30T20:48:45.4332030Z     cd /Users/runner/work/creator-platform/creator-platform/apps/ios/QelvoraApp.xcodeproj
2026-09-30T20:48:45.4332510Z     builtin-SwiftPerFileCompile NativeCallOffers.swift
2026-09-30T20:48:45.4332960Z 
2026-09-30T20:48:45.4333600Z SwiftCompile normal arm64 /Users/runner/work/creator-platform/creator-platform/apps/ios/Sources/QelvoraUI/Media/NativeCallView.swift (in target 'QelvoraUI' from project 'QelvoraNative')
2026-09-30T20:48:45.4334470Z     cd /Users/runner/work/creator-platform/creator-platform/apps/ios/QelvoraApp.xcodeproj
2026-09-30T20:48:45.4334950Z     builtin-SwiftPerFileCompile NativeCallView.swift
2026-09-30T20:48:45.4335210Z 
2026-09-30T20:48:45.4335790Z SwiftCompile normal arm64 /Users/runner/work/creator-platform/creator-platform/apps/ios/Sources/QelvoraUI/Media/NativeMediaClient.swift (in target 'QelvoraUI' from project 'QelvoraNative')
2026-09-30T20:48:45.4336640Z     cd /Users/runner/work/creator-platform/creator-platform/apps/ios/QelvoraApp.xcodeproj
2026-09-30T20:48:45.4337130Z     builtin-SwiftPerFileCompile NativeMediaClient.swift
2026-09-30T20:48:45.4337400Z 
2026-09-30T20:48:45.4338030Z /Users/runner/work/creator-platform/creator-platform/apps/ios/Sources/QelvoraUI/Media/NativeCallCoordinator.swift:21:29: warning: 'init(localizedName:)' was deprecated in iOS 14.0 [#DeprecatedDeclaration]
2026-09-30T20:48:45.4338830Z 19 |     private var sessions: [UUID: UUID] = [:]
2026-09-30T20:48:45.4339460Z 20 |     public init(brandName: String, transport: any NativeRoomTransport, authorize: @escaping @MainActor (UUID) async throws -> (name: String, video: Bool)) {
2026-09-30T20:48:45.4340170Z 21 |         let configuration = CXProviderConfiguration(localizedName: brandName)
2026-09-30T20:48:45.4340790Z    |                             `- warning: 'init(localizedName:)' was deprecated in iOS 14.0 [#DeprecatedDeclaration]
2026-09-30T20:48:45.4341390Z 22 |         configuration.maximumCallGroups = 1; configuration.maximumCallsPerCallGroup = 1
2026-09-30T20:48:45.4341990Z 23 |         configuration.supportsVideo = true; configuration.supportedHandleTypes = [.generic]
2026-09-30T20:48:45.4342370Z 
2026-09-30T20:48:45.4342750Z [#DeprecatedDeclaration]: <https://docs.swift.org/compiler/documentation/diagnostics/deprecated-declaration>
2026-09-30T20:48:45.4347250Z SwiftCompile normal arm64 Compiling\ NativeVoiceRecorder.swift,\ W6FanFeatures.swift,\ Navigation.swift,\ Overlays.swift,\ PasskeyCeremony.swift,\ SessionStorage.swift,\ StudioComponents.swift,\ Theme.swift,\ ThreadComponents.swift,\ Trust.swift,\ Welcome.swift /Users/runner/work/creator-platform/creator-platform/apps/ios/Sources/QelvoraUI/Media/NativeVoiceRecorder.swift /Users/runner/work/creator-platform/creator-platform/apps/ios/Sources/QelvoraUI/Media/W6FanFeatures.swift /Users/runner/work/creator-platform/creator-platform/apps/ios/Sources/QelvoraUI/Navigation.swift /Users/runner/work/creator-platform/creator-platform/apps/ios/Sources/QelvoraUI/Overlays.swift /Users/runner/work/creator-platform/creator-platform/apps/ios/Sources/QelvoraUI/PasskeyCeremony.swift /Users/runner/work/creator-platform/creator-platform/apps/ios/Sources/QelvoraUI/SessionStorage.swift /Users/runner/work/creator-platform/creator-platform/apps/ios/Sources/QelvoraUI/StudioComponents.swift /Users/runner/work/creator-platform/creator-platform/apps/ios/Sources/QelvoraUI/Theme.swift /Users/runner/work/creator-platform/creator-platform/apps/ios/Sources/QelvoraUI/ThreadComponents.swift /Users/runner/work/creator-platform/creator-platform/apps/ios/Sources/QelvoraUI/Trust.swift /Users/runner/work/creator-platform/creator-platform/apps/ios/Sources/QelvoraUI/Welcome.swift (in target 'QelvoraUI' from project 'QelvoraNative')
2026-09-30T20:48:45.4353790Z 
2026-09-30T20:48:45.4357040Z SwiftCompile normal arm64 /Users/runner/work/creator-platform/creator-platform/apps/ios/Sources/QelvoraUI/Media/NativeVoiceRecorder.swift (in target 'QelvoraUI' from project 'QelvoraNative')
2026-09-30T20:48:45.4358220Z     cd /Users/runner/work/creator-platform/creator-platform/apps/ios/QelvoraApp.xcodeproj
2026-09-30T20:48:45.4358760Z     builtin-SwiftPerFileCompile NativeVoiceRecorder.swift
2026-09-30T20:48:45.4361360Z 
2026-09-30T20:48:45.4361940Z SwiftCompile normal arm64 /Users/runner/work/creator-platform/creator-platform/apps/ios/Sources/QelvoraUI/Media/W6FanFeatures.swift (in target 'QelvoraUI' from project 'QelvoraNative')
2026-09-30T20:48:45.4362990Z     cd /Users/runner/work/creator-platform/creator-platform/apps/ios/QelvoraApp.xcodeproj
2026-09-30T20:48:45.4363460Z     builtin-SwiftPerFileCompile W6FanFeatures.swift
2026-09-30T20:48:45.4363730Z 
2026-09-30T20:48:45.4364270Z SwiftCompile normal arm64 /Users/runner/work/creator-platform/creator-platform/apps/ios/Sources/QelvoraUI/Navigation.swift (in target 'QelvoraUI' from project 'QelvoraNative')
2026-09-30T20:48:45.4365090Z     cd /Users/runner/work/creator-platform/creator-platform/apps/ios/QelvoraApp.xcodeproj
2026-09-30T20:48:45.4365560Z     builtin-SwiftPerFileCompile Navigation.swift
2026-09-30T20:48:45.4365820Z 
2026-09-30T20:48:45.4366360Z SwiftCompile normal arm64 /Users/runner/work/creator-platform/creator-platform/apps/ios/Sources/QelvoraUI/Overlays.swift (in target 'QelvoraUI' from project 'QelvoraNative')
2026-09-30T20:48:45.4367160Z     cd /Users/runner/work/creator-platform/creator-platform/apps/ios/QelvoraApp.xcodeproj
2026-09-30T20:48:45.4367630Z     builtin-SwiftPerFileCompile Overlays.swift
2026-09-30T20:48:45.4367880Z 
2026-09-30T20:48:45.4368430Z SwiftCompile normal arm64 /Users/runner/work/creator-platform/creator-platform/apps/ios/Sources/QelvoraUI/PasskeyCeremony.swift (in target 'QelvoraUI' from project 'QelvoraNative')
2026-09-30T20:48:45.4369260Z     cd /Users/runner/work/creator-platform/creator-platform/apps/ios/QelvoraApp.xcodeproj
2026-09-30T20:48:45.4369740Z     builtin-SwiftPerFileCompile PasskeyCeremony.swift
2026-09-30T20:48:45.4370010Z 
2026-09-30T20:48:45.4370570Z SwiftCompile normal arm64 /Users/runner/work/creator-platform/creator-platform/apps/ios/Sources/QelvoraUI/SessionStorage.swift (in target 'QelvoraUI' from project 'QelvoraNative')
2026-09-30T20:48:45.4411090Z     cd /Users/runner/work/creator-platform/creator-platform/apps/ios/QelvoraApp.xcodeproj
2026-09-30T20:48:45.4411750Z     builtin-SwiftPerFileCompile SessionStorage.swift
2026-09-30T20:48:45.4412080Z 
2026-09-30T20:48:45.4412670Z SwiftCompile normal arm64 /Users/runner/work/creator-platform/creator-platform/apps/ios/Sources/QelvoraUI/StudioComponents.swift (in target 'QelvoraUI' from project 'QelvoraNative')
2026-09-30T20:48:45.4413520Z     cd /Users/runner/work/creator-platform/creator-platform/apps/ios/QelvoraApp.xcodeproj
2026-09-30T20:48:45.4414010Z     builtin-SwiftPerFileCompile StudioComponents.swift
2026-09-30T20:48:45.4414290Z 
2026-09-30T20:48:45.4414920Z SwiftCompile normal arm64 /Users/runner/work/creator-platform/creator-platform/apps/ios/Sources/QelvoraUI/Theme.swift (in target 'QelvoraUI' from project 'QelvoraNative')
2026-09-30T20:48:45.4415730Z     cd /Users/runner/work/creator-platform/creator-platform/apps/ios/QelvoraApp.xcodeproj
2026-09-30T20:48:45.4416190Z     builtin-SwiftPerFileCompile Theme.swift
2026-09-30T20:48:45.4416440Z 
2026-09-30T20:48:45.4417000Z SwiftCompile normal arm64 /Users/runner/work/creator-platform/creator-platform/apps/ios/Sources/QelvoraUI/ThreadComponents.swift (in target 'QelvoraUI' from project 'QelvoraNative')
2026-09-30T20:48:45.4417850Z     cd /Users/runner/work/creator-platform/creator-platform/apps/ios/QelvoraApp.xcodeproj
2026-09-30T20:48:45.4418330Z     builtin-SwiftPerFileCompile ThreadComponents.swift
2026-09-30T20:48:45.4418610Z 
2026-09-30T20:48:45.4419130Z SwiftCompile normal arm64 /Users/runner/work/creator-platform/creator-platform/apps/ios/Sources/QelvoraUI/Trust.swift (in target 'QelvoraUI' from project 'QelvoraNative')
2026-09-30T20:48:45.4419930Z     cd /Users/runner/work/creator-platform/creator-platform/apps/ios/QelvoraApp.xcodeproj
2026-09-30T20:48:45.4420760Z     builtin-SwiftPerFileCompile Trust.swift
2026-09-30T20:48:45.4421040Z 
2026-09-30T20:48:45.4421570Z SwiftCompile normal arm64 /Users/runner/work/creator-platform/creator-platform/apps/ios/Sources/QelvoraUI/Welcome.swift (in target 'QelvoraUI' from project 'QelvoraNative')
2026-09-30T20:48:45.4422360Z     cd /Users/runner/work/creator-platform/creator-platform/apps/ios/QelvoraApp.xcodeproj
2026-09-30T20:48:45.4428840Z     builtin-SwiftPerFileCompile Welcome.swift
2026-09-30T20:48:45.4429890Z 
2026-09-30T20:48:45.4430950Z /Users/runner/work/creator-platform/creator-platform/apps/ios/Sources/QelvoraUI/Overlays.swift:325:21: warning: call to main actor-isolated static method 'post(notification:argument:)' in a synchronous nonisolated context [#ActorIsolatedCall]
2026-09-30T20:48:45.4435320Z 321 | }
2026-09-30T20:48:45.4435540Z 322 | 
2026-09-30T20:48:45.4435790Z 323 | private func announce(_ text: String) {
2026-09-30T20:48:45.4436270Z     |              `- note: add '@MainActor' to make global function 'announce' part of global actor 'MainActor'
2026-09-30T20:48:45.4436720Z 324 |   #if canImport(UIKit)
2026-09-30T20:48:45.4437350Z 325 |     UIAccessibility.post(notification: .announcement, argument: text)
2026-09-30T20:48:45.4444360Z     |                     `- warning: call to main actor-isolated static method 'post(notification:argument:)' in a synchronous nonisolated context [#ActorIsolatedCall]
2026-09-30T20:48:45.4445430Z 326 |   #endif
2026-09-30T20:48:45.4445920Z 327 | }
2026-09-30T20:48:45.4446080Z 
2026-09-30T20:48:45.4447280Z /Applications/Xcode_27.app/Contents/Developer/Platforms/iPhoneSimulator.platform/Developer/SDKs/iPhoneSimulator27.0.sdk/System/Library/Frameworks/UIKit.framework/Headers/UIAccessibility.h:521:19: note: calls to static method 'post(notification:argument:)' from outside of its actor context are implicitly asynchronous
2026-09-30T20:48:45.4448630Z 519 |  See UIAccessibilityConstants.h for a list of notifications.
2026-09-30T20:48:45.4448980Z 520 |  */
2026-09-30T20:48:45.4449770Z 521 | UIKIT_EXTERN void UIAccessibilityPostNotification(UIAccessibilityNotifications notification, __nullable id argument) API_UNAVAILABLE(watchos) NS_SWIFT_UI_ACTOR;
2026-09-30T20:48:45.4450950Z     |                   `- note: calls to static method 'post(notification:argument:)' from outside of its actor context are implicitly asynchronous
2026-09-30T20:48:45.4451670Z 522 | 
2026-09-30T20:48:45.4451820Z 523 | /* 
2026-09-30T20:48:45.4451910Z 
2026-09-30T20:48:45.4452760Z /Users/runner/work/creator-platform/creator-platform/apps/ios/Sources/QelvoraUI/Trust.swift:23:93: warning: no 'async' operations occur within 'await' expression [#UnnecessaryEffectMarker]
2026-09-30T20:48:45.4453410Z  21 |     public let baseURL: URL
2026-09-30T20:48:45.4453660Z  22 |     public let token: @Sendable () async throws -> String?
2026-09-30T20:48:45.4454290Z  23 |     public init(baseURL: URL, token: @escaping @Sendable () async throws -> String? = { try await SecureSessionStorage().read() }) { self.baseURL = baseURL; self.token = token }
2026-09-30T20:48:45.4463020Z     |                                                                                             `- warning: no 'async' operations occur within 'await' expression [#UnnecessaryEffectMarker]
2026-09-30T20:48:45.4463730Z  24 |     fileprivate func request<T: Decodable>(_ path: String, body: Data? = nil) async throws -> T {
2026-09-30T20:48:45.4464330Z  25 |         try JSONDecoder().decode(T.self, from: await bytes(path, body: body))
2026-09-30T20:48:45.4464580Z 
2026-09-30T20:48:45.4464840Z [#ActorIsolatedCall]: <https://docs.swift.org/compiler/documentation/diagnostics/actor-isolated-call>
2026-09-30T20:48:45.4465450Z [#UnnecessaryEffectMarker]: <https://docs.swift.org/compiler/documentation/diagnostics/unnecessary-effect-marker>
2026-09-30T20:48:45.4471540Z SwiftCompile normal arm64 Compiling\ resource_bundle_accessor.swift,\ QelvoraAPI.swift,\ QelvoraCopy.swift,\ QelvoraTokens.swift,\ AccessComponents.swift,\ Catalog.swift,\ CommerceClient.swift,\ CommerceFeature.swift,\ StoreMembership.swift,\ StoreMembershipPane.swift,\ ComponentPreview.swift,\ Controls.swift /Users/runner/Library/Developer/Xcode/DerivedData/QelvoraApp-chovwfzcihvbrjemwlhqppehhyoa/Build/Intermediates.noindex/QelvoraNative.build/Debug-iphonesimulator/QelvoraUI-t.build/DerivedSources/resource_bundle_accessor.swift /Users/runner/work/creator-platform/creator-platform/apps/ios/Sources/Generated/QelvoraAPI.swift /Users/runner/work/creator-platform/creator-platform/apps/ios/Sources/Generated/QelvoraCopy.swift /Users/runner/work/creator-platform/creator-platform/apps/ios/Sources/Generated/QelvoraTokens.swift /Users/runner/work/creator-platform/creator-platform/apps/ios/Sources/QelvoraUI/AccessComponents.swift /Users/runner/work/creator-platform/creator-platform/apps/ios/Sources/QelvoraUI/Catalog.swift /Users/runner/work/creator-platform/creator-platform/apps/ios/Sources/QelvoraUI/Commerce/CommerceClient.swift /Users/runner/work/creator-platform/creator-platform/apps/ios/Sources/QelvoraUI/Commerce/CommerceFeature.swift /Users/runner/work/creator-platform/creator-platform/apps/ios/Sources/QelvoraUI/Commerce/StoreMembership.swift /Users/runner/work/creator-platform/creator-platform/apps/ios/Sources/QelvoraUI/Commerce/StoreMembershipPane.swift /Users/runner/work/creator-platform/creator-platform/apps/ios/Sources/QelvoraUI/ComponentPreview.swift /Users/runner/work/creator-platform/creator-platform/apps/ios/Sources/QelvoraUI/Controls.swift (in target 'QelvoraUI' from project 'QelvoraNative')
2026-09-30T20:48:47.8232830Z 
2026-09-30T20:48:47.8338880Z SwiftCompile normal arm64 /Users/runner/Library/Developer/Xcode/DerivedData/QelvoraApp-chovwfzcihvbrjemwlhqppehhyoa/Build/Intermediates.noindex/QelvoraNative.build/Debug-iphonesimulator/QelvoraUI-t.build/DerivedSources/resource_bundle_accessor.swift (in target 'QelvoraUI' from project 'QelvoraNative')
2026-09-30T20:48:47.8451260Z     cd /Users/runner/work/creator-platform/creator-platform/apps/ios/QelvoraApp.xcodeproj
2026-09-30T20:48:47.8556670Z     builtin-SwiftPerFileCompile resource_bundle_accessor.swift
2026-09-30T20:48:47.8660370Z 
2026-09-30T20:48:47.8762660Z SwiftCompile normal arm64 /Users/runner/work/creator-platform/creator-platform/apps/ios/Sources/Generated/QelvoraAPI.swift (in target 'QelvoraUI' from project 'QelvoraNative')
2026-09-30T20:48:47.8880690Z     cd /Users/runner/work/creator-platform/creator-platform/apps/ios/QelvoraApp.xcodeproj
2026-09-30T20:48:47.9003850Z     builtin-SwiftPerFileCompile QelvoraAPI.swift
2026-09-30T20:48:47.9104790Z 
2026-09-30T20:48:47.9205960Z SwiftCompile normal arm64 /Users/runner/work/creator-platform/creator-platform/apps/ios/Sources/Generated/QelvoraCopy.swift (in target 'QelvoraUI' from project 'QelvoraNative')
2026-09-30T20:48:47.9308090Z     cd /Users/runner/work/creator-platform/creator-platform/apps/ios/QelvoraApp.xcodeproj
2026-09-30T20:48:47.9409250Z     builtin-SwiftPerFileCompile QelvoraCopy.swift
2026-09-30T20:48:47.9509970Z 
2026-09-30T20:48:47.9611030Z SwiftCompile normal arm64 /Users/runner/work/creator-platform/creator-platform/apps/ios/Sources/Generated/QelvoraTokens.swift (in target 'QelvoraUI' from project 'QelvoraNative')
2026-09-30T20:48:47.9712570Z     cd /Users/runner/work/creator-platform/creator-platform/apps/ios/QelvoraApp.xcodeproj
2026-09-30T20:48:47.9813950Z     builtin-SwiftPerFileCompile QelvoraTokens.swift
2026-09-30T20:48:47.9914870Z 
2026-09-30T20:48:48.0016110Z SwiftCompile normal arm64 /Users/runner/work/creator-platform/creator-platform/apps/ios/Sources/QelvoraUI/AccessComponents.swift (in target 'QelvoraUI' from project 'QelvoraNative')
2026-09-30T20:48:48.0117600Z     cd /Users/runner/work/creator-platform/creator-platform/apps/ios/QelvoraApp.xcodeproj
2026-09-30T20:48:48.0219620Z     builtin-SwiftPerFileCompile AccessComponents.swift
2026-09-30T20:48:48.0231320Z 
2026-09-30T20:48:48.0231950Z SwiftCompile normal arm64 /Users/runner/work/creator-platform/creator-platform/apps/ios/Sources/QelvoraUI/Catalog.swift (in target 'QelvoraUI' from project 'QelvoraNative')
2026-09-30T20:48:48.0234120Z     cd /Users/runner/work/creator-platform/creator-platform/apps/ios/QelvoraApp.xcodeproj
2026-09-30T20:48:48.0234530Z     builtin-SwiftPerFileCompile Catalog.swift
2026-09-30T20:48:48.0234690Z 
2026-09-30T20:48:48.0235200Z SwiftCompile normal arm64 /Users/runner/work/creator-platform/creator-platform/apps/ios/Sources/QelvoraUI/Commerce/CommerceClient.swift (in target 'QelvoraUI' from project 'QelvoraNative')
2026-09-30T20:48:48.0236450Z     cd /Users/runner/work/creator-platform/creator-platform/apps/ios/QelvoraApp.xcodeproj
2026-09-30T20:48:48.0236850Z     builtin-SwiftPerFileCompile CommerceClient.swift
2026-09-30T20:48:48.0237030Z 
2026-09-30T20:48:48.0237580Z SwiftCompile normal arm64 /Users/runner/work/creator-platform/creator-platform/apps/ios/Sources/QelvoraUI/Commerce/CommerceFeature.swift (in target 'QelvoraUI' from project 'QelvoraNative')
2026-09-30T20:48:48.0238390Z     cd /Users/runner/work/creator-platform/creator-platform/apps/ios/QelvoraApp.xcodeproj
2026-09-30T20:48:48.0238790Z     builtin-SwiftPerFileCompile CommerceFeature.swift
2026-09-30T20:48:48.0238970Z 
2026-09-30T20:48:48.0239470Z SwiftCompile normal arm64 /Users/runner/work/creator-platform/creator-platform/apps/ios/Sources/QelvoraUI/Commerce/StoreMembership.swift (in target 'QelvoraUI' from project 'QelvoraNative')
2026-09-30T20:48:48.0240520Z     cd /Users/runner/work/creator-platform/creator-platform/apps/ios/QelvoraApp.xcodeproj
2026-09-30T20:48:48.0240950Z     builtin-SwiftPerFileCompile StoreMembership.swift
2026-09-30T20:48:48.0241140Z 
2026-09-30T20:48:48.0241680Z SwiftCompile normal arm64 /Users/runner/work/creator-platform/creator-platform/apps/ios/Sources/QelvoraUI/Commerce/StoreMembershipPane.swift (in target 'QelvoraUI' from project 'QelvoraNative')
2026-09-30T20:48:48.0242550Z     cd /Users/runner/work/creator-platform/creator-platform/apps/ios/QelvoraApp.xcodeproj
2026-09-30T20:48:48.0242950Z     builtin-SwiftPerFileCompile StoreMembershipPane.swift
2026-09-30T20:48:48.0243150Z 
2026-09-30T20:48:48.0243630Z SwiftCompile normal arm64 /Users/runner/work/creator-platform/creator-platform/apps/ios/Sources/QelvoraUI/ComponentPreview.swift (in target 'QelvoraUI' from project 'QelvoraNative')
2026-09-30T20:48:48.0244370Z     cd /Users/runner/work/creator-platform/creator-platform/apps/ios/QelvoraApp.xcodeproj
2026-09-30T20:48:48.0244760Z     builtin-SwiftPerFileCompile ComponentPreview.swift
2026-09-30T20:48:48.0244950Z 
2026-09-30T20:48:48.0245400Z SwiftCompile normal arm64 /Users/runner/work/creator-platform/creator-platform/apps/ios/Sources/QelvoraUI/Controls.swift (in target 'QelvoraUI' from project 'QelvoraNative')
2026-09-30T20:48:48.0246120Z     cd /Users/runner/work/creator-platform/creator-platform/apps/ios/QelvoraApp.xcodeproj
2026-09-30T20:48:48.0246490Z     builtin-SwiftPerFileCompile Controls.swift
2026-09-30T20:48:48.0246650Z 
2026-09-30T20:48:48.0247070Z SwiftDriverJobDiscovery normal arm64 Emitting module for QelvoraUI (in target 'QelvoraUI' from project 'QelvoraNative')
2026-09-30T20:48:48.0247470Z 
2026-09-30T20:48:48.0247860Z SwiftDriver\ Compilation\ Requirements QelvoraUI normal arm64 com.apple.xcode.tools.swift.compiler (in target 'QelvoraUI' from project 'QelvoraNative')
2026-09-30T20:48:48.0248520Z     cd /Users/runner/work/creator-platform/creator-platform/apps/ios/QelvoraApp.xcodeproj
2026-09-30T20:48:48.0265250Z     builtin-Swift-Compilation-Requirements -- /Applications/Xcode_27.app/Contents/Developer/Toolchains/XcodeDefault.xctoolchain/usr/bin/swiftc -parse-as-library -module-name QelvoraUI -Onone @/Users/runner/Library/Developer/Xcode/DerivedData/QelvoraApp-chovwfzcihvbrjemwlhqppehhyoa/Build/Intermediates.noindex/QelvoraNative.build/Debug-iphonesimulator/QelvoraUI-t.build/Objects-normal/arm64/QelvoraUI.SwiftFileList -DSWIFT_PACKAGE -DDEBUG -DSWIFT_MODULE_RESOURCE_BUNDLE_AVAILABLE -DXcode -plugin-path /Applications/Xcode_27.app/Contents/Developer/Toolchains/XcodeDefault.xctoolchain/usr/lib/swift/host/plugins/testing -enable-experimental-feature DebugDescriptionMacro -sdk /Applications/Xcode_27.app/Contents/Developer/Platforms/iPhoneSimulator.platform/Developer/SDKs/iPhoneSimulator27.0.sdk -target arm64-apple-ios17.0-simulator -g -module-cache-path /Users/runner/Library/Developer/Xcode/DerivedData/ModuleCache.noindex -Xfrontend -serialize-debugging-options -enable-testing -index-store-path /Users/runner/Library/Developer/Xcode/DerivedData/QelvoraApp-chovwfzcihvbrjemwlhqppehhyoa/Index.noindex/DataStore -Xcc -D_LIBCPP_HARDENING_MODE\=_LIBCPP_HARDENING_MODE_DEBUG -swift-version 6 -I /Users/runner/Library/Developer/Xcode/DerivedData/QelvoraApp-chovwfzcihvbrjemwlhqppehhyoa/Build/Products/Debug-iphonesimulator -Isystem /Applications/Xcode_27.app/Contents/Developer/Platforms/iPhoneSimulator.platform/Developer/usr/lib -F /Users/runner/Library/Developer/Xcode/DerivedData/QelvoraApp-chovwfzcihvbrjemwlhqppehhyoa/Build/Products/Debug-iphonesimulator -F /Applications/Xcode_27.app/Contents/Developer/Platforms/iPhoneSimulator.platform/Developer/Library/Frameworks -F /Applications/Xcode_27.app/Contents/Developer/Platforms/iPhoneSimulator.platform/Developer/SDKs/iPhoneSimulator27.0.sdk/Developer/Library/Frameworks -c -j3 -enable-batch-mode -incremental -Xcc -ivfsstatcache -Xcc /Users/runner/Library/Developer/Xcode/DerivedData/SDKStatCaches.noindex/iphonesimulator27.0-24A430-155dc1fa6e968f55248c4516efa38917.sdkstatcache -output-file-map /Users/runner/Library/Developer/Xcode/DerivedData/QelvoraApp-chovwfzcihvbrjemwlhqppehhyoa/Build/Intermediates.noindex/QelvoraNative.build/Debug-iphonesimulator/QelvoraUI-t.build/Objects-normal/arm64/QelvoraUI-OutputFileMap.json -save-temps -no-color-diagnostics -explicit-module-build -module-cache-path /Users/runner/Library/Developer/Xcode/DerivedData/QelvoraApp-chovwfzcihvbrjemwlhqppehhyoa/Build/Intermediates.noindex/SwiftExplicitPrecompiledModules -clang-scanner-module-cache-path /Users/runner/Library/Developer/Xcode/DerivedData/ModuleCache.noindex -sdk-module-cache-path /Users/runner/Library/Developer/Xcode/DerivedData/SDKExplicitPrecompiledModules -emit-dependencies -emit-module -emit-module-path /Users/runner/Library/Developer/Xcode/DerivedData/QelvoraApp-chovwfzcihvbrjemwlhqppehhyoa/Build/Intermediates.noindex/QelvoraNative.build/Debug-iphonesimulator/QelvoraUI-t.build/Objects-normal/arm64/QelvoraUI.swiftmodule -serialize-diagnostics -dependency-scan-serialize-diagnostics-path /Users/runner/Library/Developer/Xcode/DerivedData/QelvoraApp-chovwfzcihvbrjemwlhqppehhyoa/Build/Intermediates.noindex/QelvoraNative.build/Debug-iphonesimulator/QelvoraUI-t.build/Objects-normal/arm64/QelvoraUI-dependency-scan.dia -validate-clang-modules-once -clang-build-session-file /Users/runner/Library/Developer/Xcode/DerivedData/ModuleCache.noindex/Session.modulevalidation -Xcc -fmodules-prune-interval\=86400 -Xcc -fmodules-prune-after\=345600 -package-name ios -emit-const-values -const-gather-protocols-list /Users/runner/Library/Developer/Xcode/DerivedData/QelvoraApp-chovwfzcihvbrjemwlhqppehhyoa/Build/Intermediates.noindex/QelvoraNative.build/Debug-iphonesimulator/QelvoraUI-t.build/Objects-normal/arm64/QelvoraUI_const_extract_protocols.json -Xcc -I/Users/runner/Library/Developer/Xcode/DerivedData/QelvoraApp-chovwfzcihvbrjemwlhqppehhyoa/Build/Products/Debug-iphonesimulator/include -Xcc -I/Users/runner/Library/Developer/Xcode/DerivedData/QelvoraApp-chovwfzcihvbrjemwlhqppehhyoa/Build/Intermediates.noindex/QelvoraNative.build/Debug-iphonesimulator/QelvoraUI-t.build/DerivedSources-normal/arm64 -Xcc -I/Users/runner/Library/Developer/Xcode/DerivedData/QelvoraApp-chovwfzcihvbrjemwlhqppehhyoa/Build/Intermediates.noindex/QelvoraNative.build/Debug-iphonesimulator/QelvoraUI-t.build/DerivedSources/arm64 -Xcc -I/Users/runner/Library/Developer/Xcode/DerivedData/QelvoraApp-chovwfzcihvbrjemwlhqppehhyoa/Build/Intermediates.noindex/QelvoraNative.build/Debug-iphonesimulator/QelvoraUI-t.build/DerivedSources -Xcc -DSWIFT_PACKAGE -Xcc -DDEBUG\=1 -emit-objc-header -emit-objc-header-path /Users/runner/Library/Developer/Xcode/DerivedData/QelvoraApp-chovwfzcihvbrjemwlhqppehhyoa/Build/Intermediates.noindex/QelvoraNative.build/Debug-iphonesimulator/QelvoraUI-t.build/Objects-normal/arm64/QelvoraUI-Swift.h -working-directory /Users/runner/work/creator-platform/creator-platform/apps/ios/QelvoraApp.xcodeproj -experimental-emit-module-separately -disable-cmo
2026-09-30T20:48:48.0282840Z 
2026-09-30T20:48:48.0283860Z SwiftDriverJobDiscovery normal arm64 Compiling Conversation.swift, CredentialSettings.swift, DeliveryProtocol.swift, FanShell.swift, Glyph.swift, Growth.swift, GrowthPreferences.swift, Identity.swift, NativeCallCoordinator.swift, NativeCallOffers.swift, NativeCallView.swift, NativeMediaClient.swift (in target 'QelvoraUI' from project 'QelvoraNative')
2026-09-30T20:48:48.0285120Z 
2026-09-30T20:48:48.0286610Z SwiftMergeGeneratedHeaders /Users/runner/Library/Developer/Xcode/DerivedData/QelvoraApp-chovwfzcihvbrjemwlhqppehhyoa/Build/Intermediates.noindex/GeneratedModuleMaps-iphonesimulator/QelvoraUI-Swift.h /Users/runner/Library/Developer/Xcode/DerivedData/QelvoraApp-chovwfzcihvbrjemwlhqppehhyoa/Build/Intermediates.noindex/QelvoraNative.build/Debug-iphonesimulator/QelvoraUI-t.build/Objects-normal/arm64/QelvoraUI-Swift.h (in target 'QelvoraUI' from project 'QelvoraNative')
2026-09-30T20:48:48.0288410Z     cd /Users/runner/work/creator-platform/creator-platform/apps/ios
2026-09-30T20:48:48.0290000Z     builtin-swiftHeaderTool -arch arm64 /Users/runner/Library/Developer/Xcode/DerivedData/QelvoraApp-chovwfzcihvbrjemwlhqppehhyoa/Build/Intermediates.noindex/QelvoraNative.build/Debug-iphonesimulator/QelvoraUI-t.build/Objects-normal/arm64/QelvoraUI-Swift.h -o /Users/runner/Library/Developer/Xcode/DerivedData/QelvoraApp-chovwfzcihvbrjemwlhqppehhyoa/Build/Intermediates.noindex/GeneratedModuleMaps-iphonesimulator/QelvoraUI-Swift.h
2026-09-30T20:48:48.0291480Z 
2026-09-30T20:48:48.0292920Z Copy /Users/runner/Library/Developer/Xcode/DerivedData/QelvoraApp-chovwfzcihvbrjemwlhqppehhyoa/Build/Products/Debug-iphonesimulator/QelvoraUI.swiftmodule/arm64-apple-ios-simulator.swiftmodule /Users/runner/Library/Developer/Xcode/DerivedData/QelvoraApp-chovwfzcihvbrjemwlhqppehhyoa/Build/Intermediates.noindex/QelvoraNative.build/Debug-iphonesimulator/QelvoraUI-t.build/Objects-normal/arm64/QelvoraUI.swiftmodule (in target 'QelvoraUI' from project 'QelvoraNative')
2026-09-30T20:48:48.0294640Z     cd /Users/runner/work/creator-platform/creator-platform/apps/ios
2026-09-30T20:48:48.0296570Z     builtin-copy -exclude .DS_Store -exclude CVS -exclude .svn -exclude .git -exclude .hg -resolve-src-symlinks -rename /Users/runner/Library/Developer/Xcode/DerivedData/QelvoraApp-chovwfzcihvbrjemwlhqppehhyoa/Build/Intermediates.noindex/QelvoraNative.build/Debug-iphonesimulator/QelvoraUI-t.build/Objects-normal/arm64/QelvoraUI.swiftmodule /Users/runner/Library/Developer/Xcode/DerivedData/QelvoraApp-chovwfzcihvbrjemwlhqppehhyoa/Build/Products/Debug-iphonesimulator/QelvoraUI.swiftmodule/arm64-apple-ios-simulator.swiftmodule
2026-09-30T20:48:48.0298270Z 
2026-09-30T20:48:48.0299700Z Copy /Users/runner/Library/Developer/Xcode/DerivedData/QelvoraApp-chovwfzcihvbrjemwlhqppehhyoa/Build/Products/Debug-iphonesimulator/QelvoraUI.swiftmodule/arm64-apple-ios-simulator.swiftdoc /Users/runner/Library/Developer/Xcode/DerivedData/QelvoraApp-chovwfzcihvbrjemwlhqppehhyoa/Build/Intermediates.noindex/QelvoraNative.build/Debug-iphonesimulator/QelvoraUI-t.build/Objects-normal/arm64/QelvoraUI.swiftdoc (in target 'QelvoraUI' from project 'QelvoraNative')
2026-09-30T20:48:48.0301460Z     cd /Users/runner/work/creator-platform/creator-platform/apps/ios
2026-09-30T20:48:48.0303350Z     builtin-copy -exclude .DS_Store -exclude CVS -exclude .svn -exclude .git -exclude .hg -resolve-src-symlinks -rename /Users/runner/Library/Developer/Xcode/DerivedData/QelvoraApp-chovwfzcihvbrjemwlhqppehhyoa/Build/Intermediates.noindex/QelvoraNative.build/Debug-iphonesimulator/QelvoraUI-t.build/Objects-normal/arm64/QelvoraUI.swiftdoc /Users/runner/Library/Developer/Xcode/DerivedData/QelvoraApp-chovwfzcihvbrjemwlhqppehhyoa/Build/Products/Debug-iphonesimulator/QelvoraUI.swiftmodule/arm64-apple-ios-simulator.swiftdoc
2026-09-30T20:48:48.0304910Z 
2026-09-30T20:48:48.0305990Z SwiftDriverJobDiscovery normal arm64 Compiling NativeVoiceRecorder.swift, W6FanFeatures.swift, Navigation.swift, Overlays.swift, PasskeyCeremony.swift, SessionStorage.swift, StudioComponents.swift, Theme.swift, ThreadComponents.swift, Trust.swift, Welcome.swift (in target 'QelvoraUI' from project 'QelvoraNative')
2026-09-30T20:48:48.0307160Z 
2026-09-30T20:48:48.0308480Z Copy /Users/runner/Library/Developer/Xcode/DerivedData/QelvoraApp-chovwfzcihvbrjemwlhqppehhyoa/Build/Products/Debug-iphonesimulator/QelvoraUI.swiftmodule/arm64-apple-ios-simulator.abi.json /Users/runner/Library/Developer/Xcode/DerivedData/QelvoraApp-chovwfzcihvbrjemwlhqppehhyoa/Build/Intermediates.noindex/QelvoraNative.build/Debug-iphonesimulator/QelvoraUI-t.build/Objects-normal/arm64/QelvoraUI.abi.json (in target 'QelvoraUI' from project 'QelvoraNative')
2026-09-30T20:48:48.0310090Z     cd /Users/runner/work/creator-platform/creator-platform/apps/ios
2026-09-30T20:48:48.0311980Z     builtin-copy -exclude .DS_Store -exclude CVS -exclude .svn -exclude .git -exclude .hg -resolve-src-symlinks -rename /Users/runner/Library/Developer/Xcode/DerivedData/QelvoraApp-chovwfzcihvbrjemwlhqppehhyoa/Build/Intermediates.noindex/QelvoraNative.build/Debug-iphonesimulator/QelvoraUI-t.build/Objects-normal/arm64/QelvoraUI.abi.json /Users/runner/Library/Developer/Xcode/DerivedData/QelvoraApp-chovwfzcihvbrjemwlhqppehhyoa/Build/Products/Debug-iphonesimulator/QelvoraUI.swiftmodule/arm64-apple-ios-simulator.abi.json
2026-09-30T20:48:48.0313620Z 
2026-09-30T20:48:48.0315160Z Copy /Users/runner/Library/Developer/Xcode/DerivedData/QelvoraApp-chovwfzcihvbrjemwlhqppehhyoa/Build/Products/Debug-iphonesimulator/QelvoraUI.swiftmodule/Project/arm64-apple-ios-simulator.swiftsourceinfo /Users/runner/Library/Developer/Xcode/DerivedData/QelvoraApp-chovwfzcihvbrjemwlhqppehhyoa/Build/Intermediates.noindex/QelvoraNative.build/Debug-iphonesimulator/QelvoraUI-t.build/Objects-normal/arm64/QelvoraUI.swiftsourceinfo (in target 'QelvoraUI' from project 'QelvoraNative')
2026-09-30T20:48:48.0316910Z     cd /Users/runner/work/creator-platform/creator-platform/apps/ios
2026-09-30T20:48:48.0318920Z     builtin-copy -exclude .DS_Store -exclude CVS -exclude .svn -exclude .git -exclude .hg -resolve-src-symlinks -rename /Users/runner/Library/Developer/Xcode/DerivedData/QelvoraApp-chovwfzcihvbrjemwlhqppehhyoa/Build/Intermediates.noindex/QelvoraNative.build/Debug-iphonesimulator/QelvoraUI-t.build/Objects-normal/arm64/QelvoraUI.swiftsourceinfo /Users/runner/Library/Developer/Xcode/DerivedData/QelvoraApp-chovwfzcihvbrjemwlhqppehhyoa/Build/Products/Debug-iphonesimulator/QelvoraUI.swiftmodule/Project/arm64-apple-ios-simulator.swiftsourceinfo
2026-09-30T20:48:48.0320590Z 
2026-09-30T20:48:48.0321390Z ProcessProductPackaging "" /Users/runner/Library/Developer/Xcode/DerivedData/QelvoraApp-chovwfzcihvbrjemwlhqppehhyoa/Build/Intermediates.noindex/QelvoraApp.build/Debug-iphonesimulator/QelvoraApp.build/QelvoraApp.app-Simulated.xcent (in target 'QelvoraApp' from project 'QelvoraApp')
2026-09-30T20:48:48.0322400Z     cd /Users/runner/work/creator-platform/creator-platform/apps/ios
2026-09-30T20:48:48.0322660Z     
2026-09-30T20:48:48.0322790Z     Entitlements:
2026-09-30T20:48:48.0322920Z     
2026-09-30T20:48:48.0323030Z     {
2026-09-30T20:48:48.0323250Z     "application-identifier" = "FAKETEAMID.com.pantopus.qelvora";
2026-09-30T20:48:48.0323520Z }
2026-09-30T20:48:48.0323630Z     
2026-09-30T20:48:48.0324460Z     builtin-productPackagingUtility -entitlements -format xml -o /Users/runner/Library/Developer/Xcode/DerivedData/QelvoraApp-chovwfzcihvbrjemwlhqppehhyoa/Build/Intermediates.noindex/QelvoraApp.build/Debug-iphonesimulator/QelvoraApp.build/QelvoraApp.app-Simulated.xcent
2026-09-30T20:48:48.0325290Z 
2026-09-30T20:48:48.0326870Z ProcessProductPackagingDER /Users/runner/Library/Developer/Xcode/DerivedData/QelvoraApp-chovwfzcihvbrjemwlhqppehhyoa/Build/Intermediates.noindex/QelvoraApp.build/Debug-iphonesimulator/QelvoraApp.build/QelvoraApp.app-Simulated.xcent /Users/runner/Library/Developer/Xcode/DerivedData/QelvoraApp-chovwfzcihvbrjemwlhqppehhyoa/Build/Intermediates.noindex/QelvoraApp.build/Debug-iphonesimulator/QelvoraApp.build/QelvoraApp.app-Simulated.xcent.der (in target 'QelvoraApp' from project 'QelvoraApp')
2026-09-30T20:48:48.0328530Z     cd /Users/runner/work/creator-platform/creator-platform/apps/ios
2026-09-30T20:48:48.0330060Z     /usr/bin/derq query -f xml -i /Users/runner/Library/Developer/Xcode/DerivedData/QelvoraApp-chovwfzcihvbrjemwlhqppehhyoa/Build/Intermediates.noindex/QelvoraApp.build/Debug-iphonesimulator/QelvoraApp.build/QelvoraApp.app-Simulated.xcent -o /Users/runner/Library/Developer/Xcode/DerivedData/QelvoraApp-chovwfzcihvbrjemwlhqppehhyoa/Build/Intermediates.noindex/QelvoraApp.build/Debug-iphonesimulator/QelvoraApp.build/QelvoraApp.app-Simulated.xcent.der --raw
2026-09-30T20:48:48.0331540Z 
2026-09-30T20:48:48.0331850Z SwiftDriver QelvoraApp normal arm64 com.apple.xcode.tools.swift.compiler (in target 'QelvoraApp' from project 'QelvoraApp')
2026-09-30T20:48:48.0332370Z     cd /Users/runner/work/creator-platform/creator-platform/apps/ios
2026-09-30T20:48:48.0349990Z     builtin-SwiftDriver -- /Applications/Xcode_27.app/Contents/Developer/Toolchains/XcodeDefault.xctoolchain/usr/bin/swiftc -module-name QelvoraApp -Onone @/Users/runner/Library/Developer/Xcode/DerivedData/QelvoraApp-chovwfzcihvbrjemwlhqppehhyoa/Build/Intermediates.noindex/QelvoraApp.build/Debug-iphonesimulator/QelvoraApp.build/Objects-normal/arm64/QelvoraApp.SwiftFileList -DDEBUG -enable-experimental-feature DebugDescriptionMacro -sdk /Applications/Xcode_27.app/Contents/Developer/Platforms/iPhoneSimulator.platform/Developer/SDKs/iPhoneSimulator27.0.sdk -target arm64-apple-ios17.0-simulator -g -module-cache-path /Users/runner/Library/Developer/Xcode/DerivedData/ModuleCache.noindex -Xfrontend -serialize-debugging-options -enable-testing -index-store-path /Users/runner/Library/Developer/Xcode/DerivedData/QelvoraApp-chovwfzcihvbrjemwlhqppehhyoa/Index.noindex/DataStore -Xcc -D_LIBCPP_HARDENING_MODE\=_LIBCPP_HARDENING_MODE_DEBUG -swift-version 6 -I /Users/runner/Library/Developer/Xcode/DerivedData/QelvoraApp-chovwfzcihvbrjemwlhqppehhyoa/Build/Products/Debug-iphonesimulator -F /Users/runner/Library/Developer/Xcode/DerivedData/QelvoraApp-chovwfzcihvbrjemwlhqppehhyoa/Build/Products/Debug-iphonesimulator/PackageFrameworks -F /Users/runner/Library/Developer/Xcode/DerivedData/QelvoraApp-chovwfzcihvbrjemwlhqppehhyoa/Build/Products/Debug-iphonesimulator -parse-as-library -c -j3 -enable-batch-mode -incremental -Xcc -ivfsstatcache -Xcc /Users/runner/Library/Developer/Xcode/DerivedData/SDKStatCaches.noindex/iphonesimulator27.0-24A430-155dc1fa6e968f55248c4516efa38917.sdkstatcache -output-file-map /Users/runner/Library/Developer/Xcode/DerivedData/QelvoraApp-chovwfzcihvbrjemwlhqppehhyoa/Build/Intermediates.noindex/QelvoraApp.build/Debug-iphonesimulator/QelvoraApp.build/Objects-normal/arm64/QelvoraApp-OutputFileMap.json -save-temps -no-color-diagnostics -explicit-module-build -module-cache-path /Users/runner/Library/Developer/Xcode/DerivedData/QelvoraApp-chovwfzcihvbrjemwlhqppehhyoa/Build/Intermediates.noindex/SwiftExplicitPrecompiledModules -clang-scanner-module-cache-path /Users/runner/Library/Developer/Xcode/DerivedData/ModuleCache.noindex -sdk-module-cache-path /Users/runner/Library/Developer/Xcode/DerivedData/SDKExplicitPrecompiledModules -emit-dependencies -emit-module -emit-module-path /Users/runner/Library/Developer/Xcode/DerivedData/QelvoraApp-chovwfzcihvbrjemwlhqppehhyoa/Build/Intermediates.noindex/QelvoraApp.build/Debug-iphonesimulator/QelvoraApp.build/Objects-normal/arm64/QelvoraApp.swiftmodule -serialize-diagnostics -dependency-scan-serialize-diagnostics-path /Users/runner/Library/Developer/Xcode/DerivedData/QelvoraApp-chovwfzcihvbrjemwlhqppehhyoa/Build/Intermediates.noindex/QelvoraApp.build/Debug-iphonesimulator/QelvoraApp.build/Objects-normal/arm64/QelvoraApp-dependency-scan.dia -validate-clang-modules-once -clang-build-session-file /Users/runner/Library/Developer/Xcode/DerivedData/ModuleCache.noindex/Session.modulevalidation -Xcc -fmodules-prune-interval\=86400 -Xcc -fmodules-prune-after\=345600 -emit-const-values -const-gather-protocols-list /Users/runner/Library/Developer/Xcode/DerivedData/QelvoraApp-chovwfzcihvbrjemwlhqppehhyoa/Build/Intermediates.noindex/QelvoraApp.build/Debug-iphonesimulator/QelvoraApp.build/Objects-normal/arm64/QelvoraApp_const_extract_protocols.json -Xcc -iquote -Xcc /Users/runner/Library/Developer/Xcode/DerivedData/QelvoraApp-chovwfzcihvbrjemwlhqppehhyoa/Build/Intermediates.noindex/QelvoraApp.build/Debug-iphonesimulator/QelvoraApp.build/QelvoraApp-generated-files.hmap -Xcc -I/Users/runner/Library/Developer/Xcode/DerivedData/QelvoraApp-chovwfzcihvbrjemwlhqppehhyoa/Build/Intermediates.noindex/QelvoraApp.build/Debug-iphonesimulator/QelvoraApp.build/QelvoraApp-own-target-headers.hmap -Xcc -I/Users/runner/Library/Developer/Xcode/DerivedData/QelvoraApp-chovwfzcihvbrjemwlhqppehhyoa/Build/Intermediates.noindex/QelvoraApp.build/Debug-iphonesimulator/QelvoraApp.build/QelvoraApp-all-non-framework-target-headers.hmap -Xcc -ivfsoverlay -Xcc /Users/runner/Library/Developer/Xcode/DerivedData/QelvoraApp-chovwfzcihvbrjemwlhqppehhyoa/Build/Intermediates.noindex/QelvoraApp.build/Debug-iphonesimulator/QelvoraApp-29b244ef777fcfbcbef7f347c6fce175-VFS-iphonesimulator/all-product-headers.yaml -Xcc -iquote -Xcc /Users/runner/Library/Developer/Xcode/DerivedData/QelvoraApp-chovwfzcihvbrjemwlhqppehhyoa/Build/Intermediates.noindex/QelvoraApp.build/Debug-iphonesimulator/QelvoraApp.build/QelvoraApp-project-headers.hmap -Xcc -I/Users/runner/Library/Developer/Xcode/DerivedData/QelvoraApp-chovwfzcihvbrjemwlhqppehhyoa/Build/Products/Debug-iphonesimulator/include -Xcc -I/Users/runner/Library/Developer/Xcode/DerivedData/QelvoraApp-chovwfzcihvbrjemwlhqppehhyoa/Build/Intermediates.noindex/QelvoraApp.build/Debug-iphonesimulator/QelvoraApp.build/DerivedSources-normal/arm64 -Xcc -I/Users/runner/Library/Developer/Xcode/DerivedData/QelvoraApp-chovwfzcihvbrjemwlhqppehhyoa/Build/Intermediates.noindex/QelvoraApp.build/Debug-iphonesimulator/QelvoraApp.build/DerivedSources/arm64 -Xcc -I/Users/runner/Library/Developer/Xcode/DerivedData/QelvoraApp-chovwfzcihvbrjemwlhqppehhyoa/Build/Intermediates.noindex/QelvoraApp.build/Debug-iphonesimulator/QelvoraApp.build/DerivedSources -Xcc -DDEBUG\=1 -emit-objc-header -emit-objc-header-path /Users/runner/Library/Developer/Xcode/DerivedData/QelvoraApp-chovwfzcihvbrjemwlhqppehhyoa/Build/Intermediates.noindex/QelvoraApp.build/Debug-iphonesimulator/QelvoraApp.build/Objects-normal/arm64/QelvoraApp-Swift.h -working-directory /Users/runner/work/creator-platform/creator-platform/apps/ios -experimental-emit-module-separately -disable-cmo
2026-09-30T20:48:48.0368640Z 
2026-09-30T20:48:48.0369110Z SwiftExplicitDependencyGeneratePcm arm64 /Users/runner/Library/Developer/Xcode/DerivedData/SDKExplicitPrecompiledModules/ptrauth-BPFV96NWR537GCSF383752IKC.pcm
2026-09-30T20:48:48.0369640Z 
2026-09-30T20:48:48.0370100Z SwiftExplicitDependencyGeneratePcm arm64 /Users/runner/Library/Developer/Xcode/DerivedData/SDKExplicitPrecompiledModules/_Builtin_stddef-7VRST0YMRVU45KUV3FN0ZT462.pcm
2026-09-30T20:48:48.0370650Z 
2026-09-30T20:48:48.0371110Z SwiftExplicitDependencyGeneratePcm arm64 /Users/runner/Library/Developer/Xcode/DerivedData/SDKExplicitPrecompiledModules/_Builtin_stdarg-1QDAPQ0XE54WUB35ACG59CP9S.pcm
2026-09-30T20:48:48.0371640Z 
2026-09-30T20:48:48.0372080Z SwiftExplicitDependencyGeneratePcm arm64 /Users/runner/Library/Developer/Xcode/DerivedData/SDKExplicitPrecompiledModules/SwiftShims-5XP1F2Y1WDPE3O93X1GSKRQII.pcm
2026-09-30T20:48:48.0372610Z 
2026-09-30T20:48:48.0373070Z SwiftExplicitDependencyGeneratePcm arm64 /Users/runner/Library/Developer/Xcode/DerivedData/SDKExplicitPrecompiledModules/_Builtin_stdbool-3HFUWADJDZI9T4F2JKVTO0H7Q.pcm
2026-09-30T20:48:48.0373610Z 
2026-09-30T20:48:48.0374120Z SwiftExplicitDependencyGeneratePcm arm64 /Users/runner/Library/Developer/Xcode/DerivedData/SDKExplicitPrecompiledModules/DeveloperToolsSupport-72HRG5BEO6LWHIMUYAVDGPBX0.pcm
2026-09-30T20:48:48.0374750Z 
2026-09-30T20:48:48.0375700Z SwiftExplicitDependencyGeneratePcm arm64 /Users/runner/Library/Developer/Xcode/DerivedData/SDKExplicitPrecompiledModules/ptrcheck-E39BKGOU7YU94OOISV08VM1YY.pcm
2026-09-30T20:48:48.0376350Z 
2026-09-30T20:48:48.0376990Z SwiftExplicitDependencyGeneratePcm arm64 /Users/runner/Library/Developer/Xcode/DerivedData/SDKExplicitPrecompiledModules/_Builtin_float-E168L0WLFNDJ94CXHZ58OWI75.pcm
2026-09-30T20:48:48.0377630Z 
2026-09-30T20:48:48.0378110Z SwiftExplicitDependencyGeneratePcm arm64 /Users/runner/Library/Developer/Xcode/DerivedData/SDKExplicitPrecompiledModules/_SwiftConcurrencyShims-723RTY7NM5VOIUDJZBSG4BO1J.pcm
2026-09-30T20:48:48.0378680Z 
2026-09-30T20:48:48.0379140Z SwiftExplicitDependencyGeneratePcm arm64 /Users/runner/Library/Developer/Xcode/DerivedData/SDKExplicitPrecompiledModules/_StoreKit_SwiftUI-1L08PHAHS1BP742PCQK249LLI.pcm
2026-09-30T20:48:48.0379670Z 
2026-09-30T20:48:48.0380150Z SwiftExplicitDependencyGeneratePcm arm64 /Users/runner/Library/Developer/Xcode/DerivedData/SDKExplicitPrecompiledModules/_AvailabilityInternal-4TIMNRPBJBMLU4USVO1MQ00CR.pcm
2026-09-30T20:48:48.0380710Z 
2026-09-30T20:48:48.0381670Z SwiftExplicitDependencyGeneratePcm arm64 /Users/runner/Library/Developer/Xcode/DerivedData/SDKExplicitPrecompiledModules/_DarwinFoundation1-7K97PKFOM9FJK74XBT3S5M1ZX.pcm
2026-09-30T20:48:48.0382280Z 
2026-09-30T20:48:48.0382770Z SwiftExplicitDependencyGeneratePcm arm64 /Users/runner/Library/Developer/Xcode/DerivedData/SDKExplicitPrecompiledModules/ExtensionFoundation-EII1UQ5YC33CRSM47WQC4AEUQ.pcm
2026-09-30T20:48:48.0383340Z 
2026-09-30T20:48:48.0383820Z SwiftExplicitDependencyGeneratePcm arm64 /Users/runner/Library/Developer/Xcode/DerivedData/SDKExplicitPrecompiledModules/_DarwinFoundation2-9D5KZBUU11PG5CH7JAX1IM8OF.pcm
2026-09-30T20:48:48.0384360Z 
2026-09-30T20:48:48.0384820Z SwiftExplicitDependencyGeneratePcm arm64 /Users/runner/Library/Developer/Xcode/DerivedData/SDKExplicitPrecompiledModules/_Builtin_limits-F3GS5ROTJ9HDJQ2MF8JR37BFG.pcm
2026-09-30T20:48:48.0385350Z 
2026-09-30T20:48:48.0385810Z SwiftExplicitDependencyGeneratePcm arm64 /Users/runner/Library/Developer/Xcode/DerivedData/SDKExplicitPrecompiledModules/sys_types-5FOERXDYB2PRL7SPM1TF5LXEW.pcm
2026-09-30T20:48:48.0386330Z 
2026-09-30T20:48:48.0386760Z SwiftExplicitDependencyGeneratePcm arm64 /Users/runner/Library/Developer/Xcode/DerivedData/SDKExplicitPrecompiledModules/string_h-1SZPLBIWJ52RY7AS9M59U0AC1.pcm
2026-09-30T20:48:48.0387270Z 
2026-09-30T20:48:48.0387730Z SwiftExplicitDependencyGeneratePcm arm64 /Users/runner/Library/Developer/Xcode/DerivedData/SDKExplicitPrecompiledModules/_Builtin_tgmath-72TOX25EZKW0QRI58ZWI3S0O9.pcm
2026-09-30T20:48:48.0388260Z 
2026-09-30T20:48:48.0388710Z SwiftExplicitDependencyGeneratePcm arm64 /Users/runner/Library/Developer/Xcode/DerivedData/SDKExplicitPrecompiledModules/_Builtin_stdint-5CR6TPNYRWEJZIGC79H6O0WCY.pcm
2026-09-30T20:48:48.0389240Z 
2026-09-30T20:48:48.0389710Z SwiftExplicitDependencyGeneratePcm arm64 /Users/runner/Library/Developer/Xcode/DerivedData/SDKExplicitPrecompiledModules/_Builtin_stdatomic-B4U4OSEPUHI98SEF1SYN21R25.pcm
2026-09-30T20:48:48.0390260Z 
2026-09-30T20:48:48.0390730Z SwiftExplicitDependencyGeneratePcm arm64 /Users/runner/Library/Developer/Xcode/DerivedData/SDKExplicitPrecompiledModules/_Builtin_intrinsics-E9K837EFCLNDRCT1113MW3FO0.pcm
2026-09-30T20:48:48.0391280Z 
2026-09-30T20:48:48.0392080Z SwiftExplicitDependencyGeneratePcm arm64 /Users/runner/Library/Developer/Xcode/DerivedData/SDKExplicitPrecompiledModules/_DarwinFoundation3-2I25X2JUOU5BEKX7D7QI7H0XJ.pcm
2026-09-30T20:48:48.0392640Z 
2026-09-30T20:48:48.0393100Z SwiftExplicitDependencyGeneratePcm arm64 /Users/runner/Library/Developer/Xcode/DerivedData/SDKExplicitPrecompiledModules/_Builtin_inttypes-EE4HCNLGNLS8DDDPY4GHT54JH.pcm
2026-09-30T20:48:48.0393630Z 
2026-09-30T20:48:48.0394060Z SwiftExplicitDependencyGeneratePcm arm64 /Users/runner/Library/Developer/Xcode/DerivedData/SDKExplicitPrecompiledModules/Darwin-5V1Y096X8HQ40W73BJ6PITZSB.pcm
2026-09-30T20:48:48.0394560Z 
2026-09-30T20:48:48.0395220Z SwiftExplicitDependencyGeneratePcm arm64 /Users/runner/Library/Developer/Xcode/DerivedData/SDKExplicitPrecompiledModules/simd-AZ0XXQUMHYONUGBMEVJTX5PXR.pcm
2026-09-30T20:48:48.0395750Z 
2026-09-30T20:48:48.0396190Z SwiftExplicitDependencyGeneratePcm arm64 /Users/runner/Library/Developer/Xcode/DerivedData/SDKExplicitPrecompiledModules/ObjectiveC-62ED77M6R318DSS15AWU4RD3Z.pcm
2026-09-30T20:48:48.0396840Z 
2026-09-30T20:48:48.0397260Z SwiftExplicitDependencyGeneratePcm arm64 /Users/runner/Library/Developer/Xcode/DerivedData/SDKExplicitPrecompiledModules/MachO-5ILQ8U5EEJZJFXI2QD8DT8LCT.pcm
2026-09-30T20:48:48.0397760Z 
2026-09-30T20:48:48.0398200Z SwiftExplicitDependencyGeneratePcm arm64 /Users/runner/Library/Developer/Xcode/DerivedData/SDKExplicitPrecompiledModules/os_object-1DDEO0GU9T61PW5EXJOA7FLF1.pcm
2026-09-30T20:48:48.0398720Z 
2026-09-30T20:48:48.0399150Z SwiftExplicitDependencyGeneratePcm arm64 /Users/runner/Library/Developer/Xcode/DerivedData/SDKExplicitPrecompiledModules/Spatial-75ACTVFAYOF2X078IFA58YYF0.pcm
2026-09-30T20:48:48.0399650Z 
2026-09-30T20:48:48.0400110Z SwiftExplicitDependencyGeneratePcm arm64 /Users/runner/Library/Developer/Xcode/DerivedData/SDKExplicitPrecompiledModules/os_workgroup-EFFFGHSOOQT4Z6B7CQMDKOLN1.pcm
2026-09-30T20:48:48.0400640Z 
2026-09-30T20:48:48.0401070Z SwiftExplicitDependencyGeneratePcm arm64 /Users/runner/Library/Developer/Xcode/DerivedData/SDKExplicitPrecompiledModules/Dispatch-CWVGAG7K8476ACEJHEOGCAXFB.pcm
2026-09-30T20:48:48.0401590Z 
2026-09-30T20:48:48.0402060Z SwiftExplicitDependencyGeneratePcm arm64 /Users/runner/Library/Developer/Xcode/DerivedData/SDKExplicitPrecompiledModules/CoreFoundation-ZE0EL9UABPSXFSLXK6S083U7.pcm
2026-09-30T20:48:48.0402590Z 
2026-09-30T20:48:48.0403010Z SwiftExplicitDependencyGeneratePcm arm64 /Users/runner/Library/Developer/Xcode/DerivedData/SDKExplicitPrecompiledModules/XPC-I1EYQTKTT5VCABGSK9Z8PDRV.pcm
2026-09-30T20:48:48.0403500Z 
2026-09-30T20:48:48.0403930Z SwiftExplicitDependencyGeneratePcm arm64 /Users/runner/Library/Developer/Xcode/DerivedData/SDKExplicitPrecompiledModules/dnssd-BQ5ON5KJNQ4HSDYBN4MMI7R2U.pcm
2026-09-30T20:48:48.0404440Z 
2026-09-30T20:48:48.0404890Z SwiftExplicitDependencyGeneratePcm arm64 /Users/runner/Library/Developer/Xcode/DerivedData/SDKExplicitPrecompiledModules/CoreAudioTypes-6Y7DGBW4IDCPD23APNJ5645GL.pcm
2026-09-30T20:48:48.0405430Z 
2026-09-30T20:48:48.0405870Z SwiftExplicitDependencyGeneratePcm arm64 /Users/runner/Library/Developer/Xcode/DerivedData/SDKExplicitPrecompiledModules/CFNetwork-8W3OECNT0QLA8OFHN2XWQ6OOO.pcm
2026-09-30T20:48:48.0406390Z 
2026-09-30T20:48:48.0406830Z SwiftExplicitDependencyGeneratePcm arm64 /Users/runner/Library/Developer/Xcode/DerivedData/SDKExplicitPrecompiledModules/Security-BPKTFYF733X4A8U8DXQQEEJ4D.pcm
2026-09-30T20:48:48.0407340Z 
2026-09-30T20:48:48.0407790Z SwiftExplicitDependencyGeneratePcm arm64 /Users/runner/Library/Developer/Xcode/DerivedData/SDKExplicitPrecompiledModules/CoreAudio-2RN5IGU5WQ9EJVRZK3QV55NGI.pcm
2026-09-30T20:48:48.0408310Z 
2026-09-30T20:48:48.0408730Z SwiftExplicitDependencyGeneratePcm arm64 /Users/runner/Library/Developer/Xcode/DerivedData/SDKExplicitPrecompiledModules/os-6G3TQGFSOG89IZJF1QL5T5DGG.pcm
2026-09-30T20:48:48.0409230Z 
2026-09-30T20:48:48.0409680Z SwiftExplicitDependencyGeneratePcm arm64 /Users/runner/Library/Developer/Xcode/DerivedData/SDKExplicitPrecompiledModules/Foundation-9V904E5EZTJFPUG5O0GXFGLIR.pcm
2026-09-30T20:48:48.0645770Z 
2026-09-30T20:48:48.0647680Z SwiftExplicitDependencyGeneratePcm arm64 /Users/runner/Library/Developer/Xcode/DerivedData/SDKExplicitPrecompiledModules/CoreGraphics-D8XYMH0GQJTLEMJQDR5DL314A.pcm
2026-09-30T20:48:48.0648590Z 
2026-09-30T20:48:48.0650520Z SwiftDriverJobDiscovery normal arm64 Compiling resource_bundle_accessor.swift, QelvoraAPI.swift, QelvoraCopy.swift, QelvoraTokens.swift, AccessComponents.swift, Catalog.swift, CommerceClient.swift, CommerceFeature.swift, StoreMembership.swift, StoreMembershipPane.swift, ComponentPreview.swift, Controls.swift (in target 'QelvoraUI' from project 'QelvoraNative')
2026-09-30T20:48:48.0651760Z 
2026-09-30T20:48:48.0652650Z SwiftDriver\ Compilation QelvoraUI normal arm64 com.apple.xcode.tools.swift.compiler (in target 'QelvoraUI' from project 'QelvoraNative')
2026-09-30T20:48:48.0653360Z     cd /Users/runner/work/creator-platform/creator-platform/apps/ios/QelvoraApp.xcodeproj
2026-09-30T20:48:48.0671230Z     builtin-Swift-Compilation -- /Applications/Xcode_27.app/Contents/Developer/Toolchains/XcodeDefault.xctoolchain/usr/bin/swiftc -parse-as-library -module-name QelvoraUI -Onone @/Users/runner/Library/Developer/Xcode/DerivedData/QelvoraApp-chovwfzcihvbrjemwlhqppehhyoa/Build/Intermediates.noindex/QelvoraNative.build/Debug-iphonesimulator/QelvoraUI-t.build/Objects-normal/arm64/QelvoraUI.SwiftFileList -DSWIFT_PACKAGE -DDEBUG -DSWIFT_MODULE_RESOURCE_BUNDLE_AVAILABLE -DXcode -plugin-path /Applications/Xcode_27.app/Contents/Developer/Toolchains/XcodeDefault.xctoolchain/usr/lib/swift/host/plugins/testing -enable-experimental-feature DebugDescriptionMacro -sdk /Applications/Xcode_27.app/Contents/Developer/Platforms/iPhoneSimulator.platform/Developer/SDKs/iPhoneSimulator27.0.sdk -target arm64-apple-ios17.0-simulator -g -module-cache-path /Users/runner/Library/Developer/Xcode/DerivedData/ModuleCache.noindex -Xfrontend -serialize-debugging-options -enable-testing -index-store-path /Users/runner/Library/Developer/Xcode/DerivedData/QelvoraApp-chovwfzcihvbrjemwlhqppehhyoa/Index.noindex/DataStore -Xcc -D_LIBCPP_HARDENING_MODE\=_LIBCPP_HARDENING_MODE_DEBUG -swift-version 6 -I /Users/runner/Library/Developer/Xcode/DerivedData/QelvoraApp-chovwfzcihvbrjemwlhqppehhyoa/Build/Products/Debug-iphonesimulator -Isystem /Applications/Xcode_27.app/Contents/Developer/Platforms/iPhoneSimulator.platform/Developer/usr/lib -F /Users/runner/Library/Developer/Xcode/DerivedData/QelvoraApp-chovwfzcihvbrjemwlhqppehhyoa/Build/Products/Debug-iphonesimulator -F /Applications/Xcode_27.app/Contents/Developer/Platforms/iPhoneSimulator.platform/Developer/Library/Frameworks -F /Applications/Xcode_27.app/Contents/Developer/Platforms/iPhoneSimulator.platform/Developer/SDKs/iPhoneSimulator27.0.sdk/Developer/Library/Frameworks -c -j3 -enable-batch-mode -incremental -Xcc -ivfsstatcache -Xcc /Users/runner/Library/Developer/Xcode/DerivedData/SDKStatCaches.noindex/iphonesimulator27.0-24A430-155dc1fa6e968f55248c4516efa38917.sdkstatcache -output-file-map /Users/runner/Library/Developer/Xcode/DerivedData/QelvoraApp-chovwfzcihvbrjemwlhqppehhyoa/Build/Intermediates.noindex/QelvoraNative.build/Debug-iphonesimulator/QelvoraUI-t.build/Objects-normal/arm64/QelvoraUI-OutputFileMap.json -save-temps -no-color-diagnostics -explicit-module-build -module-cache-path /Users/runner/Library/Developer/Xcode/DerivedData/QelvoraApp-chovwfzcihvbrjemwlhqppehhyoa/Build/Intermediates.noindex/SwiftExplicitPrecompiledModules -clang-scanner-module-cache-path /Users/runner/Library/Developer/Xcode/DerivedData/ModuleCache.noindex -sdk-module-cache-path /Users/runner/Library/Developer/Xcode/DerivedData/SDKExplicitPrecompiledModules -emit-dependencies -emit-module -emit-module-path /Users/runner/Library/Developer/Xcode/DerivedData/QelvoraApp-chovwfzcihvbrjemwlhqppehhyoa/Build/Intermediates.noindex/QelvoraNative.build/Debug-iphonesimulator/QelvoraUI-t.build/Objects-normal/arm64/QelvoraUI.swiftmodule -serialize-diagnostics -dependency-scan-serialize-diagnostics-path /Users/runner/Library/Developer/Xcode/DerivedData/QelvoraApp-chovwfzcihvbrjemwlhqppehhyoa/Build/Intermediates.noindex/QelvoraNative.build/Debug-iphonesimulator/QelvoraUI-t.build/Objects-normal/arm64/QelvoraUI-dependency-scan.dia -validate-clang-modules-once -clang-build-session-file /Users/runner/Library/Developer/Xcode/DerivedData/ModuleCache.noindex/Session.modulevalidation -Xcc -fmodules-prune-interval\=86400 -Xcc -fmodules-prune-after\=345600 -package-name ios -emit-const-values -const-gather-protocols-list /Users/runner/Library/Developer/Xcode/DerivedData/QelvoraApp-chovwfzcihvbrjemwlhqppehhyoa/Build/Intermediates.noindex/QelvoraNative.build/Debug-iphonesimulator/QelvoraUI-t.build/Objects-normal/arm64/QelvoraUI_const_extract_protocols.json -Xcc -I/Users/runner/Library/Developer/Xcode/DerivedData/QelvoraApp-chovwfzcihvbrjemwlhqppehhyoa/Build/Products/Debug-iphonesimulator/include -Xcc -I/Users/runner/Library/Developer/Xcode/DerivedData/QelvoraApp-chovwfzcihvbrjemwlhqppehhyoa/Build/Intermediates.noindex/QelvoraNative.build/Debug-iphonesimulator/QelvoraUI-t.build/DerivedSources-normal/arm64 -Xcc -I/Users/runner/Library/Developer/Xcode/DerivedData/QelvoraApp-chovwfzcihvbrjemwlhqppehhyoa/Build/Intermediates.noindex/QelvoraNative.build/Debug-iphonesimulator/QelvoraUI-t.build/DerivedSources/arm64 -Xcc -I/Users/runner/Library/Developer/Xcode/DerivedData/QelvoraApp-chovwfzcihvbrjemwlhqppehhyoa/Build/Intermediates.noindex/QelvoraNative.build/Debug-iphonesimulator/QelvoraUI-t.build/DerivedSources -Xcc -DSWIFT_PACKAGE -Xcc -DDEBUG\=1 -emit-objc-header -emit-objc-header-path /Users/runner/Library/Developer/Xcode/DerivedData/QelvoraApp-chovwfzcihvbrjemwlhqppehhyoa/Build/Intermediates.noindex/QelvoraNative.build/Debug-iphonesimulator/QelvoraUI-t.build/Objects-normal/arm64/QelvoraUI-Swift.h -working-directory /Users/runner/work/creator-platform/creator-platform/apps/ios/QelvoraApp.xcodeproj -experimental-emit-module-separately -disable-cmo
2026-09-30T20:48:48.0689120Z 
2026-09-30T20:48:48.0689690Z Ld /Users/runner/Library/Developer/Xcode/DerivedData/QelvoraApp-chovwfzcihvbrjemwlhqppehhyoa/Build/Products/Debug-iphonesimulator/QelvoraUI.o normal (in target 'QelvoraUI' from project 'QelvoraNative')
2026-09-30T20:48:48.0690510Z     cd /Users/runner/work/creator-platform/creator-platform/apps/ios
2026-09-30T20:48:48.0697830Z     /Applications/Xcode_27.app/Contents/Developer/Toolchains/XcodeDefault.xctoolchain/usr/bin/clang -Xlinker -reproducible -target arm64-apple-ios17.0-simulator -r -isysroot /Applications/Xcode_27.app/Contents/Developer/Platforms/iPhoneSimulator.platform/Developer/SDKs/iPhoneSimulator27.0.sdk -O0 -Xlinker -no_warn_duplicate_libraries -F/Users/runner/Library/Developer/Xcode/DerivedData/QelvoraApp-chovwfzcihvbrjemwlhqppehhyoa/Build/Intermediates.noindex/EagerLinkingTBDs/Debug-iphonesimulator -F/Users/runner/Library/Developer/Xcode/DerivedData/QelvoraApp-chovwfzcihvbrjemwlhqppehhyoa/Build/Products/Debug-iphonesimulator -iframework /Applications/Xcode_27.app/Contents/Developer/Platforms/iPhoneSimulator.platform/Developer/Library/Frameworks -iframework /Applications/Xcode_27.app/Contents/Developer/Platforms/iPhoneSimulator.platform/Developer/SDKs/iPhoneSimulator27.0.sdk/Developer/Library/Frameworks -filelist /Users/runner/Library/Developer/Xcode/DerivedData/QelvoraApp-chovwfzcihvbrjemwlhqppehhyoa/Build/Intermediates.noindex/QelvoraNative.build/Debug-iphonesimulator/QelvoraUI-t.build/Objects-normal/arm64/QelvoraUI.LinkFileList -nostdlib -Xlinker -object_path_lto -Xlinker /Users/runner/Library/Developer/Xcode/DerivedData/QelvoraApp-chovwfzcihvbrjemwlhqppehhyoa/Build/Intermediates.noindex/QelvoraNative.build/Debug-iphonesimulator/QelvoraUI-t.build/Objects-normal/arm64/QelvoraUI_lto.o -Xlinker -no_deduplicate -Xlinker -objc_abi_version -Xlinker 2 -Xlinker -dependency_info -Xlinker /Users/runner/Library/Developer/Xcode/DerivedData/QelvoraApp-chovwfzcihvbrjemwlhqppehhyoa/Build/Intermediates.noindex/QelvoraNative.build/Debug-iphonesimulator/QelvoraUI-t.build/Objects-normal/arm64/QelvoraUI_dependency_info.dat -fobjc-link-runtime -L/Applications/Xcode_27.app/Contents/Developer/Toolchains/XcodeDefault.xctoolchain/usr/lib/swift/iphonesimulator -L/usr/lib/swift -Xlinker -add_ast_path -Xlinker /Users/runner/Library/Developer/Xcode/DerivedData/QelvoraApp-chovwfzcihvbrjemwlhqppehhyoa/Build/Intermediates.noindex/QelvoraNative.build/Debug-iphonesimulator/QelvoraUI-t.build/Objects-normal/arm64/QelvoraUI.swiftmodule -o /Users/runner/Library/Developer/Xcode/DerivedData/QelvoraApp-chovwfzcihvbrjemwlhqppehhyoa/Build/Products/Debug-iphonesimulator/QelvoraUI.o
2026-09-30T20:48:48.0704750Z 
2026-09-30T20:48:48.0705200Z SwiftExplicitDependencyGeneratePcm arm64 /Users/runner/Library/Developer/Xcode/DerivedData/SDKExplicitPrecompiledModules/CoreText-74SY1Y4PDOFF7L06XJWRLLXGF.pcm
2026-09-30T20:48:48.0705720Z 
2026-09-30T20:48:48.0706380Z SwiftExplicitDependencyGeneratePcm arm64 /Users/runner/Library/Developer/Xcode/DerivedData/SDKExplicitPrecompiledModules/ImageIO-F4GGRXTV0KIH4A7AYZLBH08DA.pcm
2026-09-30T20:48:48.0706910Z 
2026-09-30T20:48:48.0707090Z ExtractAppIntentsMetadata (in target 'QelvoraUI' from project 'QelvoraNative')
2026-09-30T20:48:48.0707580Z     cd /Users/runner/work/creator-platform/creator-platform/apps/ios
2026-09-30T20:48:48.0718300Z     /Applications/Xcode_27.app/Contents/Developer/Toolchains/XcodeDefault.xctoolchain/usr/bin/appintentsmetadataprocessor --toolchain-dir /Applications/Xcode_27.app/Contents/Developer/Toolchains/XcodeDefault.xctoolchain --module-name QelvoraUI --sdk-root /Applications/Xcode_27.app/Contents/Developer/Platforms/iPhoneSimulator.platform/Developer/SDKs/iPhoneSimulator27.0.sdk --xcode-version 27A266a --platform-family iOS --deployment-target 17.0 --bundle-identifier ios.QelvoraUI --output /Users/runner/Library/Developer/Xcode/DerivedData/QelvoraApp-chovwfzcihvbrjemwlhqppehhyoa/Build/Products/Debug-iphonesimulator/QelvoraUI.appintents --target-triple arm64-apple-ios17.0-simulator --binary-file /Users/runner/Library/Developer/Xcode/DerivedData/QelvoraApp-chovwfzcihvbrjemwlhqppehhyoa/Build/Products/Debug-iphonesimulator/QelvoraUI.o --dependency-file /Users/runner/Library/Developer/Xcode/DerivedData/QelvoraApp-chovwfzcihvbrjemwlhqppehhyoa/Build/Intermediates.noindex/QelvoraNative.build/Debug-iphonesimulator/QelvoraUI-t.build/Objects-normal/arm64/QelvoraUI_dependency_info.dat --stringsdata-file /Users/runner/Library/Developer/Xcode/DerivedData/QelvoraApp-chovwfzcihvbrjemwlhqppehhyoa/Build/Intermediates.noindex/QelvoraNative.build/Debug-iphonesimulator/QelvoraUI-t.build/Objects-normal/arm64/ExtractedAppShortcutsMetadata.stringsdata --source-file-list /Users/runner/Library/Developer/Xcode/DerivedData/QelvoraApp-chovwfzcihvbrjemwlhqppehhyoa/Build/Intermediates.noindex/QelvoraNative.build/Debug-iphonesimulator/QelvoraUI-t.build/Objects-normal/arm64/QelvoraUI.SwiftFileList --metadata-file-list /Users/runner/Library/Developer/Xcode/DerivedData/QelvoraApp-chovwfzcihvbrjemwlhqppehhyoa/Build/Intermediates.noindex/QelvoraNative.build/Debug-iphonesimulator/QelvoraUI-t.build/QelvoraUI.DependencyMetadataFileList --static-metadata-file-list /Users/runner/Library/Developer/Xcode/DerivedData/QelvoraApp-chovwfzcihvbrjemwlhqppehhyoa/Build/Intermediates.noindex/QelvoraNative.build/Debug-iphonesimulator/QelvoraUI-t.build/QelvoraUI.DependencyStaticMetadataFileList --swift-const-vals-list /Users/runner/Library/Developer/Xcode/DerivedData/QelvoraApp-chovwfzcihvbrjemwlhqppehhyoa/Build/Intermediates.noindex/QelvoraNative.build/Debug-iphonesimulator/QelvoraUI-t.build/Objects-normal/arm64/QelvoraUI.SwiftConstValuesFileList --force --compile-time-extraction --deployment-aware-processing --no-app-shortcuts-localization
2026-09-30T20:48:48.1554130Z 2026-09-30 20:48:48.061 appintentsmetadataprocessor[5711:19688] Starting appintentsmetadataprocessor export
2026-09-30T20:48:48.1665200Z 2026-09-30 20:48:48.152 appintentsmetadataprocessor[5711:19688] Extracted no relevant App Intents symbols, skipping writing output
2026-09-30T20:48:48.1786740Z 
2026-09-30T20:48:48.1892410Z SwiftExplicitDependencyGeneratePcm arm64 /Users/runner/Library/Developer/Xcode/DerivedData/SDKExplicitPrecompiledModules/BackgroundAssets-9OZKSJLZ8P2GUV4MAXDAZZBN5.pcm
2026-09-30T20:48:48.1993490Z 
2026-09-30T20:48:48.2105860Z SwiftExplicitDependencyGeneratePcm arm64 /Users/runner/Library/Developer/Xcode/DerivedData/SDKExplicitPrecompiledModules/CoreMIDI-CGTURE8YILA2G5NSSGHP6C6J6.pcm
2026-09-30T20:48:48.2124260Z 
2026-09-30T20:48:48.2235260Z SwiftExplicitDependencyGeneratePcm arm64 /Users/runner/Library/Developer/Xcode/DerivedData/SDKExplicitPrecompiledModules/_LocationEssentials-96FL1RZ6QA7R52WKZ79ISOL21.pcm
2026-09-30T20:48:48.2363010Z 
2026-09-30T20:48:48.2464080Z SwiftExplicitDependencyGeneratePcm arm64 /Users/runner/Library/Developer/Xcode/DerivedData/SDKExplicitPrecompiledModules/OSLog-DV0LOP35CA3MCLIBA9PF3ANB4.pcm
2026-09-30T20:48:48.2567620Z 
2026-09-30T20:48:48.2669260Z SwiftExplicitDependencyGeneratePcm arm64 /Users/runner/Library/Developer/Xcode/DerivedData/SDKExplicitPrecompiledModules/UserNotifications-KDUW8STNU2PA65KWHP9HXYX3.pcm
2026-09-30T20:48:48.2770740Z 
2026-09-30T20:48:48.2805900Z SwiftExplicitDependencyGeneratePcm arm64 /Users/runner/Library/Developer/Xcode/DerivedData/SDKExplicitPrecompiledModules/Accessibility-1021FQN3EK9D1SXWDKWPXMXQQ.pcm
2026-09-30T20:48:48.2918690Z 
2026-09-30T20:48:48.2967020Z SwiftExplicitDependencyGeneratePcm arm64 /Users/runner/Library/Developer/Xcode/DerivedData/SDKExplicitPrecompiledModules/CallKit-E13ZNJIX588L49VKCAPDJ821N.pcm
2026-09-30T20:48:48.3079180Z 
2026-09-30T20:48:48.3169650Z SwiftExplicitDependencyGeneratePcm arm64 /Users/runner/Library/Developer/Xcode/DerivedData/SDKExplicitPrecompiledModules/DataDetection-3WUR85S3IOTPVUIGIFTEKCLBX.pcm
2026-09-30T20:48:48.3208340Z 
2026-09-30T20:48:48.3319430Z SwiftExplicitDependencyGeneratePcm arm64 /Users/runner/Library/Developer/Xcode/DerivedData/SDKExplicitPrecompiledModules/UniformTypeIdentifiers-A0N4F6YA62V3M57C55PDDFCO2.pcm
2026-09-30T20:48:48.3430320Z 
2026-09-30T20:48:48.3431370Z SwiftExplicitDependencyGeneratePcm arm64 /Users/runner/Library/Developer/Xcode/DerivedData/SDKExplicitPrecompiledModules/CoreData-ACBE4T95AXIERRRPJE7NDY0P4.pcm
2026-09-30T20:48:48.3680610Z 
2026-09-30T20:48:48.3758390Z SwiftExplicitDependencyGeneratePcm arm64 /Users/runner/Library/Developer/Xcode/DerivedData/SDKExplicitPrecompiledModules/AudioToolbox-2TVZ2HUIY2XFO21UCZ4S2B5XO.pcm
2026-09-30T20:48:48.3973370Z 
2026-09-30T20:48:48.4095730Z SwiftExplicitDependencyGeneratePcm arm64 /Users/runner/Library/Developer/Xcode/DerivedData/SDKExplicitPrecompiledModules/UIUtilities-3X7CU2RMCLVZZNTSO9X4XC1OD.pcm
2026-09-30T20:48:48.4197670Z 
2026-09-30T20:48:48.4298860Z SwiftExplicitDependencyGeneratePcm arm64 /Users/runner/Library/Developer/Xcode/DerivedData/SDKExplicitPrecompiledModules/OpenGLES-8DJ0VFWSI2RXNP2OKW3WCH9PB.pcm
2026-09-30T20:48:48.4619010Z 
2026-09-30T20:48:48.4719930Z SwiftExplicitDependencyGeneratePcm arm64 /Users/runner/Library/Developer/Xcode/DerivedData/SDKExplicitPrecompiledModules/CoreLocation-91NEAIN88QDY65O8782A5NIHO.pcm
2026-09-30T20:48:48.4850690Z 
2026-09-30T20:48:48.4952080Z SwiftExplicitDependencyGeneratePcm arm64 /Users/runner/Library/Developer/Xcode/DerivedData/SDKExplicitPrecompiledModules/CoreTransferable-L2AC2TKLR0EDEXEHD6MSKLDK.pcm
2026-09-30T20:48:48.5053310Z 
2026-09-30T20:48:48.5158840Z SwiftExplicitDependencyGeneratePcm arm64 /Users/runner/Library/Developer/Xcode/DerivedData/SDKExplicitPrecompiledModules/IOSurface-78YNPHUH2SMDW197V7MRPWRJJ.pcm
2026-09-30T20:48:48.5259850Z 
2026-09-30T20:48:48.5360860Z SwiftExplicitDependencyGeneratePcm arm64 /Users/runner/Library/Developer/Xcode/DerivedData/SDKExplicitPrecompiledModules/Symbols-57QL5E2PPAU6SXX8ISVKBQJA9.pcm
2026-09-30T20:48:48.5483890Z 
2026-09-30T20:48:48.5589470Z SwiftExplicitDependencyGeneratePcm arm64 /Users/runner/Library/Developer/Xcode/DerivedData/SDKExplicitPrecompiledModules/CoreMotion-4WTCES77G1FYJ1F09EF2PARP.pcm
2026-09-30T20:48:48.5691810Z 
2026-09-30T20:48:48.5796820Z SwiftExplicitDependencyGeneratePcm arm64 /Users/runner/Library/Developer/Xcode/DerivedData/SDKExplicitPrecompiledModules/FileProvider-3U2CU2F9G5BTVDYMPNHHFM8ZO.pcm
2026-09-30T20:48:48.5897900Z 
2026-09-30T20:48:48.5999070Z SwiftExplicitDependencyGeneratePcm arm64 /Users/runner/Library/Developer/Xcode/DerivedData/SDKExplicitPrecompiledModules/Network-30AP51D1DBHY55Z9YC7NSWERI.pcm
2026-09-30T20:48:48.6105640Z 
2026-09-30T20:48:48.6243280Z SwiftExplicitDependencyGeneratePcm arm64 /Users/runner/Library/Developer/Xcode/DerivedData/SDKExplicitPrecompiledModules/Metal-E50TZWCDDKLKHMR0XY9CDM6DK.pcm
2026-09-30T20:48:48.6859750Z 
2026-09-30T20:48:48.6981940Z SwiftExplicitDependencyGeneratePcm arm64 /Users/runner/Library/Developer/Xcode/DerivedData/SDKExplicitPrecompiledModules/LocalAuthentication-9QWJMY7A6OIJ81C4S26QMVG8M.pcm
2026-09-30T20:48:48.7083530Z 
2026-09-30T20:48:48.7191970Z SwiftExplicitDependencyGeneratePcm arm64 /Users/runner/Library/Developer/Xcode/DerivedData/SDKExplicitPrecompiledModules/AVRouting-EJ17R6NLVPO7DAYXX9FXAAPX4.pcm
2026-09-30T20:48:48.7298960Z 
2026-09-30T20:48:48.7400030Z SwiftExplicitDependencyGeneratePcm arm64 /Users/runner/Library/Developer/Xcode/DerivedData/SDKExplicitPrecompiledModules/CoreVideo-6431I2FFB776RIBNIUQ1ODSKO.pcm
2026-09-30T20:48:48.7780710Z 
2026-09-30T20:48:48.7848170Z CodeSign /Users/runner/Library/Developer/Xcode/DerivedData/QelvoraApp-chovwfzcihvbrjemwlhqppehhyoa/Build/Products/Debug-iphonesimulator/QelvoraUI.o (in target 'QelvoraUI' from project 'QelvoraNative')
2026-09-30T20:48:48.7879810Z     cd /Users/runner/work/creator-platform/creator-platform/apps/ios
2026-09-30T20:48:48.7882930Z     
2026-09-30T20:48:48.7883240Z     Signing Identity:     "Sign to Run Locally"
2026-09-30T20:48:48.7931260Z     
2026-09-30T20:48:48.8007550Z     /usr/bin/codesign --force --sign - --timestamp\=none --generate-entitlement-der /Users/runner/Library/Developer/Xcode/DerivedData/QelvoraApp-chovwfzcihvbrjemwlhqppehhyoa/Build/Products/Debug-iphonesimulator/QelvoraUI.o
2026-09-30T20:48:48.8108480Z 
2026-09-30T20:48:48.8208770Z Copy /Users/runner/Library/Developer/Xcode/DerivedData/QelvoraApp-chovwfzcihvbrjemwlhqppehhyoa/Build/Products/Debug-iphonesimulator/QelvoraApp.app/QelvoraNative_QelvoraUI.bundle /Users/runner/Library/Developer/Xcode/DerivedData/QelvoraApp-chovwfzcihvbrjemwlhqppehhyoa/Build/Products/Debug-iphonesimulator/QelvoraNative_QelvoraUI.bundle (in target 'QelvoraApp' from project 'QelvoraApp')
2026-09-30T20:48:48.8308200Z     cd /Users/runner/work/creator-platform/creator-platform/apps/ios
2026-09-30T20:48:48.8410440Z     builtin-copy -exclude .DS_Store -exclude CVS -exclude .svn -exclude .git -exclude .hg -resolve-src-symlinks /Users/runner/Library/Developer/Xcode/DerivedData/QelvoraApp-chovwfzcihvbrjemwlhqppehhyoa/Build/Products/Debug-iphonesimulator/QelvoraNative_QelvoraUI.bundle /Users/runner/Library/Developer/Xcode/DerivedData/QelvoraApp-chovwfzcihvbrjemwlhqppehhyoa/Build/Products/Debug-iphonesimulator/QelvoraApp.app
2026-09-30T20:48:48.8509600Z 
2026-09-30T20:48:48.8610950Z Ld /Users/runner/Library/Developer/Xcode/DerivedData/QelvoraApp-chovwfzcihvbrjemwlhqppehhyoa/Build/Products/Debug-iphonesimulator/QelvoraApp.app/__preview.dylib normal (in target 'QelvoraApp' from project 'QelvoraApp')
2026-09-30T20:48:48.8711620Z     cd /Users/runner/work/creator-platform/creator-platform/apps/ios
2026-09-30T20:48:48.8818460Z     /Applications/Xcode_27.app/Contents/Developer/Toolchains/XcodeDefault.xctoolchain/usr/bin/clang -Xlinker -reproducible -target arm64-apple-ios17.0-simulator -dynamiclib -isysroot /Applications/Xcode_27.app/Contents/Developer/Platforms/iPhoneSimulator.platform/Developer/SDKs/iPhoneSimulator27.0.sdk -O0 -Xlinker -no_warn_duplicate_libraries -L/Users/runner/Library/Developer/Xcode/DerivedData/QelvoraApp-chovwfzcihvbrjemwlhqppehhyoa/Build/Products/Debug-iphonesimulator -F/Users/runner/Library/Developer/Xcode/DerivedData/QelvoraApp-chovwfzcihvbrjemwlhqppehhyoa/Build/Products/Debug-iphonesimulator/PackageFrameworks -F/Users/runner/Library/Developer/Xcode/DerivedData/QelvoraApp-chovwfzcihvbrjemwlhqppehhyoa/Build/Products/Debug-iphonesimulator -install_name @rpath/QelvoraApp.debug.dylib -Xlinker -dead_strip -rdynamic -Xlinker -no_deduplicate -Xlinker -objc_abi_version -Xlinker 2 -Xlinker -dependency_info -Xlinker /Users/runner/Library/Developer/Xcode/DerivedData/QelvoraApp-chovwfzcihvbrjemwlhqppehhyoa/Build/Intermediates.noindex/QelvoraApp.build/Debug-iphonesimulator/QelvoraApp.build/Objects-normal/arm64/QelvoraApp_dependency_info.dat -Xlinker -sectcreate -Xlinker __TEXT -Xlinker __entitlements -Xlinker /Users/runner/Library/Developer/Xcode/DerivedData/QelvoraApp-chovwfzcihvbrjemwlhqppehhyoa/Build/Intermediates.noindex/QelvoraApp.build/Debug-iphonesimulator/QelvoraApp.build/QelvoraApp.app-Simulated.xcent -Xlinker -sectcreate -Xlinker __TEXT -Xlinker __ents_der -Xlinker /Users/runner/Library/Developer/Xcode/DerivedData/QelvoraApp-chovwfzcihvbrjemwlhqppehhyoa/Build/Intermediates.noindex/QelvoraApp.build/Debug-iphonesimulator/QelvoraApp.build/QelvoraApp.app-Simulated.xcent.der -Xlinker -no_adhoc_codesign -o /Users/runner/Library/Developer/Xcode/DerivedData/QelvoraApp-chovwfzcihvbrjemwlhqppehhyoa/Build/Products/Debug-iphonesimulator/QelvoraApp.app/__preview.dylib
2026-09-30T20:48:48.8912560Z 
2026-09-30T20:48:48.8968080Z SwiftExplicitDependencyGeneratePcm arm64 /Users/runner/Library/Developer/Xcode/DerivedData/SDKExplicitPrecompiledModules/CoreImage-CHK3GIULRT1YHZAEWRBJ23W3D.pcm
2026-09-30T20:48:48.9069400Z 
2026-09-30T20:48:48.9170440Z SwiftExplicitDependencyGeneratePcm arm64 /Users/runner/Library/Developer/Xcode/DerivedData/SDKExplicitPrecompiledModules/QuartzCore-BE7W5RH06LU94CTJVG9V3F7VL.pcm
2026-09-30T20:48:48.9271380Z 
2026-09-30T20:48:48.9372460Z SwiftExplicitDependencyGeneratePcm arm64 /Users/runner/Library/Developer/Xcode/DerivedData/SDKExplicitPrecompiledModules/CoreMedia-3E2MAYVO3METXEMD96R25BDV6.pcm
2026-09-30T20:48:48.9473400Z 
2026-09-30T20:48:48.9574940Z ProcessInfoPlistFile /Users/runner/Library/Developer/Xcode/DerivedData/QelvoraApp-chovwfzcihvbrjemwlhqppehhyoa/Build/Products/Debug-iphonesimulator/QelvoraApp.app/Info.plist /Users/runner/work/creator-platform/creator-platform/apps/ios/App/Info.plist (in target 'QelvoraApp' from project 'QelvoraApp')
2026-09-30T20:48:48.9676710Z     cd /Users/runner/work/creator-platform/creator-platform/apps/ios
2026-09-30T20:48:48.9779830Z     builtin-infoPlistUtility /Users/runner/work/creator-platform/creator-platform/apps/ios/App/Info.plist -producttype com.apple.product-type.application -genpkginfo /Users/runner/Library/Developer/Xcode/DerivedData/QelvoraApp-chovwfzcihvbrjemwlhqppehhyoa/Build/Products/Debug-iphonesimulator/QelvoraApp.app/PkgInfo -expandbuildsettings -format binary -platform iphonesimulator -scanforprivacyfile /Users/runner/Library/Developer/Xcode/DerivedData/QelvoraApp-chovwfzcihvbrjemwlhqppehhyoa/Build/Products/Debug-iphonesimulator/QelvoraApp.app/QelvoraNative_QelvoraUI.bundle -o /Users/runner/Library/Developer/Xcode/DerivedData/QelvoraApp-chovwfzcihvbrjemwlhqppehhyoa/Build/Products/Debug-iphonesimulator/QelvoraApp.app/Info.plist
2026-09-30T20:48:48.9882690Z 
2026-09-30T20:48:48.9983950Z SwiftExplicitDependencyGeneratePcm arm64 /Users/runner/Library/Developer/Xcode/DerivedData/SDKExplicitPrecompiledModules/SwiftUICore-2035MUAY5QAYZK0C2OARJTW3E.pcm
2026-09-30T20:48:49.0085090Z 
2026-09-30T20:48:49.0186210Z SwiftExplicitDependencyGeneratePcm arm64 /Users/runner/Library/Developer/Xcode/DerivedData/SDKExplicitPrecompiledModules/UIKit-D57REM4Z23H5QZYR37YL1B7YK.pcm
2026-09-30T20:48:49.4265610Z 
2026-09-30T20:48:49.4268560Z SwiftExplicitDependencyGeneratePcm arm64 /Users/runner/Library/Developer/Xcode/DerivedData/SDKExplicitPrecompiledModules/AVFAudio-1FA4AGCZ3OMP5625P5MQT2GFN.pcm
2026-09-30T20:48:49.4269420Z 
2026-09-30T20:48:49.4271080Z SwiftExplicitDependencyGeneratePcm arm64 /Users/runner/Library/Developer/Xcode/DerivedData/SDKExplicitPrecompiledModules/MediaToolbox-4HJP56YIRAN0V0JTKPCLGV6IS.pcm
2026-09-30T20:48:49.4271850Z 
2026-09-30T20:48:49.4272560Z SwiftExplicitDependencyGeneratePcm arm64 /Users/runner/Library/Developer/Xcode/DerivedData/SDKExplicitPrecompiledModules/VideoToolbox-BND0QEFS9MNBO872BASH413JO.pcm
2026-09-30T20:48:49.4273110Z 
2026-09-30T20:48:49.4273580Z SwiftExplicitDependencyGeneratePcm arm64 /Users/runner/Library/Developer/Xcode/DerivedData/SDKExplicitPrecompiledModules/AVFoundation-55QE3ZMU6R6I93GMJ31DRYNUB.pcm
2026-09-30T20:48:49.4274130Z 
2026-09-30T20:48:49.4274640Z SwiftExplicitDependencyGeneratePcm arm64 /Users/runner/Library/Developer/Xcode/DerivedData/SDKExplicitPrecompiledModules/AuthenticationServices-CKC2WGTHBR7BX2M0DEM90TLVV.pcm
2026-09-30T20:48:49.5362380Z 
2026-09-30T20:48:49.5363350Z SwiftExplicitDependencyGeneratePcm arm64 /Users/runner/Library/Developer/Xcode/DerivedData/SDKExplicitPrecompiledModules/SwiftUI-8QV055PYK43H9I492IC57WG6X.pcm
2026-09-30T20:48:49.5364380Z 
2026-09-30T20:48:49.5365310Z SwiftExplicitDependencyGeneratePcm arm64 /Users/runner/Library/Developer/Xcode/DerivedData/SDKExplicitPrecompiledModules/StoreKit-223UY8FIT7ZVTIXKPXGI6DUHV.pcm
2026-09-30T20:48:49.5366380Z 
2026-09-30T20:48:49.5366680Z SwiftEmitModule normal arm64 Emitting\ module\ for\ QelvoraApp (in target 'QelvoraApp' from project 'QelvoraApp')
2026-09-30T20:48:49.6319770Z 
2026-09-30T20:48:49.6332410Z SwiftCompile normal arm64 (in target 'QelvoraApp' from project 'QelvoraApp')
2026-09-30T20:48:49.6333320Z     cd /Users/runner/work/creator-platform/creator-platform/apps/ios
2026-09-30T20:48:49.6333680Z     
2026-09-30T20:48:49.6333890Z 
2026-09-30T20:48:49.6334480Z SwiftCompile normal arm64 Compiling\ QelvoraApp.swift /Users/runner/work/creator-platform/creator-platform/apps/ios/App/QelvoraApp.swift (in target 'QelvoraApp' from project 'QelvoraApp')
2026-09-30T20:48:49.9258520Z 
2026-09-30T20:48:49.9272570Z SwiftCompile normal arm64 /Users/runner/work/creator-platform/creator-platform/apps/ios/App/QelvoraApp.swift (in target 'QelvoraApp' from project 'QelvoraApp')
2026-09-30T20:48:49.9274990Z     cd /Users/runner/work/creator-platform/creator-platform/apps/ios
2026-09-30T20:48:49.9275490Z     builtin-SwiftPerFileCompile QelvoraApp.swift
2026-09-30T20:48:49.9275840Z 
2026-09-30T20:48:49.9276230Z SwiftDriverJobDiscovery normal arm64 Emitting module for QelvoraApp (in target 'QelvoraApp' from project 'QelvoraApp')
2026-09-30T20:48:49.9276700Z 
2026-09-30T20:48:49.9277500Z SwiftDriver\ Compilation\ Requirements QelvoraApp normal arm64 com.apple.xcode.tools.swift.compiler (in target 'QelvoraApp' from project 'QelvoraApp')
2026-09-30T20:48:49.9278220Z     cd /Users/runner/work/creator-platform/creator-platform/apps/ios
2026-09-30T20:48:49.9296410Z     builtin-Swift-Compilation-Requirements -- /Applications/Xcode_27.app/Contents/Developer/Toolchains/XcodeDefault.xctoolchain/usr/bin/swiftc -module-name QelvoraApp -Onone @/Users/runner/Library/Developer/Xcode/DerivedData/QelvoraApp-chovwfzcihvbrjemwlhqppehhyoa/Build/Intermediates.noindex/QelvoraApp.build/Debug-iphonesimulator/QelvoraApp.build/Objects-normal/arm64/QelvoraApp.SwiftFileList -DDEBUG -enable-experimental-feature DebugDescriptionMacro -sdk /Applications/Xcode_27.app/Contents/Developer/Platforms/iPhoneSimulator.platform/Developer/SDKs/iPhoneSimulator27.0.sdk -target arm64-apple-ios17.0-simulator -g -module-cache-path /Users/runner/Library/Developer/Xcode/DerivedData/ModuleCache.noindex -Xfrontend -serialize-debugging-options -enable-testing -index-store-path /Users/runner/Library/Developer/Xcode/DerivedData/QelvoraApp-chovwfzcihvbrjemwlhqppehhyoa/Index.noindex/DataStore -Xcc -D_LIBCPP_HARDENING_MODE\=_LIBCPP_HARDENING_MODE_DEBUG -swift-version 6 -I /Users/runner/Library/Developer/Xcode/DerivedData/QelvoraApp-chovwfzcihvbrjemwlhqppehhyoa/Build/Products/Debug-iphonesimulator -F /Users/runner/Library/Developer/Xcode/DerivedData/QelvoraApp-chovwfzcihvbrjemwlhqppehhyoa/Build/Products/Debug-iphonesimulator/PackageFrameworks -F /Users/runner/Library/Developer/Xcode/DerivedData/QelvoraApp-chovwfzcihvbrjemwlhqppehhyoa/Build/Products/Debug-iphonesimulator -parse-as-library -c -j3 -enable-batch-mode -incremental -Xcc -ivfsstatcache -Xcc /Users/runner/Library/Developer/Xcode/DerivedData/SDKStatCaches.noindex/iphonesimulator27.0-24A430-155dc1fa6e968f55248c4516efa38917.sdkstatcache -output-file-map /Users/runner/Library/Developer/Xcode/DerivedData/QelvoraApp-chovwfzcihvbrjemwlhqppehhyoa/Build/Intermediates.noindex/QelvoraApp.build/Debug-iphonesimulator/QelvoraApp.build/Objects-normal/arm64/QelvoraApp-OutputFileMap.json -save-temps -no-color-diagnostics -explicit-module-build -module-cache-path /Users/runner/Library/Developer/Xcode/DerivedData/QelvoraApp-chovwfzcihvbrjemwlhqppehhyoa/Build/Intermediates.noindex/SwiftExplicitPrecompiledModules -clang-scanner-module-cache-path /Users/runner/Library/Developer/Xcode/DerivedData/ModuleCache.noindex -sdk-module-cache-path /Users/runner/Library/Developer/Xcode/DerivedData/SDKExplicitPrecompiledModules -emit-dependencies -emit-module -emit-module-path /Users/runner/Library/Developer/Xcode/DerivedData/QelvoraApp-chovwfzcihvbrjemwlhqppehhyoa/Build/Intermediates.noindex/QelvoraApp.build/Debug-iphonesimulator/QelvoraApp.build/Objects-normal/arm64/QelvoraApp.swiftmodule -serialize-diagnostics -dependency-scan-serialize-diagnostics-path /Users/runner/Library/Developer/Xcode/DerivedData/QelvoraApp-chovwfzcihvbrjemwlhqppehhyoa/Build/Intermediates.noindex/QelvoraApp.build/Debug-iphonesimulator/QelvoraApp.build/Objects-normal/arm64/QelvoraApp-dependency-scan.dia -validate-clang-modules-once -clang-build-session-file /Users/runner/Library/Developer/Xcode/DerivedData/ModuleCache.noindex/Session.modulevalidation -Xcc -fmodules-prune-interval\=86400 -Xcc -fmodules-prune-after\=345600 -emit-const-values -const-gather-protocols-list /Users/runner/Library/Developer/Xcode/DerivedData/QelvoraApp-chovwfzcihvbrjemwlhqppehhyoa/Build/Intermediates.noindex/QelvoraApp.build/Debug-iphonesimulator/QelvoraApp.build/Objects-normal/arm64/QelvoraApp_const_extract_protocols.json -Xcc -iquote -Xcc /Users/runner/Library/Developer/Xcode/DerivedData/QelvoraApp-chovwfzcihvbrjemwlhqppehhyoa/Build/Intermediates.noindex/QelvoraApp.build/Debug-iphonesimulator/QelvoraApp.build/QelvoraApp-generated-files.hmap -Xcc -I/Users/runner/Library/Developer/Xcode/DerivedData/QelvoraApp-chovwfzcihvbrjemwlhqppehhyoa/Build/Intermediates.noindex/QelvoraApp.build/Debug-iphonesimulator/QelvoraApp.build/QelvoraApp-own-target-headers.hmap -Xcc -I/Users/runner/Library/Developer/Xcode/DerivedData/QelvoraApp-chovwfzcihvbrjemwlhqppehhyoa/Build/Intermediates.noindex/QelvoraApp.build/Debug-iphonesimulator/QelvoraApp.build/QelvoraApp-all-non-framework-target-headers.hmap -Xcc -ivfsoverlay -Xcc /Users/runner/Library/Developer/Xcode/DerivedData/QelvoraApp-chovwfzcihvbrjemwlhqppehhyoa/Build/Intermediates.noindex/QelvoraApp.build/Debug-iphonesimulator/QelvoraApp-29b244ef777fcfbcbef7f347c6fce175-VFS-iphonesimulator/all-product-headers.yaml -Xcc -iquote -Xcc /Users/runner/Library/Developer/Xcode/DerivedData/QelvoraApp-chovwfzcihvbrjemwlhqppehhyoa/Build/Intermediates.noindex/QelvoraApp.build/Debug-iphonesimulator/QelvoraApp.build/QelvoraApp-project-headers.hmap -Xcc -I/Users/runner/Library/Developer/Xcode/DerivedData/QelvoraApp-chovwfzcihvbrjemwlhqppehhyoa/Build/Products/Debug-iphonesimulator/include -Xcc -I/Users/runner/Library/Developer/Xcode/DerivedData/QelvoraApp-chovwfzcihvbrjemwlhqppehhyoa/Build/Intermediates.noindex/QelvoraApp.build/Debug-iphonesimulator/QelvoraApp.build/DerivedSources-normal/arm64 -Xcc -I/Users/runner/Library/Developer/Xcode/DerivedData/QelvoraApp-chovwfzcihvbrjemwlhqppehhyoa/Build/Intermediates.noindex/QelvoraApp.build/Debug-iphonesimulator/QelvoraApp.build/DerivedSources/arm64 -Xcc -I/Users/runner/Library/Developer/Xcode/DerivedData/QelvoraApp-chovwfzcihvbrjemwlhqppehhyoa/Build/Intermediates.noindex/QelvoraApp.build/Debug-iphonesimulator/QelvoraApp.build/DerivedSources -Xcc -DDEBUG\=1 -emit-objc-header -emit-objc-header-path /Users/runner/Library/Developer/Xcode/DerivedData/QelvoraApp-chovwfzcihvbrjemwlhqppehhyoa/Build/Intermediates.noindex/QelvoraApp.build/Debug-iphonesimulator/QelvoraApp.build/Objects-normal/arm64/QelvoraApp-Swift.h -working-directory /Users/runner/work/creator-platform/creator-platform/apps/ios -experimental-emit-module-separately -disable-cmo
2026-09-30T20:48:49.9315390Z 
2026-09-30T20:48:49.9317000Z SwiftMergeGeneratedHeaders /Users/runner/Library/Developer/Xcode/DerivedData/QelvoraApp-chovwfzcihvbrjemwlhqppehhyoa/Build/Intermediates.noindex/QelvoraApp.build/Debug-iphonesimulator/QelvoraApp.build/DerivedSources/QelvoraApp-Swift.h /Users/runner/Library/Developer/Xcode/DerivedData/QelvoraApp-chovwfzcihvbrjemwlhqppehhyoa/Build/Intermediates.noindex/QelvoraApp.build/Debug-iphonesimulator/QelvoraApp.build/Objects-normal/arm64/QelvoraApp-Swift.h (in target 'QelvoraApp' from project 'QelvoraApp')
2026-09-30T20:48:49.9325940Z     cd /Users/runner/work/creator-platform/creator-platform/apps/ios
2026-09-30T20:48:49.9328440Z     builtin-swiftHeaderTool -arch arm64 /Users/runner/Library/Developer/Xcode/DerivedData/QelvoraApp-chovwfzcihvbrjemwlhqppehhyoa/Build/Intermediates.noindex/QelvoraApp.build/Debug-iphonesimulator/QelvoraApp.build/Objects-normal/arm64/QelvoraApp-Swift.h -o /Users/runner/Library/Developer/Xcode/DerivedData/QelvoraApp-chovwfzcihvbrjemwlhqppehhyoa/Build/Intermediates.noindex/QelvoraApp.build/Debug-iphonesimulator/QelvoraApp.build/DerivedSources/QelvoraApp-Swift.h
2026-09-30T20:48:49.9332130Z 
2026-09-30T20:48:49.9333690Z Copy /Users/runner/Library/Developer/Xcode/DerivedData/QelvoraApp-chovwfzcihvbrjemwlhqppehhyoa/Build/Products/Debug-iphonesimulator/QelvoraApp.swiftmodule/arm64-apple-ios-simulator.swiftmodule /Users/runner/Library/Developer/Xcode/DerivedData/QelvoraApp-chovwfzcihvbrjemwlhqppehhyoa/Build/Intermediates.noindex/QelvoraApp.build/Debug-iphonesimulator/QelvoraApp.build/Objects-normal/arm64/QelvoraApp.swiftmodule (in target 'QelvoraApp' from project 'QelvoraApp')
2026-09-30T20:48:49.9342840Z     cd /Users/runner/work/creator-platform/creator-platform/apps/ios
2026-09-30T20:48:49.9344690Z     builtin-copy -exclude .DS_Store -exclude CVS -exclude .svn -exclude .git -exclude .hg -resolve-src-symlinks -rename /Users/runner/Library/Developer/Xcode/DerivedData/QelvoraApp-chovwfzcihvbrjemwlhqppehhyoa/Build/Intermediates.noindex/QelvoraApp.build/Debug-iphonesimulator/QelvoraApp.build/Objects-normal/arm64/QelvoraApp.swiftmodule /Users/runner/Library/Developer/Xcode/DerivedData/QelvoraApp-chovwfzcihvbrjemwlhqppehhyoa/Build/Products/Debug-iphonesimulator/QelvoraApp.swiftmodule/arm64-apple-ios-simulator.swiftmodule
2026-09-30T20:48:49.9351330Z 
2026-09-30T20:48:49.9359650Z Copy /Users/runner/Library/Developer/Xcode/DerivedData/QelvoraApp-chovwfzcihvbrjemwlhqppehhyoa/Build/Products/Debug-iphonesimulator/QelvoraApp.swiftmodule/arm64-apple-ios-simulator.swiftdoc /Users/runner/Library/Developer/Xcode/DerivedData/QelvoraApp-chovwfzcihvbrjemwlhqppehhyoa/Build/Intermediates.noindex/QelvoraApp.build/Debug-iphonesimulator/QelvoraApp.build/Objects-normal/arm64/QelvoraApp.swiftdoc (in target 'QelvoraApp' from project 'QelvoraApp')
2026-09-30T20:48:49.9361310Z     cd /Users/runner/work/creator-platform/creator-platform/apps/ios
2026-09-30T20:48:49.9363130Z     builtin-copy -exclude .DS_Store -exclude CVS -exclude .svn -exclude .git -exclude .hg -resolve-src-symlinks -rename /Users/runner/Library/Developer/Xcode/DerivedData/QelvoraApp-chovwfzcihvbrjemwlhqppehhyoa/Build/Intermediates.noindex/QelvoraApp.build/Debug-iphonesimulator/QelvoraApp.build/Objects-normal/arm64/QelvoraApp.swiftdoc /Users/runner/Library/Developer/Xcode/DerivedData/QelvoraApp-chovwfzcihvbrjemwlhqppehhyoa/Build/Products/Debug-iphonesimulator/QelvoraApp.swiftmodule/arm64-apple-ios-simulator.swiftdoc
2026-09-30T20:48:49.9364790Z 
2026-09-30T20:48:49.9366240Z Copy /Users/runner/Library/Developer/Xcode/DerivedData/QelvoraApp-chovwfzcihvbrjemwlhqppehhyoa/Build/Products/Debug-iphonesimulator/QelvoraApp.swiftmodule/arm64-apple-ios-simulator.abi.json /Users/runner/Library/Developer/Xcode/DerivedData/QelvoraApp-chovwfzcihvbrjemwlhqppehhyoa/Build/Intermediates.noindex/QelvoraApp.build/Debug-iphonesimulator/QelvoraApp.build/Objects-normal/arm64/QelvoraApp.abi.json (in target 'QelvoraApp' from project 'QelvoraApp')
2026-09-30T20:48:49.9367860Z     cd /Users/runner/work/creator-platform/creator-platform/apps/ios
2026-09-30T20:48:49.9369650Z     builtin-copy -exclude .DS_Store -exclude CVS -exclude .svn -exclude .git -exclude .hg -resolve-src-symlinks -rename /Users/runner/Library/Developer/Xcode/DerivedData/QelvoraApp-chovwfzcihvbrjemwlhqppehhyoa/Build/Intermediates.noindex/QelvoraApp.build/Debug-iphonesimulator/QelvoraApp.build/Objects-normal/arm64/QelvoraApp.abi.json /Users/runner/Library/Developer/Xcode/DerivedData/QelvoraApp-chovwfzcihvbrjemwlhqppehhyoa/Build/Products/Debug-iphonesimulator/QelvoraApp.swiftmodule/arm64-apple-ios-simulator.abi.json
2026-09-30T20:48:49.9371300Z 
2026-09-30T20:48:49.9373050Z Copy /Users/runner/Library/Developer/Xcode/DerivedData/QelvoraApp-chovwfzcihvbrjemwlhqppehhyoa/Build/Products/Debug-iphonesimulator/QelvoraApp.swiftmodule/Project/arm64-apple-ios-simulator.swiftsourceinfo /Users/runner/Library/Developer/Xcode/DerivedData/QelvoraApp-chovwfzcihvbrjemwlhqppehhyoa/Build/Intermediates.noindex/QelvoraApp.build/Debug-iphonesimulator/QelvoraApp.build/Objects-normal/arm64/QelvoraApp.swiftsourceinfo (in target 'QelvoraApp' from project 'QelvoraApp')
2026-09-30T20:48:49.9374790Z     cd /Users/runner/work/creator-platform/creator-platform/apps/ios
2026-09-30T20:48:49.9376670Z     builtin-copy -exclude .DS_Store -exclude CVS -exclude .svn -exclude .git -exclude .hg -resolve-src-symlinks -rename /Users/runner/Library/Developer/Xcode/DerivedData/QelvoraApp-chovwfzcihvbrjemwlhqppehhyoa/Build/Intermediates.noindex/QelvoraApp.build/Debug-iphonesimulator/QelvoraApp.build/Objects-normal/arm64/QelvoraApp.swiftsourceinfo /Users/runner/Library/Developer/Xcode/DerivedData/QelvoraApp-chovwfzcihvbrjemwlhqppehhyoa/Build/Products/Debug-iphonesimulator/QelvoraApp.swiftmodule/Project/arm64-apple-ios-simulator.swiftsourceinfo
2026-09-30T20:48:49.9378610Z 
2026-09-30T20:48:49.9379550Z ProcessProductPackaging "" /Users/runner/Library/Developer/Xcode/DerivedData/QelvoraApp-chovwfzcihvbrjemwlhqppehhyoa/Build/Intermediates.noindex/QelvoraApp.build/Debug-iphonesimulator/QelvoraUITests.build/QelvoraUITests.xctest-Simulated.xcent (in target 'QelvoraUITests' from project 'QelvoraApp')
2026-09-30T20:48:49.9380710Z     cd /Users/runner/work/creator-platform/creator-platform/apps/ios
2026-09-30T20:48:49.9381060Z     
2026-09-30T20:48:49.9381280Z     Entitlements:
2026-09-30T20:48:49.9381560Z     
2026-09-30T20:48:49.9381820Z     {
2026-09-30T20:48:49.9382180Z     "application-identifier" = "FAKETEAMID.com.pantopus.qelvora.uitests.xctrunner";
2026-09-30T20:48:49.9382630Z     "keychain-access-groups" =     (
2026-09-30T20:48:49.9382980Z         "FAKETEAMID.com.pantopus.qelvora.uitests.xctrunner"
2026-09-30T20:48:49.9383320Z     );
2026-09-30T20:48:49.9383530Z }
2026-09-30T20:48:49.9383740Z     
2026-09-30T20:48:49.9384710Z     builtin-productPackagingUtility -entitlements -format xml -o /Users/runner/Library/Developer/Xcode/DerivedData/QelvoraApp-chovwfzcihvbrjemwlhqppehhyoa/Build/Intermediates.noindex/QelvoraApp.build/Debug-iphonesimulator/QelvoraUITests.build/QelvoraUITests.xctest-Simulated.xcent
2026-09-30T20:48:49.9385660Z 
2026-09-30T20:48:49.9387650Z ProcessProductPackagingDER /Users/runner/Library/Developer/Xcode/DerivedData/QelvoraApp-chovwfzcihvbrjemwlhqppehhyoa/Build/Intermediates.noindex/QelvoraApp.build/Debug-iphonesimulator/QelvoraUITests.build/QelvoraUITests.xctest-Simulated.xcent /Users/runner/Library/Developer/Xcode/DerivedData/QelvoraApp-chovwfzcihvbrjemwlhqppehhyoa/Build/Intermediates.noindex/QelvoraApp.build/Debug-iphonesimulator/QelvoraUITests.build/QelvoraUITests.xctest-Simulated.xcent.der (in target 'QelvoraUITests' from project 'QelvoraApp')
2026-09-30T20:48:49.9394150Z     cd /Users/runner/work/creator-platform/creator-platform/apps/ios
2026-09-30T20:48:49.9395900Z     /usr/bin/derq query -f xml -i /Users/runner/Library/Developer/Xcode/DerivedData/QelvoraApp-chovwfzcihvbrjemwlhqppehhyoa/Build/Intermediates.noindex/QelvoraApp.build/Debug-iphonesimulator/QelvoraUITests.build/QelvoraUITests.xctest-Simulated.xcent -o /Users/runner/Library/Developer/Xcode/DerivedData/QelvoraApp-chovwfzcihvbrjemwlhqppehhyoa/Build/Intermediates.noindex/QelvoraApp.build/Debug-iphonesimulator/QelvoraUITests.build/QelvoraUITests.xctest-Simulated.xcent.der --raw
2026-09-30T20:48:49.9397560Z 
2026-09-30T20:48:49.9397980Z SwiftDriver QelvoraUITests normal arm64 com.apple.xcode.tools.swift.compiler (in target 'QelvoraUITests' from project 'QelvoraApp')
2026-09-30T20:48:49.9398630Z     cd /Users/runner/work/creator-platform/creator-platform/apps/ios
2026-09-30T20:48:49.9424300Z     builtin-SwiftDriver -- /Applications/Xcode_27.app/Contents/Developer/Toolchains/XcodeDefault.xctoolchain/usr/bin/swiftc -module-name QelvoraUITests -Onone @/Users/runner/Library/Developer/Xcode/DerivedData/QelvoraApp-chovwfzcihvbrjemwlhqppehhyoa/Build/Intermediates.noindex/QelvoraApp.build/Debug-iphonesimulator/QelvoraUITests.build/Objects-normal/arm64/QelvoraUITests.SwiftFileList -DDEBUG -module-alias Testing\=_Testing_Unavailable -plugin-path /Applications/Xcode_27.app/Contents/Developer/Toolchains/XcodeDefault.xctoolchain/usr/lib/swift/host/plugins/testing -enable-experimental-feature DebugDescriptionMacro -sdk /Applications/Xcode_27.app/Contents/Developer/Platforms/iPhoneSimulator.platform/Developer/SDKs/iPhoneSimulator27.0.sdk -target arm64-apple-ios17.0-simulator -g -module-cache-path /Users/runner/Library/Developer/Xcode/DerivedData/ModuleCache.noindex -Xfrontend -serialize-debugging-options -enable-testing -index-store-path /Users/runner/Library/Developer/Xcode/DerivedData/QelvoraApp-chovwfzcihvbrjemwlhqppehhyoa/Index.noindex/DataStore -Xcc -D_LIBCPP_HARDENING_MODE\=_LIBCPP_HARDENING_MODE_DEBUG -swift-version 6 -I /Users/runner/Library/Developer/Xcode/DerivedData/QelvoraApp-chovwfzcihvbrjemwlhqppehhyoa/Build/Products/Debug-iphonesimulator -Isystem /Applications/Xcode_27.app/Contents/Developer/Platforms/iPhoneSimulator.platform/Developer/usr/lib -F /Users/runner/Library/Developer/Xcode/DerivedData/QelvoraApp-chovwfzcihvbrjemwlhqppehhyoa/Build/Products/Debug-iphonesimulator -F /Applications/Xcode_27.app/Contents/Developer/Platforms/iPhoneSimulator.platform/Developer/Library/Frameworks -F /Applications/Xcode_27.app/Contents/Developer/Platforms/iPhoneSimulator.platform/Developer/SDKs/iPhoneSimulator27.0.sdk/Developer/Library/Frameworks -parse-as-library -c -j3 -enable-batch-mode -incremental -Xcc -ivfsstatcache -Xcc /Users/runner/Library/Developer/Xcode/DerivedData/SDKStatCaches.noindex/iphonesimulator27.0-24A430-155dc1fa6e968f55248c4516efa38917.sdkstatcache -output-file-map /Users/runner/Library/Developer/Xcode/DerivedData/QelvoraApp-chovwfzcihvbrjemwlhqppehhyoa/Build/Intermediates.noindex/QelvoraApp.build/Debug-iphonesimulator/QelvoraUITests.build/Objects-normal/arm64/QelvoraUITests-OutputFileMap.json -save-temps -no-color-diagnostics -explicit-module-build -module-cache-path /Users/runner/Library/Developer/Xcode/DerivedData/QelvoraApp-chovwfzcihvbrjemwlhqppehhyoa/Build/Intermediates.noindex/SwiftExplicitPrecompiledModules -clang-scanner-module-cache-path /Users/runner/Library/Developer/Xcode/DerivedData/ModuleCache.noindex -sdk-module-cache-path /Users/runner/Library/Developer/Xcode/DerivedData/SDKExplicitPrecompiledModules -emit-dependencies -emit-module -emit-module-path /Users/runner/Library/Developer/Xcode/DerivedData/QelvoraApp-chovwfzcihvbrjemwlhqppehhyoa/Build/Intermediates.noindex/QelvoraApp.build/Debug-iphonesimulator/QelvoraUITests.build/Objects-normal/arm64/QelvoraUITests.swiftmodule -serialize-diagnostics -dependency-scan-serialize-diagnostics-path /Users/runner/Library/Developer/Xcode/DerivedData/QelvoraApp-chovwfzcihvbrjemwlhqppehhyoa/Build/Intermediates.noindex/QelvoraApp.build/Debug-iphonesimulator/QelvoraUITests.build/Objects-normal/arm64/QelvoraUITests-dependency-scan.dia -validate-clang-modules-once -clang-build-session-file /Users/runner/Library/Developer/Xcode/DerivedData/ModuleCache.noindex/Session.modulevalidation -Xcc -fmodules-prune-interval\=86400 -Xcc -fmodules-prune-after\=345600 -emit-const-values -const-gather-protocols-list /Users/runner/Library/Developer/Xcode/DerivedData/QelvoraApp-chovwfzcihvbrjemwlhqppehhyoa/Build/Intermediates.noindex/QelvoraApp.build/Debug-iphonesimulator/QelvoraUITests.build/Objects-normal/arm64/QelvoraUITests_const_extract_protocols.json -Xcc -iquote -Xcc /Users/runner/Library/Developer/Xcode/DerivedData/QelvoraApp-chovwfzcihvbrjemwlhqppehhyoa/Build/Intermediates.noindex/QelvoraApp.build/Debug-iphonesimulator/QelvoraUITests.build/QelvoraUITests-generated-files.hmap -Xcc -I/Users/runner/Library/Developer/Xcode/DerivedData/QelvoraApp-chovwfzcihvbrjemwlhqppehhyoa/Build/Intermediates.noindex/QelvoraApp.build/Debug-iphonesimulator/QelvoraUITests.build/QelvoraUITests-own-target-headers.hmap -Xcc -I/Users/runner/Library/Developer/Xcode/DerivedData/QelvoraApp-chovwfzcihvbrjemwlhqppehhyoa/Build/Intermediates.noindex/QelvoraApp.build/Debug-iphonesimulator/QelvoraUITests.build/QelvoraUITests-all-non-framework-target-headers.hmap -Xcc -ivfsoverlay -Xcc /Users/runner/Library/Developer/Xcode/DerivedData/QelvoraApp-chovwfzcihvbrjemwlhqppehhyoa/Build/Intermediates.noindex/QelvoraApp.build/Debug-iphonesimulator/QelvoraApp-29b244ef777fcfbcbef7f347c6fce175-VFS-iphonesimulator/all-product-headers.yaml -Xcc -iquote -Xcc /Users/runner/Library/Developer/Xcode/DerivedData/QelvoraApp-chovwfzcihvbrjemwlhqppehhyoa/Build/Intermediates.noindex/QelvoraApp.build/Debug-iphonesimulator/QelvoraUITests.build/QelvoraUITests-project-headers.hmap -Xcc -I/Users/runner/Library/Developer/Xcode/DerivedData/QelvoraApp-chovwfzcihvbrjemwlhqppehhyoa/Build/Products/Debug-iphonesimulator/include -Xcc -I/Users/runner/Library/Developer/Xcode/DerivedData/QelvoraApp-chovwfzcihvbrjemwlhqppehhyoa/Build/Intermediates.noindex/QelvoraApp.build/Debug-iphonesimulator/QelvoraUITests.build/DerivedSources-normal/arm64 -Xcc -I/Users/runner/Library/Developer/Xcode/DerivedData/QelvoraApp-chovwfzcihvbrjemwlhqppehhyoa/Build/Intermediates.noindex/QelvoraApp.build/Debug-iphonesimulator/QelvoraUITests.build/DerivedSources/arm64 -Xcc -I/Users/runner/Library/Developer/Xcode/DerivedData/QelvoraApp-chovwfzcihvbrjemwlhqppehhyoa/Build/Intermediates.noindex/QelvoraApp.build/Debug-iphonesimulator/QelvoraUITests.build/DerivedSources -Xcc -DDEBUG\=1 -emit-objc-header -emit-objc-header-path /Users/runner/Library/Developer/Xcode/DerivedData/QelvoraApp-chovwfzcihvbrjemwlhqppehhyoa/Build/Intermediates.noindex/QelvoraApp.build/Debug-iphonesimulator/QelvoraUITests.build/Objects-normal/arm64/QelvoraUITests-Swift.h -working-directory /Users/runner/work/creator-platform/creator-platform/apps/ios -experimental-emit-module-separately -disable-cmo
2026-09-30T20:48:50.1907720Z 
2026-09-30T20:48:50.2008760Z SwiftDriverJobDiscovery normal arm64 Compiling QelvoraApp.swift (in target 'QelvoraApp' from project 'QelvoraApp')
2026-09-30T20:48:50.2113040Z 
2026-09-30T20:48:50.2214160Z SwiftDriver\ Compilation QelvoraApp normal arm64 com.apple.xcode.tools.swift.compiler (in target 'QelvoraApp' from project 'QelvoraApp')
2026-09-30T20:48:50.2315540Z     cd /Users/runner/work/creator-platform/creator-platform/apps/ios
2026-09-30T20:48:50.2347000Z     builtin-Swift-Compilation -- /Applications/Xcode_27.app/Contents/Developer/Toolchains/XcodeDefault.xctoolchain/usr/bin/swiftc -module-name QelvoraApp -Onone @/Users/runner/Library/Developer/Xcode/DerivedData/QelvoraApp-chovwfzcihvbrjemwlhqppehhyoa/Build/Intermediates.noindex/QelvoraApp.build/Debug-iphonesimulator/QelvoraApp.build/Objects-normal/arm64/QelvoraApp.SwiftFileList -DDEBUG -enable-experimental-feature DebugDescriptionMacro -sdk /Applications/Xcode_27.app/Contents/Developer/Platforms/iPhoneSimulator.platform/Developer/SDKs/iPhoneSimulator27.0.sdk -target arm64-apple-ios17.0-simulator -g -module-cache-path /Users/runner/Library/Developer/Xcode/DerivedData/ModuleCache.noindex -Xfrontend -serialize-debugging-options -enable-testing -index-store-path /Users/runner/Library/Developer/Xcode/DerivedData/QelvoraApp-chovwfzcihvbrjemwlhqppehhyoa/Index.noindex/DataStore -Xcc -D_LIBCPP_HARDENING_MODE\=_LIBCPP_HARDENING_MODE_DEBUG -swift-version 6 -I /Users/runner/Library/Developer/Xcode/DerivedData/QelvoraApp-chovwfzcihvbrjemwlhqppehhyoa/Build/Products/Debug-iphonesimulator -F /Users/runner/Library/Developer/Xcode/DerivedData/QelvoraApp-chovwfzcihvbrjemwlhqppehhyoa/Build/Products/Debug-iphonesimulator/PackageFrameworks -F /Users/runner/Library/Developer/Xcode/DerivedData/QelvoraApp-chovwfzcihvbrjemwlhqppehhyoa/Build/Products/Debug-iphonesimulator -parse-as-library -c -j3 -enable-batch-mode -incremental -Xcc -ivfsstatcache -Xcc /Users/runner/Library/Developer/Xcode/DerivedData/SDKStatCaches.noindex/iphonesimulator27.0-24A430-155dc1fa6e968f55248c4516efa38917.sdkstatcache -output-file-map /Users/runner/Library/Developer/Xcode/DerivedData/QelvoraApp-chovwfzcihvbrjemwlhqppehhyoa/Build/Intermediates.noindex/QelvoraApp.build/Debug-iphonesimulator/QelvoraApp.build/Objects-normal/arm64/QelvoraApp-OutputFileMap.json -save-temps -no-color-diagnostics -explicit-module-build -module-cache-path /Users/runner/Library/Developer/Xcode/DerivedData/QelvoraApp-chovwfzcihvbrjemwlhqppehhyoa/Build/Intermediates.noindex/SwiftExplicitPrecompiledModules -clang-scanner-module-cache-path /Users/runner/Library/Developer/Xcode/DerivedData/ModuleCache.noindex -sdk-module-cache-path /Users/runner/Library/Developer/Xcode/DerivedData/SDKExplicitPrecompiledModules -emit-dependencies -emit-module -emit-module-path /Users/runner/Library/Developer/Xcode/DerivedData/QelvoraApp-chovwfzcihvbrjemwlhqppehhyoa/Build/Intermediates.noindex/QelvoraApp.build/Debug-iphonesimulator/QelvoraApp.build/Objects-normal/arm64/QelvoraApp.swiftmodule -serialize-diagnostics -dependency-scan-serialize-diagnostics-path /Users/runner/Library/Developer/Xcode/DerivedData/QelvoraApp-chovwfzcihvbrjemwlhqppehhyoa/Build/Intermediates.noindex/QelvoraApp.build/Debug-iphonesimulator/QelvoraApp.build/Objects-normal/arm64/QelvoraApp-dependency-scan.dia -validate-clang-modules-once -clang-build-session-file /Users/runner/Library/Developer/Xcode/DerivedData/ModuleCache.noindex/Session.modulevalidation -Xcc -fmodules-prune-interval\=86400 -Xcc -fmodules-prune-after\=345600 -emit-const-values -const-gather-protocols-list /Users/runner/Library/Developer/Xcode/DerivedData/QelvoraApp-chovwfzcihvbrjemwlhqppehhyoa/Build/Intermediates.noindex/QelvoraApp.build/Debug-iphonesimulator/QelvoraApp.build/Objects-normal/arm64/QelvoraApp_const_extract_protocols.json -Xcc -iquote -Xcc /Users/runner/Library/Developer/Xcode/DerivedData/QelvoraApp-chovwfzcihvbrjemwlhqppehhyoa/Build/Intermediates.noindex/QelvoraApp.build/Debug-iphonesimulator/QelvoraApp.build/QelvoraApp-generated-files.hmap -Xcc -I/Users/runner/Library/Developer/Xcode/DerivedData/QelvoraApp-chovwfzcihvbrjemwlhqppehhyoa/Build/Intermediates.noindex/QelvoraApp.build/Debug-iphonesimulator/QelvoraApp.build/QelvoraApp-own-target-headers.hmap -Xcc -I/Users/runner/Library/Developer/Xcode/DerivedData/QelvoraApp-chovwfzcihvbrjemwlhqppehhyoa/Build/Intermediates.noindex/QelvoraApp.build/Debug-iphonesimulator/QelvoraApp.build/QelvoraApp-all-non-framework-target-headers.hmap -Xcc -ivfsoverlay -Xcc /Users/runner/Library/Developer/Xcode/DerivedData/QelvoraApp-chovwfzcihvbrjemwlhqppehhyoa/Build/Intermediates.noindex/QelvoraApp.build/Debug-iphonesimulator/QelvoraApp-29b244ef777fcfbcbef7f347c6fce175-VFS-iphonesimulator/all-product-headers.yaml -Xcc -iquote -Xcc /Users/runner/Library/Developer/Xcode/DerivedData/QelvoraApp-chovwfzcihvbrjemwlhqppehhyoa/Build/Intermediates.noindex/QelvoraApp.build/Debug-iphonesimulator/QelvoraApp.build/QelvoraApp-project-headers.hmap -Xcc -I/Users/runner/Library/Developer/Xcode/DerivedData/QelvoraApp-chovwfzcihvbrjemwlhqppehhyoa/Build/Products/Debug-iphonesimulator/include -Xcc -I/Users/runner/Library/Developer/Xcode/DerivedData/QelvoraApp-chovwfzcihvbrjemwlhqppehhyoa/Build/Intermediates.noindex/QelvoraApp.build/Debug-iphonesimulator/QelvoraApp.build/DerivedSources-normal/arm64 -Xcc -I/Users/runner/Library/Developer/Xcode/DerivedData/QelvoraApp-chovwfzcihvbrjemwlhqppehhyoa/Build/Intermediates.noindex/QelvoraApp.build/Debug-iphonesimulator/QelvoraApp.build/DerivedSources/arm64 -Xcc -I/Users/runner/Library/Developer/Xcode/DerivedData/QelvoraApp-chovwfzcihvbrjemwlhqppehhyoa/Build/Intermediates.noindex/QelvoraApp.build/Debug-iphonesimulator/QelvoraApp.build/DerivedSources -Xcc -DDEBUG\=1 -emit-objc-header -emit-objc-header-path /Users/runner/Library/Developer/Xcode/DerivedData/QelvoraApp-chovwfzcihvbrjemwlhqppehhyoa/Build/Intermediates.noindex/QelvoraApp.build/Debug-iphonesimulator/QelvoraApp.build/Objects-normal/arm64/QelvoraApp-Swift.h -working-directory /Users/runner/work/creator-platform/creator-platform/apps/ios -experimental-emit-module-separately -disable-cmo
2026-09-30T20:48:50.2365210Z 
2026-09-30T20:48:50.2365950Z Ld /Users/runner/Library/Developer/Xcode/DerivedData/QelvoraApp-chovwfzcihvbrjemwlhqppehhyoa/Build/Products/Debug-iphonesimulator/QelvoraApp.app/QelvoraApp.debug.dylib normal (in target 'QelvoraApp' from project 'QelvoraApp')
2026-09-30T20:48:50.2366890Z     cd /Users/runner/work/creator-platform/creator-platform/apps/ios
2026-09-30T20:48:50.2376310Z     /Applications/Xcode_27.app/Contents/Developer/Toolchains/XcodeDefault.xctoolchain/usr/bin/clang -Xlinker -reproducible -target arm64-apple-ios17.0-simulator -dynamiclib -isysroot /Applications/Xcode_27.app/Contents/Developer/Platforms/iPhoneSimulator.platform/Developer/SDKs/iPhoneSimulator27.0.sdk -O0 -Xlinker -no_warn_duplicate_libraries -L/Users/runner/Library/Developer/Xcode/DerivedData/QelvoraApp-chovwfzcihvbrjemwlhqppehhyoa/Build/Intermediates.noindex/EagerLinkingTBDs/Debug-iphonesimulator -L/Users/runner/Library/Developer/Xcode/DerivedData/QelvoraApp-chovwfzcihvbrjemwlhqppehhyoa/Build/Products/Debug-iphonesimulator -F/Users/runner/Library/Developer/Xcode/DerivedData/QelvoraApp-chovwfzcihvbrjemwlhqppehhyoa/Build/Intermediates.noindex/EagerLinkingTBDs/Debug-iphonesimulator -F/Users/runner/Library/Developer/Xcode/DerivedData/QelvoraApp-chovwfzcihvbrjemwlhqppehhyoa/Build/Products/Debug-iphonesimulator/PackageFrameworks -F/Users/runner/Library/Developer/Xcode/DerivedData/QelvoraApp-chovwfzcihvbrjemwlhqppehhyoa/Build/Products/Debug-iphonesimulator -filelist /Users/runner/Library/Developer/Xcode/DerivedData/QelvoraApp-chovwfzcihvbrjemwlhqppehhyoa/Build/Intermediates.noindex/QelvoraApp.build/Debug-iphonesimulator/QelvoraApp.build/Objects-normal/arm64/QelvoraApp.LinkFileList -install_name @rpath/QelvoraApp.debug.dylib -Xlinker -rpath -Xlinker /usr/lib/swift -Xlinker -rpath -Xlinker @loader_path -Xlinker -rpath -Xlinker /Users/runner/Library/Developer/Xcode/DerivedData/QelvoraApp-chovwfzcihvbrjemwlhqppehhyoa/Build/Products/Debug-iphonesimulator/PackageFrameworks -Xlinker -rpath -Xlinker @executable_path/Frameworks -Xlinker -dead_strip -Xlinker -object_path_lto -Xlinker /Users/runner/Library/Developer/Xcode/DerivedData/QelvoraApp-chovwfzcihvbrjemwlhqppehhyoa/Build/Intermediates.noindex/QelvoraApp.build/Debug-iphonesimulator/QelvoraApp.build/Objects-normal/arm64/QelvoraApp_lto.o -rdynamic -Xlinker -no_deduplicate -Xlinker -objc_abi_version -Xlinker 2 -Xlinker -dependency_info -Xlinker /Users/runner/Library/Developer/Xcode/DerivedData/QelvoraApp-chovwfzcihvbrjemwlhqppehhyoa/Build/Intermediates.noindex/QelvoraApp.build/Debug-iphonesimulator/QelvoraApp.build/Objects-normal/arm64/QelvoraApp_dependency_info.dat -fobjc-link-runtime -L/Applications/Xcode_27.app/Contents/Developer/Toolchains/XcodeDefault.xctoolchain/usr/lib/swift/iphonesimulator -L/usr/lib/swift -Xlinker -add_ast_path -Xlinker /Users/runner/Library/Developer/Xcode/DerivedData/QelvoraApp-chovwfzcihvbrjemwlhqppehhyoa/Build/Intermediates.noindex/QelvoraApp.build/Debug-iphonesimulator/QelvoraApp.build/Objects-normal/arm64/QelvoraApp.swiftmodule -Xlinker -alias -Xlinker _main -Xlinker ___debug_main_executable_dylib_entry_point -Xlinker -no_adhoc_codesign -o /Users/runner/Library/Developer/Xcode/DerivedData/QelvoraApp-chovwfzcihvbrjemwlhqppehhyoa/Build/Products/Debug-iphonesimulator/QelvoraApp.app/QelvoraApp.debug.dylib
2026-09-30T20:48:50.4282780Z 
2026-09-30T20:48:50.4284630Z SwiftExplicitDependencyGeneratePcm arm64 /Users/runner/Library/Developer/Xcode/DerivedData/QelvoraApp-chovwfzcihvbrjemwlhqppehhyoa/Build/Intermediates.noindex/SwiftExplicitPrecompiledModules/XCUIAutomation-CFWR1DTIXOPJDQ3A0GCAS3HHS.pcm
2026-09-30T20:48:50.4285550Z 
2026-09-30T20:48:50.4286300Z SwiftExplicitDependencyGeneratePcm arm64 /Users/runner/Library/Developer/Xcode/DerivedData/QelvoraApp-chovwfzcihvbrjemwlhqppehhyoa/Build/Intermediates.noindex/SwiftExplicitPrecompiledModules/XCTest-DF83Q7NAN0DL3D5G208XQA623.pcm
2026-09-30T20:48:50.4287140Z 
2026-09-30T20:48:50.4287960Z SwiftExplicitDependencyCompileModuleFromInterface arm64 /Users/runner/Library/Developer/Xcode/DerivedData/QelvoraApp-chovwfzcihvbrjemwlhqppehhyoa/Build/Intermediates.noindex/SwiftExplicitPrecompiledModules/XCUIAutomation-2IGGF6UNG1MAC.swiftmodule
2026-09-30T20:48:50.4288760Z 
2026-09-30T20:48:50.4289560Z SwiftExplicitDependencyCompileModuleFromInterface arm64 /Users/runner/Library/Developer/Xcode/DerivedData/QelvoraApp-chovwfzcihvbrjemwlhqppehhyoa/Build/Intermediates.noindex/SwiftExplicitPrecompiledModules/XCTest-2KNK49HOGZI3A.swiftmodule
2026-09-30T20:48:50.6513480Z 
2026-09-30T20:48:50.6518200Z ConstructStubExecutorLinkFileList /Users/runner/Library/Developer/Xcode/DerivedData/QelvoraApp-chovwfzcihvbrjemwlhqppehhyoa/Build/Intermediates.noindex/QelvoraApp.build/Debug-iphonesimulator/QelvoraApp.build/QelvoraApp-ExecutorLinkFileList-normal-arm64.txt (in target 'QelvoraApp' from project 'QelvoraApp')
2026-09-30T20:48:50.6519660Z     cd /Users/runner/work/creator-platform/creator-platform/apps/ios
2026-09-30T20:48:50.6522290Z     construct-stub-executor-link-file-list /Users/runner/Library/Developer/Xcode/DerivedData/QelvoraApp-chovwfzcihvbrjemwlhqppehhyoa/Build/Products/Debug-iphonesimulator/QelvoraApp.app/QelvoraApp.debug.dylib /Applications/Xcode_27.app/Contents/Developer/Platforms/iPhoneSimulator.platform/Developer/usr/lib/libPreviewsJITStubExecutor_no_swift_entry_point.a /Applications/Xcode_27.app/Contents/Developer/Platforms/iPhoneSimulator.platform/Developer/usr/lib/libPreviewsJITStubExecutor.a --output /Users/runner/Library/Developer/Xcode/DerivedData/QelvoraApp-chovwfzcihvbrjemwlhqppehhyoa/Build/Intermediates.noindex/QelvoraApp.build/Debug-iphonesimulator/QelvoraApp.build/QelvoraApp-ExecutorLinkFileList-normal-arm64.txt
2026-09-30T20:48:50.6524980Z note: Using stub executor library with Swift entry point. (in target 'QelvoraApp' from project 'QelvoraApp')
2026-09-30T20:48:50.6525310Z 
2026-09-30T20:48:50.6525900Z Ld /Users/runner/Library/Developer/Xcode/DerivedData/QelvoraApp-chovwfzcihvbrjemwlhqppehhyoa/Build/Products/Debug-iphonesimulator/QelvoraApp.app/QelvoraApp normal (in target 'QelvoraApp' from project 'QelvoraApp')
2026-09-30T20:48:50.6526700Z     cd /Users/runner/work/creator-platform/creator-platform/apps/ios
2026-09-30T20:48:50.6542060Z     /Applications/Xcode_27.app/Contents/Developer/Toolchains/XcodeDefault.xctoolchain/usr/bin/clang -Xlinker -reproducible -target arm64-apple-ios17.0-simulator -isysroot /Applications/Xcode_27.app/Contents/Developer/Platforms/iPhoneSimulator.platform/Developer/SDKs/iPhoneSimulator27.0.sdk -O0 -Xlinker -no_warn_duplicate_libraries -L/Users/runner/Library/Developer/Xcode/DerivedData/QelvoraApp-chovwfzcihvbrjemwlhqppehhyoa/Build/Products/Debug-iphonesimulator -F/Users/runner/Library/Developer/Xcode/DerivedData/QelvoraApp-chovwfzcihvbrjemwlhqppehhyoa/Build/Products/Debug-iphonesimulator/PackageFrameworks -F/Users/runner/Library/Developer/Xcode/DerivedData/QelvoraApp-chovwfzcihvbrjemwlhqppehhyoa/Build/Products/Debug-iphonesimulator -Xlinker -rpath -Xlinker @executable_path -Xlinker -rpath -Xlinker @loader_path -Xlinker -rpath -Xlinker /Users/runner/Library/Developer/Xcode/DerivedData/QelvoraApp-chovwfzcihvbrjemwlhqppehhyoa/Build/Products/Debug-iphonesimulator/PackageFrameworks -Xlinker -rpath -Xlinker @executable_path/Frameworks -rdynamic -Xlinker -no_deduplicate -Xlinker -objc_abi_version -Xlinker 2 -e ___debug_blank_executor_main -Xlinker -sectcreate -Xlinker __TEXT -Xlinker __debug_dylib -Xlinker /Users/runner/Library/Developer/Xcode/DerivedData/QelvoraApp-chovwfzcihvbrjemwlhqppehhyoa/Build/Intermediates.noindex/QelvoraApp.build/Debug-iphonesimulator/QelvoraApp.build/QelvoraApp-DebugDylibPath-normal-arm64.txt -Xlinker -sectcreate -Xlinker __TEXT -Xlinker __debug_instlnm -Xlinker /Users/runner/Library/Developer/Xcode/DerivedData/QelvoraApp-chovwfzcihvbrjemwlhqppehhyoa/Build/Intermediates.noindex/QelvoraApp.build/Debug-iphonesimulator/QelvoraApp.build/QelvoraApp-DebugDylibInstallName-normal-arm64.txt -Xlinker -filelist -Xlinker /Users/runner/Library/Developer/Xcode/DerivedData/QelvoraApp-chovwfzcihvbrjemwlhqppehhyoa/Build/Intermediates.noindex/QelvoraApp.build/Debug-iphonesimulator/QelvoraApp.build/QelvoraApp-ExecutorLinkFileList-normal-arm64.txt -Xlinker -sectcreate -Xlinker __TEXT -Xlinker __entitlements -Xlinker /Users/runner/Library/Developer/Xcode/DerivedData/QelvoraApp-chovwfzcihvbrjemwlhqppehhyoa/Build/Intermediates.noindex/QelvoraApp.build/Debug-iphonesimulator/QelvoraApp.build/QelvoraApp.app-Simulated.xcent -Xlinker -sectcreate -Xlinker __TEXT -Xlinker __ents_der -Xlinker /Users/runner/Library/Developer/Xcode/DerivedData/QelvoraApp-chovwfzcihvbrjemwlhqppehhyoa/Build/Intermediates.noindex/QelvoraApp.build/Debug-iphonesimulator/QelvoraApp.build/QelvoraApp.app-Simulated.xcent.der /Users/runner/Library/Developer/Xcode/DerivedData/QelvoraApp-chovwfzcihvbrjemwlhqppehhyoa/Build/Products/Debug-iphonesimulator/QelvoraApp.app/QelvoraApp.debug.dylib -Xlinker -no_adhoc_codesign -o /Users/runner/Library/Developer/Xcode/DerivedData/QelvoraApp-chovwfzcihvbrjemwlhqppehhyoa/Build/Products/Debug-iphonesimulator/QelvoraApp.app/QelvoraApp
2026-09-30T20:48:50.6551620Z 
2026-09-30T20:48:50.6552210Z CopySwiftLibs /Users/runner/Library/Developer/Xcode/DerivedData/QelvoraApp-chovwfzcihvbrjemwlhqppehhyoa/Build/Products/Debug-iphonesimulator/QelvoraApp.app (in target 'QelvoraApp' from project 'QelvoraApp')
2026-09-30T20:48:50.6553010Z     cd /Users/runner/work/creator-platform/creator-platform/apps/ios
2026-09-30T20:48:50.6558320Z     builtin-swiftStdLibTool --copy --verbose --sign - --scan-executable /Users/runner/Library/Developer/Xcode/DerivedData/QelvoraApp-chovwfzcihvbrjemwlhqppehhyoa/Build/Products/Debug-iphonesimulator/QelvoraApp.app/QelvoraApp.debug.dylib --scan-folder /Users/runner/Library/Developer/Xcode/DerivedData/QelvoraApp-chovwfzcihvbrjemwlhqppehhyoa/Build/Products/Debug-iphonesimulator/QelvoraApp.app/Frameworks --scan-folder /Users/runner/Library/Developer/Xcode/DerivedData/QelvoraApp-chovwfzcihvbrjemwlhqppehhyoa/Build/Products/Debug-iphonesimulator/QelvoraApp.app/PlugIns --scan-folder /Users/runner/Library/Developer/Xcode/DerivedData/QelvoraApp-chovwfzcihvbrjemwlhqppehhyoa/Build/Products/Debug-iphonesimulator/QelvoraApp.app/SystemExtensions --scan-folder /Users/runner/Library/Developer/Xcode/DerivedData/QelvoraApp-chovwfzcihvbrjemwlhqppehhyoa/Build/Products/Debug-iphonesimulator/QelvoraApp.app/Extensions --platform iphonesimulator --toolchain /Applications/Xcode_27.app/Contents/Developer/Toolchains/XcodeDefault.xctoolchain --destination /Users/runner/Library/Developer/Xcode/DerivedData/QelvoraApp-chovwfzcihvbrjemwlhqppehhyoa/Build/Products/Debug-iphonesimulator/QelvoraApp.app/Frameworks --strip-bitcode --strip-bitcode-tool /Applications/Xcode_27.app/Contents/Developer/Toolchains/XcodeDefault.xctoolchain/usr/bin/bitcode_strip --emit-dependency-info /Users/runner/Library/Developer/Xcode/DerivedData/QelvoraApp-chovwfzcihvbrjemwlhqppehhyoa/Build/Intermediates.noindex/QelvoraApp.build/Debug-iphonesimulator/QelvoraApp.build/SwiftStdLibToolInputDependencies.dep --filter-for-swift-os
2026-09-30T20:48:50.6563330Z 
2026-09-30T20:48:50.6563510Z ExtractAppIntentsMetadata (in target 'QelvoraApp' from project 'QelvoraApp')
2026-09-30T20:48:50.6563900Z     cd /Users/runner/work/creator-platform/creator-platform/apps/ios
2026-09-30T20:48:50.6571600Z     /Applications/Xcode_27.app/Contents/Developer/Toolchains/XcodeDefault.xctoolchain/usr/bin/appintentsmetadataprocessor --toolchain-dir /Applications/Xcode_27.app/Contents/Developer/Toolchains/XcodeDefault.xctoolchain --module-name QelvoraApp --sdk-root /Applications/Xcode_27.app/Contents/Developer/Platforms/iPhoneSimulator.platform/Developer/SDKs/iPhoneSimulator27.0.sdk --xcode-version 27A266a --platform-family iOS --deployment-target 17.0 --bundle-identifier com.pantopus.qelvora --output /Users/runner/Library/Developer/Xcode/DerivedData/QelvoraApp-chovwfzcihvbrjemwlhqppehhyoa/Build/Products/Debug-iphonesimulator/QelvoraApp.app --target-triple arm64-apple-ios17.0-simulator --binary-file /Users/runner/Library/Developer/Xcode/DerivedData/QelvoraApp-chovwfzcihvbrjemwlhqppehhyoa/Build/Products/Debug-iphonesimulator/QelvoraApp.app/QelvoraApp --dependency-file /Users/runner/Library/Developer/Xcode/DerivedData/QelvoraApp-chovwfzcihvbrjemwlhqppehhyoa/Build/Intermediates.noindex/QelvoraApp.build/Debug-iphonesimulator/QelvoraApp.build/Objects-normal/arm64/QelvoraApp_dependency_info.dat --stringsdata-file /Users/runner/Library/Developer/Xcode/DerivedData/QelvoraApp-chovwfzcihvbrjemwlhqppehhyoa/Build/Intermediates.noindex/QelvoraApp.build/Debug-iphonesimulator/QelvoraApp.build/Objects-normal/arm64/ExtractedAppShortcutsMetadata.stringsdata --source-file-list /Users/runner/Library/Developer/Xcode/DerivedData/QelvoraApp-chovwfzcihvbrjemwlhqppehhyoa/Build/Intermediates.noindex/QelvoraApp.build/Debug-iphonesimulator/QelvoraApp.build/Objects-normal/arm64/QelvoraApp.SwiftFileList --metadata-file-list /Users/runner/Library/Developer/Xcode/DerivedData/QelvoraApp-chovwfzcihvbrjemwlhqppehhyoa/Build/Intermediates.noindex/QelvoraApp.build/Debug-iphonesimulator/QelvoraApp.build/QelvoraApp.DependencyMetadataFileList --static-metadata-file-list /Users/runner/Library/Developer/Xcode/DerivedData/QelvoraApp-chovwfzcihvbrjemwlhqppehhyoa/Build/Intermediates.noindex/QelvoraApp.build/Debug-iphonesimulator/QelvoraApp.build/QelvoraApp.DependencyStaticMetadataFileList --swift-const-vals-list /Users/runner/Library/Developer/Xcode/DerivedData/QelvoraApp-chovwfzcihvbrjemwlhqppehhyoa/Build/Intermediates.noindex/QelvoraApp.build/Debug-iphonesimulator/QelvoraApp.build/Objects-normal/arm64/QelvoraApp.SwiftConstValuesFileList --compile-time-extraction --deployment-aware-processing --no-app-shortcuts-localization
2026-09-30T20:48:50.6579530Z 2026-09-30 20:48:50.485 appintentsmetadataprocessor[5768:19905] Starting appintentsmetadataprocessor export
2026-09-30T20:48:50.6580250Z 2026-09-30 20:48:50.487 appintentsmetadataprocessor[5768:19905] warning: Metadata extraction skipped, no AppIntents.framework dependency found
2026-09-30T20:48:50.6580710Z 
2026-09-30T20:48:50.6580870Z AppIntentsSSUTraining (in target 'QelvoraApp' from project 'QelvoraApp')
2026-09-30T20:48:50.6581250Z     cd /Users/runner/work/creator-platform/creator-platform/apps/ios
2026-09-30T20:48:50.6589810Z     /Applications/Xcode_27.app/Contents/Developer/Toolchains/XcodeDefault.xctoolchain/usr/bin/appintentsnltrainingprocessor --infoplist-path /Users/runner/Library/Developer/Xcode/DerivedData/QelvoraApp-chovwfzcihvbrjemwlhqppehhyoa/Build/Products/Debug-iphonesimulator/QelvoraApp.app/Info.plist --temp-dir-path /Users/runner/Library/Developer/Xcode/DerivedData/QelvoraApp-chovwfzcihvbrjemwlhqppehhyoa/Build/Intermediates.noindex/QelvoraApp.build/Debug-iphonesimulator/QelvoraApp.build/ssu --bundle-id com.pantopus.qelvora --product-path /Users/runner/Library/Developer/Xcode/DerivedData/QelvoraApp-chovwfzcihvbrjemwlhqppehhyoa/Build/Products/Debug-iphonesimulator/QelvoraApp.app --extracted-metadata-path /Users/runner/Library/Developer/Xcode/DerivedData/QelvoraApp-chovwfzcihvbrjemwlhqppehhyoa/Build/Products/Debug-iphonesimulator/QelvoraApp.app/Metadata.appintents --metadata-file-list /Users/runner/Library/Developer/Xcode/DerivedData/QelvoraApp-chovwfzcihvbrjemwlhqppehhyoa/Build/Intermediates.noindex/QelvoraApp.build/Debug-iphonesimulator/QelvoraApp.build/QelvoraApp.DependencyMetadataFileList --source-file /Users/runner/Library/Developer/Xcode/DerivedData/QelvoraApp-chovwfzcihvbrjemwlhqppehhyoa/Build/Products/Debug-iphonesimulator/QelvoraApp.app/Info.plist --archive-ssu-assets
2026-09-30T20:48:50.6594200Z 2026-09-30 20:48:50.523 appintentsnltrainingprocessor[5769:19906] Parsing options for appintentsnltrainingprocessor
2026-09-30T20:48:50.6594780Z 2026-09-30 20:48:50.523 appintentsnltrainingprocessor[5769:19906] Starting AppIntents SSU YAML Generation
2026-09-30T20:48:50.6595310Z 2026-09-30 20:48:50.525 appintentsnltrainingprocessor[5769:19906] No AppShortcuts found - Skipping.
2026-09-30T20:48:50.6595690Z 
2026-09-30T20:48:50.6596360Z CodeSign /Users/runner/Library/Developer/Xcode/DerivedData/QelvoraApp-chovwfzcihvbrjemwlhqppehhyoa/Build/Products/Debug-iphonesimulator/QelvoraApp.app/QelvoraApp.debug.dylib (in target 'QelvoraApp' from project 'QelvoraApp')
2026-09-30T20:48:50.6597200Z     cd /Users/runner/work/creator-platform/creator-platform/apps/ios
2026-09-30T20:48:50.6597470Z     
2026-09-30T20:48:50.6597620Z     Signing Identity:     "Sign to Run Locally"
2026-09-30T20:48:50.6597820Z     
2026-09-30T20:48:50.6598570Z     /usr/bin/codesign --force --sign - --timestamp\=none --generate-entitlement-der /Users/runner/Library/Developer/Xcode/DerivedData/QelvoraApp-chovwfzcihvbrjemwlhqppehhyoa/Build/Products/Debug-iphonesimulator/QelvoraApp.app/QelvoraApp.debug.dylib
2026-09-30T20:48:50.6599520Z 
2026-09-30T20:48:50.6600120Z CodeSign /Users/runner/Library/Developer/Xcode/DerivedData/QelvoraApp-chovwfzcihvbrjemwlhqppehhyoa/Build/Products/Debug-iphonesimulator/QelvoraApp.app/__preview.dylib (in target 'QelvoraApp' from project 'QelvoraApp')
2026-09-30T20:48:50.6601040Z     cd /Users/runner/work/creator-platform/creator-platform/apps/ios
2026-09-30T20:48:50.6601310Z     
2026-09-30T20:48:50.6601460Z     Signing Identity:     "Sign to Run Locally"
2026-09-30T20:48:50.6601660Z     
2026-09-30T20:48:50.6602380Z     /usr/bin/codesign --force --sign - --timestamp\=none --generate-entitlement-der /Users/runner/Library/Developer/Xcode/DerivedData/QelvoraApp-chovwfzcihvbrjemwlhqppehhyoa/Build/Products/Debug-iphonesimulator/QelvoraApp.app/__preview.dylib
2026-09-30T20:48:50.6603140Z 
2026-09-30T20:48:50.6603700Z CodeSign /Users/runner/Library/Developer/Xcode/DerivedData/QelvoraApp-chovwfzcihvbrjemwlhqppehhyoa/Build/Products/Debug-iphonesimulator/QelvoraApp.app (in target 'QelvoraApp' from project 'QelvoraApp')
2026-09-30T20:48:50.6604460Z     cd /Users/runner/work/creator-platform/creator-platform/apps/ios
2026-09-30T20:48:50.6604720Z     
2026-09-30T20:48:50.6604870Z     Signing Identity:     "Sign to Run Locally"
2026-09-30T20:48:50.6605080Z     
2026-09-30T20:48:50.6605740Z     /usr/bin/codesign --force --sign - --timestamp\=none --generate-entitlement-der /Users/runner/Library/Developer/Xcode/DerivedData/QelvoraApp-chovwfzcihvbrjemwlhqppehhyoa/Build/Products/Debug-iphonesimulator/QelvoraApp.app
2026-09-30T20:48:50.6606420Z 
2026-09-30T20:48:50.6607050Z RegisterExecutionPolicyException /Users/runner/Library/Developer/Xcode/DerivedData/QelvoraApp-chovwfzcihvbrjemwlhqppehhyoa/Build/Products/Debug-iphonesimulator/QelvoraApp.app (in target 'QelvoraApp' from project 'QelvoraApp')
2026-09-30T20:48:50.6607890Z     cd /Users/runner/work/creator-platform/creator-platform/apps/ios
2026-09-30T20:48:50.6608620Z     builtin-RegisterExecutionPolicyException /Users/runner/Library/Developer/Xcode/DerivedData/QelvoraApp-chovwfzcihvbrjemwlhqppehhyoa/Build/Products/Debug-iphonesimulator/QelvoraApp.app
2026-09-30T20:48:50.6609500Z 
2026-09-30T20:48:50.6610060Z Validate /Users/runner/Library/Developer/Xcode/DerivedData/QelvoraApp-chovwfzcihvbrjemwlhqppehhyoa/Build/Products/Debug-iphonesimulator/QelvoraApp.app (in target 'QelvoraApp' from project 'QelvoraApp')
2026-09-30T20:48:50.6610820Z     cd /Users/runner/work/creator-platform/creator-platform/apps/ios
2026-09-30T20:48:50.6611640Z     builtin-validationUtility /Users/runner/Library/Developer/Xcode/DerivedData/QelvoraApp-chovwfzcihvbrjemwlhqppehhyoa/Build/Products/Debug-iphonesimulator/QelvoraApp.app -shallow-bundle -infoplist-subpath Info.plist
2026-09-30T20:48:50.6612330Z 
2026-09-30T20:48:50.6612880Z Touch /Users/runner/Library/Developer/Xcode/DerivedData/QelvoraApp-chovwfzcihvbrjemwlhqppehhyoa/Build/Products/Debug-iphonesimulator/QelvoraApp.app (in target 'QelvoraApp' from project 'QelvoraApp')
2026-09-30T20:48:50.6613630Z     cd /Users/runner/work/creator-platform/creator-platform/apps/ios
2026-09-30T20:48:50.6614280Z     /usr/bin/touch -c /Users/runner/Library/Developer/Xcode/DerivedData/QelvoraApp-chovwfzcihvbrjemwlhqppehhyoa/Build/Products/Debug-iphonesimulator/QelvoraApp.app
2026-09-30T20:48:50.6614790Z 
2026-09-30T20:48:50.6616200Z ProcessInfoPlistFile /Users/runner/Library/Developer/Xcode/DerivedData/QelvoraApp-chovwfzcihvbrjemwlhqppehhyoa/Build/Products/Debug-iphonesimulator/QelvoraUITests-Runner.app/PlugIns/QelvoraUITests.xctest/Info.plist /Users/runner/Library/Developer/Xcode/DerivedData/QelvoraApp-chovwfzcihvbrjemwlhqppehhyoa/Build/Intermediates.noindex/QelvoraApp.build/Debug-iphonesimulator/QelvoraUITests.build/empty-QelvoraUITests.plist (in target 'QelvoraUITests' from project 'QelvoraApp')
2026-09-30T20:48:50.6617980Z     cd /Users/runner/work/creator-platform/creator-platform/apps/ios
2026-09-30T20:48:50.6620870Z     builtin-infoPlistUtility /Users/runner/Library/Developer/Xcode/DerivedData/QelvoraApp-chovwfzcihvbrjemwlhqppehhyoa/Build/Intermediates.noindex/QelvoraApp.build/Debug-iphonesimulator/QelvoraUITests.build/empty-QelvoraUITests.plist -producttype com.apple.product-type.bundle.ui-testing -expandbuildsettings -format binary -platform iphonesimulator -additionalcontentfile /Users/runner/Library/Developer/Xcode/DerivedData/QelvoraApp-chovwfzcihvbrjemwlhqppehhyoa/Build/Intermediates.noindex/QelvoraApp.build/Debug-iphonesimulator/QelvoraUITests.build/ProductTypeInfoPlistAdditions.plist -o /Users/runner/Library/Developer/Xcode/DerivedData/QelvoraApp-chovwfzcihvbrjemwlhqppehhyoa/Build/Products/Debug-iphonesimulator/QelvoraUITests-Runner.app/PlugIns/QelvoraUITests.xctest/Info.plist
2026-09-30T20:48:50.6628840Z 
2026-09-30T20:48:50.6629540Z SwiftEmitModule normal arm64 Emitting\ module\ for\ QelvoraUITests (in target 'QelvoraUITests' from project 'QelvoraApp')
2026-09-30T20:48:50.7382490Z 
2026-09-30T20:48:50.7397700Z SwiftCompile normal arm64 (in target 'QelvoraUITests' from project 'QelvoraApp')
2026-09-30T20:48:50.7398320Z     cd /Users/runner/work/creator-platform/creator-platform/apps/ios
2026-09-30T20:48:50.7398640Z     
2026-09-30T20:48:50.7398810Z 
2026-09-30T20:48:50.7399440Z SwiftCompile normal arm64 Compiling\ FoundationFlowTests.swift /Users/runner/work/creator-platform/creator-platform/apps/ios/UITests/FoundationFlowTests.swift (in target 'QelvoraUITests' from project 'QelvoraApp')
2026-09-30T20:48:51.3028420Z 
2026-09-30T20:48:51.3035950Z SwiftCompile normal arm64 /Users/runner/work/creator-platform/creator-platform/apps/ios/UITests/FoundationFlowTests.swift (in target 'QelvoraUITests' from project 'QelvoraApp')
2026-09-30T20:48:51.3036750Z     cd /Users/runner/work/creator-platform/creator-platform/apps/ios
2026-09-30T20:48:51.3037170Z     builtin-SwiftPerFileCompile FoundationFlowTests.swift
2026-09-30T20:48:51.3037470Z 
2026-09-30T20:48:51.3037850Z SwiftDriverJobDiscovery normal arm64 Emitting module for QelvoraUITests (in target 'QelvoraUITests' from project 'QelvoraApp')
2026-09-30T20:48:51.3040630Z 
2026-09-30T20:48:51.3041240Z SwiftDriver\ Compilation\ Requirements QelvoraUITests normal arm64 com.apple.xcode.tools.swift.compiler (in target 'QelvoraUITests' from project 'QelvoraApp')
2026-09-30T20:48:51.3041950Z     cd /Users/runner/work/creator-platform/creator-platform/apps/ios
2026-09-30T20:48:51.3063460Z     builtin-Swift-Compilation-Requirements -- /Applications/Xcode_27.app/Contents/Developer/Toolchains/XcodeDefault.xctoolchain/usr/bin/swiftc -module-name QelvoraUITests -Onone @/Users/runner/Library/Developer/Xcode/DerivedData/QelvoraApp-chovwfzcihvbrjemwlhqppehhyoa/Build/Intermediates.noindex/QelvoraApp.build/Debug-iphonesimulator/QelvoraUITests.build/Objects-normal/arm64/QelvoraUITests.SwiftFileList -DDEBUG -module-alias Testing\=_Testing_Unavailable -plugin-path /Applications/Xcode_27.app/Contents/Developer/Toolchains/XcodeDefault.xctoolchain/usr/lib/swift/host/plugins/testing -enable-experimental-feature DebugDescriptionMacro -sdk /Applications/Xcode_27.app/Contents/Developer/Platforms/iPhoneSimulator.platform/Developer/SDKs/iPhoneSimulator27.0.sdk -target arm64-apple-ios17.0-simulator -g -module-cache-path /Users/runner/Library/Developer/Xcode/DerivedData/ModuleCache.noindex -Xfrontend -serialize-debugging-options -enable-testing -index-store-path /Users/runner/Library/Developer/Xcode/DerivedData/QelvoraApp-chovwfzcihvbrjemwlhqppehhyoa/Index.noindex/DataStore -Xcc -D_LIBCPP_HARDENING_MODE\=_LIBCPP_HARDENING_MODE_DEBUG -swift-version 6 -I /Users/runner/Library/Developer/Xcode/DerivedData/QelvoraApp-chovwfzcihvbrjemwlhqppehhyoa/Build/Products/Debug-iphonesimulator -Isystem /Applications/Xcode_27.app/Contents/Developer/Platforms/iPhoneSimulator.platform/Developer/usr/lib -F /Users/runner/Library/Developer/Xcode/DerivedData/QelvoraApp-chovwfzcihvbrjemwlhqppehhyoa/Build/Products/Debug-iphonesimulator -F /Applications/Xcode_27.app/Contents/Developer/Platforms/iPhoneSimulator.platform/Developer/Library/Frameworks -F /Applications/Xcode_27.app/Contents/Developer/Platforms/iPhoneSimulator.platform/Developer/SDKs/iPhoneSimulator27.0.sdk/Developer/Library/Frameworks -parse-as-library -c -j3 -enable-batch-mode -incremental -Xcc -ivfsstatcache -Xcc /Users/runner/Library/Developer/Xcode/DerivedData/SDKStatCaches.noindex/iphonesimulator27.0-24A430-155dc1fa6e968f55248c4516efa38917.sdkstatcache -output-file-map /Users/runner/Library/Developer/Xcode/DerivedData/QelvoraApp-chovwfzcihvbrjemwlhqppehhyoa/Build/Intermediates.noindex/QelvoraApp.build/Debug-iphonesimulator/QelvoraUITests.build/Objects-normal/arm64/QelvoraUITests-OutputFileMap.json -save-temps -no-color-diagnostics -explicit-module-build -module-cache-path /Users/runner/Library/Developer/Xcode/DerivedData/QelvoraApp-chovwfzcihvbrjemwlhqppehhyoa/Build/Intermediates.noindex/SwiftExplicitPrecompiledModules -clang-scanner-module-cache-path /Users/runner/Library/Developer/Xcode/DerivedData/ModuleCache.noindex -sdk-module-cache-path /Users/runner/Library/Developer/Xcode/DerivedData/SDKExplicitPrecompiledModules -emit-dependencies -emit-module -emit-module-path /Users/runner/Library/Developer/Xcode/DerivedData/QelvoraApp-chovwfzcihvbrjemwlhqppehhyoa/Build/Intermediates.noindex/QelvoraApp.build/Debug-iphonesimulator/QelvoraUITests.build/Objects-normal/arm64/QelvoraUITests.swiftmodule -serialize-diagnostics -dependency-scan-serialize-diagnostics-path /Users/runner/Library/Developer/Xcode/DerivedData/QelvoraApp-chovwfzcihvbrjemwlhqppehhyoa/Build/Intermediates.noindex/QelvoraApp.build/Debug-iphonesimulator/QelvoraUITests.build/Objects-normal/arm64/QelvoraUITests-dependency-scan.dia -validate-clang-modules-once -clang-build-session-file /Users/runner/Library/Developer/Xcode/DerivedData/ModuleCache.noindex/Session.modulevalidation -Xcc -fmodules-prune-interval\=86400 -Xcc -fmodules-prune-after\=345600 -emit-const-values -const-gather-protocols-list /Users/runner/Library/Developer/Xcode/DerivedData/QelvoraApp-chovwfzcihvbrjemwlhqppehhyoa/Build/Intermediates.noindex/QelvoraApp.build/Debug-iphonesimulator/QelvoraUITests.build/Objects-normal/arm64/QelvoraUITests_const_extract_protocols.json -Xcc -iquote -Xcc /Users/runner/Library/Developer/Xcode/DerivedData/QelvoraApp-chovwfzcihvbrjemwlhqppehhyoa/Build/Intermediates.noindex/QelvoraApp.build/Debug-iphonesimulator/QelvoraUITests.build/QelvoraUITests-generated-files.hmap -Xcc -I/Users/runner/Library/Developer/Xcode/DerivedData/QelvoraApp-chovwfzcihvbrjemwlhqppehhyoa/Build/Intermediates.noindex/QelvoraApp.build/Debug-iphonesimulator/QelvoraUITests.build/QelvoraUITests-own-target-headers.hmap -Xcc -I/Users/runner/Library/Developer/Xcode/DerivedData/QelvoraApp-chovwfzcihvbrjemwlhqppehhyoa/Build/Intermediates.noindex/QelvoraApp.build/Debug-iphonesimulator/QelvoraUITests.build/QelvoraUITests-all-non-framework-target-headers.hmap -Xcc -ivfsoverlay -Xcc /Users/runner/Library/Developer/Xcode/DerivedData/QelvoraApp-chovwfzcihvbrjemwlhqppehhyoa/Build/Intermediates.noindex/QelvoraApp.build/Debug-iphonesimulator/QelvoraApp-29b244ef777fcfbcbef7f347c6fce175-VFS-iphonesimulator/all-product-headers.yaml -Xcc -iquote -Xcc /Users/runner/Library/Developer/Xcode/DerivedData/QelvoraApp-chovwfzcihvbrjemwlhqppehhyoa/Build/Intermediates.noindex/QelvoraApp.build/Debug-iphonesimulator/QelvoraUITests.build/QelvoraUITests-project-headers.hmap -Xcc -I/Users/runner/Library/Developer/Xcode/DerivedData/QelvoraApp-chovwfzcihvbrjemwlhqppehhyoa/Build/Products/Debug-iphonesimulator/include -Xcc -I/Users/runner/Library/Developer/Xcode/DerivedData/QelvoraApp-chovwfzcihvbrjemwlhqppehhyoa/Build/Intermediates.noindex/QelvoraApp.build/Debug-iphonesimulator/QelvoraUITests.build/DerivedSources-normal/arm64 -Xcc -I/Users/runner/Library/Developer/Xcode/DerivedData/QelvoraApp-chovwfzcihvbrjemwlhqppehhyoa/Build/Intermediates.noindex/QelvoraApp.build/Debug-iphonesimulator/QelvoraUITests.build/DerivedSources/arm64 -Xcc -I/Users/runner/Library/Developer/Xcode/DerivedData/QelvoraApp-chovwfzcihvbrjemwlhqppehhyoa/Build/Intermediates.noindex/QelvoraApp.build/Debug-iphonesimulator/QelvoraUITests.build/DerivedSources -Xcc -DDEBUG\=1 -emit-objc-header -emit-objc-header-path /Users/runner/Library/Developer/Xcode/DerivedData/QelvoraApp-chovwfzcihvbrjemwlhqppehhyoa/Build/Intermediates.noindex/QelvoraApp.build/Debug-iphonesimulator/QelvoraUITests.build/Objects-normal/arm64/QelvoraUITests-Swift.h -working-directory /Users/runner/work/creator-platform/creator-platform/apps/ios -experimental-emit-module-separately -disable-cmo
2026-09-30T20:48:51.3085810Z 
2026-09-30T20:48:51.3087370Z SwiftMergeGeneratedHeaders /Users/runner/Library/Developer/Xcode/DerivedData/QelvoraApp-chovwfzcihvbrjemwlhqppehhyoa/Build/Intermediates.noindex/QelvoraApp.build/Debug-iphonesimulator/QelvoraUITests.build/DerivedSources/QelvoraUITests-Swift.h /Users/runner/Library/Developer/Xcode/DerivedData/QelvoraApp-chovwfzcihvbrjemwlhqppehhyoa/Build/Intermediates.noindex/QelvoraApp.build/Debug-iphonesimulator/QelvoraUITests.build/Objects-normal/arm64/QelvoraUITests-Swift.h (in target 'QelvoraUITests' from project 'QelvoraApp')
2026-09-30T20:48:51.3089180Z     cd /Users/runner/work/creator-platform/creator-platform/apps/ios
2026-09-30T20:48:51.3090840Z     builtin-swiftHeaderTool -arch arm64 /Users/runner/Library/Developer/Xcode/DerivedData/QelvoraApp-chovwfzcihvbrjemwlhqppehhyoa/Build/Intermediates.noindex/QelvoraApp.build/Debug-iphonesimulator/QelvoraUITests.build/Objects-normal/arm64/QelvoraUITests-Swift.h -o /Users/runner/Library/Developer/Xcode/DerivedData/QelvoraApp-chovwfzcihvbrjemwlhqppehhyoa/Build/Intermediates.noindex/QelvoraApp.build/Debug-iphonesimulator/QelvoraUITests.build/DerivedSources/QelvoraUITests-Swift.h
2026-09-30T20:48:51.3092330Z 
2026-09-30T20:48:51.3093730Z Copy /Users/runner/Library/Developer/Xcode/DerivedData/QelvoraApp-chovwfzcihvbrjemwlhqppehhyoa/Build/Products/Debug-iphonesimulator/QelvoraUITests.swiftmodule/arm64-apple-ios-simulator.swiftmodule /Users/runner/Library/Developer/Xcode/DerivedData/QelvoraApp-chovwfzcihvbrjemwlhqppehhyoa/Build/Intermediates.noindex/QelvoraApp.build/Debug-iphonesimulator/QelvoraUITests.build/Objects-normal/arm64/QelvoraUITests.swiftmodule (in target 'QelvoraUITests' from project 'QelvoraApp')
2026-09-30T20:48:51.3095340Z     cd /Users/runner/work/creator-platform/creator-platform/apps/ios
2026-09-30T20:48:51.3097110Z     builtin-copy -exclude .DS_Store -exclude CVS -exclude .svn -exclude .git -exclude .hg -resolve-src-symlinks -rename /Users/runner/Library/Developer/Xcode/DerivedData/QelvoraApp-chovwfzcihvbrjemwlhqppehhyoa/Build/Intermediates.noindex/QelvoraApp.build/Debug-iphonesimulator/QelvoraUITests.build/Objects-normal/arm64/QelvoraUITests.swiftmodule /Users/runner/Library/Developer/Xcode/DerivedData/QelvoraApp-chovwfzcihvbrjemwlhqppehhyoa/Build/Products/Debug-iphonesimulator/QelvoraUITests.swiftmodule/arm64-apple-ios-simulator.swiftmodule
2026-09-30T20:48:51.3098730Z 
2026-09-30T20:48:51.3100110Z Copy /Users/runner/Library/Developer/Xcode/DerivedData/QelvoraApp-chovwfzcihvbrjemwlhqppehhyoa/Build/Products/Debug-iphonesimulator/QelvoraUITests.swiftmodule/arm64-apple-ios-simulator.swiftdoc /Users/runner/Library/Developer/Xcode/DerivedData/QelvoraApp-chovwfzcihvbrjemwlhqppehhyoa/Build/Intermediates.noindex/QelvoraApp.build/Debug-iphonesimulator/QelvoraUITests.build/Objects-normal/arm64/QelvoraUITests.swiftdoc (in target 'QelvoraUITests' from project 'QelvoraApp')
2026-09-30T20:48:51.3101670Z     cd /Users/runner/work/creator-platform/creator-platform/apps/ios
2026-09-30T20:48:51.3103400Z     builtin-copy -exclude .DS_Store -exclude CVS -exclude .svn -exclude .git -exclude .hg -resolve-src-symlinks -rename /Users/runner/Library/Developer/Xcode/DerivedData/QelvoraApp-chovwfzcihvbrjemwlhqppehhyoa/Build/Intermediates.noindex/QelvoraApp.build/Debug-iphonesimulator/QelvoraUITests.build/Objects-normal/arm64/QelvoraUITests.swiftdoc /Users/runner/Library/Developer/Xcode/DerivedData/QelvoraApp-chovwfzcihvbrjemwlhqppehhyoa/Build/Products/Debug-iphonesimulator/QelvoraUITests.swiftmodule/arm64-apple-ios-simulator.swiftdoc
2026-09-30T20:48:51.3105000Z 
2026-09-30T20:48:51.3106680Z Copy /Users/runner/Library/Developer/Xcode/DerivedData/QelvoraApp-chovwfzcihvbrjemwlhqppehhyoa/Build/Products/Debug-iphonesimulator/QelvoraUITests.swiftmodule/arm64-apple-ios-simulator.abi.json /Users/runner/Library/Developer/Xcode/DerivedData/QelvoraApp-chovwfzcihvbrjemwlhqppehhyoa/Build/Intermediates.noindex/QelvoraApp.build/Debug-iphonesimulator/QelvoraUITests.build/Objects-normal/arm64/QelvoraUITests.abi.json (in target 'QelvoraUITests' from project 'QelvoraApp')
2026-09-30T20:48:51.3108450Z     cd /Users/runner/work/creator-platform/creator-platform/apps/ios
2026-09-30T20:48:51.3110940Z     builtin-copy -exclude .DS_Store -exclude CVS -exclude .svn -exclude .git -exclude .hg -resolve-src-symlinks -rename /Users/runner/Library/Developer/Xcode/DerivedData/QelvoraApp-chovwfzcihvbrjemwlhqppehhyoa/Build/Intermediates.noindex/QelvoraApp.build/Debug-iphonesimulator/QelvoraUITests.build/Objects-normal/arm64/QelvoraUITests.abi.json /Users/runner/Library/Developer/Xcode/DerivedData/QelvoraApp-chovwfzcihvbrjemwlhqppehhyoa/Build/Products/Debug-iphonesimulator/QelvoraUITests.swiftmodule/arm64-apple-ios-simulator.abi.json
2026-09-30T20:48:51.3112710Z 
2026-09-30T20:48:51.3114260Z Copy /Users/runner/Library/Developer/Xcode/DerivedData/QelvoraApp-chovwfzcihvbrjemwlhqppehhyoa/Build/Products/Debug-iphonesimulator/QelvoraUITests.swiftmodule/Project/arm64-apple-ios-simulator.swiftsourceinfo /Users/runner/Library/Developer/Xcode/DerivedData/QelvoraApp-chovwfzcihvbrjemwlhqppehhyoa/Build/Intermediates.noindex/QelvoraApp.build/Debug-iphonesimulator/QelvoraUITests.build/Objects-normal/arm64/QelvoraUITests.swiftsourceinfo (in target 'QelvoraUITests' from project 'QelvoraApp')
2026-09-30T20:48:51.3115940Z     cd /Users/runner/work/creator-platform/creator-platform/apps/ios
2026-09-30T20:48:51.3117760Z     builtin-copy -exclude .DS_Store -exclude CVS -exclude .svn -exclude .git -exclude .hg -resolve-src-symlinks -rename /Users/runner/Library/Developer/Xcode/DerivedData/QelvoraApp-chovwfzcihvbrjemwlhqppehhyoa/Build/Intermediates.noindex/QelvoraApp.build/Debug-iphonesimulator/QelvoraUITests.build/Objects-normal/arm64/QelvoraUITests.swiftsourceinfo /Users/runner/Library/Developer/Xcode/DerivedData/QelvoraApp-chovwfzcihvbrjemwlhqppehhyoa/Build/Products/Debug-iphonesimulator/QelvoraUITests.swiftmodule/Project/arm64-apple-ios-simulator.swiftsourceinfo
2026-09-30T20:48:51.3119560Z 
2026-09-30T20:48:51.3119890Z SwiftDriverJobDiscovery normal arm64 Compiling FoundationFlowTests.swift (in target 'QelvoraUITests' from project 'QelvoraApp')
2026-09-30T20:48:51.3120290Z 
2026-09-30T20:48:51.3120650Z SwiftDriver\ Compilation QelvoraUITests normal arm64 com.apple.xcode.tools.swift.compiler (in target 'QelvoraUITests' from project 'QelvoraApp')
2026-09-30T20:48:51.3121230Z     cd /Users/runner/work/creator-platform/creator-platform/apps/ios
2026-09-30T20:48:51.3140780Z     builtin-Swift-Compilation -- /Applications/Xcode_27.app/Contents/Developer/Toolchains/XcodeDefault.xctoolchain/usr/bin/swiftc -module-name QelvoraUITests -Onone @/Users/runner/Library/Developer/Xcode/DerivedData/QelvoraApp-chovwfzcihvbrjemwlhqppehhyoa/Build/Intermediates.noindex/QelvoraApp.build/Debug-iphonesimulator/QelvoraUITests.build/Objects-normal/arm64/QelvoraUITests.SwiftFileList -DDEBUG -module-alias Testing\=_Testing_Unavailable -plugin-path /Applications/Xcode_27.app/Contents/Developer/Toolchains/XcodeDefault.xctoolchain/usr/lib/swift/host/plugins/testing -enable-experimental-feature DebugDescriptionMacro -sdk /Applications/Xcode_27.app/Contents/Developer/Platforms/iPhoneSimulator.platform/Developer/SDKs/iPhoneSimulator27.0.sdk -target arm64-apple-ios17.0-simulator -g -module-cache-path /Users/runner/Library/Developer/Xcode/DerivedData/ModuleCache.noindex -Xfrontend -serialize-debugging-options -enable-testing -index-store-path /Users/runner/Library/Developer/Xcode/DerivedData/QelvoraApp-chovwfzcihvbrjemwlhqppehhyoa/Index.noindex/DataStore -Xcc -D_LIBCPP_HARDENING_MODE\=_LIBCPP_HARDENING_MODE_DEBUG -swift-version 6 -I /Users/runner/Library/Developer/Xcode/DerivedData/QelvoraApp-chovwfzcihvbrjemwlhqppehhyoa/Build/Products/Debug-iphonesimulator -Isystem /Applications/Xcode_27.app/Contents/Developer/Platforms/iPhoneSimulator.platform/Developer/usr/lib -F /Users/runner/Library/Developer/Xcode/DerivedData/QelvoraApp-chovwfzcihvbrjemwlhqppehhyoa/Build/Products/Debug-iphonesimulator -F /Applications/Xcode_27.app/Contents/Developer/Platforms/iPhoneSimulator.platform/Developer/Library/Frameworks -F /Applications/Xcode_27.app/Contents/Developer/Platforms/iPhoneSimulator.platform/Developer/SDKs/iPhoneSimulator27.0.sdk/Developer/Library/Frameworks -parse-as-library -c -j3 -enable-batch-mode -incremental -Xcc -ivfsstatcache -Xcc /Users/runner/Library/Developer/Xcode/DerivedData/SDKStatCaches.noindex/iphonesimulator27.0-24A430-155dc1fa6e968f55248c4516efa38917.sdkstatcache -output-file-map /Users/runner/Library/Developer/Xcode/DerivedData/QelvoraApp-chovwfzcihvbrjemwlhqppehhyoa/Build/Intermediates.noindex/QelvoraApp.build/Debug-iphonesimulator/QelvoraUITests.build/Objects-normal/arm64/QelvoraUITests-OutputFileMap.json -save-temps -no-color-diagnostics -explicit-module-build -module-cache-path /Users/runner/Library/Developer/Xcode/DerivedData/QelvoraApp-chovwfzcihvbrjemwlhqppehhyoa/Build/Intermediates.noindex/SwiftExplicitPrecompiledModules -clang-scanner-module-cache-path /Users/runner/Library/Developer/Xcode/DerivedData/ModuleCache.noindex -sdk-module-cache-path /Users/runner/Library/Developer/Xcode/DerivedData/SDKExplicitPrecompiledModules -emit-dependencies -emit-module -emit-module-path /Users/runner/Library/Developer/Xcode/DerivedData/QelvoraApp-chovwfzcihvbrjemwlhqppehhyoa/Build/Intermediates.noindex/QelvoraApp.build/Debug-iphonesimulator/QelvoraUITests.build/Objects-normal/arm64/QelvoraUITests.swiftmodule -serialize-diagnostics -dependency-scan-serialize-diagnostics-path /Users/runner/Library/Developer/Xcode/DerivedData/QelvoraApp-chovwfzcihvbrjemwlhqppehhyoa/Build/Intermediates.noindex/QelvoraApp.build/Debug-iphonesimulator/QelvoraUITests.build/Objects-normal/arm64/QelvoraUITests-dependency-scan.dia -validate-clang-modules-once -clang-build-session-file /Users/runner/Library/Developer/Xcode/DerivedData/ModuleCache.noindex/Session.modulevalidation -Xcc -fmodules-prune-interval\=86400 -Xcc -fmodules-prune-after\=345600 -emit-const-values -const-gather-protocols-list /Users/runner/Library/Developer/Xcode/DerivedData/QelvoraApp-chovwfzcihvbrjemwlhqppehhyoa/Build/Intermediates.noindex/QelvoraApp.build/Debug-iphonesimulator/QelvoraUITests.build/Objects-normal/arm64/QelvoraUITests_const_extract_protocols.json -Xcc -iquote -Xcc /Users/runner/Library/Developer/Xcode/DerivedData/QelvoraApp-chovwfzcihvbrjemwlhqppehhyoa/Build/Intermediates.noindex/QelvoraApp.build/Debug-iphonesimulator/QelvoraUITests.build/QelvoraUITests-generated-files.hmap -Xcc -I/Users/runner/Library/Developer/Xcode/DerivedData/QelvoraApp-chovwfzcihvbrjemwlhqppehhyoa/Build/Intermediates.noindex/QelvoraApp.build/Debug-iphonesimulator/QelvoraUITests.build/QelvoraUITests-own-target-headers.hmap -Xcc -I/Users/runner/Library/Developer/Xcode/DerivedData/QelvoraApp-chovwfzcihvbrjemwlhqppehhyoa/Build/Intermediates.noindex/QelvoraApp.build/Debug-iphonesimulator/QelvoraUITests.build/QelvoraUITests-all-non-framework-target-headers.hmap -Xcc -ivfsoverlay -Xcc /Users/runner/Library/Developer/Xcode/DerivedData/QelvoraApp-chovwfzcihvbrjemwlhqppehhyoa/Build/Intermediates.noindex/QelvoraApp.build/Debug-iphonesimulator/QelvoraApp-29b244ef777fcfbcbef7f347c6fce175-VFS-iphonesimulator/all-product-headers.yaml -Xcc -iquote -Xcc /Users/runner/Library/Developer/Xcode/DerivedData/QelvoraApp-chovwfzcihvbrjemwlhqppehhyoa/Build/Intermediates.noindex/QelvoraApp.build/Debug-iphonesimulator/QelvoraUITests.build/QelvoraUITests-project-headers.hmap -Xcc -I/Users/runner/Library/Developer/Xcode/DerivedData/QelvoraApp-chovwfzcihvbrjemwlhqppehhyoa/Build/Products/Debug-iphonesimulator/include -Xcc -I/Users/runner/Library/Developer/Xcode/DerivedData/QelvoraApp-chovwfzcihvbrjemwlhqppehhyoa/Build/Intermediates.noindex/QelvoraApp.build/Debug-iphonesimulator/QelvoraUITests.build/DerivedSources-normal/arm64 -Xcc -I/Users/runner/Library/Developer/Xcode/DerivedData/QelvoraApp-chovwfzcihvbrjemwlhqppehhyoa/Build/Intermediates.noindex/QelvoraApp.build/Debug-iphonesimulator/QelvoraUITests.build/DerivedSources/arm64 -Xcc -I/Users/runner/Library/Developer/Xcode/DerivedData/QelvoraApp-chovwfzcihvbrjemwlhqppehhyoa/Build/Intermediates.noindex/QelvoraApp.build/Debug-iphonesimulator/QelvoraUITests.build/DerivedSources -Xcc -DDEBUG\=1 -emit-objc-header -emit-objc-header-path /Users/runner/Library/Developer/Xcode/DerivedData/QelvoraApp-chovwfzcihvbrjemwlhqppehhyoa/Build/Intermediates.noindex/QelvoraApp.build/Debug-iphonesimulator/QelvoraUITests.build/Objects-normal/arm64/QelvoraUITests-Swift.h -working-directory /Users/runner/work/creator-platform/creator-platform/apps/ios -experimental-emit-module-separately -disable-cmo
2026-09-30T20:48:51.3160500Z 
2026-09-30T20:48:51.3161270Z Ld /Users/runner/Library/Developer/Xcode/DerivedData/QelvoraApp-chovwfzcihvbrjemwlhqppehhyoa/Build/Products/Debug-iphonesimulator/QelvoraUITests-Runner.app/PlugIns/QelvoraUITests.xctest/QelvoraUITests normal (in target 'QelvoraUITests' from project 'QelvoraApp')
2026-09-30T20:48:51.3162270Z     cd /Users/runner/work/creator-platform/creator-platform/apps/ios
2026-09-30T20:48:51.3174670Z     /Applications/Xcode_27.app/Contents/Developer/Toolchains/XcodeDefault.xctoolchain/usr/bin/clang -Xlinker -reproducible -target arm64-apple-ios17.0-simulator -bundle -isysroot /Applications/Xcode_27.app/Contents/Developer/Platforms/iPhoneSimulator.platform/Developer/SDKs/iPhoneSimulator27.0.sdk -O0 -Xlinker -no_warn_duplicate_libraries -L/Users/runner/Library/Developer/Xcode/DerivedData/QelvoraApp-chovwfzcihvbrjemwlhqppehhyoa/Build/Intermediates.noindex/EagerLinkingTBDs/Debug-iphonesimulator -L/Users/runner/Library/Developer/Xcode/DerivedData/QelvoraApp-chovwfzcihvbrjemwlhqppehhyoa/Build/Products/Debug-iphonesimulator -L/Applications/Xcode_27.app/Contents/Developer/Platforms/iPhoneSimulator.platform/Developer/usr/lib -F/Users/runner/Library/Developer/Xcode/DerivedData/QelvoraApp-chovwfzcihvbrjemwlhqppehhyoa/Build/Intermediates.noindex/EagerLinkingTBDs/Debug-iphonesimulator -F/Users/runner/Library/Developer/Xcode/DerivedData/QelvoraApp-chovwfzcihvbrjemwlhqppehhyoa/Build/Products/Debug-iphonesimulator -iframework /Applications/Xcode_27.app/Contents/Developer/Platforms/iPhoneSimulator.platform/Developer/Library/Frameworks -iframework /Applications/Xcode_27.app/Contents/Developer/Platforms/iPhoneSimulator.platform/Developer/SDKs/iPhoneSimulator27.0.sdk/Developer/Library/Frameworks -filelist /Users/runner/Library/Developer/Xcode/DerivedData/QelvoraApp-chovwfzcihvbrjemwlhqppehhyoa/Build/Intermediates.noindex/QelvoraApp.build/Debug-iphonesimulator/QelvoraUITests.build/Objects-normal/arm64/QelvoraUITests.LinkFileList -Xlinker -rpath -Xlinker /usr/lib/swift -Xlinker -rpath -Xlinker @loader_path/Frameworks -Xlinker -rpath -Xlinker @executable_path/Frameworks -Xlinker -dead_strip -Xlinker -object_path_lto -Xlinker /Users/runner/Library/Developer/Xcode/DerivedData/QelvoraApp-chovwfzcihvbrjemwlhqppehhyoa/Build/Intermediates.noindex/QelvoraApp.build/Debug-iphonesimulator/QelvoraUITests.build/Objects-normal/arm64/QelvoraUITests_lto.o -rdynamic -Xlinker -no_deduplicate -Xlinker -objc_abi_version -Xlinker 2 -Xlinker -dependency_info -Xlinker /Users/runner/Library/Developer/Xcode/DerivedData/QelvoraApp-chovwfzcihvbrjemwlhqppehhyoa/Build/Intermediates.noindex/QelvoraApp.build/Debug-iphonesimulator/QelvoraUITests.build/Objects-normal/arm64/QelvoraUITests_dependency_info.dat -fobjc-link-runtime -L/Applications/Xcode_27.app/Contents/Developer/Toolchains/XcodeDefault.xctoolchain/usr/lib/swift/iphonesimulator -L/usr/lib/swift -Xlinker -add_ast_path -Xlinker /Users/runner/Library/Developer/Xcode/DerivedData/QelvoraApp-chovwfzcihvbrjemwlhqppehhyoa/Build/Intermediates.noindex/QelvoraApp.build/Debug-iphonesimulator/QelvoraUITests.build/Objects-normal/arm64/QelvoraUITests.swiftmodule -Xlinker -needed_framework -Xlinker XCTest -framework XCTest -Xlinker -needed-lXCTestSwiftSupport -lXCTestSwiftSupport -Xlinker -sectcreate -Xlinker __TEXT -Xlinker __entitlements -Xlinker /Users/runner/Library/Developer/Xcode/DerivedData/QelvoraApp-chovwfzcihvbrjemwlhqppehhyoa/Build/Intermediates.noindex/QelvoraApp.build/Debug-iphonesimulator/QelvoraUITests.build/QelvoraUITests.xctest-Simulated.xcent -Xlinker -sectcreate -Xlinker __TEXT -Xlinker __ents_der -Xlinker /Users/runner/Library/Developer/Xcode/DerivedData/QelvoraApp-chovwfzcihvbrjemwlhqppehhyoa/Build/Intermediates.noindex/QelvoraApp.build/Debug-iphonesimulator/QelvoraUITests.build/QelvoraUITests.xctest-Simulated.xcent.der -Xlinker -no_adhoc_codesign -o /Users/runner/Library/Developer/Xcode/DerivedData/QelvoraApp-chovwfzcihvbrjemwlhqppehhyoa/Build/Products/Debug-iphonesimulator/QelvoraUITests-Runner.app/PlugIns/QelvoraUITests.xctest/QelvoraUITests
2026-09-30T20:48:51.5146770Z 
2026-09-30T20:48:51.5302090Z ExtractAppIntentsMetadata (in target 'QelvoraUITests' from project 'QelvoraApp')
2026-09-30T20:48:51.5397570Z     cd /Users/runner/work/creator-platform/creator-platform/apps/ios
2026-09-30T20:48:51.5406890Z     /Applications/Xcode_27.app/Contents/Developer/Toolchains/XcodeDefault.xctoolchain/usr/bin/appintentsmetadataprocessor --toolchain-dir /Applications/Xcode_27.app/Contents/Developer/Toolchains/XcodeDefault.xctoolchain --module-name QelvoraUITests --sdk-root /Applications/Xcode_27.app/Contents/Developer/Platforms/iPhoneSimulator.platform/Developer/SDKs/iPhoneSimulator27.0.sdk --xcode-version 27A266a --platform-family iOS --deployment-target 17.0 --bundle-identifier com.pantopus.qelvora.uitests --output /Users/runner/Library/Developer/Xcode/DerivedData/QelvoraApp-chovwfzcihvbrjemwlhqppehhyoa/Build/Products/Debug-iphonesimulator/QelvoraUITests-Runner.app/PlugIns/QelvoraUITests.xctest --target-triple arm64-apple-ios17.0-simulator --binary-file /Users/runner/Library/Developer/Xcode/DerivedData/QelvoraApp-chovwfzcihvbrjemwlhqppehhyoa/Build/Products/Debug-iphonesimulator/QelvoraUITests-Runner.app/PlugIns/QelvoraUITests.xctest/QelvoraUITests --dependency-file /Users/runner/Library/Developer/Xcode/DerivedData/QelvoraApp-chovwfzcihvbrjemwlhqppehhyoa/Build/Intermediates.noindex/QelvoraApp.build/Debug-iphonesimulator/QelvoraUITests.build/Objects-normal/arm64/QelvoraUITests_dependency_info.dat --stringsdata-file /Users/runner/Library/Developer/Xcode/DerivedData/QelvoraApp-chovwfzcihvbrjemwlhqppehhyoa/Build/Intermediates.noindex/QelvoraApp.build/Debug-iphonesimulator/QelvoraUITests.build/Objects-normal/arm64/ExtractedAppShortcutsMetadata.stringsdata --source-file-list /Users/runner/Library/Developer/Xcode/DerivedData/QelvoraApp-chovwfzcihvbrjemwlhqppehhyoa/Build/Intermediates.noindex/QelvoraApp.build/Debug-iphonesimulator/QelvoraUITests.build/Objects-normal/arm64/QelvoraUITests.SwiftFileList --metadata-file-list /Users/runner/Library/Developer/Xcode/DerivedData/QelvoraApp-chovwfzcihvbrjemwlhqppehhyoa/Build/Intermediates.noindex/QelvoraApp.build/Debug-iphonesimulator/QelvoraUITests.build/QelvoraUITests.DependencyMetadataFileList --static-metadata-file-list /Users/runner/Library/Developer/Xcode/DerivedData/QelvoraApp-chovwfzcihvbrjemwlhqppehhyoa/Build/Intermediates.noindex/QelvoraApp.build/Debug-iphonesimulator/QelvoraUITests.build/QelvoraUITests.DependencyStaticMetadataFileList --swift-const-vals-list /Users/runner/Library/Developer/Xcode/DerivedData/QelvoraApp-chovwfzcihvbrjemwlhqppehhyoa/Build/Intermediates.noindex/QelvoraApp.build/Debug-iphonesimulator/QelvoraUITests.build/Objects-normal/arm64/QelvoraUITests.SwiftConstValuesFileList --compile-time-extraction --deployment-aware-processing --no-app-shortcuts-localization
2026-09-30T20:48:51.5415830Z 2026-09-30 20:48:51.537 appintentsmetadataprocessor[5781:19949] Starting appintentsmetadataprocessor export
2026-09-30T20:48:51.5424630Z 2026-09-30 20:48:51.539 appintentsmetadataprocessor[5781:19949] warning: Metadata extraction skipped, no AppIntents.framework dependency found
2026-09-30T20:48:51.5426010Z 
2026-09-30T20:48:51.5427210Z CopySwiftLibs /Users/runner/Library/Developer/Xcode/DerivedData/QelvoraApp-chovwfzcihvbrjemwlhqppehhyoa/Build/Products/Debug-iphonesimulator/QelvoraUITests-Runner.app/PlugIns/QelvoraUITests.xctest (in target 'QelvoraUITests' from project 'QelvoraApp')
2026-09-30T20:48:51.5436970Z     cd /Users/runner/work/creator-platform/creator-platform/apps/ios
2026-09-30T20:48:51.5443400Z     builtin-swiftStdLibTool --copy --verbose --sign - --scan-executable /Users/runner/Library/Developer/Xcode/DerivedData/QelvoraApp-chovwfzcihvbrjemwlhqppehhyoa/Build/Products/Debug-iphonesimulator/QelvoraUITests-Runner.app/PlugIns/QelvoraUITests.xctest/QelvoraUITests --scan-folder /Users/runner/Library/Developer/Xcode/DerivedData/QelvoraApp-chovwfzcihvbrjemwlhqppehhyoa/Build/Products/Debug-iphonesimulator/QelvoraUITests-Runner.app/PlugIns/QelvoraUITests.xctest/Frameworks --scan-folder /Users/runner/Library/Developer/Xcode/DerivedData/QelvoraApp-chovwfzcihvbrjemwlhqppehhyoa/Build/Products/Debug-iphonesimulator/QelvoraUITests-Runner.app/PlugIns/QelvoraUITests.xctest/PlugIns --scan-folder /Users/runner/Library/Developer/Xcode/DerivedData/QelvoraApp-chovwfzcihvbrjemwlhqppehhyoa/Build/Products/Debug-iphonesimulator/QelvoraUITests-Runner.app/PlugIns/QelvoraUITests.xctest/SystemExtensions --scan-folder /Users/runner/Library/Developer/Xcode/DerivedData/QelvoraApp-chovwfzcihvbrjemwlhqppehhyoa/Build/Products/Debug-iphonesimulator/QelvoraUITests-Runner.app/PlugIns/QelvoraUITests.xctest/Extensions --platform iphonesimulator --toolchain /Applications/Xcode_27.app/Contents/Developer/Toolchains/XcodeDefault.xctoolchain --destination /Users/runner/Library/Developer/Xcode/DerivedData/QelvoraApp-chovwfzcihvbrjemwlhqppehhyoa/Build/Products/Debug-iphonesimulator/QelvoraUITests-Runner.app/PlugIns/QelvoraUITests.xctest/Frameworks --strip-bitcode --scan-executable /Applications/Xcode_27.app/Contents/Developer/Platforms/iPhoneSimulator.platform/Developer/usr/lib/libXCTestSwiftSupport.dylib --strip-bitcode-tool /Applications/Xcode_27.app/Contents/Developer/Toolchains/XcodeDefault.xctoolchain/usr/bin/bitcode_strip --emit-dependency-info /Users/runner/Library/Developer/Xcode/DerivedData/QelvoraApp-chovwfzcihvbrjemwlhqppehhyoa/Build/Intermediates.noindex/QelvoraApp.build/Debug-iphonesimulator/QelvoraUITests.build/SwiftStdLibToolInputDependencies.dep --filter-for-swift-os
2026-09-30T20:48:51.5450000Z 
2026-09-30T20:48:51.5450170Z AppIntentsSSUTraining (in target 'QelvoraUITests' from project 'QelvoraApp')
2026-09-30T20:48:51.5450570Z     cd /Users/runner/work/creator-platform/creator-platform/apps/ios
2026-09-30T20:48:51.5455250Z     /Applications/Xcode_27.app/Contents/Developer/Toolchains/XcodeDefault.xctoolchain/usr/bin/appintentsnltrainingprocessor --infoplist-path /Users/runner/Library/Developer/Xcode/DerivedData/QelvoraApp-chovwfzcihvbrjemwlhqppehhyoa/Build/Products/Debug-iphonesimulator/QelvoraUITests-Runner.app/PlugIns/QelvoraUITests.xctest/Info.plist --temp-dir-path /Users/runner/Library/Developer/Xcode/DerivedData/QelvoraApp-chovwfzcihvbrjemwlhqppehhyoa/Build/Intermediates.noindex/QelvoraApp.build/Debug-iphonesimulator/QelvoraUITests.build/ssu --bundle-id com.pantopus.qelvora.uitests --product-path /Users/runner/Library/Developer/Xcode/DerivedData/QelvoraApp-chovwfzcihvbrjemwlhqppehhyoa/Build/Products/Debug-iphonesimulator/QelvoraUITests-Runner.app/PlugIns/QelvoraUITests.xctest --extracted-metadata-path /Users/runner/Library/Developer/Xcode/DerivedData/QelvoraApp-chovwfzcihvbrjemwlhqppehhyoa/Build/Products/Debug-iphonesimulator/QelvoraUITests-Runner.app/PlugIns/QelvoraUITests.xctest/Metadata.appintents --metadata-file-list /Users/runner/Library/Developer/Xcode/DerivedData/QelvoraApp-chovwfzcihvbrjemwlhqppehhyoa/Build/Intermediates.noindex/QelvoraApp.build/Debug-iphonesimulator/QelvoraUITests.build/QelvoraUITests.DependencyMetadataFileList --source-file /Users/runner/Library/Developer/Xcode/DerivedData/QelvoraApp-chovwfzcihvbrjemwlhqppehhyoa/Build/Products/Debug-iphonesimulator/QelvoraUITests-Runner.app/PlugIns/QelvoraUITests.xctest/Info.plist --archive-ssu-assets
2026-09-30T20:48:51.5680320Z 2026-09-30 20:48:51.566 appintentsnltrainingprocessor[5782:19956] Parsing options for appintentsnltrainingprocessor
2026-09-30T20:48:51.5727320Z 2026-09-30 20:48:51.566 appintentsnltrainingprocessor[5782:19956] Starting AppIntents SSU YAML Generation
2026-09-30T20:48:51.5736090Z 2026-09-30 20:48:51.566 appintentsnltrainingprocessor[5782:19956] No AppShortcuts found - Skipping.
2026-09-30T20:48:51.5736640Z 
2026-09-30T20:48:51.5737350Z MkDir /Users/runner/Library/Developer/Xcode/DerivedData/QelvoraApp-chovwfzcihvbrjemwlhqppehhyoa/Build/Products/Debug-iphonesimulator/QelvoraUITests-Runner.app (in target 'QelvoraUITests' from project 'QelvoraApp')
2026-09-30T20:48:51.5738500Z     cd /Users/runner/work/creator-platform/creator-platform/apps/ios
2026-09-30T20:48:51.5739280Z     /bin/mkdir -p /Users/runner/Library/Developer/Xcode/DerivedData/QelvoraApp-chovwfzcihvbrjemwlhqppehhyoa/Build/Products/Debug-iphonesimulator/QelvoraUITests-Runner.app
2026-09-30T20:48:51.5739920Z 
2026-09-30T20:48:51.5741080Z CopyPlistFile /Users/runner/Library/Developer/Xcode/DerivedData/QelvoraApp-chovwfzcihvbrjemwlhqppehhyoa/Build/Products/Debug-iphonesimulator/QelvoraUITests-Runner.app/Info.plist /Applications/Xcode_27.app/Contents/Developer/Platforms/iPhoneSimulator.platform/Developer/Library/Xcode/Agents/XCTRunner.app/Info.plist (in target 'QelvoraUITests' from project 'QelvoraApp')
2026-09-30T20:48:51.5742460Z     cd /Users/runner/work/creator-platform/creator-platform/apps/ios
2026-09-30T20:48:51.5745290Z     builtin-copyPlist --validate --convert xml1 --macro-expansion WRAPPEDPRODUCTNAME QelvoraUITests-Runner --macro-expansion WRAPPEDPRODUCTBUNDLEIDENTIFIER com.pantopus.qelvora.uitests.xctrunner --macro-expansion TESTPRODUCTNAME QelvoraUITests --macro-expansion TESTPRODUCTBUNDLEIDENTIFIER com.pantopus.qelvora.uitests --copy-value UIDeviceFamily /Users/runner/Library/Developer/Xcode/DerivedData/QelvoraApp-chovwfzcihvbrjemwlhqppehhyoa/Build/Products/Debug-iphonesimulator/QelvoraUITests-Runner.app/PlugIns/QelvoraUITests.xctest/Info.plist --outdir /Users/runner/Library/Developer/Xcode/DerivedData/QelvoraApp-chovwfzcihvbrjemwlhqppehhyoa/Build/Products/Debug-iphonesimulator/QelvoraUITests-Runner.app -- /Applications/Xcode_27.app/Contents/Developer/Platforms/iPhoneSimulator.platform/Developer/Library/Xcode/Agents/XCTRunner.app/Info.plist
2026-09-30T20:48:51.5748050Z 
2026-09-30T20:48:51.5748870Z CopyAndPreserveArchs /Users/runner/Library/Developer/Xcode/DerivedData/QelvoraApp-chovwfzcihvbrjemwlhqppehhyoa/Build/Products/Debug-iphonesimulator/QelvoraUITests-Runner.app/QelvoraUITests-Runner (in target 'QelvoraUITests' from project 'QelvoraApp')
2026-09-30T20:48:51.5749910Z     cd /Users/runner/work/creator-platform/creator-platform/apps/ios
2026-09-30T20:48:51.5752130Z     /Applications/Xcode_27.app/Contents/Developer/Toolchains/XcodeDefault.xctoolchain/usr/bin/lipo /Applications/Xcode_27.app/Contents/Developer/Platforms/iPhoneSimulator.platform/Developer/Library/Xcode/Agents/XCTRunner.app/XCTRunner -output /Users/runner/Library/Developer/Xcode/DerivedData/QelvoraApp-chovwfzcihvbrjemwlhqppehhyoa/Build/Products/Debug-iphonesimulator/QelvoraUITests-Runner.app/QelvoraUITests-Runner -extract arm64
2026-09-30T20:48:51.5758300Z 
2026-09-30T20:48:51.5759810Z Copy /Users/runner/Library/Developer/Xcode/DerivedData/QelvoraApp-chovwfzcihvbrjemwlhqppehhyoa/Build/Products/Debug-iphonesimulator/QelvoraUITests-Runner.app/PkgInfo /Applications/Xcode_27.app/Contents/Developer/Platforms/iPhoneSimulator.platform/Developer/Library/Xcode/Agents/XCTRunner.app/PkgInfo (in target 'QelvoraUITests' from project 'QelvoraApp')
2026-09-30T20:48:51.5761060Z     cd /Users/runner/work/creator-platform/creator-platform/apps/ios
2026-09-30T20:48:51.5762380Z     builtin-copy -exclude .DS_Store -exclude CVS -exclude .svn -exclude .git -exclude .hg -resolve-src-symlinks /Applications/Xcode_27.app/Contents/Developer/Platforms/iPhoneSimulator.platform/Developer/Library/Xcode/Agents/XCTRunner.app/PkgInfo /Users/runner/Library/Developer/Xcode/DerivedData/QelvoraApp-chovwfzcihvbrjemwlhqppehhyoa/Build/Products/Debug-iphonesimulator/QelvoraUITests-Runner.app
2026-09-30T20:48:51.5763570Z 
2026-09-30T20:48:51.5764510Z CodeSign /Users/runner/Library/Developer/Xcode/DerivedData/QelvoraApp-chovwfzcihvbrjemwlhqppehhyoa/Build/Products/Debug-iphonesimulator/QelvoraUITests-Runner.app/PlugIns/QelvoraUITests.xctest (in target 'QelvoraUITests' from project 'QelvoraApp')
2026-09-30T20:48:51.5765430Z     cd /Users/runner/work/creator-platform/creator-platform/apps/ios
2026-09-30T20:48:51.5765690Z     
2026-09-30T20:48:51.5766110Z     Signing Identity:     "Sign to Run Locally"
2026-09-30T20:48:51.5766320Z     
2026-09-30T20:48:51.5767150Z     /usr/bin/codesign --force --sign - --timestamp\=none --generate-entitlement-der /Users/runner/Library/Developer/Xcode/DerivedData/QelvoraApp-chovwfzcihvbrjemwlhqppehhyoa/Build/Products/Debug-iphonesimulator/QelvoraUITests-Runner.app/PlugIns/QelvoraUITests.xctest
2026-09-30T20:48:51.5909750Z 
2026-09-30T20:48:51.5924240Z CodeSign /Users/runner/Library/Developer/Xcode/DerivedData/QelvoraApp-chovwfzcihvbrjemwlhqppehhyoa/Build/Products/Debug-iphonesimulator/QelvoraUITests-Runner.app (in target 'QelvoraUITests' from project 'QelvoraApp')
2026-09-30T20:48:51.5935140Z     cd /Users/runner/work/creator-platform/creator-platform/apps/ios
2026-09-30T20:48:51.5936030Z     
2026-09-30T20:48:51.5936310Z     Signing Identity:     "Sign to Run Locally"
2026-09-30T20:48:51.5936610Z     
2026-09-30T20:48:51.5937430Z     /usr/bin/codesign --force --sign - --timestamp\=none --generate-entitlement-der /Users/runner/Library/Developer/Xcode/DerivedData/QelvoraApp-chovwfzcihvbrjemwlhqppehhyoa/Build/Products/Debug-iphonesimulator/QelvoraUITests-Runner.app
2026-09-30T20:48:51.6153300Z /Users/runner/Library/Developer/Xcode/DerivedData/QelvoraApp-chovwfzcihvbrjemwlhqppehhyoa/Build/Products/Debug-iphonesimulator/QelvoraUITests-Runner.app: replacing existing signature
2026-09-30T20:48:51.6157720Z 
2026-09-30T20:48:51.6158870Z RegisterExecutionPolicyException /Users/runner/Library/Developer/Xcode/DerivedData/QelvoraApp-chovwfzcihvbrjemwlhqppehhyoa/Build/Products/Debug-iphonesimulator/QelvoraUITests-Runner.app/PlugIns/QelvoraUITests.xctest (in target 'QelvoraUITests' from project 'QelvoraApp')
2026-09-30T20:48:51.6161730Z     cd /Users/runner/work/creator-platform/creator-platform/apps/ios
2026-09-30T20:48:51.6162620Z     builtin-RegisterExecutionPolicyException /Users/runner/Library/Developer/Xcode/DerivedData/QelvoraApp-chovwfzcihvbrjemwlhqppehhyoa/Build/Products/Debug-iphonesimulator/QelvoraUITests-Runner.app/PlugIns/QelvoraUITests.xctest
2026-09-30T20:48:51.6163360Z 
2026-09-30T20:48:51.6164040Z Touch /Users/runner/Library/Developer/Xcode/DerivedData/QelvoraApp-chovwfzcihvbrjemwlhqppehhyoa/Build/Products/Debug-iphonesimulator/QelvoraUITests-Runner.app/PlugIns/QelvoraUITests.xctest (in target 'QelvoraUITests' from project 'QelvoraApp')
2026-09-30T20:48:51.6164930Z     cd /Users/runner/work/creator-platform/creator-platform/apps/ios
2026-09-30T20:48:51.6165730Z     /usr/bin/touch -c /Users/runner/Library/Developer/Xcode/DerivedData/QelvoraApp-chovwfzcihvbrjemwlhqppehhyoa/Build/Products/Debug-iphonesimulator/QelvoraUITests-Runner.app/PlugIns/QelvoraUITests.xctest
2026-09-30T20:48:51.6166400Z 
2026-09-30T20:48:51.6243580Z PruneExplicitPrecompiledModules /Users/runner/Library/Developer/Xcode/DerivedData/SDKExplicitPrecompiledModules
2026-09-30T20:48:51.6261620Z 
2026-09-30T20:48:51.6264030Z PruneExplicitPrecompiledModules /Users/runner/Library/Developer/Xcode/DerivedData/QelvoraApp-chovwfzcihvbrjemwlhqppehhyoa/Build/Intermediates.noindex/ExplicitPrecompiledModules
2026-09-30T20:48:51.6265740Z 
2026-09-30T20:48:51.6266660Z PruneExplicitPrecompiledModules /Users/runner/Library/Developer/Xcode/DerivedData/QelvoraApp-chovwfzcihvbrjemwlhqppehhyoa/Build/Intermediates.noindex/SwiftExplicitPrecompiledModules
2026-09-30T20:48:51.6267370Z 
2026-09-30T20:51:10.4161370Z 2026-09-30 20:51:10.215767+0000 QelvoraUITests-Runner[6132:22127] [Default] Running tests...
2026-09-30T20:51:18.8072850Z objc[6132]: Class UIAccessibilityLoaderWebShared is implemented in both /private/var/run/com.apple.security.cryptexd/mnt/com.apple.iPhoneOS.SimulatorRuntime-v24.1.434.0.3UoWBY/Library/Developer/CoreSimulator/Profiles/Runtimes/iOS 27.0.simruntime/Contents/Resources/RuntimeRoot/System/Library/AccessibilityBundles/WebKit.axbundle/WebKit (0x109dac398) and /private/var/run/com.apple.security.cryptexd/mnt/com.apple.iPhoneOS.SimulatorRuntime-v24.1.434.0.3UoWBY/Library/Developer/CoreSimulator/Profiles/Runtimes/iOS 27.0.simruntime/Contents/Resources/RuntimeRoot/System/Library/AccessibilityBundles/WebCore.axbundle/WebCore (0x10a718310). This may cause spurious casting failures and mysterious crashes. One of the duplicates must be removed or renamed.
2026-09-30T20:51:19.0374500Z     t =      nans Interface orientation changed to Portrait
2026-09-30T20:51:21.2896490Z Test Suite 'All tests' started at 2026-09-30 20:51:21.259.
2026-09-30T20:51:21.3016000Z Test Suite 'QelvoraUITests.xctest' started at 2026-09-30 20:51:21.260.
2026-09-30T20:51:21.3325090Z Test Suite 'FoundationFlowTests' started at 2026-09-30 20:51:21.260.
2026-09-30T20:51:21.3326740Z Test Case '-[QelvoraUITests.FoundationFlowTests testCreatorAndAIRemainLabeledInNativeCatalog]' started.
2026-09-30T20:51:21.7070870Z     t =     0.00s Start Test at 2026-09-30 20:51:21.263
2026-09-30T20:51:22.3045710Z     t =     0.81s Set Up
2026-09-30T20:51:22.3303560Z     t =     0.81s Open com.pantopus.qelvora
2026-09-30T20:51:22.3448940Z     t =     0.81s     Launch com.pantopus.qelvora
2026-09-30T20:51:27.8615920Z 2026-09-30 20:51:27.843 xcodebuild[4072:14981] [MT] IDELaunchParametersSnapshot: debugger version lookup failed for path '<nil>': noURL
2026-09-30T20:51:27.9212880Z 2026-09-30 20:51:27.843 xcodebuild[4072:14981] [MT] IDELaunchParametersSnapshot: no debugger version
2026-09-30T20:51:32.6208730Z     t =    11.33s         Setting up automation session
2026-09-30T20:51:35.8534820Z     t =    14.37s         Wait for com.pantopus.qelvora to idle
2026-09-30T20:51:37.8500830Z     t =    16.47s Waiting 10.0s for "Message" StaticText to exist
2026-09-30T20:51:38.9214210Z     t =    17.51s     Checking `Expect predicate `existsNoRetry == 1` for object "Message" StaticText`
2026-09-30T20:51:39.0030500Z     t =    17.51s         Checking existence of `"Message" StaticText`
2026-09-30T20:51:39.2496290Z     t =    17.83s Checking existence of `"Maya's AI" StaticText`
2026-09-30T20:51:39.5063410Z     t =    18.08s Checking existence of `"Maya" StaticText`
2026-09-30T20:51:39.7527200Z     t =    18.33s Checking existence of `Button (First Match)`
2026-09-30T20:51:40.5737580Z     t =    19.15s Find the Target Application 'com.pantopus.qelvora'
2026-09-30T20:51:40.9102550Z     t =    19.53s Added attachment named 'Native-Message-identities'
2026-09-30T20:51:40.9936930Z     t =    19.53s Tear Down
2026-09-30T20:51:44.4696280Z Test Case '-[QelvoraUITests.FoundationFlowTests testCreatorAndAIRemainLabeledInNativeCatalog]' passed (23.047 seconds).
2026-09-30T20:51:44.5507610Z Test Case '-[QelvoraUITests.FoundationFlowTests testWelcomeSignInFailsClosedInBothThemes]' started.
2026-09-30T20:51:44.5508350Z     t =     0.00s Start Test at 2026-09-30 20:51:44.311
2026-09-30T20:51:44.6353840Z     t =     0.02s Set Up
2026-09-30T20:51:44.7188540Z     t =     0.02s Open com.pantopus.qelvora
2026-09-30T20:51:44.8015340Z     t =     0.03s     Launch com.pantopus.qelvora
2026-09-30T20:51:44.8841080Z     t =     0.03s         Terminate com.pantopus.qelvora:6941
2026-09-30T20:51:47.5952510Z 2026-09-30 20:51:47.511 xcodebuild[4072:14981] [MT] IDELaunchParametersSnapshot: debugger version lookup failed for path '<nil>': noURL
2026-09-30T20:51:47.6766420Z 2026-09-30 20:51:47.511 xcodebuild[4072:14981] [MT] IDELaunchParametersSnapshot: no debugger version
2026-09-30T20:51:51.7483400Z     t =     7.28s         Setting up automation session
2026-09-30T20:51:52.1585410Z     t =     7.75s         Wait for com.pantopus.qelvora to idle
2026-09-30T20:51:54.0542810Z     t =     9.61s Waiting 10.0s for "continue-with-pantopus" Button to exist
2026-09-30T20:51:55.1331600Z     t =    10.67s     Checking `Expect predicate `existsNoRetry == 1` for object "continue-with-pantopus" Button`
2026-09-30T20:51:55.2160740Z     t =    10.67s         Checking existence of `"continue-with-pantopus" Button`
2026-09-30T20:51:55.6753720Z     t =    11.21s Find the "continue-with-pantopus" Button
2026-09-30T20:51:56.3367240Z     t =    11.86s Find the "continue-with-pantopus" Button
2026-09-30T20:51:56.8397740Z     t =    12.37s Find the Target Application 'com.pantopus.qelvora'
2026-09-30T20:51:57.1413410Z     t =    12.72s Added attachment named 'Welcome-Light'
2026-09-30T20:51:57.1871350Z     t =    12.83s Tap "continue-with-pantopus" Button
2026-09-30T20:51:57.2152380Z     t =    12.83s     Wait for com.pantopus.qelvora to idle
2026-09-30T20:51:57.2965210Z     t =    12.83s     Find the "continue-with-pantopus" Button
2026-09-30T20:51:57.3566320Z     t =    12.88s     Check for interrupting elements affecting "continue-with-pantopus" Button
2026-09-30T20:51:57.6035050Z     t =    13.14s     Synthesize event
2026-09-30T20:51:58.2093780Z     t =    13.81s     Wait for com.pantopus.qelvora to idle
2026-09-30T20:51:58.2907690Z     t =    13.82s Waiting 5.0s for "Pantopus sign-in is not connected in this local build." StaticText to exist
2026-09-30T20:51:59.2814980Z     t =    14.88s     Checking `Expect predicate `existsNoRetry == 1` for object "Pantopus sign-in is not connected in this local build." StaticText`
2026-09-30T20:51:59.3658480Z     t =    14.88s         Checking existence of `"Pantopus sign-in is not connected in this local build." StaticText`
2026-09-30T20:51:59.4462600Z     t =    14.98s Find the "continue-with-pantopus" Button
2026-09-30T20:51:59.6091360Z     t =    15.14s Checking existence of `"handle" TextField`
2026-09-30T20:51:59.7755630Z     t =    15.31s Find the Target Application 'com.pantopus.qelvora'
2026-09-30T20:52:00.1067020Z     t =    15.66s Added attachment named 'SignIn-unconfigured-Light'
2026-09-30T20:52:00.1067500Z     t =    15.66s Terminate com.pantopus.qelvora:6982
2026-09-30T20:52:03.1860540Z     t =    18.73s Open com.pantopus.qelvora
2026-09-30T20:52:03.1861120Z     t =    18.73s     Launch com.pantopus.qelvora
2026-09-30T20:52:03.4311720Z 2026-09-30 20:52:03.351 xcodebuild[4072:14981] [MT] IDELaunchParametersSnapshot: debugger version lookup failed for path '<nil>': noURL
2026-09-30T20:52:03.5208550Z 2026-09-30 20:52:03.351 xcodebuild[4072:14981] [MT] IDELaunchParametersSnapshot: no debugger version
2026-09-30T20:52:05.7687800Z     t =    21.20s         Setting up automation session
2026-09-30T20:52:08.1580920Z     t =    23.83s         Wait for com.pantopus.qelvora to idle
2026-09-30T20:52:09.5541180Z     t =    25.22s Waiting 10.0s for "continue-with-pantopus" Button to exist
2026-09-30T20:52:10.5646160Z     t =    26.25s     Checking `Expect predicate `existsNoRetry == 1` for object "continue-with-pantopus" Button`
2026-09-30T20:52:10.5746350Z     t =    26.25s         Checking existence of `"continue-with-pantopus" Button`
2026-09-30T20:52:10.6051470Z     t =    26.29s Find the "continue-with-pantopus" Button
2026-09-30T20:52:10.7048550Z     t =    26.38s Find the "continue-with-pantopus" Button
2026-09-30T20:52:10.7252180Z     t =    26.41s Find the Target Application 'com.pantopus.qelvora'
2026-09-30T20:52:10.8586630Z     t =    26.53s Added attachment named 'Welcome-Dark'
2026-09-30T20:52:10.8694540Z     t =    26.54s Tap "continue-with-pantopus" Button
2026-09-30T20:52:10.8814240Z     t =    26.54s     Wait for com.pantopus.qelvora to idle
2026-09-30T20:52:10.8919660Z     t =    26.55s     Find the "continue-with-pantopus" Button
2026-09-30T20:52:10.9031720Z     t =    26.56s     Check for interrupting elements affecting "continue-with-pantopus" Button
2026-09-30T20:52:10.9133390Z     t =    26.58s     Synthesize event
2026-09-30T20:52:11.1949960Z     t =    26.88s     Wait for com.pantopus.qelvora to idle
2026-09-30T20:52:11.2057240Z     t =    26.89s Waiting 5.0s for "Pantopus sign-in is not connected in this local build." StaticText to exist
2026-09-30T20:52:12.2650580Z     t =    27.95s     Checking `Expect predicate `existsNoRetry == 1` for object "Pantopus sign-in is not connected in this local build." StaticText`
2026-09-30T20:52:12.2769080Z     t =    27.95s         Checking existence of `"Pantopus sign-in is not connected in this local build." StaticText`
2026-09-30T20:52:12.2896340Z     t =    27.96s Find the "continue-with-pantopus" Button
2026-09-30T20:52:12.3291820Z     t =    27.98s Checking existence of `"handle" TextField`
2026-09-30T20:52:12.3395280Z     t =    28.02s Find the Target Application 'com.pantopus.qelvora'
2026-09-30T20:52:12.4746920Z     t =    28.15s Added attachment named 'SignIn-unconfigured-Dark'
2026-09-30T20:52:12.4857450Z     t =    28.15s Terminate com.pantopus.qelvora:7006
2026-09-30T20:52:13.5604680Z     t =    29.25s Tear Down
2026-09-30T20:52:13.9436410Z Test Case '-[QelvoraUITests.FoundationFlowTests testWelcomeSignInFailsClosedInBothThemes]' passed (29.624 seconds).
2026-09-30T20:52:13.9538210Z Test Suite 'FoundationFlowTests' passed at 2026-09-30 20:52:13.935.
2026-09-30T20:52:13.9640790Z 	 Executed 2 tests, with 0 failures (0 unexpected) in 52.671 (52.675) seconds
2026-09-30T20:52:13.9743970Z Test Suite 'QelvoraUITests.xctest' passed at 2026-09-30 20:52:13.936.
2026-09-30T20:52:13.9845790Z 	 Executed 2 tests, with 0 failures (0 unexpected) in 52.671 (52.675) seconds
2026-09-30T20:52:13.9947240Z Test Suite 'All tests' passed at 2026-09-30 20:52:13.936.
2026-09-30T20:52:14.0190920Z 	 Executed 2 tests, with 0 failures (0 unexpected) in 52.671 (52.677) seconds
2026-09-30T20:52:14.4482280Z 2026-09-30 20:52:14.446 xcodebuild[4072:14981] [MT] IDETestOperationsObserverDebug: 202.812 elapsed -- Testing started completed.
2026-09-30T20:52:14.4584350Z 2026-09-30 20:52:14.446 xcodebuild[4072:14981] [MT] IDETestOperationsObserverDebug: 0.000 sec, +0.000 sec -- start
2026-09-30T20:52:14.4686010Z 2026-09-30 20:52:14.446 xcodebuild[4072:14981] [MT] IDETestOperationsObserverDebug: 202.812 sec, +202.812 sec -- end
2026-09-30T20:52:14.4686610Z 
2026-09-30T20:52:14.4787590Z Test session results, code coverage, and logs:
2026-09-30T20:52:14.4890940Z 	/Users/runner/work/creator-platform/creator-platform/artifacts/ios/FoundationFlow.xcresult
2026-09-30T20:52:14.4992200Z 
2026-09-30T20:52:14.5093260Z ** TEST SUCCEEDED **
2026-09-30T20:52:14.5193870Z 
2026-09-30T20:52:18.3518070Z Testing started
2026-09-30T20:52:19.1927650Z ##[group]Run swift test --package-path apps/ios
2026-09-30T20:52:19.1928330Z [36;1mswift test --package-path apps/ios[0m
2026-09-30T20:52:21.1395630Z shell: /bin/bash -e {0}
2026-09-30T20:52:21.1399010Z env:
2026-09-30T20:52:21.1400890Z   SNAPSHOT_ARTIFACTS: /Users/runner/work/creator-platform/creator-platform/artifacts/ios/snapshot-diffs
2026-09-30T20:52:21.1404950Z ##[endgroup]
2026-09-30T20:52:28.5996370Z Fetching https://github.com/pointfreeco/swift-issue-reporting from cache
2026-09-30T20:52:28.5997060Z Fetching https://github.com/pointfreeco/swift-custom-dump from cache
2026-09-30T20:52:28.6149990Z Fetched https://github.com/pointfreeco/swift-custom-dump from cache (0.02s)
2026-09-30T20:52:28.6151410Z Fetched https://github.com/pointfreeco/swift-issue-reporting from cache (0.02s)
2026-09-30T20:52:28.6261040Z Fetching https://github.com/swiftlang/swift-syntax from cache
2026-09-30T20:52:28.6262020Z Fetching https://github.com/pointfreeco/swift-snapshot-testing.git from cache
2026-09-30T20:52:28.6440540Z Fetched https://github.com/swiftlang/swift-syntax from cache (0.02s)
2026-09-30T20:52:28.6441790Z Fetched https://github.com/pointfreeco/swift-snapshot-testing.git from cache (0.02s)
2026-09-30T20:52:28.6570570Z Creating working copy for https://github.com/pointfreeco/swift-issue-reporting
2026-09-30T20:52:28.6571730Z Creating working copy for https://github.com/pointfreeco/swift-custom-dump
2026-09-30T20:52:28.7257190Z Creating working copy for https://github.com/swiftlang/swift-syntax
2026-09-30T20:52:28.7585060Z Working copy of https://github.com/pointfreeco/swift-custom-dump resolved at 1.7.3
2026-09-30T20:52:28.7586480Z Creating working copy for https://github.com/pointfreeco/swift-snapshot-testing.git
2026-09-30T20:52:28.7589600Z Working copy of https://github.com/pointfreeco/swift-issue-reporting resolved at 2.1.1
2026-09-30T20:52:28.9551470Z Working copy of https://github.com/pointfreeco/swift-snapshot-testing.git resolved at 1.19.6
2026-09-30T20:52:29.0846810Z Working copy of https://github.com/swiftlang/swift-syntax resolved at 604.0.0
2026-09-30T20:52:34.8369210Z warning: 'ios': found 110 file(s) which are unhandled; explicitly declare them as resources or exclude from the target
2026-09-30T20:52:34.8372880Z     /Users/runner/work/creator-platform/creator-platform/apps/ios/Tests/QelvoraUITests/__Snapshots__/NativeSnapshotTests/testAuthorIdentitySurfaces.light.png
2026-09-30T20:52:34.8374950Z     /Users/runner/work/creator-platform/creator-platform/apps/ios/Tests/QelvoraUITests/__Snapshots__/NativeSnapshotTests/testAuthorIdentitySurfaces.night.png
2026-09-30T20:52:34.8376210Z     /Users/runner/work/creator-platform/creator-platform/apps/ios/Tests/QelvoraUITests/__Snapshots__/NativeSnapshotTests/testComponentCatalogThemes.AccessLines-light.png
2026-09-30T20:52:34.8377300Z     /Users/runner/work/creator-platform/creator-platform/apps/ios/Tests/QelvoraUITests/__Snapshots__/NativeSnapshotTests/testComponentCatalogThemes.AccessLines-night.png
2026-09-30T20:52:34.8378330Z     /Users/runner/work/creator-platform/creator-platform/apps/ios/Tests/QelvoraUITests/__Snapshots__/NativeSnapshotTests/testComponentCatalogThemes.AuditBanner-light.png
2026-09-30T20:52:34.8379370Z     /Users/runner/work/creator-platform/creator-platform/apps/ios/Tests/QelvoraUITests/__Snapshots__/NativeSnapshotTests/testComponentCatalogThemes.AuditBanner-night.png
2026-09-30T20:52:34.8380330Z     /Users/runner/work/creator-platform/creator-platform/apps/ios/Tests/QelvoraUITests/__Snapshots__/NativeSnapshotTests/testComponentCatalogThemes.AuthorLabel-light.png
2026-09-30T20:52:34.8381330Z     /Users/runner/work/creator-platform/creator-platform/apps/ios/Tests/QelvoraUITests/__Snapshots__/NativeSnapshotTests/testComponentCatalogThemes.AuthorLabel-night.png
2026-09-30T20:52:34.8382590Z     /Users/runner/work/creator-platform/creator-platform/apps/ios/Tests/QelvoraUITests/__Snapshots__/NativeSnapshotTests/testComponentCatalogThemes.Avatar-light.png
2026-09-30T20:52:34.8384850Z     /Users/runner/work/creator-platform/creator-platform/apps/ios/Tests/QelvoraUITests/__Snapshots__/NativeSnapshotTests/testComponentCatalogThemes.Avatar-night.png
2026-09-30T20:52:34.8386030Z     /Users/runner/work/creator-platform/creator-platform/apps/ios/Tests/QelvoraUITests/__Snapshots__/NativeSnapshotTests/testComponentCatalogThemes.Button-light.png
2026-09-30T20:52:34.8387050Z     /Users/runner/work/creator-platform/creator-platform/apps/ios/Tests/QelvoraUITests/__Snapshots__/NativeSnapshotTests/testComponentCatalogThemes.Button-night.png
2026-09-30T20:52:34.8388060Z     /Users/runner/work/creator-platform/creator-platform/apps/ios/Tests/QelvoraUITests/__Snapshots__/NativeSnapshotTests/testComponentCatalogThemes.CallChip-light.png
2026-09-30T20:52:34.8389130Z     /Users/runner/work/creator-platform/creator-platform/apps/ios/Tests/QelvoraUITests/__Snapshots__/NativeSnapshotTests/testComponentCatalogThemes.CallChip-night.png
2026-09-30T20:52:34.8390160Z     /Users/runner/work/creator-platform/creator-platform/apps/ios/Tests/QelvoraUITests/__Snapshots__/NativeSnapshotTests/testComponentCatalogThemes.CapacityHeader-light.png
2026-09-30T20:52:34.8391250Z     /Users/runner/work/creator-platform/creator-platform/apps/ios/Tests/QelvoraUITests/__Snapshots__/NativeSnapshotTests/testComponentCatalogThemes.CapacityHeader-night.png
2026-09-30T20:52:34.8392260Z     /Users/runner/work/creator-platform/creator-platform/apps/ios/Tests/QelvoraUITests/__Snapshots__/NativeSnapshotTests/testComponentCatalogThemes.CitationChip-light.png
2026-09-30T20:52:34.8393250Z     /Users/runner/work/creator-platform/creator-platform/apps/ios/Tests/QelvoraUITests/__Snapshots__/NativeSnapshotTests/testComponentCatalogThemes.CitationChip-night.png
2026-09-30T20:52:34.8394260Z     /Users/runner/work/creator-platform/creator-platform/apps/ios/Tests/QelvoraUITests/__Snapshots__/NativeSnapshotTests/testComponentCatalogThemes.Composer-light.png
2026-09-30T20:52:34.8395230Z     /Users/runner/work/creator-platform/creator-platform/apps/ios/Tests/QelvoraUITests/__Snapshots__/NativeSnapshotTests/testComponentCatalogThemes.Composer-night.png
2026-09-30T20:52:34.8396480Z     /Users/runner/work/creator-platform/creator-platform/apps/ios/Tests/QelvoraUITests/__Snapshots__/NativeSnapshotTests/testComponentCatalogThemes.ContextCard-light.png
2026-09-30T20:52:34.8397740Z     /Users/runner/work/creator-platform/creator-platform/apps/ios/Tests/QelvoraUITests/__Snapshots__/NativeSnapshotTests/testComponentCatalogThemes.ContextCard-night.png
2026-09-30T20:52:34.8398780Z     /Users/runner/work/creator-platform/creator-platform/apps/ios/Tests/QelvoraUITests/__Snapshots__/NativeSnapshotTests/testComponentCatalogThemes.Correction-light.png
2026-09-30T20:52:34.8399910Z     /Users/runner/work/creator-platform/creator-platform/apps/ios/Tests/QelvoraUITests/__Snapshots__/NativeSnapshotTests/testComponentCatalogThemes.Correction-night.png
2026-09-30T20:52:34.8401120Z     /Users/runner/work/creator-platform/creator-platform/apps/ios/Tests/QelvoraUITests/__Snapshots__/NativeSnapshotTests/testComponentCatalogThemes.Countdown-light.png
2026-09-30T20:52:34.8402220Z     /Users/runner/work/creator-platform/creator-platform/apps/ios/Tests/QelvoraUITests/__Snapshots__/NativeSnapshotTests/testComponentCatalogThemes.Countdown-night.png
2026-09-30T20:52:34.8403180Z     /Users/runner/work/creator-platform/creator-platform/apps/ios/Tests/QelvoraUITests/__Snapshots__/NativeSnapshotTests/testComponentCatalogThemes.Dialog-light.png
2026-09-30T20:52:34.8404150Z     /Users/runner/work/creator-platform/creator-platform/apps/ios/Tests/QelvoraUITests/__Snapshots__/NativeSnapshotTests/testComponentCatalogThemes.Dialog-night.png
2026-09-30T20:52:34.8405170Z     /Users/runner/work/creator-platform/creator-platform/apps/ios/Tests/QelvoraUITests/__Snapshots__/NativeSnapshotTests/testComponentCatalogThemes.DigestItem-light.png
2026-09-30T20:52:34.8406210Z     /Users/runner/work/creator-platform/creator-platform/apps/ios/Tests/QelvoraUITests/__Snapshots__/NativeSnapshotTests/testComponentCatalogThemes.DigestItem-night.png
2026-09-30T20:52:34.8407400Z     /Users/runner/work/creator-platform/creator-platform/apps/ios/Tests/QelvoraUITests/__Snapshots__/NativeSnapshotTests/testComponentCatalogThemes.EmailFrame-light.png
2026-09-30T20:52:34.8408360Z     /Users/runner/work/creator-platform/creator-platform/apps/ios/Tests/QelvoraUITests/__Snapshots__/NativeSnapshotTests/testComponentCatalogThemes.EmailFrame-night.png
2026-09-30T20:52:34.8409320Z     /Users/runner/work/creator-platform/creator-platform/apps/ios/Tests/QelvoraUITests/__Snapshots__/NativeSnapshotTests/testComponentCatalogThemes.EmptyState-light.png
2026-09-30T20:52:34.8410390Z     /Users/runner/work/creator-platform/creator-platform/apps/ios/Tests/QelvoraUITests/__Snapshots__/NativeSnapshotTests/testComponentCatalogThemes.EmptyState-night.png
2026-09-30T20:52:34.8411400Z     /Users/runner/work/creator-platform/creator-platform/apps/ios/Tests/QelvoraUITests/__Snapshots__/NativeSnapshotTests/testComponentCatalogThemes.EtaLine-light.png
2026-09-30T20:52:34.8412370Z     /Users/runner/work/creator-platform/creator-platform/apps/ios/Tests/QelvoraUITests/__Snapshots__/NativeSnapshotTests/testComponentCatalogThemes.EtaLine-night.png
2026-09-30T20:52:34.8413380Z     /Users/runner/work/creator-platform/creator-platform/apps/ios/Tests/QelvoraUITests/__Snapshots__/NativeSnapshotTests/testComponentCatalogThemes.IdentityStrip-light.png
2026-09-30T20:52:34.8414420Z     /Users/runner/work/creator-platform/creator-platform/apps/ios/Tests/QelvoraUITests/__Snapshots__/NativeSnapshotTests/testComponentCatalogThemes.IdentityStrip-night.png
2026-09-30T20:52:34.8415440Z     /Users/runner/work/creator-platform/creator-platform/apps/ios/Tests/QelvoraUITests/__Snapshots__/NativeSnapshotTests/testComponentCatalogThemes.IncludeList-light.png
2026-09-30T20:52:34.8416410Z     /Users/runner/work/creator-platform/creator-platform/apps/ios/Tests/QelvoraUITests/__Snapshots__/NativeSnapshotTests/testComponentCatalogThemes.IncludeList-night.png
2026-09-30T20:52:34.8417360Z     /Users/runner/work/creator-platform/creator-platform/apps/ios/Tests/QelvoraUITests/__Snapshots__/NativeSnapshotTests/testComponentCatalogThemes.InsteadMenu-light.png
2026-09-30T20:52:34.8418300Z     /Users/runner/work/creator-platform/creator-platform/apps/ios/Tests/QelvoraUITests/__Snapshots__/NativeSnapshotTests/testComponentCatalogThemes.InsteadMenu-night.png
2026-09-30T20:52:34.8419420Z     /Users/runner/work/creator-platform/creator-platform/apps/ios/Tests/QelvoraUITests/__Snapshots__/NativeSnapshotTests/testComponentCatalogThemes.LabelPreview-light.png
2026-09-30T20:52:34.8420390Z     /Users/runner/work/creator-platform/creator-platform/apps/ios/Tests/QelvoraUITests/__Snapshots__/NativeSnapshotTests/testComponentCatalogThemes.LabelPreview-night.png
2026-09-30T20:52:34.8421320Z     /Users/runner/work/creator-platform/creator-platform/apps/ios/Tests/QelvoraUITests/__Snapshots__/NativeSnapshotTests/testComponentCatalogThemes.Mark-light.png
2026-09-30T20:52:34.8422230Z     /Users/runner/work/creator-platform/creator-platform/apps/ios/Tests/QelvoraUITests/__Snapshots__/NativeSnapshotTests/testComponentCatalogThemes.Mark-night.png
2026-09-30T20:52:34.8423180Z     /Users/runner/work/creator-platform/creator-platform/apps/ios/Tests/QelvoraUITests/__Snapshots__/NativeSnapshotTests/testComponentCatalogThemes.MemoryChip-light.png
2026-09-30T20:52:34.8424130Z     /Users/runner/work/creator-platform/creator-platform/apps/ios/Tests/QelvoraUITests/__Snapshots__/NativeSnapshotTests/testComponentCatalogThemes.MemoryChip-night.png
2026-09-30T20:52:34.8425120Z     /Users/runner/work/creator-platform/creator-platform/apps/ios/Tests/QelvoraUITests/__Snapshots__/NativeSnapshotTests/testComponentCatalogThemes.Message-light.png
2026-09-30T20:52:34.8426130Z     /Users/runner/work/creator-platform/creator-platform/apps/ios/Tests/QelvoraUITests/__Snapshots__/NativeSnapshotTests/testComponentCatalogThemes.Message-night.png
2026-09-30T20:52:34.8427310Z     /Users/runner/work/creator-platform/creator-platform/apps/ios/Tests/QelvoraUITests/__Snapshots__/NativeSnapshotTests/testComponentCatalogThemes.ModeList-light.png
2026-09-30T20:52:34.8428300Z     /Users/runner/work/creator-platform/creator-platform/apps/ios/Tests/QelvoraUITests/__Snapshots__/NativeSnapshotTests/testComponentCatalogThemes.ModeList-night.png
2026-09-30T20:52:34.8429250Z     /Users/runner/work/creator-platform/creator-platform/apps/ios/Tests/QelvoraUITests/__Snapshots__/NativeSnapshotTests/testComponentCatalogThemes.Note-light.png
2026-09-30T20:52:34.8430160Z     /Users/runner/work/creator-platform/creator-platform/apps/ios/Tests/QelvoraUITests/__Snapshots__/NativeSnapshotTests/testComponentCatalogThemes.Note-night.png
2026-09-30T20:52:34.8431080Z     /Users/runner/work/creator-platform/creator-platform/apps/ios/Tests/QelvoraUITests/__Snapshots__/NativeSnapshotTests/testComponentCatalogThemes.Notice-light.png
2026-09-30T20:52:34.8431990Z     /Users/runner/work/creator-platform/creator-platform/apps/ios/Tests/QelvoraUITests/__Snapshots__/NativeSnapshotTests/testComponentCatalogThemes.Notice-night.png
2026-09-30T20:52:34.8432940Z     /Users/runner/work/creator-platform/creator-platform/apps/ios/Tests/QelvoraUITests/__Snapshots__/NativeSnapshotTests/testComponentCatalogThemes.NotificationRow-light.png
2026-09-30T20:52:34.8433980Z     /Users/runner/work/creator-platform/creator-platform/apps/ios/Tests/QelvoraUITests/__Snapshots__/NativeSnapshotTests/testComponentCatalogThemes.NotificationRow-night.png
2026-09-30T20:52:34.8434990Z     /Users/runner/work/creator-platform/creator-platform/apps/ios/Tests/QelvoraUITests/__Snapshots__/NativeSnapshotTests/testComponentCatalogThemes.QueueCard-light.png
2026-09-30T20:52:34.8436020Z     /Users/runner/work/creator-platform/creator-platform/apps/ios/Tests/QelvoraUITests/__Snapshots__/NativeSnapshotTests/testComponentCatalogThemes.QueueCard-night.png
2026-09-30T20:52:34.8437050Z     /Users/runner/work/creator-platform/creator-platform/apps/ios/Tests/QelvoraUITests/__Snapshots__/NativeSnapshotTests/testComponentCatalogThemes.ReactionChip-light.png
2026-09-30T20:52:34.8438080Z     /Users/runner/work/creator-platform/creator-platform/apps/ios/Tests/QelvoraUITests/__Snapshots__/NativeSnapshotTests/testComponentCatalogThemes.ReactionChip-night.png
2026-09-30T20:52:34.8439240Z     /Users/runner/work/creator-platform/creator-platform/apps/ios/Tests/QelvoraUITests/__Snapshots__/NativeSnapshotTests/testComponentCatalogThemes.Receipt-light.png
2026-09-30T20:52:34.8440180Z     /Users/runner/work/creator-platform/creator-platform/apps/ios/Tests/QelvoraUITests/__Snapshots__/NativeSnapshotTests/testComponentCatalogThemes.Receipt-night.png
2026-09-30T20:52:34.8441220Z     /Users/runner/work/creator-platform/creator-platform/apps/ios/Tests/QelvoraUITests/__Snapshots__/NativeSnapshotTests/testComponentCatalogThemes.RequestStatus-light.png
2026-09-30T20:52:34.8442270Z     /Users/runner/work/creator-platform/creator-platform/apps/ios/Tests/QelvoraUITests/__Snapshots__/NativeSnapshotTests/testComponentCatalogThemes.RequestStatus-night.png
2026-09-30T20:52:34.8443250Z     /Users/runner/work/creator-platform/creator-platform/apps/ios/Tests/QelvoraUITests/__Snapshots__/NativeSnapshotTests/testComponentCatalogThemes.ReservedLabel-light.png
2026-09-30T20:52:34.8444410Z     /Users/runner/work/creator-platform/creator-platform/apps/ios/Tests/QelvoraUITests/__Snapshots__/NativeSnapshotTests/testComponentCatalogThemes.ReservedLabel-night.png
2026-09-30T20:52:34.8445450Z     /Users/runner/work/creator-platform/creator-platform/apps/ios/Tests/QelvoraUITests/__Snapshots__/NativeSnapshotTests/testComponentCatalogThemes.Seal-light.png
2026-09-30T20:52:34.8446510Z     /Users/runner/work/creator-platform/creator-platform/apps/ios/Tests/QelvoraUITests/__Snapshots__/NativeSnapshotTests/testComponentCatalogThemes.Seal-night.png
2026-09-30T20:52:34.8447620Z     /Users/runner/work/creator-platform/creator-platform/apps/ios/Tests/QelvoraUITests/__Snapshots__/NativeSnapshotTests/testComponentCatalogThemes.Segmented-light.png
2026-09-30T20:52:34.8448960Z     /Users/runner/work/creator-platform/creator-platform/apps/ios/Tests/QelvoraUITests/__Snapshots__/NativeSnapshotTests/testComponentCatalogThemes.Segmented-night.png
2026-09-30T20:52:34.8450210Z     /Users/runner/work/creator-platform/creator-platform/apps/ios/Tests/QelvoraUITests/__Snapshots__/NativeSnapshotTests/testComponentCatalogThemes.ShareCard-light.png
2026-09-30T20:52:34.8451350Z     /Users/runner/work/creator-platform/creator-platform/apps/ios/Tests/QelvoraUITests/__Snapshots__/NativeSnapshotTests/testComponentCatalogThemes.ShareCard-night.png
2026-09-30T20:52:34.8452510Z     /Users/runner/work/creator-platform/creator-platform/apps/ios/Tests/QelvoraUITests/__Snapshots__/NativeSnapshotTests/testComponentCatalogThemes.Sheet-light.png
2026-09-30T20:52:34.8453660Z     /Users/runner/work/creator-platform/creator-platform/apps/ios/Tests/QelvoraUITests/__Snapshots__/NativeSnapshotTests/testComponentCatalogThemes.Sheet-night.png
2026-09-30T20:52:34.8454620Z     /Users/runner/work/creator-platform/creator-platform/apps/ios/Tests/QelvoraUITests/__Snapshots__/NativeSnapshotTests/testComponentCatalogThemes.Sidebar-light.png
2026-09-30T20:52:34.8455590Z     /Users/runner/work/creator-platform/creator-platform/apps/ios/Tests/QelvoraUITests/__Snapshots__/NativeSnapshotTests/testComponentCatalogThemes.Sidebar-night.png
2026-09-30T20:52:34.8456650Z     /Users/runner/work/creator-platform/creator-platform/apps/ios/Tests/QelvoraUITests/__Snapshots__/NativeSnapshotTests/testComponentCatalogThemes.SignedMarker-light.png
2026-09-30T20:52:34.8457690Z     /Users/runner/work/creator-platform/creator-platform/apps/ios/Tests/QelvoraUITests/__Snapshots__/NativeSnapshotTests/testComponentCatalogThemes.SignedMarker-night.png
2026-09-30T20:52:34.8458770Z     /Users/runner/work/creator-platform/creator-platform/apps/ios/Tests/QelvoraUITests/__Snapshots__/NativeSnapshotTests/testComponentCatalogThemes.SigningSheet-light.png
2026-09-30T20:52:34.8459800Z     /Users/runner/work/creator-platform/creator-platform/apps/ios/Tests/QelvoraUITests/__Snapshots__/NativeSnapshotTests/testComponentCatalogThemes.SigningSheet-night.png
2026-09-30T20:52:34.8460810Z     /Users/runner/work/creator-platform/creator-platform/apps/ios/Tests/QelvoraUITests/__Snapshots__/NativeSnapshotTests/testComponentCatalogThemes.Skeleton-light.png
2026-09-30T20:52:34.8461950Z     /Users/runner/work/creator-platform/creator-platform/apps/ios/Tests/QelvoraUITests/__Snapshots__/NativeSnapshotTests/testComponentCatalogThemes.Skeleton-night.png
2026-09-30T20:52:34.8462940Z     /Users/runner/work/creator-platform/creator-platform/apps/ios/Tests/QelvoraUITests/__Snapshots__/NativeSnapshotTests/testComponentCatalogThemes.SourceRow-light.png
2026-09-30T20:52:34.8463960Z     /Users/runner/work/creator-platform/creator-platform/apps/ios/Tests/QelvoraUITests/__Snapshots__/NativeSnapshotTests/testComponentCatalogThemes.SourceRow-night.png
2026-09-30T20:52:34.8465030Z     /Users/runner/work/creator-platform/creator-platform/apps/ios/Tests/QelvoraUITests/__Snapshots__/NativeSnapshotTests/testComponentCatalogThemes.SpendLimit-light.png
2026-09-30T20:52:34.8466060Z     /Users/runner/work/creator-platform/creator-platform/apps/ios/Tests/QelvoraUITests/__Snapshots__/NativeSnapshotTests/testComponentCatalogThemes.SpendLimit-night.png
2026-09-30T20:52:34.8467030Z     /Users/runner/work/creator-platform/creator-platform/apps/ios/Tests/QelvoraUITests/__Snapshots__/NativeSnapshotTests/testComponentCatalogThemes.StepIn-light.png
2026-09-30T20:52:34.8468050Z     /Users/runner/work/creator-platform/creator-platform/apps/ios/Tests/QelvoraUITests/__Snapshots__/NativeSnapshotTests/testComponentCatalogThemes.StepIn-night.png
2026-09-30T20:52:34.8469000Z     /Users/runner/work/creator-platform/creator-platform/apps/ios/Tests/QelvoraUITests/__Snapshots__/NativeSnapshotTests/testComponentCatalogThemes.StudioTabBar-light.png
2026-09-30T20:52:34.8470030Z     /Users/runner/work/creator-platform/creator-platform/apps/ios/Tests/QelvoraUITests/__Snapshots__/NativeSnapshotTests/testComponentCatalogThemes.StudioTabBar-night.png
2026-09-30T20:52:34.8471260Z     /Users/runner/work/creator-platform/creator-platform/apps/ios/Tests/QelvoraUITests/__Snapshots__/NativeSnapshotTests/testComponentCatalogThemes.SystemLine-light.png
2026-09-30T20:52:34.8472410Z     /Users/runner/work/creator-platform/creator-platform/apps/ios/Tests/QelvoraUITests/__Snapshots__/NativeSnapshotTests/testComponentCatalogThemes.SystemLine-night.png
2026-09-30T20:52:34.8473460Z     /Users/runner/work/creator-platform/creator-platform/apps/ios/Tests/QelvoraUITests/__Snapshots__/NativeSnapshotTests/testComponentCatalogThemes.TabBar-light.png
2026-09-30T20:52:34.8474430Z     /Users/runner/work/creator-platform/creator-platform/apps/ios/Tests/QelvoraUITests/__Snapshots__/NativeSnapshotTests/testComponentCatalogThemes.TabBar-night.png
2026-09-30T20:52:34.8475390Z     /Users/runner/work/creator-platform/creator-platform/apps/ios/Tests/QelvoraUITests/__Snapshots__/NativeSnapshotTests/testComponentCatalogThemes.TermsBlock-light.png
2026-09-30T20:52:34.8476340Z     /Users/runner/work/creator-platform/creator-platform/apps/ios/Tests/QelvoraUITests/__Snapshots__/NativeSnapshotTests/testComponentCatalogThemes.TermsBlock-night.png
2026-09-30T20:52:34.8477360Z     /Users/runner/work/creator-platform/creator-platform/apps/ios/Tests/QelvoraUITests/__Snapshots__/NativeSnapshotTests/testComponentCatalogThemes.TestConsole-light.png
2026-09-30T20:52:34.8478410Z     /Users/runner/work/creator-platform/creator-platform/apps/ios/Tests/QelvoraUITests/__Snapshots__/NativeSnapshotTests/testComponentCatalogThemes.TestConsole-night.png
2026-09-30T20:52:34.8479430Z     /Users/runner/work/creator-platform/creator-platform/apps/ios/Tests/QelvoraUITests/__Snapshots__/NativeSnapshotTests/testComponentCatalogThemes.ThreadHeader-light.png
2026-09-30T20:52:34.8480510Z     /Users/runner/work/creator-platform/creator-platform/apps/ios/Tests/QelvoraUITests/__Snapshots__/NativeSnapshotTests/testComponentCatalogThemes.ThreadHeader-night.png
2026-09-30T20:52:34.8481450Z     /Users/runner/work/creator-platform/creator-platform/apps/ios/Tests/QelvoraUITests/__Snapshots__/NativeSnapshotTests/testComponentCatalogThemes.Toast-light.png
2026-09-30T20:52:34.8482390Z     /Users/runner/work/creator-platform/creator-platform/apps/ios/Tests/QelvoraUITests/__Snapshots__/NativeSnapshotTests/testComponentCatalogThemes.Toast-night.png
2026-09-30T20:52:34.8483560Z     /Users/runner/work/creator-platform/creator-platform/apps/ios/Tests/QelvoraUITests/__Snapshots__/NativeSnapshotTests/testComponentCatalogThemes.VersionList-light.png
2026-09-30T20:52:34.8484690Z     /Users/runner/work/creator-platform/creator-platform/apps/ios/Tests/QelvoraUITests/__Snapshots__/NativeSnapshotTests/testComponentCatalogThemes.VersionList-night.png
2026-09-30T20:52:34.8485770Z     /Users/runner/work/creator-platform/creator-platform/apps/ios/Tests/QelvoraUITests/__Snapshots__/NativeSnapshotTests/testComponentCatalogThemes.VoiceNote-light.png
2026-09-30T20:52:34.8486930Z     /Users/runner/work/creator-platform/creator-platform/apps/ios/Tests/QelvoraUITests/__Snapshots__/NativeSnapshotTests/testComponentCatalogThemes.VoiceNote-night.png
2026-09-30T20:52:34.8487910Z     /Users/runner/work/creator-platform/creator-platform/apps/ios/Tests/QelvoraUITests/__Snapshots__/NativeSnapshotTests/testWelcomeThemes.light.png
2026-09-30T20:52:34.8488770Z     /Users/runner/work/creator-platform/creator-platform/apps/ios/Tests/QelvoraUITests/__Snapshots__/NativeSnapshotTests/testWelcomeThemes.night.png
2026-09-30T20:52:41.1501710Z Building for debugging...
2026-09-30T20:52:41.1502000Z [Constructing description]
2026-09-30T20:52:41.3983280Z [Planning deferred tasks]
2026-09-30T20:52:41.5019210Z [48 / 104] QelvoraNative_QelvoraUI
2026-09-30T20:52:41.6432790Z [62 / 104] QelvoraNative_QelvoraUI
2026-09-30T20:52:47.8895900Z [64 / 104]
2026-09-30T20:52:50.6101870Z [66 / 106] SnapshotTesting
2026-09-30T20:52:50.7867310Z [70 / 280]
2026-09-30T20:52:50.8972820Z [74 / 280]
2026-09-30T20:52:51.0571900Z [79 / 280]
2026-09-30T20:52:51.1626580Z [84 / 280]
2026-09-30T20:52:51.2868440Z [87 / 280]
2026-09-30T20:52:51.3875580Z [89 / 280]
2026-09-30T20:52:51.5534070Z [94 / 280]
2026-09-30T20:52:51.6572730Z [98 / 280]
2026-09-30T20:52:51.8201900Z [102 / 280]
2026-09-30T20:52:51.9752570Z [107 / 280]
2026-09-30T20:52:52.1058940Z [110 / 280]
2026-09-30T20:52:52.2264340Z [113 / 280]
2026-09-30T20:52:52.4669790Z [115 / 280]
2026-09-30T20:52:52.6040800Z [118 / 280]
2026-09-30T20:52:52.7054570Z [120 / 280]
2026-09-30T20:52:52.8358070Z [122 / 280]
2026-09-30T20:52:52.9367780Z [127 / 280]
2026-09-30T20:52:53.0411930Z [131 / 280]
2026-09-30T20:52:53.1640300Z [136 / 280]
2026-09-30T20:52:53.2903240Z [141 / 280]
2026-09-30T20:52:53.4059450Z [142 / 280]
2026-09-30T20:52:53.5251270Z [145 / 280]
2026-09-30T20:52:53.6635740Z [150 / 280]
2026-09-30T20:52:53.7639250Z [153 / 280]
2026-09-30T20:52:53.8728720Z [154 / 280]
2026-09-30T20:52:54.0034120Z [158 / 280]
2026-09-30T20:52:54.1064320Z [159 / 280]
2026-09-30T20:52:54.2090420Z [163 / 280]
2026-09-30T20:52:54.3137430Z [167 / 280]
2026-09-30T20:52:54.4202710Z [172 / 280]
2026-09-30T20:52:54.5695990Z [175 / 280]
2026-09-30T20:52:54.7142300Z [179 / 280]
2026-09-30T20:52:54.9467210Z [182 / 280]
2026-09-30T20:52:55.0412030Z [185 / 280]
2026-09-30T20:52:55.1829590Z [188 / 280]
2026-09-30T20:52:55.3979810Z [191 / 280]
2026-09-30T20:52:55.5139140Z [194 / 280]
2026-09-30T20:52:55.7057940Z [197 / 280]
2026-09-30T20:52:55.8170090Z [200 / 280]
2026-09-30T20:52:55.9453550Z [203 / 280]
2026-09-30T20:52:56.2217930Z [207 / 280]
2026-09-30T20:52:56.3608450Z [208 / 280]
2026-09-30T20:52:56.6354020Z [210 / 280]
2026-09-30T20:52:56.7508530Z [211 / 280]
2026-09-30T20:52:56.9087780Z [213 / 280]
2026-09-30T20:52:57.0746510Z [217 / 280]
2026-09-30T20:52:57.1984190Z [219 / 280]
2026-09-30T20:52:57.3453070Z [221 / 280]
2026-09-30T20:52:57.4694400Z [223 / 280] QelvoraUI
2026-09-30T20:52:57.8399260Z [224 / 280] QelvoraUI
2026-09-30T20:53:00.1633360Z [225 / 280]
2026-09-30T20:53:00.1746940Z /Users/runner/work/creator-platform/creator-platform/apps/ios/Sources/QelvoraUI/Trust.swift:23:93: [1;33mwarning: [1;39mno 'async' operations occur within 'await' expression[0;0m [#]8;;https://docs.swift.org/compiler/documentation/diagnostics/unnecessary-effect-marker\UnnecessaryEffectMarker]8;;\]
2026-09-30T20:53:00.1849230Z  [0;36m21 |[0;0m     public let baseURL: URL
2026-09-30T20:53:00.1959060Z  [0;36m22 |[0;0m     public let token: @Sendable () async throws -> String?
2026-09-30T20:53:00.2062080Z  [0;36m23 |[0;0m     public init(baseURL: URL, token: @escaping @Sendable () async throws -> String? = { try await SecureSessionStorage().read() }) { self.baseURL = baseURL; self.token = token }
2026-09-30T20:53:00.2170200Z     [0;36m|[0;0m                                                                                             `- [1;33mwarning: [1;39mno 'async' operations occur within 'await' expression[0;0m [#]8;;https://docs.swift.org/compiler/documentation/diagnostics/unnecessary-effect-marker\UnnecessaryEffectMarker]8;;\]
2026-09-30T20:53:00.2275430Z  [0;36m24 |[0;0m     fileprivate func request<T: Decodable>(_ path: String, body: Data? = nil) async throws -> T {
2026-09-30T20:53:00.2377500Z  [0;36m25 |[0;0m         try JSONDecoder().decode(T.self, from: await bytes(path, body: body))
2026-09-30T20:53:00.2481720Z 
2026-09-30T20:53:00.2600660Z [#UnnecessaryEffectMarker]: <https://docs.swift.org/compiler/documentation/diagnostics/unnecessary-effect-marker>
2026-09-30T20:53:00.2702310Z [227 / 280] QelvoraUI
2026-09-30T20:53:00.3729590Z [228 / 280] QelvoraUI
2026-09-30T20:53:00.5865090Z [234 / 280]
2026-09-30T20:53:00.7454040Z [236 / 280]
2026-09-30T20:53:00.9069140Z [237 / 280]
2026-09-30T20:53:01.1615930Z [239 / 280]
2026-09-30T20:53:01.2708320Z [240 / 280]
2026-09-30T20:53:01.5634380Z [241 / 280] QelvoraUI
2026-09-30T20:53:02.5213050Z [242 / 280] qelvora-native-snapshots-product
2026-09-30T20:53:08.1939270Z [244 / 280] SnapshotTesting
2026-09-30T20:53:08.3306690Z [246 / 280] SnapshotTesting
2026-09-30T20:53:08.5089630Z [251 / 280] SnapshotTesting
2026-09-30T20:53:08.5206270Z /Users/runner/work/creator-platform/creator-platform/apps/ios/Sources/QelvoraUI/Trust.swift:23:93: [1;33mwarning: [1;39mno 'async' operations occur within 'await' expression[0;0m [#]8;;https://docs.swift.org/compiler/documentation/diagnostics/unnecessary-effect-marker\UnnecessaryEffectMarker]8;;\]
2026-09-30T20:53:08.5308260Z  [0;36m21 |[0;0m     public let baseURL: URL
2026-09-30T20:53:08.5409600Z  [0;36m22 |[0;0m     public let token: @Sendable () async throws -> String?
2026-09-30T20:53:08.5481440Z  [0;36m23 |[0;0m     public init(baseURL: URL, token: @escaping @Sendable () async throws -> String? = { try await SecureSessionStorage().read() }) { self.baseURL = baseURL; self.token = token }
2026-09-30T20:53:08.5483460Z     [0;36m|[0;0m                                                                                             `- [1;33mwarning: [1;39mno 'async' operations occur within 'await' expression[0;0m [#]8;;https://docs.swift.org/compiler/documentation/diagnostics/unnecessary-effect-marker\UnnecessaryEffectMarker]8;;\]
2026-09-30T20:53:08.5485480Z  [0;36m24 |[0;0m     fileprivate func request<T: Decodable>(_ path: String, body: Data? = nil) async throws -> T {
2026-09-30T20:53:08.5486730Z  [0;36m25 |[0;0m         try JSONDecoder().decode(T.self, from: await bytes(path, body: body))
2026-09-30T20:53:08.5487530Z 
2026-09-30T20:53:08.5487960Z [#UnnecessaryEffectMarker]: <https://docs.swift.org/compiler/documentation/diagnostics/unnecessary-effect-marker>
2026-09-30T20:53:09.1692420Z [252 / 280] SnapshotTesting-product
2026-09-30T20:53:09.2889540Z [257 / 281]
2026-09-30T20:53:09.8403870Z [259 / 281] qelvora-native-snapshots-product
2026-09-30T20:53:09.9412380Z [262 / 283] qelvora-native-snapshots-product
2026-09-30T20:53:19.3399800Z [263 / 283] QelvoraUI
2026-09-30T20:53:19.4788500Z [270 / 284] QelvoraUITests-product
2026-09-30T20:53:21.0607970Z [271 / 284] QelvoraUITests-product
2026-09-30T20:53:21.2265890Z [274 / 305]
2026-09-30T20:53:21.3641700Z [275 / 305]
2026-09-30T20:53:21.8723260Z [277 / 305]
2026-09-30T20:53:21.9781640Z [278 / 305]
2026-09-30T20:53:22.3430750Z [280 / 305]
2026-09-30T20:53:22.4782970Z [282 / 305]
2026-09-30T20:53:22.6369110Z [285 / 305]
2026-09-30T20:53:22.8144390Z [286 / 305]
2026-09-30T20:53:22.9283450Z [288 / 305]
2026-09-30T20:53:23.1200410Z [290 / 305]
2026-09-30T20:53:23.2652760Z [294 / 305] QelvoraUITests-product
2026-09-30T20:53:23.4223070Z [295 / 305] QelvoraUITests-product
2026-09-30T20:53:23.5082290Z /Users/runner/work/creator-platform/creator-platform/apps/ios/Tests/QelvoraUITests/NativeSnapshotTests.swift:96:7: [1;33mwarning: [1;39m'assertSnapshot(of:as:named:record:timeout:fileID:file:testName:line:column:)' is deprecated: Use overload with 'record: SnapshotTestingConfiguration.Record?'[0;0m [#]8;;https://docs.swift.org/compiler/documentation/diagnostics/deprecated-declaration\DeprecatedDeclaration]8;;\]
2026-09-30T20:53:23.5083670Z  [0;36m94 |[0;0m       let image = NSImage(size: size)
2026-09-30T20:53:23.5083970Z  [0;36m95 |[0;0m       image.addRepresentation(bitmap)
2026-09-30T20:53:23.5084270Z  [0;36m96 |[0;0m       assertSnapshot(
2026-09-30T20:53:23.5085360Z     [0;36m|[0;0m       `- [1;33mwarning: [1;39m'assertSnapshot(of:as:named:record:timeout:fileID:file:testName:line:column:)' is deprecated: Use overload with 'record: SnapshotTestingConfiguration.Record?'[0;0m [#]8;;https://docs.swift.org/compiler/documentation/diagnostics/deprecated-declaration\DeprecatedDeclaration]8;;\]
2026-09-30T20:53:23.5086510Z  [0;36m97 |[0;0m         of: image, as: .image, named: name, record: record, file: file,
2026-09-30T20:53:23.5086970Z  [0;36m98 |[0;0m         testName: testName, line: line)
2026-09-30T20:53:23.5087180Z 
2026-09-30T20:53:23.5087540Z [#DeprecatedDeclaration]: <https://docs.swift.org/compiler/documentation/diagnostics/deprecated-declaration>
2026-09-30T20:53:24.0917080Z [301 / 305] QelvoraUITests-product
2026-09-30T20:53:24.1953260Z [303 / 305] QelvoraUITests-product
2026-09-30T20:53:24.2570250Z Build complete! (43.45 sec)
2026-09-30T20:53:28.9520580Z Test Suite 'All tests' started at 2026-09-30 20:53:25.007.
2026-09-30T20:53:28.9524480Z Test Suite 'QelvoraUITests.xctest' started at 2026-09-30 20:53:25.008.
2026-09-30T20:53:28.9524960Z Test Suite 'DeliveryProtocolTests' started at 2026-09-30 20:53:25.008.
2026-09-30T20:53:28.9525540Z Test Case '-[QelvoraUITests.DeliveryProtocolTests testDuplicateCursorAndGenerationSequenceDoNotRepeatText]' started.
2026-09-30T20:53:28.9526300Z Test Case '-[QelvoraUITests.DeliveryProtocolTests testDuplicateCursorAndGenerationSequenceDoNotRepeatText]' passed (0.002 seconds).
2026-09-30T20:53:28.9527070Z Test Case '-[QelvoraUITests.DeliveryProtocolTests testGenerationGapDoesNotAdvanceRenderedCursor]' started.
2026-09-30T20:53:28.9527760Z Test Case '-[QelvoraUITests.DeliveryProtocolTests testGenerationGapDoesNotAdvanceRenderedCursor]' passed (0.000 seconds).
2026-09-30T20:53:28.9528410Z Test Case '-[QelvoraUITests.DeliveryProtocolTests testOldAIFrameNeverAppearsAfterTakeover]' started.
2026-09-30T20:53:28.9529050Z Test Case '-[QelvoraUITests.DeliveryProtocolTests testOldAIFrameNeverAppearsAfterTakeover]' passed (0.000 seconds).
2026-09-30T20:53:28.9529820Z Test Case '-[QelvoraUITests.DeliveryProtocolTests testPersistedCheckpointResumesGenerationAfterProcessRecreation]' started.
2026-09-30T20:53:28.9530630Z Test Case '-[QelvoraUITests.DeliveryProtocolTests testPersistedCheckpointResumesGenerationAfterProcessRecreation]' passed (0.000 seconds).
2026-09-30T20:53:28.9531500Z Test Case '-[QelvoraUITests.DeliveryProtocolTests testReconnectWaitsForMissingCursorRatherThanSkippingABoundary]' started.
2026-09-30T20:53:28.9532450Z Test Case '-[QelvoraUITests.DeliveryProtocolTests testReconnectWaitsForMissingCursorRatherThanSkippingABoundary]' passed (0.000 seconds).
2026-09-30T20:53:28.9533300Z Test Case '-[QelvoraUITests.DeliveryProtocolTests testRejectedDrainDoesNotLoseEarlierValidSentence]' started.
2026-09-30T20:53:28.9534020Z Test Case '-[QelvoraUITests.DeliveryProtocolTests testRejectedDrainDoesNotLoseEarlierValidSentence]' passed (0.000 seconds).
2026-09-30T20:53:28.9534810Z Test Case '-[QelvoraUITests.DeliveryProtocolTests testReorderedTakeoverBoundaryPrecedesLaterContent]' started.
2026-09-30T20:53:28.9535620Z Test Case '-[QelvoraUITests.DeliveryProtocolTests testReorderedTakeoverBoundaryPrecedesLaterContent]' passed (0.000 seconds).
2026-09-30T20:53:28.9536610Z Test Case '-[QelvoraUITests.DeliveryProtocolTests testWrongThreadFailsClosed]' started.
2026-09-30T20:53:28.9537150Z Test Case '-[QelvoraUITests.DeliveryProtocolTests testWrongThreadFailsClosed]' passed (0.000 seconds).
2026-09-30T20:53:28.9537710Z Test Suite 'DeliveryProtocolTests' passed at 2026-09-30 20:53:25.012.
2026-09-30T20:53:28.9538160Z 	 Executed 8 tests, with 0 failures (0 unexpected) in 0.003 (0.005) seconds
2026-09-30T20:53:28.9538560Z Test Suite 'GeneratedContractTests' started at 2026-09-30 20:53:25.012.
2026-09-30T20:53:28.9539090Z Test Case '-[QelvoraUITests.GeneratedContractTests testIdentityCapabilityRejectsIndependentAccounts]' started.
2026-09-30T20:53:28.9539800Z Test Case '-[QelvoraUITests.GeneratedContractTests testIdentityCapabilityRejectsIndependentAccounts]' passed (0.000 seconds).
2026-09-30T20:53:28.9540640Z Test Case '-[QelvoraUITests.GeneratedContractTests testRealtimeControlFrameDecodesNullableGeneration]' started.
2026-09-30T20:53:28.9541400Z Test Case '-[QelvoraUITests.GeneratedContractTests testRealtimeControlFrameDecodesNullableGeneration]' passed (0.000 seconds).
2026-09-30T20:53:28.9541960Z Test Suite 'GeneratedContractTests' passed at 2026-09-30 20:53:25.013.
2026-09-30T20:53:28.9542330Z 	 Executed 2 tests, with 0 failures (0 unexpected) in 0.001 (0.001) seconds
2026-09-30T20:53:28.9542670Z Test Suite 'IdentityTests' started at 2026-09-30 20:53:25.013.
2026-09-30T20:53:28.9543060Z Test Case '-[QelvoraUITests.IdentityTests testEveryAuthorUsesItsFixedLabel]' started.
2026-09-30T20:53:28.9543590Z Test Case '-[QelvoraUITests.IdentityTests testEveryAuthorUsesItsFixedLabel]' passed (0.000 seconds).
2026-09-30T20:53:28.9544400Z Test Case '-[QelvoraUITests.IdentityTests testOnlyCreatorAuthorshipOwnsTheCreatorSurface]' started.
2026-09-30T20:53:28.9545140Z Test Case '-[QelvoraUITests.IdentityTests testOnlyCreatorAuthorshipOwnsTheCreatorSurface]' passed (0.000 seconds).
2026-09-30T20:53:28.9545750Z Test Case '-[QelvoraUITests.IdentityTests testRegistryHonestlyTracksAll53Components]' started.
2026-09-30T20:53:28.9546340Z Test Case '-[QelvoraUITests.IdentityTests testRegistryHonestlyTracksAll53Components]' passed (0.000 seconds).
2026-09-30T20:53:28.9546960Z Test Case '-[QelvoraUITests.IdentityTests testUnconnectedPantopusAdapterDoesNotReturnAnAccount]' started.
2026-09-30T20:53:28.9547620Z Test Case '-[QelvoraUITests.IdentityTests testUnconnectedPantopusAdapterDoesNotReturnAnAccount]' passed (0.000 seconds).
2026-09-30T20:53:28.9548310Z Test Case '-[QelvoraUITests.IdentityTests testUnknownOrReservedServerMessageKindCannotRenderAsAHuman]' started.
2026-09-30T20:53:28.9549020Z Test Case '-[QelvoraUITests.IdentityTests testUnknownOrReservedServerMessageKindCannotRenderAsAHuman]' passed (0.000 seconds).
2026-09-30T20:53:28.9549660Z Test Suite 'IdentityTests' passed at 2026-09-30 20:53:25.015.
2026-09-30T20:53:28.9550060Z 	 Executed 5 tests, with 0 failures (0 unexpected) in 0.001 (0.002) seconds
2026-09-30T20:53:28.9550520Z Test Suite 'NativeSnapshotTests' started at 2026-09-30 20:53:25.015.
2026-09-30T20:53:28.9550930Z Test Case '-[QelvoraUITests.NativeSnapshotTests testAuthorIdentitySurfaces]' started.
2026-09-30T20:53:28.9551900Z /Users/runner/work/creator-platform/creator-platform/apps/ios/Tests/QelvoraUITests/NativeSnapshotTests.swift:40: error: -[QelvoraUITests.NativeSnapshotTests testAuthorIdentitySurfaces] : failed - Snapshot "light" does not match reference.
2026-09-30T20:53:28.9552940Z 
2026-09-30T20:53:28.9553220Z @−
2026-09-30T20:53:28.9553810Z "file:///Users/runner/work/creator-platform/creator-platform/apps/ios/Tests/QelvoraUITests/__Snapshots__/NativeSnapshotTests/testAuthorIdentitySurfaces.light.png"
2026-09-30T20:53:28.9554430Z @+
2026-09-30T20:53:28.9554960Z "file:///Users/runner/work/creator-platform/creator-platform/artifacts/ios/snapshot-diffs/NativeSnapshotTests/testAuthorIdentitySurfaces.light.png"
2026-09-30T20:53:28.9555470Z 
2026-09-30T20:53:28.9555650Z To configure output for a custom diff tool, use 'withSnapshotTesting'. For example:
2026-09-30T20:53:28.9556330Z 
2026-09-30T20:53:28.9556420Z     withSnapshotTesting(diffTool: .ksdiff) {
2026-09-30T20:53:28.9556630Z       // ...
2026-09-30T20:53:28.9556760Z     }
2026-09-30T20:53:28.9556850Z 
2026-09-30T20:53:28.9556960Z Newly-taken snapshot does not match reference.
2026-09-30T20:53:28.9557830Z /Users/runner/work/creator-platform/creator-platform/apps/ios/Tests/QelvoraUITests/NativeSnapshotTests.swift:40: error: -[QelvoraUITests.NativeSnapshotTests testAuthorIdentitySurfaces] : failed - Snapshot "night" does not match reference.
2026-09-30T20:53:28.9558800Z 
2026-09-30T20:53:28.9558890Z @−
2026-09-30T20:53:28.9559400Z "file:///Users/runner/work/creator-platform/creator-platform/apps/ios/Tests/QelvoraUITests/__Snapshots__/NativeSnapshotTests/testAuthorIdentitySurfaces.night.png"
2026-09-30T20:53:28.9559960Z @+
2026-09-30T20:53:28.9560420Z "file:///Users/runner/work/creator-platform/creator-platform/artifacts/ios/snapshot-diffs/NativeSnapshotTests/testAuthorIdentitySurfaces.night.png"
2026-09-30T20:53:28.9560890Z 
2026-09-30T20:53:28.9561070Z To configure output for a custom diff tool, use 'withSnapshotTesting'. For example:
2026-09-30T20:53:28.9561330Z 
2026-09-30T20:53:28.9561420Z     withSnapshotTesting(diffTool: .ksdiff) {
2026-09-30T20:53:28.9561630Z       // ...
2026-09-30T20:53:28.9561750Z     }
2026-09-30T20:53:28.9561810Z 
2026-09-30T20:53:28.9561910Z Newly-taken snapshot does not match reference.
2026-09-30T20:53:28.9562310Z Test Case '-[QelvoraUITests.NativeSnapshotTests testAuthorIdentitySurfaces]' failed (1.265 seconds).
2026-09-30T20:53:28.9562840Z Test Case '-[QelvoraUITests.NativeSnapshotTests testComponentCatalogThemes]' started.
2026-09-30T20:53:28.9564020Z /Users/runner/work/creator-platform/creator-platform/apps/ios/Tests/QelvoraUITests/NativeSnapshotTests.swift:60: error: -[QelvoraUITests.NativeSnapshotTests testComponentCatalogThemes] : failed - Snapshot "Mark.light" does not match reference.
2026-09-30T20:53:28.9564770Z 
2026-09-30T20:53:28.9564840Z @−
2026-09-30T20:53:28.9565340Z "file:///Users/runner/work/creator-platform/creator-platform/apps/ios/Tests/QelvoraUITests/__Snapshots__/NativeSnapshotTests/testComponentCatalogThemes.Mark-light.png"
2026-09-30T20:53:28.9565910Z @+
2026-09-30T20:53:28.9566370Z "file:///Users/runner/work/creator-platform/creator-platform/artifacts/ios/snapshot-diffs/NativeSnapshotTests/testComponentCatalogThemes.Mark-light.png"
2026-09-30T20:53:28.9566860Z 
2026-09-30T20:53:28.9567090Z To configure output for a custom diff tool, use 'withSnapshotTesting'. For example:
2026-09-30T20:53:28.9567360Z 
2026-09-30T20:53:28.9567450Z     withSnapshotTesting(diffTool: .ksdiff) {
2026-09-30T20:53:28.9567660Z       // ...
2026-09-30T20:53:28.9567810Z     }
2026-09-30T20:53:28.9567900Z 
2026-09-30T20:53:28.9568020Z Newly-taken snapshot does not match reference.
2026-09-30T20:53:28.9568950Z /Users/runner/work/creator-platform/creator-platform/apps/ios/Tests/QelvoraUITests/NativeSnapshotTests.swift:60: error: -[QelvoraUITests.NativeSnapshotTests testComponentCatalogThemes] : failed - Snapshot "Seal.light" does not match reference.
2026-09-30T20:53:28.9569740Z 
2026-09-30T20:53:28.9569830Z @−
2026-09-30T20:53:28.9570370Z "file:///Users/runner/work/creator-platform/creator-platform/apps/ios/Tests/QelvoraUITests/__Snapshots__/NativeSnapshotTests/testComponentCatalogThemes.Seal-light.png"
2026-09-30T20:53:28.9571040Z @+
2026-09-30T20:53:28.9571510Z "file:///Users/runner/work/creator-platform/creator-platform/artifacts/ios/snapshot-diffs/NativeSnapshotTests/testComponentCatalogThemes.Seal-light.png"
2026-09-30T20:53:28.9571990Z 
2026-09-30T20:53:28.9572170Z To configure output for a custom diff tool, use 'withSnapshotTesting'. For example:
2026-09-30T20:53:28.9572430Z 
2026-09-30T20:53:28.9572510Z     withSnapshotTesting(diffTool: .ksdiff) {
2026-09-30T20:53:28.9572720Z       // ...
2026-09-30T20:53:28.9572840Z     }
2026-09-30T20:53:28.9572910Z 
2026-09-30T20:53:28.9573000Z Newly-taken snapshot does not match reference.
2026-09-30T20:53:28.9574020Z /Users/runner/work/creator-platform/creator-platform/apps/ios/Tests/QelvoraUITests/NativeSnapshotTests.swift:60: error: -[QelvoraUITests.NativeSnapshotTests testComponentCatalogThemes] : failed - Snapshot "Avatar.light" does not match reference.
2026-09-30T20:53:28.9574760Z 
2026-09-30T20:53:28.9574830Z @−
2026-09-30T20:53:28.9575340Z "file:///Users/runner/work/creator-platform/creator-platform/apps/ios/Tests/QelvoraUITests/__Snapshots__/NativeSnapshotTests/testComponentCatalogThemes.Avatar-light.png"
2026-09-30T20:53:28.9575910Z @+
2026-09-30T20:53:28.9576380Z "file:///Users/runner/work/creator-platform/creator-platform/artifacts/ios/snapshot-diffs/NativeSnapshotTests/testComponentCatalogThemes.Avatar-light.png"
2026-09-30T20:53:28.9576860Z 
2026-09-30T20:53:28.9577040Z To configure output for a custom diff tool, use 'withSnapshotTesting'. For example:
2026-09-30T20:53:28.9577300Z 
2026-09-30T20:53:28.9577380Z     withSnapshotTesting(diffTool: .ksdiff) {
2026-09-30T20:53:28.9577580Z       // ...
2026-09-30T20:53:28.9577700Z     }
2026-09-30T20:53:28.9577770Z 
2026-09-30T20:53:28.9577860Z Newly-taken snapshot does not match reference.
2026-09-30T20:53:28.9578730Z /Users/runner/work/creator-platform/creator-platform/apps/ios/Tests/QelvoraUITests/NativeSnapshotTests.swift:60: error: -[QelvoraUITests.NativeSnapshotTests testComponentCatalogThemes] : failed - Snapshot "AuthorLabel.light" does not match reference.
2026-09-30T20:53:28.9579540Z 
2026-09-30T20:53:28.9579600Z @−
2026-09-30T20:53:28.9580130Z "file:///Users/runner/work/creator-platform/creator-platform/apps/ios/Tests/QelvoraUITests/__Snapshots__/NativeSnapshotTests/testComponentCatalogThemes.AuthorLabel-light.png"
2026-09-30T20:53:28.9580790Z @+
2026-09-30T20:53:28.9581490Z "file:///Users/runner/work/creator-platform/creator-platform/artifacts/ios/snapshot-diffs/NativeSnapshotTests/testComponentCatalogThemes.AuthorLabel-light.png"
2026-09-30T20:53:28.9582000Z 
2026-09-30T20:53:28.9582190Z To configure output for a custom diff tool, use 'withSnapshotTesting'. For example:
2026-09-30T20:53:28.9582450Z 
2026-09-30T20:53:28.9582540Z     withSnapshotTesting(diffTool: .ksdiff) {
2026-09-30T20:53:28.9582740Z       // ...
2026-09-30T20:53:28.9582860Z     }
2026-09-30T20:53:28.9582930Z 
2026-09-30T20:53:28.9583010Z Newly-taken snapshot does not match reference.
2026-09-30T20:53:28.9583950Z /Users/runner/work/creator-platform/creator-platform/apps/ios/Tests/QelvoraUITests/NativeSnapshotTests.swift:60: error: -[QelvoraUITests.NativeSnapshotTests testComponentCatalogThemes] : failed - Snapshot "IdentityStrip.light" does not match reference.
2026-09-30T20:53:28.9584840Z 
2026-09-30T20:53:28.9584910Z @−
2026-09-30T20:53:28.9585450Z "file:///Users/runner/work/creator-platform/creator-platform/apps/ios/Tests/QelvoraUITests/__Snapshots__/NativeSnapshotTests/testComponentCatalogThemes.IdentityStrip-light.png"
2026-09-30T20:53:28.9586040Z @+
2026-09-30T20:53:28.9586540Z "file:///Users/runner/work/creator-platform/creator-platform/artifacts/ios/snapshot-diffs/NativeSnapshotTests/testComponentCatalogThemes.IdentityStrip-light.png"
2026-09-30T20:53:28.9587060Z 
2026-09-30T20:53:28.9587240Z To configure output for a custom diff tool, use 'withSnapshotTesting'. For example:
2026-09-30T20:53:28.9587500Z 
2026-09-30T20:53:28.9587610Z     withSnapshotTesting(diffTool: .ksdiff) {
2026-09-30T20:53:28.9587850Z       // ...
2026-09-30T20:53:28.9588000Z     }
2026-09-30T20:53:28.9588070Z 
2026-09-30T20:53:28.9588160Z Newly-taken snapshot does not match reference.
2026-09-30T20:53:28.9589030Z /Users/runner/work/creator-platform/creator-platform/apps/ios/Tests/QelvoraUITests/NativeSnapshotTests.swift:60: error: -[QelvoraUITests.NativeSnapshotTests testComponentCatalogThemes] : failed - Snapshot "ThreadHeader.light" does not match reference.
2026-09-30T20:53:28.9589830Z 
2026-09-30T20:53:28.9589930Z @−
2026-09-30T20:53:28.9590500Z "file:///Users/runner/work/creator-platform/creator-platform/apps/ios/Tests/QelvoraUITests/__Snapshots__/NativeSnapshotTests/testComponentCatalogThemes.ThreadHeader-light.png"
2026-09-30T20:53:28.9591370Z @+
2026-09-30T20:53:28.9591890Z "file:///Users/runner/work/creator-platform/creator-platform/artifacts/ios/snapshot-diffs/NativeSnapshotTests/testComponentCatalogThemes.ThreadHeader-light.png"
2026-09-30T20:53:28.9592400Z 
2026-09-30T20:53:28.9592580Z To configure output for a custom diff tool, use 'withSnapshotTesting'. For example:
2026-09-30T20:53:28.9592840Z 
2026-09-30T20:53:28.9592920Z     withSnapshotTesting(diffTool: .ksdiff) {
2026-09-30T20:53:28.9593120Z       // ...
2026-09-30T20:53:28.9593250Z     }
2026-09-30T20:53:28.9593310Z 
2026-09-30T20:53:28.9593400Z Newly-taken snapshot does not match reference.
2026-09-30T20:53:28.9594240Z /Users/runner/work/creator-platform/creator-platform/apps/ios/Tests/QelvoraUITests/NativeSnapshotTests.swift:60: error: -[QelvoraUITests.NativeSnapshotTests testComponentCatalogThemes] : failed - Snapshot "SignedMarker.light" does not match reference.
2026-09-30T20:53:28.9595010Z 
2026-09-30T20:53:28.9595090Z @−
2026-09-30T20:53:28.9595620Z "file:///Users/runner/work/creator-platform/creator-platform/apps/ios/Tests/QelvoraUITests/__Snapshots__/NativeSnapshotTests/testComponentCatalogThemes.SignedMarker-light.png"
2026-09-30T20:53:28.9596220Z @+
2026-09-30T20:53:28.9596710Z "file:///Users/runner/work/creator-platform/creator-platform/artifacts/ios/snapshot-diffs/NativeSnapshotTests/testComponentCatalogThemes.SignedMarker-light.png"
2026-09-30T20:53:28.9597220Z 
2026-09-30T20:53:28.9597390Z To configure output for a custom diff tool, use 'withSnapshotTesting'. For example:
2026-09-30T20:53:28.9597650Z 
2026-09-30T20:53:28.9597730Z     withSnapshotTesting(diffTool: .ksdiff) {
2026-09-30T20:53:28.9597940Z       // ...
2026-09-30T20:53:28.9598060Z     }
2026-09-30T20:53:28.9598120Z 
2026-09-30T20:53:28.9598420Z Newly-taken snapshot does not match reference.
2026-09-30T20:53:28.9599280Z /Users/runner/work/creator-platform/creator-platform/apps/ios/Tests/QelvoraUITests/NativeSnapshotTests.swift:60: error: -[QelvoraUITests.NativeSnapshotTests testComponentCatalogThemes] : failed - Snapshot "SystemLine.light" does not match reference.
2026-09-30T20:53:28.9600180Z 
2026-09-30T20:53:28.9600250Z @−
2026-09-30T20:53:28.9600820Z "file:///Users/runner/work/creator-platform/creator-platform/apps/ios/Tests/QelvoraUITests/__Snapshots__/NativeSnapshotTests/testComponentCatalogThemes.SystemLine-light.png"
2026-09-30T20:53:28.9601430Z @+
2026-09-30T20:53:28.9601930Z "file:///Users/runner/work/creator-platform/creator-platform/artifacts/ios/snapshot-diffs/NativeSnapshotTests/testComponentCatalogThemes.SystemLine-light.png"
2026-09-30T20:53:28.9602430Z 
2026-09-30T20:53:28.9602600Z To configure output for a custom diff tool, use 'withSnapshotTesting'. For example:
2026-09-30T20:53:28.9602860Z 
2026-09-30T20:53:28.9602950Z     withSnapshotTesting(diffTool: .ksdiff) {
2026-09-30T20:53:28.9603170Z       // ...
2026-09-30T20:53:28.9603290Z     }
2026-09-30T20:53:28.9603360Z 
2026-09-30T20:53:28.9603440Z Newly-taken snapshot does not match reference.
2026-09-30T20:53:28.9604280Z /Users/runner/work/creator-platform/creator-platform/apps/ios/Tests/QelvoraUITests/NativeSnapshotTests.swift:60: error: -[QelvoraUITests.NativeSnapshotTests testComponentCatalogThemes] : failed - Snapshot "Message.light" does not match reference.
2026-09-30T20:53:28.9605030Z 
2026-09-30T20:53:28.9605120Z @−
2026-09-30T20:53:28.9605730Z "file:///Users/runner/work/creator-platform/creator-platform/apps/ios/Tests/QelvoraUITests/__Snapshots__/NativeSnapshotTests/testComponentCatalogThemes.Message-light.png"
2026-09-30T20:53:28.9606320Z @+
2026-09-30T20:53:28.9606820Z "file:///Users/runner/work/creator-platform/creator-platform/artifacts/ios/snapshot-diffs/NativeSnapshotTests/testComponentCatalogThemes.Message-light.png"
2026-09-30T20:53:28.9607330Z 
2026-09-30T20:53:28.9607520Z To configure output for a custom diff tool, use 'withSnapshotTesting'. For example:
2026-09-30T20:53:28.9607820Z 
2026-09-30T20:53:28.9607900Z     withSnapshotTesting(diffTool: .ksdiff) {
2026-09-30T20:53:28.9608450Z       // ...
2026-09-30T20:53:28.9608650Z     }
2026-09-30T20:53:28.9608720Z 
2026-09-30T20:53:28.9608990Z Newly-taken snapshot does not match reference.
2026-09-30T20:53:28.9609990Z /Users/runner/work/creator-platform/creator-platform/apps/ios/Tests/QelvoraUITests/NativeSnapshotTests.swift:60: error: -[QelvoraUITests.NativeSnapshotTests testComponentCatalogThemes] : failed - Snapshot "Note.light" does not match reference.
2026-09-30T20:53:28.9610830Z 
2026-09-30T20:53:28.9610930Z @−
2026-09-30T20:53:28.9611470Z "file:///Users/runner/work/creator-platform/creator-platform/apps/ios/Tests/QelvoraUITests/__Snapshots__/NativeSnapshotTests/testComponentCatalogThemes.Note-light.png"
2026-09-30T20:53:28.9612120Z @+
2026-09-30T20:53:28.9612850Z "file:///Users/runner/work/creator-platform/creator-platform/artifacts/ios/snapshot-diffs/NativeSnapshotTests/testComponentCatalogThemes.Note-light.png"
2026-09-30T20:53:28.9613350Z 
2026-09-30T20:53:28.9613530Z To configure output for a custom diff tool, use 'withSnapshotTesting'. For example:
2026-09-30T20:53:28.9621820Z 
2026-09-30T20:53:28.9621940Z     withSnapshotTesting(diffTool: .ksdiff) {
2026-09-30T20:53:28.9622160Z       // ...
2026-09-30T20:53:28.9622280Z     }
2026-09-30T20:53:28.9622350Z 
2026-09-30T20:53:28.9622430Z Newly-taken snapshot does not match reference.
2026-09-30T20:53:28.9623290Z /Users/runner/work/creator-platform/creator-platform/apps/ios/Tests/QelvoraUITests/NativeSnapshotTests.swift:60: error: -[QelvoraUITests.NativeSnapshotTests testComponentCatalogThemes] : failed - Snapshot "ReactionChip.light" does not match reference.
2026-09-30T20:53:28.9624220Z 
2026-09-30T20:53:28.9624350Z @−
2026-09-30T20:53:28.9625390Z "file:///Users/runner/work/creator-platform/creator-platform/apps/ios/Tests/QelvoraUITests/__Snapshots__/NativeSnapshotTests/testComponentCatalogThemes.ReactionChip-light.png"
2026-09-30T20:53:28.9626020Z @+
2026-09-30T20:53:28.9626570Z "file:///Users/runner/work/creator-platform/creator-platform/artifacts/ios/snapshot-diffs/NativeSnapshotTests/testComponentCatalogThemes.ReactionChip-light.png"
2026-09-30T20:53:28.9627130Z 
2026-09-30T20:53:28.9627320Z To configure output for a custom diff tool, use 'withSnapshotTesting'. For example:
2026-09-30T20:53:28.9627600Z 
2026-09-30T20:53:28.9627700Z     withSnapshotTesting(diffTool: .ksdiff) {
2026-09-30T20:53:28.9627930Z       // ...
2026-09-30T20:53:28.9628060Z     }
2026-09-30T20:53:28.9628140Z 
2026-09-30T20:53:28.9628250Z Newly-taken snapshot does not match reference.
2026-09-30T20:53:28.9629120Z /Users/runner/work/creator-platform/creator-platform/apps/ios/Tests/QelvoraUITests/NativeSnapshotTests.swift:60: error: -[QelvoraUITests.NativeSnapshotTests testComponentCatalogThemes] : failed - Snapshot "CitationChip.light" does not match reference.
2026-09-30T20:53:28.9629880Z 
2026-09-30T20:53:28.9629950Z @−
2026-09-30T20:53:28.9630490Z "file:///Users/runner/work/creator-platform/creator-platform/apps/ios/Tests/QelvoraUITests/__Snapshots__/NativeSnapshotTests/testComponentCatalogThemes.CitationChip-light.png"
2026-09-30T20:53:28.9631080Z @+
2026-09-30T20:53:28.9631580Z "file:///Users/runner/work/creator-platform/creator-platform/artifacts/ios/snapshot-diffs/NativeSnapshotTests/testComponentCatalogThemes.CitationChip-light.png"
2026-09-30T20:53:28.9632090Z 
2026-09-30T20:53:28.9633060Z To configure output for a custom diff tool, use 'withSnapshotTesting'. For example:
2026-09-30T20:53:28.9633460Z 
2026-09-30T20:53:28.9633580Z     withSnapshotTesting(diffTool: .ksdiff) {
2026-09-30T20:53:28.9633830Z       // ...
2026-09-30T20:53:28.9633950Z     }
2026-09-30T20:53:28.9634020Z 
2026-09-30T20:53:28.9634110Z Newly-taken snapshot does not match reference.
2026-09-30T20:53:28.9634990Z /Users/runner/work/creator-platform/creator-platform/apps/ios/Tests/QelvoraUITests/NativeSnapshotTests.swift:60: error: -[QelvoraUITests.NativeSnapshotTests testComponentCatalogThemes] : failed - Snapshot "MemoryChip.light" does not match reference.
2026-09-30T20:53:28.9635750Z 
2026-09-30T20:53:28.9636070Z @−
2026-09-30T20:53:28.9636620Z "file:///Users/runner/work/creator-platform/creator-platform/apps/ios/Tests/QelvoraUITests/__Snapshots__/NativeSnapshotTests/testComponentCatalogThemes.MemoryChip-light.png"
2026-09-30T20:53:28.9637220Z @+
2026-09-30T20:53:28.9637720Z "file:///Users/runner/work/creator-platform/creator-platform/artifacts/ios/snapshot-diffs/NativeSnapshotTests/testComponentCatalogThemes.MemoryChip-light.png"
2026-09-30T20:53:28.9638230Z 
2026-09-30T20:53:28.9638410Z To configure output for a custom diff tool, use 'withSnapshotTesting'. For example:
2026-09-30T20:53:28.9638670Z 
2026-09-30T20:53:28.9638760Z     withSnapshotTesting(diffTool: .ksdiff) {
2026-09-30T20:53:28.9638960Z       // ...
2026-09-30T20:53:28.9639080Z     }
2026-09-30T20:53:28.9639150Z 
2026-09-30T20:53:28.9639240Z Newly-taken snapshot does not match reference.
2026-09-30T20:53:31.2336940Z /Users/runner/work/creator-platform/creator-platform/apps/ios/Tests/QelvoraUITests/NativeSnapshotTests.swift:60: error: -[QelvoraUITests.NativeSnapshotTests testComponentCatalogThemes] : failed - Snapshot "Correction.light" does not match reference.
2026-09-30T20:53:31.2337940Z 
2026-09-30T20:53:31.2342680Z @−
2026-09-30T20:53:31.2343280Z "file:///Users/runner/work/creator-platform/creator-platform/apps/ios/Tests/QelvoraUITests/__Snapshots__/NativeSnapshotTests/testComponentCatalogThemes.Correction-light.png"
2026-09-30T20:53:31.2343890Z @+
2026-09-30T20:53:31.2344390Z "file:///Users/runner/work/creator-platform/creator-platform/artifacts/ios/snapshot-diffs/NativeSnapshotTests/testComponentCatalogThemes.Correction-light.png"
2026-09-30T20:53:31.2344900Z 
2026-09-30T20:53:31.2345080Z To configure output for a custom diff tool, use 'withSnapshotTesting'. For example:
2026-09-30T20:53:31.2345350Z 
2026-09-30T20:53:31.2345430Z     withSnapshotTesting(diffTool: .ksdiff) {
2026-09-30T20:53:31.2346220Z       // ...
2026-09-30T20:53:31.2346400Z     }
2026-09-30T20:53:31.2346490Z 
2026-09-30T20:53:31.2346590Z Newly-taken snapshot does not match reference.
2026-09-30T20:53:31.2347460Z /Users/runner/work/creator-platform/creator-platform/apps/ios/Tests/QelvoraUITests/NativeSnapshotTests.swift:60: error: -[QelvoraUITests.NativeSnapshotTests testComponentCatalogThemes] : failed - Snapshot "ContextCard.light" does not match reference.
2026-09-30T20:53:31.2348320Z 
2026-09-30T20:53:31.2348400Z @−
2026-09-30T20:53:31.2349000Z "file:///Users/runner/work/creator-platform/creator-platform/apps/ios/Tests/QelvoraUITests/__Snapshots__/NativeSnapshotTests/testComponentCatalogThemes.ContextCard-light.png"
2026-09-30T20:53:31.2349680Z @+
2026-09-30T20:53:31.2350210Z "file:///Users/runner/work/creator-platform/creator-platform/artifacts/ios/snapshot-diffs/NativeSnapshotTests/testComponentCatalogThemes.ContextCard-light.png"
2026-09-30T20:53:31.2350730Z 
2026-09-30T20:53:31.2351570Z To configure output for a custom diff tool, use 'withSnapshotTesting'. For example:
2026-09-30T20:53:31.2351830Z 
2026-09-30T20:53:31.2351920Z     withSnapshotTesting(diffTool: .ksdiff) {
2026-09-30T20:53:31.2352130Z       // ...
2026-09-30T20:53:31.2352250Z     }
2026-09-30T20:53:31.2352320Z 
2026-09-30T20:53:31.2352410Z Newly-taken snapshot does not match reference.
2026-09-30T20:53:31.2353270Z /Users/runner/work/creator-platform/creator-platform/apps/ios/Tests/QelvoraUITests/NativeSnapshotTests.swift:60: error: -[QelvoraUITests.NativeSnapshotTests testComponentCatalogThemes] : failed - Snapshot "VoiceNote.light" does not match reference.
2026-09-30T20:53:31.2354130Z 
2026-09-30T20:53:31.2354210Z @−
2026-09-30T20:53:31.2354770Z "file:///Users/runner/work/creator-platform/creator-platform/apps/ios/Tests/QelvoraUITests/__Snapshots__/NativeSnapshotTests/testComponentCatalogThemes.VoiceNote-light.png"
2026-09-30T20:53:31.2355330Z @+
2026-09-30T20:53:31.2355900Z "file:///Users/runner/work/creator-platform/creator-platform/artifacts/ios/snapshot-diffs/NativeSnapshotTests/testComponentCatalogThemes.VoiceNote-light.png"
2026-09-30T20:53:31.2356420Z 
2026-09-30T20:53:31.2356600Z To configure output for a custom diff tool, use 'withSnapshotTesting'. For example:
2026-09-30T20:53:31.2357020Z 
2026-09-30T20:53:31.2357100Z     withSnapshotTesting(diffTool: .ksdiff) {
2026-09-30T20:53:31.2357290Z       // ...
2026-09-30T20:53:31.2357410Z     }
2026-09-30T20:53:31.2357480Z 
2026-09-30T20:53:31.2357560Z Newly-taken snapshot does not match reference.
2026-09-30T20:53:31.2358360Z /Users/runner/work/creator-platform/creator-platform/apps/ios/Tests/QelvoraUITests/NativeSnapshotTests.swift:60: error: -[QelvoraUITests.NativeSnapshotTests testComponentCatalogThemes] : failed - Snapshot "Composer.light" does not match reference.
2026-09-30T20:53:31.2359070Z 
2026-09-30T20:53:31.2359140Z @−
2026-09-30T20:53:31.2359640Z "file:///Users/runner/work/creator-platform/creator-platform/apps/ios/Tests/QelvoraUITests/__Snapshots__/NativeSnapshotTests/testComponentCatalogThemes.Composer-light.png"
2026-09-30T20:53:31.2360200Z @+
2026-09-30T20:53:31.2360660Z "file:///Users/runner/work/creator-platform/creator-platform/artifacts/ios/snapshot-diffs/NativeSnapshotTests/testComponentCatalogThemes.Composer-light.png"
2026-09-30T20:53:31.2361150Z 
2026-09-30T20:53:31.2361320Z To configure output for a custom diff tool, use 'withSnapshotTesting'. For example:
2026-09-30T20:53:31.2361570Z 
2026-09-30T20:53:31.2361650Z     withSnapshotTesting(diffTool: .ksdiff) {
2026-09-30T20:53:31.2361840Z       // ...
2026-09-30T20:53:31.2361960Z     }
2026-09-30T20:53:31.2362020Z 
2026-09-30T20:53:31.2362100Z Newly-taken snapshot does not match reference.
2026-09-30T20:53:31.2362900Z /Users/runner/work/creator-platform/creator-platform/apps/ios/Tests/QelvoraUITests/NativeSnapshotTests.swift:60: error: -[QelvoraUITests.NativeSnapshotTests testComponentCatalogThemes] : failed - Snapshot "StepIn.light" does not match reference.
2026-09-30T20:53:31.2363610Z 
2026-09-30T20:53:31.2363670Z @−
2026-09-30T20:53:31.2364310Z "file:///Users/runner/work/creator-platform/creator-platform/apps/ios/Tests/QelvoraUITests/__Snapshots__/NativeSnapshotTests/testComponentCatalogThemes.StepIn-light.png"
2026-09-30T20:53:31.2364890Z @+
2026-09-30T20:53:31.2365390Z "file:///Users/runner/work/creator-platform/creator-platform/artifacts/ios/snapshot-diffs/NativeSnapshotTests/testComponentCatalogThemes.StepIn-light.png"
2026-09-30T20:53:31.2365890Z 
2026-09-30T20:53:31.2366070Z To configure output for a custom diff tool, use 'withSnapshotTesting'. For example:
2026-09-30T20:53:31.2366370Z 
2026-09-30T20:53:31.2366460Z     withSnapshotTesting(diffTool: .ksdiff) {
2026-09-30T20:53:31.2366660Z       // ...
2026-09-30T20:53:31.2366780Z     }
2026-09-30T20:53:31.2366850Z 
2026-09-30T20:53:31.2366930Z Newly-taken snapshot does not match reference.
2026-09-30T20:53:31.2367770Z /Users/runner/work/creator-platform/creator-platform/apps/ios/Tests/QelvoraUITests/NativeSnapshotTests.swift:60: error: -[QelvoraUITests.NativeSnapshotTests testComponentCatalogThemes] : failed - Snapshot "AccessLines.light" does not match reference.
2026-09-30T20:53:31.2368530Z 
2026-09-30T20:53:31.2368590Z @−
2026-09-30T20:53:31.2369130Z "file:///Users/runner/work/creator-platform/creator-platform/apps/ios/Tests/QelvoraUITests/__Snapshots__/NativeSnapshotTests/testComponentCatalogThemes.AccessLines-light.png"
2026-09-30T20:53:31.2369710Z @+
2026-09-30T20:53:31.2370200Z "file:///Users/runner/work/creator-platform/creator-platform/artifacts/ios/snapshot-diffs/NativeSnapshotTests/testComponentCatalogThemes.AccessLines-light.png"
2026-09-30T20:53:31.2370710Z 
2026-09-30T20:53:31.2370880Z To configure output for a custom diff tool, use 'withSnapshotTesting'. For example:
2026-09-30T20:53:31.2371130Z 
2026-09-30T20:53:31.2371200Z     withSnapshotTesting(diffTool: .ksdiff) {
2026-09-30T20:53:31.2371400Z       // ...
2026-09-30T20:53:31.2371520Z     }
2026-09-30T20:53:31.2371580Z 
2026-09-30T20:53:31.2371670Z Newly-taken snapshot does not match reference.
2026-09-30T20:53:31.2372470Z /Users/runner/work/creator-platform/creator-platform/apps/ios/Tests/QelvoraUITests/NativeSnapshotTests.swift:60: error: -[QelvoraUITests.NativeSnapshotTests testComponentCatalogThemes] : failed - Snapshot "ModeList.light" does not match reference.
2026-09-30T20:53:31.2373270Z 
2026-09-30T20:53:31.2373320Z @−
2026-09-30T20:53:31.2373820Z "file:///Users/runner/work/creator-platform/creator-platform/apps/ios/Tests/QelvoraUITests/__Snapshots__/NativeSnapshotTests/testComponentCatalogThemes.ModeList-light.png"
2026-09-30T20:53:31.2374380Z @+
2026-09-30T20:53:31.2374840Z "file:///Users/runner/work/creator-platform/creator-platform/artifacts/ios/snapshot-diffs/NativeSnapshotTests/testComponentCatalogThemes.ModeList-light.png"
2026-09-30T20:53:31.2375310Z 
2026-09-30T20:53:31.2375480Z To configure output for a custom diff tool, use 'withSnapshotTesting'. For example:
2026-09-30T20:53:31.2375730Z 
2026-09-30T20:53:31.2375810Z     withSnapshotTesting(diffTool: .ksdiff) {
2026-09-30T20:53:31.2376000Z       // ...
2026-09-30T20:53:31.2376120Z     }
2026-09-30T20:53:31.2376190Z 
2026-09-30T20:53:31.2376270Z Newly-taken snapshot does not match reference.
2026-09-30T20:53:31.2377080Z /Users/runner/work/creator-platform/creator-platform/apps/ios/Tests/QelvoraUITests/NativeSnapshotTests.swift:60: error: -[QelvoraUITests.NativeSnapshotTests testComponentCatalogThemes] : failed - Snapshot "IncludeList.light" does not match reference.
2026-09-30T20:53:31.2377900Z 
2026-09-30T20:53:31.2377960Z @−
2026-09-30T20:53:31.2378550Z "file:///Users/runner/work/creator-platform/creator-platform/apps/ios/Tests/QelvoraUITests/__Snapshots__/NativeSnapshotTests/testComponentCatalogThemes.IncludeList-light.png"
2026-09-30T20:53:31.2379140Z @+
2026-09-30T20:53:31.2379690Z "file:///Users/runner/work/creator-platform/creator-platform/artifacts/ios/snapshot-diffs/NativeSnapshotTests/testComponentCatalogThemes.IncludeList-light.png"
2026-09-30T20:53:31.2380190Z 
2026-09-30T20:53:31.2380490Z To configure output for a custom diff tool, use 'withSnapshotTesting'. For example:
2026-09-30T20:53:31.2380760Z 
2026-09-30T20:53:31.2380840Z     withSnapshotTesting(diffTool: .ksdiff) {
2026-09-30T20:53:31.2381040Z       // ...
2026-09-30T20:53:31.2381160Z     }
2026-09-30T20:53:31.2381230Z 
2026-09-30T20:53:31.2381310Z Newly-taken snapshot does not match reference.
2026-09-30T20:53:31.2382140Z /Users/runner/work/creator-platform/creator-platform/apps/ios/Tests/QelvoraUITests/NativeSnapshotTests.swift:60: error: -[QelvoraUITests.NativeSnapshotTests testComponentCatalogThemes] : failed - Snapshot "TermsBlock.light" does not match reference.
2026-09-30T20:53:31.2382890Z 
2026-09-30T20:53:31.2382950Z @−
2026-09-30T20:53:31.2383470Z "file:///Users/runner/work/creator-platform/creator-platform/apps/ios/Tests/QelvoraUITests/__Snapshots__/NativeSnapshotTests/testComponentCatalogThemes.TermsBlock-light.png"
2026-09-30T20:53:31.2384050Z @+
2026-09-30T20:53:31.2384510Z "file:///Users/runner/work/creator-platform/creator-platform/artifacts/ios/snapshot-diffs/NativeSnapshotTests/testComponentCatalogThemes.TermsBlock-light.png"
2026-09-30T20:53:31.2385000Z 
2026-09-30T20:53:31.2385170Z To configure output for a custom diff tool, use 'withSnapshotTesting'. For example:
2026-09-30T20:53:31.2385420Z 
2026-09-30T20:53:31.2385500Z     withSnapshotTesting(diffTool: .ksdiff) {
2026-09-30T20:53:31.2385690Z       // ...
2026-09-30T20:53:31.2385810Z     }
2026-09-30T20:53:31.2385870Z 
2026-09-30T20:53:31.2385960Z Newly-taken snapshot does not match reference.
2026-09-30T20:53:31.2386750Z /Users/runner/work/creator-platform/creator-platform/apps/ios/Tests/QelvoraUITests/NativeSnapshotTests.swift:60: error: -[QelvoraUITests.NativeSnapshotTests testComponentCatalogThemes] : failed - Snapshot "EtaLine.light" does not match reference.
2026-09-30T20:53:31.2387470Z 
2026-09-30T20:53:31.2387520Z @−
2026-09-30T20:53:31.2388020Z "file:///Users/runner/work/creator-platform/creator-platform/apps/ios/Tests/QelvoraUITests/__Snapshots__/NativeSnapshotTests/testComponentCatalogThemes.EtaLine-light.png"
2026-09-30T20:53:31.2388580Z @+
2026-09-30T20:53:31.2389040Z "file:///Users/runner/work/creator-platform/creator-platform/artifacts/ios/snapshot-diffs/NativeSnapshotTests/testComponentCatalogThemes.EtaLine-light.png"
2026-09-30T20:53:31.2389620Z 
2026-09-30T20:53:31.2389790Z To configure output for a custom diff tool, use 'withSnapshotTesting'. For example:
2026-09-30T20:53:31.2390050Z 
2026-09-30T20:53:31.2390120Z     withSnapshotTesting(diffTool: .ksdiff) {
2026-09-30T20:53:31.2390320Z       // ...
2026-09-30T20:53:31.2390430Z     }
2026-09-30T20:53:31.2390500Z 
2026-09-30T20:53:31.2390580Z Newly-taken snapshot does not match reference.
2026-09-30T20:53:31.2391600Z /Users/runner/work/creator-platform/creator-platform/apps/ios/Tests/QelvoraUITests/NativeSnapshotTests.swift:60: error: -[QelvoraUITests.NativeSnapshotTests testComponentCatalogThemes] : failed - Snapshot "RequestStatus.light" does not match reference.
2026-09-30T20:53:31.2392390Z 
2026-09-30T20:53:31.2392480Z @−
2026-09-30T20:53:31.2393000Z "file:///Users/runner/work/creator-platform/creator-platform/apps/ios/Tests/QelvoraUITests/__Snapshots__/NativeSnapshotTests/testComponentCatalogThemes.RequestStatus-light.png"
2026-09-30T20:53:31.2393570Z @+
2026-09-30T20:53:31.2394060Z "file:///Users/runner/work/creator-platform/creator-platform/artifacts/ios/snapshot-diffs/NativeSnapshotTests/testComponentCatalogThemes.RequestStatus-light.png"
2026-09-30T20:53:31.2394550Z 
2026-09-30T20:53:31.2394720Z To configure output for a custom diff tool, use 'withSnapshotTesting'. For example:
2026-09-30T20:53:31.2394970Z 
2026-09-30T20:53:31.2395060Z     withSnapshotTesting(diffTool: .ksdiff) {
2026-09-30T20:53:31.2395250Z       // ...
2026-09-30T20:53:31.2395360Z     }
2026-09-30T20:53:31.2395430Z 
2026-09-30T20:53:31.2395510Z Newly-taken snapshot does not match reference.
2026-09-30T20:53:31.2396610Z /Users/runner/work/creator-platform/creator-platform/apps/ios/Tests/QelvoraUITests/NativeSnapshotTests.swift:60: error: -[QelvoraUITests.NativeSnapshotTests testComponentCatalogThemes] : failed - Snapshot "Receipt.light" does not match reference.
2026-09-30T20:53:31.2397350Z 
2026-09-30T20:53:31.2397410Z @−
2026-09-30T20:53:31.2397910Z "file:///Users/runner/work/creator-platform/creator-platform/apps/ios/Tests/QelvoraUITests/__Snapshots__/NativeSnapshotTests/testComponentCatalogThemes.Receipt-light.png"
2026-09-30T20:53:31.2398540Z @+
2026-09-30T20:53:31.2399080Z "file:///Users/runner/work/creator-platform/creator-platform/artifacts/ios/snapshot-diffs/NativeSnapshotTests/testComponentCatalogThemes.Receipt-light.png"
2026-09-30T20:53:31.2399580Z 
2026-09-30T20:53:31.2399760Z To configure output for a custom diff tool, use 'withSnapshotTesting'. For example:
2026-09-30T20:53:31.2400040Z 
2026-09-30T20:53:31.2400130Z     withSnapshotTesting(diffTool: .ksdiff) {
2026-09-30T20:53:31.2400370Z       // ...
2026-09-30T20:53:31.2400500Z     }
2026-09-30T20:53:31.2400580Z 
2026-09-30T20:53:31.2400680Z Newly-taken snapshot does not match reference.
2026-09-30T20:53:31.2401520Z /Users/runner/work/creator-platform/creator-platform/apps/ios/Tests/QelvoraUITests/NativeSnapshotTests.swift:60: error: -[QelvoraUITests.NativeSnapshotTests testComponentCatalogThemes] : failed - Snapshot "SpendLimit.light" does not match reference.
2026-09-30T20:53:31.2402280Z 
2026-09-30T20:53:31.2402340Z @−
2026-09-30T20:53:31.2402870Z "file:///Users/runner/work/creator-platform/creator-platform/apps/ios/Tests/QelvoraUITests/__Snapshots__/NativeSnapshotTests/testComponentCatalogThemes.SpendLimit-light.png"
2026-09-30T20:53:31.2403450Z @+
2026-09-30T20:53:31.2403940Z "file:///Users/runner/work/creator-platform/creator-platform/artifacts/ios/snapshot-diffs/NativeSnapshotTests/testComponentCatalogThemes.SpendLimit-light.png"
2026-09-30T20:53:31.2404440Z 
2026-09-30T20:53:31.2404610Z To configure output for a custom diff tool, use 'withSnapshotTesting'. For example:
2026-09-30T20:53:31.2404870Z 
2026-09-30T20:53:31.2404950Z     withSnapshotTesting(diffTool: .ksdiff) {
2026-09-30T20:53:31.2405140Z       // ...
2026-09-30T20:53:31.2405260Z     }
2026-09-30T20:53:31.2405320Z 
2026-09-30T20:53:31.2405410Z Newly-taken snapshot does not match reference.
2026-09-30T20:53:31.2406300Z /Users/runner/work/creator-platform/creator-platform/apps/ios/Tests/QelvoraUITests/NativeSnapshotTests.swift:60: error: -[QelvoraUITests.NativeSnapshotTests testComponentCatalogThemes] : failed - Snapshot "QueueCard.light" does not match reference.
2026-09-30T20:53:31.2407020Z 
2026-09-30T20:53:31.2407070Z @−
2026-09-30T20:53:31.2407580Z "file:///Users/runner/work/creator-platform/creator-platform/apps/ios/Tests/QelvoraUITests/__Snapshots__/NativeSnapshotTests/testComponentCatalogThemes.QueueCard-light.png"
2026-09-30T20:53:31.2408150Z @+
2026-09-30T20:53:31.2408610Z "file:///Users/runner/work/creator-platform/creator-platform/artifacts/ios/snapshot-diffs/NativeSnapshotTests/testComponentCatalogThemes.QueueCard-light.png"
2026-09-30T20:53:31.2409090Z 
2026-09-30T20:53:31.2409260Z To configure output for a custom diff tool, use 'withSnapshotTesting'. For example:
2026-09-30T20:53:31.2409510Z 
2026-09-30T20:53:31.2409590Z     withSnapshotTesting(diffTool: .ksdiff) {
2026-09-30T20:53:31.2409780Z       // ...
2026-09-30T20:53:31.2409910Z     }
2026-09-30T20:53:31.2409970Z 
2026-09-30T20:53:31.2410050Z Newly-taken snapshot does not match reference.
2026-09-30T20:53:31.2410870Z /Users/runner/work/creator-platform/creator-platform/apps/ios/Tests/QelvoraUITests/NativeSnapshotTests.swift:60: error: -[QelvoraUITests.NativeSnapshotTests testComponentCatalogThemes] : failed - Snapshot "CapacityHeader.light" does not match reference.
2026-09-30T20:53:31.2411610Z 
2026-09-30T20:53:31.2411670Z @−
2026-09-30T20:53:31.2412190Z "file:///Users/runner/work/creator-platform/creator-platform/apps/ios/Tests/QelvoraUITests/__Snapshots__/NativeSnapshotTests/testComponentCatalogThemes.CapacityHeader-light.png"
2026-09-30T20:53:31.2412780Z @+
2026-09-30T20:53:31.2413430Z "file:///Users/runner/work/creator-platform/creator-platform/artifacts/ios/snapshot-diffs/NativeSnapshotTests/testComponentCatalogThemes.CapacityHeader-light.png"
2026-09-30T20:53:31.2413970Z 
2026-09-30T20:53:31.2414140Z To configure output for a custom diff tool, use 'withSnapshotTesting'. For example:
2026-09-30T20:53:31.2414400Z 
2026-09-30T20:53:31.2414480Z     withSnapshotTesting(diffTool: .ksdiff) {
2026-09-30T20:53:31.2414670Z       // ...
2026-09-30T20:53:31.2414790Z     }
2026-09-30T20:53:31.2414860Z 
2026-09-30T20:53:31.2414940Z Newly-taken snapshot does not match reference.
2026-09-30T20:53:31.2415750Z /Users/runner/work/creator-platform/creator-platform/apps/ios/Tests/QelvoraUITests/NativeSnapshotTests.swift:60: error: -[QelvoraUITests.NativeSnapshotTests testComponentCatalogThemes] : failed - Snapshot "LabelPreview.light" does not match reference.
2026-09-30T20:53:31.2416480Z 
2026-09-30T20:53:31.2416530Z @−
2026-09-30T20:53:31.2417060Z "file:///Users/runner/work/creator-platform/creator-platform/apps/ios/Tests/QelvoraUITests/__Snapshots__/NativeSnapshotTests/testComponentCatalogThemes.LabelPreview-light.png"
2026-09-30T20:53:31.2417690Z @+
2026-09-30T20:53:31.2418200Z "file:///Users/runner/work/creator-platform/creator-platform/artifacts/ios/snapshot-diffs/NativeSnapshotTests/testComponentCatalogThemes.LabelPreview-light.png"
2026-09-30T20:53:31.2418710Z 
2026-09-30T20:53:31.2418900Z To configure output for a custom diff tool, use 'withSnapshotTesting'. For example:
2026-09-30T20:53:31.2419170Z 
2026-09-30T20:53:31.2419250Z     withSnapshotTesting(diffTool: .ksdiff) {
2026-09-30T20:53:31.2419470Z       // ...
2026-09-30T20:53:31.2419610Z     }
2026-09-30T20:53:31.2419680Z 
2026-09-30T20:53:31.2419760Z Newly-taken snapshot does not match reference.
2026-09-30T20:53:31.2420590Z /Users/runner/work/creator-platform/creator-platform/apps/ios/Tests/QelvoraUITests/NativeSnapshotTests.swift:60: error: -[QelvoraUITests.NativeSnapshotTests testComponentCatalogThemes] : failed - Snapshot "SigningSheet.light" does not match reference.
2026-09-30T20:53:31.2421380Z 
2026-09-30T20:53:31.2421460Z @−
2026-09-30T20:53:31.2422030Z "file:///Users/runner/work/creator-platform/creator-platform/apps/ios/Tests/QelvoraUITests/__Snapshots__/NativeSnapshotTests/testComponentCatalogThemes.SigningSheet-light.png"
2026-09-30T20:53:31.2422830Z @+
2026-09-30T20:53:31.2423360Z "file:///Users/runner/work/creator-platform/creator-platform/artifacts/ios/snapshot-diffs/NativeSnapshotTests/testComponentCatalogThemes.SigningSheet-light.png"
2026-09-30T20:53:31.2423860Z 
2026-09-30T20:53:31.2424030Z To configure output for a custom diff tool, use 'withSnapshotTesting'. For example:
2026-09-30T20:53:31.2424280Z 
2026-09-30T20:53:31.2424360Z     withSnapshotTesting(diffTool: .ksdiff) {
2026-09-30T20:53:31.2424550Z       // ...
2026-09-30T20:53:31.2424670Z     }
2026-09-30T20:53:31.2424730Z 
2026-09-30T20:53:31.2424820Z Newly-taken snapshot does not match reference.
2026-09-30T20:53:31.2425640Z /Users/runner/work/creator-platform/creator-platform/apps/ios/Tests/QelvoraUITests/NativeSnapshotTests.swift:60: error: -[QelvoraUITests.NativeSnapshotTests testComponentCatalogThemes] : failed - Snapshot "AuditBanner.light" does not match reference.
2026-09-30T20:53:31.2426370Z 
2026-09-30T20:53:31.2426440Z @−
2026-09-30T20:53:31.2426970Z "file:///Users/runner/work/creator-platform/creator-platform/apps/ios/Tests/QelvoraUITests/__Snapshots__/NativeSnapshotTests/testComponentCatalogThemes.AuditBanner-light.png"
2026-09-30T20:53:31.2427530Z @+
2026-09-30T20:53:31.2428000Z "file:///Users/runner/work/creator-platform/creator-platform/artifacts/ios/snapshot-diffs/NativeSnapshotTests/testComponentCatalogThemes.AuditBanner-light.png"
2026-09-30T20:53:31.2428510Z 
2026-09-30T20:53:31.2428720Z To configure output for a custom diff tool, use 'withSnapshotTesting'. For example:
2026-09-30T20:53:31.2429010Z 
2026-09-30T20:53:31.2429100Z     withSnapshotTesting(diffTool: .ksdiff) {
2026-09-30T20:53:31.2429330Z       // ...
2026-09-30T20:53:31.2429460Z     }
2026-09-30T20:53:31.2429520Z 
2026-09-30T20:53:31.2429610Z Newly-taken snapshot does not match reference.
2026-09-30T20:53:31.2430630Z /Users/runner/work/creator-platform/creator-platform/apps/ios/Tests/QelvoraUITests/NativeSnapshotTests.swift:60: error: -[QelvoraUITests.NativeSnapshotTests testComponentCatalogThemes] : failed - Snapshot "SourceRow.light" does not match reference.
2026-09-30T20:53:31.2431370Z 
2026-09-30T20:53:31.2431510Z @−
2026-09-30T20:53:31.2432080Z "file:///Users/runner/work/creator-platform/creator-platform/apps/ios/Tests/QelvoraUITests/__Snapshots__/NativeSnapshotTests/testComponentCatalogThemes.SourceRow-light.png"
2026-09-30T20:53:31.2432750Z @+
2026-09-30T20:53:31.2433230Z "file:///Users/runner/work/creator-platform/creator-platform/artifacts/ios/snapshot-diffs/NativeSnapshotTests/testComponentCatalogThemes.SourceRow-light.png"
2026-09-30T20:53:31.2433700Z 
2026-09-30T20:53:31.2433870Z To configure output for a custom diff tool, use 'withSnapshotTesting'. For example:
2026-09-30T20:53:31.2434120Z 
2026-09-30T20:53:31.2434200Z     withSnapshotTesting(diffTool: .ksdiff) {
2026-09-30T20:53:31.2434420Z       // ...
2026-09-30T20:53:31.2434550Z     }
2026-09-30T20:53:31.2434620Z 
2026-09-30T20:53:31.2434710Z Newly-taken snapshot does not match reference.
2026-09-30T20:53:31.2435530Z /Users/runner/work/creator-platform/creator-platform/apps/ios/Tests/QelvoraUITests/NativeSnapshotTests.swift:60: error: -[QelvoraUITests.NativeSnapshotTests testComponentCatalogThemes] : failed - Snapshot "Button.light" does not match reference.
2026-09-30T20:53:31.2436240Z 
2026-09-30T20:53:31.2436320Z @−
2026-09-30T20:53:31.2436840Z "file:///Users/runner/work/creator-platform/creator-platform/apps/ios/Tests/QelvoraUITests/__Snapshots__/NativeSnapshotTests/testComponentCatalogThemes.Button-light.png"
2026-09-30T20:53:31.2437400Z @+
2026-09-30T20:53:31.2438000Z "file:///Users/runner/work/creator-platform/creator-platform/artifacts/ios/snapshot-diffs/NativeSnapshotTests/testComponentCatalogThemes.Button-light.png"
2026-09-30T20:53:31.2438490Z 
2026-09-30T20:53:31.2438660Z To configure output for a custom diff tool, use 'withSnapshotTesting'. For example:
2026-09-30T20:53:31.2438920Z 
2026-09-30T20:53:31.2439010Z     withSnapshotTesting(diffTool: .ksdiff) {
2026-09-30T20:53:31.2447820Z       // ...
2026-09-30T20:53:31.2448280Z     }
2026-09-30T20:53:31.2448360Z 
2026-09-30T20:53:31.2448450Z Newly-taken snapshot does not match reference.
2026-09-30T20:53:31.2449310Z /Users/runner/work/creator-platform/creator-platform/apps/ios/Tests/QelvoraUITests/NativeSnapshotTests.swift:60: error: -[QelvoraUITests.NativeSnapshotTests testComponentCatalogThemes] : failed - Snapshot "TabBar.light" does not match reference.
2026-09-30T20:53:31.2450110Z 
2026-09-30T20:53:31.2450250Z @−
2026-09-30T20:53:31.2450790Z "file:///Users/runner/work/creator-platform/creator-platform/apps/ios/Tests/QelvoraUITests/__Snapshots__/NativeSnapshotTests/testComponentCatalogThemes.TabBar-light.png"
2026-09-30T20:53:31.2451420Z @+
2026-09-30T20:53:31.2451950Z "file:///Users/runner/work/creator-platform/creator-platform/artifacts/ios/snapshot-diffs/NativeSnapshotTests/testComponentCatalogThemes.TabBar-light.png"
2026-09-30T20:53:31.2452460Z 
2026-09-30T20:53:31.2452650Z To configure output for a custom diff tool, use 'withSnapshotTesting'. For example:
2026-09-30T20:53:31.2452940Z 
2026-09-30T20:53:33.8600630Z     withSnapshotTesting(diffTool: .ksdiff) {
2026-09-30T20:53:33.8600980Z       // ...
2026-09-30T20:53:33.8601140Z     }
2026-09-30T20:53:33.8601230Z 
2026-09-30T20:53:33.8601350Z Newly-taken snapshot does not match reference.
2026-09-30T20:53:33.8602350Z /Users/runner/work/creator-platform/creator-platform/apps/ios/Tests/QelvoraUITests/NativeSnapshotTests.swift:60: error: -[QelvoraUITests.NativeSnapshotTests testComponentCatalogThemes] : failed - Snapshot "Segmented.light" does not match reference.
2026-09-30T20:53:33.8603240Z 
2026-09-30T20:53:33.8603410Z @−
2026-09-30T20:53:33.8603970Z "file:///Users/runner/work/creator-platform/creator-platform/apps/ios/Tests/QelvoraUITests/__Snapshots__/NativeSnapshotTests/testComponentCatalogThemes.Segmented-light.png"
2026-09-30T20:53:33.8604880Z @+
2026-09-30T20:53:33.8605380Z "file:///Users/runner/work/creator-platform/creator-platform/artifacts/ios/snapshot-diffs/NativeSnapshotTests/testComponentCatalogThemes.Segmented-light.png"
2026-09-30T20:53:33.8605900Z 
2026-09-30T20:53:33.8606090Z To configure output for a custom diff tool, use 'withSnapshotTesting'. For example:
2026-09-30T20:53:33.8606350Z 
2026-09-30T20:53:33.8606440Z     withSnapshotTesting(diffTool: .ksdiff) {
2026-09-30T20:53:33.8606640Z       // ...
2026-09-30T20:53:33.8606760Z     }
2026-09-30T20:53:33.8606830Z 
2026-09-30T20:53:33.8606910Z Newly-taken snapshot does not match reference.
2026-09-30T20:53:33.8607740Z /Users/runner/work/creator-platform/creator-platform/apps/ios/Tests/QelvoraUITests/NativeSnapshotTests.swift:60: error: -[QelvoraUITests.NativeSnapshotTests testComponentCatalogThemes] : failed - Snapshot "Notice.light" does not match reference.
2026-09-30T20:53:33.8608480Z 
2026-09-30T20:53:33.8608550Z @−
2026-09-30T20:53:33.8609170Z "file:///Users/runner/work/creator-platform/creator-platform/apps/ios/Tests/QelvoraUITests/__Snapshots__/NativeSnapshotTests/testComponentCatalogThemes.Notice-light.png"
2026-09-30T20:53:33.8609760Z @+
2026-09-30T20:53:33.8610260Z "file:///Users/runner/work/creator-platform/creator-platform/artifacts/ios/snapshot-diffs/NativeSnapshotTests/testComponentCatalogThemes.Notice-light.png"
2026-09-30T20:53:33.8610830Z 
2026-09-30T20:53:33.8611050Z To configure output for a custom diff tool, use 'withSnapshotTesting'. For example:
2026-09-30T20:53:33.8611360Z 
2026-09-30T20:53:33.8611470Z     withSnapshotTesting(diffTool: .ksdiff) {
2026-09-30T20:53:33.8611720Z       // ...
2026-09-30T20:53:33.8611860Z     }
2026-09-30T20:53:33.8611930Z 
2026-09-30T20:53:33.8612010Z Newly-taken snapshot does not match reference.
2026-09-30T20:53:33.8612990Z /Users/runner/work/creator-platform/creator-platform/apps/ios/Tests/QelvoraUITests/NativeSnapshotTests.swift:60: error: -[QelvoraUITests.NativeSnapshotTests testComponentCatalogThemes] : failed - Snapshot "NotificationRow.light" does not match reference.
2026-09-30T20:53:33.8613790Z 
2026-09-30T20:53:33.8613850Z @−
2026-09-30T20:53:33.8614450Z "file:///Users/runner/work/creator-platform/creator-platform/apps/ios/Tests/QelvoraUITests/__Snapshots__/NativeSnapshotTests/testComponentCatalogThemes.NotificationRow-light.png"
2026-09-30T20:53:33.8615400Z @+
2026-09-30T20:53:33.8615990Z "file:///Users/runner/work/creator-platform/creator-platform/artifacts/ios/snapshot-diffs/NativeSnapshotTests/testComponentCatalogThemes.NotificationRow-light.png"
2026-09-30T20:53:33.8616510Z 
2026-09-30T20:53:33.8616690Z To configure output for a custom diff tool, use 'withSnapshotTesting'. For example:
2026-09-30T20:53:33.8616950Z 
2026-09-30T20:53:33.8617030Z     withSnapshotTesting(diffTool: .ksdiff) {
2026-09-30T20:53:33.8617230Z       // ...
2026-09-30T20:53:33.8617360Z     }
2026-09-30T20:53:33.8617440Z 
2026-09-30T20:53:33.8617540Z Newly-taken snapshot does not match reference.
2026-09-30T20:53:33.8618500Z /Users/runner/work/creator-platform/creator-platform/apps/ios/Tests/QelvoraUITests/NativeSnapshotTests.swift:60: error: -[QelvoraUITests.NativeSnapshotTests testComponentCatalogThemes] : failed - Snapshot "EmptyState.light" does not match reference.
2026-09-30T20:53:33.8619260Z 
2026-09-30T20:53:33.8619330Z @−
2026-09-30T20:53:33.8619860Z "file:///Users/runner/work/creator-platform/creator-platform/apps/ios/Tests/QelvoraUITests/__Snapshots__/NativeSnapshotTests/testComponentCatalogThemes.EmptyState-light.png"
2026-09-30T20:53:33.8620560Z @+
2026-09-30T20:53:33.8621080Z "file:///Users/runner/work/creator-platform/creator-platform/artifacts/ios/snapshot-diffs/NativeSnapshotTests/testComponentCatalogThemes.EmptyState-light.png"
2026-09-30T20:53:33.8621590Z 
2026-09-30T20:53:33.8621760Z To configure output for a custom diff tool, use 'withSnapshotTesting'. For example:
2026-09-30T20:53:33.8622020Z 
2026-09-30T20:53:33.8622100Z     withSnapshotTesting(diffTool: .ksdiff) {
2026-09-30T20:53:33.8622310Z       // ...
2026-09-30T20:53:33.8622550Z     }
2026-09-30T20:53:33.8622630Z 
2026-09-30T20:53:33.8622720Z Newly-taken snapshot does not match reference.
2026-09-30T20:53:33.8623590Z /Users/runner/work/creator-platform/creator-platform/apps/ios/Tests/QelvoraUITests/NativeSnapshotTests.swift:60: error: -[QelvoraUITests.NativeSnapshotTests testComponentCatalogThemes] : failed - Snapshot "ShareCard.light" does not match reference.
2026-09-30T20:53:33.8624350Z 
2026-09-30T20:53:33.8624430Z @−
2026-09-30T20:53:33.8624960Z "file:///Users/runner/work/creator-platform/creator-platform/apps/ios/Tests/QelvoraUITests/__Snapshots__/NativeSnapshotTests/testComponentCatalogThemes.ShareCard-light.png"
2026-09-30T20:53:33.8625550Z @+
2026-09-30T20:53:33.8626030Z "file:///Users/runner/work/creator-platform/creator-platform/artifacts/ios/snapshot-diffs/NativeSnapshotTests/testComponentCatalogThemes.ShareCard-light.png"
2026-09-30T20:53:33.8626530Z 
2026-09-30T20:53:33.8626710Z To configure output for a custom diff tool, use 'withSnapshotTesting'. For example:
2026-09-30T20:53:33.8626970Z 
2026-09-30T20:53:33.8627050Z     withSnapshotTesting(diffTool: .ksdiff) {
2026-09-30T20:53:33.8627250Z       // ...
2026-09-30T20:53:33.8627370Z     }
2026-09-30T20:53:33.8627440Z 
2026-09-30T20:53:33.8627520Z Newly-taken snapshot does not match reference.
2026-09-30T20:53:33.8628360Z /Users/runner/work/creator-platform/creator-platform/apps/ios/Tests/QelvoraUITests/NativeSnapshotTests.swift:60: error: -[QelvoraUITests.NativeSnapshotTests testComponentCatalogThemes] : failed - Snapshot "CallChip.light" does not match reference.
2026-09-30T20:53:33.8629120Z 
2026-09-30T20:53:33.8629170Z @−
2026-09-30T20:53:33.8629700Z "file:///Users/runner/work/creator-platform/creator-platform/apps/ios/Tests/QelvoraUITests/__Snapshots__/NativeSnapshotTests/testComponentCatalogThemes.CallChip-light.png"
2026-09-30T20:53:33.8630380Z @+
2026-09-30T20:53:33.8630950Z "file:///Users/runner/work/creator-platform/creator-platform/artifacts/ios/snapshot-diffs/NativeSnapshotTests/testComponentCatalogThemes.CallChip-light.png"
2026-09-30T20:53:33.8631470Z 
2026-09-30T20:53:33.8631680Z To configure output for a custom diff tool, use 'withSnapshotTesting'. For example:
2026-09-30T20:53:33.8632170Z 
2026-09-30T20:53:33.8632260Z     withSnapshotTesting(diffTool: .ksdiff) {
2026-09-30T20:53:33.8632460Z       // ...
2026-09-30T20:53:33.8632580Z     }
2026-09-30T20:53:33.8632650Z 
2026-09-30T20:53:33.8632730Z Newly-taken snapshot does not match reference.
2026-09-30T20:53:33.8633580Z /Users/runner/work/creator-platform/creator-platform/apps/ios/Tests/QelvoraUITests/NativeSnapshotTests.swift:60: error: -[QelvoraUITests.NativeSnapshotTests testComponentCatalogThemes] : failed - Snapshot "ReservedLabel.light" does not match reference.
2026-09-30T20:53:33.8634340Z 
2026-09-30T20:53:33.8634400Z @−
2026-09-30T20:53:33.8634940Z "file:///Users/runner/work/creator-platform/creator-platform/apps/ios/Tests/QelvoraUITests/__Snapshots__/NativeSnapshotTests/testComponentCatalogThemes.ReservedLabel-light.png"
2026-09-30T20:53:33.8635530Z @+
2026-09-30T20:53:33.8636080Z "file:///Users/runner/work/creator-platform/creator-platform/artifacts/ios/snapshot-diffs/NativeSnapshotTests/testComponentCatalogThemes.ReservedLabel-light.png"
2026-09-30T20:53:33.8636650Z 
2026-09-30T20:53:33.8636820Z To configure output for a custom diff tool, use 'withSnapshotTesting'. For example:
2026-09-30T20:53:33.8637090Z 
2026-09-30T20:53:33.8637170Z     withSnapshotTesting(diffTool: .ksdiff) {
2026-09-30T20:53:33.8637370Z       // ...
2026-09-30T20:53:33.8637490Z     }
2026-09-30T20:53:33.8637560Z 
2026-09-30T20:53:33.8637640Z Newly-taken snapshot does not match reference.
2026-09-30T20:53:33.8638470Z /Users/runner/work/creator-platform/creator-platform/apps/ios/Tests/QelvoraUITests/NativeSnapshotTests.swift:60: error: -[QelvoraUITests.NativeSnapshotTests testComponentCatalogThemes] : failed - Snapshot "Countdown.light" does not match reference.
2026-09-30T20:53:33.8639220Z 
2026-09-30T20:53:33.8639270Z @−
2026-09-30T20:53:33.8639900Z "file:///Users/runner/work/creator-platform/creator-platform/apps/ios/Tests/QelvoraUITests/__Snapshots__/NativeSnapshotTests/testComponentCatalogThemes.Countdown-light.png"
2026-09-30T20:53:33.8640650Z @+
2026-09-30T20:53:33.8641140Z "file:///Users/runner/work/creator-platform/creator-platform/artifacts/ios/snapshot-diffs/NativeSnapshotTests/testComponentCatalogThemes.Countdown-light.png"
2026-09-30T20:53:33.8641630Z 
2026-09-30T20:53:33.8641810Z To configure output for a custom diff tool, use 'withSnapshotTesting'. For example:
2026-09-30T20:53:33.8642070Z 
2026-09-30T20:53:33.8642150Z     withSnapshotTesting(diffTool: .ksdiff) {
2026-09-30T20:53:33.8642350Z       // ...
2026-09-30T20:53:33.8642470Z     }
2026-09-30T20:53:33.8642540Z 
2026-09-30T20:53:33.8642630Z Newly-taken snapshot does not match reference.
2026-09-30T20:53:33.8643460Z /Users/runner/work/creator-platform/creator-platform/apps/ios/Tests/QelvoraUITests/NativeSnapshotTests.swift:60: error: -[QelvoraUITests.NativeSnapshotTests testComponentCatalogThemes] : failed - Snapshot "InsteadMenu.light" does not match reference.
2026-09-30T20:53:33.8644220Z 
2026-09-30T20:53:33.8644300Z @−
2026-09-30T20:53:33.8644830Z "file:///Users/runner/work/creator-platform/creator-platform/apps/ios/Tests/QelvoraUITests/__Snapshots__/NativeSnapshotTests/testComponentCatalogThemes.InsteadMenu-light.png"
2026-09-30T20:53:33.8645430Z @+
2026-09-30T20:53:33.8645910Z "file:///Users/runner/work/creator-platform/creator-platform/artifacts/ios/snapshot-diffs/NativeSnapshotTests/testComponentCatalogThemes.InsteadMenu-light.png"
2026-09-30T20:53:33.8646420Z 
2026-09-30T20:53:33.8646600Z To configure output for a custom diff tool, use 'withSnapshotTesting'. For example:
2026-09-30T20:53:33.8646860Z 
2026-09-30T20:53:33.8646940Z     withSnapshotTesting(diffTool: .ksdiff) {
2026-09-30T20:53:33.8647140Z       // ...
2026-09-30T20:53:33.8647260Z     }
2026-09-30T20:53:33.8647330Z 
2026-09-30T20:53:33.8647420Z Newly-taken snapshot does not match reference.
2026-09-30T20:53:33.8648260Z /Users/runner/work/creator-platform/creator-platform/apps/ios/Tests/QelvoraUITests/NativeSnapshotTests.swift:60: error: -[QelvoraUITests.NativeSnapshotTests testComponentCatalogThemes] : failed - Snapshot "TestConsole.light" does not match reference.
2026-09-30T20:53:33.8649160Z 
2026-09-30T20:53:33.8649220Z @−
2026-09-30T20:53:33.8649750Z "file:///Users/runner/work/creator-platform/creator-platform/apps/ios/Tests/QelvoraUITests/__Snapshots__/NativeSnapshotTests/testComponentCatalogThemes.TestConsole-light.png"
2026-09-30T20:53:33.8650340Z @+
2026-09-30T20:53:33.8650820Z "file:///Users/runner/work/creator-platform/creator-platform/artifacts/ios/snapshot-diffs/NativeSnapshotTests/testComponentCatalogThemes.TestConsole-light.png"
2026-09-30T20:53:33.8651330Z 
2026-09-30T20:53:33.8651500Z To configure output for a custom diff tool, use 'withSnapshotTesting'. For example:
2026-09-30T20:53:33.8651760Z 
2026-09-30T20:53:33.8651840Z     withSnapshotTesting(diffTool: .ksdiff) {
2026-09-30T20:53:33.8652040Z       // ...
2026-09-30T20:53:33.8652160Z     }
2026-09-30T20:53:33.8652230Z 
2026-09-30T20:53:33.8652310Z Newly-taken snapshot does not match reference.
2026-09-30T20:53:33.8653150Z /Users/runner/work/creator-platform/creator-platform/apps/ios/Tests/QelvoraUITests/NativeSnapshotTests.swift:60: error: -[QelvoraUITests.NativeSnapshotTests testComponentCatalogThemes] : failed - Snapshot "VersionList.light" does not match reference.
2026-09-30T20:53:33.8654030Z 
2026-09-30T20:53:33.8654100Z @−
2026-09-30T20:53:33.8654670Z "file:///Users/runner/work/creator-platform/creator-platform/apps/ios/Tests/QelvoraUITests/__Snapshots__/NativeSnapshotTests/testComponentCatalogThemes.VersionList-light.png"
2026-09-30T20:53:33.8655270Z @+
2026-09-30T20:53:33.8655750Z "file:///Users/runner/work/creator-platform/creator-platform/artifacts/ios/snapshot-diffs/NativeSnapshotTests/testComponentCatalogThemes.VersionList-light.png"
2026-09-30T20:53:33.8656320Z 
2026-09-30T20:53:33.8656630Z To configure output for a custom diff tool, use 'withSnapshotTesting'. For example:
2026-09-30T20:53:33.8656940Z 
2026-09-30T20:53:33.8657030Z     withSnapshotTesting(diffTool: .ksdiff) {
2026-09-30T20:53:33.8657250Z       // ...
2026-09-30T20:53:33.8657390Z     }
2026-09-30T20:53:33.8657470Z 
2026-09-30T20:53:33.8657580Z Newly-taken snapshot does not match reference.
2026-09-30T20:53:33.8658610Z /Users/runner/work/creator-platform/creator-platform/apps/ios/Tests/QelvoraUITests/NativeSnapshotTests.swift:60: error: -[QelvoraUITests.NativeSnapshotTests testComponentCatalogThemes] : failed - Snapshot "DigestItem.light" does not match reference.
2026-09-30T20:53:33.8659410Z 
2026-09-30T20:53:33.8659480Z @−
2026-09-30T20:53:33.8660010Z "file:///Users/runner/work/creator-platform/creator-platform/apps/ios/Tests/QelvoraUITests/__Snapshots__/NativeSnapshotTests/testComponentCatalogThemes.DigestItem-light.png"
2026-09-30T20:53:33.8660590Z @+
2026-09-30T20:53:33.8661080Z "file:///Users/runner/work/creator-platform/creator-platform/artifacts/ios/snapshot-diffs/NativeSnapshotTests/testComponentCatalogThemes.DigestItem-light.png"
2026-09-30T20:53:33.8661660Z 
2026-09-30T20:53:33.8661860Z To configure output for a custom diff tool, use 'withSnapshotTesting'. For example:
2026-09-30T20:53:33.8662130Z 
2026-09-30T20:53:33.8662210Z     withSnapshotTesting(diffTool: .ksdiff) {
2026-09-30T20:53:33.8662410Z       // ...
2026-09-30T20:53:33.8662550Z     }
2026-09-30T20:53:33.8662620Z 
2026-09-30T20:53:33.8662710Z Newly-taken snapshot does not match reference.
2026-09-30T20:53:33.8663580Z /Users/runner/work/creator-platform/creator-platform/apps/ios/Tests/QelvoraUITests/NativeSnapshotTests.swift:60: error: -[QelvoraUITests.NativeSnapshotTests testComponentCatalogThemes] : failed - Snapshot "StudioTabBar.light" does not match reference.
2026-09-30T20:53:33.8664400Z 
2026-09-30T20:53:33.8664520Z @−
2026-09-30T20:53:33.8665080Z "file:///Users/runner/work/creator-platform/creator-platform/apps/ios/Tests/QelvoraUITests/__Snapshots__/NativeSnapshotTests/testComponentCatalogThemes.StudioTabBar-light.png"
2026-09-30T20:53:33.8665690Z @+
2026-09-30T20:53:33.8666200Z "file:///Users/runner/work/creator-platform/creator-platform/artifacts/ios/snapshot-diffs/NativeSnapshotTests/testComponentCatalogThemes.StudioTabBar-light.png"
2026-09-30T20:53:33.8666930Z 
2026-09-30T20:53:33.8667110Z To configure output for a custom diff tool, use 'withSnapshotTesting'. For example:
2026-09-30T20:53:33.8667380Z 
2026-09-30T20:53:33.8667500Z     withSnapshotTesting(diffTool: .ksdiff) {
2026-09-30T20:53:33.8667770Z       // ...
2026-09-30T20:53:33.8667890Z     }
2026-09-30T20:53:33.8667960Z 
2026-09-30T20:53:33.8668050Z Newly-taken snapshot does not match reference.
2026-09-30T20:53:33.8668970Z /Users/runner/work/creator-platform/creator-platform/apps/ios/Tests/QelvoraUITests/NativeSnapshotTests.swift:60: error: -[QelvoraUITests.NativeSnapshotTests testComponentCatalogThemes] : failed - Snapshot "Sidebar.light" does not match reference.
2026-09-30T20:53:33.8669710Z 
2026-09-30T20:53:33.8669790Z @−
2026-09-30T20:53:33.8670320Z "file:///Users/runner/work/creator-platform/creator-platform/apps/ios/Tests/QelvoraUITests/__Snapshots__/NativeSnapshotTests/testComponentCatalogThemes.Sidebar-light.png"
2026-09-30T20:53:33.8670890Z @+
2026-09-30T20:53:33.8671380Z "file:///Users/runner/work/creator-platform/creator-platform/artifacts/ios/snapshot-diffs/NativeSnapshotTests/testComponentCatalogThemes.Sidebar-light.png"
2026-09-30T20:53:33.8671870Z 
2026-09-30T20:53:33.8672040Z To configure output for a custom diff tool, use 'withSnapshotTesting'. For example:
2026-09-30T20:53:33.8672310Z 
2026-09-30T20:53:33.8672390Z     withSnapshotTesting(diffTool: .ksdiff) {
2026-09-30T20:53:33.8672590Z       // ...
2026-09-30T20:53:33.8672710Z     }
2026-09-30T20:53:33.8672780Z 
2026-09-30T20:53:33.8672860Z Newly-taken snapshot does not match reference.
2026-09-30T20:53:33.8673810Z /Users/runner/work/creator-platform/creator-platform/apps/ios/Tests/QelvoraUITests/NativeSnapshotTests.swift:60: error: -[QelvoraUITests.NativeSnapshotTests testComponentCatalogThemes] : failed - Snapshot "Sheet.light" does not match reference.
2026-09-30T20:53:33.8674550Z 
2026-09-30T20:53:33.8674620Z @−
2026-09-30T20:53:33.8675130Z "file:///Users/runner/work/creator-platform/creator-platform/apps/ios/Tests/QelvoraUITests/__Snapshots__/NativeSnapshotTests/testComponentCatalogThemes.Sheet-light.png"
2026-09-30T20:53:33.8675700Z @+
2026-09-30T20:53:33.8676170Z "file:///Users/runner/work/creator-platform/creator-platform/artifacts/ios/snapshot-diffs/NativeSnapshotTests/testComponentCatalogThemes.Sheet-light.png"
2026-09-30T20:53:33.8676660Z 
2026-09-30T20:53:33.8676830Z To configure output for a custom diff tool, use 'withSnapshotTesting'. For example:
2026-09-30T20:53:33.8677090Z 
2026-09-30T20:53:33.8677170Z     withSnapshotTesting(diffTool: .ksdiff) {
2026-09-30T20:53:33.8677370Z       // ...
2026-09-30T20:53:33.8677490Z     }
2026-09-30T20:53:33.8677560Z 
2026-09-30T20:53:33.8677650Z Newly-taken snapshot does not match reference.
2026-09-30T20:53:33.8678470Z /Users/runner/work/creator-platform/creator-platform/apps/ios/Tests/QelvoraUITests/NativeSnapshotTests.swift:60: error: -[QelvoraUITests.NativeSnapshotTests testComponentCatalogThemes] : failed - Snapshot "Dialog.light" does not match reference.
2026-09-30T20:53:33.8679210Z 
2026-09-30T20:53:33.8679270Z @−
2026-09-30T20:53:33.8679780Z "file:///Users/runner/work/creator-platform/creator-platform/apps/ios/Tests/QelvoraUITests/__Snapshots__/NativeSnapshotTests/testComponentCatalogThemes.Dialog-light.png"
2026-09-30T20:53:33.8680520Z @+
2026-09-30T20:53:33.8680990Z "file:///Users/runner/work/creator-platform/creator-platform/artifacts/ios/snapshot-diffs/NativeSnapshotTests/testComponentCatalogThemes.Dialog-light.png"
2026-09-30T20:53:33.8681480Z 
2026-09-30T20:53:33.8681660Z To configure output for a custom diff tool, use 'withSnapshotTesting'. For example:
2026-09-30T20:53:33.8681920Z 
2026-09-30T20:53:33.8682000Z     withSnapshotTesting(diffTool: .ksdiff) {
2026-09-30T20:53:33.8682200Z       // ...
2026-09-30T20:53:33.8682320Z     }
2026-09-30T20:53:33.8682390Z 
2026-09-30T20:53:33.8682480Z Newly-taken snapshot does not match reference.
2026-09-30T20:53:33.8683290Z /Users/runner/work/creator-platform/creator-platform/apps/ios/Tests/QelvoraUITests/NativeSnapshotTests.swift:60: error: -[QelvoraUITests.NativeSnapshotTests testComponentCatalogThemes] : failed - Snapshot "Toast.light" does not match reference.
2026-09-30T20:53:33.8684260Z 
2026-09-30T20:53:33.8684330Z @−
2026-09-30T20:53:33.8684840Z "file:///Users/runner/work/creator-platform/creator-platform/apps/ios/Tests/QelvoraUITests/__Snapshots__/NativeSnapshotTests/testComponentCatalogThemes.Toast-light.png"
2026-09-30T20:53:33.8685420Z @+
2026-09-30T20:53:33.8685890Z "file:///Users/runner/work/creator-platform/creator-platform/artifacts/ios/snapshot-diffs/NativeSnapshotTests/testComponentCatalogThemes.Toast-light.png"
2026-09-30T20:53:33.8686370Z 
2026-09-30T20:53:33.8686540Z To configure output for a custom diff tool, use 'withSnapshotTesting'. For example:
2026-09-30T20:53:33.8686800Z 
2026-09-30T20:53:33.8686880Z     withSnapshotTesting(diffTool: .ksdiff) {
2026-09-30T20:53:33.8687090Z       // ...
2026-09-30T20:53:33.8687210Z     }
2026-09-30T20:53:33.8687290Z 
2026-09-30T20:53:33.8687370Z Newly-taken snapshot does not match reference.
2026-09-30T20:53:33.8688190Z /Users/runner/work/creator-platform/creator-platform/apps/ios/Tests/QelvoraUITests/NativeSnapshotTests.swift:57: error: -[QelvoraUITests.NativeSnapshotTests testComponentCatalogThemes] : failed - Snapshot "Skeleton.light" does not match reference.
2026-09-30T20:53:33.8688930Z 
2026-09-30T20:53:33.8688990Z @−
2026-09-30T20:53:33.8689510Z "file:///Users/runner/work/creator-platform/creator-platform/apps/ios/Tests/QelvoraUITests/__Snapshots__/NativeSnapshotTests/testComponentCatalogThemes.Skeleton-light.png"
2026-09-30T20:53:33.8690090Z @+
2026-09-30T20:53:33.8690570Z "file:///Users/runner/work/creator-platform/creator-platform/artifacts/ios/snapshot-diffs/NativeSnapshotTests/testComponentCatalogThemes.Skeleton-light.png"
2026-09-30T20:53:33.8691170Z 
2026-09-30T20:53:33.8691350Z To configure output for a custom diff tool, use 'withSnapshotTesting'. For example:
2026-09-30T20:53:33.8691620Z 
2026-09-30T20:53:33.8691700Z     withSnapshotTesting(diffTool: .ksdiff) {
2026-09-30T20:53:33.8691900Z       // ...
2026-09-30T20:53:33.8692020Z     }
2026-09-30T20:53:33.8692090Z 
2026-09-30T20:53:33.8692180Z Newly-taken snapshot does not match reference.
2026-09-30T20:53:33.8693010Z /Users/runner/work/creator-platform/creator-platform/apps/ios/Tests/QelvoraUITests/NativeSnapshotTests.swift:60: error: -[QelvoraUITests.NativeSnapshotTests testComponentCatalogThemes] : failed - Snapshot "EmailFrame.light" does not match reference.
2026-09-30T20:53:33.8693750Z 
2026-09-30T20:53:33.8693810Z @−
2026-09-30T20:53:33.8694340Z "file:///Users/runner/work/creator-platform/creator-platform/apps/ios/Tests/QelvoraUITests/__Snapshots__/NativeSnapshotTests/testComponentCatalogThemes.EmailFrame-light.png"
2026-09-30T20:53:33.8694930Z @+
2026-09-30T20:53:33.8695420Z "file:///Users/runner/work/creator-platform/creator-platform/artifacts/ios/snapshot-diffs/NativeSnapshotTests/testComponentCatalogThemes.EmailFrame-light.png"
2026-09-30T20:53:33.8695930Z 
2026-09-30T20:53:33.8696110Z To configure output for a custom diff tool, use 'withSnapshotTesting'. For example:
2026-09-30T20:53:33.8696370Z 
2026-09-30T20:53:33.8696450Z     withSnapshotTesting(diffTool: .ksdiff) {
2026-09-30T20:53:33.8696680Z       // ...
2026-09-30T20:53:33.8696820Z     }
2026-09-30T20:53:33.8696890Z 
2026-09-30T20:53:33.8696980Z Newly-taken snapshot does not match reference.
2026-09-30T20:53:33.8697790Z /Users/runner/work/creator-platform/creator-platform/apps/ios/Tests/QelvoraUITests/NativeSnapshotTests.swift:60: error: -[QelvoraUITests.NativeSnapshotTests testComponentCatalogThemes] : failed - Snapshot "Mark.night" does not match reference.
2026-09-30T20:53:33.8698530Z 
2026-09-30T20:53:33.8698590Z @−
2026-09-30T20:53:33.8699200Z "file:///Users/runner/work/creator-platform/creator-platform/apps/ios/Tests/QelvoraUITests/__Snapshots__/NativeSnapshotTests/testComponentCatalogThemes.Mark-night.png"
2026-09-30T20:53:33.8699790Z @+
2026-09-30T20:53:33.8700380Z "file:///Users/runner/work/creator-platform/creator-platform/artifacts/ios/snapshot-diffs/NativeSnapshotTests/testComponentCatalogThemes.Mark-night.png"
2026-09-30T20:53:33.8701150Z 
2026-09-30T20:53:33.8701320Z To configure output for a custom diff tool, use 'withSnapshotTesting'. For example:
2026-09-30T20:53:33.8701590Z 
2026-09-30T20:53:33.8701670Z     withSnapshotTesting(diffTool: .ksdiff) {
2026-09-30T20:53:33.8701870Z       // ...
2026-09-30T20:53:33.8701990Z     }
2026-09-30T20:53:33.8702060Z 
2026-09-30T20:53:33.8702150Z Newly-taken snapshot does not match reference.
2026-09-30T20:53:33.8703000Z /Users/runner/work/creator-platform/creator-platform/apps/ios/Tests/QelvoraUITests/NativeSnapshotTests.swift:60: error: -[QelvoraUITests.NativeSnapshotTests testComponentCatalogThemes] : failed - Snapshot "Seal.night" does not match reference.
2026-09-30T20:53:33.8703770Z 
2026-09-30T20:53:33.8703870Z @−
2026-09-30T20:53:33.8704390Z "file:///Users/runner/work/creator-platform/creator-platform/apps/ios/Tests/QelvoraUITests/__Snapshots__/NativeSnapshotTests/testComponentCatalogThemes.Seal-night.png"
2026-09-30T20:53:33.8705010Z @+
2026-09-30T20:53:36.6665780Z "file:///Users/runner/work/creator-platform/creator-platform/artifacts/ios/snapshot-diffs/NativeSnapshotTests/testComponentCatalogThemes.Seal-night.png"
2026-09-30T20:53:36.6666370Z 
2026-09-30T20:53:36.6666650Z To configure output for a custom diff tool, use 'withSnapshotTesting'. For example:
2026-09-30T20:53:36.6666920Z 
2026-09-30T20:53:36.6667000Z     withSnapshotTesting(diffTool: .ksdiff) {
2026-09-30T20:53:36.6667210Z       // ...
2026-09-30T20:53:36.6667630Z     }
2026-09-30T20:53:36.6667800Z 
2026-09-30T20:53:36.6667900Z Newly-taken snapshot does not match reference.
2026-09-30T20:53:36.6669480Z /Users/runner/work/creator-platform/creator-platform/apps/ios/Tests/QelvoraUITests/NativeSnapshotTests.swift:60: error: -[QelvoraUITests.NativeSnapshotTests testComponentCatalogThemes] : failed - Snapshot "Avatar.night" does not match reference.
2026-09-30T20:53:36.6679040Z 
2026-09-30T20:53:36.6679290Z @−
2026-09-30T20:53:36.6679900Z "file:///Users/runner/work/creator-platform/creator-platform/apps/ios/Tests/QelvoraUITests/__Snapshots__/NativeSnapshotTests/testComponentCatalogThemes.Avatar-night.png"
2026-09-30T20:53:36.6680590Z @+
2026-09-30T20:53:36.6681190Z "file:///Users/runner/work/creator-platform/creator-platform/artifacts/ios/snapshot-diffs/NativeSnapshotTests/testComponentCatalogThemes.Avatar-night.png"
2026-09-30T20:53:36.6681690Z 
2026-09-30T20:53:36.6681880Z To configure output for a custom diff tool, use 'withSnapshotTesting'. For example:
2026-09-30T20:53:36.6682140Z 
2026-09-30T20:53:36.6682220Z     withSnapshotTesting(diffTool: .ksdiff) {
2026-09-30T20:53:36.6682450Z       // ...
2026-09-30T20:53:36.6682600Z     }
2026-09-30T20:53:36.6682690Z 
2026-09-30T20:53:36.6682820Z Newly-taken snapshot does not match reference.
2026-09-30T20:53:36.6683830Z /Users/runner/work/creator-platform/creator-platform/apps/ios/Tests/QelvoraUITests/NativeSnapshotTests.swift:60: error: -[QelvoraUITests.NativeSnapshotTests testComponentCatalogThemes] : failed - Snapshot "AuthorLabel.night" does not match reference.
2026-09-30T20:53:36.6684640Z 
2026-09-30T20:53:36.6684710Z @−
2026-09-30T20:53:36.6685240Z "file:///Users/runner/work/creator-platform/creator-platform/apps/ios/Tests/QelvoraUITests/__Snapshots__/NativeSnapshotTests/testComponentCatalogThemes.AuthorLabel-night.png"
2026-09-30T20:53:36.6685850Z @+
2026-09-30T20:53:36.6686430Z "file:///Users/runner/work/creator-platform/creator-platform/artifacts/ios/snapshot-diffs/NativeSnapshotTests/testComponentCatalogThemes.AuthorLabel-night.png"
2026-09-30T20:53:36.6686990Z 
2026-09-30T20:53:36.6687180Z To configure output for a custom diff tool, use 'withSnapshotTesting'. For example:
2026-09-30T20:53:36.6687440Z 
2026-09-30T20:53:36.6687530Z     withSnapshotTesting(diffTool: .ksdiff) {
2026-09-30T20:53:36.6687730Z       // ...
2026-09-30T20:53:36.6687850Z     }
2026-09-30T20:53:36.6687940Z 
2026-09-30T20:53:36.6688030Z Newly-taken snapshot does not match reference.
2026-09-30T20:53:36.6689280Z /Users/runner/work/creator-platform/creator-platform/apps/ios/Tests/QelvoraUITests/NativeSnapshotTests.swift:60: error: -[QelvoraUITests.NativeSnapshotTests testComponentCatalogThemes] : failed - Snapshot "IdentityStrip.night" does not match reference.
2026-09-30T20:53:36.6690050Z 
2026-09-30T20:53:36.6690120Z @−
2026-09-30T20:53:36.6690660Z "file:///Users/runner/work/creator-platform/creator-platform/apps/ios/Tests/QelvoraUITests/__Snapshots__/NativeSnapshotTests/testComponentCatalogThemes.IdentityStrip-night.png"
2026-09-30T20:53:36.6691260Z @+
2026-09-30T20:53:36.6691770Z "file:///Users/runner/work/creator-platform/creator-platform/artifacts/ios/snapshot-diffs/NativeSnapshotTests/testComponentCatalogThemes.IdentityStrip-night.png"
2026-09-30T20:53:36.6692290Z 
2026-09-30T20:53:36.6692490Z To configure output for a custom diff tool, use 'withSnapshotTesting'. For example:
2026-09-30T20:53:36.6692750Z 
2026-09-30T20:53:36.6692830Z     withSnapshotTesting(diffTool: .ksdiff) {
2026-09-30T20:53:36.6693050Z       // ...
2026-09-30T20:53:36.6693190Z     }
2026-09-30T20:53:36.6693260Z 
2026-09-30T20:53:36.6693360Z Newly-taken snapshot does not match reference.
2026-09-30T20:53:36.6694220Z /Users/runner/work/creator-platform/creator-platform/apps/ios/Tests/QelvoraUITests/NativeSnapshotTests.swift:60: error: -[QelvoraUITests.NativeSnapshotTests testComponentCatalogThemes] : failed - Snapshot "ThreadHeader.night" does not match reference.
2026-09-30T20:53:36.6694970Z 
2026-09-30T20:53:36.6695040Z @−
2026-09-30T20:53:36.6695600Z "file:///Users/runner/work/creator-platform/creator-platform/apps/ios/Tests/QelvoraUITests/__Snapshots__/NativeSnapshotTests/testComponentCatalogThemes.ThreadHeader-night.png"
2026-09-30T20:53:36.6696200Z @+
2026-09-30T20:53:36.6696840Z "file:///Users/runner/work/creator-platform/creator-platform/artifacts/ios/snapshot-diffs/NativeSnapshotTests/testComponentCatalogThemes.ThreadHeader-night.png"
2026-09-30T20:53:36.6697370Z 
2026-09-30T20:53:36.6697560Z To configure output for a custom diff tool, use 'withSnapshotTesting'. For example:
2026-09-30T20:53:36.6697830Z 
2026-09-30T20:53:36.6697920Z     withSnapshotTesting(diffTool: .ksdiff) {
2026-09-30T20:53:36.6698140Z       // ...
2026-09-30T20:53:36.6698270Z     }
2026-09-30T20:53:36.6698350Z 
2026-09-30T20:53:36.6698450Z Newly-taken snapshot does not match reference.
2026-09-30T20:53:36.6699300Z /Users/runner/work/creator-platform/creator-platform/apps/ios/Tests/QelvoraUITests/NativeSnapshotTests.swift:60: error: -[QelvoraUITests.NativeSnapshotTests testComponentCatalogThemes] : failed - Snapshot "SignedMarker.night" does not match reference.
2026-09-30T20:53:36.6700070Z 
2026-09-30T20:53:36.6700140Z @−
2026-09-30T20:53:36.6700680Z "file:///Users/runner/work/creator-platform/creator-platform/apps/ios/Tests/QelvoraUITests/__Snapshots__/NativeSnapshotTests/testComponentCatalogThemes.SignedMarker-night.png"
2026-09-30T20:53:36.6701270Z @+
2026-09-30T20:53:36.6701770Z "file:///Users/runner/work/creator-platform/creator-platform/artifacts/ios/snapshot-diffs/NativeSnapshotTests/testComponentCatalogThemes.SignedMarker-night.png"
2026-09-30T20:53:36.6702290Z 
2026-09-30T20:53:36.6702490Z To configure output for a custom diff tool, use 'withSnapshotTesting'. For example:
2026-09-30T20:53:36.6702780Z 
2026-09-30T20:53:36.6702960Z     withSnapshotTesting(diffTool: .ksdiff) {
2026-09-30T20:53:36.6703210Z       // ...
2026-09-30T20:53:36.6703350Z     }
2026-09-30T20:53:36.6703420Z 
2026-09-30T20:53:36.6703510Z Newly-taken snapshot does not match reference.
2026-09-30T20:53:36.6704470Z /Users/runner/work/creator-platform/creator-platform/apps/ios/Tests/QelvoraUITests/NativeSnapshotTests.swift:60: error: -[QelvoraUITests.NativeSnapshotTests testComponentCatalogThemes] : failed - Snapshot "SystemLine.night" does not match reference.
2026-09-30T20:53:36.6705260Z 
2026-09-30T20:53:36.6705320Z @−
2026-09-30T20:53:36.6705850Z "file:///Users/runner/work/creator-platform/creator-platform/apps/ios/Tests/QelvoraUITests/__Snapshots__/NativeSnapshotTests/testComponentCatalogThemes.SystemLine-night.png"
2026-09-30T20:53:36.6706530Z @+
2026-09-30T20:53:36.6707020Z "file:///Users/runner/work/creator-platform/creator-platform/artifacts/ios/snapshot-diffs/NativeSnapshotTests/testComponentCatalogThemes.SystemLine-night.png"
2026-09-30T20:53:36.6707530Z 
2026-09-30T20:53:36.6707710Z To configure output for a custom diff tool, use 'withSnapshotTesting'. For example:
2026-09-30T20:53:36.6707970Z 
2026-09-30T20:53:36.6708050Z     withSnapshotTesting(diffTool: .ksdiff) {
2026-09-30T20:53:36.6708250Z       // ...
2026-09-30T20:53:36.6708370Z     }
2026-09-30T20:53:36.6708440Z 
2026-09-30T20:53:36.6708520Z Newly-taken snapshot does not match reference.
2026-09-30T20:53:36.6709350Z /Users/runner/work/creator-platform/creator-platform/apps/ios/Tests/QelvoraUITests/NativeSnapshotTests.swift:60: error: -[QelvoraUITests.NativeSnapshotTests testComponentCatalogThemes] : failed - Snapshot "Message.night" does not match reference.
2026-09-30T20:53:36.6710100Z 
2026-09-30T20:53:36.6710160Z @−
2026-09-30T20:53:36.6710680Z "file:///Users/runner/work/creator-platform/creator-platform/apps/ios/Tests/QelvoraUITests/__Snapshots__/NativeSnapshotTests/testComponentCatalogThemes.Message-night.png"
2026-09-30T20:53:36.6711410Z @+
2026-09-30T20:53:36.6711910Z "file:///Users/runner/work/creator-platform/creator-platform/artifacts/ios/snapshot-diffs/NativeSnapshotTests/testComponentCatalogThemes.Message-night.png"
2026-09-30T20:53:36.6712410Z 
2026-09-30T20:53:36.6712580Z To configure output for a custom diff tool, use 'withSnapshotTesting'. For example:
2026-09-30T20:53:36.6712840Z 
2026-09-30T20:53:36.6712920Z     withSnapshotTesting(diffTool: .ksdiff) {
2026-09-30T20:53:36.6713120Z       // ...
2026-09-30T20:53:36.6713250Z     }
2026-09-30T20:53:36.6713310Z 
2026-09-30T20:53:36.6713480Z Newly-taken snapshot does not match reference.
2026-09-30T20:53:36.6714310Z /Users/runner/work/creator-platform/creator-platform/apps/ios/Tests/QelvoraUITests/NativeSnapshotTests.swift:60: error: -[QelvoraUITests.NativeSnapshotTests testComponentCatalogThemes] : failed - Snapshot "Note.night" does not match reference.
2026-09-30T20:53:36.6715060Z 
2026-09-30T20:53:36.6715120Z @−
2026-09-30T20:53:36.6715630Z "file:///Users/runner/work/creator-platform/creator-platform/apps/ios/Tests/QelvoraUITests/__Snapshots__/NativeSnapshotTests/testComponentCatalogThemes.Note-night.png"
2026-09-30T20:53:36.6716200Z @+
2026-09-30T20:53:36.6716660Z "file:///Users/runner/work/creator-platform/creator-platform/artifacts/ios/snapshot-diffs/NativeSnapshotTests/testComponentCatalogThemes.Note-night.png"
2026-09-30T20:53:36.6717140Z 
2026-09-30T20:53:36.6717310Z To configure output for a custom diff tool, use 'withSnapshotTesting'. For example:
2026-09-30T20:53:36.6717570Z 
2026-09-30T20:53:36.6717650Z     withSnapshotTesting(diffTool: .ksdiff) {
2026-09-30T20:53:36.6717850Z       // ...
2026-09-30T20:53:36.6717970Z     }
2026-09-30T20:53:36.6718040Z 
2026-09-30T20:53:36.6718120Z Newly-taken snapshot does not match reference.
2026-09-30T20:53:36.6718970Z /Users/runner/work/creator-platform/creator-platform/apps/ios/Tests/QelvoraUITests/NativeSnapshotTests.swift:60: error: -[QelvoraUITests.NativeSnapshotTests testComponentCatalogThemes] : failed - Snapshot "ReactionChip.night" does not match reference.
2026-09-30T20:53:36.6719730Z 
2026-09-30T20:53:36.6719790Z @−
2026-09-30T20:53:36.6720320Z "file:///Users/runner/work/creator-platform/creator-platform/apps/ios/Tests/QelvoraUITests/__Snapshots__/NativeSnapshotTests/testComponentCatalogThemes.ReactionChip-night.png"
2026-09-30T20:53:36.6720920Z @+
2026-09-30T20:53:36.6721420Z "file:///Users/runner/work/creator-platform/creator-platform/artifacts/ios/snapshot-diffs/NativeSnapshotTests/testComponentCatalogThemes.ReactionChip-night.png"
2026-09-30T20:53:36.6721930Z 
2026-09-30T20:53:36.6722110Z To configure output for a custom diff tool, use 'withSnapshotTesting'. For example:
2026-09-30T20:53:36.6722370Z 
2026-09-30T20:53:36.6722450Z     withSnapshotTesting(diffTool: .ksdiff) {
2026-09-30T20:53:36.6722950Z       // ...
2026-09-30T20:53:36.6723060Z     }
2026-09-30T20:53:36.6723130Z 
2026-09-30T20:53:36.6723220Z Newly-taken snapshot does not match reference.
2026-09-30T20:53:36.6724060Z /Users/runner/work/creator-platform/creator-platform/apps/ios/Tests/QelvoraUITests/NativeSnapshotTests.swift:60: error: -[QelvoraUITests.NativeSnapshotTests testComponentCatalogThemes] : failed - Snapshot "CitationChip.night" does not match reference.
2026-09-30T20:53:36.6724810Z 
2026-09-30T20:53:36.6724870Z @−
2026-09-30T20:53:36.6725410Z "file:///Users/runner/work/creator-platform/creator-platform/apps/ios/Tests/QelvoraUITests/__Snapshots__/NativeSnapshotTests/testComponentCatalogThemes.CitationChip-night.png"
2026-09-30T20:53:36.6726000Z @+
2026-09-30T20:53:36.6726500Z "file:///Users/runner/work/creator-platform/creator-platform/artifacts/ios/snapshot-diffs/NativeSnapshotTests/testComponentCatalogThemes.CitationChip-night.png"
2026-09-30T20:53:36.6727010Z 
2026-09-30T20:53:36.6727190Z To configure output for a custom diff tool, use 'withSnapshotTesting'. For example:
2026-09-30T20:53:36.6727440Z 
2026-09-30T20:53:36.6727530Z     withSnapshotTesting(diffTool: .ksdiff) {
2026-09-30T20:53:36.6727730Z       // ...
2026-09-30T20:53:36.6727850Z     }
2026-09-30T20:53:36.6727910Z 
2026-09-30T20:53:36.6728000Z Newly-taken snapshot does not match reference.
2026-09-30T20:53:36.6728830Z /Users/runner/work/creator-platform/creator-platform/apps/ios/Tests/QelvoraUITests/NativeSnapshotTests.swift:60: error: -[QelvoraUITests.NativeSnapshotTests testComponentCatalogThemes] : failed - Snapshot "MemoryChip.night" does not match reference.
2026-09-30T20:53:36.6729580Z 
2026-09-30T20:53:36.6729640Z @−
2026-09-30T20:53:36.6730270Z "file:///Users/runner/work/creator-platform/creator-platform/apps/ios/Tests/QelvoraUITests/__Snapshots__/NativeSnapshotTests/testComponentCatalogThemes.MemoryChip-night.png"
2026-09-30T20:53:36.6730860Z @+
2026-09-30T20:53:36.6731350Z "file:///Users/runner/work/creator-platform/creator-platform/artifacts/ios/snapshot-diffs/NativeSnapshotTests/testComponentCatalogThemes.MemoryChip-night.png"
2026-09-30T20:53:36.6731860Z 
2026-09-30T20:53:36.6732030Z To configure output for a custom diff tool, use 'withSnapshotTesting'. For example:
2026-09-30T20:53:36.6732290Z 
2026-09-30T20:53:36.6732370Z     withSnapshotTesting(diffTool: .ksdiff) {
2026-09-30T20:53:36.6732570Z       // ...
2026-09-30T20:53:36.6732700Z     }
2026-09-30T20:53:36.6732770Z 
2026-09-30T20:53:36.6732860Z Newly-taken snapshot does not match reference.
2026-09-30T20:53:36.6733690Z /Users/runner/work/creator-platform/creator-platform/apps/ios/Tests/QelvoraUITests/NativeSnapshotTests.swift:60: error: -[QelvoraUITests.NativeSnapshotTests testComponentCatalogThemes] : failed - Snapshot "Correction.night" does not match reference.
2026-09-30T20:53:36.6734490Z 
2026-09-30T20:53:36.6734570Z @−
2026-09-30T20:53:36.6735180Z "file:///Users/runner/work/creator-platform/creator-platform/apps/ios/Tests/QelvoraUITests/__Snapshots__/NativeSnapshotTests/testComponentCatalogThemes.Correction-night.png"
2026-09-30T20:53:36.6735780Z @+
2026-09-30T20:53:36.6736260Z "file:///Users/runner/work/creator-platform/creator-platform/artifacts/ios/snapshot-diffs/NativeSnapshotTests/testComponentCatalogThemes.Correction-night.png"
2026-09-30T20:53:36.6736760Z 
2026-09-30T20:53:36.6736940Z To configure output for a custom diff tool, use 'withSnapshotTesting'. For example:
2026-09-30T20:53:36.6737200Z 
2026-09-30T20:53:36.6737280Z     withSnapshotTesting(diffTool: .ksdiff) {
2026-09-30T20:53:36.6737480Z       // ...
2026-09-30T20:53:36.6737600Z     }
2026-09-30T20:53:36.6737670Z 
2026-09-30T20:53:36.6737760Z Newly-taken snapshot does not match reference.
2026-09-30T20:53:36.6738590Z /Users/runner/work/creator-platform/creator-platform/apps/ios/Tests/QelvoraUITests/NativeSnapshotTests.swift:60: error: -[QelvoraUITests.NativeSnapshotTests testComponentCatalogThemes] : failed - Snapshot "ContextCard.night" does not match reference.
2026-09-30T20:53:36.6739350Z 
2026-09-30T20:53:36.6739490Z @−
2026-09-30T20:53:36.6740050Z "file:///Users/runner/work/creator-platform/creator-platform/apps/ios/Tests/QelvoraUITests/__Snapshots__/NativeSnapshotTests/testComponentCatalogThemes.ContextCard-night.png"
2026-09-30T20:53:36.6740720Z @+
2026-09-30T20:53:36.6741210Z "file:///Users/runner/work/creator-platform/creator-platform/artifacts/ios/snapshot-diffs/NativeSnapshotTests/testComponentCatalogThemes.ContextCard-night.png"
2026-09-30T20:53:36.6741740Z 
2026-09-30T20:53:36.6741940Z To configure output for a custom diff tool, use 'withSnapshotTesting'. For example:
2026-09-30T20:53:36.6742200Z 
2026-09-30T20:53:36.6742280Z     withSnapshotTesting(diffTool: .ksdiff) {
2026-09-30T20:53:36.6742480Z       // ...
2026-09-30T20:53:36.6742600Z     }
2026-09-30T20:53:36.6742670Z 
2026-09-30T20:53:36.6742760Z Newly-taken snapshot does not match reference.
2026-09-30T20:53:36.6743610Z /Users/runner/work/creator-platform/creator-platform/apps/ios/Tests/QelvoraUITests/NativeSnapshotTests.swift:60: error: -[QelvoraUITests.NativeSnapshotTests testComponentCatalogThemes] : failed - Snapshot "VoiceNote.night" does not match reference.
2026-09-30T20:53:36.6744540Z 
2026-09-30T20:53:36.6744660Z @−
2026-09-30T20:53:36.6745210Z "file:///Users/runner/work/creator-platform/creator-platform/apps/ios/Tests/QelvoraUITests/__Snapshots__/NativeSnapshotTests/testComponentCatalogThemes.VoiceNote-night.png"
2026-09-30T20:53:36.6745800Z @+
2026-09-30T20:53:36.6746620Z "file:///Users/runner/work/creator-platform/creator-platform/artifacts/ios/snapshot-diffs/NativeSnapshotTests/testComponentCatalogThemes.VoiceNote-night.png"
2026-09-30T20:53:36.6747180Z 
2026-09-30T20:53:36.6747380Z To configure output for a custom diff tool, use 'withSnapshotTesting'. For example:
2026-09-30T20:53:36.6747640Z 
2026-09-30T20:53:36.6748020Z     withSnapshotTesting(diffTool: .ksdiff) {
2026-09-30T20:53:36.6748240Z       // ...
2026-09-30T20:53:36.6748360Z     }
2026-09-30T20:53:36.6748430Z 
2026-09-30T20:53:36.6748530Z Newly-taken snapshot does not match reference.
2026-09-30T20:53:36.6749390Z /Users/runner/work/creator-platform/creator-platform/apps/ios/Tests/QelvoraUITests/NativeSnapshotTests.swift:60: error: -[QelvoraUITests.NativeSnapshotTests testComponentCatalogThemes] : failed - Snapshot "Composer.night" does not match reference.
2026-09-30T20:53:36.6750150Z 
2026-09-30T20:53:36.6750260Z @−
2026-09-30T20:53:36.6750830Z "file:///Users/runner/work/creator-platform/creator-platform/apps/ios/Tests/QelvoraUITests/__Snapshots__/NativeSnapshotTests/testComponentCatalogThemes.Composer-night.png"
2026-09-30T20:53:36.6751480Z @+
2026-09-30T20:53:36.6752040Z "file:///Users/runner/work/creator-platform/creator-platform/artifacts/ios/snapshot-diffs/NativeSnapshotTests/testComponentCatalogThemes.Composer-night.png"
2026-09-30T20:53:36.6752540Z 
2026-09-30T20:53:36.6752730Z To configure output for a custom diff tool, use 'withSnapshotTesting'. For example:
2026-09-30T20:53:36.6753040Z 
2026-09-30T20:53:36.6753130Z     withSnapshotTesting(diffTool: .ksdiff) {
2026-09-30T20:53:36.6753350Z       // ...
2026-09-30T20:53:36.6753500Z     }
2026-09-30T20:53:36.6753590Z 
2026-09-30T20:53:36.6753700Z Newly-taken snapshot does not match reference.
2026-09-30T20:53:36.6754570Z /Users/runner/work/creator-platform/creator-platform/apps/ios/Tests/QelvoraUITests/NativeSnapshotTests.swift:60: error: -[QelvoraUITests.NativeSnapshotTests testComponentCatalogThemes] : failed - Snapshot "StepIn.night" does not match reference.
2026-09-30T20:53:36.6755310Z 
2026-09-30T20:53:36.6755370Z @−
2026-09-30T20:53:36.6755880Z "file:///Users/runner/work/creator-platform/creator-platform/apps/ios/Tests/QelvoraUITests/__Snapshots__/NativeSnapshotTests/testComponentCatalogThemes.StepIn-night.png"
2026-09-30T20:53:36.6756460Z @+
2026-09-30T20:53:36.6756930Z "file:///Users/runner/work/creator-platform/creator-platform/artifacts/ios/snapshot-diffs/NativeSnapshotTests/testComponentCatalogThemes.StepIn-night.png"
2026-09-30T20:53:36.6757430Z 
2026-09-30T20:53:36.6757600Z To configure output for a custom diff tool, use 'withSnapshotTesting'. For example:
2026-09-30T20:53:36.6758000Z 
2026-09-30T20:53:36.6758080Z     withSnapshotTesting(diffTool: .ksdiff) {
2026-09-30T20:53:36.6758280Z       // ...
2026-09-30T20:53:36.6758410Z     }
2026-09-30T20:53:36.6758470Z 
2026-09-30T20:53:36.6758560Z Newly-taken snapshot does not match reference.
2026-09-30T20:53:36.6759460Z /Users/runner/work/creator-platform/creator-platform/apps/ios/Tests/QelvoraUITests/NativeSnapshotTests.swift:60: error: -[QelvoraUITests.NativeSnapshotTests testComponentCatalogThemes] : failed - Snapshot "AccessLines.night" does not match reference.
2026-09-30T20:53:36.6760220Z 
2026-09-30T20:53:36.6760280Z @−
2026-09-30T20:53:36.6760870Z "file:///Users/runner/work/creator-platform/creator-platform/apps/ios/Tests/QelvoraUITests/__Snapshots__/NativeSnapshotTests/testComponentCatalogThemes.AccessLines-night.png"
2026-09-30T20:53:36.6761510Z @+
2026-09-30T20:53:36.6762000Z "file:///Users/runner/work/creator-platform/creator-platform/artifacts/ios/snapshot-diffs/NativeSnapshotTests/testComponentCatalogThemes.AccessLines-night.png"
2026-09-30T20:53:36.6762510Z 
2026-09-30T20:53:36.6762690Z To configure output for a custom diff tool, use 'withSnapshotTesting'. For example:
2026-09-30T20:53:36.6762980Z 
2026-09-30T20:53:36.6763070Z     withSnapshotTesting(diffTool: .ksdiff) {
2026-09-30T20:53:36.6763300Z       // ...
2026-09-30T20:53:36.6763430Z     }
2026-09-30T20:53:36.6763510Z 
2026-09-30T20:53:36.6763610Z Newly-taken snapshot does not match reference.
2026-09-30T20:53:36.6764460Z /Users/runner/work/creator-platform/creator-platform/apps/ios/Tests/QelvoraUITests/NativeSnapshotTests.swift:60: error: -[QelvoraUITests.NativeSnapshotTests testComponentCatalogThemes] : failed - Snapshot "ModeList.night" does not match reference.
2026-09-30T20:53:36.6765210Z 
2026-09-30T20:53:36.6765270Z @−
2026-09-30T20:53:36.6765970Z "file:///Users/runner/work/creator-platform/creator-platform/apps/ios/Tests/QelvoraUITests/__Snapshots__/NativeSnapshotTests/testComponentCatalogThemes.ModeList-night.png"
2026-09-30T20:53:36.6766660Z @+
2026-09-30T20:53:36.6767140Z "file:///Users/runner/work/creator-platform/creator-platform/artifacts/ios/snapshot-diffs/NativeSnapshotTests/testComponentCatalogThemes.ModeList-night.png"
2026-09-30T20:53:36.6767640Z 
2026-09-30T20:53:36.6767820Z To configure output for a custom diff tool, use 'withSnapshotTesting'. For example:
2026-09-30T20:53:36.6768080Z 
2026-09-30T20:53:36.6768160Z     withSnapshotTesting(diffTool: .ksdiff) {
2026-09-30T20:53:36.6768360Z       // ...
2026-09-30T20:53:36.6768500Z     }
2026-09-30T20:53:36.6768570Z 
2026-09-30T20:53:36.6768650Z Newly-taken snapshot does not match reference.
2026-09-30T20:53:36.6769500Z /Users/runner/work/creator-platform/creator-platform/apps/ios/Tests/QelvoraUITests/NativeSnapshotTests.swift:60: error: -[QelvoraUITests.NativeSnapshotTests testComponentCatalogThemes] : failed - Snapshot "IncludeList.night" does not match reference.
2026-09-30T20:53:36.6770260Z 
2026-09-30T20:53:36.6770340Z @−
2026-09-30T20:53:36.6770880Z "file:///Users/runner/work/creator-platform/creator-platform/apps/ios/Tests/QelvoraUITests/__Snapshots__/NativeSnapshotTests/testComponentCatalogThemes.IncludeList-night.png"
2026-09-30T20:53:36.6771470Z @+
2026-09-30T20:53:36.6771960Z "file:///Users/runner/work/creator-platform/creator-platform/artifacts/ios/snapshot-diffs/NativeSnapshotTests/testComponentCatalogThemes.IncludeList-night.png"
2026-09-30T20:53:36.6772470Z 
2026-09-30T20:53:36.6772640Z To configure output for a custom diff tool, use 'withSnapshotTesting'. For example:
2026-09-30T20:53:36.6772930Z 
2026-09-30T20:53:36.6773010Z     withSnapshotTesting(diffTool: .ksdiff) {
2026-09-30T20:53:36.6773220Z       // ...
2026-09-30T20:53:36.6773340Z     }
2026-09-30T20:53:36.6773420Z 
2026-09-30T20:53:36.6773510Z Newly-taken snapshot does not match reference.
2026-09-30T20:53:36.6774380Z /Users/runner/work/creator-platform/creator-platform/apps/ios/Tests/QelvoraUITests/NativeSnapshotTests.swift:60: error: -[QelvoraUITests.NativeSnapshotTests testComponentCatalogThemes] : failed - Snapshot "TermsBlock.night" does not match reference.
2026-09-30T20:53:36.6775270Z 
2026-09-30T20:53:36.6775340Z @−
2026-09-30T20:53:36.6775860Z "file:///Users/runner/work/creator-platform/creator-platform/apps/ios/Tests/QelvoraUITests/__Snapshots__/NativeSnapshotTests/testComponentCatalogThemes.TermsBlock-night.png"
2026-09-30T20:53:36.6776450Z @+
2026-09-30T20:53:36.6776940Z "file:///Users/runner/work/creator-platform/creator-platform/artifacts/ios/snapshot-diffs/NativeSnapshotTests/testComponentCatalogThemes.TermsBlock-night.png"
2026-09-30T20:53:36.6777760Z 
2026-09-30T20:53:36.6777990Z To configure output for a custom diff tool, use 'withSnapshotTesting'. For example:
2026-09-30T20:53:36.6778490Z 
2026-09-30T20:53:36.6778600Z     withSnapshotTesting(diffTool: .ksdiff) {
2026-09-30T20:53:36.6778830Z       // ...
2026-09-30T20:53:36.6778960Z     }
2026-09-30T20:53:36.6779020Z 
2026-09-30T20:53:36.6779110Z Newly-taken snapshot does not match reference.
2026-09-30T20:53:36.6779950Z /Users/runner/work/creator-platform/creator-platform/apps/ios/Tests/QelvoraUITests/NativeSnapshotTests.swift:60: error: -[QelvoraUITests.NativeSnapshotTests testComponentCatalogThemes] : failed - Snapshot "EtaLine.night" does not match reference.
2026-09-30T20:53:36.6780830Z 
2026-09-30T20:53:36.6780900Z @−
2026-09-30T20:53:39.2981130Z "file:///Users/runner/work/creator-platform/creator-platform/apps/ios/Tests/QelvoraUITests/__Snapshots__/NativeSnapshotTests/testComponentCatalogThemes.EtaLine-night.png"
2026-09-30T20:53:39.2981810Z @+
2026-09-30T20:53:39.2982310Z "file:///Users/runner/work/creator-platform/creator-platform/artifacts/ios/snapshot-diffs/NativeSnapshotTests/testComponentCatalogThemes.EtaLine-night.png"
2026-09-30T20:53:39.2982820Z 
2026-09-30T20:53:39.2983490Z To configure output for a custom diff tool, use 'withSnapshotTesting'. For example:
2026-09-30T20:53:39.2983780Z 
2026-09-30T20:53:39.2983860Z     withSnapshotTesting(diffTool: .ksdiff) {
2026-09-30T20:53:39.2984080Z       // ...
2026-09-30T20:53:39.2984200Z     }
2026-09-30T20:53:39.2984270Z 
2026-09-30T20:53:39.2984360Z Newly-taken snapshot does not match reference.
2026-09-30T20:53:39.2985220Z /Users/runner/work/creator-platform/creator-platform/apps/ios/Tests/QelvoraUITests/NativeSnapshotTests.swift:60: error: -[QelvoraUITests.NativeSnapshotTests testComponentCatalogThemes] : failed - Snapshot "RequestStatus.night" does not match reference.
2026-09-30T20:53:39.2986010Z 
2026-09-30T20:53:39.2986260Z @−
2026-09-30T20:53:39.2986810Z "file:///Users/runner/work/creator-platform/creator-platform/apps/ios/Tests/QelvoraUITests/__Snapshots__/NativeSnapshotTests/testComponentCatalogThemes.RequestStatus-night.png"
2026-09-30T20:53:39.2987410Z @+
2026-09-30T20:53:39.2987910Z "file:///Users/runner/work/creator-platform/creator-platform/artifacts/ios/snapshot-diffs/NativeSnapshotTests/testComponentCatalogThemes.RequestStatus-night.png"
2026-09-30T20:53:39.2988470Z 
2026-09-30T20:53:39.2988700Z To configure output for a custom diff tool, use 'withSnapshotTesting'. For example:
2026-09-30T20:53:39.2988970Z 
2026-09-30T20:53:39.2989060Z     withSnapshotTesting(diffTool: .ksdiff) {
2026-09-30T20:53:39.2989260Z       // ...
2026-09-30T20:53:39.2989380Z     }
2026-09-30T20:53:39.2989440Z 
2026-09-30T20:53:39.2989550Z Newly-taken snapshot does not match reference.
2026-09-30T20:53:39.2990490Z /Users/runner/work/creator-platform/creator-platform/apps/ios/Tests/QelvoraUITests/NativeSnapshotTests.swift:60: error: -[QelvoraUITests.NativeSnapshotTests testComponentCatalogThemes] : failed - Snapshot "Receipt.night" does not match reference.
2026-09-30T20:53:39.2991320Z 
2026-09-30T20:53:39.2991390Z @−
2026-09-30T20:53:39.2992010Z "file:///Users/runner/work/creator-platform/creator-platform/apps/ios/Tests/QelvoraUITests/__Snapshots__/NativeSnapshotTests/testComponentCatalogThemes.Receipt-night.png"
2026-09-30T20:53:39.2992660Z @+
2026-09-30T20:53:39.2993150Z "file:///Users/runner/work/creator-platform/creator-platform/artifacts/ios/snapshot-diffs/NativeSnapshotTests/testComponentCatalogThemes.Receipt-night.png"
2026-09-30T20:53:39.2993960Z 
2026-09-30T20:53:39.2994170Z To configure output for a custom diff tool, use 'withSnapshotTesting'. For example:
2026-09-30T20:53:39.2994500Z 
2026-09-30T20:53:39.2994590Z     withSnapshotTesting(diffTool: .ksdiff) {
2026-09-30T20:53:39.2994790Z       // ...
2026-09-30T20:53:39.2994910Z     }
2026-09-30T20:53:39.2994990Z 
2026-09-30T20:53:39.2995070Z Newly-taken snapshot does not match reference.
2026-09-30T20:53:39.2996000Z /Users/runner/work/creator-platform/creator-platform/apps/ios/Tests/QelvoraUITests/NativeSnapshotTests.swift:60: error: -[QelvoraUITests.NativeSnapshotTests testComponentCatalogThemes] : failed - Snapshot "SpendLimit.night" does not match reference.
2026-09-30T20:53:39.2996760Z 
2026-09-30T20:53:39.2996850Z @−
2026-09-30T20:53:39.2997490Z "file:///Users/runner/work/creator-platform/creator-platform/apps/ios/Tests/QelvoraUITests/__Snapshots__/NativeSnapshotTests/testComponentCatalogThemes.SpendLimit-night.png"
2026-09-30T20:53:39.2998080Z @+
2026-09-30T20:53:39.2998610Z "file:///Users/runner/work/creator-platform/creator-platform/artifacts/ios/snapshot-diffs/NativeSnapshotTests/testComponentCatalogThemes.SpendLimit-night.png"
2026-09-30T20:53:39.3015540Z 
2026-09-30T20:53:39.3015730Z To configure output for a custom diff tool, use 'withSnapshotTesting'. For example:
2026-09-30T20:53:39.3016030Z 
2026-09-30T20:53:39.3016140Z     withSnapshotTesting(diffTool: .ksdiff) {
2026-09-30T20:53:39.3016350Z       // ...
2026-09-30T20:53:39.3016480Z     }
2026-09-30T20:53:39.3016540Z 
2026-09-30T20:53:39.3016630Z Newly-taken snapshot does not match reference.
2026-09-30T20:53:39.3022310Z /Users/runner/work/creator-platform/creator-platform/apps/ios/Tests/QelvoraUITests/NativeSnapshotTests.swift:60: error: -[QelvoraUITests.NativeSnapshotTests testComponentCatalogThemes] : failed - Snapshot "QueueCard.night" does not match reference.
2026-09-30T20:53:39.3023270Z 
2026-09-30T20:53:39.3023400Z @−
2026-09-30T20:53:39.3023940Z "file:///Users/runner/work/creator-platform/creator-platform/apps/ios/Tests/QelvoraUITests/__Snapshots__/NativeSnapshotTests/testComponentCatalogThemes.QueueCard-night.png"
2026-09-30T20:53:39.3024530Z @+
2026-09-30T20:53:39.3025020Z "file:///Users/runner/work/creator-platform/creator-platform/artifacts/ios/snapshot-diffs/NativeSnapshotTests/testComponentCatalogThemes.QueueCard-night.png"
2026-09-30T20:53:39.3025510Z 
2026-09-30T20:53:39.3025730Z To configure output for a custom diff tool, use 'withSnapshotTesting'. For example:
2026-09-30T20:53:39.3026050Z 
2026-09-30T20:53:39.3026190Z     withSnapshotTesting(diffTool: .ksdiff) {
2026-09-30T20:53:39.3026390Z       // ...
2026-09-30T20:53:39.3026520Z     }
2026-09-30T20:53:39.3026590Z 
2026-09-30T20:53:39.3026670Z Newly-taken snapshot does not match reference.
2026-09-30T20:53:39.3027530Z /Users/runner/work/creator-platform/creator-platform/apps/ios/Tests/QelvoraUITests/NativeSnapshotTests.swift:60: error: -[QelvoraUITests.NativeSnapshotTests testComponentCatalogThemes] : failed - Snapshot "CapacityHeader.night" does not match reference.
2026-09-30T20:53:39.3028300Z 
2026-09-30T20:53:39.3028360Z @−
2026-09-30T20:53:39.3029000Z "file:///Users/runner/work/creator-platform/creator-platform/apps/ios/Tests/QelvoraUITests/__Snapshots__/NativeSnapshotTests/testComponentCatalogThemes.CapacityHeader-night.png"
2026-09-30T20:53:39.3029600Z @+
2026-09-30T20:53:39.3030300Z "file:///Users/runner/work/creator-platform/creator-platform/artifacts/ios/snapshot-diffs/NativeSnapshotTests/testComponentCatalogThemes.CapacityHeader-night.png"
2026-09-30T20:53:39.3030820Z 
2026-09-30T20:53:39.3031000Z To configure output for a custom diff tool, use 'withSnapshotTesting'. For example:
2026-09-30T20:53:39.3031260Z 
2026-09-30T20:53:39.3031340Z     withSnapshotTesting(diffTool: .ksdiff) {
2026-09-30T20:53:39.3031560Z       // ...
2026-09-30T20:53:39.3031680Z     }
2026-09-30T20:53:39.3031750Z 
2026-09-30T20:53:39.3031830Z Newly-taken snapshot does not match reference.
2026-09-30T20:53:39.3033190Z /Users/runner/work/creator-platform/creator-platform/apps/ios/Tests/QelvoraUITests/NativeSnapshotTests.swift:60: error: -[QelvoraUITests.NativeSnapshotTests testComponentCatalogThemes] : failed - Snapshot "LabelPreview.night" does not match reference.
2026-09-30T20:53:39.3033980Z 
2026-09-30T20:53:39.3034080Z @−
2026-09-30T20:53:39.3034650Z "file:///Users/runner/work/creator-platform/creator-platform/apps/ios/Tests/QelvoraUITests/__Snapshots__/NativeSnapshotTests/testComponentCatalogThemes.LabelPreview-night.png"
2026-09-30T20:53:39.3035250Z @+
2026-09-30T20:53:39.3035760Z "file:///Users/runner/work/creator-platform/creator-platform/artifacts/ios/snapshot-diffs/NativeSnapshotTests/testComponentCatalogThemes.LabelPreview-night.png"
2026-09-30T20:53:39.3036280Z 
2026-09-30T20:53:39.3036470Z To configure output for a custom diff tool, use 'withSnapshotTesting'. For example:
2026-09-30T20:53:39.3036730Z 
2026-09-30T20:53:39.3036810Z     withSnapshotTesting(diffTool: .ksdiff) {
2026-09-30T20:53:39.3037030Z       // ...
2026-09-30T20:53:39.3037150Z     }
2026-09-30T20:53:39.3037220Z 
2026-09-30T20:53:39.3037310Z Newly-taken snapshot does not match reference.
2026-09-30T20:53:39.3038170Z /Users/runner/work/creator-platform/creator-platform/apps/ios/Tests/QelvoraUITests/NativeSnapshotTests.swift:60: error: -[QelvoraUITests.NativeSnapshotTests testComponentCatalogThemes] : failed - Snapshot "SigningSheet.night" does not match reference.
2026-09-30T20:53:39.3038930Z 
2026-09-30T20:53:39.3038990Z @−
2026-09-30T20:53:39.3039530Z "file:///Users/runner/work/creator-platform/creator-platform/apps/ios/Tests/QelvoraUITests/__Snapshots__/NativeSnapshotTests/testComponentCatalogThemes.SigningSheet-night.png"
2026-09-30T20:53:39.3040130Z @+
2026-09-30T20:53:39.3040950Z "file:///Users/runner/work/creator-platform/creator-platform/artifacts/ios/snapshot-diffs/NativeSnapshotTests/testComponentCatalogThemes.SigningSheet-night.png"
2026-09-30T20:53:39.3041470Z 
2026-09-30T20:53:39.3041650Z To configure output for a custom diff tool, use 'withSnapshotTesting'. For example:
2026-09-30T20:53:39.3041910Z 
2026-09-30T20:53:39.3042000Z     withSnapshotTesting(diffTool: .ksdiff) {
2026-09-30T20:53:39.3042200Z       // ...
2026-09-30T20:53:39.3042320Z     }
2026-09-30T20:53:39.3042390Z 
2026-09-30T20:53:39.3042470Z Newly-taken snapshot does not match reference.
2026-09-30T20:53:39.3043310Z /Users/runner/work/creator-platform/creator-platform/apps/ios/Tests/QelvoraUITests/NativeSnapshotTests.swift:60: error: -[QelvoraUITests.NativeSnapshotTests testComponentCatalogThemes] : failed - Snapshot "AuditBanner.night" does not match reference.
2026-09-30T20:53:39.3044070Z 
2026-09-30T20:53:39.3044140Z @−
2026-09-30T20:53:39.3044680Z "file:///Users/runner/work/creator-platform/creator-platform/apps/ios/Tests/QelvoraUITests/__Snapshots__/NativeSnapshotTests/testComponentCatalogThemes.AuditBanner-night.png"
2026-09-30T20:53:39.3045270Z @+
2026-09-30T20:53:39.3045770Z "file:///Users/runner/work/creator-platform/creator-platform/artifacts/ios/snapshot-diffs/NativeSnapshotTests/testComponentCatalogThemes.AuditBanner-night.png"
2026-09-30T20:53:39.3046280Z 
2026-09-30T20:53:39.3046460Z To configure output for a custom diff tool, use 'withSnapshotTesting'. For example:
2026-09-30T20:53:39.3046720Z 
2026-09-30T20:53:39.3046800Z     withSnapshotTesting(diffTool: .ksdiff) {
2026-09-30T20:53:39.3047000Z       // ...
2026-09-30T20:53:39.3047120Z     }
2026-09-30T20:53:39.3047190Z 
2026-09-30T20:53:39.3047280Z Newly-taken snapshot does not match reference.
2026-09-30T20:53:39.3048110Z /Users/runner/work/creator-platform/creator-platform/apps/ios/Tests/QelvoraUITests/NativeSnapshotTests.swift:60: error: -[QelvoraUITests.NativeSnapshotTests testComponentCatalogThemes] : failed - Snapshot "SourceRow.night" does not match reference.
2026-09-30T20:53:39.3048860Z 
2026-09-30T20:53:39.3048920Z @−
2026-09-30T20:53:39.3049450Z "file:///Users/runner/work/creator-platform/creator-platform/apps/ios/Tests/QelvoraUITests/__Snapshots__/NativeSnapshotTests/testComponentCatalogThemes.SourceRow-night.png"
2026-09-30T20:53:39.3050180Z @+
2026-09-30T20:53:39.3050660Z "file:///Users/runner/work/creator-platform/creator-platform/artifacts/ios/snapshot-diffs/NativeSnapshotTests/testComponentCatalogThemes.SourceRow-night.png"
2026-09-30T20:53:39.3051160Z 
2026-09-30T20:53:39.3051350Z To configure output for a custom diff tool, use 'withSnapshotTesting'. For example:
2026-09-30T20:53:39.3051610Z 
2026-09-30T20:53:39.3051690Z     withSnapshotTesting(diffTool: .ksdiff) {
2026-09-30T20:53:39.3051900Z       // ...
2026-09-30T20:53:39.3052050Z     }
2026-09-30T20:53:39.3052130Z 
2026-09-30T20:53:39.3052250Z Newly-taken snapshot does not match reference.
2026-09-30T20:53:39.3053280Z /Users/runner/work/creator-platform/creator-platform/apps/ios/Tests/QelvoraUITests/NativeSnapshotTests.swift:60: error: -[QelvoraUITests.NativeSnapshotTests testComponentCatalogThemes] : failed - Snapshot "Button.night" does not match reference.
2026-09-30T20:53:39.3054150Z 
2026-09-30T20:53:39.3054210Z @−
2026-09-30T20:53:39.3054790Z "file:///Users/runner/work/creator-platform/creator-platform/apps/ios/Tests/QelvoraUITests/__Snapshots__/NativeSnapshotTests/testComponentCatalogThemes.Button-night.png"
2026-09-30T20:53:39.3055500Z @+
2026-09-30T20:53:39.3055990Z "file:///Users/runner/work/creator-platform/creator-platform/artifacts/ios/snapshot-diffs/NativeSnapshotTests/testComponentCatalogThemes.Button-night.png"
2026-09-30T20:53:39.3056480Z 
2026-09-30T20:53:39.3056670Z To configure output for a custom diff tool, use 'withSnapshotTesting'. For example:
2026-09-30T20:53:39.3056940Z 
2026-09-30T20:53:39.3057020Z     withSnapshotTesting(diffTool: .ksdiff) {
2026-09-30T20:53:39.3057230Z       // ...
2026-09-30T20:53:39.3057360Z     }
2026-09-30T20:53:39.3057440Z 
2026-09-30T20:53:39.3057540Z Newly-taken snapshot does not match reference.
2026-09-30T20:53:39.3058480Z /Users/runner/work/creator-platform/creator-platform/apps/ios/Tests/QelvoraUITests/NativeSnapshotTests.swift:60: error: -[QelvoraUITests.NativeSnapshotTests testComponentCatalogThemes] : failed - Snapshot "TabBar.night" does not match reference.
2026-09-30T20:53:39.3059240Z 
2026-09-30T20:53:39.3059320Z @−
2026-09-30T20:53:39.3059860Z "file:///Users/runner/work/creator-platform/creator-platform/apps/ios/Tests/QelvoraUITests/__Snapshots__/NativeSnapshotTests/testComponentCatalogThemes.TabBar-night.png"
2026-09-30T20:53:39.3060440Z @+
2026-09-30T20:53:39.3060920Z "file:///Users/runner/work/creator-platform/creator-platform/artifacts/ios/snapshot-diffs/NativeSnapshotTests/testComponentCatalogThemes.TabBar-night.png"
2026-09-30T20:53:39.3061460Z 
2026-09-30T20:53:39.3061640Z To configure output for a custom diff tool, use 'withSnapshotTesting'. For example:
2026-09-30T20:53:39.3061910Z 
2026-09-30T20:53:39.3062000Z     withSnapshotTesting(diffTool: .ksdiff) {
2026-09-30T20:53:39.3062220Z       // ...
2026-09-30T20:53:39.3062350Z     }
2026-09-30T20:53:39.3062430Z 
2026-09-30T20:53:39.3062530Z Newly-taken snapshot does not match reference.
2026-09-30T20:53:39.3063370Z /Users/runner/work/creator-platform/creator-platform/apps/ios/Tests/QelvoraUITests/NativeSnapshotTests.swift:60: error: -[QelvoraUITests.NativeSnapshotTests testComponentCatalogThemes] : failed - Snapshot "Segmented.night" does not match reference.
2026-09-30T20:53:39.3064120Z 
2026-09-30T20:53:39.3064190Z @−
2026-09-30T20:53:39.3064720Z "file:///Users/runner/work/creator-platform/creator-platform/apps/ios/Tests/QelvoraUITests/__Snapshots__/NativeSnapshotTests/testComponentCatalogThemes.Segmented-night.png"
2026-09-30T20:53:39.3065340Z @+
2026-09-30T20:53:39.3065840Z "file:///Users/runner/work/creator-platform/creator-platform/artifacts/ios/snapshot-diffs/NativeSnapshotTests/testComponentCatalogThemes.Segmented-night.png"
2026-09-30T20:53:39.3066340Z 
2026-09-30T20:53:39.3066530Z To configure output for a custom diff tool, use 'withSnapshotTesting'. For example:
2026-09-30T20:53:39.3066800Z 
2026-09-30T20:53:39.3066900Z     withSnapshotTesting(diffTool: .ksdiff) {
2026-09-30T20:53:39.3067240Z       // ...
2026-09-30T20:53:39.3067380Z     }
2026-09-30T20:53:39.3067490Z 
2026-09-30T20:53:39.3067570Z Newly-taken snapshot does not match reference.
2026-09-30T20:53:39.3068420Z /Users/runner/work/creator-platform/creator-platform/apps/ios/Tests/QelvoraUITests/NativeSnapshotTests.swift:60: error: -[QelvoraUITests.NativeSnapshotTests testComponentCatalogThemes] : failed - Snapshot "Notice.night" does not match reference.
2026-09-30T20:53:39.3069170Z 
2026-09-30T20:53:39.3069270Z @−
2026-09-30T20:53:39.3069790Z "file:///Users/runner/work/creator-platform/creator-platform/apps/ios/Tests/QelvoraUITests/__Snapshots__/NativeSnapshotTests/testComponentCatalogThemes.Notice-night.png"
2026-09-30T20:53:39.3070370Z @+
2026-09-30T20:53:39.3070910Z "file:///Users/runner/work/creator-platform/creator-platform/artifacts/ios/snapshot-diffs/NativeSnapshotTests/testComponentCatalogThemes.Notice-night.png"
2026-09-30T20:53:39.3071450Z 
2026-09-30T20:53:39.3071640Z To configure output for a custom diff tool, use 'withSnapshotTesting'. For example:
2026-09-30T20:53:39.3071910Z 
2026-09-30T20:53:39.3071990Z     withSnapshotTesting(diffTool: .ksdiff) {
2026-09-30T20:53:39.3072210Z       // ...
2026-09-30T20:53:39.3072360Z     }
2026-09-30T20:53:39.3072420Z 
2026-09-30T20:53:39.3072520Z Newly-taken snapshot does not match reference.
2026-09-30T20:53:39.3073390Z /Users/runner/work/creator-platform/creator-platform/apps/ios/Tests/QelvoraUITests/NativeSnapshotTests.swift:60: error: -[QelvoraUITests.NativeSnapshotTests testComponentCatalogThemes] : failed - Snapshot "NotificationRow.night" does not match reference.
2026-09-30T20:53:39.3074170Z 
2026-09-30T20:53:39.3074230Z @−
2026-09-30T20:53:39.3074870Z "file:///Users/runner/work/creator-platform/creator-platform/apps/ios/Tests/QelvoraUITests/__Snapshots__/NativeSnapshotTests/testComponentCatalogThemes.NotificationRow-night.png"
2026-09-30T20:53:39.3075500Z @+
2026-09-30T20:53:39.3076130Z "file:///Users/runner/work/creator-platform/creator-platform/artifacts/ios/snapshot-diffs/NativeSnapshotTests/testComponentCatalogThemes.NotificationRow-night.png"
2026-09-30T20:53:39.3076730Z 
2026-09-30T20:53:39.3076930Z To configure output for a custom diff tool, use 'withSnapshotTesting'. For example:
2026-09-30T20:53:39.3077210Z 
2026-09-30T20:53:39.3077370Z     withSnapshotTesting(diffTool: .ksdiff) {
2026-09-30T20:53:39.3077620Z       // ...
2026-09-30T20:53:39.3077760Z     }
2026-09-30T20:53:39.3077840Z 
2026-09-30T20:53:39.3077930Z Newly-taken snapshot does not match reference.
2026-09-30T20:53:39.3078850Z /Users/runner/work/creator-platform/creator-platform/apps/ios/Tests/QelvoraUITests/NativeSnapshotTests.swift:60: error: -[QelvoraUITests.NativeSnapshotTests testComponentCatalogThemes] : failed - Snapshot "EmptyState.night" does not match reference.
2026-09-30T20:53:39.3079680Z 
2026-09-30T20:53:39.3079800Z @−
2026-09-30T20:53:39.3080400Z "file:///Users/runner/work/creator-platform/creator-platform/apps/ios/Tests/QelvoraUITests/__Snapshots__/NativeSnapshotTests/testComponentCatalogThemes.EmptyState-night.png"
2026-09-30T20:53:39.3081010Z @+
2026-09-30T20:53:39.3081530Z "file:///Users/runner/work/creator-platform/creator-platform/artifacts/ios/snapshot-diffs/NativeSnapshotTests/testComponentCatalogThemes.EmptyState-night.png"
2026-09-30T20:53:39.3082030Z 
2026-09-30T20:53:39.3082210Z To configure output for a custom diff tool, use 'withSnapshotTesting'. For example:
2026-09-30T20:53:39.3082470Z 
2026-09-30T20:53:39.3082550Z     withSnapshotTesting(diffTool: .ksdiff) {
2026-09-30T20:53:39.3082750Z       // ...
2026-09-30T20:53:39.3082870Z     }
2026-09-30T20:53:39.3082940Z 
2026-09-30T20:53:39.3083020Z Newly-taken snapshot does not match reference.
2026-09-30T20:53:39.3083860Z /Users/runner/work/creator-platform/creator-platform/apps/ios/Tests/QelvoraUITests/NativeSnapshotTests.swift:60: error: -[QelvoraUITests.NativeSnapshotTests testComponentCatalogThemes] : failed - Snapshot "ShareCard.night" does not match reference.
2026-09-30T20:53:39.3084610Z 
2026-09-30T20:53:39.3084670Z @−
2026-09-30T20:53:39.3085540Z "file:///Users/runner/work/creator-platform/creator-platform/apps/ios/Tests/QelvoraUITests/__Snapshots__/NativeSnapshotTests/testComponentCatalogThemes.ShareCard-night.png"
2026-09-30T20:53:39.3086130Z @+
2026-09-30T20:53:39.3086620Z "file:///Users/runner/work/creator-platform/creator-platform/artifacts/ios/snapshot-diffs/NativeSnapshotTests/testComponentCatalogThemes.ShareCard-night.png"
2026-09-30T20:53:39.3087120Z 
2026-09-30T20:53:39.3087300Z To configure output for a custom diff tool, use 'withSnapshotTesting'. For example:
2026-09-30T20:53:39.3087560Z 
2026-09-30T20:53:39.3087650Z     withSnapshotTesting(diffTool: .ksdiff) {
2026-09-30T20:53:39.3087840Z       // ...
2026-09-30T20:53:39.3087970Z     }
2026-09-30T20:53:39.3088040Z 
2026-09-30T20:53:39.3088120Z Newly-taken snapshot does not match reference.
2026-09-30T20:53:39.3088980Z /Users/runner/work/creator-platform/creator-platform/apps/ios/Tests/QelvoraUITests/NativeSnapshotTests.swift:60: error: -[QelvoraUITests.NativeSnapshotTests testComponentCatalogThemes] : failed - Snapshot "CallChip.night" does not match reference.
2026-09-30T20:53:39.3089740Z 
2026-09-30T20:53:39.3089820Z @−
2026-09-30T20:53:39.3090350Z "file:///Users/runner/work/creator-platform/creator-platform/apps/ios/Tests/QelvoraUITests/__Snapshots__/NativeSnapshotTests/testComponentCatalogThemes.CallChip-night.png"
2026-09-30T20:53:39.3091010Z @+
2026-09-30T20:53:39.3092090Z "file:///Users/runner/work/creator-platform/creator-platform/artifacts/ios/snapshot-diffs/NativeSnapshotTests/testComponentCatalogThemes.CallChip-night.png"
2026-09-30T20:53:39.3092700Z 
2026-09-30T20:53:39.3092950Z To configure output for a custom diff tool, use 'withSnapshotTesting'. For example:
2026-09-30T20:53:39.3093270Z 
2026-09-30T20:53:39.3093360Z     withSnapshotTesting(diffTool: .ksdiff) {
2026-09-30T20:53:39.3093570Z       // ...
2026-09-30T20:53:39.3094060Z     }
2026-09-30T20:53:39.3094190Z 
2026-09-30T20:53:39.3094310Z Newly-taken snapshot does not match reference.
2026-09-30T20:53:39.3095290Z /Users/runner/work/creator-platform/creator-platform/apps/ios/Tests/QelvoraUITests/NativeSnapshotTests.swift:60: error: -[QelvoraUITests.NativeSnapshotTests testComponentCatalogThemes] : failed - Snapshot "ReservedLabel.night" does not match reference.
2026-09-30T20:53:39.3096230Z 
2026-09-30T20:53:39.3096350Z @−
2026-09-30T20:53:39.3096910Z "file:///Users/runner/work/creator-platform/creator-platform/apps/ios/Tests/QelvoraUITests/__Snapshots__/NativeSnapshotTests/testComponentCatalogThemes.ReservedLabel-night.png"
2026-09-30T20:53:39.3097590Z @+
2026-09-30T20:53:39.3098190Z "file:///Users/runner/work/creator-platform/creator-platform/artifacts/ios/snapshot-diffs/NativeSnapshotTests/testComponentCatalogThemes.ReservedLabel-night.png"
2026-09-30T20:53:39.3098720Z 
2026-09-30T20:53:39.3098910Z To configure output for a custom diff tool, use 'withSnapshotTesting'. For example:
2026-09-30T20:53:39.3099200Z 
2026-09-30T20:53:39.3099300Z     withSnapshotTesting(diffTool: .ksdiff) {
2026-09-30T20:53:39.3099520Z       // ...
2026-09-30T20:53:39.3099660Z     }
2026-09-30T20:53:39.3099730Z 
2026-09-30T20:53:39.3099830Z Newly-taken snapshot does not match reference.
2026-09-30T20:53:39.3100730Z /Users/runner/work/creator-platform/creator-platform/apps/ios/Tests/QelvoraUITests/NativeSnapshotTests.swift:60: error: -[QelvoraUITests.NativeSnapshotTests testComponentCatalogThemes] : failed - Snapshot "Countdown.night" does not match reference.
2026-09-30T20:53:39.3101730Z 
2026-09-30T20:53:39.3101820Z @−
2026-09-30T20:53:39.3102380Z "file:///Users/runner/work/creator-platform/creator-platform/apps/ios/Tests/QelvoraUITests/__Snapshots__/NativeSnapshotTests/testComponentCatalogThemes.Countdown-night.png"
2026-09-30T20:53:39.3102960Z @+
2026-09-30T20:53:39.3103460Z "file:///Users/runner/work/creator-platform/creator-platform/artifacts/ios/snapshot-diffs/NativeSnapshotTests/testComponentCatalogThemes.Countdown-night.png"
2026-09-30T20:53:39.3103960Z 
2026-09-30T20:53:39.3104140Z To configure output for a custom diff tool, use 'withSnapshotTesting'. For example:
2026-09-30T20:53:39.3104690Z 
2026-09-30T20:53:39.3104780Z     withSnapshotTesting(diffTool: .ksdiff) {
2026-09-30T20:53:39.3104980Z       // ...
2026-09-30T20:53:39.3105110Z     }
2026-09-30T20:53:39.3105180Z 
2026-09-30T20:53:39.3105260Z Newly-taken snapshot does not match reference.
2026-09-30T20:53:39.3106110Z /Users/runner/work/creator-platform/creator-platform/apps/ios/Tests/QelvoraUITests/NativeSnapshotTests.swift:60: error: -[QelvoraUITests.NativeSnapshotTests testComponentCatalogThemes] : failed - Snapshot "InsteadMenu.night" does not match reference.
2026-09-30T20:53:39.3106870Z 
2026-09-30T20:53:39.3106960Z @−
2026-09-30T20:53:39.3107500Z "file:///Users/runner/work/creator-platform/creator-platform/apps/ios/Tests/QelvoraUITests/__Snapshots__/NativeSnapshotTests/testComponentCatalogThemes.InsteadMenu-night.png"
2026-09-30T20:53:39.3108270Z @+
2026-09-30T20:53:39.3108770Z "file:///Users/runner/work/creator-platform/creator-platform/artifacts/ios/snapshot-diffs/NativeSnapshotTests/testComponentCatalogThemes.InsteadMenu-night.png"
2026-09-30T20:53:39.3109310Z 
2026-09-30T20:53:39.3109490Z To configure output for a custom diff tool, use 'withSnapshotTesting'. For example:
2026-09-30T20:53:39.3109750Z 
2026-09-30T20:53:39.3109830Z     withSnapshotTesting(diffTool: .ksdiff) {
2026-09-30T20:53:39.3110050Z       // ...
2026-09-30T20:53:39.3110180Z     }
2026-09-30T20:53:39.3110240Z 
2026-09-30T20:53:39.3110330Z Newly-taken snapshot does not match reference.
2026-09-30T20:53:40.9253660Z /Users/runner/work/creator-platform/creator-platform/apps/ios/Tests/QelvoraUITests/NativeSnapshotTests.swift:60: error: -[QelvoraUITests.NativeSnapshotTests testComponentCatalogThemes] : failed - Snapshot "TestConsole.night" does not match reference.
2026-09-30T20:53:40.9254790Z 
2026-09-30T20:53:40.9255500Z @−
2026-09-30T20:53:40.9256650Z "file:///Users/runner/work/creator-platform/creator-platform/apps/ios/Tests/QelvoraUITests/__Snapshots__/NativeSnapshotTests/testComponentCatalogThemes.TestConsole-night.png"
2026-09-30T20:53:40.9257340Z @+
2026-09-30T20:53:40.9258160Z "file:///Users/runner/work/creator-platform/creator-platform/artifacts/ios/snapshot-diffs/NativeSnapshotTests/testComponentCatalogThemes.TestConsole-night.png"
2026-09-30T20:53:40.9258710Z 
2026-09-30T20:53:40.9258910Z To configure output for a custom diff tool, use 'withSnapshotTesting'. For example:
2026-09-30T20:53:40.9259190Z 
2026-09-30T20:53:40.9259300Z     withSnapshotTesting(diffTool: .ksdiff) {
2026-09-30T20:53:40.9259530Z       // ...
2026-09-30T20:53:40.9259700Z     }
2026-09-30T20:53:40.9259780Z 
2026-09-30T20:53:40.9259870Z Newly-taken snapshot does not match reference.
2026-09-30T20:53:40.9260760Z /Users/runner/work/creator-platform/creator-platform/apps/ios/Tests/QelvoraUITests/NativeSnapshotTests.swift:60: error: -[QelvoraUITests.NativeSnapshotTests testComponentCatalogThemes] : failed - Snapshot "VersionList.night" does not match reference.
2026-09-30T20:53:40.9261630Z 
2026-09-30T20:53:40.9261770Z @−
2026-09-30T20:53:40.9262340Z "file:///Users/runner/work/creator-platform/creator-platform/apps/ios/Tests/QelvoraUITests/__Snapshots__/NativeSnapshotTests/testComponentCatalogThemes.VersionList-night.png"
2026-09-30T20:53:40.9262990Z @+
2026-09-30T20:53:40.9263510Z "file:///Users/runner/work/creator-platform/creator-platform/artifacts/ios/snapshot-diffs/NativeSnapshotTests/testComponentCatalogThemes.VersionList-night.png"
2026-09-30T20:53:40.9264070Z 
2026-09-30T20:53:40.9264250Z To configure output for a custom diff tool, use 'withSnapshotTesting'. For example:
2026-09-30T20:53:40.9264540Z 
2026-09-30T20:53:40.9264660Z     withSnapshotTesting(diffTool: .ksdiff) {
2026-09-30T20:53:40.9264940Z       // ...
2026-09-30T20:53:40.9265650Z     }
2026-09-30T20:53:40.9265800Z 
2026-09-30T20:53:40.9265950Z Newly-taken snapshot does not match reference.
2026-09-30T20:53:40.9266980Z Context leak detected, CoreAnalytics returned false
2026-09-30T20:53:40.9267880Z /Users/runner/work/creator-platform/creator-platform/apps/ios/Tests/QelvoraUITests/NativeSnapshotTests.swift:60: error: -[QelvoraUITests.NativeSnapshotTests testComponentCatalogThemes] : failed - Snapshot "DigestItem.night" does not match reference.
2026-09-30T20:53:40.9270440Z 
2026-09-30T20:53:40.9270530Z @−
2026-09-30T20:53:40.9271100Z "file:///Users/runner/work/creator-platform/creator-platform/apps/ios/Tests/QelvoraUITests/__Snapshots__/NativeSnapshotTests/testComponentCatalogThemes.DigestItem-night.png"
2026-09-30T20:53:40.9271760Z @+
2026-09-30T20:53:40.9272300Z "file:///Users/runner/work/creator-platform/creator-platform/artifacts/ios/snapshot-diffs/NativeSnapshotTests/testComponentCatalogThemes.DigestItem-night.png"
2026-09-30T20:53:40.9272930Z 
2026-09-30T20:53:40.9273180Z To configure output for a custom diff tool, use 'withSnapshotTesting'. For example:
2026-09-30T20:53:40.9273450Z 
2026-09-30T20:53:40.9273560Z     withSnapshotTesting(diffTool: .ksdiff) {
2026-09-30T20:53:40.9273790Z       // ...
2026-09-30T20:53:40.9273920Z     }
2026-09-30T20:53:40.9274020Z 
2026-09-30T20:53:40.9274140Z Newly-taken snapshot does not match reference.
2026-09-30T20:53:40.9275000Z /Users/runner/work/creator-platform/creator-platform/apps/ios/Tests/QelvoraUITests/NativeSnapshotTests.swift:60: error: -[QelvoraUITests.NativeSnapshotTests testComponentCatalogThemes] : failed - Snapshot "StudioTabBar.night" does not match reference.
2026-09-30T20:53:40.9275790Z 
2026-09-30T20:53:40.9275870Z @−
2026-09-30T20:53:40.9276450Z "file:///Users/runner/work/creator-platform/creator-platform/apps/ios/Tests/QelvoraUITests/__Snapshots__/NativeSnapshotTests/testComponentCatalogThemes.StudioTabBar-night.png"
2026-09-30T20:53:40.9277100Z @+
2026-09-30T20:53:40.9277630Z "file:///Users/runner/work/creator-platform/creator-platform/artifacts/ios/snapshot-diffs/NativeSnapshotTests/testComponentCatalogThemes.StudioTabBar-night.png"
2026-09-30T20:53:40.9278370Z 
2026-09-30T20:53:40.9278680Z To configure output for a custom diff tool, use 'withSnapshotTesting'. For example:
2026-09-30T20:53:40.9278990Z 
2026-09-30T20:53:40.9279100Z     withSnapshotTesting(diffTool: .ksdiff) {
2026-09-30T20:53:40.9279320Z       // ...
2026-09-30T20:53:40.9279460Z     }
2026-09-30T20:53:40.9279570Z 
2026-09-30T20:53:40.9279670Z Newly-taken snapshot does not match reference.
2026-09-30T20:53:40.9280550Z /Users/runner/work/creator-platform/creator-platform/apps/ios/Tests/QelvoraUITests/NativeSnapshotTests.swift:60: error: -[QelvoraUITests.NativeSnapshotTests testComponentCatalogThemes] : failed - Snapshot "Sidebar.night" does not match reference.
2026-09-30T20:53:40.9281360Z 
2026-09-30T20:53:40.9281480Z @−
2026-09-30T20:53:40.9282060Z "file:///Users/runner/work/creator-platform/creator-platform/apps/ios/Tests/QelvoraUITests/__Snapshots__/NativeSnapshotTests/testComponentCatalogThemes.Sidebar-night.png"
2026-09-30T20:53:40.9282680Z @+
2026-09-30T20:53:40.9283210Z "file:///Users/runner/work/creator-platform/creator-platform/artifacts/ios/snapshot-diffs/NativeSnapshotTests/testComponentCatalogThemes.Sidebar-night.png"
2026-09-30T20:53:40.9283760Z 
2026-09-30T20:53:40.9283950Z To configure output for a custom diff tool, use 'withSnapshotTesting'. For example:
2026-09-30T20:53:40.9284230Z 
2026-09-30T20:53:40.9284330Z     withSnapshotTesting(diffTool: .ksdiff) {
2026-09-30T20:53:40.9284550Z       // ...
2026-09-30T20:53:40.9284710Z     }
2026-09-30T20:53:40.9284800Z 
2026-09-30T20:53:40.9284900Z Newly-taken snapshot does not match reference.
2026-09-30T20:53:40.9285780Z /Users/runner/work/creator-platform/creator-platform/apps/ios/Tests/QelvoraUITests/NativeSnapshotTests.swift:60: error: -[QelvoraUITests.NativeSnapshotTests testComponentCatalogThemes] : failed - Snapshot "Sheet.night" does not match reference.
2026-09-30T20:53:40.9286580Z 
2026-09-30T20:53:40.9286670Z @−
2026-09-30T20:53:40.9287230Z "file:///Users/runner/work/creator-platform/creator-platform/apps/ios/Tests/QelvoraUITests/__Snapshots__/NativeSnapshotTests/testComponentCatalogThemes.Sheet-night.png"
2026-09-30T20:53:40.9287840Z @+
2026-09-30T20:53:40.9288340Z "file:///Users/runner/work/creator-platform/creator-platform/artifacts/ios/snapshot-diffs/NativeSnapshotTests/testComponentCatalogThemes.Sheet-night.png"
2026-09-30T20:53:40.9289060Z 
2026-09-30T20:53:40.9289260Z To configure output for a custom diff tool, use 'withSnapshotTesting'. For example:
2026-09-30T20:53:40.9298440Z 
2026-09-30T20:53:40.9298600Z     withSnapshotTesting(diffTool: .ksdiff) {
2026-09-30T20:53:40.9298900Z       // ...
2026-09-30T20:53:40.9299030Z     }
2026-09-30T20:53:40.9299120Z 
2026-09-30T20:53:40.9299220Z Newly-taken snapshot does not match reference.
2026-09-30T20:53:40.9300170Z /Users/runner/work/creator-platform/creator-platform/apps/ios/Tests/QelvoraUITests/NativeSnapshotTests.swift:60: error: -[QelvoraUITests.NativeSnapshotTests testComponentCatalogThemes] : failed - Snapshot "Dialog.night" does not match reference.
2026-09-30T20:53:40.9301020Z 
2026-09-30T20:53:40.9301150Z @−
2026-09-30T20:53:40.9301750Z "file:///Users/runner/work/creator-platform/creator-platform/apps/ios/Tests/QelvoraUITests/__Snapshots__/NativeSnapshotTests/testComponentCatalogThemes.Dialog-night.png"
2026-09-30T20:53:40.9302400Z @+
2026-09-30T20:53:40.9302920Z "file:///Users/runner/work/creator-platform/creator-platform/artifacts/ios/snapshot-diffs/NativeSnapshotTests/testComponentCatalogThemes.Dialog-night.png"
2026-09-30T20:53:40.9303470Z 
2026-09-30T20:53:40.9303690Z To configure output for a custom diff tool, use 'withSnapshotTesting'. For example:
2026-09-30T20:53:40.9304000Z 
2026-09-30T20:53:40.9304110Z     withSnapshotTesting(diffTool: .ksdiff) {
2026-09-30T20:53:40.9304340Z       // ...
2026-09-30T20:53:40.9304500Z     }
2026-09-30T20:53:40.9304580Z 
2026-09-30T20:53:40.9304680Z Newly-taken snapshot does not match reference.
2026-09-30T20:53:40.9305840Z /Users/runner/work/creator-platform/creator-platform/apps/ios/Tests/QelvoraUITests/NativeSnapshotTests.swift:60: error: -[QelvoraUITests.NativeSnapshotTests testComponentCatalogThemes] : failed - Snapshot "Toast.night" does not match reference.
2026-09-30T20:53:40.9306670Z 
2026-09-30T20:53:40.9306750Z @−
2026-09-30T20:53:40.9307320Z "file:///Users/runner/work/creator-platform/creator-platform/apps/ios/Tests/QelvoraUITests/__Snapshots__/NativeSnapshotTests/testComponentCatalogThemes.Toast-night.png"
2026-09-30T20:53:40.9307950Z @+
2026-09-30T20:53:40.9308470Z "file:///Users/runner/work/creator-platform/creator-platform/artifacts/ios/snapshot-diffs/NativeSnapshotTests/testComponentCatalogThemes.Toast-night.png"
2026-09-30T20:53:40.9309020Z 
2026-09-30T20:53:40.9309230Z To configure output for a custom diff tool, use 'withSnapshotTesting'. For example:
2026-09-30T20:53:40.9309540Z 
2026-09-30T20:53:40.9309660Z     withSnapshotTesting(diffTool: .ksdiff) {
2026-09-30T20:53:40.9309890Z       // ...
2026-09-30T20:53:40.9310050Z     }
2026-09-30T20:53:40.9310120Z 
2026-09-30T20:53:40.9310230Z Newly-taken snapshot does not match reference.
2026-09-30T20:53:40.9311170Z /Users/runner/work/creator-platform/creator-platform/apps/ios/Tests/QelvoraUITests/NativeSnapshotTests.swift:57: error: -[QelvoraUITests.NativeSnapshotTests testComponentCatalogThemes] : failed - Snapshot "Skeleton.night" does not match reference.
2026-09-30T20:53:40.9312020Z 
2026-09-30T20:53:40.9312100Z @−
2026-09-30T20:53:40.9312700Z "file:///Users/runner/work/creator-platform/creator-platform/apps/ios/Tests/QelvoraUITests/__Snapshots__/NativeSnapshotTests/testComponentCatalogThemes.Skeleton-night.png"
2026-09-30T20:53:40.9313330Z @+
2026-09-30T20:53:40.9313860Z "file:///Users/runner/work/creator-platform/creator-platform/artifacts/ios/snapshot-diffs/NativeSnapshotTests/testComponentCatalogThemes.Skeleton-night.png"
2026-09-30T20:53:40.9314410Z 
2026-09-30T20:53:40.9314600Z To configure output for a custom diff tool, use 'withSnapshotTesting'. For example:
2026-09-30T20:53:40.9314870Z 
2026-09-30T20:53:40.9314970Z     withSnapshotTesting(diffTool: .ksdiff) {
2026-09-30T20:53:40.9315210Z       // ...
2026-09-30T20:53:40.9315340Z     }
2026-09-30T20:53:40.9315420Z 
2026-09-30T20:53:40.9315510Z Newly-taken snapshot does not match reference.
2026-09-30T20:53:40.9316620Z /Users/runner/work/creator-platform/creator-platform/apps/ios/Tests/QelvoraUITests/NativeSnapshotTests.swift:60: error: -[QelvoraUITests.NativeSnapshotTests testComponentCatalogThemes] : failed - Snapshot "EmailFrame.night" does not match reference.
2026-09-30T20:53:40.9317380Z 
2026-09-30T20:53:40.9317470Z @−
2026-09-30T20:53:40.9318060Z "file:///Users/runner/work/creator-platform/creator-platform/apps/ios/Tests/QelvoraUITests/__Snapshots__/NativeSnapshotTests/testComponentCatalogThemes.EmailFrame-night.png"
2026-09-30T20:53:40.9320300Z @+
2026-09-30T20:53:40.9320810Z "file:///Users/runner/work/creator-platform/creator-platform/artifacts/ios/snapshot-diffs/NativeSnapshotTests/testComponentCatalogThemes.EmailFrame-night.png"
2026-09-30T20:53:40.9321320Z 
2026-09-30T20:53:40.9321510Z To configure output for a custom diff tool, use 'withSnapshotTesting'. For example:
2026-09-30T20:53:40.9321770Z 
2026-09-30T20:53:40.9321860Z     withSnapshotTesting(diffTool: .ksdiff) {
2026-09-30T20:53:40.9322070Z       // ...
2026-09-30T20:53:40.9322190Z     }
2026-09-30T20:53:40.9322260Z 
2026-09-30T20:53:40.9322350Z Newly-taken snapshot does not match reference.
2026-09-30T20:53:40.9322760Z Test Case '-[QelvoraUITests.NativeSnapshotTests testComponentCatalogThemes]' failed (14.258 seconds).
2026-09-30T20:53:40.9323270Z Test Case '-[QelvoraUITests.NativeSnapshotTests testWelcomeThemes]' started.
2026-09-30T20:53:40.9324610Z /Users/runner/work/creator-platform/creator-platform/apps/ios/Tests/QelvoraUITests/NativeSnapshotTests.swift:17: error: -[QelvoraUITests.NativeSnapshotTests testWelcomeThemes] : failed - Snapshot "light" does not match reference.
2026-09-30T20:53:40.9325600Z 
2026-09-30T20:53:40.9325710Z @−
2026-09-30T20:53:40.9326540Z "file:///Users/runner/work/creator-platform/creator-platform/apps/ios/Tests/QelvoraUITests/__Snapshots__/NativeSnapshotTests/testWelcomeThemes.light.png"
2026-09-30T20:53:40.9327230Z @+
2026-09-30T20:53:40.9327660Z "file:///Users/runner/work/creator-platform/creator-platform/artifacts/ios/snapshot-diffs/NativeSnapshotTests/testWelcomeThemes.light.png"
2026-09-30T20:53:40.9328110Z 
2026-09-30T20:53:40.9328310Z To configure output for a custom diff tool, use 'withSnapshotTesting'. For example:
2026-09-30T20:53:40.9328570Z 
2026-09-30T20:53:40.9328650Z     withSnapshotTesting(diffTool: .ksdiff) {
2026-09-30T20:53:40.9328850Z       // ...
2026-09-30T20:53:40.9328970Z     }
2026-09-30T20:53:40.9329040Z 
2026-09-30T20:53:40.9329130Z Newly-taken snapshot does not match reference.
2026-09-30T20:53:40.9329950Z /Users/runner/work/creator-platform/creator-platform/apps/ios/Tests/QelvoraUITests/NativeSnapshotTests.swift:17: error: -[QelvoraUITests.NativeSnapshotTests testWelcomeThemes] : failed - Snapshot "night" does not match reference.
2026-09-30T20:53:40.9330720Z 
2026-09-30T20:53:40.9330790Z @−
2026-09-30T20:53:40.9331260Z "file:///Users/runner/work/creator-platform/creator-platform/apps/ios/Tests/QelvoraUITests/__Snapshots__/NativeSnapshotTests/testWelcomeThemes.night.png"
2026-09-30T20:53:40.9331780Z @+
2026-09-30T20:53:40.9332190Z "file:///Users/runner/work/creator-platform/creator-platform/artifacts/ios/snapshot-diffs/NativeSnapshotTests/testWelcomeThemes.night.png"
2026-09-30T20:53:40.9332620Z 
2026-09-30T20:53:40.9332800Z To configure output for a custom diff tool, use 'withSnapshotTesting'. For example:
2026-09-30T20:53:40.9333060Z 
2026-09-30T20:53:40.9333140Z     withSnapshotTesting(diffTool: .ksdiff) {
2026-09-30T20:53:40.9333340Z       // ...
2026-09-30T20:53:40.9333460Z     }
2026-09-30T20:53:40.9333540Z 
2026-09-30T20:53:40.9333620Z Newly-taken snapshot does not match reference.
2026-09-30T20:53:40.9333990Z Test Case '-[QelvoraUITests.NativeSnapshotTests testWelcomeThemes]' failed (0.259 seconds).
2026-09-30T20:53:40.9334420Z Test Suite 'NativeSnapshotTests' failed at 2026-09-30 20:53:40.798.
2026-09-30T20:53:40.9334790Z 	 Executed 3 tests, with 110 failures (0 unexpected) in 15.782 (15.782) seconds
2026-09-30T20:53:40.9335170Z Test Suite 'QelvoraUITests.xctest' failed at 2026-09-30 20:53:40.798.
2026-09-30T20:53:40.9335700Z 	 Executed 18 tests, with 110 failures (0 unexpected) in 15.787 (15.790) seconds
2026-09-30T20:53:40.9336030Z Test Suite 'All tests' failed at 2026-09-30 20:53:40.798.
2026-09-30T20:53:40.9336360Z 	 Executed 18 tests, with 110 failures (0 unexpected) in 15.787 (15.791) seconds
2026-09-30T20:53:40.9338540Z ◇ Test run started.
2026-09-30T20:53:40.9338770Z ↳ Testing Library Version: 2084
2026-09-30T20:53:40.9339010Z ↳ Target Platform: arm64e-apple-macos14.0
2026-09-30T20:53:40.9339330Z ✔ Test run with 0 tests in 0 suites passed after 0.001 seconds.
2026-09-30T20:53:40.9339600Z Note: Some test targets reported failures:
2026-09-30T20:53:40.9339820Z   - QelvoraUITests (XCTest)
2026-09-30T20:53:40.9360450Z ##[error]Process completed with exit code 1.
2026-09-30T20:53:40.9465180Z ##[group]Run actions/upload-artifact@v4
2026-09-30T20:53:40.9465410Z with:
2026-09-30T20:53:40.9465530Z   name: ios-review
2026-09-30T20:53:40.9465690Z   path: artifacts/ios
2026-09-30T20:53:40.9465870Z   if-no-files-found: warn
2026-09-30T20:53:40.9466060Z   compression-level: 6
2026-09-30T20:53:40.9466220Z   overwrite: false
2026-09-30T20:53:40.9466400Z   include-hidden-files: false
2026-09-30T20:53:40.9466580Z env:
2026-09-30T20:53:40.9466920Z   SNAPSHOT_ARTIFACTS: /Users/runner/work/creator-platform/creator-platform/artifacts/ios/snapshot-diffs
2026-09-30T20:53:40.9467310Z ##[endgroup]
2026-09-30T20:53:41.3719270Z (node:10319) [DEP0040] DeprecationWarning: The `punycode` module is deprecated. Please use a userland alternative instead.
2026-09-30T20:53:41.3719910Z (Use `node --trace-deprecation ...` to show where the warning was created)
2026-09-30T20:53:41.3957160Z With the provided path, there will be 155 files uploaded
2026-09-30T20:53:41.3959750Z Artifact name is valid!
2026-09-30T20:53:41.3960530Z Root directory input is valid!
2026-09-30T20:53:41.7738490Z Beginning upload of artifact content to blob storage
2026-09-30T20:53:42.0524560Z (node:10319) [DEP0169] DeprecationWarning: `url.parse()` behavior is not standardized and prone to errors that have security implications. Use the WHATWG URL API instead. CVEs are not issued for `url.parse()` vulnerabilities.
2026-09-30T20:53:43.0250050Z Uploaded bytes 8388608
2026-09-30T20:53:43.2145790Z Uploaded bytes 11697359
2026-09-30T20:53:43.2868070Z Finished uploading artifact content to blob storage!
2026-09-30T20:53:43.2868950Z SHA256 digest of uploaded artifact zip is 67cfcee452be2f529ea20a91e70a5607ae439c1c5b61587d98e182ed33afa2c2
2026-09-30T20:53:43.2869460Z Finalizing artifact upload
2026-09-30T20:53:43.5833050Z Artifact ios-review.zip successfully finalized. Artifact ID 11125782645
2026-09-30T20:53:43.5833760Z Artifact ios-review has been successfully uploaded! Final size is 11697359 bytes. Artifact ID is 11125782645
2026-09-30T20:53:43.5835740Z Artifact download URL: https://github.com/WangPantopus/creator-platform/actions/runs/36771424019/artifacts/11125782645
2026-09-30T20:53:43.6200110Z Post job cleanup.
2026-09-30T20:53:43.7118340Z [command]/opt/homebrew/bin/git version
2026-09-30T20:53:43.7364890Z git version 2.55.0
2026-09-30T20:53:43.7383800Z Copying '/Users/runner/.gitconfig' to '/Users/runner/work/_temp/9a706caf-8a48-40cc-95d2-bf1120be1229/.gitconfig'
2026-09-30T20:53:43.7391110Z Temporarily overriding HOME='/Users/runner/work/_temp/9a706caf-8a48-40cc-95d2-bf1120be1229' before making global git config changes
2026-09-30T20:53:43.7391960Z Adding repository directory to the temporary git global config as a safe directory
2026-09-30T20:53:43.7395540Z [command]/opt/homebrew/bin/git config --global --add safe.directory /Users/runner/work/creator-platform/creator-platform
2026-09-30T20:53:43.7517820Z [command]/opt/homebrew/bin/git config --local --name-only --get-regexp core\.sshCommand
2026-09-30T20:53:43.7588950Z [command]/opt/homebrew/bin/git submodule foreach --recursive sh -c "git config --local --name-only --get-regexp 'core\.sshCommand' && git config --local --unset-all 'core.sshCommand' || :"
2026-09-30T20:53:43.8490790Z [command]/opt/homebrew/bin/git config --local --name-only --get-regexp http\.https\:\/\/github\.com\/\.extraheader
2026-09-30T20:53:43.8542750Z http.https://github.com/.extraheader
2026-09-30T20:53:43.8550010Z [command]/opt/homebrew/bin/git config --local --unset-all http.https://github.com/.extraheader
2026-09-30T20:53:43.8616940Z [command]/opt/homebrew/bin/git submodule foreach --recursive sh -c "git config --local --name-only --get-regexp 'http\.https\:\/\/github\.com\/\.extraheader' && git config --local --unset-all 'http.https://github.com/.extraheader' || :"
2026-09-30T20:53:43.9438480Z [command]/opt/homebrew/bin/git config --local --name-only --get-regexp ^includeIf\.gitdir:
2026-09-30T20:53:43.9508220Z [command]/opt/homebrew/bin/git submodule foreach --recursive git config --local --show-origin --name-only --get-regexp remote.origin.url
2026-09-30T20:53:44.0394270Z Cleaning up orphan processes
2026-09-30T20:53:46.6958000Z ##[warning]Node.js 20 is deprecated. The following actions target Node.js 20 but are being forced to run on Node.js 24: actions/checkout@v4, actions/upload-artifact@v4. For more information see: https://github.blog/changelog/2025-09-19-deprecation-of-node-20-on-github-actions-runners/
